v -0.450000 0.0203 -1.012800
v -0.450000 0.0203 1.012800
v -0.450000 -0.0203 -1.012800
v -0.450000 -0.0203 1.012800
v -0.450000 0.0203 -1.012800
v -0.450000 0.0203 1.012800
v -0.449996 0.020428 -1.012800
v -0.449985 0.020555 -1.012800
v -0.449967 0.020682 -1.012800
v -0.449941 0.020807 -1.012800
v -0.449908 0.020931 -1.012800
v -0.449867 0.021052 -1.012800
v -0.449820 0.021171 -1.012800
v -0.449766 0.021287 -1.012800
v -0.449705 0.0214 -1.012800
v -0.449638 0.021509 -1.012800
v -0.449565 0.021614 -1.012800
v -0.449485 0.021714 -1.012800
v -0.449400 0.02181 -1.012800
v -0.449310 0.0219 -1.012800
v -0.449214 0.021985 -1.012800
v -0.449114 0.022065 -1.012800
v -0.449009 0.022138 -1.012800
v -0.448900 0.022205 -1.012800
v -0.448787 0.022266 -1.012800
v -0.448671 0.02232 -1.012800
v -0.448552 0.022367 -1.012800
v -0.448431 0.022408 -1.012800
v -0.448307 0.022441 -1.012800
v -0.448182 0.022467 -1.012800
v -0.448055 0.022485 -1.012800
v -0.447928 0.022496 -1.012800
v -0.447800 0.0225 -1.012800
v -0.447800 0.0225 1.012800
v -0.449996 0.020428 1.012800
v -0.449985 0.020555 1.012800
v -0.449967 0.020682 1.012800
v -0.449941 0.020807 1.012800
v -0.449908 0.020931 1.012800
v -0.449867 0.021052 1.012800
v -0.449820 0.021171 1.012800
v -0.449766 0.021287 1.012800
v -0.449705 0.0214 1.012800
v -0.449638 0.021509 1.012800
v -0.449565 0.021614 1.012800
v -0.449485 0.021714 1.012800
v -0.449400 0.02181 1.012800
v -0.449310 0.0219 1.012800
v -0.449214 0.021985 1.012800
v -0.449114 0.022065 1.012800
v -0.449009 0.022138 1.012800
v -0.448900 0.022205 1.012800
v -0.448787 0.022266 1.012800
v -0.448671 0.02232 1.012800
v -0.448552 0.022367 1.012800
v -0.448431 0.022408 1.012800
v -0.448307 0.022441 1.012800
v -0.448182 0.022467 1.012800
v -0.448055 0.022485 1.012800
v -0.447928 0.022496 1.012800
v -0.447800 0.0203 -1.015000
v -0.447928 0.0203 -1.014996
v -0.448055 0.0203 -1.014985
v -0.448182 0.0203 -1.014967
v -0.448307 0.0203 -1.014941
v -0.448431 0.0203 -1.014908
v -0.448552 0.0203 -1.014867
v -0.448671 0.0203 -1.014820
v -0.448787 0.0203 -1.014766
v -0.448900 0.0203 -1.014705
v -0.449009 0.0203 -1.014638
v -0.449114 0.0203 -1.014565
v -0.449214 0.0203 -1.014485
v -0.449310 0.0203 -1.014400
v -0.449400 0.0203 -1.014310
v -0.449485 0.0203 -1.014214
v -0.449565 0.0203 -1.014114
v -0.449638 0.0203 -1.014009
v -0.449705 0.0203 -1.013900
v -0.449766 0.0203 -1.013787
v -0.449820 0.0203 -1.013671
v -0.449867 0.0203 -1.013552
v -0.449908 0.0203 -1.013431
v -0.449941 0.0203 -1.013307
v -0.449967 0.0203 -1.013182
v -0.449985 0.0203 -1.013055
v -0.449996 0.0203 -1.012928
v -0.450000 0.0203 -1.012800
v -0.447800 -0.0203 -1.015000
v -0.447928 -0.0203 -1.014996
v -0.448055 -0.0203 -1.014985
v -0.448182 -0.0203 -1.014967
v -0.448307 -0.0203 -1.014941
v -0.448431 -0.0203 -1.014908
v -0.448552 -0.0203 -1.014867
v -0.448671 -0.0203 -1.014820
v -0.448787 -0.0203 -1.014766
v -0.448900 -0.0203 -1.014705
v -0.449009 -0.0203 -1.014638
v -0.449114 -0.0203 -1.014565
v -0.449214 -0.0203 -1.014485
v -0.449310 -0.0203 -1.014400
v -0.449400 -0.0203 -1.014310
v -0.449485 -0.0203 -1.014214
v -0.449565 -0.0203 -1.014114
v -0.449638 -0.0203 -1.014009
v -0.449705 -0.0203 -1.013900
v -0.449766 -0.0203 -1.013787
v -0.449820 -0.0203 -1.013671
v -0.449867 -0.0203 -1.013552
v -0.449908 -0.0203 -1.013431
v -0.449941 -0.0203 -1.013307
v -0.449967 -0.0203 -1.013182
v -0.449985 -0.0203 -1.013055
v -0.449996 -0.0203 -1.012928
v -0.450000 -0.0203 -1.012800
v -0.447800 0.0203 1.015000
v -0.447928 0.0203 1.014996
v -0.448055 0.0203 1.014985
v -0.448182 0.0203 1.014967
v -0.448307 0.0203 1.014941
v -0.448431 0.0203 1.014908
v -0.448552 0.0203 1.014867
v -0.448671 0.0203 1.014820
v -0.448787 0.0203 1.014766
v -0.448900 0.0203 1.014705
v -0.449009 0.0203 1.014638
v -0.449114 0.0203 1.014565
v -0.449214 0.0203 1.014485
v -0.449310 0.0203 1.014400
v -0.449400 0.0203 1.014310
v -0.449485 0.0203 1.014214
v -0.449565 0.0203 1.014114
v -0.449638 0.0203 1.014009
v -0.449705 0.0203 1.013900
v -0.449766 0.0203 1.013787
v -0.449820 0.0203 1.013671
v -0.449867 0.0203 1.013552
v -0.449908 0.0203 1.013431
v -0.449941 0.0203 1.013307
v -0.449967 0.0203 1.013182
v -0.449985 0.0203 1.013055
v -0.449996 0.0203 1.012928
v -0.450000 0.0203 1.012800
v -0.447800 -0.0203 1.015000
v -0.450000 -0.0203 1.012800
v -0.449996 -0.0203 1.012928
v -0.449985 -0.0203 1.013055
v -0.449967 -0.0203 1.013182
v -0.449941 -0.0203 1.013307
v -0.449908 -0.0203 1.013431
v -0.449867 -0.0203 1.013552
v -0.449820 -0.0203 1.013671
v -0.449766 -0.0203 1.013787
v -0.449705 -0.0203 1.013900
v -0.449638 -0.0203 1.014009
v -0.449565 -0.0203 1.014114
v -0.449485 -0.0203 1.014214
v -0.449400 -0.0203 1.014310
v -0.449310 -0.0203 1.014400
v -0.449214 -0.0203 1.014485
v -0.449114 -0.0203 1.014565
v -0.449009 -0.0203 1.014638
v -0.448900 -0.0203 1.014705
v -0.448787 -0.0203 1.014766
v -0.448671 -0.0203 1.014820
v -0.448552 -0.0203 1.014867
v -0.448431 -0.0203 1.014908
v -0.448307 -0.0203 1.014941
v -0.448182 -0.0203 1.014967
v -0.448055 -0.0203 1.014985
v -0.447928 -0.0203 1.014996
v -0.450000 -0.0203 -1.012800
v -0.450000 -0.0203 1.012800
v -0.449996 -0.020428 -1.012800
v -0.449985 -0.020555 -1.012800
v -0.449967 -0.020682 -1.012800
v -0.449941 -0.020807 -1.012800
v -0.449908 -0.020931 -1.012800
v -0.449867 -0.021052 -1.012800
v -0.449820 -0.021171 -1.012800
v -0.449766 -0.021287 -1.012800
v -0.449705 -0.0214 -1.012800
v -0.449638 -0.021509 -1.012800
v -0.449565 -0.021614 -1.012800
v -0.449485 -0.021714 -1.012800
v -0.449400 -0.02181 -1.012800
v -0.449310 -0.0219 -1.012800
v -0.449214 -0.021985 -1.012800
v -0.449114 -0.022065 -1.012800
v -0.449009 -0.022138 -1.012800
v -0.448900 -0.022205 -1.012800
v -0.448787 -0.022266 -1.012800
v -0.448671 -0.02232 -1.012800
v -0.448552 -0.022367 -1.012800
v -0.448431 -0.022408 -1.012800
v -0.448307 -0.022441 -1.012800
v -0.448182 -0.022467 -1.012800
v -0.448055 -0.022485 -1.012800
v -0.447928 -0.022496 -1.012800
v -0.447800 -0.0225 -1.012800
v -0.447800 -0.0225 1.012800
v -0.447928 -0.022496 1.012800
v -0.448055 -0.022485 1.012800
v -0.448182 -0.022467 1.012800
v -0.448307 -0.022441 1.012800
v -0.448431 -0.022408 1.012800
v -0.448552 -0.022367 1.012800
v -0.448671 -0.02232 1.012800
v -0.448787 -0.022266 1.012800
v -0.448900 -0.022205 1.012800
v -0.449009 -0.022138 1.012800
v -0.449114 -0.022065 1.012800
v -0.449214 -0.021985 1.012800
v -0.449310 -0.0219 1.012800
v -0.449400 -0.02181 1.012800
v -0.449485 -0.021714 1.012800
v -0.449565 -0.021614 1.012800
v -0.449638 -0.021509 1.012800
v -0.449705 -0.0214 1.012800
v -0.449766 -0.021287 1.012800
v -0.449820 -0.021171 1.012800
v -0.449867 -0.021052 1.012800
v -0.449908 -0.020931 1.012800
v -0.449941 -0.020807 1.012800
v -0.449967 -0.020682 1.012800
v -0.449985 -0.020555 1.012800
v -0.449996 -0.020428 1.012800
v -0.447800 0.0203 -1.015000
v -0.447928 0.0203 -1.014996
v -0.448055 0.0203 -1.014985
v -0.448182 0.0203 -1.014967
v -0.448307 0.0203 -1.014941
v -0.448431 0.0203 -1.014908
v -0.448552 0.0203 -1.014867
v -0.448671 0.0203 -1.014820
v -0.448787 0.0203 -1.014766
v -0.448900 0.0203 -1.014705
v -0.449009 0.0203 -1.014638
v -0.449114 0.0203 -1.014565
v -0.449214 0.0203 -1.014485
v -0.449310 0.0203 -1.014400
v -0.449400 0.0203 -1.014310
v -0.449485 0.0203 -1.014214
v -0.449565 0.0203 -1.014114
v -0.449638 0.0203 -1.014009
v -0.449705 0.0203 -1.013900
v -0.449766 0.0203 -1.013787
v -0.449820 0.0203 -1.013671
v -0.449867 0.0203 -1.013552
v -0.449908 0.0203 -1.013431
v -0.449941 0.0203 -1.013307
v -0.449967 0.0203 -1.013182
v -0.449985 0.0203 -1.013055
v -0.449996 0.0203 -1.012928
v -0.450000 0.0203 -1.012800
v -0.447800 0.0203 -1.015000
v -0.447800 0.020428 -1.014996
v -0.447800 0.020555 -1.014985
v -0.447800 0.020682 -1.014967
v -0.447800 0.020807 -1.014941
v -0.447800 0.020931 -1.014908
v -0.447800 0.021052 -1.014867
v -0.447800 0.021171 -1.014820
v -0.447800 0.021287 -1.014766
v -0.447800 0.0214 -1.014705
v -0.447800 0.021509 -1.014638
v -0.447800 0.021614 -1.014565
v -0.447800 0.021714 -1.014485
v -0.447800 0.02181 -1.014400
v -0.447800 0.0219 -1.014310
v -0.447800 0.021985 -1.014214
v -0.447800 0.022065 -1.014114
v -0.447800 0.022138 -1.014009
v -0.447800 0.022205 -1.013900
v -0.447800 0.022266 -1.013787
v -0.447800 0.02232 -1.013671
v -0.447800 0.022367 -1.013552
v -0.447800 0.022408 -1.013431
v -0.447800 0.022441 -1.013307
v -0.447800 0.022467 -1.013182
v -0.447800 0.022485 -1.013055
v -0.447800 0.022496 -1.012928
v -0.447800 0.0225 -1.012800
v -0.449996 0.020428 -1.012800
v -0.449985 0.020555 -1.012800
v -0.449967 0.020682 -1.012800
v -0.449941 0.020807 -1.012800
v -0.449908 0.020931 -1.012800
v -0.449867 0.021052 -1.012800
v -0.449820 0.021171 -1.012800
v -0.449766 0.021287 -1.012800
v -0.449705 0.0214 -1.012800
v -0.449638 0.021509 -1.012800
v -0.449565 0.021614 -1.012800
v -0.449485 0.021714 -1.012800
v -0.449400 0.02181 -1.012800
v -0.449310 0.0219 -1.012800
v -0.449214 0.021985 -1.012800
v -0.449114 0.022065 -1.012800
v -0.449009 0.022138 -1.012800
v -0.448900 0.022205 -1.012800
v -0.448787 0.022266 -1.012800
v -0.448671 0.02232 -1.012800
v -0.448552 0.022367 -1.012800
v -0.448431 0.022408 -1.012800
v -0.448307 0.022441 -1.012800
v -0.448182 0.022467 -1.012800
v -0.448055 0.022485 -1.012800
v -0.447928 0.022496 -1.012800
v -0.447950 0.020305 -1.014995
v -0.447949 0.020315 -1.014995
v -0.447948 0.020326 -1.014995
v -0.448099 0.02032 -1.014980
v -0.447946 0.020336 -1.014995
v -0.448097 0.020341 -1.014980
v -0.448247 0.020315 -1.014954
v -0.447943 0.020345 -1.014995
v -0.448093 0.020361 -1.014980
v -0.448245 0.020346 -1.014954
v -0.447940 0.020355 -1.014995
v -0.448088 0.020381 -1.014980
v -0.448241 0.020376 -1.014954
v -0.448392 0.020341 -1.014918
v -0.447936 0.020364 -1.014995
v -0.448082 0.0204 -1.014980
v -0.448235 0.020406 -1.014954
v -0.448388 0.020381 -1.014918
v -0.447931 0.020374 -1.014995
v -0.448536 0.020325 -1.014873
v -0.448075 0.020419 -1.014980
v -0.448227 0.020435 -1.014954
v -0.448381 0.020421 -1.014918
v -0.447926 0.020382 -1.014995
v -0.448533 0.020375 -1.014873
v -0.448066 0.020438 -1.014980
v -0.448216 0.020464 -1.014954
v -0.448372 0.02046 -1.014918
v -0.447920 0.020391 -1.014995
v -0.448526 0.020425 -1.014873
v -0.448056 0.020456 -1.014980
v -0.448674 0.02036 -1.014818
v -0.448204 0.020492 -1.014954
v -0.448359 0.020499 -1.014918
v -0.447913 0.020399 -1.014995
v -0.448516 0.020474 -1.014873
v -0.448045 0.020473 -1.014980
v -0.448668 0.020419 -1.014818
v -0.448190 0.020519 -1.014954
v -0.448812 0.020335 -1.014753
v -0.448344 0.020536 -1.014918
v -0.447906 0.020406 -1.014995
v -0.448502 0.020523 -1.014873
v -0.448032 0.020489 -1.014980
v -0.448658 0.020478 -1.014818
v -0.448174 0.020545 -1.014954
v -0.448807 0.020404 -1.014753
v -0.448327 0.020573 -1.014918
v -0.447899 0.020413 -1.014995
v -0.448485 0.02057 -1.014873
v -0.448019 0.020504 -1.014980
v -0.448644 0.020536 -1.014818
v -0.448157 0.02057 -1.014954
v -0.448797 0.020472 -1.014753
v -0.448307 0.020608 -1.014918
v -0.448940 0.020378 -1.014680
v -0.447891 0.02042 -1.014995
v -0.448465 0.020616 -1.014873
v -0.448004 0.020519 -1.014980
v -0.448626 0.020594 -1.014818
v -0.448137 0.020594 -1.014954
v -0.448783 0.02054 -1.014753
v -0.448285 0.020642 -1.014918
v -0.448932 0.020456 -1.014680
v -0.447882 0.020426 -1.014995
v -0.448442 0.020661 -1.014873
v -0.449068 0.020343 -1.014597
v -0.447989 0.020532 -1.014980
v -0.448604 0.020649 -1.014818
v -0.448117 0.020617 -1.014954
v -0.448765 0.020606 -1.014753
v -0.448260 0.020675 -1.014918
v -0.448919 0.020533 -1.014680
v -0.447874 0.020431 -1.014995
v -0.448416 0.020704 -1.014873
v -0.449062 0.02043 -1.014597
v -0.447973 0.020545 -1.014980
v -0.448578 0.020703 -1.014818
v -0.448094 0.020637 -1.014954
v -0.448742 0.020671 -1.014753
v -0.448234 0.020705 -1.014918
v -0.448901 0.020608 -1.014680
v -0.447864 0.020436 -1.014995
v -0.448387 0.020745 -1.014873
v -0.449050 0.020516 -1.014597
v -0.447956 0.020556 -1.014980
v -0.448549 0.020755 -1.014818
v -0.449185 0.020395 -1.014507
v -0.448070 0.020657 -1.014954
v -0.448714 0.020735 -1.014753
v -0.448205 0.020734 -1.014918
v -0.448877 0.020683 -1.014680
v -0.447855 0.02044 -1.014995
v -0.448355 0.020784 -1.014873
v -0.449033 0.0206 -1.014597
v -0.447938 0.020566 -1.014980
v -0.448516 0.020805 -1.014818
v -0.449175 0.020489 -1.014507
v -0.448045 0.020674 -1.014954
v -0.448682 0.020796 -1.014753
v -0.449301 0.020351 -1.014408
v -0.448175 0.02076 -1.014918
v -0.448848 0.020755 -1.014680
v -0.447845 0.020443 -1.014995
v -0.448321 0.020821 -1.014873
v -0.449009 0.020684 -1.014597
v -0.447919 0.020575 -1.014980
v -0.448480 0.020853 -1.014818
v -0.449159 0.020582 -1.014507
v -0.448019 0.02069 -1.014954
v -0.448646 0.020855 -1.014753
v -0.449294 0.020454 -1.014408
v -0.448142 0.020785 -1.014918
v -0.448815 0.020826 -1.014680
v -0.447836 0.020446 -1.014995
v -0.448284 0.020855 -1.014873
v -0.448980 0.020765 -1.014597
v -0.447900 0.020582 -1.014980
v -0.448441 0.020898 -1.014818
v -0.449137 0.020675 -1.014507
v -0.447992 0.020704 -1.014954
v -0.448606 0.020912 -1.014753
v -0.449280 0.020555 -1.014408
v -0.448108 0.020807 -1.014918
v -0.448777 0.020894 -1.014680
v -0.449404 0.02041 -1.014302
v -0.447826 0.020448 -1.014995
v -0.448245 0.020887 -1.014873
v -0.448946 0.020845 -1.014597
v -0.447881 0.020588 -1.014980
v -0.448398 0.020941 -1.014818
v -0.449108 0.020765 -1.014507
v -0.447964 0.020716 -1.014954
v -0.448563 0.020965 -1.014753
v -0.449259 0.020656 -1.014408
v -0.448073 0.020827 -1.014918
v -0.448734 0.020959 -1.014680
v -0.449393 0.020519 -1.014302
v -0.447815 0.020449 -1.014995
v -0.448204 0.020916 -1.014873
v -0.448906 0.020922 -1.014597
v -0.449506 0.020358 -1.014188
v -0.447861 0.020593 -1.014980
v -0.448353 0.02098 -1.014818
v -0.449073 0.020853 -1.014507
v -0.447935 0.020727 -1.014954
v -0.448516 0.021016 -1.014753
v -0.449231 0.020754 -1.014408
v -0.448036 0.020844 -1.014918
v -0.448687 0.021021 -1.014680
v -0.449374 0.020627 -1.014302
v -0.447805 0.02045 -1.014995
v -0.448161 0.020942 -1.014873
v -0.448861 0.020996 -1.014597
v -0.449498 0.020475 -1.014188
v -0.447841 0.020597 -1.014980
v -0.448305 0.021016 -1.014818
v -0.449033 0.020939 -1.014507
v -0.447906 0.020735 -1.014954
v -0.448465 0.021063 -1.014753
v -0.449197 0.020851 -1.014408
v -0.447999 0.020859 -1.014918
v -0.448635 0.02108 -1.014680
v -0.449348 0.020734 -1.014302
v -0.448116 0.020965 -1.014873
v -0.448811 0.021067 -1.014597
v -0.449482 0.02059 -1.014188
v -0.447820 0.020599 -1.014980
v -0.448255 0.021049 -1.014818
v -0.448986 0.021021 -1.014507
v -0.449593 0.020423 -1.014069
v -0.447876 0.020741 -1.014954
v -0.448412 0.021106 -1.014753
v -0.449156 0.020945 -1.014408
v -0.447960 0.020872 -1.014918
v -0.448580 0.021135 -1.014680
v -0.449315 0.020838 -1.014302
v -0.448070 0.020985 -1.014873
v -0.448756 0.021134 -1.014597
v -0.449458 0.020704 -1.014188
v -0.448203 0.021078 -1.014818
v -0.448934 0.021101 -1.014507
v -0.449581 0.020545 -1.014069
v -0.447846 0.020745 -1.014954
v -0.448355 0.021146 -1.014753
v -0.449109 0.021036 -1.014408
v -0.449679 0.020364 -1.013943
v -0.447921 0.020881 -1.014918
v -0.448521 0.021187 -1.014680
v -0.449275 0.020941 -1.014302
v -0.448023 0.021002 -1.014873
v -0.448697 0.021197 -1.014597
v -0.449427 0.020816 -1.014188
v -0.448149 0.021104 -1.014818
v -0.448877 0.021176 -1.014507
v -0.449560 0.020666 -1.014069
v -0.447815 0.020747 -1.014954
v -0.448296 0.021182 -1.014753
v -0.449056 0.021124 -1.014408
v -0.449670 0.020492 -1.013943
v -0.447881 0.020888 -1.014918
v -0.448459 0.021234 -1.014680
v -0.449228 0.02104 -1.014302
v -0.447974 0.021016 -1.014873
v -0.448634 0.021256 -1.014597
v -0.449388 0.020926 -1.014188
v -0.448094 0.021126 -1.014818
v -0.448815 0.021248 -1.014507
v -0.449531 0.020785 -1.014069
v -0.448235 0.021214 -1.014753
v -0.448996 0.021207 -1.014408
v -0.449652 0.020619 -1.013943
v -0.447841 0.020892 -1.014918
v -0.448394 0.021277 -1.014680
v -0.449174 0.021135 -1.014302
v -0.449749 0.020433 -1.013812
v -0.447925 0.021026 -1.014873
v -0.448567 0.021311 -1.014597
v -0.449341 0.021033 -1.014188
v -0.448036 0.021144 -1.014818
v -0.448748 0.021315 -1.014507
v -0.449494 0.020902 -1.014069
v -0.448171 0.021242 -1.014753
v -0.448932 0.021287 -1.014408
v -0.449626 0.020745 -1.013943
v -0.448326 0.021315 -1.014680
v -0.449114 0.021227 -1.014302
v -0.449735 0.020566 -1.013812
v -0.447875 0.021033 -1.014873
v -0.448496 0.021361 -1.014597
v -0.449288 0.021136 -1.014188
v -0.449817 0.020369 -1.013676
v -0.447978 0.021158 -1.014818
v -0.448676 0.021377 -1.014507
v -0.449449 0.021016 -1.014069
v -0.448106 0.021265 -1.014753
v -0.448862 0.021362 -1.014408
v -0.449592 0.020869 -1.013943
v -0.448255 0.021348 -1.014680
v -0.449047 0.021315 -1.014302
v -0.449712 0.020697 -1.013812
v -0.447825 0.021036 -1.014873
v -0.448422 0.021406 -1.014597
v -0.449227 0.021236 -1.014188
v -0.449807 0.020506 -1.013676
v -0.447919 0.021168 -1.014818
v -0.448601 0.021434 -1.014507
v -0.449396 0.021127 -1.014069
v -0.448040 0.021283 -1.014753
v -0.448787 0.021432 -1.014408
v -0.449549 0.02099 -1.013943
v -0.448183 0.021377 -1.014680
v -0.448975 0.021397 -1.014302
v -0.449681 0.020827 -1.013812
v -0.448345 0.021446 -1.014597
v -0.449160 0.021331 -1.014188
v -0.449789 0.020643 -1.013676
v -0.447860 0.021174 -1.014818
v -0.448521 0.021486 -1.014507
v -0.449336 0.021234 -1.014069
v -0.449868 0.020441 -1.013537
v -0.447972 0.021297 -1.014753
v -0.448707 0.021496 -1.014408
v -0.449498 0.021107 -1.013943
v -0.448108 0.021401 -1.014680
v -0.448897 0.021475 -1.014302
v -0.449641 0.020954 -1.013812
v -0.448265 0.02148 -1.014597
v -0.449086 0.021422 -1.014188
v -0.449760 0.020778 -1.013676
v -0.448439 0.021533 -1.014507
v -0.449268 0.021336 -1.014069
v -0.449854 0.020582 -1.013537
v -0.447904 0.021307 -1.014753
v -0.448624 0.021556 -1.014408
v -0.449438 0.021221 -1.013943
v -0.449917 0.020372 -1.013394
v -0.448033 0.021419 -1.014680
v -0.448815 0.021547 -1.014302
v -0.449592 0.021078 -1.013812
v -0.448184 0.021509 -1.014597
v -0.449007 0.021507 -1.014188
v -0.449723 0.02091 -1.013676
v -0.448353 0.021573 -1.014507
v -0.449194 0.021434 -1.014069
v -0.449830 0.020722 -1.013537
v -0.447835 0.021312 -1.014753
v -0.448536 0.021609 -1.014408
v -0.449372 0.021331 -1.013943
v -0.449907 0.020517 -1.013394
v -0.447956 0.021432 -1.014680
v -0.448727 0.021614 -1.014302
v -0.449534 0.021199 -1.013812
v -0.448100 0.021533 -1.014597
v -0.448922 0.021586 -1.014188
v -0.449677 0.02104 -1.013676
v -0.448265 0.021608 -1.014507
v -0.449114 0.021527 -1.014069
v -0.449796 0.020859 -1.013537
v -0.448445 0.021656 -1.014408
v -0.449298 0.021436 -1.013943
v -0.449888 0.02066 -1.013394
v -0.447878 0.02144 -1.014680
v -0.448635 0.021674 -1.014302
v -0.449469 0.021315 -1.013812
v -0.449949 0.020447 -1.013248
v -0.448016 0.02155 -1.014597
v -0.448831 0.02166 -1.014188
v -0.449622 0.021167 -1.013676
v -0.448175 0.021637 -1.014507
v -0.449027 0.021614 -1.014069
v -0.449753 0.020994 -1.013537
v -0.448351 0.021697 -1.014408
v -0.449217 0.021535 -1.013943
v -0.449858 0.020802 -1.013394
v -0.448540 0.021728 -1.014302
v -0.449396 0.021426 -1.013812
v -0.449934 0.020593 -1.013248
v -0.447930 0.021562 -1.014597
v -0.448736 0.021727 -1.014188
v -0.449559 0.021289 -1.013676
v -0.449978 0.020374 -1.013100
v -0.448082 0.021659 -1.014507
v -0.448934 0.021694 -1.014069
v -0.449701 0.021126 -1.013537
v -0.448254 0.021731 -1.014408
v -0.449129 0.021629 -1.013943
v -0.449819 0.020941 -1.013394
v -0.448441 0.021775 -1.014302
v -0.449315 0.021533 -1.013812
v -0.449909 0.020738 -1.013248
v -0.447843 0.021568 -1.014597
v -0.448636 0.021788 -1.014188
v -0.449487 0.021407 -1.013676
v -0.449968 0.020523 -1.013100
v -0.447989 0.021675 -1.014507
v -0.448836 0.021768 -1.014069
v -0.449641 0.021254 -1.013537
v -0.448156 0.021759 -1.014408
v -0.449035 0.021717 -1.013943
v -0.449771 0.021077 -1.013394
v -0.448338 0.021815 -1.014302
v -0.449228 0.021633 -1.013812
v -0.449874 0.020881 -1.013248
v -0.448533 0.021841 -1.014188
v -0.449408 0.021519 -1.013676
v -0.449948 0.02067 -1.013100
v -0.447895 0.021685 -1.014507
v -0.448734 0.021836 -1.014069
v -0.449571 0.021377 -1.013537
v -0.449990 0.02045 -1.012950
v -0.448055 0.02178 -1.014408
v -0.448936 0.021798 -1.013943
v -0.449713 0.02121 -1.013394
v -0.448234 0.021848 -1.014302
v -0.449133 0.021728 -1.013812
v -0.449830 0.021021 -1.013248
v -0.448426 0.021888 -1.014188
v -0.449321 0.021626 -1.013676
v -0.449918 0.020816 -1.013100
v -0.448627 0.021896 -1.014069
v -0.449494 0.021495 -1.013537
v -0.449974 0.020599 -1.012950
v -0.447954 0.021794 -1.014408
v -0.448831 0.021872 -1.013943
v -0.449647 0.021338 -1.013394
v -0.448127 0.021874 -1.014302
v -0.449033 0.021815 -1.013812
v -0.449776 0.021158 -1.013248
v -0.448316 0.021927 -1.014188
v -0.449227 0.021727 -1.013676
v -0.449877 0.020959 -1.013100
v -0.448516 0.021949 -1.014069
v -0.449408 0.021608 -1.013537
v -0.449949 0.020747 -1.012950
v -0.447851 0.021801 -1.014408
v -0.448721 0.021938 -1.013943
v -0.449571 0.021462 -1.013394
v -0.448019 0.021893 -1.014302
v -0.448926 0.021896 -1.013812
v -0.449712 0.021291 -1.013248
v -0.448204 0.021958 -1.014188
v -0.449126 0.021821 -1.013676
v -0.449828 0.0211 -1.013100
v -0.448402 0.021994 -1.014069
v -0.449315 0.021715 -1.013537
v -0.449913 0.020892 -1.012950
v -0.448607 0.021998 -1.013943
v -0.449488 0.02158 -1.013394
v -0.447910 0.021904 -1.014302
v -0.448815 0.021969 -1.013812
v -0.449640 0.021419 -1.013248
v -0.448090 0.021982 -1.014188
v -0.449019 0.021908 -1.013676
v -0.449768 0.021236 -1.013100
v -0.448285 0.022031 -1.014069
v -0.449215 0.021815 -1.013537
v -0.449868 0.021035 -1.012950
v -0.448490 0.022049 -1.013943
v -0.449397 0.021692 -1.013394
v -0.448699 0.022034 -1.013812
v -0.449560 0.021542 -1.013248
v -0.447975 0.021998 -1.014188
v -0.448907 0.021987 -1.013676
v -0.449700 0.021368 -1.013100
v -0.448166 0.02206 -1.014069
v -0.449108 0.021908 -1.013537
v -0.449813 0.021174 -1.012950
v -0.448369 0.022092 -1.013943
v -0.449298 0.021798 -1.013394
v -0.448578 0.022092 -1.013812
v -0.449471 0.021659 -1.013248
v -0.447858 0.022006 -1.014188
v -0.448789 0.022059 -1.013676
v -0.449622 0.021495 -1.013100
v -0.448045 0.022081 -1.014069
v -0.448995 0.021994 -1.013537
v -0.449749 0.02131 -1.012950
v -0.448245 0.022126 -1.013943
v -0.449192 0.021897 -1.013394
v -0.448454 0.022141 -1.013812
v -0.449374 0.02177 -1.013248
v -0.448667 0.022122 -1.013676
v -0.449537 0.021617 -1.013100
v -0.447923 0.022093 -1.014069
v -0.448877 0.022071 -1.013537
v -0.449675 0.02144 -1.012950
v -0.448119 0.022152 -1.013943
v -0.449080 0.021988 -1.013394
v -0.448327 0.022181 -1.013812
v -0.449270 0.021874 -1.013248
v -0.448540 0.022177 -1.013676
v -0.449443 0.021732 -1.013100
v -0.448754 0.022141 -1.013537
v -0.449593 0.021566 -1.012950
v -0.447992 0.02217 -1.013943
v -0.448962 0.022071 -1.013394
v -0.448197 0.022212 -1.013812
v -0.449159 0.021971 -1.013248
v -0.448410 0.022223 -1.013676
v -0.449341 0.021841 -1.013100
v -0.448626 0.022201 -1.013537
v -0.449503 0.021685 -1.012950
v -0.447864 0.022179 -1.013943
v -0.448838 0.022147 -1.013394
v -0.448066 0.022235 -1.013812
v -0.449042 0.02206 -1.013248
v -0.448278 0.02226 -1.013676
v -0.449232 0.021943 -1.013100
v -0.448494 0.022253 -1.013537
v -0.449404 0.021798 -1.012950
v -0.448710 0.022213 -1.013394
v -0.447933 0.022249 -1.013812
v -0.448919 0.02214 -1.013248
v -0.448143 0.022289 -1.013676
v -0.449117 0.022037 -1.013100
v -0.448359 0.022296 -1.013537
v -0.449298 0.021904 -1.012950
v -0.448577 0.022271 -1.013394
v -0.448791 0.022212 -1.013248
v -0.448006 0.022307 -1.013676
v -0.448995 0.022122 -1.013100
v -0.448222 0.02233 -1.013537
v -0.449185 0.022003 -1.012950
v -0.448441 0.022319 -1.013394
v -0.448658 0.022276 -1.013248
v -0.447869 0.022317 -1.013676
v -0.448868 0.0222 -1.013100
v -0.448082 0.022354 -1.013537
v -0.449066 0.022093 -1.012950
v -0.448302 0.022358 -1.013394
v -0.448521 0.02233 -1.013248
v -0.448736 0.022268 -1.013100
v -0.447941 0.022368 -1.013537
v -0.448940 0.022175 -1.012950
v -0.448160 0.022388 -1.013394
v -0.448381 0.022374 -1.013248
v -0.448600 0.022328 -1.013100
v -0.448810 0.022249 -1.012950
v -0.448017 0.022407 -1.013394
v -0.448238 0.022409 -1.013248
v -0.448459 0.022377 -1.013100
v -0.448674 0.022313 -1.012950
v -0.447872 0.022417 -1.013394
v -0.448093 0.022434 -1.013248
v -0.448316 0.022418 -1.013100
v -0.448535 0.022368 -1.012950
v -0.447947 0.022449 -1.013248
v -0.448170 0.022448 -1.013100
v -0.448392 0.022413 -1.012950
v -0.448023 0.022468 -1.013100
v -0.448247 0.022449 -1.012950
v -0.447874 0.022478 -1.013100
v -0.448099 0.022474 -1.012950
v -0.447950 0.02249 -1.012950
v -0.447800 0.0203 1.015000
v -0.447928 0.0203 1.014996
v -0.448055 0.0203 1.014985
v -0.448182 0.0203 1.014967
v -0.448307 0.0203 1.014941
v -0.448431 0.0203 1.014908
v -0.448552 0.0203 1.014867
v -0.448671 0.0203 1.014820
v -0.448787 0.0203 1.014766
v -0.448900 0.0203 1.014705
v -0.449009 0.0203 1.014638
v -0.449114 0.0203 1.014565
v -0.449214 0.0203 1.014485
v -0.449310 0.0203 1.014400
v -0.449400 0.0203 1.014310
v -0.449485 0.0203 1.014214
v -0.449565 0.0203 1.014114
v -0.449638 0.0203 1.014009
v -0.449705 0.0203 1.013900
v -0.449766 0.0203 1.013787
v -0.449820 0.0203 1.013671
v -0.449867 0.0203 1.013552
v -0.449908 0.0203 1.013431
v -0.449941 0.0203 1.013307
v -0.449967 0.0203 1.013182
v -0.449985 0.0203 1.013055
v -0.449996 0.0203 1.012928
v -0.450000 0.0203 1.012800
v -0.447800 0.0203 1.015000
v -0.447800 0.020428 1.014996
v -0.447800 0.020555 1.014985
v -0.447800 0.020682 1.014967
v -0.447800 0.020807 1.014941
v -0.447800 0.020931 1.014908
v -0.447800 0.021052 1.014867
v -0.447800 0.021171 1.014820
v -0.447800 0.021287 1.014766
v -0.447800 0.0214 1.014705
v -0.447800 0.021509 1.014638
v -0.447800 0.021614 1.014565
v -0.447800 0.021714 1.014485
v -0.447800 0.02181 1.014400
v -0.447800 0.0219 1.014310
v -0.447800 0.021985 1.014214
v -0.447800 0.022065 1.014114
v -0.447800 0.022138 1.014009
v -0.447800 0.022205 1.013900
v -0.447800 0.022266 1.013787
v -0.447800 0.02232 1.013671
v -0.447800 0.022367 1.013552
v -0.447800 0.022408 1.013431
v -0.447800 0.022441 1.013307
v -0.447800 0.022467 1.013182
v -0.447800 0.022485 1.013055
v -0.447800 0.022496 1.012928
v -0.447800 0.0225 1.012800
v -0.449996 0.020428 1.012800
v -0.449985 0.020555 1.012800
v -0.449967 0.020682 1.012800
v -0.449941 0.020807 1.012800
v -0.449908 0.020931 1.012800
v -0.449867 0.021052 1.012800
v -0.449820 0.021171 1.012800
v -0.449766 0.021287 1.012800
v -0.449705 0.0214 1.012800
v -0.449638 0.021509 1.012800
v -0.449565 0.021614 1.012800
v -0.449485 0.021714 1.012800
v -0.449400 0.02181 1.012800
v -0.449310 0.0219 1.012800
v -0.449214 0.021985 1.012800
v -0.449114 0.022065 1.012800
v -0.449009 0.022138 1.012800
v -0.448900 0.022205 1.012800
v -0.448787 0.022266 1.012800
v -0.448671 0.02232 1.012800
v -0.448552 0.022367 1.012800
v -0.448431 0.022408 1.012800
v -0.448307 0.022441 1.012800
v -0.448182 0.022467 1.012800
v -0.448055 0.022485 1.012800
v -0.447928 0.022496 1.012800
v -0.447950 0.020305 1.014995
v -0.447949 0.020315 1.014995
v -0.447948 0.020326 1.014995
v -0.448099 0.02032 1.014980
v -0.447946 0.020336 1.014995
v -0.448097 0.020341 1.014980
v -0.448247 0.020315 1.014954
v -0.447943 0.020345 1.014995
v -0.448093 0.020361 1.014980
v -0.448245 0.020346 1.014954
v -0.447940 0.020355 1.014995
v -0.448088 0.020381 1.014980
v -0.448241 0.020376 1.014954
v -0.448392 0.020341 1.014918
v -0.447936 0.020364 1.014995
v -0.448082 0.0204 1.014980
v -0.448235 0.020406 1.014954
v -0.448388 0.020381 1.014918
v -0.447931 0.020374 1.014995
v -0.448536 0.020325 1.014873
v -0.448075 0.020419 1.014980
v -0.448227 0.020435 1.014954
v -0.448381 0.020421 1.014918
v -0.447926 0.020382 1.014995
v -0.448533 0.020375 1.014873
v -0.448066 0.020438 1.014980
v -0.448216 0.020464 1.014954
v -0.448372 0.02046 1.014918
v -0.447920 0.020391 1.014995
v -0.448526 0.020425 1.014873
v -0.448056 0.020456 1.014980
v -0.448674 0.02036 1.014818
v -0.448204 0.020492 1.014954
v -0.448359 0.020499 1.014918
v -0.447913 0.020399 1.014995
v -0.448516 0.020474 1.014873
v -0.448045 0.020473 1.014980
v -0.448668 0.020419 1.014818
v -0.448190 0.020519 1.014954
v -0.448812 0.020335 1.014753
v -0.448344 0.020536 1.014918
v -0.447906 0.020406 1.014995
v -0.448502 0.020523 1.014873
v -0.448032 0.020489 1.014980
v -0.448658 0.020478 1.014818
v -0.448174 0.020545 1.014954
v -0.448807 0.020404 1.014753
v -0.448327 0.020573 1.014918
v -0.447899 0.020413 1.014995
v -0.448485 0.02057 1.014873
v -0.448019 0.020504 1.014980
v -0.448644 0.020536 1.014818
v -0.448157 0.02057 1.014954
v -0.448797 0.020472 1.014753
v -0.448307 0.020608 1.014918
v -0.448940 0.020378 1.014680
v -0.447891 0.02042 1.014995
v -0.448465 0.020616 1.014873
v -0.448004 0.020519 1.014980
v -0.448626 0.020594 1.014818
v -0.448137 0.020594 1.014954
v -0.448783 0.02054 1.014753
v -0.448285 0.020642 1.014918
v -0.448932 0.020456 1.014680
v -0.447882 0.020426 1.014995
v -0.448442 0.020661 1.014873
v -0.449068 0.020343 1.014597
v -0.447989 0.020532 1.014980
v -0.448604 0.020649 1.014818
v -0.448117 0.020617 1.014954
v -0.448765 0.020606 1.014753
v -0.448260 0.020675 1.014918
v -0.448919 0.020533 1.014680
v -0.447874 0.020431 1.014995
v -0.448416 0.020704 1.014873
v -0.449062 0.02043 1.014597
v -0.447973 0.020545 1.014980
v -0.448578 0.020703 1.014818
v -0.448094 0.020637 1.014954
v -0.448742 0.020671 1.014753
v -0.448234 0.020705 1.014918
v -0.448901 0.020608 1.014680
v -0.447864 0.020436 1.014995
v -0.448387 0.020745 1.014873
v -0.449050 0.020516 1.014597
v -0.447956 0.020556 1.014980
v -0.448549 0.020755 1.014818
v -0.449185 0.020395 1.014507
v -0.448070 0.020657 1.014954
v -0.448714 0.020735 1.014753
v -0.448205 0.020734 1.014918
v -0.448877 0.020683 1.014680
v -0.447855 0.02044 1.014995
v -0.448355 0.020784 1.014873
v -0.449033 0.0206 1.014597
v -0.447938 0.020566 1.014980
v -0.448516 0.020805 1.014818
v -0.449175 0.020489 1.014507
v -0.448045 0.020674 1.014954
v -0.448682 0.020796 1.014753
v -0.449301 0.020351 1.014408
v -0.448175 0.02076 1.014918
v -0.448848 0.020755 1.014680
v -0.447845 0.020443 1.014995
v -0.448321 0.020821 1.014873
v -0.449009 0.020684 1.014597
v -0.447919 0.020575 1.014980
v -0.448480 0.020853 1.014818
v -0.449159 0.020582 1.014507
v -0.448019 0.02069 1.014954
v -0.448646 0.020855 1.014753
v -0.449294 0.020454 1.014408
v -0.448142 0.020785 1.014918
v -0.448815 0.020826 1.014680
v -0.447836 0.020446 1.014995
v -0.448284 0.020855 1.014873
v -0.448980 0.020765 1.014597
v -0.447900 0.020582 1.014980
v -0.448441 0.020898 1.014818
v -0.449137 0.020675 1.014507
v -0.447992 0.020704 1.014954
v -0.448606 0.020912 1.014753
v -0.449280 0.020555 1.014408
v -0.448108 0.020807 1.014918
v -0.448777 0.020894 1.014680
v -0.449404 0.02041 1.014302
v -0.447826 0.020448 1.014995
v -0.448245 0.020887 1.014873
v -0.448946 0.020845 1.014597
v -0.447881 0.020588 1.014980
v -0.448398 0.020941 1.014818
v -0.449108 0.020765 1.014507
v -0.447964 0.020716 1.014954
v -0.448563 0.020965 1.014753
v -0.449259 0.020656 1.014408
v -0.448073 0.020827 1.014918
v -0.448734 0.020959 1.014680
v -0.449393 0.020519 1.014302
v -0.447815 0.020449 1.014995
v -0.448204 0.020916 1.014873
v -0.448906 0.020922 1.014597
v -0.449506 0.020358 1.014188
v -0.447861 0.020593 1.014980
v -0.448353 0.02098 1.014818
v -0.449073 0.020853 1.014507
v -0.447935 0.020727 1.014954
v -0.448516 0.021016 1.014753
v -0.449231 0.020754 1.014408
v -0.448036 0.020844 1.014918
v -0.448687 0.021021 1.014680
v -0.449374 0.020627 1.014302
v -0.447805 0.02045 1.014995
v -0.448161 0.020942 1.014873
v -0.448861 0.020996 1.014597
v -0.449498 0.020475 1.014188
v -0.447841 0.020597 1.014980
v -0.448305 0.021016 1.014818
v -0.449033 0.020939 1.014507
v -0.447906 0.020735 1.014954
v -0.448465 0.021063 1.014753
v -0.449197 0.020851 1.014408
v -0.447999 0.020859 1.014918
v -0.448635 0.02108 1.014680
v -0.449348 0.020734 1.014302
v -0.448116 0.020965 1.014873
v -0.448811 0.021067 1.014597
v -0.449482 0.02059 1.014188
v -0.447820 0.020599 1.014980
v -0.448255 0.021049 1.014818
v -0.448986 0.021021 1.014507
v -0.449593 0.020423 1.014069
v -0.447876 0.020741 1.014954
v -0.448412 0.021106 1.014753
v -0.449156 0.020945 1.014408
v -0.447960 0.020872 1.014918
v -0.448580 0.021135 1.014680
v -0.449315 0.020838 1.014302
v -0.448070 0.020985 1.014873
v -0.448756 0.021134 1.014597
v -0.449458 0.020704 1.014188
v -0.448203 0.021078 1.014818
v -0.448934 0.021101 1.014507
v -0.449581 0.020545 1.014069
v -0.447846 0.020745 1.014954
v -0.448355 0.021146 1.014753
v -0.449109 0.021036 1.014408
v -0.449679 0.020364 1.013943
v -0.447921 0.020881 1.014918
v -0.448521 0.021187 1.014680
v -0.449275 0.020941 1.014302
v -0.448023 0.021002 1.014873
v -0.448697 0.021197 1.014597
v -0.449427 0.020816 1.014188
v -0.448149 0.021104 1.014818
v -0.448877 0.021176 1.014507
v -0.449560 0.020666 1.014069
v -0.447815 0.020747 1.014954
v -0.448296 0.021182 1.014753
v -0.449056 0.021124 1.014408
v -0.449670 0.020492 1.013943
v -0.447881 0.020888 1.014918
v -0.448459 0.021234 1.014680
v -0.449228 0.02104 1.014302
v -0.447974 0.021016 1.014873
v -0.448634 0.021256 1.014597
v -0.449388 0.020926 1.014188
v -0.448094 0.021126 1.014818
v -0.448815 0.021248 1.014507
v -0.449531 0.020785 1.014069
v -0.448235 0.021214 1.014753
v -0.448996 0.021207 1.014408
v -0.449652 0.020619 1.013943
v -0.447841 0.020892 1.014918
v -0.448394 0.021277 1.014680
v -0.449174 0.021135 1.014302
v -0.449749 0.020433 1.013812
v -0.447925 0.021026 1.014873
v -0.448567 0.021311 1.014597
v -0.449341 0.021033 1.014188
v -0.448036 0.021144 1.014818
v -0.448748 0.021315 1.014507
v -0.449494 0.020902 1.014069
v -0.448171 0.021242 1.014753
v -0.448932 0.021287 1.014408
v -0.449626 0.020745 1.013943
v -0.448326 0.021315 1.014680
v -0.449114 0.021227 1.014302
v -0.449735 0.020566 1.013812
v -0.447875 0.021033 1.014873
v -0.448496 0.021361 1.014597
v -0.449288 0.021136 1.014188
v -0.449817 0.020369 1.013676
v -0.447978 0.021158 1.014818
v -0.448676 0.021377 1.014507
v -0.449449 0.021016 1.014069
v -0.448106 0.021265 1.014753
v -0.448862 0.021362 1.014408
v -0.449592 0.020869 1.013943
v -0.448255 0.021348 1.014680
v -0.449047 0.021315 1.014302
v -0.449712 0.020697 1.013812
v -0.447825 0.021036 1.014873
v -0.448422 0.021406 1.014597
v -0.449227 0.021236 1.014188
v -0.449807 0.020506 1.013676
v -0.447919 0.021168 1.014818
v -0.448601 0.021434 1.014507
v -0.449396 0.021127 1.014069
v -0.448040 0.021283 1.014753
v -0.448787 0.021432 1.014408
v -0.449549 0.02099 1.013943
v -0.448183 0.021377 1.014680
v -0.448975 0.021397 1.014302
v -0.449681 0.020827 1.013812
v -0.448345 0.021446 1.014597
v -0.449160 0.021331 1.014188
v -0.449789 0.020643 1.013676
v -0.447860 0.021174 1.014818
v -0.448521 0.021486 1.014507
v -0.449336 0.021234 1.014069
v -0.449868 0.020441 1.013537
v -0.447972 0.021297 1.014753
v -0.448707 0.021496 1.014408
v -0.449498 0.021107 1.013943
v -0.448108 0.021401 1.014680
v -0.448897 0.021475 1.014302
v -0.449641 0.020954 1.013812
v -0.448265 0.02148 1.014597
v -0.449086 0.021422 1.014188
v -0.449760 0.020778 1.013676
v -0.448439 0.021533 1.014507
v -0.449268 0.021336 1.014069
v -0.449854 0.020582 1.013537
v -0.447904 0.021307 1.014753
v -0.448624 0.021556 1.014408
v -0.449438 0.021221 1.013943
v -0.449917 0.020372 1.013394
v -0.448033 0.021419 1.014680
v -0.448815 0.021547 1.014302
v -0.449592 0.021078 1.013812
v -0.448184 0.021509 1.014597
v -0.449007 0.021507 1.014188
v -0.449723 0.02091 1.013676
v -0.448353 0.021573 1.014507
v -0.449194 0.021434 1.014069
v -0.449830 0.020722 1.013537
v -0.447835 0.021312 1.014753
v -0.448536 0.021609 1.014408
v -0.449372 0.021331 1.013943
v -0.449907 0.020517 1.013394
v -0.447956 0.021432 1.014680
v -0.448727 0.021614 1.014302
v -0.449534 0.021199 1.013812
v -0.448100 0.021533 1.014597
v -0.448922 0.021586 1.014188
v -0.449677 0.02104 1.013676
v -0.448265 0.021608 1.014507
v -0.449114 0.021527 1.014069
v -0.449796 0.020859 1.013537
v -0.448445 0.021656 1.014408
v -0.449298 0.021436 1.013943
v -0.449888 0.02066 1.013394
v -0.447878 0.02144 1.014680
v -0.448635 0.021674 1.014302
v -0.449469 0.021315 1.013812
v -0.449949 0.020447 1.013248
v -0.448016 0.02155 1.014597
v -0.448831 0.02166 1.014188
v -0.449622 0.021167 1.013676
v -0.448175 0.021637 1.014507
v -0.449027 0.021614 1.014069
v -0.449753 0.020994 1.013537
v -0.448351 0.021697 1.014408
v -0.449217 0.021535 1.013943
v -0.449858 0.020802 1.013394
v -0.448540 0.021728 1.014302
v -0.449396 0.021426 1.013812
v -0.449934 0.020593 1.013248
v -0.447930 0.021562 1.014597
v -0.448736 0.021727 1.014188
v -0.449559 0.021289 1.013676
v -0.449978 0.020374 1.013100
v -0.448082 0.021659 1.014507
v -0.448934 0.021694 1.014069
v -0.449701 0.021126 1.013537
v -0.448254 0.021731 1.014408
v -0.449129 0.021629 1.013943
v -0.449819 0.020941 1.013394
v -0.448441 0.021775 1.014302
v -0.449315 0.021533 1.013812
v -0.449909 0.020738 1.013248
v -0.447843 0.021568 1.014597
v -0.448636 0.021788 1.014188
v -0.449487 0.021407 1.013676
v -0.449968 0.020523 1.013100
v -0.447989 0.021675 1.014507
v -0.448836 0.021768 1.014069
v -0.449641 0.021254 1.013537
v -0.448156 0.021759 1.014408
v -0.449035 0.021717 1.013943
v -0.449771 0.021077 1.013394
v -0.448338 0.021815 1.014302
v -0.449228 0.021633 1.013812
v -0.449874 0.020881 1.013248
v -0.448533 0.021841 1.014188
v -0.449408 0.021519 1.013676
v -0.449948 0.02067 1.013100
v -0.447895 0.021685 1.014507
v -0.448734 0.021836 1.014069
v -0.449571 0.021377 1.013537
v -0.449990 0.02045 1.012950
v -0.448055 0.02178 1.014408
v -0.448936 0.021798 1.013943
v -0.449713 0.02121 1.013394
v -0.448234 0.021848 1.014302
v -0.449133 0.021728 1.013812
v -0.449830 0.021021 1.013248
v -0.448426 0.021888 1.014188
v -0.449321 0.021626 1.013676
v -0.449918 0.020816 1.013100
v -0.448627 0.021896 1.014069
v -0.449494 0.021495 1.013537
v -0.449974 0.020599 1.012950
v -0.447954 0.021794 1.014408
v -0.448831 0.021872 1.013943
v -0.449647 0.021338 1.013394
v -0.448127 0.021874 1.014302
v -0.449033 0.021815 1.013812
v -0.449776 0.021158 1.013248
v -0.448316 0.021927 1.014188
v -0.449227 0.021727 1.013676
v -0.449877 0.020959 1.013100
v -0.448516 0.021949 1.014069
v -0.449408 0.021608 1.013537
v -0.449949 0.020747 1.012950
v -0.447851 0.021801 1.014408
v -0.448721 0.021938 1.013943
v -0.449571 0.021462 1.013394
v -0.448019 0.021893 1.014302
v -0.448926 0.021896 1.013812
v -0.449712 0.021291 1.013248
v -0.448204 0.021958 1.014188
v -0.449126 0.021821 1.013676
v -0.449828 0.0211 1.013100
v -0.448402 0.021994 1.014069
v -0.449315 0.021715 1.013537
v -0.449913 0.020892 1.012950
v -0.448607 0.021998 1.013943
v -0.449488 0.02158 1.013394
v -0.447910 0.021904 1.014302
v -0.448815 0.021969 1.013812
v -0.449640 0.021419 1.013248
v -0.448090 0.021982 1.014188
v -0.449019 0.021908 1.013676
v -0.449768 0.021236 1.013100
v -0.448285 0.022031 1.014069
v -0.449215 0.021815 1.013537
v -0.449868 0.021035 1.012950
v -0.448490 0.022049 1.013943
v -0.449397 0.021692 1.013394
v -0.448699 0.022034 1.013812
v -0.449560 0.021542 1.013248
v -0.447975 0.021998 1.014188
v -0.448907 0.021987 1.013676
v -0.449700 0.021368 1.013100
v -0.448166 0.02206 1.014069
v -0.449108 0.021908 1.013537
v -0.449813 0.021174 1.012950
v -0.448369 0.022092 1.013943
v -0.449298 0.021798 1.013394
v -0.448578 0.022092 1.013812
v -0.449471 0.021659 1.013248
v -0.447858 0.022006 1.014188
v -0.448789 0.022059 1.013676
v -0.449622 0.021495 1.013100
v -0.448045 0.022081 1.014069
v -0.448995 0.021994 1.013537
v -0.449749 0.02131 1.012950
v -0.448245 0.022126 1.013943
v -0.449192 0.021897 1.013394
v -0.448454 0.022141 1.013812
v -0.449374 0.02177 1.013248
v -0.448667 0.022122 1.013676
v -0.449537 0.021617 1.013100
v -0.447923 0.022093 1.014069
v -0.448877 0.022071 1.013537
v -0.449675 0.02144 1.012950
v -0.448119 0.022152 1.013943
v -0.449080 0.021988 1.013394
v -0.448327 0.022181 1.013812
v -0.449270 0.021874 1.013248
v -0.448540 0.022177 1.013676
v -0.449443 0.021732 1.013100
v -0.448754 0.022141 1.013537
v -0.449593 0.021566 1.012950
v -0.447992 0.02217 1.013943
v -0.448962 0.022071 1.013394
v -0.448197 0.022212 1.013812
v -0.449159 0.021971 1.013248
v -0.448410 0.022223 1.013676
v -0.449341 0.021841 1.013100
v -0.448626 0.022201 1.013537
v -0.449503 0.021685 1.012950
v -0.447864 0.022179 1.013943
v -0.448838 0.022147 1.013394
v -0.448066 0.022235 1.013812
v -0.449042 0.02206 1.013248
v -0.448278 0.02226 1.013676
v -0.449232 0.021943 1.013100
v -0.448494 0.022253 1.013537
v -0.449404 0.021798 1.012950
v -0.448710 0.022213 1.013394
v -0.447933 0.022249 1.013812
v -0.448919 0.02214 1.013248
v -0.448143 0.022289 1.013676
v -0.449117 0.022037 1.013100
v -0.448359 0.022296 1.013537
v -0.449298 0.021904 1.012950
v -0.448577 0.022271 1.013394
v -0.448791 0.022212 1.013248
v -0.448006 0.022307 1.013676
v -0.448995 0.022122 1.013100
v -0.448222 0.02233 1.013537
v -0.449185 0.022003 1.012950
v -0.448441 0.022319 1.013394
v -0.448658 0.022276 1.013248
v -0.447869 0.022317 1.013676
v -0.448868 0.0222 1.013100
v -0.448082 0.022354 1.013537
v -0.449066 0.022093 1.012950
v -0.448302 0.022358 1.013394
v -0.448521 0.02233 1.013248
v -0.448736 0.022268 1.013100
v -0.447941 0.022368 1.013537
v -0.448940 0.022175 1.012950
v -0.448160 0.022388 1.013394
v -0.448381 0.022374 1.013248
v -0.448600 0.022328 1.013100
v -0.448810 0.022249 1.012950
v -0.448017 0.022407 1.013394
v -0.448238 0.022409 1.013248
v -0.448459 0.022377 1.013100
v -0.448674 0.022313 1.012950
v -0.447872 0.022417 1.013394
v -0.448093 0.022434 1.013248
v -0.448316 0.022418 1.013100
v -0.448535 0.022368 1.012950
v -0.447947 0.022449 1.013248
v -0.448170 0.022448 1.013100
v -0.448392 0.022413 1.012950
v -0.448023 0.022468 1.013100
v -0.448247 0.022449 1.012950
v -0.447874 0.022478 1.013100
v -0.448099 0.022474 1.012950
v -0.447950 0.02249 1.012950
v -0.447800 0.0225 -1.012800
v -0.447800 0.0225 1.012800
v 0.447800 0.0225 1.012800
v 0.447800 0.0225 -1.012800
v -0.077800 0.0225 0.767200
v 0.077800 0.0225 0.767200
v -0.078056 0.0225 0.767193
v -0.078311 0.0225 0.767170
v -0.078564 0.0225 0.767133
v -0.078815 0.0225 0.767081
v -0.079062 0.0225 0.767015
v -0.079305 0.0225 0.766935
v -0.079543 0.0225 0.766840
v -0.079775 0.0225 0.766732
v -0.080000 0.0225 0.766611
v -0.080218 0.0225 0.766476
v -0.080427 0.0225 0.766329
v -0.080628 0.0225 0.766171
v -0.080819 0.0225 0.766000
v -0.081000 0.0225 0.765819
v -0.081171 0.0225 0.765628
v -0.081329 0.0225 0.765427
v -0.081476 0.0225 0.765218
v -0.081611 0.0225 0.765000
v -0.081732 0.0225 0.764775
v -0.081840 0.0225 0.764543
v -0.081935 0.0225 0.764305
v -0.082015 0.0225 0.764062
v -0.082081 0.0225 0.763815
v -0.082133 0.0225 0.763564
v -0.082170 0.0225 0.763311
v -0.082193 0.0225 0.763056
v -0.082200 0.0225 0.762800
v -0.082200 0.0225 0.047200
v -0.077800 0.0225 0.042800
v -0.078056 0.0225 0.042807
v -0.078311 0.0225 0.042830
v -0.078564 0.0225 0.042867
v -0.078815 0.0225 0.042919
v -0.079062 0.0225 0.042985
v -0.079305 0.0225 0.043065
v -0.079543 0.0225 0.043160
v -0.079775 0.0225 0.043268
v -0.080000 0.0225 0.043389
v -0.080218 0.0225 0.043524
v -0.080427 0.0225 0.043671
v -0.080628 0.0225 0.043829
v -0.080819 0.0225 0.044000
v -0.081000 0.0225 0.044181
v -0.081171 0.0225 0.044372
v -0.081329 0.0225 0.044573
v -0.081476 0.0225 0.044782
v -0.081611 0.0225 0.045000
v -0.081732 0.0225 0.045225
v -0.081840 0.0225 0.045457
v -0.081935 0.0225 0.045695
v -0.082015 0.0225 0.045938
v -0.082081 0.0225 0.046185
v -0.082133 0.0225 0.046436
v -0.082170 0.0225 0.046689
v -0.082193 0.0225 0.046944
v 0.077800 0.0225 0.042800
v 0.082200 0.0225 0.047200
v 0.082193 0.0225 0.046944
v 0.082170 0.0225 0.046689
v 0.082133 0.0225 0.046436
v 0.082081 0.0225 0.046185
v 0.082015 0.0225 0.045938
v 0.081935 0.0225 0.045695
v 0.081840 0.0225 0.045457
v 0.081732 0.0225 0.045225
v 0.081611 0.0225 0.045000
v 0.081476 0.0225 0.044782
v 0.081329 0.0225 0.044573
v 0.081171 0.0225 0.044372
v 0.081000 0.0225 0.044181
v 0.080819 0.0225 0.044000
v 0.080628 0.0225 0.043829
v 0.080427 0.0225 0.043671
v 0.080218 0.0225 0.043524
v 0.080000 0.0225 0.043389
v 0.079775 0.0225 0.043268
v 0.079543 0.0225 0.043160
v 0.079305 0.0225 0.043065
v 0.079062 0.0225 0.042985
v 0.078815 0.0225 0.042919
v 0.078564 0.0225 0.042867
v 0.078311 0.0225 0.042830
v 0.078056 0.0225 0.042807
v 0.082200 0.0225 0.762800
v 0.078056 0.0225 0.767193
v 0.078311 0.0225 0.767170
v 0.078564 0.0225 0.767133
v 0.078815 0.0225 0.767081
v 0.079062 0.0225 0.767015
v 0.079305 0.0225 0.766935
v 0.079543 0.0225 0.766840
v 0.079775 0.0225 0.766732
v 0.080000 0.0225 0.766611
v 0.080218 0.0225 0.766476
v 0.080427 0.0225 0.766329
v 0.080628 0.0225 0.766171
v 0.080819 0.0225 0.766000
v 0.081000 0.0225 0.765819
v 0.081171 0.0225 0.765628
v 0.081329 0.0225 0.765427
v 0.081476 0.0225 0.765218
v 0.081611 0.0225 0.765000
v 0.081732 0.0225 0.764775
v 0.081840 0.0225 0.764543
v 0.081935 0.0225 0.764305
v 0.082015 0.0225 0.764062
v 0.082081 0.0225 0.763815
v 0.082133 0.0225 0.763564
v 0.082170 0.0225 0.763311
v 0.082193 0.0225 0.763056
v -0.447800 0.0203 -1.015000
v -0.447800 -0.0203 -1.015000
v 0.447800 0.0203 -1.015000
v 0.447800 -0.0203 -1.015000
v -0.447800 -0.0203 -1.015000
v -0.447928 -0.0203 -1.014996
v -0.448055 -0.0203 -1.014985
v -0.448182 -0.0203 -1.014967
v -0.448307 -0.0203 -1.014941
v -0.448431 -0.0203 -1.014908
v -0.448552 -0.0203 -1.014867
v -0.448671 -0.0203 -1.014820
v -0.448787 -0.0203 -1.014766
v -0.448900 -0.0203 -1.014705
v -0.449009 -0.0203 -1.014638
v -0.449114 -0.0203 -1.014565
v -0.449214 -0.0203 -1.014485
v -0.449310 -0.0203 -1.014400
v -0.449400 -0.0203 -1.014310
v -0.449485 -0.0203 -1.014214
v -0.449565 -0.0203 -1.014114
v -0.449638 -0.0203 -1.014009
v -0.449705 -0.0203 -1.013900
v -0.449766 -0.0203 -1.013787
v -0.449820 -0.0203 -1.013671
v -0.449867 -0.0203 -1.013552
v -0.449908 -0.0203 -1.013431
v -0.449941 -0.0203 -1.013307
v -0.449967 -0.0203 -1.013182
v -0.449985 -0.0203 -1.013055
v -0.449996 -0.0203 -1.012928
v -0.450000 -0.0203 -1.012800
v -0.447800 -0.0203 -1.015000
v -0.447800 -0.020428 -1.014996
v -0.447800 -0.020555 -1.014985
v -0.447800 -0.020682 -1.014967
v -0.447800 -0.020807 -1.014941
v -0.447800 -0.020931 -1.014908
v -0.447800 -0.021052 -1.014867
v -0.447800 -0.021171 -1.014820
v -0.447800 -0.021287 -1.014766
v -0.447800 -0.0214 -1.014705
v -0.447800 -0.021509 -1.014638
v -0.447800 -0.021614 -1.014565
v -0.447800 -0.021714 -1.014485
v -0.447800 -0.02181 -1.014400
v -0.447800 -0.0219 -1.014310
v -0.447800 -0.021985 -1.014214
v -0.447800 -0.022065 -1.014114
v -0.447800 -0.022138 -1.014009
v -0.447800 -0.022205 -1.013900
v -0.447800 -0.022266 -1.013787
v -0.447800 -0.02232 -1.013671
v -0.447800 -0.022367 -1.013552
v -0.447800 -0.022408 -1.013431
v -0.447800 -0.022441 -1.013307
v -0.447800 -0.022467 -1.013182
v -0.447800 -0.022485 -1.013055
v -0.447800 -0.022496 -1.012928
v -0.447800 -0.0225 -1.012800
v -0.449996 -0.020428 -1.012800
v -0.449985 -0.020555 -1.012800
v -0.449967 -0.020682 -1.012800
v -0.449941 -0.020807 -1.012800
v -0.449908 -0.020931 -1.012800
v -0.449867 -0.021052 -1.012800
v -0.449820 -0.021171 -1.012800
v -0.449766 -0.021287 -1.012800
v -0.449705 -0.0214 -1.012800
v -0.449638 -0.021509 -1.012800
v -0.449565 -0.021614 -1.012800
v -0.449485 -0.021714 -1.012800
v -0.449400 -0.02181 -1.012800
v -0.449310 -0.0219 -1.012800
v -0.449214 -0.021985 -1.012800
v -0.449114 -0.022065 -1.012800
v -0.449009 -0.022138 -1.012800
v -0.448900 -0.022205 -1.012800
v -0.448787 -0.022266 -1.012800
v -0.448671 -0.02232 -1.012800
v -0.448552 -0.022367 -1.012800
v -0.448431 -0.022408 -1.012800
v -0.448307 -0.022441 -1.012800
v -0.448182 -0.022467 -1.012800
v -0.448055 -0.022485 -1.012800
v -0.447928 -0.022496 -1.012800
v -0.447950 -0.020305 -1.014995
v -0.447949 -0.020315 -1.014995
v -0.447948 -0.020326 -1.014995
v -0.448099 -0.02032 -1.014980
v -0.447946 -0.020336 -1.014995
v -0.448097 -0.020341 -1.014980
v -0.448247 -0.020315 -1.014954
v -0.447943 -0.020345 -1.014995
v -0.448093 -0.020361 -1.014980
v -0.448245 -0.020346 -1.014954
v -0.447940 -0.020355 -1.014995
v -0.448088 -0.020381 -1.014980
v -0.448241 -0.020376 -1.014954
v -0.448392 -0.020341 -1.014918
v -0.447936 -0.020364 -1.014995
v -0.448082 -0.0204 -1.014980
v -0.448235 -0.020406 -1.014954
v -0.448388 -0.020381 -1.014918
v -0.447931 -0.020374 -1.014995
v -0.448536 -0.020325 -1.014873
v -0.448075 -0.020419 -1.014980
v -0.448227 -0.020435 -1.014954
v -0.448381 -0.020421 -1.014918
v -0.447926 -0.020382 -1.014995
v -0.448533 -0.020375 -1.014873
v -0.448066 -0.020438 -1.014980
v -0.448216 -0.020464 -1.014954
v -0.448372 -0.02046 -1.014918
v -0.447920 -0.020391 -1.014995
v -0.448526 -0.020425 -1.014873
v -0.448056 -0.020456 -1.014980
v -0.448674 -0.02036 -1.014818
v -0.448204 -0.020492 -1.014954
v -0.448359 -0.020499 -1.014918
v -0.447913 -0.020399 -1.014995
v -0.448516 -0.020474 -1.014873
v -0.448045 -0.020473 -1.014980
v -0.448668 -0.020419 -1.014818
v -0.448190 -0.020519 -1.014954
v -0.448812 -0.020335 -1.014753
v -0.448344 -0.020536 -1.014918
v -0.447906 -0.020406 -1.014995
v -0.448502 -0.020523 -1.014873
v -0.448032 -0.020489 -1.014980
v -0.448658 -0.020478 -1.014818
v -0.448174 -0.020545 -1.014954
v -0.448807 -0.020404 -1.014753
v -0.448327 -0.020573 -1.014918
v -0.447899 -0.020413 -1.014995
v -0.448485 -0.02057 -1.014873
v -0.448019 -0.020504 -1.014980
v -0.448644 -0.020536 -1.014818
v -0.448157 -0.02057 -1.014954
v -0.448797 -0.020472 -1.014753
v -0.448307 -0.020608 -1.014918
v -0.448940 -0.020378 -1.014680
v -0.447891 -0.02042 -1.014995
v -0.448465 -0.020616 -1.014873
v -0.448004 -0.020519 -1.014980
v -0.448626 -0.020594 -1.014818
v -0.448137 -0.020594 -1.014954
v -0.448783 -0.02054 -1.014753
v -0.448285 -0.020642 -1.014918
v -0.448932 -0.020456 -1.014680
v -0.447882 -0.020426 -1.014995
v -0.448442 -0.020661 -1.014873
v -0.449068 -0.020343 -1.014597
v -0.447989 -0.020532 -1.014980
v -0.448604 -0.020649 -1.014818
v -0.448117 -0.020617 -1.014954
v -0.448765 -0.020606 -1.014753
v -0.448260 -0.020675 -1.014918
v -0.448919 -0.020533 -1.014680
v -0.447874 -0.020431 -1.014995
v -0.448416 -0.020704 -1.014873
v -0.449062 -0.02043 -1.014597
v -0.447973 -0.020545 -1.014980
v -0.448578 -0.020703 -1.014818
v -0.448094 -0.020637 -1.014954
v -0.448742 -0.020671 -1.014753
v -0.448234 -0.020705 -1.014918
v -0.448901 -0.020608 -1.014680
v -0.447864 -0.020436 -1.014995
v -0.448387 -0.020745 -1.014873
v -0.449050 -0.020516 -1.014597
v -0.447956 -0.020556 -1.014980
v -0.448549 -0.020755 -1.014818
v -0.449185 -0.020395 -1.014507
v -0.448070 -0.020657 -1.014954
v -0.448714 -0.020735 -1.014753
v -0.448205 -0.020734 -1.014918
v -0.448877 -0.020683 -1.014680
v -0.447855 -0.02044 -1.014995
v -0.448355 -0.020784 -1.014873
v -0.449033 -0.0206 -1.014597
v -0.447938 -0.020566 -1.014980
v -0.448516 -0.020805 -1.014818
v -0.449175 -0.020489 -1.014507
v -0.448045 -0.020674 -1.014954
v -0.448682 -0.020796 -1.014753
v -0.449301 -0.020351 -1.014408
v -0.448175 -0.02076 -1.014918
v -0.448848 -0.020755 -1.014680
v -0.447845 -0.020443 -1.014995
v -0.448321 -0.020821 -1.014873
v -0.449009 -0.020684 -1.014597
v -0.447919 -0.020575 -1.014980
v -0.448480 -0.020853 -1.014818
v -0.449159 -0.020582 -1.014507
v -0.448019 -0.02069 -1.014954
v -0.448646 -0.020855 -1.014753
v -0.449294 -0.020454 -1.014408
v -0.448142 -0.020785 -1.014918
v -0.448815 -0.020826 -1.014680
v -0.447836 -0.020446 -1.014995
v -0.448284 -0.020855 -1.014873
v -0.448980 -0.020765 -1.014597
v -0.447900 -0.020582 -1.014980
v -0.448441 -0.020898 -1.014818
v -0.449137 -0.020675 -1.014507
v -0.447992 -0.020704 -1.014954
v -0.448606 -0.020912 -1.014753
v -0.449280 -0.020555 -1.014408
v -0.448108 -0.020807 -1.014918
v -0.448777 -0.020894 -1.014680
v -0.449404 -0.02041 -1.014302
v -0.447826 -0.020448 -1.014995
v -0.448245 -0.020887 -1.014873
v -0.448946 -0.020845 -1.014597
v -0.447881 -0.020588 -1.014980
v -0.448398 -0.020941 -1.014818
v -0.449108 -0.020765 -1.014507
v -0.447964 -0.020716 -1.014954
v -0.448563 -0.020965 -1.014753
v -0.449259 -0.020656 -1.014408
v -0.448073 -0.020827 -1.014918
v -0.448734 -0.020959 -1.014680
v -0.449393 -0.020519 -1.014302
v -0.447815 -0.020449 -1.014995
v -0.448204 -0.020916 -1.014873
v -0.448906 -0.020922 -1.014597
v -0.449506 -0.020358 -1.014188
v -0.447861 -0.020593 -1.014980
v -0.448353 -0.02098 -1.014818
v -0.449073 -0.020853 -1.014507
v -0.447935 -0.020727 -1.014954
v -0.448516 -0.021016 -1.014753
v -0.449231 -0.020754 -1.014408
v -0.448036 -0.020844 -1.014918
v -0.448687 -0.021021 -1.014680
v -0.449374 -0.020627 -1.014302
v -0.447805 -0.02045 -1.014995
v -0.448161 -0.020942 -1.014873
v -0.448861 -0.020996 -1.014597
v -0.449498 -0.020475 -1.014188
v -0.447841 -0.020597 -1.014980
v -0.448305 -0.021016 -1.014818
v -0.449033 -0.020939 -1.014507
v -0.447906 -0.020735 -1.014954
v -0.448465 -0.021063 -1.014753
v -0.449197 -0.020851 -1.014408
v -0.447999 -0.020859 -1.014918
v -0.448635 -0.02108 -1.014680
v -0.449348 -0.020734 -1.014302
v -0.448116 -0.020965 -1.014873
v -0.448811 -0.021067 -1.014597
v -0.449482 -0.02059 -1.014188
v -0.447820 -0.020599 -1.014980
v -0.448255 -0.021049 -1.014818
v -0.448986 -0.021021 -1.014507
v -0.449593 -0.020423 -1.014069
v -0.447876 -0.020741 -1.014954
v -0.448412 -0.021106 -1.014753
v -0.449156 -0.020945 -1.014408
v -0.447960 -0.020872 -1.014918
v -0.448580 -0.021135 -1.014680
v -0.449315 -0.020838 -1.014302
v -0.448070 -0.020985 -1.014873
v -0.448756 -0.021134 -1.014597
v -0.449458 -0.020704 -1.014188
v -0.448203 -0.021078 -1.014818
v -0.448934 -0.021101 -1.014507
v -0.449581 -0.020545 -1.014069
v -0.447846 -0.020745 -1.014954
v -0.448355 -0.021146 -1.014753
v -0.449109 -0.021036 -1.014408
v -0.449679 -0.020364 -1.013943
v -0.447921 -0.020881 -1.014918
v -0.448521 -0.021187 -1.014680
v -0.449275 -0.020941 -1.014302
v -0.448023 -0.021002 -1.014873
v -0.448697 -0.021197 -1.014597
v -0.449427 -0.020816 -1.014188
v -0.448149 -0.021104 -1.014818
v -0.448877 -0.021176 -1.014507
v -0.449560 -0.020666 -1.014069
v -0.447815 -0.020747 -1.014954
v -0.448296 -0.021182 -1.014753
v -0.449056 -0.021124 -1.014408
v -0.449670 -0.020492 -1.013943
v -0.447881 -0.020888 -1.014918
v -0.448459 -0.021234 -1.014680
v -0.449228 -0.02104 -1.014302
v -0.447974 -0.021016 -1.014873
v -0.448634 -0.021256 -1.014597
v -0.449388 -0.020926 -1.014188
v -0.448094 -0.021126 -1.014818
v -0.448815 -0.021248 -1.014507
v -0.449531 -0.020785 -1.014069
v -0.448235 -0.021214 -1.014753
v -0.448996 -0.021207 -1.014408
v -0.449652 -0.020619 -1.013943
v -0.447841 -0.020892 -1.014918
v -0.448394 -0.021277 -1.014680
v -0.449174 -0.021135 -1.014302
v -0.449749 -0.020433 -1.013812
v -0.447925 -0.021026 -1.014873
v -0.448567 -0.021311 -1.014597
v -0.449341 -0.021033 -1.014188
v -0.448036 -0.021144 -1.014818
v -0.448748 -0.021315 -1.014507
v -0.449494 -0.020902 -1.014069
v -0.448171 -0.021242 -1.014753
v -0.448932 -0.021287 -1.014408
v -0.449626 -0.020745 -1.013943
v -0.448326 -0.021315 -1.014680
v -0.449114 -0.021227 -1.014302
v -0.449735 -0.020566 -1.013812
v -0.447875 -0.021033 -1.014873
v -0.448496 -0.021361 -1.014597
v -0.449288 -0.021136 -1.014188
v -0.449817 -0.020369 -1.013676
v -0.447978 -0.021158 -1.014818
v -0.448676 -0.021377 -1.014507
v -0.449449 -0.021016 -1.014069
v -0.448106 -0.021265 -1.014753
v -0.448862 -0.021362 -1.014408
v -0.449592 -0.020869 -1.013943
v -0.448255 -0.021348 -1.014680
v -0.449047 -0.021315 -1.014302
v -0.449712 -0.020697 -1.013812
v -0.447825 -0.021036 -1.014873
v -0.448422 -0.021406 -1.014597
v -0.449227 -0.021236 -1.014188
v -0.449807 -0.020506 -1.013676
v -0.447919 -0.021168 -1.014818
v -0.448601 -0.021434 -1.014507
v -0.449396 -0.021127 -1.014069
v -0.448040 -0.021283 -1.014753
v -0.448787 -0.021432 -1.014408
v -0.449549 -0.02099 -1.013943
v -0.448183 -0.021377 -1.014680
v -0.448975 -0.021397 -1.014302
v -0.449681 -0.020827 -1.013812
v -0.448345 -0.021446 -1.014597
v -0.449160 -0.021331 -1.014188
v -0.449789 -0.020643 -1.013676
v -0.447860 -0.021174 -1.014818
v -0.448521 -0.021486 -1.014507
v -0.449336 -0.021234 -1.014069
v -0.449868 -0.020441 -1.013537
v -0.447972 -0.021297 -1.014753
v -0.448707 -0.021496 -1.014408
v -0.449498 -0.021107 -1.013943
v -0.448108 -0.021401 -1.014680
v -0.448897 -0.021475 -1.014302
v -0.449641 -0.020954 -1.013812
v -0.448265 -0.02148 -1.014597
v -0.449086 -0.021422 -1.014188
v -0.449760 -0.020778 -1.013676
v -0.448439 -0.021533 -1.014507
v -0.449268 -0.021336 -1.014069
v -0.449854 -0.020582 -1.013537
v -0.447904 -0.021307 -1.014753
v -0.448624 -0.021556 -1.014408
v -0.449438 -0.021221 -1.013943
v -0.449917 -0.020372 -1.013394
v -0.448033 -0.021419 -1.014680
v -0.448815 -0.021547 -1.014302
v -0.449592 -0.021078 -1.013812
v -0.448184 -0.021509 -1.014597
v -0.449007 -0.021507 -1.014188
v -0.449723 -0.02091 -1.013676
v -0.448353 -0.021573 -1.014507
v -0.449194 -0.021434 -1.014069
v -0.449830 -0.020722 -1.013537
v -0.447835 -0.021312 -1.014753
v -0.448536 -0.021609 -1.014408
v -0.449372 -0.021331 -1.013943
v -0.449907 -0.020517 -1.013394
v -0.447956 -0.021432 -1.014680
v -0.448727 -0.021614 -1.014302
v -0.449534 -0.021199 -1.013812
v -0.448100 -0.021533 -1.014597
v -0.448922 -0.021586 -1.014188
v -0.449677 -0.02104 -1.013676
v -0.448265 -0.021608 -1.014507
v -0.449114 -0.021527 -1.014069
v -0.449796 -0.020859 -1.013537
v -0.448445 -0.021656 -1.014408
v -0.449298 -0.021436 -1.013943
v -0.449888 -0.02066 -1.013394
v -0.447878 -0.02144 -1.014680
v -0.448635 -0.021674 -1.014302
v -0.449469 -0.021315 -1.013812
v -0.449949 -0.020447 -1.013248
v -0.448016 -0.02155 -1.014597
v -0.448831 -0.02166 -1.014188
v -0.449622 -0.021167 -1.013676
v -0.448175 -0.021637 -1.014507
v -0.449027 -0.021614 -1.014069
v -0.449753 -0.020994 -1.013537
v -0.448351 -0.021697 -1.014408
v -0.449217 -0.021535 -1.013943
v -0.449858 -0.020802 -1.013394
v -0.448540 -0.021728 -1.014302
v -0.449396 -0.021426 -1.013812
v -0.449934 -0.020593 -1.013248
v -0.447930 -0.021562 -1.014597
v -0.448736 -0.021727 -1.014188
v -0.449559 -0.021289 -1.013676
v -0.449978 -0.020374 -1.013100
v -0.448082 -0.021659 -1.014507
v -0.448934 -0.021694 -1.014069
v -0.449701 -0.021126 -1.013537
v -0.448254 -0.021731 -1.014408
v -0.449129 -0.021629 -1.013943
v -0.449819 -0.020941 -1.013394
v -0.448441 -0.021775 -1.014302
v -0.449315 -0.021533 -1.013812
v -0.449909 -0.020738 -1.013248
v -0.447843 -0.021568 -1.014597
v -0.448636 -0.021788 -1.014188
v -0.449487 -0.021407 -1.013676
v -0.449968 -0.020523 -1.013100
v -0.447989 -0.021675 -1.014507
v -0.448836 -0.021768 -1.014069
v -0.449641 -0.021254 -1.013537
v -0.448156 -0.021759 -1.014408
v -0.449035 -0.021717 -1.013943
v -0.449771 -0.021077 -1.013394
v -0.448338 -0.021815 -1.014302
v -0.449228 -0.021633 -1.013812
v -0.449874 -0.020881 -1.013248
v -0.448533 -0.021841 -1.014188
v -0.449408 -0.021519 -1.013676
v -0.449948 -0.02067 -1.013100
v -0.447895 -0.021685 -1.014507
v -0.448734 -0.021836 -1.014069
v -0.449571 -0.021377 -1.013537
v -0.449990 -0.02045 -1.012950
v -0.448055 -0.02178 -1.014408
v -0.448936 -0.021798 -1.013943
v -0.449713 -0.02121 -1.013394
v -0.448234 -0.021848 -1.014302
v -0.449133 -0.021728 -1.013812
v -0.449830 -0.021021 -1.013248
v -0.448426 -0.021888 -1.014188
v -0.449321 -0.021626 -1.013676
v -0.449918 -0.020816 -1.013100
v -0.448627 -0.021896 -1.014069
v -0.449494 -0.021495 -1.013537
v -0.449974 -0.020599 -1.012950
v -0.447954 -0.021794 -1.014408
v -0.448831 -0.021872 -1.013943
v -0.449647 -0.021338 -1.013394
v -0.448127 -0.021874 -1.014302
v -0.449033 -0.021815 -1.013812
v -0.449776 -0.021158 -1.013248
v -0.448316 -0.021927 -1.014188
v -0.449227 -0.021727 -1.013676
v -0.449877 -0.020959 -1.013100
v -0.448516 -0.021949 -1.014069
v -0.449408 -0.021608 -1.013537
v -0.449949 -0.020747 -1.012950
v -0.447851 -0.021801 -1.014408
v -0.448721 -0.021938 -1.013943
v -0.449571 -0.021462 -1.013394
v -0.448019 -0.021893 -1.014302
v -0.448926 -0.021896 -1.013812
v -0.449712 -0.021291 -1.013248
v -0.448204 -0.021958 -1.014188
v -0.449126 -0.021821 -1.013676
v -0.449828 -0.0211 -1.013100
v -0.448402 -0.021994 -1.014069
v -0.449315 -0.021715 -1.013537
v -0.449913 -0.020892 -1.012950
v -0.448607 -0.021998 -1.013943
v -0.449488 -0.02158 -1.013394
v -0.447910 -0.021904 -1.014302
v -0.448815 -0.021969 -1.013812
v -0.449640 -0.021419 -1.013248
v -0.448090 -0.021982 -1.014188
v -0.449019 -0.021908 -1.013676
v -0.449768 -0.021236 -1.013100
v -0.448285 -0.022031 -1.014069
v -0.449215 -0.021815 -1.013537
v -0.449868 -0.021035 -1.012950
v -0.448490 -0.022049 -1.013943
v -0.449397 -0.021692 -1.013394
v -0.448699 -0.022034 -1.013812
v -0.449560 -0.021542 -1.013248
v -0.447975 -0.021998 -1.014188
v -0.448907 -0.021987 -1.013676
v -0.449700 -0.021368 -1.013100
v -0.448166 -0.02206 -1.014069
v -0.449108 -0.021908 -1.013537
v -0.449813 -0.021174 -1.012950
v -0.448369 -0.022092 -1.013943
v -0.449298 -0.021798 -1.013394
v -0.448578 -0.022092 -1.013812
v -0.449471 -0.021659 -1.013248
v -0.447858 -0.022006 -1.014188
v -0.448789 -0.022059 -1.013676
v -0.449622 -0.021495 -1.013100
v -0.448045 -0.022081 -1.014069
v -0.448995 -0.021994 -1.013537
v -0.449749 -0.02131 -1.012950
v -0.448245 -0.022126 -1.013943
v -0.449192 -0.021897 -1.013394
v -0.448454 -0.022141 -1.013812
v -0.449374 -0.02177 -1.013248
v -0.448667 -0.022122 -1.013676
v -0.449537 -0.021617 -1.013100
v -0.447923 -0.022093 -1.014069
v -0.448877 -0.022071 -1.013537
v -0.449675 -0.02144 -1.012950
v -0.448119 -0.022152 -1.013943
v -0.449080 -0.021988 -1.013394
v -0.448327 -0.022181 -1.013812
v -0.449270 -0.021874 -1.013248
v -0.448540 -0.022177 -1.013676
v -0.449443 -0.021732 -1.013100
v -0.448754 -0.022141 -1.013537
v -0.449593 -0.021566 -1.012950
v -0.447992 -0.02217 -1.013943
v -0.448962 -0.022071 -1.013394
v -0.448197 -0.022212 -1.013812
v -0.449159 -0.021971 -1.013248
v -0.448410 -0.022223 -1.013676
v -0.449341 -0.021841 -1.013100
v -0.448626 -0.022201 -1.013537
v -0.449503 -0.021685 -1.012950
v -0.447864 -0.022179 -1.013943
v -0.448838 -0.022147 -1.013394
v -0.448066 -0.022235 -1.013812
v -0.449042 -0.02206 -1.013248
v -0.448278 -0.02226 -1.013676
v -0.449232 -0.021943 -1.013100
v -0.448494 -0.022253 -1.013537
v -0.449404 -0.021798 -1.012950
v -0.448710 -0.022213 -1.013394
v -0.447933 -0.022249 -1.013812
v -0.448919 -0.02214 -1.013248
v -0.448143 -0.022289 -1.013676
v -0.449117 -0.022037 -1.013100
v -0.448359 -0.022296 -1.013537
v -0.449298 -0.021904 -1.012950
v -0.448577 -0.022271 -1.013394
v -0.448791 -0.022212 -1.013248
v -0.448006 -0.022307 -1.013676
v -0.448995 -0.022122 -1.013100
v -0.448222 -0.02233 -1.013537
v -0.449185 -0.022003 -1.012950
v -0.448441 -0.022319 -1.013394
v -0.448658 -0.022276 -1.013248
v -0.447869 -0.022317 -1.013676
v -0.448868 -0.0222 -1.013100
v -0.448082 -0.022354 -1.013537
v -0.449066 -0.022093 -1.012950
v -0.448302 -0.022358 -1.013394
v -0.448521 -0.02233 -1.013248
v -0.448736 -0.022268 -1.013100
v -0.447941 -0.022368 -1.013537
v -0.448940 -0.022175 -1.012950
v -0.448160 -0.022388 -1.013394
v -0.448381 -0.022374 -1.013248
v -0.448600 -0.022328 -1.013100
v -0.448810 -0.022249 -1.012950
v -0.448017 -0.022407 -1.013394
v -0.448238 -0.022409 -1.013248
v -0.448459 -0.022377 -1.013100
v -0.448674 -0.022313 -1.012950
v -0.447872 -0.022417 -1.013394
v -0.448093 -0.022434 -1.013248
v -0.448316 -0.022418 -1.013100
v -0.448535 -0.022368 -1.012950
v -0.447947 -0.022449 -1.013248
v -0.448170 -0.022448 -1.013100
v -0.448392 -0.022413 -1.012950
v -0.448023 -0.022468 -1.013100
v -0.448247 -0.022449 -1.012950
v -0.447874 -0.022478 -1.013100
v -0.448099 -0.022474 -1.012950
v -0.447950 -0.02249 -1.012950
v -0.447800 0.0203 1.015000
v -0.447800 -0.0203 1.015000
v 0.447800 0.0203 1.015000
v 0.447800 -0.0203 1.015000
v -0.447800 -0.0225 1.012800
v -0.447928 -0.022496 1.012800
v -0.448055 -0.022485 1.012800
v -0.448182 -0.022467 1.012800
v -0.448307 -0.022441 1.012800
v -0.448431 -0.022408 1.012800
v -0.448552 -0.022367 1.012800
v -0.448671 -0.02232 1.012800
v -0.448787 -0.022266 1.012800
v -0.448900 -0.022205 1.012800
v -0.449009 -0.022138 1.012800
v -0.449114 -0.022065 1.012800
v -0.449214 -0.021985 1.012800
v -0.449310 -0.0219 1.012800
v -0.449400 -0.02181 1.012800
v -0.449485 -0.021714 1.012800
v -0.449565 -0.021614 1.012800
v -0.449638 -0.021509 1.012800
v -0.449705 -0.0214 1.012800
v -0.449766 -0.021287 1.012800
v -0.449820 -0.021171 1.012800
v -0.449867 -0.021052 1.012800
v -0.449908 -0.020931 1.012800
v -0.449941 -0.020807 1.012800
v -0.449967 -0.020682 1.012800
v -0.449985 -0.020555 1.012800
v -0.449996 -0.020428 1.012800
v -0.450000 -0.0203 1.012800
v -0.447800 -0.0225 1.012800
v -0.447800 -0.022496 1.012928
v -0.447800 -0.022485 1.013055
v -0.447800 -0.022467 1.013182
v -0.447800 -0.022441 1.013307
v -0.447800 -0.022408 1.013431
v -0.447800 -0.022367 1.013552
v -0.447800 -0.02232 1.013671
v -0.447800 -0.022266 1.013787
v -0.447800 -0.022205 1.013900
v -0.447800 -0.022138 1.014009
v -0.447800 -0.022065 1.014114
v -0.447800 -0.021985 1.014214
v -0.447800 -0.0219 1.014310
v -0.447800 -0.02181 1.014400
v -0.447800 -0.021714 1.014485
v -0.447800 -0.021614 1.014565
v -0.447800 -0.021509 1.014638
v -0.447800 -0.0214 1.014705
v -0.447800 -0.021287 1.014766
v -0.447800 -0.021171 1.014820
v -0.447800 -0.021052 1.014867
v -0.447800 -0.020931 1.014908
v -0.447800 -0.020807 1.014941
v -0.447800 -0.020682 1.014967
v -0.447800 -0.020555 1.014985
v -0.447800 -0.020428 1.014996
v -0.447800 -0.0203 1.015000
v -0.449996 -0.0203 1.012928
v -0.449985 -0.0203 1.013055
v -0.449967 -0.0203 1.013182
v -0.449941 -0.0203 1.013307
v -0.449908 -0.0203 1.013431
v -0.449867 -0.0203 1.013552
v -0.449820 -0.0203 1.013671
v -0.449766 -0.0203 1.013787
v -0.449705 -0.0203 1.013900
v -0.449638 -0.0203 1.014009
v -0.449565 -0.0203 1.014114
v -0.449485 -0.0203 1.014214
v -0.449400 -0.0203 1.014310
v -0.449310 -0.0203 1.014400
v -0.449214 -0.0203 1.014485
v -0.449114 -0.0203 1.014565
v -0.449009 -0.0203 1.014638
v -0.448900 -0.0203 1.014705
v -0.448787 -0.0203 1.014766
v -0.448671 -0.0203 1.014820
v -0.448552 -0.0203 1.014867
v -0.448431 -0.0203 1.014908
v -0.448307 -0.0203 1.014941
v -0.448182 -0.0203 1.014967
v -0.448055 -0.0203 1.014985
v -0.447928 -0.0203 1.014996
v -0.447950 -0.022495 1.012805
v -0.447949 -0.022495 1.012815
v -0.447948 -0.022495 1.012826
v -0.448099 -0.02248 1.012820
v -0.447946 -0.022495 1.012836
v -0.448097 -0.02248 1.012841
v -0.448247 -0.022454 1.012815
v -0.447943 -0.022495 1.012845
v -0.448093 -0.02248 1.012861
v -0.448245 -0.022454 1.012846
v -0.447940 -0.022495 1.012855
v -0.448088 -0.02248 1.012881
v -0.448241 -0.022454 1.012876
v -0.448392 -0.022418 1.012841
v -0.447936 -0.022495 1.012864
v -0.448082 -0.02248 1.012900
v -0.448235 -0.022454 1.012906
v -0.448388 -0.022418 1.012881
v -0.447931 -0.022495 1.012874
v -0.448536 -0.022373 1.012825
v -0.448075 -0.02248 1.012919
v -0.448227 -0.022454 1.012935
v -0.448381 -0.022418 1.012921
v -0.447926 -0.022495 1.012882
v -0.448533 -0.022373 1.012875
v -0.448066 -0.02248 1.012938
v -0.448216 -0.022454 1.012964
v -0.448372 -0.022418 1.012960
v -0.447920 -0.022495 1.012891
v -0.448526 -0.022373 1.012925
v -0.448056 -0.02248 1.012956
v -0.448674 -0.022318 1.012860
v -0.448204 -0.022454 1.012992
v -0.448359 -0.022418 1.012999
v -0.447913 -0.022495 1.012899
v -0.448516 -0.022373 1.012974
v -0.448045 -0.02248 1.012973
v -0.448668 -0.022318 1.012919
v -0.448190 -0.022454 1.013019
v -0.448812 -0.022253 1.012835
v -0.448344 -0.022418 1.013036
v -0.447906 -0.022495 1.012906
v -0.448502 -0.022373 1.013023
v -0.448032 -0.02248 1.012989
v -0.448658 -0.022318 1.012978
v -0.448174 -0.022454 1.013045
v -0.448807 -0.022253 1.012904
v -0.448327 -0.022418 1.013073
v -0.447899 -0.022495 1.012913
v -0.448485 -0.022373 1.013070
v -0.448019 -0.02248 1.013004
v -0.448644 -0.022318 1.013036
v -0.448157 -0.022454 1.013070
v -0.448797 -0.022253 1.012972
v -0.448307 -0.022418 1.013108
v -0.448940 -0.02218 1.012878
v -0.447891 -0.022495 1.012920
v -0.448465 -0.022373 1.013116
v -0.448004 -0.02248 1.013019
v -0.448626 -0.022318 1.013094
v -0.448137 -0.022454 1.013094
v -0.448783 -0.022253 1.013040
v -0.448285 -0.022418 1.013142
v -0.448932 -0.02218 1.012956
v -0.447882 -0.022495 1.012926
v -0.448442 -0.022373 1.013161
v -0.449068 -0.022097 1.012843
v -0.447989 -0.02248 1.013032
v -0.448604 -0.022318 1.013149
v -0.448117 -0.022454 1.013117
v -0.448765 -0.022253 1.013106
v -0.448260 -0.022418 1.013175
v -0.448919 -0.02218 1.013033
v -0.447874 -0.022495 1.012931
v -0.448416 -0.022373 1.013204
v -0.449062 -0.022097 1.012930
v -0.447973 -0.02248 1.013045
v -0.448578 -0.022318 1.013203
v -0.448094 -0.022454 1.013137
v -0.448742 -0.022253 1.013171
v -0.448234 -0.022418 1.013205
v -0.448901 -0.02218 1.013108
v -0.447864 -0.022495 1.012936
v -0.448387 -0.022373 1.013245
v -0.449050 -0.022097 1.013016
v -0.447956 -0.02248 1.013056
v -0.448549 -0.022318 1.013255
v -0.449185 -0.022007 1.012895
v -0.448070 -0.022454 1.013157
v -0.448714 -0.022253 1.013235
v -0.448205 -0.022418 1.013234
v -0.448877 -0.02218 1.013183
v -0.447855 -0.022495 1.012940
v -0.448355 -0.022373 1.013284
v -0.449033 -0.022097 1.013100
v -0.447938 -0.02248 1.013066
v -0.448516 -0.022318 1.013305
v -0.449175 -0.022007 1.012989
v -0.448045 -0.022454 1.013174
v -0.448682 -0.022253 1.013296
v -0.449301 -0.021908 1.012851
v -0.448175 -0.022418 1.013260
v -0.448848 -0.02218 1.013255
v -0.447845 -0.022495 1.012943
v -0.448321 -0.022373 1.013321
v -0.449009 -0.022097 1.013184
v -0.447919 -0.02248 1.013075
v -0.448480 -0.022318 1.013353
v -0.449159 -0.022007 1.013082
v -0.448019 -0.022454 1.013190
v -0.448646 -0.022253 1.013355
v -0.449294 -0.021908 1.012954
v -0.448142 -0.022418 1.013285
v -0.448815 -0.02218 1.013326
v -0.447836 -0.022495 1.012946
v -0.448284 -0.022373 1.013355
v -0.448980 -0.022097 1.013265
v -0.447900 -0.02248 1.013082
v -0.448441 -0.022318 1.013398
v -0.449137 -0.022007 1.013175
v -0.447992 -0.022454 1.013204
v -0.448606 -0.022253 1.013412
v -0.449280 -0.021908 1.013055
v -0.448108 -0.022418 1.013307
v -0.448777 -0.02218 1.013394
v -0.449404 -0.021802 1.012910
v -0.447826 -0.022495 1.012948
v -0.448245 -0.022373 1.013387
v -0.448946 -0.022097 1.013345
v -0.447881 -0.02248 1.013088
v -0.448398 -0.022318 1.013441
v -0.449108 -0.022007 1.013265
v -0.447964 -0.022454 1.013216
v -0.448563 -0.022253 1.013465
v -0.449259 -0.021908 1.013156
v -0.448073 -0.022418 1.013327
v -0.448734 -0.02218 1.013459
v -0.449393 -0.021802 1.013019
v -0.447815 -0.022495 1.012949
v -0.448204 -0.022373 1.013416
v -0.448906 -0.022097 1.013422
v -0.449506 -0.021688 1.012858
v -0.447861 -0.02248 1.013093
v -0.448353 -0.022318 1.013480
v -0.449073 -0.022007 1.013353
v -0.447935 -0.022454 1.013227
v -0.448516 -0.022253 1.013516
v -0.449231 -0.021908 1.013254
v -0.448036 -0.022418 1.013344
v -0.448687 -0.02218 1.013521
v -0.449374 -0.021802 1.013127
v -0.447805 -0.022495 1.012950
v -0.448161 -0.022373 1.013442
v -0.448861 -0.022097 1.013496
v -0.449498 -0.021688 1.012975
v -0.447841 -0.02248 1.013097
v -0.448305 -0.022318 1.013516
v -0.449033 -0.022007 1.013439
v -0.447906 -0.022454 1.013235
v -0.448465 -0.022253 1.013563
v -0.449197 -0.021908 1.013351
v -0.447999 -0.022418 1.013359
v -0.448635 -0.02218 1.013580
v -0.449348 -0.021802 1.013234
v -0.448116 -0.022373 1.013465
v -0.448811 -0.022097 1.013567
v -0.449482 -0.021688 1.013090
v -0.447820 -0.02248 1.013099
v -0.448255 -0.022318 1.013549
v -0.448986 -0.022007 1.013521
v -0.449593 -0.021569 1.012923
v -0.447876 -0.022454 1.013241
v -0.448412 -0.022253 1.013606
v -0.449156 -0.021908 1.013445
v -0.447960 -0.022418 1.013372
v -0.448580 -0.02218 1.013635
v -0.449315 -0.021802 1.013338
v -0.448070 -0.022373 1.013485
v -0.448756 -0.022097 1.013634
v -0.449458 -0.021688 1.013204
v -0.448203 -0.022318 1.013578
v -0.448934 -0.022007 1.013601
v -0.449581 -0.021569 1.013045
v -0.447846 -0.022454 1.013245
v -0.448355 -0.022253 1.013646
v -0.449109 -0.021908 1.013536
v -0.449679 -0.021443 1.012864
v -0.447921 -0.022418 1.013381
v -0.448521 -0.02218 1.013687
v -0.449275 -0.021802 1.013441
v -0.448023 -0.022373 1.013502
v -0.448697 -0.022097 1.013697
v -0.449427 -0.021688 1.013316
v -0.448149 -0.022318 1.013604
v -0.448877 -0.022007 1.013676
v -0.449560 -0.021569 1.013166
v -0.447815 -0.022454 1.013247
v -0.448296 -0.022253 1.013682
v -0.449056 -0.021908 1.013624
v -0.449670 -0.021443 1.012992
v -0.447881 -0.022418 1.013388
v -0.448459 -0.02218 1.013734
v -0.449228 -0.021802 1.013540
v -0.447974 -0.022373 1.013516
v -0.448634 -0.022097 1.013756
v -0.449388 -0.021688 1.013426
v -0.448094 -0.022318 1.013626
v -0.448815 -0.022007 1.013748
v -0.449531 -0.021569 1.013285
v -0.448235 -0.022253 1.013714
v -0.448996 -0.021908 1.013707
v -0.449652 -0.021443 1.013119
v -0.447841 -0.022418 1.013392
v -0.448394 -0.02218 1.013777
v -0.449174 -0.021802 1.013635
v -0.449749 -0.021312 1.012933
v -0.447925 -0.022373 1.013526
v -0.448567 -0.022097 1.013811
v -0.449341 -0.021688 1.013533
v -0.448036 -0.022318 1.013644
v -0.448748 -0.022007 1.013815
v -0.449494 -0.021569 1.013402
v -0.448171 -0.022253 1.013742
v -0.448932 -0.021908 1.013787
v -0.449626 -0.021443 1.013245
v -0.448326 -0.02218 1.013815
v -0.449114 -0.021802 1.013727
v -0.449735 -0.021312 1.013066
v -0.447875 -0.022373 1.013533
v -0.448496 -0.022097 1.013861
v -0.449288 -0.021688 1.013636
v -0.449817 -0.021176 1.012869
v -0.447978 -0.022318 1.013658
v -0.448676 -0.022007 1.013877
v -0.449449 -0.021569 1.013516
v -0.448106 -0.022253 1.013765
v -0.448862 -0.021908 1.013862
v -0.449592 -0.021443 1.013369
v -0.448255 -0.02218 1.013848
v -0.449047 -0.021802 1.013815
v -0.449712 -0.021312 1.013197
v -0.447825 -0.022373 1.013536
v -0.448422 -0.022097 1.013906
v -0.449227 -0.021688 1.013736
v -0.449807 -0.021176 1.013006
v -0.447919 -0.022318 1.013668
v -0.448601 -0.022007 1.013934
v -0.449396 -0.021569 1.013627
v -0.448040 -0.022253 1.013783
v -0.448787 -0.021908 1.013932
v -0.449549 -0.021443 1.013490
v -0.448183 -0.02218 1.013877
v -0.448975 -0.021802 1.013897
v -0.449681 -0.021312 1.013327
v -0.448345 -0.022097 1.013946
v -0.449160 -0.021688 1.013831
v -0.449789 -0.021176 1.013143
v -0.447860 -0.022318 1.013674
v -0.448521 -0.022007 1.013986
v -0.449336 -0.021569 1.013734
v -0.449868 -0.021037 1.012941
v -0.447972 -0.022253 1.013797
v -0.448707 -0.021908 1.013996
v -0.449498 -0.021443 1.013607
v -0.448108 -0.02218 1.013901
v -0.448897 -0.021802 1.013975
v -0.449641 -0.021312 1.013454
v -0.448265 -0.022097 1.013980
v -0.449086 -0.021688 1.013922
v -0.449760 -0.021176 1.013278
v -0.448439 -0.022007 1.014033
v -0.449268 -0.021569 1.013836
v -0.449854 -0.021037 1.013082
v -0.447904 -0.022253 1.013807
v -0.448624 -0.021908 1.014056
v -0.449438 -0.021443 1.013721
v -0.449917 -0.020894 1.012872
v -0.448033 -0.02218 1.013919
v -0.448815 -0.021802 1.014047
v -0.449592 -0.021312 1.013578
v -0.448184 -0.022097 1.014009
v -0.449007 -0.021688 1.014007
v -0.449723 -0.021176 1.013410
v -0.448353 -0.022007 1.014073
v -0.449194 -0.021569 1.013934
v -0.449830 -0.021037 1.013222
v -0.447835 -0.022253 1.013812
v -0.448536 -0.021908 1.014109
v -0.449372 -0.021443 1.013831
v -0.449907 -0.020894 1.013017
v -0.447956 -0.02218 1.013932
v -0.448727 -0.021802 1.014114
v -0.449534 -0.021312 1.013699
v -0.448100 -0.022097 1.014033
v -0.448922 -0.021688 1.014086
v -0.449677 -0.021176 1.013540
v -0.448265 -0.022007 1.014108
v -0.449114 -0.021569 1.014027
v -0.449796 -0.021037 1.013359
v -0.448445 -0.021908 1.014156
v -0.449298 -0.021443 1.013936
v -0.449888 -0.020894 1.013160
v -0.447878 -0.02218 1.013940
v -0.448635 -0.021802 1.014174
v -0.449469 -0.021312 1.013815
v -0.449949 -0.020748 1.012947
v -0.448016 -0.022097 1.014050
v -0.448831 -0.021688 1.014160
v -0.449622 -0.021176 1.013667
v -0.448175 -0.022007 1.014137
v -0.449027 -0.021569 1.014114
v -0.449753 -0.021037 1.013494
v -0.448351 -0.021908 1.014197
v -0.449217 -0.021443 1.014035
v -0.449858 -0.020894 1.013302
v -0.448540 -0.021802 1.014228
v -0.449396 -0.021312 1.013926
v -0.449934 -0.020748 1.013093
v -0.447930 -0.022097 1.014062
v -0.448736 -0.021688 1.014227
v -0.449559 -0.021176 1.013789
v -0.449978 -0.0206 1.012874
v -0.448082 -0.022007 1.014159
v -0.448934 -0.021569 1.014194
v -0.449701 -0.021037 1.013626
v -0.448254 -0.021908 1.014231
v -0.449129 -0.021443 1.014129
v -0.449819 -0.020894 1.013441
v -0.448441 -0.021802 1.014275
v -0.449315 -0.021312 1.014033
v -0.449909 -0.020748 1.013238
v -0.447843 -0.022097 1.014068
v -0.448636 -0.021688 1.014288
v -0.449487 -0.021176 1.013907
v -0.449968 -0.0206 1.013023
v -0.447989 -0.022007 1.014175
v -0.448836 -0.021569 1.014268
v -0.449641 -0.021037 1.013754
v -0.448156 -0.021908 1.014259
v -0.449035 -0.021443 1.014217
v -0.449771 -0.020894 1.013577
v -0.448338 -0.021802 1.014315
v -0.449228 -0.021312 1.014133
v -0.449874 -0.020748 1.013381
v -0.448533 -0.021688 1.014341
v -0.449408 -0.021176 1.014019
v -0.449948 -0.0206 1.013170
v -0.447895 -0.022007 1.014185
v -0.448734 -0.021569 1.014336
v -0.449571 -0.021037 1.013877
v -0.449990 -0.02045 1.012950
v -0.448055 -0.021908 1.014280
v -0.448936 -0.021443 1.014298
v -0.449713 -0.020894 1.013710
v -0.448234 -0.021802 1.014348
v -0.449133 -0.021312 1.014228
v -0.449830 -0.020748 1.013521
v -0.448426 -0.021688 1.014388
v -0.449321 -0.021176 1.014126
v -0.449918 -0.0206 1.013316
v -0.448627 -0.021569 1.014396
v -0.449494 -0.021037 1.013995
v -0.449974 -0.02045 1.013099
v -0.447954 -0.021908 1.014294
v -0.448831 -0.021443 1.014372
v -0.449647 -0.020894 1.013838
v -0.448127 -0.021802 1.014374
v -0.449033 -0.021312 1.014315
v -0.449776 -0.020748 1.013658
v -0.448316 -0.021688 1.014427
v -0.449227 -0.021176 1.014227
v -0.449877 -0.0206 1.013459
v -0.448516 -0.021569 1.014449
v -0.449408 -0.021037 1.014108
v -0.449949 -0.02045 1.013247
v -0.447851 -0.021908 1.014301
v -0.448721 -0.021443 1.014438
v -0.449571 -0.020894 1.013962
v -0.448019 -0.021802 1.014393
v -0.448926 -0.021312 1.014396
v -0.449712 -0.020748 1.013791
v -0.448204 -0.021688 1.014458
v -0.449126 -0.021176 1.014321
v -0.449828 -0.0206 1.013600
v -0.448402 -0.021569 1.014494
v -0.449315 -0.021037 1.014215
v -0.449913 -0.02045 1.013392
v -0.448607 -0.021443 1.014498
v -0.449488 -0.020894 1.014080
v -0.447910 -0.021802 1.014404
v -0.448815 -0.021312 1.014469
v -0.449640 -0.020748 1.013919
v -0.448090 -0.021688 1.014482
v -0.449019 -0.021176 1.014408
v -0.449768 -0.0206 1.013736
v -0.448285 -0.021569 1.014531
v -0.449215 -0.021037 1.014315
v -0.449868 -0.02045 1.013535
v -0.448490 -0.021443 1.014549
v -0.449397 -0.020894 1.014192
v -0.448699 -0.021312 1.014534
v -0.449560 -0.020748 1.014042
v -0.447975 -0.021688 1.014498
v -0.448907 -0.021176 1.014487
v -0.449700 -0.0206 1.013868
v -0.448166 -0.021569 1.014560
v -0.449108 -0.021037 1.014408
v -0.449813 -0.02045 1.013674
v -0.448369 -0.021443 1.014592
v -0.449298 -0.020894 1.014298
v -0.448578 -0.021312 1.014592
v -0.449471 -0.020748 1.014159
v -0.447858 -0.021688 1.014506
v -0.448789 -0.021176 1.014559
v -0.449622 -0.0206 1.013995
v -0.448045 -0.021569 1.014581
v -0.448995 -0.021037 1.014494
v -0.449749 -0.02045 1.013810
v -0.448245 -0.021443 1.014626
v -0.449192 -0.020894 1.014397
v -0.448454 -0.021312 1.014641
v -0.449374 -0.020748 1.014270
v -0.448667 -0.021176 1.014622
v -0.449537 -0.0206 1.014117
v -0.447923 -0.021569 1.014593
v -0.448877 -0.021037 1.014571
v -0.449675 -0.02045 1.013940
v -0.448119 -0.021443 1.014652
v -0.449080 -0.020894 1.014488
v -0.448327 -0.021312 1.014681
v -0.449270 -0.020748 1.014374
v -0.448540 -0.021176 1.014677
v -0.449443 -0.0206 1.014232
v -0.448754 -0.021037 1.014641
v -0.449593 -0.02045 1.014066
v -0.447992 -0.021443 1.014670
v -0.448962 -0.020894 1.014571
v -0.448197 -0.021312 1.014712
v -0.449159 -0.020748 1.014471
v -0.448410 -0.021176 1.014723
v -0.449341 -0.0206 1.014341
v -0.448626 -0.021037 1.014701
v -0.449503 -0.02045 1.014185
v -0.447864 -0.021443 1.014679
v -0.448838 -0.020894 1.014647
v -0.448066 -0.021312 1.014735
v -0.449042 -0.020748 1.014560
v -0.448278 -0.021176 1.014760
v -0.449232 -0.0206 1.014443
v -0.448494 -0.021037 1.014753
v -0.449404 -0.02045 1.014298
v -0.448710 -0.020894 1.014713
v -0.447933 -0.021312 1.014749
v -0.448919 -0.020748 1.014640
v -0.448143 -0.021176 1.014789
v -0.449117 -0.0206 1.014537
v -0.448359 -0.021037 1.014796
v -0.449298 -0.02045 1.014404
v -0.448577 -0.020894 1.014771
v -0.448791 -0.020748 1.014712
v -0.448006 -0.021176 1.014807
v -0.448995 -0.0206 1.014622
v -0.448222 -0.021037 1.014830
v -0.449185 -0.02045 1.014503
v -0.448441 -0.020894 1.014819
v -0.448658 -0.020748 1.014776
v -0.447869 -0.021176 1.014817
v -0.448868 -0.0206 1.014700
v -0.448082 -0.021037 1.014854
v -0.449066 -0.02045 1.014593
v -0.448302 -0.020894 1.014858
v -0.448521 -0.020748 1.014830
v -0.448736 -0.0206 1.014768
v -0.447941 -0.021037 1.014868
v -0.448940 -0.02045 1.014675
v -0.448160 -0.020894 1.014888
v -0.448381 -0.020748 1.014874
v -0.448600 -0.0206 1.014828
v -0.448810 -0.02045 1.014749
v -0.448017 -0.020894 1.014907
v -0.448238 -0.020748 1.014909
v -0.448459 -0.0206 1.014877
v -0.448674 -0.02045 1.014813
v -0.447872 -0.020894 1.014917
v -0.448093 -0.020748 1.014934
v -0.448316 -0.0206 1.014918
v -0.448535 -0.02045 1.014868
v -0.447947 -0.020748 1.014949
v -0.448170 -0.0206 1.014948
v -0.448392 -0.02045 1.014913
v -0.448023 -0.0206 1.014968
v -0.448247 -0.02045 1.014949
v -0.447874 -0.0206 1.014978
v -0.448099 -0.02045 1.014974
v -0.447950 -0.02045 1.014990
v -0.447800 -0.0225 -1.012800
v -0.447800 -0.0225 1.012800
v 0.447800 -0.0225 1.012800
v 0.447800 -0.0225 -1.012800
v -0.077800 -0.0225 0.767200
v 0.077800 -0.0225 0.767200
v -0.078056 -0.0225 0.767193
v -0.078311 -0.0225 0.767170
v -0.078564 -0.0225 0.767133
v -0.078815 -0.0225 0.767081
v -0.079062 -0.0225 0.767015
v -0.079305 -0.0225 0.766935
v -0.079543 -0.0225 0.766840
v -0.079775 -0.0225 0.766732
v -0.080000 -0.0225 0.766611
v -0.080218 -0.0225 0.766476
v -0.080427 -0.0225 0.766329
v -0.080628 -0.0225 0.766171
v -0.080819 -0.0225 0.766000
v -0.081000 -0.0225 0.765819
v -0.081171 -0.0225 0.765628
v -0.081329 -0.0225 0.765427
v -0.081476 -0.0225 0.765218
v -0.081611 -0.0225 0.765000
v -0.081732 -0.0225 0.764775
v -0.081840 -0.0225 0.764543
v -0.081935 -0.0225 0.764305
v -0.082015 -0.0225 0.764062
v -0.082081 -0.0225 0.763815
v -0.082133 -0.0225 0.763564
v -0.082170 -0.0225 0.763311
v -0.082193 -0.0225 0.763056
v -0.082200 -0.0225 0.762800
v -0.082200 -0.0225 0.047200
v -0.077800 -0.0225 0.042800
v -0.078056 -0.0225 0.042807
v -0.078311 -0.0225 0.042830
v -0.078564 -0.0225 0.042867
v -0.078815 -0.0225 0.042919
v -0.079062 -0.0225 0.042985
v -0.079305 -0.0225 0.043065
v -0.079543 -0.0225 0.043160
v -0.079775 -0.0225 0.043268
v -0.080000 -0.0225 0.043389
v -0.080218 -0.0225 0.043524
v -0.080427 -0.0225 0.043671
v -0.080628 -0.0225 0.043829
v -0.080819 -0.0225 0.044000
v -0.081000 -0.0225 0.044181
v -0.081171 -0.0225 0.044372
v -0.081329 -0.0225 0.044573
v -0.081476 -0.0225 0.044782
v -0.081611 -0.0225 0.045000
v -0.081732 -0.0225 0.045225
v -0.081840 -0.0225 0.045457
v -0.081935 -0.0225 0.045695
v -0.082015 -0.0225 0.045938
v -0.082081 -0.0225 0.046185
v -0.082133 -0.0225 0.046436
v -0.082170 -0.0225 0.046689
v -0.082193 -0.0225 0.046944
v 0.077800 -0.0225 0.042800
v 0.082200 -0.0225 0.047200
v 0.082193 -0.0225 0.046944
v 0.082170 -0.0225 0.046689
v 0.082133 -0.0225 0.046436
v 0.082081 -0.0225 0.046185
v 0.082015 -0.0225 0.045938
v 0.081935 -0.0225 0.045695
v 0.081840 -0.0225 0.045457
v 0.081732 -0.0225 0.045225
v 0.081611 -0.0225 0.045000
v 0.081476 -0.0225 0.044782
v 0.081329 -0.0225 0.044573
v 0.081171 -0.0225 0.044372
v 0.081000 -0.0225 0.044181
v 0.080819 -0.0225 0.044000
v 0.080628 -0.0225 0.043829
v 0.080427 -0.0225 0.043671
v 0.080218 -0.0225 0.043524
v 0.080000 -0.0225 0.043389
v 0.079775 -0.0225 0.043268
v 0.079543 -0.0225 0.043160
v 0.079305 -0.0225 0.043065
v 0.079062 -0.0225 0.042985
v 0.078815 -0.0225 0.042919
v 0.078564 -0.0225 0.042867
v 0.078311 -0.0225 0.042830
v 0.078056 -0.0225 0.042807
v 0.082200 -0.0225 0.762800
v 0.078056 -0.0225 0.767193
v 0.078311 -0.0225 0.767170
v 0.078564 -0.0225 0.767133
v 0.078815 -0.0225 0.767081
v 0.079062 -0.0225 0.767015
v 0.079305 -0.0225 0.766935
v 0.079543 -0.0225 0.766840
v 0.079775 -0.0225 0.766732
v 0.080000 -0.0225 0.766611
v 0.080218 -0.0225 0.766476
v 0.080427 -0.0225 0.766329
v 0.080628 -0.0225 0.766171
v 0.080819 -0.0225 0.766000
v 0.081000 -0.0225 0.765819
v 0.081171 -0.0225 0.765628
v 0.081329 -0.0225 0.765427
v 0.081476 -0.0225 0.765218
v 0.081611 -0.0225 0.765000
v 0.081732 -0.0225 0.764775
v 0.081840 -0.0225 0.764543
v 0.081935 -0.0225 0.764305
v 0.082015 -0.0225 0.764062
v 0.082081 -0.0225 0.763815
v 0.082133 -0.0225 0.763564
v 0.082170 -0.0225 0.763311
v 0.082193 -0.0225 0.763056
v -0.447800 0.0203 -1.015000
v -0.447800 0.020428 -1.014996
v -0.447800 0.020555 -1.014985
v -0.447800 0.020682 -1.014967
v -0.447800 0.020807 -1.014941
v -0.447800 0.020931 -1.014908
v -0.447800 0.021052 -1.014867
v -0.447800 0.021171 -1.014820
v -0.447800 0.021287 -1.014766
v -0.447800 0.0214 -1.014705
v -0.447800 0.021509 -1.014638
v -0.447800 0.021614 -1.014565
v -0.447800 0.021714 -1.014485
v -0.447800 0.02181 -1.014400
v -0.447800 0.0219 -1.014310
v -0.447800 0.021985 -1.014214
v -0.447800 0.022065 -1.014114
v -0.447800 0.022138 -1.014009
v -0.447800 0.022205 -1.013900
v -0.447800 0.022266 -1.013787
v -0.447800 0.02232 -1.013671
v -0.447800 0.022367 -1.013552
v -0.447800 0.022408 -1.013431
v -0.447800 0.022441 -1.013307
v -0.447800 0.022467 -1.013182
v -0.447800 0.022485 -1.013055
v -0.447800 0.022496 -1.012928
v -0.447800 0.0225 -1.012800
v 0.447800 0.0203 -1.015000
v 0.447800 0.0225 -1.012800
v 0.447800 0.022496 -1.012928
v 0.447800 0.022485 -1.013055
v 0.447800 0.022467 -1.013182
v 0.447800 0.022441 -1.013307
v 0.447800 0.022408 -1.013431
v 0.447800 0.022367 -1.013552
v 0.447800 0.02232 -1.013671
v 0.447800 0.022266 -1.013787
v 0.447800 0.022205 -1.013900
v 0.447800 0.022138 -1.014009
v 0.447800 0.022065 -1.014114
v 0.447800 0.021985 -1.014214
v 0.447800 0.0219 -1.014310
v 0.447800 0.02181 -1.014400
v 0.447800 0.021714 -1.014485
v 0.447800 0.021614 -1.014565
v 0.447800 0.021509 -1.014638
v 0.447800 0.0214 -1.014705
v 0.447800 0.021287 -1.014766
v 0.447800 0.021171 -1.014820
v 0.447800 0.021052 -1.014867
v 0.447800 0.020931 -1.014908
v 0.447800 0.020807 -1.014941
v 0.447800 0.020682 -1.014967
v 0.447800 0.020555 -1.014985
v 0.447800 0.020428 -1.014996
v -0.447800 0.0203 1.015000
v -0.447800 0.020428 1.014996
v -0.447800 0.020555 1.014985
v -0.447800 0.020682 1.014967
v -0.447800 0.020807 1.014941
v -0.447800 0.020931 1.014908
v -0.447800 0.021052 1.014867
v -0.447800 0.021171 1.014820
v -0.447800 0.021287 1.014766
v -0.447800 0.0214 1.014705
v -0.447800 0.021509 1.014638
v -0.447800 0.021614 1.014565
v -0.447800 0.021714 1.014485
v -0.447800 0.02181 1.014400
v -0.447800 0.0219 1.014310
v -0.447800 0.021985 1.014214
v -0.447800 0.022065 1.014114
v -0.447800 0.022138 1.014009
v -0.447800 0.022205 1.013900
v -0.447800 0.022266 1.013787
v -0.447800 0.02232 1.013671
v -0.447800 0.022367 1.013552
v -0.447800 0.022408 1.013431
v -0.447800 0.022441 1.013307
v -0.447800 0.022467 1.013182
v -0.447800 0.022485 1.013055
v -0.447800 0.022496 1.012928
v -0.447800 0.0225 1.012800
v 0.447800 0.0203 1.015000
v 0.447800 0.020428 1.014996
v 0.447800 0.020555 1.014985
v 0.447800 0.020682 1.014967
v 0.447800 0.020807 1.014941
v 0.447800 0.020931 1.014908
v 0.447800 0.021052 1.014867
v 0.447800 0.021171 1.014820
v 0.447800 0.021287 1.014766
v 0.447800 0.0214 1.014705
v 0.447800 0.021509 1.014638
v 0.447800 0.021614 1.014565
v 0.447800 0.021714 1.014485
v 0.447800 0.02181 1.014400
v 0.447800 0.0219 1.014310
v 0.447800 0.021985 1.014214
v 0.447800 0.022065 1.014114
v 0.447800 0.022138 1.014009
v 0.447800 0.022205 1.013900
v 0.447800 0.022266 1.013787
v 0.447800 0.02232 1.013671
v 0.447800 0.022367 1.013552
v 0.447800 0.022408 1.013431
v 0.447800 0.022441 1.013307
v 0.447800 0.022467 1.013182
v 0.447800 0.022485 1.013055
v 0.447800 0.022496 1.012928
v 0.447800 0.0225 1.012800
v 0.450000 0.0203 -1.012800
v 0.449996 0.020428 -1.012800
v 0.449985 0.020555 -1.012800
v 0.449967 0.020682 -1.012800
v 0.449941 0.020807 -1.012800
v 0.449908 0.020931 -1.012800
v 0.449867 0.021052 -1.012800
v 0.449820 0.021171 -1.012800
v 0.449766 0.021287 -1.012800
v 0.449705 0.0214 -1.012800
v 0.449638 0.021509 -1.012800
v 0.449565 0.021614 -1.012800
v 0.449485 0.021714 -1.012800
v 0.449400 0.02181 -1.012800
v 0.449310 0.0219 -1.012800
v 0.449214 0.021985 -1.012800
v 0.449114 0.022065 -1.012800
v 0.449009 0.022138 -1.012800
v 0.448900 0.022205 -1.012800
v 0.448787 0.022266 -1.012800
v 0.448671 0.02232 -1.012800
v 0.448552 0.022367 -1.012800
v 0.448431 0.022408 -1.012800
v 0.448307 0.022441 -1.012800
v 0.448182 0.022467 -1.012800
v 0.448055 0.022485 -1.012800
v 0.447928 0.022496 -1.012800
v 0.447800 0.0225 -1.012800
v 0.450000 0.0203 1.012800
v 0.447800 0.0225 1.012800
v 0.447928 0.022496 1.012800
v 0.448055 0.022485 1.012800
v 0.448182 0.022467 1.012800
v 0.448307 0.022441 1.012800
v 0.448431 0.022408 1.012800
v 0.448552 0.022367 1.012800
v 0.448671 0.02232 1.012800
v 0.448787 0.022266 1.012800
v 0.448900 0.022205 1.012800
v 0.449009 0.022138 1.012800
v 0.449114 0.022065 1.012800
v 0.449214 0.021985 1.012800
v 0.449310 0.0219 1.012800
v 0.449400 0.02181 1.012800
v 0.449485 0.021714 1.012800
v 0.449565 0.021614 1.012800
v 0.449638 0.021509 1.012800
v 0.449705 0.0214 1.012800
v 0.449766 0.021287 1.012800
v 0.449820 0.021171 1.012800
v 0.449867 0.021052 1.012800
v 0.449908 0.020931 1.012800
v 0.449941 0.020807 1.012800
v 0.449967 0.020682 1.012800
v 0.449985 0.020555 1.012800
v 0.449996 0.020428 1.012800
v -0.077800 0.0225 0.767200
v -0.077800 0.022496 0.767072
v -0.077800 0.022485 0.766945
v -0.077800 0.022467 0.766818
v -0.077800 0.022441 0.766693
v -0.077800 0.022408 0.766569
v -0.077800 0.022367 0.766448
v -0.077800 0.02232 0.766329
v -0.077800 0.022266 0.766213
v -0.077800 0.022205 0.766100
v -0.077800 0.022138 0.765991
v -0.077800 0.022065 0.765886
v -0.077800 0.021985 0.765786
v -0.077800 0.0219 0.765690
v -0.077800 0.02181 0.765600
v -0.077800 0.021714 0.765515
v -0.077800 0.021614 0.765435
v -0.077800 0.021509 0.765362
v -0.077800 0.0214 0.765295
v -0.077800 0.021287 0.765234
v -0.077800 0.021171 0.765180
v -0.077800 0.021052 0.765133
v -0.077800 0.020931 0.765092
v -0.077800 0.020807 0.765059
v -0.077800 0.020682 0.765033
v -0.077800 0.020555 0.765015
v -0.077800 0.020428 0.765004
v -0.077800 0.0203 0.765000
v 0.077800 0.0203 0.765000
v 0.077800 0.0225 0.767200
v 0.077800 0.022496 0.767072
v 0.077800 0.022485 0.766945
v 0.077800 0.022467 0.766818
v 0.077800 0.022441 0.766693
v 0.077800 0.022408 0.766569
v 0.077800 0.022367 0.766448
v 0.077800 0.02232 0.766329
v 0.077800 0.022266 0.766213
v 0.077800 0.022205 0.766100
v 0.077800 0.022138 0.765991
v 0.077800 0.022065 0.765886
v 0.077800 0.021985 0.765786
v 0.077800 0.0219 0.765690
v 0.077800 0.02181 0.765600
v 0.077800 0.021714 0.765515
v 0.077800 0.021614 0.765435
v 0.077800 0.021509 0.765362
v 0.077800 0.0214 0.765295
v 0.077800 0.021287 0.765234
v 0.077800 0.021171 0.765180
v 0.077800 0.021052 0.765133
v 0.077800 0.020931 0.765092
v 0.077800 0.020807 0.765059
v 0.077800 0.020682 0.765033
v 0.077800 0.020555 0.765015
v 0.077800 0.020428 0.765004
v -0.077800 0.0225 0.767200
v -0.077800 0.022496 0.767072
v -0.077800 0.022485 0.766945
v -0.077800 0.022467 0.766818
v -0.077800 0.022441 0.766693
v -0.077800 0.022408 0.766569
v -0.077800 0.022367 0.766448
v -0.077800 0.02232 0.766329
v -0.077800 0.022266 0.766213
v -0.077800 0.022205 0.766100
v -0.077800 0.022138 0.765991
v -0.077800 0.022065 0.765886
v -0.077800 0.021985 0.765786
v -0.077800 0.0219 0.765690
v -0.077800 0.02181 0.765600
v -0.077800 0.021714 0.765515
v -0.077800 0.021614 0.765435
v -0.077800 0.021509 0.765362
v -0.077800 0.0214 0.765295
v -0.077800 0.021287 0.765234
v -0.077800 0.021171 0.765180
v -0.077800 0.021052 0.765133
v -0.077800 0.020931 0.765092
v -0.077800 0.020807 0.765059
v -0.077800 0.020682 0.765033
v -0.077800 0.020555 0.765015
v -0.077800 0.020428 0.765004
v -0.077800 0.0203 0.765000
v -0.078056 0.0225 0.767193
v -0.078311 0.0225 0.767170
v -0.078564 0.0225 0.767133
v -0.078815 0.0225 0.767081
v -0.079062 0.0225 0.767015
v -0.079305 0.0225 0.766935
v -0.079543 0.0225 0.766840
v -0.079775 0.0225 0.766732
v -0.080000 0.0225 0.766611
v -0.080218 0.0225 0.766476
v -0.080427 0.0225 0.766329
v -0.080628 0.0225 0.766171
v -0.080819 0.0225 0.766000
v -0.081000 0.0225 0.765819
v -0.081171 0.0225 0.765628
v -0.081329 0.0225 0.765427
v -0.081476 0.0225 0.765218
v -0.081611 0.0225 0.765000
v -0.081732 0.0225 0.764775
v -0.081840 0.0225 0.764543
v -0.081935 0.0225 0.764305
v -0.082015 0.0225 0.764062
v -0.082081 0.0225 0.763815
v -0.082133 0.0225 0.763564
v -0.082170 0.0225 0.763311
v -0.082193 0.0225 0.763056
v -0.082200 0.0225 0.762800
v -0.082072 0.022496 0.762800
v -0.081945 0.022485 0.762800
v -0.081818 0.022467 0.762800
v -0.081693 0.022441 0.762800
v -0.081569 0.022408 0.762800
v -0.081448 0.022367 0.762800
v -0.081329 0.02232 0.762800
v -0.081213 0.022266 0.762800
v -0.081100 0.022205 0.762800
v -0.080991 0.022138 0.762800
v -0.080886 0.022065 0.762800
v -0.080786 0.021985 0.762800
v -0.080690 0.0219 0.762800
v -0.080600 0.02181 0.762800
v -0.080515 0.021714 0.762800
v -0.080435 0.021614 0.762800
v -0.080362 0.021509 0.762800
v -0.080295 0.0214 0.762800
v -0.080234 0.021287 0.762800
v -0.080180 0.021171 0.762800
v -0.080133 0.021052 0.762800
v -0.080092 0.020931 0.762800
v -0.080059 0.020807 0.762800
v -0.080033 0.020682 0.762800
v -0.080015 0.020555 0.762800
v -0.080004 0.020428 0.762800
v -0.080000 0.0203 0.762800
v -0.077928 0.0203 0.764996
v -0.078055 0.0203 0.764985
v -0.078182 0.0203 0.764967
v -0.078307 0.0203 0.764941
v -0.078431 0.0203 0.764908
v -0.078552 0.0203 0.764867
v -0.078671 0.0203 0.764820
v -0.078787 0.0203 0.764766
v -0.078900 0.0203 0.764705
v -0.079009 0.0203 0.764638
v -0.079114 0.0203 0.764565
v -0.079214 0.0203 0.764485
v -0.079310 0.0203 0.764400
v -0.079400 0.0203 0.764310
v -0.079485 0.0203 0.764214
v -0.079565 0.0203 0.764114
v -0.079638 0.0203 0.764009
v -0.079705 0.0203 0.763900
v -0.079766 0.0203 0.763787
v -0.079820 0.0203 0.763671
v -0.079867 0.0203 0.763552
v -0.079908 0.0203 0.763431
v -0.079941 0.0203 0.763307
v -0.079967 0.0203 0.763182
v -0.079985 0.0203 0.763055
v -0.079996 0.0203 0.762928
v -0.078048 0.022496 0.767065
v -0.078041 0.022485 0.766938
v -0.078296 0.022496 0.767043
v -0.078034 0.022467 0.766811
v -0.078542 0.022496 0.767007
v -0.078026 0.022441 0.766686
v -0.078266 0.022467 0.766791
v -0.078520 0.022485 0.766882
v -0.078019 0.022408 0.766563
v -0.078785 0.022496 0.766957
v -0.078252 0.022441 0.766666
v -0.078498 0.022467 0.766757
v -0.078012 0.022367 0.766441
v -0.078756 0.022485 0.766833
v -0.078238 0.022408 0.766544
v -0.079025 0.022496 0.766893
v -0.078476 0.022441 0.766634
v -0.078005 0.02232 0.766323
v -0.078727 0.022467 0.766710
v -0.078223 0.022367 0.766423
v -0.078989 0.022485 0.766770
v -0.078454 0.022408 0.766512
v -0.077998 0.022266 0.766207
v -0.079261 0.022496 0.766814
v -0.078698 0.022441 0.766588
v -0.078210 0.02232 0.766305
v -0.078952 0.022467 0.766649
v -0.078433 0.022367 0.766392
v -0.077992 0.022205 0.766094
v -0.079218 0.022485 0.766695
v -0.078669 0.022408 0.766467
v -0.078196 0.022266 0.766190
v -0.079492 0.022496 0.766723
v -0.078916 0.022441 0.766529
v -0.078413 0.02232 0.766275
v -0.077986 0.022138 0.765986
v -0.079174 0.022467 0.766576
v -0.078641 0.022367 0.766349
v -0.078183 0.022205 0.766078
v -0.079442 0.022485 0.766606
v -0.078881 0.022408 0.766411
v -0.078393 0.022266 0.766161
v -0.077979 0.022065 0.765881
v -0.079717 0.022496 0.766618
v -0.079131 0.022441 0.766458
v -0.078614 0.02232 0.766234
v -0.078170 0.022138 0.765970
v -0.079391 0.022467 0.766489
v -0.078846 0.022367 0.766294
v -0.078373 0.022205 0.766050
v -0.077974 0.021985 0.765781
v -0.079660 0.022485 0.766504
v -0.079089 0.022408 0.766342
v -0.078587 0.022266 0.766121
v -0.078158 0.022065 0.765865
v -0.079936 0.022496 0.766500
v -0.079342 0.022441 0.766374
v -0.078812 0.02232 0.766180
v -0.078354 0.022138 0.765943
v -0.077968 0.0219 0.765685
v -0.079603 0.022467 0.766391
v -0.079048 0.022367 0.766228
v -0.078561 0.022205 0.766011
v -0.078147 0.021985 0.765766
v -0.079872 0.022485 0.766389
v -0.079293 0.022408 0.766261
v -0.078779 0.022266 0.766069
v -0.078336 0.022065 0.765839
v -0.080148 0.022496 0.766369
v -0.077963 0.02181 0.765595
v -0.079547 0.022441 0.766279
v -0.079007 0.02232 0.766116
v -0.078536 0.022138 0.765905
v -0.078136 0.0219 0.765671
v -0.079809 0.022467 0.766280
v -0.079245 0.022367 0.766149
v -0.078746 0.022205 0.765961
v -0.078318 0.021985 0.765741
v -0.080077 0.022485 0.766263
v -0.077958 0.021714 0.765510
v -0.079492 0.022408 0.766168
v -0.078967 0.022266 0.766007
v -0.078512 0.022065 0.765803
v -0.080351 0.022496 0.766227
v -0.078125 0.02181 0.765581
v -0.079746 0.022441 0.766171
v -0.079198 0.02232 0.766040
v -0.078715 0.022138 0.765857
v -0.078302 0.0219 0.765646
v -0.080008 0.022467 0.766157
v -0.077953 0.021614 0.765431
v -0.079437 0.022367 0.766060
v -0.078929 0.022205 0.765901
v -0.078489 0.021985 0.765705
v -0.080275 0.022485 0.766124
v -0.078115 0.021714 0.765496
v -0.079685 0.022408 0.766064
v -0.079152 0.022266 0.765934
v -0.078685 0.022065 0.765757
v -0.080546 0.022496 0.766073
v -0.078286 0.02181 0.765557
v -0.079939 0.022441 0.766052
v -0.077949 0.021509 0.765358
v -0.079384 0.02232 0.765953
v -0.078891 0.022138 0.765799
v -0.078467 0.0219 0.765612
v -0.080199 0.022467 0.766023
v -0.078106 0.021614 0.765418
v -0.079624 0.022367 0.765959
v -0.079107 0.022205 0.765830
v -0.078656 0.021985 0.765660
v -0.080464 0.022485 0.765975
v -0.078271 0.021714 0.765473
v -0.079871 0.022408 0.765949
v -0.077945 0.0214 0.765291
v -0.079332 0.022266 0.765850
v -0.078856 0.022065 0.765700
v -0.080732 0.022496 0.765907
v -0.078446 0.02181 0.765524
v -0.080125 0.022441 0.765922
v -0.078097 0.021509 0.765345
v -0.079564 0.02232 0.765856
v -0.079064 0.022138 0.765730
v -0.078629 0.0219 0.765569
v -0.080383 0.022467 0.765878
v -0.078258 0.021614 0.765395
v -0.079804 0.022367 0.765847
v -0.077942 0.021287 0.765230
v -0.079281 0.022205 0.765749
v -0.078821 0.021985 0.765606
v -0.080644 0.022485 0.765815
v -0.078426 0.021714 0.765442
v -0.080051 0.022408 0.765823
v -0.078090 0.0214 0.765278
v -0.079506 0.022266 0.765755
v -0.079022 0.022065 0.765634
v -0.080907 0.022496 0.765732
v -0.078603 0.02181 0.765482
v -0.080302 0.022441 0.765782
v -0.078245 0.021509 0.765323
v -0.079739 0.02232 0.765748
v -0.077938 0.021171 0.765176
v -0.079232 0.022138 0.765652
v -0.078789 0.0219 0.765516
v -0.080557 0.022467 0.765723
v -0.078408 0.021614 0.765364
v -0.079978 0.022367 0.765726
v -0.078083 0.021287 0.765218
v -0.079450 0.022205 0.765658
v -0.078983 0.021985 0.765542
v -0.080815 0.022485 0.765644
v -0.078579 0.021714 0.765401
v -0.080223 0.022408 0.765687
v -0.078233 0.0214 0.765257
v -0.079675 0.022266 0.765651
v -0.077936 0.021052 0.765129
v -0.079185 0.022065 0.765558
v -0.081073 0.022496 0.765546
v -0.078758 0.02181 0.765431
v -0.080471 0.022441 0.765631
v -0.078391 0.021509 0.765293
v -0.079907 0.02232 0.765630
v -0.078076 0.021171 0.765164
v -0.079396 0.022138 0.765564
v -0.078945 0.0219 0.765454
v -0.080723 0.022467 0.765557
v -0.078556 0.021614 0.765325
v -0.080145 0.022367 0.765594
v -0.078223 0.021287 0.765197
v -0.079613 0.022205 0.765557
v -0.077933 0.020931 0.765089
v -0.079140 0.021985 0.765468
v -0.080975 0.022485 0.765464
v -0.078728 0.021714 0.765351
v -0.080386 0.022408 0.765541
v -0.078375 0.0214 0.765227
v -0.079838 0.022266 0.765537
v -0.078071 0.021052 0.765117
v -0.079343 0.022065 0.765473
v -0.081227 0.022496 0.765351
v -0.078909 0.02181 0.765371
v -0.080631 0.022441 0.765471
v -0.078535 0.021509 0.765254
v -0.080068 0.02232 0.765503
v -0.078213 0.021171 0.765144
v -0.079554 0.022138 0.765466
v -0.077931 0.020807 0.765055
v -0.079097 0.0219 0.765383
v -0.080878 0.022467 0.765383
v -0.078701 0.021614 0.765276
v -0.080303 0.022367 0.765453
v -0.078361 0.021287 0.765168
v -0.079771 0.022205 0.765447
v -0.078066 0.020931 0.765077
v -0.079293 0.021985 0.765386
v -0.081124 0.022485 0.765275
v -0.078875 0.021714 0.765293
v -0.080541 0.022408 0.765386
v -0.078516 0.0214 0.765190
v -0.079994 0.022266 0.765414
v -0.078205 0.021052 0.765097
v -0.079496 0.022065 0.765379
v -0.081369 0.022496 0.765148
v -0.077930 0.020682 0.765030
v -0.079057 0.02181 0.765302
v -0.080782 0.022441 0.765302
v -0.078676 0.021509 0.765207
v -0.080221 0.02232 0.765367
v -0.078349 0.021171 0.765116
v -0.079706 0.022138 0.765360
v -0.078062 0.020807 0.765044
v -0.079245 0.0219 0.765303
v -0.081023 0.022467 0.765199
v -0.078844 0.021614 0.765220
v -0.080453 0.022367 0.765303
v -0.078498 0.021287 0.765132
v -0.079921 0.022205 0.765328
v -0.078198 0.020931 0.765058
v -0.079441 0.021985 0.765295
v -0.081263 0.022485 0.765077
v -0.077929 0.020555 0.765011
v -0.079018 0.021714 0.765226
v -0.080687 0.022408 0.765223
v -0.078653 0.0214 0.765144
v -0.080142 0.022266 0.765282
v -0.078338 0.021052 0.765070
v -0.079643 0.022065 0.765276
v -0.081500 0.022496 0.764936
v -0.078059 0.020682 0.765018
v -0.079200 0.02181 0.765225
v -0.080922 0.022441 0.765125
v -0.078815 0.021509 0.765152
v -0.080367 0.02232 0.765221
v -0.078483 0.021171 0.765080
v -0.079851 0.022138 0.765245
v -0.078192 0.020807 0.765025
v -0.079388 0.0219 0.765215
v -0.081157 0.022467 0.765008
v -0.077928 0.020428 0.765000
v -0.078983 0.021614 0.765155
v -0.080594 0.022367 0.765145
v -0.078632 0.021287 0.765087
v -0.080065 0.022205 0.765200
v -0.078329 0.020931 0.765031
v -0.079583 0.021985 0.765195
v -0.081389 0.022485 0.764872
v -0.078057 0.020555 0.765000
v -0.079157 0.021714 0.765151
v -0.080823 0.022408 0.765051
v -0.078788 0.0214 0.765091
v -0.080282 0.022266 0.765142
v -0.078469 0.021052 0.765035
v -0.079784 0.022065 0.765164
v -0.081618 0.022496 0.764717
v -0.078188 0.020682 0.764999
v -0.079339 0.02181 0.765139
v -0.081052 0.022441 0.764939
v -0.078950 0.021509 0.765089
v -0.080503 0.02232 0.765068
v -0.078614 0.021171 0.765036
v -0.079990 0.022138 0.765121
v -0.078321 0.020807 0.764998
v -0.079526 0.0219 0.765118
v -0.081280 0.022467 0.764809
v -0.078056 0.020428 0.764989
v -0.079118 0.021614 0.765082
v -0.080726 0.022367 0.764978
v -0.078764 0.021287 0.765035
v -0.080200 0.022205 0.765065
v -0.078457 0.020931 0.764996
v -0.079719 0.021985 0.765087
v -0.081504 0.022485 0.764660
v -0.078185 0.020555 0.764981
v -0.079292 0.021714 0.765068
v -0.080949 0.022408 0.764871
v -0.078920 0.0214 0.765029
v -0.080414 0.022266 0.764994
v -0.078598 0.021052 0.764992
v -0.079918 0.022065 0.765045
v -0.081723 0.022496 0.764492
v -0.078315 0.020682 0.764973
v -0.079472 0.02181 0.765046
v -0.081171 0.022441 0.764746
v -0.079081 0.021509 0.765019
v -0.080630 0.02232 0.764907
v -0.078743 0.021171 0.764985
v -0.080121 0.022138 0.764990
v -0.078448 0.020807 0.764964
v -0.079658 0.0219 0.765014
v -0.081391 0.022467 0.764603
v -0.078183 0.020428 0.764970
v -0.079248 0.021614 0.765002
v -0.080847 0.022367 0.764804
v -0.078892 0.021287 0.764975
v -0.080328 0.022205 0.764921
v -0.078584 0.020931 0.764954
v -0.079849 0.021985 0.764972
v -0.081606 0.022485 0.764442
v -0.078311 0.020555 0.764955
v -0.079421 0.021714 0.764978
v -0.081064 0.022408 0.764685
v -0.079047 0.0214 0.764961
v -0.080537 0.022266 0.764838
v -0.078724 0.021052 0.764942
v -0.080045 0.022065 0.764918
v -0.081814 0.022496 0.764261
v -0.078441 0.020682 0.764940
v -0.079600 0.02181 0.764945
v -0.081279 0.022441 0.764547
v -0.079208 0.021509 0.764940
v -0.080748 0.02232 0.764739
v -0.078868 0.021171 0.764927
v -0.080245 0.022138 0.764851
v -0.078573 0.020807 0.764923
v -0.079783 0.0219 0.764902
v -0.081489 0.022467 0.764391
v -0.078308 0.020428 0.764944
v -0.079374 0.021614 0.764914
v -0.080959 0.022367 0.764624
v -0.079017 0.021287 0.764908
v -0.080447 0.022205 0.764771
v -0.078708 0.020931 0.764905
v -0.079972 0.021985 0.764849
v -0.081695 0.022485 0.764218
v -0.078435 0.020555 0.764922
v -0.079545 0.021714 0.764880
v -0.081168 0.022408 0.764492
v -0.079171 0.0214 0.764884
v -0.080651 0.022266 0.764675
v -0.078847 0.021052 0.764885
v -0.080164 0.022065 0.764784
v -0.081893 0.022496 0.764025
v -0.078564 0.020682 0.764899
v -0.079721 0.02181 0.764836
v -0.081374 0.022441 0.764342
v -0.079330 0.021509 0.764855
v -0.080856 0.02232 0.764564
v -0.078990 0.021171 0.764861
v -0.080360 0.022138 0.764706
v -0.078695 0.020807 0.764875
v -0.079902 0.0219 0.764783
v -0.081576 0.022467 0.764174
v -0.078432 0.020428 0.764911
v -0.079494 0.021614 0.764819
v -0.081060 0.022367 0.764437
v -0.079138 0.021287 0.764834
v -0.080557 0.022205 0.764613
v -0.078829 0.020931 0.764849
v -0.080087 0.021985 0.764719
v -0.081770 0.022485 0.763989
v -0.078558 0.020555 0.764881
v -0.079663 0.021714 0.764775
v -0.081261 0.022408 0.764293
v -0.079290 0.0214 0.764801
v -0.080755 0.022266 0.764506
v -0.078966 0.021052 0.764820
v -0.080276 0.022065 0.764643
v -0.081957 0.022496 0.763785
v -0.078685 0.020682 0.764851
v -0.079836 0.02181 0.764721
v -0.081458 0.022441 0.764131
v -0.079447 0.021509 0.764763
v -0.080953 0.02232 0.764384
v -0.079108 0.021171 0.764788
v -0.080466 0.022138 0.764554
v -0.078814 0.020807 0.764819
v -0.080014 0.0219 0.764658
v -0.081649 0.022467 0.763952
v -0.078554 0.020428 0.764871
v -0.079608 0.021614 0.764717
v -0.081149 0.022367 0.764245
v -0.079253 0.021287 0.764752
v -0.080658 0.022205 0.764450
v -0.078946 0.020931 0.764785
v -0.080195 0.021985 0.764583
v -0.081833 0.022485 0.763756
v -0.078677 0.020555 0.764834
v -0.079775 0.021714 0.764663
v -0.081342 0.022408 0.764089
v -0.079404 0.0214 0.764711
v -0.080850 0.022266 0.764332
v -0.079082 0.021052 0.764749
v -0.080379 0.022065 0.764496
v -0.082007 0.022496 0.763542
v -0.078802 0.020682 0.764796
v -0.079945 0.02181 0.764600
v -0.081529 0.022441 0.763916
v -0.079558 0.021509 0.764663
v -0.081040 0.02232 0.764198
v -0.079221 0.021171 0.764709
v -0.080564 0.022138 0.764396
v -0.078930 0.020807 0.764757
v -0.080118 0.0219 0.764526
v -0.081710 0.022467 0.763727
v -0.078673 0.020428 0.764823
v -0.079717 0.021614 0.764608
v -0.081228 0.022367 0.764048
v -0.079365 0.021287 0.764665
v -0.080749 0.022205 0.764281
v -0.079060 0.020931 0.764715
v -0.080295 0.021985 0.764441
v -0.081882 0.022485 0.763520
v -0.078794 0.020555 0.764779
v -0.079880 0.021714 0.764545
v -0.081411 0.022408 0.763881
v -0.079512 0.0214 0.764615
v -0.080934 0.022266 0.764152
v -0.079193 0.021052 0.764671
v -0.080473 0.022065 0.764343
v -0.082043 0.022496 0.763296
v -0.078917 0.020682 0.764734
v -0.080046 0.02181 0.764472
v -0.081588 0.022441 0.763698
v -0.079663 0.021509 0.764558
v -0.081116 0.02232 0.764007
v -0.079330 0.021171 0.764623
v -0.080652 0.022138 0.764232
v -0.079042 0.020807 0.764688
v -0.080215 0.0219 0.764388
v -0.081757 0.022467 0.763498
v -0.078789 0.020428 0.764769
v -0.079819 0.021614 0.764494
v -0.081294 0.022367 0.763846
v -0.079470 0.021287 0.764570
v -0.080830 0.022205 0.764107
v -0.079169 0.020931 0.764639
v -0.080386 0.021985 0.764293
v -0.081917 0.022485 0.763281
v -0.078907 0.020555 0.764718
v -0.079978 0.021714 0.764421
v -0.081467 0.022408 0.763669
v -0.079615 0.0214 0.764512
v -0.081007 0.022266 0.763967
v -0.079299 0.021052 0.764587
v -0.080558 0.022065 0.764185
v -0.082065 0.022496 0.763048
v -0.079027 0.020682 0.764666
v -0.080139 0.02181 0.764339
v -0.081634 0.022441 0.763476
v -0.079763 0.021509 0.764447
v -0.081180 0.02232 0.763812
v -0.079433 0.021171 0.764531
v -0.080730 0.022138 0.764064
v -0.079149 0.020807 0.764612
v -0.080303 0.0219 0.764245
v -0.081791 0.022467 0.763266
v -0.078902 0.020428 0.764708
v -0.079914 0.021614 0.764374
v -0.081349 0.022367 0.763641
v -0.079570 0.021287 0.764470
v -0.080901 0.022205 0.763929
v -0.079274 0.020931 0.764556
v -0.080468 0.021985 0.764140
v -0.081938 0.022485 0.763041
v -0.079017 0.020555 0.764651
v -0.080068 0.021714 0.764292
v -0.081512 0.022408 0.763454
v -0.079711 0.0214 0.764404
v -0.081069 0.022266 0.763779
v -0.079401 0.021052 0.764497
v -0.080634 0.022065 0.764022
v -0.079134 0.020682 0.764591
v -0.080225 0.02181 0.764200
v -0.081666 0.022441 0.763252
v -0.079855 0.021509 0.764330
v -0.081234 0.02232 0.763614
v -0.079531 0.021171 0.764433
v -0.080799 0.022138 0.763891
v -0.079252 0.020807 0.764531
v -0.080383 0.0219 0.764097
v -0.081811 0.022467 0.763034
v -0.079011 0.020428 0.764641
v -0.080002 0.021614 0.764248
v -0.081392 0.022367 0.763433
v -0.079665 0.021287 0.764365
v -0.080961 0.022205 0.763746
v -0.079373 0.020931 0.764467
v -0.080542 0.021985 0.763983
v -0.079123 0.020555 0.764577
v -0.080151 0.021714 0.764157
v -0.081544 0.022408 0.763238
v -0.079801 0.0214 0.764290
v -0.081121 0.022266 0.763587
v -0.079497 0.021052 0.764401
v -0.080700 0.022065 0.763856
v -0.079236 0.020682 0.764511
v -0.080302 0.02181 0.764057
v -0.081686 0.022441 0.763026
v -0.079940 0.021509 0.764208
v -0.081275 0.02232 0.763413
v -0.079623 0.021171 0.764330
v -0.080857 0.022138 0.763715
v -0.079350 0.020807 0.764443
v -0.080454 0.0219 0.763945
v -0.079116 0.020428 0.764568
v -0.080082 0.021614 0.764118
v -0.081423 0.022367 0.763223
v -0.079752 0.021287 0.764253
v -0.081011 0.022205 0.763561
v -0.079467 0.020931 0.764373
v -0.080606 0.021985 0.763821
v -0.079224 0.020555 0.764497
v -0.080226 0.021714 0.764018
v -0.081563 0.022408 0.763019
v -0.079884 0.0214 0.764171
v -0.081161 0.022266 0.763393
v -0.079587 0.021052 0.764299
v -0.080757 0.022065 0.763685
v -0.079333 0.020682 0.764425
v -0.080371 0.02181 0.763909
v -0.080019 0.021509 0.764081
v -0.081305 0.02232 0.763210
v -0.079709 0.021171 0.764221
v -0.080905 0.022138 0.763536
v -0.079443 0.020807 0.764350
v -0.080516 0.0219 0.763789
v -0.079217 0.020428 0.764488
v -0.080155 0.021614 0.763983
v -0.081441 0.022367 0.763012
v -0.079834 0.021287 0.764138
v -0.081050 0.022205 0.763373
v -0.079556 0.020931 0.764274
v -0.080660 0.021985 0.763656
v -0.079320 0.020555 0.764411
v -0.080293 0.021714 0.763875
v -0.079961 0.0214 0.764047
v -0.081190 0.022266 0.763196
v -0.079671 0.021052 0.764193
v -0.080803 0.022065 0.763512
v -0.079425 0.020682 0.764333
v -0.080431 0.02181 0.763758
v -0.080089 0.021509 0.763950
v -0.081323 0.02232 0.763005
v -0.079788 0.021171 0.764108
v -0.080943 0.022138 0.763354
v -0.079531 0.020807 0.764252
v -0.080569 0.0219 0.763629
v -0.079312 0.020428 0.764403
v -0.080220 0.021614 0.763844
v -0.079908 0.021287 0.764017
v -0.081078 0.022205 0.763183
v -0.079639 0.020931 0.764169
v -0.080705 0.021985 0.763489
v -0.079411 0.020555 0.764320
v -0.080351 0.021714 0.763728
v -0.080029 0.0214 0.763920
v -0.081207 0.022266 0.762998
v -0.079749 0.021052 0.764082
v -0.080839 0.022065 0.763336
v -0.079511 0.020682 0.764236
v -0.080482 0.02181 0.763603
v -0.080152 0.021509 0.763815
v -0.079861 0.021171 0.763990
v -0.080970 0.022138 0.763170
v -0.079612 0.020807 0.764149
v -0.080612 0.0219 0.763467
v -0.079403 0.020428 0.764312
v -0.080276 0.021614 0.763701
v -0.079975 0.021287 0.763892
v -0.081094 0.022205 0.762992
v -0.079715 0.020931 0.764060
v -0.080741 0.021985 0.763318
v -0.079497 0.020555 0.764224
v -0.080401 0.021714 0.763579
v -0.080091 0.0214 0.763788
v -0.079820 0.021052 0.763966
v -0.080865 0.022065 0.763158
v -0.079591 0.020682 0.764134
v -0.080524 0.02181 0.763446
v -0.080207 0.021509 0.763676
v -0.079927 0.021171 0.763868
v -0.080986 0.022138 0.762986
v -0.079688 0.020807 0.764042
v -0.080646 0.0219 0.763302
v -0.079488 0.020428 0.764217
v -0.080325 0.021614 0.763556
v -0.080035 0.021287 0.763764
v -0.079785 0.020931 0.763946
v -0.080766 0.021985 0.763147
v -0.079577 0.020555 0.764123
v -0.080442 0.021714 0.763426
v -0.080144 0.0214 0.763653
v -0.079885 0.021052 0.763847
v -0.080881 0.022065 0.762979
v -0.079666 0.020682 0.764027
v -0.080557 0.02181 0.763286
v -0.080254 0.021509 0.763535
v -0.079985 0.021171 0.763743
v -0.079757 0.020807 0.763930
v -0.080671 0.0219 0.763136
v -0.079568 0.020428 0.764116
v -0.080364 0.021614 0.763408
v -0.080087 0.021287 0.763632
v -0.079849 0.020931 0.763829
v -0.080781 0.021985 0.762974
v -0.079651 0.020555 0.764017
v -0.080473 0.021714 0.763271
v -0.080190 0.0214 0.763516
v -0.079942 0.021052 0.763724
v -0.079734 0.020682 0.763917
v -0.080581 0.02181 0.763125
v -0.080293 0.021509 0.763391
v -0.080036 0.021171 0.763614
v -0.079819 0.020807 0.763814
v -0.080685 0.0219 0.762968
v -0.079641 0.020428 0.764011
v -0.080395 0.021614 0.763258
v -0.080132 0.021287 0.763498
v -0.079905 0.020931 0.763708
v -0.079718 0.020555 0.763907
v -0.080496 0.021714 0.763115
v -0.080227 0.0214 0.763375
v -0.079992 0.021052 0.763598
v -0.079796 0.020682 0.763802
v -0.080595 0.02181 0.762963
v -0.080323 0.021509 0.763245
v -0.080080 0.021171 0.763483
v -0.079875 0.020807 0.763695
v -0.079708 0.020428 0.763902
v -0.080418 0.021614 0.763106
v -0.080168 0.021287 0.763361
v -0.079954 0.020931 0.763584
v -0.079779 0.020555 0.763794
v -0.080510 0.021714 0.762958
v -0.080257 0.0214 0.763233
v -0.080035 0.021052 0.763469
v -0.079851 0.020682 0.763685
v -0.080345 0.021509 0.763097
v -0.080116 0.021171 0.763349
v -0.079923 0.020807 0.763573
v -0.079769 0.020428 0.763789
v -0.080431 0.021614 0.762953
v -0.080197 0.021287 0.763223
v -0.079996 0.020931 0.763457
v -0.079834 0.020555 0.763677
v -0.080278 0.0214 0.763090
v -0.080070 0.021052 0.763338
v -0.079899 0.020682 0.763564
v -0.080358 0.021509 0.762949
v -0.080144 0.021171 0.763213
v -0.079964 0.020807 0.763448
v -0.079823 0.020428 0.763673
v -0.080218 0.021287 0.763083
v -0.080031 0.020931 0.763329
v -0.079881 0.020555 0.763558
v -0.080291 0.0214 0.762945
v -0.080097 0.021052 0.763205
v -0.079940 0.020682 0.763441
v -0.080164 0.021171 0.763076
v -0.079998 0.020807 0.763321
v -0.079871 0.020428 0.763554
v -0.080230 0.021287 0.762942
v -0.080058 0.020931 0.763198
v -0.079922 0.020555 0.763435
v -0.080117 0.021052 0.763071
v -0.079973 0.020682 0.763315
v -0.080176 0.021171 0.762938
v -0.080025 0.020807 0.763192
v -0.079911 0.020428 0.763432
v -0.080077 0.020931 0.763066
v -0.079955 0.020555 0.763311
v -0.080129 0.021052 0.762936
v -0.079999 0.020682 0.763188
v -0.080044 0.020807 0.763062
v -0.079944 0.020428 0.763308
v -0.080089 0.020931 0.762933
v -0.079981 0.020555 0.763185
v -0.080018 0.020682 0.763059
v -0.080055 0.020807 0.762931
v -0.079970 0.020428 0.763183
v -0.080000 0.020555 0.763057
v -0.080030 0.020682 0.762930
v -0.079989 0.020428 0.763056
v -0.080011 0.020555 0.762929
v -0.080000 0.020428 0.762928
v 0.077800 0.0225 0.767200
v 0.077800 0.022496 0.767072
v 0.077800 0.022485 0.766945
v 0.077800 0.022467 0.766818
v 0.077800 0.022441 0.766693
v 0.077800 0.022408 0.766569
v 0.077800 0.022367 0.766448
v 0.077800 0.02232 0.766329
v 0.077800 0.022266 0.766213
v 0.077800 0.022205 0.766100
v 0.077800 0.022138 0.765991
v 0.077800 0.022065 0.765886
v 0.077800 0.021985 0.765786
v 0.077800 0.0219 0.765690
v 0.077800 0.02181 0.765600
v 0.077800 0.021714 0.765515
v 0.077800 0.021614 0.765435
v 0.077800 0.021509 0.765362
v 0.077800 0.0214 0.765295
v 0.077800 0.021287 0.765234
v 0.077800 0.021171 0.765180
v 0.077800 0.021052 0.765133
v 0.077800 0.020931 0.765092
v 0.077800 0.020807 0.765059
v 0.077800 0.020682 0.765033
v 0.077800 0.020555 0.765015
v 0.077800 0.020428 0.765004
v 0.077800 0.0203 0.765000
v 0.078056 0.0225 0.767193
v 0.078311 0.0225 0.767170
v 0.078564 0.0225 0.767133
v 0.078815 0.0225 0.767081
v 0.079062 0.0225 0.767015
v 0.079305 0.0225 0.766935
v 0.079543 0.0225 0.766840
v 0.079775 0.0225 0.766732
v 0.080000 0.0225 0.766611
v 0.080218 0.0225 0.766476
v 0.080427 0.0225 0.766329
v 0.080628 0.0225 0.766171
v 0.080819 0.0225 0.766000
v 0.081000 0.0225 0.765819
v 0.081171 0.0225 0.765628
v 0.081329 0.0225 0.765427
v 0.081476 0.0225 0.765218
v 0.081611 0.0225 0.765000
v 0.081732 0.0225 0.764775
v 0.081840 0.0225 0.764543
v 0.081935 0.0225 0.764305
v 0.082015 0.0225 0.764062
v 0.082081 0.0225 0.763815
v 0.082133 0.0225 0.763564
v 0.082170 0.0225 0.763311
v 0.082193 0.0225 0.763056
v 0.082200 0.0225 0.762800
v 0.082072 0.022496 0.762800
v 0.081945 0.022485 0.762800
v 0.081818 0.022467 0.762800
v 0.081693 0.022441 0.762800
v 0.081569 0.022408 0.762800
v 0.081448 0.022367 0.762800
v 0.081329 0.02232 0.762800
v 0.081213 0.022266 0.762800
v 0.081100 0.022205 0.762800
v 0.080991 0.022138 0.762800
v 0.080886 0.022065 0.762800
v 0.080786 0.021985 0.762800
v 0.080690 0.0219 0.762800
v 0.080600 0.02181 0.762800
v 0.080515 0.021714 0.762800
v 0.080435 0.021614 0.762800
v 0.080362 0.021509 0.762800
v 0.080295 0.0214 0.762800
v 0.080234 0.021287 0.762800
v 0.080180 0.021171 0.762800
v 0.080133 0.021052 0.762800
v 0.080092 0.020931 0.762800
v 0.080059 0.020807 0.762800
v 0.080033 0.020682 0.762800
v 0.080015 0.020555 0.762800
v 0.080004 0.020428 0.762800
v 0.080000 0.0203 0.762800
v 0.077928 0.0203 0.764996
v 0.078055 0.0203 0.764985
v 0.078182 0.0203 0.764967
v 0.078307 0.0203 0.764941
v 0.078431 0.0203 0.764908
v 0.078552 0.0203 0.764867
v 0.078671 0.0203 0.764820
v 0.078787 0.0203 0.764766
v 0.078900 0.0203 0.764705
v 0.079009 0.0203 0.764638
v 0.079114 0.0203 0.764565
v 0.079214 0.0203 0.764485
v 0.079310 0.0203 0.764400
v 0.079400 0.0203 0.764310
v 0.079485 0.0203 0.764214
v 0.079565 0.0203 0.764114
v 0.079638 0.0203 0.764009
v 0.079705 0.0203 0.763900
v 0.079766 0.0203 0.763787
v 0.079820 0.0203 0.763671
v 0.079867 0.0203 0.763552
v 0.079908 0.0203 0.763431
v 0.079941 0.0203 0.763307
v 0.079967 0.0203 0.763182
v 0.079985 0.0203 0.763055
v 0.079996 0.0203 0.762928
v 0.078048 0.022496 0.767065
v 0.078041 0.022485 0.766938
v 0.078296 0.022496 0.767043
v 0.078034 0.022467 0.766811
v 0.078542 0.022496 0.767007
v 0.078026 0.022441 0.766686
v 0.078266 0.022467 0.766791
v 0.078520 0.022485 0.766882
v 0.078019 0.022408 0.766563
v 0.078785 0.022496 0.766957
v 0.078252 0.022441 0.766666
v 0.078498 0.022467 0.766757
v 0.078012 0.022367 0.766441
v 0.078756 0.022485 0.766833
v 0.078238 0.022408 0.766544
v 0.079025 0.022496 0.766893
v 0.078476 0.022441 0.766634
v 0.078005 0.02232 0.766323
v 0.078727 0.022467 0.766710
v 0.078223 0.022367 0.766423
v 0.078989 0.022485 0.766770
v 0.078454 0.022408 0.766512
v 0.077998 0.022266 0.766207
v 0.079261 0.022496 0.766814
v 0.078698 0.022441 0.766588
v 0.078210 0.02232 0.766305
v 0.078952 0.022467 0.766649
v 0.078433 0.022367 0.766392
v 0.077992 0.022205 0.766094
v 0.079218 0.022485 0.766695
v 0.078669 0.022408 0.766467
v 0.078196 0.022266 0.766190
v 0.079492 0.022496 0.766723
v 0.078916 0.022441 0.766529
v 0.078413 0.02232 0.766275
v 0.077986 0.022138 0.765986
v 0.079174 0.022467 0.766576
v 0.078641 0.022367 0.766349
v 0.078183 0.022205 0.766078
v 0.079442 0.022485 0.766606
v 0.078881 0.022408 0.766411
v 0.078393 0.022266 0.766161
v 0.077979 0.022065 0.765881
v 0.079717 0.022496 0.766618
v 0.079131 0.022441 0.766458
v 0.078614 0.02232 0.766234
v 0.078170 0.022138 0.765970
v 0.079391 0.022467 0.766489
v 0.078846 0.022367 0.766294
v 0.078373 0.022205 0.766050
v 0.077974 0.021985 0.765781
v 0.079660 0.022485 0.766504
v 0.079089 0.022408 0.766342
v 0.078587 0.022266 0.766121
v 0.078158 0.022065 0.765865
v 0.079936 0.022496 0.766500
v 0.079342 0.022441 0.766374
v 0.078812 0.02232 0.766180
v 0.078354 0.022138 0.765943
v 0.077968 0.0219 0.765685
v 0.079603 0.022467 0.766391
v 0.079048 0.022367 0.766228
v 0.078561 0.022205 0.766011
v 0.078147 0.021985 0.765766
v 0.079872 0.022485 0.766389
v 0.079293 0.022408 0.766261
v 0.078779 0.022266 0.766069
v 0.078336 0.022065 0.765839
v 0.080148 0.022496 0.766369
v 0.077963 0.02181 0.765595
v 0.079547 0.022441 0.766279
v 0.079007 0.02232 0.766116
v 0.078536 0.022138 0.765905
v 0.078136 0.0219 0.765671
v 0.079809 0.022467 0.766280
v 0.079245 0.022367 0.766149
v 0.078746 0.022205 0.765961
v 0.078318 0.021985 0.765741
v 0.080077 0.022485 0.766263
v 0.077958 0.021714 0.765510
v 0.079492 0.022408 0.766168
v 0.078967 0.022266 0.766007
v 0.078512 0.022065 0.765803
v 0.080351 0.022496 0.766227
v 0.078125 0.02181 0.765581
v 0.079746 0.022441 0.766171
v 0.079198 0.02232 0.766040
v 0.078715 0.022138 0.765857
v 0.078302 0.0219 0.765646
v 0.080008 0.022467 0.766157
v 0.077953 0.021614 0.765431
v 0.079437 0.022367 0.766060
v 0.078929 0.022205 0.765901
v 0.078489 0.021985 0.765705
v 0.080275 0.022485 0.766124
v 0.078115 0.021714 0.765496
v 0.079685 0.022408 0.766064
v 0.079152 0.022266 0.765934
v 0.078685 0.022065 0.765757
v 0.080546 0.022496 0.766073
v 0.078286 0.02181 0.765557
v 0.079939 0.022441 0.766052
v 0.077949 0.021509 0.765358
v 0.079384 0.02232 0.765953
v 0.078891 0.022138 0.765799
v 0.078467 0.0219 0.765612
v 0.080199 0.022467 0.766023
v 0.078106 0.021614 0.765418
v 0.079624 0.022367 0.765959
v 0.079107 0.022205 0.765830
v 0.078656 0.021985 0.765660
v 0.080464 0.022485 0.765975
v 0.078271 0.021714 0.765473
v 0.079871 0.022408 0.765949
v 0.077945 0.0214 0.765291
v 0.079332 0.022266 0.765850
v 0.078856 0.022065 0.765700
v 0.080732 0.022496 0.765907
v 0.078446 0.02181 0.765524
v 0.080125 0.022441 0.765922
v 0.078097 0.021509 0.765345
v 0.079564 0.02232 0.765856
v 0.079064 0.022138 0.765730
v 0.078629 0.0219 0.765569
v 0.080383 0.022467 0.765878
v 0.078258 0.021614 0.765395
v 0.079804 0.022367 0.765847
v 0.077942 0.021287 0.765230
v 0.079281 0.022205 0.765749
v 0.078821 0.021985 0.765606
v 0.080644 0.022485 0.765815
v 0.078426 0.021714 0.765442
v 0.080051 0.022408 0.765823
v 0.078090 0.0214 0.765278
v 0.079506 0.022266 0.765755
v 0.079022 0.022065 0.765634
v 0.080907 0.022496 0.765732
v 0.078603 0.02181 0.765482
v 0.080302 0.022441 0.765782
v 0.078245 0.021509 0.765323
v 0.079739 0.02232 0.765748
v 0.077938 0.021171 0.765176
v 0.079232 0.022138 0.765652
v 0.078789 0.0219 0.765516
v 0.080557 0.022467 0.765723
v 0.078408 0.021614 0.765364
v 0.079978 0.022367 0.765726
v 0.078083 0.021287 0.765218
v 0.079450 0.022205 0.765658
v 0.078983 0.021985 0.765542
v 0.080815 0.022485 0.765644
v 0.078579 0.021714 0.765401
v 0.080223 0.022408 0.765687
v 0.078233 0.0214 0.765257
v 0.079675 0.022266 0.765651
v 0.077936 0.021052 0.765129
v 0.079185 0.022065 0.765558
v 0.081073 0.022496 0.765546
v 0.078758 0.02181 0.765431
v 0.080471 0.022441 0.765631
v 0.078391 0.021509 0.765293
v 0.079907 0.02232 0.765630
v 0.078076 0.021171 0.765164
v 0.079396 0.022138 0.765564
v 0.078945 0.0219 0.765454
v 0.080723 0.022467 0.765557
v 0.078556 0.021614 0.765325
v 0.080145 0.022367 0.765594
v 0.078223 0.021287 0.765197
v 0.079613 0.022205 0.765557
v 0.077933 0.020931 0.765089
v 0.079140 0.021985 0.765468
v 0.080975 0.022485 0.765464
v 0.078728 0.021714 0.765351
v 0.080386 0.022408 0.765541
v 0.078375 0.0214 0.765227
v 0.079838 0.022266 0.765537
v 0.078071 0.021052 0.765117
v 0.079343 0.022065 0.765473
v 0.081227 0.022496 0.765351
v 0.078909 0.02181 0.765371
v 0.080631 0.022441 0.765471
v 0.078535 0.021509 0.765254
v 0.080068 0.02232 0.765503
v 0.078213 0.021171 0.765144
v 0.079554 0.022138 0.765466
v 0.077931 0.020807 0.765055
v 0.079097 0.0219 0.765383
v 0.080878 0.022467 0.765383
v 0.078701 0.021614 0.765276
v 0.080303 0.022367 0.765453
v 0.078361 0.021287 0.765168
v 0.079771 0.022205 0.765447
v 0.078066 0.020931 0.765077
v 0.079293 0.021985 0.765386
v 0.081124 0.022485 0.765275
v 0.078875 0.021714 0.765293
v 0.080541 0.022408 0.765386
v 0.078516 0.0214 0.765190
v 0.079994 0.022266 0.765414
v 0.078205 0.021052 0.765097
v 0.079496 0.022065 0.765379
v 0.081369 0.022496 0.765148
v 0.077930 0.020682 0.765030
v 0.079057 0.02181 0.765302
v 0.080782 0.022441 0.765302
v 0.078676 0.021509 0.765207
v 0.080221 0.02232 0.765367
v 0.078349 0.021171 0.765116
v 0.079706 0.022138 0.765360
v 0.078062 0.020807 0.765044
v 0.079245 0.0219 0.765303
v 0.081023 0.022467 0.765199
v 0.078844 0.021614 0.765220
v 0.080453 0.022367 0.765303
v 0.078498 0.021287 0.765132
v 0.079921 0.022205 0.765328
v 0.078198 0.020931 0.765058
v 0.079441 0.021985 0.765295
v 0.081263 0.022485 0.765077
v 0.077929 0.020555 0.765011
v 0.079018 0.021714 0.765226
v 0.080687 0.022408 0.765223
v 0.078653 0.0214 0.765144
v 0.080142 0.022266 0.765282
v 0.078338 0.021052 0.765070
v 0.079643 0.022065 0.765276
v 0.081500 0.022496 0.764936
v 0.078059 0.020682 0.765018
v 0.079200 0.02181 0.765225
v 0.080922 0.022441 0.765125
v 0.078815 0.021509 0.765152
v 0.080367 0.02232 0.765221
v 0.078483 0.021171 0.765080
v 0.079851 0.022138 0.765245
v 0.078192 0.020807 0.765025
v 0.079388 0.0219 0.765215
v 0.081157 0.022467 0.765008
v 0.077928 0.020428 0.765000
v 0.078983 0.021614 0.765155
v 0.080594 0.022367 0.765145
v 0.078632 0.021287 0.765087
v 0.080065 0.022205 0.765200
v 0.078329 0.020931 0.765031
v 0.079583 0.021985 0.765195
v 0.081389 0.022485 0.764872
v 0.078057 0.020555 0.765000
v 0.079157 0.021714 0.765151
v 0.080823 0.022408 0.765051
v 0.078788 0.0214 0.765091
v 0.080282 0.022266 0.765142
v 0.078469 0.021052 0.765035
v 0.079784 0.022065 0.765164
v 0.081618 0.022496 0.764717
v 0.078188 0.020682 0.764999
v 0.079339 0.02181 0.765139
v 0.081052 0.022441 0.764939
v 0.078950 0.021509 0.765089
v 0.080503 0.02232 0.765068
v 0.078614 0.021171 0.765036
v 0.079990 0.022138 0.765121
v 0.078321 0.020807 0.764998
v 0.079526 0.0219 0.765118
v 0.081280 0.022467 0.764809
v 0.078056 0.020428 0.764989
v 0.079118 0.021614 0.765082
v 0.080726 0.022367 0.764978
v 0.078764 0.021287 0.765035
v 0.080200 0.022205 0.765065
v 0.078457 0.020931 0.764996
v 0.079719 0.021985 0.765087
v 0.081504 0.022485 0.764660
v 0.078185 0.020555 0.764981
v 0.079292 0.021714 0.765068
v 0.080949 0.022408 0.764871
v 0.078920 0.0214 0.765029
v 0.080414 0.022266 0.764994
v 0.078598 0.021052 0.764992
v 0.079918 0.022065 0.765045
v 0.081723 0.022496 0.764492
v 0.078315 0.020682 0.764973
v 0.079472 0.02181 0.765046
v 0.081171 0.022441 0.764746
v 0.079081 0.021509 0.765019
v 0.080630 0.02232 0.764907
v 0.078743 0.021171 0.764985
v 0.080121 0.022138 0.764990
v 0.078448 0.020807 0.764964
v 0.079658 0.0219 0.765014
v 0.081391 0.022467 0.764603
v 0.078183 0.020428 0.764970
v 0.079248 0.021614 0.765002
v 0.080847 0.022367 0.764804
v 0.078892 0.021287 0.764975
v 0.080328 0.022205 0.764921
v 0.078584 0.020931 0.764954
v 0.079849 0.021985 0.764972
v 0.081606 0.022485 0.764442
v 0.078311 0.020555 0.764955
v 0.079421 0.021714 0.764978
v 0.081064 0.022408 0.764685
v 0.079047 0.0214 0.764961
v 0.080537 0.022266 0.764838
v 0.078724 0.021052 0.764942
v 0.080045 0.022065 0.764918
v 0.081814 0.022496 0.764261
v 0.078441 0.020682 0.764940
v 0.079600 0.02181 0.764945
v 0.081279 0.022441 0.764547
v 0.079208 0.021509 0.764940
v 0.080748 0.02232 0.764739
v 0.078868 0.021171 0.764927
v 0.080245 0.022138 0.764851
v 0.078573 0.020807 0.764923
v 0.079783 0.0219 0.764902
v 0.081489 0.022467 0.764391
v 0.078308 0.020428 0.764944
v 0.079374 0.021614 0.764914
v 0.080959 0.022367 0.764624
v 0.079017 0.021287 0.764908
v 0.080447 0.022205 0.764771
v 0.078708 0.020931 0.764905
v 0.079972 0.021985 0.764849
v 0.081695 0.022485 0.764218
v 0.078435 0.020555 0.764922
v 0.079545 0.021714 0.764880
v 0.081168 0.022408 0.764492
v 0.079171 0.0214 0.764884
v 0.080651 0.022266 0.764675
v 0.078847 0.021052 0.764885
v 0.080164 0.022065 0.764784
v 0.081893 0.022496 0.764025
v 0.078564 0.020682 0.764899
v 0.079721 0.02181 0.764836
v 0.081374 0.022441 0.764342
v 0.079330 0.021509 0.764855
v 0.080856 0.02232 0.764564
v 0.078990 0.021171 0.764861
v 0.080360 0.022138 0.764706
v 0.078695 0.020807 0.764875
v 0.079902 0.0219 0.764783
v 0.081576 0.022467 0.764174
v 0.078432 0.020428 0.764911
v 0.079494 0.021614 0.764819
v 0.081060 0.022367 0.764437
v 0.079138 0.021287 0.764834
v 0.080557 0.022205 0.764613
v 0.078829 0.020931 0.764849
v 0.080087 0.021985 0.764719
v 0.081770 0.022485 0.763989
v 0.078558 0.020555 0.764881
v 0.079663 0.021714 0.764775
v 0.081261 0.022408 0.764293
v 0.079290 0.0214 0.764801
v 0.080755 0.022266 0.764506
v 0.078966 0.021052 0.764820
v 0.080276 0.022065 0.764643
v 0.081957 0.022496 0.763785
v 0.078685 0.020682 0.764851
v 0.079836 0.02181 0.764721
v 0.081458 0.022441 0.764131
v 0.079447 0.021509 0.764763
v 0.080953 0.02232 0.764384
v 0.079108 0.021171 0.764788
v 0.080466 0.022138 0.764554
v 0.078814 0.020807 0.764819
v 0.080014 0.0219 0.764658
v 0.081649 0.022467 0.763952
v 0.078554 0.020428 0.764871
v 0.079608 0.021614 0.764717
v 0.081149 0.022367 0.764245
v 0.079253 0.021287 0.764752
v 0.080658 0.022205 0.764450
v 0.078946 0.020931 0.764785
v 0.080195 0.021985 0.764583
v 0.081833 0.022485 0.763756
v 0.078677 0.020555 0.764834
v 0.079775 0.021714 0.764663
v 0.081342 0.022408 0.764089
v 0.079404 0.0214 0.764711
v 0.080850 0.022266 0.764332
v 0.079082 0.021052 0.764749
v 0.080379 0.022065 0.764496
v 0.082007 0.022496 0.763542
v 0.078802 0.020682 0.764796
v 0.079945 0.02181 0.764600
v 0.081529 0.022441 0.763916
v 0.079558 0.021509 0.764663
v 0.081040 0.02232 0.764198
v 0.079221 0.021171 0.764709
v 0.080564 0.022138 0.764396
v 0.078930 0.020807 0.764757
v 0.080118 0.0219 0.764526
v 0.081710 0.022467 0.763727
v 0.078673 0.020428 0.764823
v 0.079717 0.021614 0.764608
v 0.081228 0.022367 0.764048
v 0.079365 0.021287 0.764665
v 0.080749 0.022205 0.764281
v 0.079060 0.020931 0.764715
v 0.080295 0.021985 0.764441
v 0.081882 0.022485 0.763520
v 0.078794 0.020555 0.764779
v 0.079880 0.021714 0.764545
v 0.081411 0.022408 0.763881
v 0.079512 0.0214 0.764615
v 0.080934 0.022266 0.764152
v 0.079193 0.021052 0.764671
v 0.080473 0.022065 0.764343
v 0.082043 0.022496 0.763296
v 0.078917 0.020682 0.764734
v 0.080046 0.02181 0.764472
v 0.081588 0.022441 0.763698
v 0.079663 0.021509 0.764558
v 0.081116 0.02232 0.764007
v 0.079330 0.021171 0.764623
v 0.080652 0.022138 0.764232
v 0.079042 0.020807 0.764688
v 0.080215 0.0219 0.764388
v 0.081757 0.022467 0.763498
v 0.078789 0.020428 0.764769
v 0.079819 0.021614 0.764494
v 0.081294 0.022367 0.763846
v 0.079470 0.021287 0.764570
v 0.080830 0.022205 0.764107
v 0.079169 0.020931 0.764639
v 0.080386 0.021985 0.764293
v 0.081917 0.022485 0.763281
v 0.078907 0.020555 0.764718
v 0.079978 0.021714 0.764421
v 0.081467 0.022408 0.763669
v 0.079615 0.0214 0.764512
v 0.081007 0.022266 0.763967
v 0.079299 0.021052 0.764587
v 0.080558 0.022065 0.764185
v 0.082065 0.022496 0.763048
v 0.079027 0.020682 0.764666
v 0.080139 0.02181 0.764339
v 0.081634 0.022441 0.763476
v 0.079763 0.021509 0.764447
v 0.081180 0.02232 0.763812
v 0.079433 0.021171 0.764531
v 0.080730 0.022138 0.764064
v 0.079149 0.020807 0.764612
v 0.080303 0.0219 0.764245
v 0.081791 0.022467 0.763266
v 0.078902 0.020428 0.764708
v 0.079914 0.021614 0.764374
v 0.081349 0.022367 0.763641
v 0.079570 0.021287 0.764470
v 0.080901 0.022205 0.763929
v 0.079274 0.020931 0.764556
v 0.080468 0.021985 0.764140
v 0.081938 0.022485 0.763041
v 0.079017 0.020555 0.764651
v 0.080068 0.021714 0.764292
v 0.081512 0.022408 0.763454
v 0.079711 0.0214 0.764404
v 0.081069 0.022266 0.763779
v 0.079401 0.021052 0.764497
v 0.080634 0.022065 0.764022
v 0.079134 0.020682 0.764591
v 0.080225 0.02181 0.764200
v 0.081666 0.022441 0.763252
v 0.079855 0.021509 0.764330
v 0.081234 0.02232 0.763614
v 0.079531 0.021171 0.764433
v 0.080799 0.022138 0.763891
v 0.079252 0.020807 0.764531
v 0.080383 0.0219 0.764097
v 0.081811 0.022467 0.763034
v 0.079011 0.020428 0.764641
v 0.080002 0.021614 0.764248
v 0.081392 0.022367 0.763433
v 0.079665 0.021287 0.764365
v 0.080961 0.022205 0.763746
v 0.079373 0.020931 0.764467
v 0.080542 0.021985 0.763983
v 0.079123 0.020555 0.764577
v 0.080151 0.021714 0.764157
v 0.081544 0.022408 0.763238
v 0.079801 0.0214 0.764290
v 0.081121 0.022266 0.763587
v 0.079497 0.021052 0.764401
v 0.080700 0.022065 0.763856
v 0.079236 0.020682 0.764511
v 0.080302 0.02181 0.764057
v 0.081686 0.022441 0.763026
v 0.079940 0.021509 0.764208
v 0.081275 0.02232 0.763413
v 0.079623 0.021171 0.764330
v 0.080857 0.022138 0.763715
v 0.079350 0.020807 0.764443
v 0.080454 0.0219 0.763945
v 0.079116 0.020428 0.764568
v 0.080082 0.021614 0.764118
v 0.081423 0.022367 0.763223
v 0.079752 0.021287 0.764253
v 0.081011 0.022205 0.763561
v 0.079467 0.020931 0.764373
v 0.080606 0.021985 0.763821
v 0.079224 0.020555 0.764497
v 0.080226 0.021714 0.764018
v 0.081563 0.022408 0.763019
v 0.079884 0.0214 0.764171
v 0.081161 0.022266 0.763393
v 0.079587 0.021052 0.764299
v 0.080757 0.022065 0.763685
v 0.079333 0.020682 0.764425
v 0.080371 0.02181 0.763909
v 0.080019 0.021509 0.764081
v 0.081305 0.02232 0.763210
v 0.079709 0.021171 0.764221
v 0.080905 0.022138 0.763536
v 0.079443 0.020807 0.764350
v 0.080516 0.0219 0.763789
v 0.079217 0.020428 0.764488
v 0.080155 0.021614 0.763983
v 0.081441 0.022367 0.763012
v 0.079834 0.021287 0.764138
v 0.081050 0.022205 0.763373
v 0.079556 0.020931 0.764274
v 0.080660 0.021985 0.763656
v 0.079320 0.020555 0.764411
v 0.080293 0.021714 0.763875
v 0.079961 0.0214 0.764047
v 0.081190 0.022266 0.763196
v 0.079671 0.021052 0.764193
v 0.080803 0.022065 0.763512
v 0.079425 0.020682 0.764333
v 0.080431 0.02181 0.763758
v 0.080089 0.021509 0.763950
v 0.081323 0.02232 0.763005
v 0.079788 0.021171 0.764108
v 0.080943 0.022138 0.763354
v 0.079531 0.020807 0.764252
v 0.080569 0.0219 0.763629
v 0.079312 0.020428 0.764403
v 0.080220 0.021614 0.763844
v 0.079908 0.021287 0.764017
v 0.081078 0.022205 0.763183
v 0.079639 0.020931 0.764169
v 0.080705 0.021985 0.763489
v 0.079411 0.020555 0.764320
v 0.080351 0.021714 0.763728
v 0.080029 0.0214 0.763920
v 0.081207 0.022266 0.762998
v 0.079749 0.021052 0.764082
v 0.080839 0.022065 0.763336
v 0.079511 0.020682 0.764236
v 0.080482 0.02181 0.763603
v 0.080152 0.021509 0.763815
v 0.079861 0.021171 0.763990
v 0.080970 0.022138 0.763170
v 0.079612 0.020807 0.764149
v 0.080612 0.0219 0.763467
v 0.079403 0.020428 0.764312
v 0.080276 0.021614 0.763701
v 0.079975 0.021287 0.763892
v 0.081094 0.022205 0.762992
v 0.079715 0.020931 0.764060
v 0.080741 0.021985 0.763318
v 0.079497 0.020555 0.764224
v 0.080401 0.021714 0.763579
v 0.080091 0.0214 0.763788
v 0.079820 0.021052 0.763966
v 0.080865 0.022065 0.763158
v 0.079591 0.020682 0.764134
v 0.080524 0.02181 0.763446
v 0.080207 0.021509 0.763676
v 0.079927 0.021171 0.763868
v 0.080986 0.022138 0.762986
v 0.079688 0.020807 0.764042
v 0.080646 0.0219 0.763302
v 0.079488 0.020428 0.764217
v 0.080325 0.021614 0.763556
v 0.080035 0.021287 0.763764
v 0.079785 0.020931 0.763946
v 0.080766 0.021985 0.763147
v 0.079577 0.020555 0.764123
v 0.080442 0.021714 0.763426
v 0.080144 0.0214 0.763653
v 0.079885 0.021052 0.763847
v 0.080881 0.022065 0.762979
v 0.079666 0.020682 0.764027
v 0.080557 0.02181 0.763286
v 0.080254 0.021509 0.763535
v 0.079985 0.021171 0.763743
v 0.079757 0.020807 0.763930
v 0.080671 0.0219 0.763136
v 0.079568 0.020428 0.764116
v 0.080364 0.021614 0.763408
v 0.080087 0.021287 0.763632
v 0.079849 0.020931 0.763829
v 0.080781 0.021985 0.762974
v 0.079651 0.020555 0.764017
v 0.080473 0.021714 0.763271
v 0.080190 0.0214 0.763516
v 0.079942 0.021052 0.763724
v 0.079734 0.020682 0.763917
v 0.080581 0.02181 0.763125
v 0.080293 0.021509 0.763391
v 0.080036 0.021171 0.763614
v 0.079819 0.020807 0.763814
v 0.080685 0.0219 0.762968
v 0.079641 0.020428 0.764011
v 0.080395 0.021614 0.763258
v 0.080132 0.021287 0.763498
v 0.079905 0.020931 0.763708
v 0.079718 0.020555 0.763907
v 0.080496 0.021714 0.763115
v 0.080227 0.0214 0.763375
v 0.079992 0.021052 0.763598
v 0.079796 0.020682 0.763802
v 0.080595 0.02181 0.762963
v 0.080323 0.021509 0.763245
v 0.080080 0.021171 0.763483
v 0.079875 0.020807 0.763695
v 0.079708 0.020428 0.763902
v 0.080418 0.021614 0.763106
v 0.080168 0.021287 0.763361
v 0.079954 0.020931 0.763584
v 0.079779 0.020555 0.763794
v 0.080510 0.021714 0.762958
v 0.080257 0.0214 0.763233
v 0.080035 0.021052 0.763469
v 0.079851 0.020682 0.763685
v 0.080345 0.021509 0.763097
v 0.080116 0.021171 0.763349
v 0.079923 0.020807 0.763573
v 0.079769 0.020428 0.763789
v 0.080431 0.021614 0.762953
v 0.080197 0.021287 0.763223
v 0.079996 0.020931 0.763457
v 0.079834 0.020555 0.763677
v 0.080278 0.0214 0.763090
v 0.080070 0.021052 0.763338
v 0.079899 0.020682 0.763564
v 0.080358 0.021509 0.762949
v 0.080144 0.021171 0.763213
v 0.079964 0.020807 0.763448
v 0.079823 0.020428 0.763673
v 0.080218 0.021287 0.763083
v 0.080031 0.020931 0.763329
v 0.079881 0.020555 0.763558
v 0.080291 0.0214 0.762945
v 0.080097 0.021052 0.763205
v 0.079940 0.020682 0.763441
v 0.080164 0.021171 0.763076
v 0.079998 0.020807 0.763321
v 0.079871 0.020428 0.763554
v 0.080230 0.021287 0.762942
v 0.080058 0.020931 0.763198
v 0.079922 0.020555 0.763435
v 0.080117 0.021052 0.763071
v 0.079973 0.020682 0.763315
v 0.080176 0.021171 0.762938
v 0.080025 0.020807 0.763192
v 0.079911 0.020428 0.763432
v 0.080077 0.020931 0.763066
v 0.079955 0.020555 0.763311
v 0.080129 0.021052 0.762936
v 0.079999 0.020682 0.763188
v 0.080044 0.020807 0.763062
v 0.079944 0.020428 0.763308
v 0.080089 0.020931 0.762933
v 0.079981 0.020555 0.763185
v 0.080018 0.020682 0.763059
v 0.080055 0.020807 0.762931
v 0.079970 0.020428 0.763183
v 0.080000 0.020555 0.763057
v 0.080030 0.020682 0.762930
v 0.079989 0.020428 0.763056
v 0.080011 0.020555 0.762929
v 0.080000 0.020428 0.762928
v -0.082200 0.0225 0.762800
v -0.082072 0.022496 0.762800
v -0.081945 0.022485 0.762800
v -0.081818 0.022467 0.762800
v -0.081693 0.022441 0.762800
v -0.081569 0.022408 0.762800
v -0.081448 0.022367 0.762800
v -0.081329 0.02232 0.762800
v -0.081213 0.022266 0.762800
v -0.081100 0.022205 0.762800
v -0.080991 0.022138 0.762800
v -0.080886 0.022065 0.762800
v -0.080786 0.021985 0.762800
v -0.080690 0.0219 0.762800
v -0.080600 0.02181 0.762800
v -0.080515 0.021714 0.762800
v -0.080435 0.021614 0.762800
v -0.080362 0.021509 0.762800
v -0.080295 0.0214 0.762800
v -0.080234 0.021287 0.762800
v -0.080180 0.021171 0.762800
v -0.080133 0.021052 0.762800
v -0.080092 0.020931 0.762800
v -0.080059 0.020807 0.762800
v -0.080033 0.020682 0.762800
v -0.080015 0.020555 0.762800
v -0.080004 0.020428 0.762800
v -0.080000 0.0203 0.762800
v -0.080000 0.0203 0.047200
v -0.082200 0.0225 0.047200
v -0.082072 0.022496 0.047200
v -0.081945 0.022485 0.047200
v -0.081818 0.022467 0.047200
v -0.081693 0.022441 0.047200
v -0.081569 0.022408 0.047200
v -0.081448 0.022367 0.047200
v -0.081329 0.02232 0.047200
v -0.081213 0.022266 0.047200
v -0.081100 0.022205 0.047200
v -0.080991 0.022138 0.047200
v -0.080886 0.022065 0.047200
v -0.080786 0.021985 0.047200
v -0.080690 0.0219 0.047200
v -0.080600 0.02181 0.047200
v -0.080515 0.021714 0.047200
v -0.080435 0.021614 0.047200
v -0.080362 0.021509 0.047200
v -0.080295 0.0214 0.047200
v -0.080234 0.021287 0.047200
v -0.080180 0.021171 0.047200
v -0.080133 0.021052 0.047200
v -0.080092 0.020931 0.047200
v -0.080059 0.020807 0.047200
v -0.080033 0.020682 0.047200
v -0.080015 0.020555 0.047200
v -0.080004 0.020428 0.047200
v 0.082200 0.0225 0.762800
v 0.082072 0.022496 0.762800
v 0.081945 0.022485 0.762800
v 0.081818 0.022467 0.762800
v 0.081693 0.022441 0.762800
v 0.081569 0.022408 0.762800
v 0.081448 0.022367 0.762800
v 0.081329 0.02232 0.762800
v 0.081213 0.022266 0.762800
v 0.081100 0.022205 0.762800
v 0.080991 0.022138 0.762800
v 0.080886 0.022065 0.762800
v 0.080786 0.021985 0.762800
v 0.080690 0.0219 0.762800
v 0.080600 0.02181 0.762800
v 0.080515 0.021714 0.762800
v 0.080435 0.021614 0.762800
v 0.080362 0.021509 0.762800
v 0.080295 0.0214 0.762800
v 0.080234 0.021287 0.762800
v 0.080180 0.021171 0.762800
v 0.080133 0.021052 0.762800
v 0.080092 0.020931 0.762800
v 0.080059 0.020807 0.762800
v 0.080033 0.020682 0.762800
v 0.080015 0.020555 0.762800
v 0.080004 0.020428 0.762800
v 0.080000 0.0203 0.762800
v 0.080000 0.0203 0.047200
v 0.082200 0.0225 0.047200
v 0.082072 0.022496 0.047200
v 0.081945 0.022485 0.047200
v 0.081818 0.022467 0.047200
v 0.081693 0.022441 0.047200
v 0.081569 0.022408 0.047200
v 0.081448 0.022367 0.047200
v 0.081329 0.02232 0.047200
v 0.081213 0.022266 0.047200
v 0.081100 0.022205 0.047200
v 0.080991 0.022138 0.047200
v 0.080886 0.022065 0.047200
v 0.080786 0.021985 0.047200
v 0.080690 0.0219 0.047200
v 0.080600 0.02181 0.047200
v 0.080515 0.021714 0.047200
v 0.080435 0.021614 0.047200
v 0.080362 0.021509 0.047200
v 0.080295 0.0214 0.047200
v 0.080234 0.021287 0.047200
v 0.080180 0.021171 0.047200
v 0.080133 0.021052 0.047200
v 0.080092 0.020931 0.047200
v 0.080059 0.020807 0.047200
v 0.080033 0.020682 0.047200
v 0.080015 0.020555 0.047200
v 0.080004 0.020428 0.047200
v -0.077800 0.0225 0.042800
v -0.077800 0.022496 0.042928
v -0.077800 0.022485 0.043055
v -0.077800 0.022467 0.043182
v -0.077800 0.022441 0.043307
v -0.077800 0.022408 0.043431
v -0.077800 0.022367 0.043552
v -0.077800 0.02232 0.043671
v -0.077800 0.022266 0.043787
v -0.077800 0.022205 0.043900
v -0.077800 0.022138 0.044009
v -0.077800 0.022065 0.044114
v -0.077800 0.021985 0.044214
v -0.077800 0.0219 0.044310
v -0.077800 0.02181 0.044400
v -0.077800 0.021714 0.044485
v -0.077800 0.021614 0.044565
v -0.077800 0.021509 0.044638
v -0.077800 0.0214 0.044705
v -0.077800 0.021287 0.044766
v -0.077800 0.021171 0.044820
v -0.077800 0.021052 0.044867
v -0.077800 0.020931 0.044908
v -0.077800 0.020807 0.044941
v -0.077800 0.020682 0.044967
v -0.077800 0.020555 0.044985
v -0.077800 0.020428 0.044996
v -0.077800 0.0203 0.045000
v -0.078056 0.0225 0.042807
v -0.078311 0.0225 0.042830
v -0.078564 0.0225 0.042867
v -0.078815 0.0225 0.042919
v -0.079062 0.0225 0.042985
v -0.079305 0.0225 0.043065
v -0.079543 0.0225 0.043160
v -0.079775 0.0225 0.043268
v -0.080000 0.0225 0.043389
v -0.080218 0.0225 0.043524
v -0.080427 0.0225 0.043671
v -0.080628 0.0225 0.043829
v -0.080819 0.0225 0.044000
v -0.081000 0.0225 0.044181
v -0.081171 0.0225 0.044372
v -0.081329 0.0225 0.044573
v -0.081476 0.0225 0.044782
v -0.081611 0.0225 0.045000
v -0.081732 0.0225 0.045225
v -0.081840 0.0225 0.045457
v -0.081935 0.0225 0.045695
v -0.082015 0.0225 0.045938
v -0.082081 0.0225 0.046185
v -0.082133 0.0225 0.046436
v -0.082170 0.0225 0.046689
v -0.082193 0.0225 0.046944
v -0.082200 0.0225 0.047200
v -0.082072 0.022496 0.047200
v -0.081945 0.022485 0.047200
v -0.081818 0.022467 0.047200
v -0.081693 0.022441 0.047200
v -0.081569 0.022408 0.047200
v -0.081448 0.022367 0.047200
v -0.081329 0.02232 0.047200
v -0.081213 0.022266 0.047200
v -0.081100 0.022205 0.047200
v -0.080991 0.022138 0.047200
v -0.080886 0.022065 0.047200
v -0.080786 0.021985 0.047200
v -0.080690 0.0219 0.047200
v -0.080600 0.02181 0.047200
v -0.080515 0.021714 0.047200
v -0.080435 0.021614 0.047200
v -0.080362 0.021509 0.047200
v -0.080295 0.0214 0.047200
v -0.080234 0.021287 0.047200
v -0.080180 0.021171 0.047200
v -0.080133 0.021052 0.047200
v -0.080092 0.020931 0.047200
v -0.080059 0.020807 0.047200
v -0.080033 0.020682 0.047200
v -0.080015 0.020555 0.047200
v -0.080004 0.020428 0.047200
v -0.080000 0.0203 0.047200
v -0.077928 0.0203 0.045004
v -0.078055 0.0203 0.045015
v -0.078182 0.0203 0.045033
v -0.078307 0.0203 0.045059
v -0.078431 0.0203 0.045092
v -0.078552 0.0203 0.045133
v -0.078671 0.0203 0.045180
v -0.078787 0.0203 0.045234
v -0.078900 0.0203 0.045295
v -0.079009 0.0203 0.045362
v -0.079114 0.0203 0.045435
v -0.079214 0.0203 0.045515
v -0.079310 0.0203 0.045600
v -0.079400 0.0203 0.045690
v -0.079485 0.0203 0.045786
v -0.079565 0.0203 0.045886
v -0.079638 0.0203 0.045991
v -0.079705 0.0203 0.046100
v -0.079766 0.0203 0.046213
v -0.079820 0.0203 0.046329
v -0.079867 0.0203 0.046448
v -0.079908 0.0203 0.046569
v -0.079941 0.0203 0.046693
v -0.079967 0.0203 0.046818
v -0.079985 0.0203 0.046945
v -0.079996 0.0203 0.047072
v -0.078048 0.022496 0.042935
v -0.078041 0.022485 0.043062
v -0.078296 0.022496 0.042957
v -0.078034 0.022467 0.043189
v -0.078281 0.022485 0.043083
v -0.078542 0.022496 0.042993
v -0.078026 0.022441 0.043314
v -0.078266 0.022467 0.043209
v -0.078520 0.022485 0.043118
v -0.078019 0.022408 0.043437
v -0.078785 0.022496 0.043043
v -0.078252 0.022441 0.043334
v -0.078498 0.022467 0.043243
v -0.078012 0.022367 0.043559
v -0.078756 0.022485 0.043167
v -0.078238 0.022408 0.043456
v -0.079025 0.022496 0.043107
v -0.078476 0.022441 0.043366
v -0.078005 0.02232 0.043677
v -0.078727 0.022467 0.043290
v -0.078223 0.022367 0.043577
v -0.078989 0.022485 0.043230
v -0.078454 0.022408 0.043488
v -0.077998 0.022266 0.043793
v -0.079261 0.022496 0.043186
v -0.078698 0.022441 0.043412
v -0.078210 0.02232 0.043695
v -0.078952 0.022467 0.043351
v -0.078433 0.022367 0.043608
v -0.077992 0.022205 0.043906
v -0.079218 0.022485 0.043305
v -0.078669 0.022408 0.043533
v -0.078196 0.022266 0.043810
v -0.079492 0.022496 0.043277
v -0.078916 0.022441 0.043471
v -0.078413 0.02232 0.043725
v -0.077986 0.022138 0.044014
v -0.079174 0.022467 0.043424
v -0.078641 0.022367 0.043651
v -0.078183 0.022205 0.043922
v -0.079442 0.022485 0.043394
v -0.078881 0.022408 0.043589
v -0.078393 0.022266 0.043839
v -0.077979 0.022065 0.044119
v -0.079717 0.022496 0.043382
v -0.079131 0.022441 0.043542
v -0.078614 0.02232 0.043766
v -0.078170 0.022138 0.044030
v -0.079391 0.022467 0.043511
v -0.078846 0.022367 0.043706
v -0.078373 0.022205 0.043950
v -0.077974 0.021985 0.044219
v -0.079660 0.022485 0.043496
v -0.079089 0.022408 0.043658
v -0.078587 0.022266 0.043879
v -0.078158 0.022065 0.044135
v -0.079936 0.022496 0.043500
v -0.079342 0.022441 0.043626
v -0.078812 0.02232 0.043820
v -0.078354 0.022138 0.044057
v -0.077968 0.0219 0.044315
v -0.079603 0.022467 0.043609
v -0.079048 0.022367 0.043772
v -0.078561 0.022205 0.043989
v -0.078147 0.021985 0.044234
v -0.079872 0.022485 0.043611
v -0.079293 0.022408 0.043739
v -0.078779 0.022266 0.043931
v -0.078336 0.022065 0.044161
v -0.080148 0.022496 0.043631
v -0.077963 0.02181 0.044405
v -0.079547 0.022441 0.043721
v -0.079007 0.02232 0.043884
v -0.078536 0.022138 0.044095
v -0.078136 0.0219 0.044329
v -0.079809 0.022467 0.043720
v -0.079245 0.022367 0.043851
v -0.078746 0.022205 0.044039
v -0.078318 0.021985 0.044259
v -0.080077 0.022485 0.043737
v -0.077958 0.021714 0.044490
v -0.079492 0.022408 0.043832
v -0.078967 0.022266 0.043993
v -0.078512 0.022065 0.044197
v -0.080351 0.022496 0.043773
v -0.078125 0.02181 0.044419
v -0.079746 0.022441 0.043829
v -0.079198 0.02232 0.043960
v -0.078715 0.022138 0.044143
v -0.078302 0.0219 0.044354
v -0.080008 0.022467 0.043843
v -0.077953 0.021614 0.044569
v -0.079437 0.022367 0.043940
v -0.078929 0.022205 0.044099
v -0.078489 0.021985 0.044295
v -0.080275 0.022485 0.043876
v -0.078115 0.021714 0.044504
v -0.079685 0.022408 0.043936
v -0.079152 0.022266 0.044066
v -0.078685 0.022065 0.044243
v -0.080546 0.022496 0.043927
v -0.078286 0.02181 0.044443
v -0.079939 0.022441 0.043948
v -0.077949 0.021509 0.044642
v -0.079384 0.02232 0.044047
v -0.078891 0.022138 0.044201
v -0.078467 0.0219 0.044388
v -0.080199 0.022467 0.043977
v -0.078106 0.021614 0.044582
v -0.079624 0.022367 0.044041
v -0.079107 0.022205 0.044170
v -0.078656 0.021985 0.044340
v -0.080464 0.022485 0.044025
v -0.078271 0.021714 0.044527
v -0.079871 0.022408 0.044051
v -0.077945 0.0214 0.044709
v -0.079332 0.022266 0.044150
v -0.078856 0.022065 0.044300
v -0.080732 0.022496 0.044093
v -0.078446 0.02181 0.044476
v -0.080125 0.022441 0.044078
v -0.078097 0.021509 0.044655
v -0.079564 0.02232 0.044144
v -0.079064 0.022138 0.044270
v -0.078629 0.0219 0.044431
v -0.080383 0.022467 0.044122
v -0.078258 0.021614 0.044605
v -0.079804 0.022367 0.044153
v -0.077942 0.021287 0.044770
v -0.079281 0.022205 0.044251
v -0.078821 0.021985 0.044394
v -0.080644 0.022485 0.044185
v -0.078426 0.021714 0.044558
v -0.080051 0.022408 0.044177
v -0.078090 0.0214 0.044722
v -0.079506 0.022266 0.044245
v -0.079022 0.022065 0.044366
v -0.080907 0.022496 0.044268
v -0.078603 0.02181 0.044518
v -0.080302 0.022441 0.044218
v -0.078245 0.021509 0.044677
v -0.079739 0.02232 0.044252
v -0.077938 0.021171 0.044824
v -0.079232 0.022138 0.044348
v -0.078789 0.0219 0.044484
v -0.080557 0.022467 0.044277
v -0.078408 0.021614 0.044636
v -0.079978 0.022367 0.044274
v -0.078083 0.021287 0.044782
v -0.079450 0.022205 0.044342
v -0.078983 0.021985 0.044458
v -0.080815 0.022485 0.044356
v -0.078579 0.021714 0.044599
v -0.080223 0.022408 0.044313
v -0.078233 0.0214 0.044743
v -0.079675 0.022266 0.044349
v -0.077936 0.021052 0.044871
v -0.079185 0.022065 0.044442
v -0.081073 0.022496 0.044454
v -0.078758 0.02181 0.044569
v -0.080471 0.022441 0.044369
v -0.078391 0.021509 0.044707
v -0.079907 0.02232 0.044370
v -0.078076 0.021171 0.044836
v -0.079396 0.022138 0.044436
v -0.078945 0.0219 0.044546
v -0.080723 0.022467 0.044443
v -0.078556 0.021614 0.044675
v -0.080145 0.022367 0.044406
v -0.078223 0.021287 0.044803
v -0.079613 0.022205 0.044443
v -0.077933 0.020931 0.044911
v -0.079140 0.021985 0.044532
v -0.080975 0.022485 0.044536
v -0.078728 0.021714 0.044649
v -0.080386 0.022408 0.044459
v -0.078375 0.0214 0.044773
v -0.079838 0.022266 0.044463
v -0.078071 0.021052 0.044883
v -0.079343 0.022065 0.044527
v -0.081227 0.022496 0.044649
v -0.078909 0.02181 0.044629
v -0.080631 0.022441 0.044529
v -0.078535 0.021509 0.044746
v -0.080068 0.02232 0.044497
v -0.078213 0.021171 0.044856
v -0.079554 0.022138 0.044534
v -0.077931 0.020807 0.044945
v -0.079097 0.0219 0.044617
v -0.080878 0.022467 0.044617
v -0.078701 0.021614 0.044724
v -0.080303 0.022367 0.044547
v -0.078361 0.021287 0.044832
v -0.079771 0.022205 0.044553
v -0.078066 0.020931 0.044923
v -0.079293 0.021985 0.044614
v -0.081124 0.022485 0.044725
v -0.078875 0.021714 0.044707
v -0.080541 0.022408 0.044614
v -0.078516 0.0214 0.044810
v -0.079994 0.022266 0.044586
v -0.078205 0.021052 0.044903
v -0.079496 0.022065 0.044621
v -0.081369 0.022496 0.044852
v -0.077930 0.020682 0.044970
v -0.079057 0.02181 0.044698
v -0.080782 0.022441 0.044698
v -0.078676 0.021509 0.044793
v -0.080221 0.02232 0.044633
v -0.078349 0.021171 0.044884
v -0.079706 0.022138 0.044640
v -0.078062 0.020807 0.044956
v -0.079245 0.0219 0.044697
v -0.081023 0.022467 0.044801
v -0.078844 0.021614 0.044780
v -0.080453 0.022367 0.044697
v -0.078498 0.021287 0.044868
v -0.079921 0.022205 0.044672
v -0.078198 0.020931 0.044942
v -0.079441 0.021985 0.044705
v -0.081263 0.022485 0.044923
v -0.077929 0.020555 0.044989
v -0.079018 0.021714 0.044774
v -0.080687 0.022408 0.044777
v -0.078653 0.0214 0.044856
v -0.080142 0.022266 0.044718
v -0.078338 0.021052 0.044930
v -0.079643 0.022065 0.044724
v -0.081500 0.022496 0.045064
v -0.078059 0.020682 0.044982
v -0.079200 0.02181 0.044775
v -0.080922 0.022441 0.044875
v -0.078815 0.021509 0.044848
v -0.080367 0.02232 0.044779
v -0.078483 0.021171 0.044920
v -0.079851 0.022138 0.044755
v -0.078192 0.020807 0.044975
v -0.079388 0.0219 0.044785
v -0.081157 0.022467 0.044992
v -0.077928 0.020428 0.045000
v -0.078983 0.021614 0.044845
v -0.080594 0.022367 0.044855
v -0.078632 0.021287 0.044913
v -0.080065 0.022205 0.044800
v -0.078329 0.020931 0.044969
v -0.079583 0.021985 0.044805
v -0.081389 0.022485 0.045128
v -0.078057 0.020555 0.045000
v -0.079157 0.021714 0.044849
v -0.080823 0.022408 0.044949
v -0.078788 0.0214 0.044909
v -0.080282 0.022266 0.044858
v -0.078469 0.021052 0.044965
v -0.079784 0.022065 0.044836
v -0.081618 0.022496 0.045283
v -0.078188 0.020682 0.045001
v -0.079339 0.02181 0.044861
v -0.081052 0.022441 0.045061
v -0.078950 0.021509 0.044911
v -0.080503 0.02232 0.044932
v -0.078614 0.021171 0.044964
v -0.079990 0.022138 0.044879
v -0.078321 0.020807 0.045002
v -0.079526 0.0219 0.044882
v -0.081280 0.022467 0.045191
v -0.078056 0.020428 0.045011
v -0.079118 0.021614 0.044918
v -0.080726 0.022367 0.045022
v -0.078764 0.021287 0.044965
v -0.080200 0.022205 0.044935
v -0.078457 0.020931 0.045004
v -0.079719 0.021985 0.044913
v -0.081504 0.022485 0.045340
v -0.078185 0.020555 0.045019
v -0.079292 0.021714 0.044932
v -0.080949 0.022408 0.045129
v -0.078920 0.0214 0.044971
v -0.080414 0.022266 0.045006
v -0.078598 0.021052 0.045008
v -0.079918 0.022065 0.044955
v -0.081723 0.022496 0.045508
v -0.078315 0.020682 0.045027
v -0.079472 0.02181 0.044954
v -0.081171 0.022441 0.045254
v -0.079081 0.021509 0.044981
v -0.080630 0.02232 0.045093
v -0.078743 0.021171 0.045015
v -0.080121 0.022138 0.045010
v -0.078448 0.020807 0.045036
v -0.079658 0.0219 0.044986
v -0.081391 0.022467 0.045397
v -0.078183 0.020428 0.045030
v -0.079248 0.021614 0.044998
v -0.080847 0.022367 0.045196
v -0.078892 0.021287 0.045025
v -0.080328 0.022205 0.045079
v -0.078584 0.020931 0.045046
v -0.079849 0.021985 0.045028
v -0.081606 0.022485 0.045558
v -0.078311 0.020555 0.045045
v -0.079421 0.021714 0.045022
v -0.081064 0.022408 0.045315
v -0.079047 0.0214 0.045039
v -0.080537 0.022266 0.045162
v -0.078724 0.021052 0.045058
v -0.080045 0.022065 0.045082
v -0.081814 0.022496 0.045739
v -0.078441 0.020682 0.045060
v -0.079600 0.02181 0.045055
v -0.081279 0.022441 0.045453
v -0.079208 0.021509 0.045060
v -0.080748 0.02232 0.045261
v -0.078868 0.021171 0.045073
v -0.080245 0.022138 0.045149
v -0.078573 0.020807 0.045077
v -0.079783 0.0219 0.045098
v -0.081489 0.022467 0.045609
v -0.078308 0.020428 0.045056
v -0.079374 0.021614 0.045086
v -0.080959 0.022367 0.045376
v -0.079017 0.021287 0.045092
v -0.080447 0.022205 0.045229
v -0.078708 0.020931 0.045095
v -0.079972 0.021985 0.045151
v -0.081695 0.022485 0.045782
v -0.078435 0.020555 0.045078
v -0.079545 0.021714 0.045120
v -0.081168 0.022408 0.045508
v -0.079171 0.0214 0.045116
v -0.080651 0.022266 0.045325
v -0.078847 0.021052 0.045115
v -0.080164 0.022065 0.045216
v -0.081893 0.022496 0.045975
v -0.078564 0.020682 0.045101
v -0.079721 0.02181 0.045164
v -0.081374 0.022441 0.045658
v -0.079330 0.021509 0.045145
v -0.080856 0.02232 0.045436
v -0.078990 0.021171 0.045139
v -0.080360 0.022138 0.045294
v -0.078695 0.020807 0.045125
v -0.079902 0.0219 0.045217
v -0.081576 0.022467 0.045826
v -0.078432 0.020428 0.045089
v -0.079494 0.021614 0.045181
v -0.081060 0.022367 0.045563
v -0.079138 0.021287 0.045166
v -0.080557 0.022205 0.045387
v -0.078829 0.020931 0.045151
v -0.080087 0.021985 0.045281
v -0.081770 0.022485 0.046011
v -0.078558 0.020555 0.045119
v -0.079663 0.021714 0.045225
v -0.081261 0.022408 0.045707
v -0.079290 0.0214 0.045199
v -0.080755 0.022266 0.045494
v -0.078966 0.021052 0.045180
v -0.080276 0.022065 0.045357
v -0.081957 0.022496 0.046215
v -0.078685 0.020682 0.045149
v -0.079836 0.02181 0.045279
v -0.081458 0.022441 0.045869
v -0.079447 0.021509 0.045237
v -0.080953 0.02232 0.045616
v -0.079108 0.021171 0.045212
v -0.080466 0.022138 0.045446
v -0.078814 0.020807 0.045181
v -0.080014 0.0219 0.045342
v -0.081649 0.022467 0.046048
v -0.078554 0.020428 0.045129
v -0.079608 0.021614 0.045283
v -0.081149 0.022367 0.045755
v -0.079253 0.021287 0.045248
v -0.080658 0.022205 0.045550
v -0.078946 0.020931 0.045215
v -0.080195 0.021985 0.045417
v -0.081833 0.022485 0.046244
v -0.078677 0.020555 0.045166
v -0.079775 0.021714 0.045337
v -0.081342 0.022408 0.045911
v -0.079404 0.0214 0.045289
v -0.080850 0.022266 0.045668
v -0.079082 0.021052 0.045251
v -0.080379 0.022065 0.045504
v -0.082007 0.022496 0.046458
v -0.078802 0.020682 0.045204
v -0.079945 0.02181 0.045400
v -0.081529 0.022441 0.046084
v -0.079558 0.021509 0.045337
v -0.081040 0.02232 0.045802
v -0.079221 0.021171 0.045291
v -0.080564 0.022138 0.045604
v -0.078930 0.020807 0.045243
v -0.080118 0.0219 0.045474
v -0.081710 0.022467 0.046273
v -0.078673 0.020428 0.045177
v -0.079717 0.021614 0.045392
v -0.081228 0.022367 0.045952
v -0.079365 0.021287 0.045335
v -0.080749 0.022205 0.045719
v -0.079060 0.020931 0.045285
v -0.080295 0.021985 0.045559
v -0.081882 0.022485 0.046480
v -0.078794 0.020555 0.045221
v -0.079880 0.021714 0.045455
v -0.081411 0.022408 0.046119
v -0.079512 0.0214 0.045385
v -0.080934 0.022266 0.045848
v -0.079193 0.021052 0.045329
v -0.080473 0.022065 0.045657
v -0.082043 0.022496 0.046704
v -0.078917 0.020682 0.045266
v -0.080046 0.02181 0.045528
v -0.081588 0.022441 0.046302
v -0.079663 0.021509 0.045442
v -0.081116 0.02232 0.045993
v -0.079330 0.021171 0.045377
v -0.080652 0.022138 0.045768
v -0.079042 0.020807 0.045312
v -0.080215 0.0219 0.045612
v -0.081757 0.022467 0.046502
v -0.078789 0.020428 0.045231
v -0.079819 0.021614 0.045506
v -0.081294 0.022367 0.046154
v -0.079470 0.021287 0.045430
v -0.080830 0.022205 0.045893
v -0.079169 0.020931 0.045361
v -0.080386 0.021985 0.045707
v -0.081917 0.022485 0.046719
v -0.078907 0.020555 0.045282
v -0.079978 0.021714 0.045579
v -0.081467 0.022408 0.046331
v -0.079615 0.0214 0.045488
v -0.081007 0.022266 0.046033
v -0.079299 0.021052 0.045413
v -0.080558 0.022065 0.045815
v -0.082065 0.022496 0.046952
v -0.079027 0.020682 0.045334
v -0.080139 0.02181 0.045661
v -0.081634 0.022441 0.046524
v -0.079763 0.021509 0.045553
v -0.081180 0.02232 0.046188
v -0.079433 0.021171 0.045469
v -0.080730 0.022138 0.045936
v -0.079149 0.020807 0.045388
v -0.080303 0.0219 0.045755
v -0.081791 0.022467 0.046734
v -0.078902 0.020428 0.045292
v -0.079914 0.021614 0.045626
v -0.081349 0.022367 0.046359
v -0.079570 0.021287 0.045530
v -0.080901 0.022205 0.046071
v -0.079274 0.020931 0.045444
v -0.080468 0.021985 0.045860
v -0.081938 0.022485 0.046959
v -0.079017 0.020555 0.045349
v -0.080068 0.021714 0.045708
v -0.081512 0.022408 0.046546
v -0.079711 0.0214 0.045596
v -0.081069 0.022266 0.046221
v -0.079401 0.021052 0.045503
v -0.080634 0.022065 0.045978
v -0.079134 0.020682 0.045409
v -0.080225 0.02181 0.045800
v -0.081666 0.022441 0.046748
v -0.079855 0.021509 0.045670
v -0.081234 0.02232 0.046386
v -0.079531 0.021171 0.045567
v -0.080799 0.022138 0.046109
v -0.079252 0.020807 0.045469
v -0.080383 0.0219 0.045903
v -0.081811 0.022467 0.046966
v -0.079011 0.020428 0.045359
v -0.080002 0.021614 0.045752
v -0.081392 0.022367 0.046567
v -0.079665 0.021287 0.045635
v -0.080961 0.022205 0.046254
v -0.079373 0.020931 0.045533
v -0.080542 0.021985 0.046017
v -0.079123 0.020555 0.045423
v -0.080151 0.021714 0.045843
v -0.081544 0.022408 0.046762
v -0.079801 0.0214 0.045710
v -0.081121 0.022266 0.046413
v -0.079497 0.021052 0.045599
v -0.080700 0.022065 0.046144
v -0.079236 0.020682 0.045489
v -0.080302 0.02181 0.045943
v -0.081686 0.022441 0.046974
v -0.079940 0.021509 0.045792
v -0.081275 0.02232 0.046587
v -0.079623 0.021171 0.045670
v -0.080857 0.022138 0.046285
v -0.079350 0.020807 0.045557
v -0.080454 0.0219 0.046055
v -0.079116 0.020428 0.045432
v -0.080082 0.021614 0.045882
v -0.081423 0.022367 0.046777
v -0.079752 0.021287 0.045747
v -0.081011 0.022205 0.046439
v -0.079467 0.020931 0.045627
v -0.080606 0.021985 0.046179
v -0.079224 0.020555 0.045503
v -0.080226 0.021714 0.045982
v -0.081563 0.022408 0.046981
v -0.079884 0.0214 0.045829
v -0.081161 0.022266 0.046607
v -0.079587 0.021052 0.045701
v -0.080757 0.022065 0.046315
v -0.079333 0.020682 0.045575
v -0.080371 0.02181 0.046091
v -0.080019 0.021509 0.045919
v -0.081305 0.02232 0.046790
v -0.079709 0.021171 0.045779
v -0.080905 0.022138 0.046464
v -0.079443 0.020807 0.045650
v -0.080516 0.0219 0.046211
v -0.079217 0.020428 0.045512
v -0.080155 0.021614 0.046017
v -0.081441 0.022367 0.046988
v -0.079834 0.021287 0.045862
v -0.081050 0.022205 0.046627
v -0.079556 0.020931 0.045726
v -0.080660 0.021985 0.046344
v -0.079320 0.020555 0.045589
v -0.080293 0.021714 0.046125
v -0.079961 0.0214 0.045953
v -0.081190 0.022266 0.046804
v -0.079671 0.021052 0.045807
v -0.080803 0.022065 0.046488
v -0.079425 0.020682 0.045667
v -0.080431 0.02181 0.046242
v -0.080089 0.021509 0.046050
v -0.081323 0.02232 0.046995
v -0.079788 0.021171 0.045892
v -0.080943 0.022138 0.046646
v -0.079531 0.020807 0.045748
v -0.080569 0.0219 0.046371
v -0.079312 0.020428 0.045597
v -0.080220 0.021614 0.046156
v -0.079908 0.021287 0.045983
v -0.081078 0.022205 0.046817
v -0.079639 0.020931 0.045831
v -0.080705 0.021985 0.046511
v -0.079411 0.020555 0.045680
v -0.080351 0.021714 0.046272
v -0.080029 0.0214 0.046080
v -0.081207 0.022266 0.047002
v -0.079749 0.021052 0.045918
v -0.080839 0.022065 0.046664
v -0.079511 0.020682 0.045764
v -0.080482 0.02181 0.046397
v -0.080152 0.021509 0.046185
v -0.079861 0.021171 0.046010
v -0.080970 0.022138 0.046830
v -0.079612 0.020807 0.045851
v -0.080612 0.0219 0.046533
v -0.079403 0.020428 0.045688
v -0.080276 0.021614 0.046299
v -0.079975 0.021287 0.046108
v -0.081094 0.022205 0.047008
v -0.079715 0.020931 0.045940
v -0.080741 0.021985 0.046682
v -0.079497 0.020555 0.045776
v -0.080401 0.021714 0.046421
v -0.080091 0.0214 0.046212
v -0.079820 0.021052 0.046034
v -0.080865 0.022065 0.046842
v -0.079591 0.020682 0.045866
v -0.080524 0.02181 0.046554
v -0.080207 0.021509 0.046324
v -0.079927 0.021171 0.046132
v -0.080986 0.022138 0.047014
v -0.079688 0.020807 0.045958
v -0.080646 0.0219 0.046698
v -0.079488 0.020428 0.045783
v -0.080325 0.021614 0.046444
v -0.080035 0.021287 0.046236
v -0.079785 0.020931 0.046054
v -0.080766 0.021985 0.046853
v -0.079577 0.020555 0.045877
v -0.080442 0.021714 0.046574
v -0.080144 0.0214 0.046347
v -0.079885 0.021052 0.046153
v -0.080881 0.022065 0.047021
v -0.079666 0.020682 0.045973
v -0.080557 0.02181 0.046714
v -0.080254 0.021509 0.046465
v -0.079985 0.021171 0.046257
v -0.079757 0.020807 0.046070
v -0.080671 0.0219 0.046864
v -0.079568 0.020428 0.045884
v -0.080364 0.021614 0.046592
v -0.080087 0.021287 0.046368
v -0.079849 0.020931 0.046171
v -0.080781 0.021985 0.047026
v -0.079651 0.020555 0.045983
v -0.080473 0.021714 0.046729
v -0.080190 0.0214 0.046484
v -0.079942 0.021052 0.046276
v -0.079734 0.020682 0.046083
v -0.080581 0.02181 0.046875
v -0.080293 0.021509 0.046609
v -0.080036 0.021171 0.046386
v -0.079819 0.020807 0.046186
v -0.080685 0.0219 0.047032
v -0.079641 0.020428 0.045989
v -0.080395 0.021614 0.046742
v -0.080132 0.021287 0.046502
v -0.079905 0.020931 0.046292
v -0.079718 0.020555 0.046093
v -0.080496 0.021714 0.046885
v -0.080227 0.0214 0.046625
v -0.079992 0.021052 0.046402
v -0.079796 0.020682 0.046198
v -0.080595 0.02181 0.047037
v -0.080323 0.021509 0.046755
v -0.080080 0.021171 0.046517
v -0.079875 0.020807 0.046305
v -0.079708 0.020428 0.046098
v -0.080418 0.021614 0.046894
v -0.080168 0.021287 0.046639
v -0.079954 0.020931 0.046416
v -0.079779 0.020555 0.046206
v -0.080510 0.021714 0.047042
v -0.080257 0.0214 0.046767
v -0.080035 0.021052 0.046531
v -0.079851 0.020682 0.046315
v -0.080345 0.021509 0.046903
v -0.080116 0.021171 0.046651
v -0.079923 0.020807 0.046427
v -0.079769 0.020428 0.046211
v -0.080431 0.021614 0.047047
v -0.080197 0.021287 0.046777
v -0.079996 0.020931 0.046543
v -0.079834 0.020555 0.046323
v -0.080278 0.0214 0.046910
v -0.080070 0.021052 0.046662
v -0.079899 0.020682 0.046436
v -0.080358 0.021509 0.047051
v -0.080144 0.021171 0.046787
v -0.079964 0.020807 0.046552
v -0.079823 0.020428 0.046327
v -0.080218 0.021287 0.046917
v -0.080031 0.020931 0.046671
v -0.079881 0.020555 0.046442
v -0.080291 0.0214 0.047055
v -0.080097 0.021052 0.046795
v -0.079940 0.020682 0.046559
v -0.080164 0.021171 0.046924
v -0.079998 0.020807 0.046679
v -0.079871 0.020428 0.046446
v -0.080230 0.021287 0.047058
v -0.080058 0.020931 0.046802
v -0.079922 0.020555 0.046565
v -0.080117 0.021052 0.046929
v -0.079973 0.020682 0.046685
v -0.080176 0.021171 0.047062
v -0.080025 0.020807 0.046808
v -0.079911 0.020428 0.046568
v -0.080077 0.020931 0.046934
v -0.079955 0.020555 0.046689
v -0.080129 0.021052 0.047064
v -0.079999 0.020682 0.046812
v -0.080044 0.020807 0.046938
v -0.079944 0.020428 0.046692
v -0.080089 0.020931 0.047067
v -0.079981 0.020555 0.046815
v -0.080018 0.020682 0.046941
v -0.080055 0.020807 0.047069
v -0.079970 0.020428 0.046817
v -0.080000 0.020555 0.046943
v -0.080030 0.020682 0.047070
v -0.079989 0.020428 0.046944
v -0.080011 0.020555 0.047071
v -0.080000 0.020428 0.047072
v 0.082200 0.0225 0.047200
v 0.082072 0.022496 0.047200
v 0.081945 0.022485 0.047200
v 0.081818 0.022467 0.047200
v 0.081693 0.022441 0.047200
v 0.081569 0.022408 0.047200
v 0.081448 0.022367 0.047200
v 0.081329 0.02232 0.047200
v 0.081213 0.022266 0.047200
v 0.081100 0.022205 0.047200
v 0.080991 0.022138 0.047200
v 0.080886 0.022065 0.047200
v 0.080786 0.021985 0.047200
v 0.080690 0.0219 0.047200
v 0.080600 0.02181 0.047200
v 0.080515 0.021714 0.047200
v 0.080435 0.021614 0.047200
v 0.080362 0.021509 0.047200
v 0.080295 0.0214 0.047200
v 0.080234 0.021287 0.047200
v 0.080180 0.021171 0.047200
v 0.080133 0.021052 0.047200
v 0.080092 0.020931 0.047200
v 0.080059 0.020807 0.047200
v 0.080033 0.020682 0.047200
v 0.080015 0.020555 0.047200
v 0.080004 0.020428 0.047200
v 0.080000 0.0203 0.047200
v 0.082193 0.0225 0.046944
v 0.082170 0.0225 0.046689
v 0.082133 0.0225 0.046436
v 0.082081 0.0225 0.046185
v 0.082015 0.0225 0.045938
v 0.081935 0.0225 0.045695
v 0.081840 0.0225 0.045457
v 0.081732 0.0225 0.045225
v 0.081611 0.0225 0.045000
v 0.081476 0.0225 0.044782
v 0.081329 0.0225 0.044573
v 0.081171 0.0225 0.044372
v 0.081000 0.0225 0.044181
v 0.080819 0.0225 0.044000
v 0.080628 0.0225 0.043829
v 0.080427 0.0225 0.043671
v 0.080218 0.0225 0.043524
v 0.080000 0.0225 0.043389
v 0.079775 0.0225 0.043268
v 0.079543 0.0225 0.043160
v 0.079305 0.0225 0.043065
v 0.079062 0.0225 0.042985
v 0.078815 0.0225 0.042919
v 0.078564 0.0225 0.042867
v 0.078311 0.0225 0.042830
v 0.078056 0.0225 0.042807
v 0.077800 0.0225 0.042800
v 0.077800 0.022496 0.042928
v 0.077800 0.022485 0.043055
v 0.077800 0.022467 0.043182
v 0.077800 0.022441 0.043307
v 0.077800 0.022408 0.043431
v 0.077800 0.022367 0.043552
v 0.077800 0.02232 0.043671
v 0.077800 0.022266 0.043787
v 0.077800 0.022205 0.043900
v 0.077800 0.022138 0.044009
v 0.077800 0.022065 0.044114
v 0.077800 0.021985 0.044214
v 0.077800 0.0219 0.044310
v 0.077800 0.02181 0.044400
v 0.077800 0.021714 0.044485
v 0.077800 0.021614 0.044565
v 0.077800 0.021509 0.044638
v 0.077800 0.0214 0.044705
v 0.077800 0.021287 0.044766
v 0.077800 0.021171 0.044820
v 0.077800 0.021052 0.044867
v 0.077800 0.020931 0.044908
v 0.077800 0.020807 0.044941
v 0.077800 0.020682 0.044967
v 0.077800 0.020555 0.044985
v 0.077800 0.020428 0.044996
v 0.077800 0.0203 0.045000
v 0.079996 0.0203 0.047072
v 0.079985 0.0203 0.046945
v 0.079967 0.0203 0.046818
v 0.079941 0.0203 0.046693
v 0.079908 0.0203 0.046569
v 0.079867 0.0203 0.046448
v 0.079820 0.0203 0.046329
v 0.079766 0.0203 0.046213
v 0.079705 0.0203 0.046100
v 0.079638 0.0203 0.045991
v 0.079565 0.0203 0.045886
v 0.079485 0.0203 0.045786
v 0.079400 0.0203 0.045690
v 0.079310 0.0203 0.045600
v 0.079214 0.0203 0.045515
v 0.079114 0.0203 0.045435
v 0.079009 0.0203 0.045362
v 0.078900 0.0203 0.045295
v 0.078787 0.0203 0.045234
v 0.078671 0.0203 0.045180
v 0.078552 0.0203 0.045133
v 0.078431 0.0203 0.045092
v 0.078307 0.0203 0.045059
v 0.078182 0.0203 0.045033
v 0.078055 0.0203 0.045015
v 0.077928 0.0203 0.045004
v 0.082065 0.022496 0.046952
v 0.081938 0.022485 0.046959
v 0.082043 0.022496 0.046704
v 0.081811 0.022467 0.046966
v 0.081917 0.022485 0.046719
v 0.082007 0.022496 0.046458
v 0.081686 0.022441 0.046974
v 0.081791 0.022467 0.046734
v 0.081882 0.022485 0.046480
v 0.081563 0.022408 0.046981
v 0.081957 0.022496 0.046215
v 0.081666 0.022441 0.046748
v 0.081757 0.022467 0.046502
v 0.081441 0.022367 0.046988
v 0.081833 0.022485 0.046244
v 0.081544 0.022408 0.046762
v 0.081893 0.022496 0.045975
v 0.081634 0.022441 0.046524
v 0.081323 0.02232 0.046995
v 0.081710 0.022467 0.046273
v 0.081423 0.022367 0.046777
v 0.081770 0.022485 0.046011
v 0.081512 0.022408 0.046546
v 0.081207 0.022266 0.047002
v 0.081814 0.022496 0.045739
v 0.081588 0.022441 0.046302
v 0.081305 0.02232 0.046790
v 0.081649 0.022467 0.046048
v 0.081392 0.022367 0.046567
v 0.081094 0.022205 0.047008
v 0.081695 0.022485 0.045782
v 0.081467 0.022408 0.046331
v 0.081190 0.022266 0.046804
v 0.081723 0.022496 0.045508
v 0.081529 0.022441 0.046084
v 0.081275 0.02232 0.046587
v 0.080986 0.022138 0.047014
v 0.081576 0.022467 0.045826
v 0.081349 0.022367 0.046359
v 0.081078 0.022205 0.046817
v 0.081606 0.022485 0.045558
v 0.081411 0.022408 0.046119
v 0.081161 0.022266 0.046607
v 0.080881 0.022065 0.047021
v 0.081618 0.022496 0.045283
v 0.081458 0.022441 0.045869
v 0.081234 0.02232 0.046386
v 0.080970 0.022138 0.046830
v 0.081489 0.022467 0.045609
v 0.081294 0.022367 0.046154
v 0.081050 0.022205 0.046627
v 0.080781 0.021985 0.047026
v 0.081504 0.022485 0.045340
v 0.081342 0.022408 0.045911
v 0.081121 0.022266 0.046413
v 0.080865 0.022065 0.046842
v 0.081500 0.022496 0.045064
v 0.081374 0.022441 0.045658
v 0.081180 0.02232 0.046188
v 0.080943 0.022138 0.046646
v 0.080685 0.0219 0.047032
v 0.081391 0.022467 0.045397
v 0.081228 0.022367 0.045952
v 0.081011 0.022205 0.046439
v 0.080766 0.021985 0.046853
v 0.081389 0.022485 0.045128
v 0.081261 0.022408 0.045707
v 0.081069 0.022266 0.046221
v 0.080839 0.022065 0.046664
v 0.081369 0.022496 0.044852
v 0.080595 0.02181 0.047037
v 0.081279 0.022441 0.045453
v 0.081116 0.02232 0.045993
v 0.080905 0.022138 0.046464
v 0.080671 0.0219 0.046864
v 0.081280 0.022467 0.045191
v 0.081149 0.022367 0.045755
v 0.080961 0.022205 0.046254
v 0.080741 0.021985 0.046682
v 0.081263 0.022485 0.044923
v 0.080510 0.021714 0.047042
v 0.081168 0.022408 0.045508
v 0.081007 0.022266 0.046033
v 0.080803 0.022065 0.046488
v 0.081227 0.022496 0.044649
v 0.080581 0.02181 0.046875
v 0.081171 0.022441 0.045254
v 0.081040 0.02232 0.045802
v 0.080857 0.022138 0.046285
v 0.080646 0.0219 0.046698
v 0.081157 0.022467 0.044992
v 0.080431 0.021614 0.047047
v 0.081060 0.022367 0.045563
v 0.080901 0.022205 0.046071
v 0.080705 0.021985 0.046511
v 0.081124 0.022485 0.044725
v 0.080496 0.021714 0.046885
v 0.081064 0.022408 0.045315
v 0.080934 0.022266 0.045848
v 0.080757 0.022065 0.046315
v 0.081073 0.022496 0.044454
v 0.080557 0.02181 0.046714
v 0.081052 0.022441 0.045061
v 0.080358 0.021509 0.047051
v 0.080953 0.02232 0.045616
v 0.080799 0.022138 0.046109
v 0.080612 0.0219 0.046533
v 0.081023 0.022467 0.044801
v 0.080418 0.021614 0.046894
v 0.080959 0.022367 0.045376
v 0.080830 0.022205 0.045893
v 0.080660 0.021985 0.046344
v 0.080975 0.022485 0.044536
v 0.080473 0.021714 0.046729
v 0.080949 0.022408 0.045129
v 0.080291 0.0214 0.047055
v 0.080850 0.022266 0.045668
v 0.080700 0.022065 0.046144
v 0.080907 0.022496 0.044268
v 0.080524 0.02181 0.046554
v 0.080922 0.022441 0.044875
v 0.080345 0.021509 0.046903
v 0.080856 0.02232 0.045436
v 0.080730 0.022138 0.045936
v 0.080569 0.0219 0.046371
v 0.080878 0.022467 0.044617
v 0.080395 0.021614 0.046742
v 0.080847 0.022367 0.045196
v 0.080230 0.021287 0.047058
v 0.080749 0.022205 0.045719
v 0.080606 0.021985 0.046179
v 0.080815 0.022485 0.044356
v 0.080442 0.021714 0.046574
v 0.080823 0.022408 0.044949
v 0.080278 0.0214 0.046910
v 0.080755 0.022266 0.045494
v 0.080634 0.022065 0.045978
v 0.080732 0.022496 0.044093
v 0.080482 0.02181 0.046397
v 0.080782 0.022441 0.044698
v 0.080323 0.021509 0.046755
v 0.080748 0.02232 0.045261
v 0.080176 0.021171 0.047062
v 0.080652 0.022138 0.045768
v 0.080516 0.0219 0.046211
v 0.080723 0.022467 0.044443
v 0.080364 0.021614 0.046592
v 0.080726 0.022367 0.045022
v 0.080218 0.021287 0.046917
v 0.080658 0.022205 0.045550
v 0.080542 0.021985 0.046017
v 0.080644 0.022485 0.044185
v 0.080401 0.021714 0.046421
v 0.080687 0.022408 0.044777
v 0.080257 0.0214 0.046767
v 0.080651 0.022266 0.045325
v 0.080129 0.021052 0.047064
v 0.080558 0.022065 0.045815
v 0.080546 0.022496 0.043927
v 0.080431 0.02181 0.046242
v 0.080631 0.022441 0.044529
v 0.080293 0.021509 0.046609
v 0.080630 0.02232 0.045093
v 0.080164 0.021171 0.046924
v 0.080564 0.022138 0.045604
v 0.080454 0.0219 0.046055
v 0.080557 0.022467 0.044277
v 0.080325 0.021614 0.046444
v 0.080594 0.022367 0.044855
v 0.080197 0.021287 0.046777
v 0.080557 0.022205 0.045387
v 0.080089 0.020931 0.047067
v 0.080468 0.021985 0.045860
v 0.080464 0.022485 0.044025
v 0.080351 0.021714 0.046272
v 0.080541 0.022408 0.044614
v 0.080227 0.0214 0.046625
v 0.080537 0.022266 0.045162
v 0.080117 0.021052 0.046929
v 0.080473 0.022065 0.045657
v 0.080351 0.022496 0.043773
v 0.080371 0.02181 0.046091
v 0.080471 0.022441 0.044369
v 0.080254 0.021509 0.046465
v 0.080503 0.02232 0.044932
v 0.080144 0.021171 0.046787
v 0.080466 0.022138 0.045446
v 0.080055 0.020807 0.047069
v 0.080383 0.0219 0.045903
v 0.080383 0.022467 0.044122
v 0.080276 0.021614 0.046299
v 0.080453 0.022367 0.044697
v 0.080168 0.021287 0.046639
v 0.080447 0.022205 0.045229
v 0.080077 0.020931 0.046934
v 0.080386 0.021985 0.045707
v 0.080275 0.022485 0.043876
v 0.080293 0.021714 0.046125
v 0.080386 0.022408 0.044459
v 0.080190 0.0214 0.046484
v 0.080414 0.022266 0.045006
v 0.080097 0.021052 0.046795
v 0.080379 0.022065 0.045504
v 0.080148 0.022496 0.043631
v 0.080030 0.020682 0.047070
v 0.080302 0.02181 0.045943
v 0.080302 0.022441 0.044218
v 0.080207 0.021509 0.046324
v 0.080367 0.02232 0.044779
v 0.080116 0.021171 0.046651
v 0.080360 0.022138 0.045294
v 0.080044 0.020807 0.046938
v 0.080303 0.0219 0.045755
v 0.080199 0.022467 0.043977
v 0.080220 0.021614 0.046156
v 0.080303 0.022367 0.044547
v 0.080132 0.021287 0.046502
v 0.080328 0.022205 0.045079
v 0.080058 0.020931 0.046802
v 0.080295 0.021985 0.045559
v 0.080077 0.022485 0.043737
v 0.080011 0.020555 0.047071
v 0.080226 0.021714 0.045982
v 0.080223 0.022408 0.044313
v 0.080144 0.0214 0.046347
v 0.080282 0.022266 0.044858
v 0.080070 0.021052 0.046662
v 0.080276 0.022065 0.045357
v 0.079936 0.022496 0.043500
v 0.080018 0.020682 0.046941
v 0.080225 0.02181 0.045800
v 0.080125 0.022441 0.044078
v 0.080152 0.021509 0.046185
v 0.080221 0.02232 0.044633
v 0.080080 0.021171 0.046517
v 0.080245 0.022138 0.045149
v 0.080025 0.020807 0.046808
v 0.080215 0.0219 0.045612
v 0.080008 0.022467 0.043843
v 0.080000 0.020428 0.047072
v 0.080155 0.021614 0.046017
v 0.080145 0.022367 0.044406
v 0.080087 0.021287 0.046368
v 0.080200 0.022205 0.044935
v 0.080031 0.020931 0.046671
v 0.080195 0.021985 0.045417
v 0.079872 0.022485 0.043611
v 0.080000 0.020555 0.046943
v 0.080151 0.021714 0.045843
v 0.080051 0.022408 0.044177
v 0.080091 0.0214 0.046212
v 0.080142 0.022266 0.044718
v 0.080035 0.021052 0.046531
v 0.080164 0.022065 0.045216
v 0.079717 0.022496 0.043382
v 0.079999 0.020682 0.046812
v 0.080139 0.02181 0.045661
v 0.079939 0.022441 0.043948
v 0.080089 0.021509 0.046050
v 0.080068 0.02232 0.044497
v 0.080036 0.021171 0.046386
v 0.080121 0.022138 0.045010
v 0.079998 0.020807 0.046679
v 0.080118 0.0219 0.045474
v 0.079809 0.022467 0.043720
v 0.079989 0.020428 0.046944
v 0.080082 0.021614 0.045882
v 0.079978 0.022367 0.044274
v 0.080035 0.021287 0.046236
v 0.080065 0.022205 0.044800
v 0.079996 0.020931 0.046543
v 0.080087 0.021985 0.045281
v 0.079660 0.022485 0.043496
v 0.079981 0.020555 0.046815
v 0.080068 0.021714 0.045708
v 0.079871 0.022408 0.044051
v 0.080029 0.0214 0.046080
v 0.079994 0.022266 0.044586
v 0.079992 0.021052 0.046402
v 0.080045 0.022065 0.045082
v 0.079492 0.022496 0.043277
v 0.079973 0.020682 0.046685
v 0.080046 0.02181 0.045528
v 0.079746 0.022441 0.043829
v 0.080019 0.021509 0.045919
v 0.079907 0.02232 0.044370
v 0.079985 0.021171 0.046257
v 0.079990 0.022138 0.044879
v 0.079964 0.020807 0.046552
v 0.080014 0.0219 0.045342
v 0.079603 0.022467 0.043609
v 0.079970 0.020428 0.046817
v 0.080002 0.021614 0.045752
v 0.079804 0.022367 0.044153
v 0.079975 0.021287 0.046108
v 0.079921 0.022205 0.044672
v 0.079954 0.020931 0.046416
v 0.079972 0.021985 0.045151
v 0.079442 0.022485 0.043394
v 0.079955 0.020555 0.046689
v 0.079978 0.021714 0.045579
v 0.079685 0.022408 0.043936
v 0.079961 0.0214 0.045953
v 0.079838 0.022266 0.044463
v 0.079942 0.021052 0.046276
v 0.079918 0.022065 0.044955
v 0.079261 0.022496 0.043186
v 0.079940 0.020682 0.046559
v 0.079945 0.02181 0.045400
v 0.079547 0.022441 0.043721
v 0.079940 0.021509 0.045792
v 0.079739 0.02232 0.044252
v 0.079927 0.021171 0.046132
v 0.079851 0.022138 0.044755
v 0.079923 0.020807 0.046427
v 0.079902 0.0219 0.045217
v 0.079391 0.022467 0.043511
v 0.079944 0.020428 0.046692
v 0.079914 0.021614 0.045626
v 0.079624 0.022367 0.044041
v 0.079908 0.021287 0.045983
v 0.079771 0.022205 0.044553
v 0.079905 0.020931 0.046292
v 0.079849 0.021985 0.045028
v 0.079218 0.022485 0.043305
v 0.079922 0.020555 0.046565
v 0.079880 0.021714 0.045455
v 0.079492 0.022408 0.043832
v 0.079884 0.0214 0.045829
v 0.079675 0.022266 0.044349
v 0.079885 0.021052 0.046153
v 0.079784 0.022065 0.044836
v 0.079025 0.022496 0.043107
v 0.079899 0.020682 0.046436
v 0.079836 0.02181 0.045279
v 0.079342 0.022441 0.043626
v 0.079855 0.021509 0.045670
v 0.079564 0.02232 0.044144
v 0.079861 0.021171 0.046010
v 0.079706 0.022138 0.044640
v 0.079875 0.020807 0.046305
v 0.079783 0.0219 0.045098
v 0.079174 0.022467 0.043424
v 0.079911 0.020428 0.046568
v 0.079819 0.021614 0.045506
v 0.079437 0.022367 0.043940
v 0.079834 0.021287 0.045862
v 0.079613 0.022205 0.044443
v 0.079849 0.020931 0.046171
v 0.079719 0.021985 0.044913
v 0.078989 0.022485 0.043230
v 0.079881 0.020555 0.046442
v 0.079775 0.021714 0.045337
v 0.079293 0.022408 0.043739
v 0.079801 0.0214 0.045710
v 0.079506 0.022266 0.044245
v 0.079820 0.021052 0.046034
v 0.079643 0.022065 0.044724
v 0.078785 0.022496 0.043043
v 0.079851 0.020682 0.046315
v 0.079721 0.02181 0.045164
v 0.079131 0.022441 0.043542
v 0.079763 0.021509 0.045553
v 0.079384 0.02232 0.044047
v 0.079788 0.021171 0.045892
v 0.079554 0.022138 0.044534
v 0.079819 0.020807 0.046186
v 0.079658 0.0219 0.044986
v 0.078952 0.022467 0.043351
v 0.079871 0.020428 0.046446
v 0.079717 0.021614 0.045392
v 0.079245 0.022367 0.043851
v 0.079752 0.021287 0.045747
v 0.079450 0.022205 0.044342
v 0.079785 0.020931 0.046054
v 0.079583 0.021985 0.044805
v 0.078756 0.022485 0.043167
v 0.079834 0.020555 0.046323
v 0.079663 0.021714 0.045225
v 0.079089 0.022408 0.043658
v 0.079711 0.0214 0.045596
v 0.079332 0.022266 0.044150
v 0.079749 0.021052 0.045918
v 0.079496 0.022065 0.044621
v 0.078542 0.022496 0.042993
v 0.079796 0.020682 0.046198
v 0.079600 0.02181 0.045055
v 0.078916 0.022441 0.043471
v 0.079663 0.021509 0.045442
v 0.079198 0.02232 0.043960
v 0.079709 0.021171 0.045779
v 0.079396 0.022138 0.044436
v 0.079757 0.020807 0.046070
v 0.079526 0.0219 0.044882
v 0.078727 0.022467 0.043290
v 0.079823 0.020428 0.046327
v 0.079608 0.021614 0.045283
v 0.079048 0.022367 0.043772
v 0.079665 0.021287 0.045635
v 0.079281 0.022205 0.044251
v 0.079715 0.020931 0.045940
v 0.079441 0.021985 0.044705
v 0.078520 0.022485 0.043118
v 0.079779 0.020555 0.046206
v 0.079545 0.021714 0.045120
v 0.078881 0.022408 0.043589
v 0.079615 0.0214 0.045488
v 0.079152 0.022266 0.044066
v 0.079671 0.021052 0.045807
v 0.079343 0.022065 0.044527
v 0.078296 0.022496 0.042957
v 0.079734 0.020682 0.046083
v 0.079472 0.02181 0.044954
v 0.078698 0.022441 0.043412
v 0.079558 0.021509 0.045337
v 0.079007 0.02232 0.043884
v 0.079623 0.021171 0.045670
v 0.079232 0.022138 0.044348
v 0.079688 0.020807 0.045958
v 0.079388 0.0219 0.044785
v 0.078498 0.022467 0.043243
v 0.079769 0.020428 0.046211
v 0.079494 0.021614 0.045181
v 0.078846 0.022367 0.043706
v 0.079570 0.021287 0.045530
v 0.079107 0.022205 0.044170
v 0.079639 0.020931 0.045831
v 0.079293 0.021985 0.044614
v 0.078281 0.022485 0.043083
v 0.079718 0.020555 0.046093
v 0.079421 0.021714 0.045022
v 0.078669 0.022408 0.043533
v 0.079512 0.0214 0.045385
v 0.078967 0.022266 0.043993
v 0.079587 0.021052 0.045701
v 0.079185 0.022065 0.044442
v 0.078048 0.022496 0.042935
v 0.079666 0.020682 0.045973
v 0.079339 0.02181 0.044861
v 0.078476 0.022441 0.043366
v 0.079447 0.021509 0.045237
v 0.078812 0.02232 0.043820
v 0.079531 0.021171 0.045567
v 0.079064 0.022138 0.044270
v 0.079612 0.020807 0.045851
v 0.079245 0.0219 0.044697
v 0.078266 0.022467 0.043209
v 0.079708 0.020428 0.046098
v 0.079374 0.021614 0.045086
v 0.078641 0.022367 0.043651
v 0.079470 0.021287 0.045430
v 0.078929 0.022205 0.044099
v 0.079556 0.020931 0.045726
v 0.079140 0.021985 0.044532
v 0.078041 0.022485 0.043062
v 0.079651 0.020555 0.045983
v 0.079292 0.021714 0.044932
v 0.078454 0.022408 0.043488
v 0.079404 0.0214 0.045289
v 0.078779 0.022266 0.043931
v 0.079497 0.021052 0.045599
v 0.079022 0.022065 0.044366
v 0.079591 0.020682 0.045866
v 0.079200 0.02181 0.044775
v 0.078252 0.022441 0.043334
v 0.079330 0.021509 0.045145
v 0.078614 0.02232 0.043766
v 0.079433 0.021171 0.045469
v 0.078891 0.022138 0.044201
v 0.079531 0.020807 0.045748
v 0.079097 0.0219 0.044617
v 0.078034 0.022467 0.043189
v 0.079641 0.020428 0.045989
v 0.079248 0.021614 0.044998
v 0.078433 0.022367 0.043608
v 0.079365 0.021287 0.045335
v 0.078746 0.022205 0.044039
v 0.079467 0.020931 0.045627
v 0.078983 0.021985 0.044458
v 0.079577 0.020555 0.045877
v 0.079157 0.021714 0.044849
v 0.078238 0.022408 0.043456
v 0.079290 0.0214 0.045199
v 0.078587 0.022266 0.043879
v 0.079401 0.021052 0.045503
v 0.078856 0.022065 0.044300
v 0.079511 0.020682 0.045764
v 0.079057 0.02181 0.044698
v 0.078026 0.022441 0.043314
v 0.079208 0.021509 0.045060
v 0.078413 0.02232 0.043725
v 0.079330 0.021171 0.045377
v 0.078715 0.022138 0.044143
v 0.079443 0.020807 0.045650
v 0.078945 0.0219 0.044546
v 0.079568 0.020428 0.045884
v 0.079118 0.021614 0.044918
v 0.078223 0.022367 0.043577
v 0.079253 0.021287 0.045248
v 0.078561 0.022205 0.043989
v 0.079373 0.020931 0.045533
v 0.078821 0.021985 0.044394
v 0.079497 0.020555 0.045776
v 0.079018 0.021714 0.044774
v 0.078019 0.022408 0.043437
v 0.079171 0.0214 0.045116
v 0.078393 0.022266 0.043839
v 0.079299 0.021052 0.045413
v 0.078685 0.022065 0.044243
v 0.079425 0.020682 0.045667
v 0.078909 0.02181 0.044629
v 0.079081 0.021509 0.044981
v 0.078210 0.02232 0.043695
v 0.079221 0.021171 0.045291
v 0.078536 0.022138 0.044095
v 0.079350 0.020807 0.045557
v 0.078789 0.0219 0.044484
v 0.079488 0.020428 0.045783
v 0.078983 0.021614 0.044845
v 0.078012 0.022367 0.043559
v 0.079138 0.021287 0.045166
v 0.078373 0.022205 0.043950
v 0.079274 0.020931 0.045444
v 0.078656 0.021985 0.044340
v 0.079411 0.020555 0.045680
v 0.078875 0.021714 0.044707
v 0.079047 0.0214 0.045039
v 0.078196 0.022266 0.043810
v 0.079193 0.021052 0.045329
v 0.078512 0.022065 0.044197
v 0.079333 0.020682 0.045575
v 0.078758 0.02181 0.044569
v 0.078950 0.021509 0.044911
v 0.078005 0.02232 0.043677
v 0.079108 0.021171 0.045212
v 0.078354 0.022138 0.044057
v 0.079252 0.020807 0.045469
v 0.078629 0.0219 0.044431
v 0.079403 0.020428 0.045688
v 0.078844 0.021614 0.044780
v 0.079017 0.021287 0.045092
v 0.078183 0.022205 0.043922
v 0.079169 0.020931 0.045361
v 0.078489 0.021985 0.044295
v 0.079320 0.020555 0.045589
v 0.078728 0.021714 0.044649
v 0.078920 0.0214 0.044971
v 0.077998 0.022266 0.043793
v 0.079082 0.021052 0.045251
v 0.078336 0.022065 0.044161
v 0.079236 0.020682 0.045489
v 0.078603 0.02181 0.044518
v 0.078815 0.021509 0.044848
v 0.078990 0.021171 0.045139
v 0.078170 0.022138 0.044030
v 0.079149 0.020807 0.045388
v 0.078467 0.0219 0.044388
v 0.079312 0.020428 0.045597
v 0.078701 0.021614 0.044724
v 0.078892 0.021287 0.045025
v 0.077992 0.022205 0.043906
v 0.079060 0.020931 0.045285
v 0.078318 0.021985 0.044259
v 0.079224 0.020555 0.045503
v 0.078579 0.021714 0.044599
v 0.078788 0.0214 0.044909
v 0.078966 0.021052 0.045180
v 0.078158 0.022065 0.044135
v 0.079134 0.020682 0.045409
v 0.078446 0.02181 0.044476
v 0.078676 0.021509 0.044793
v 0.078868 0.021171 0.045073
v 0.077986 0.022138 0.044014
v 0.079042 0.020807 0.045312
v 0.078302 0.0219 0.044354
v 0.079217 0.020428 0.045512
v 0.078556 0.021614 0.044675
v 0.078764 0.021287 0.044965
v 0.078946 0.020931 0.045215
v 0.078147 0.021985 0.044234
v 0.079123 0.020555 0.045423
v 0.078426 0.021714 0.044558
v 0.078653 0.0214 0.044856
v 0.078847 0.021052 0.045115
v 0.077979 0.022065 0.044119
v 0.079027 0.020682 0.045334
v 0.078286 0.02181 0.044443
v 0.078535 0.021509 0.044746
v 0.078743 0.021171 0.045015
v 0.078930 0.020807 0.045243
v 0.078136 0.0219 0.044329
v 0.079116 0.020428 0.045432
v 0.078408 0.021614 0.044636
v 0.078632 0.021287 0.044913
v 0.078829 0.020931 0.045151
v 0.077974 0.021985 0.044219
v 0.079017 0.020555 0.045349
v 0.078271 0.021714 0.044527
v 0.078516 0.0214 0.044810
v 0.078724 0.021052 0.045058
v 0.078917 0.020682 0.045266
v 0.078125 0.02181 0.044419
v 0.078391 0.021509 0.044707
v 0.078614 0.021171 0.044964
v 0.078814 0.020807 0.045181
v 0.077968 0.0219 0.044315
v 0.079011 0.020428 0.045359
v 0.078258 0.021614 0.044605
v 0.078498 0.021287 0.044868
v 0.078708 0.020931 0.045095
v 0.078907 0.020555 0.045282
v 0.078115 0.021714 0.044504
v 0.078375 0.0214 0.044773
v 0.078598 0.021052 0.045008
v 0.078802 0.020682 0.045204
v 0.077963 0.02181 0.044405
v 0.078245 0.021509 0.044677
v 0.078483 0.021171 0.044920
v 0.078695 0.020807 0.045125
v 0.078902 0.020428 0.045292
v 0.078106 0.021614 0.044582
v 0.078361 0.021287 0.044832
v 0.078584 0.020931 0.045046
v 0.078794 0.020555 0.045221
v 0.077958 0.021714 0.044490
v 0.078233 0.0214 0.044743
v 0.078469 0.021052 0.044965
v 0.078685 0.020682 0.045149
v 0.078097 0.021509 0.044655
v 0.078349 0.021171 0.044884
v 0.078573 0.020807 0.045077
v 0.078789 0.020428 0.045231
v 0.077953 0.021614 0.044569
v 0.078223 0.021287 0.044803
v 0.078457 0.020931 0.045004
v 0.078677 0.020555 0.045166
v 0.078090 0.0214 0.044722
v 0.078338 0.021052 0.044930
v 0.078564 0.020682 0.045101
v 0.077949 0.021509 0.044642
v 0.078213 0.021171 0.044856
v 0.078448 0.020807 0.045036
v 0.078673 0.020428 0.045177
v 0.078083 0.021287 0.044782
v 0.078329 0.020931 0.044969
v 0.078558 0.020555 0.045119
v 0.077945 0.0214 0.044709
v 0.078205 0.021052 0.044903
v 0.078441 0.020682 0.045060
v 0.078076 0.021171 0.044836
v 0.078321 0.020807 0.045002
v 0.078554 0.020428 0.045129
v 0.077942 0.021287 0.044770
v 0.078198 0.020931 0.044942
v 0.078435 0.020555 0.045078
v 0.078071 0.021052 0.044883
v 0.078315 0.020682 0.045027
v 0.077938 0.021171 0.044824
v 0.078192 0.020807 0.044975
v 0.078432 0.020428 0.045089
v 0.078066 0.020931 0.044923
v 0.078311 0.020555 0.045045
v 0.077936 0.021052 0.044871
v 0.078188 0.020682 0.045001
v 0.078062 0.020807 0.044956
v 0.078308 0.020428 0.045056
v 0.077933 0.020931 0.044911
v 0.078185 0.020555 0.045019
v 0.078059 0.020682 0.044982
v 0.077931 0.020807 0.044945
v 0.078183 0.020428 0.045030
v 0.078057 0.020555 0.045000
v 0.077930 0.020682 0.044970
v 0.078056 0.020428 0.045011
v 0.077929 0.020555 0.044989
v 0.077928 0.020428 0.045000
v -0.077800 0.0225 0.042800
v -0.077800 0.022496 0.042928
v -0.077800 0.022485 0.043055
v -0.077800 0.022467 0.043182
v -0.077800 0.022441 0.043307
v -0.077800 0.022408 0.043431
v -0.077800 0.022367 0.043552
v -0.077800 0.02232 0.043671
v -0.077800 0.022266 0.043787
v -0.077800 0.022205 0.043900
v -0.077800 0.022138 0.044009
v -0.077800 0.022065 0.044114
v -0.077800 0.021985 0.044214
v -0.077800 0.0219 0.044310
v -0.077800 0.02181 0.044400
v -0.077800 0.021714 0.044485
v -0.077800 0.021614 0.044565
v -0.077800 0.021509 0.044638
v -0.077800 0.0214 0.044705
v -0.077800 0.021287 0.044766
v -0.077800 0.021171 0.044820
v -0.077800 0.021052 0.044867
v -0.077800 0.020931 0.044908
v -0.077800 0.020807 0.044941
v -0.077800 0.020682 0.044967
v -0.077800 0.020555 0.044985
v -0.077800 0.020428 0.044996
v -0.077800 0.0203 0.045000
v 0.077800 0.0203 0.045000
v 0.077800 0.0225 0.042800
v 0.077800 0.022496 0.042928
v 0.077800 0.022485 0.043055
v 0.077800 0.022467 0.043182
v 0.077800 0.022441 0.043307
v 0.077800 0.022408 0.043431
v 0.077800 0.022367 0.043552
v 0.077800 0.02232 0.043671
v 0.077800 0.022266 0.043787
v 0.077800 0.022205 0.043900
v 0.077800 0.022138 0.044009
v 0.077800 0.022065 0.044114
v 0.077800 0.021985 0.044214
v 0.077800 0.0219 0.044310
v 0.077800 0.02181 0.044400
v 0.077800 0.021714 0.044485
v 0.077800 0.021614 0.044565
v 0.077800 0.021509 0.044638
v 0.077800 0.0214 0.044705
v 0.077800 0.021287 0.044766
v 0.077800 0.021171 0.044820
v 0.077800 0.021052 0.044867
v 0.077800 0.020931 0.044908
v 0.077800 0.020807 0.044941
v 0.077800 0.020682 0.044967
v 0.077800 0.020555 0.044985
v 0.077800 0.020428 0.044996
v -0.447800 -0.0203 -1.015000
v -0.447800 -0.020428 -1.014996
v -0.447800 -0.020555 -1.014985
v -0.447800 -0.020682 -1.014967
v -0.447800 -0.020807 -1.014941
v -0.447800 -0.020931 -1.014908
v -0.447800 -0.021052 -1.014867
v -0.447800 -0.021171 -1.014820
v -0.447800 -0.021287 -1.014766
v -0.447800 -0.0214 -1.014705
v -0.447800 -0.021509 -1.014638
v -0.447800 -0.021614 -1.014565
v -0.447800 -0.021714 -1.014485
v -0.447800 -0.02181 -1.014400
v -0.447800 -0.0219 -1.014310
v -0.447800 -0.021985 -1.014214
v -0.447800 -0.022065 -1.014114
v -0.447800 -0.022138 -1.014009
v -0.447800 -0.022205 -1.013900
v -0.447800 -0.022266 -1.013787
v -0.447800 -0.02232 -1.013671
v -0.447800 -0.022367 -1.013552
v -0.447800 -0.022408 -1.013431
v -0.447800 -0.022441 -1.013307
v -0.447800 -0.022467 -1.013182
v -0.447800 -0.022485 -1.013055
v -0.447800 -0.022496 -1.012928
v -0.447800 -0.0225 -1.012800
v 0.447800 -0.0203 -1.015000
v 0.447800 -0.0225 -1.012800
v 0.447800 -0.022496 -1.012928
v 0.447800 -0.022485 -1.013055
v 0.447800 -0.022467 -1.013182
v 0.447800 -0.022441 -1.013307
v 0.447800 -0.022408 -1.013431
v 0.447800 -0.022367 -1.013552
v 0.447800 -0.02232 -1.013671
v 0.447800 -0.022266 -1.013787
v 0.447800 -0.022205 -1.013900
v 0.447800 -0.022138 -1.014009
v 0.447800 -0.022065 -1.014114
v 0.447800 -0.021985 -1.014214
v 0.447800 -0.0219 -1.014310
v 0.447800 -0.02181 -1.014400
v 0.447800 -0.021714 -1.014485
v 0.447800 -0.021614 -1.014565
v 0.447800 -0.021509 -1.014638
v 0.447800 -0.0214 -1.014705
v 0.447800 -0.021287 -1.014766
v 0.447800 -0.021171 -1.014820
v 0.447800 -0.021052 -1.014867
v 0.447800 -0.020931 -1.014908
v 0.447800 -0.020807 -1.014941
v 0.447800 -0.020682 -1.014967
v 0.447800 -0.020555 -1.014985
v 0.447800 -0.020428 -1.014996
v 0.450000 0.0203 -1.012800
v 0.449996 0.0203 -1.012928
v 0.449985 0.0203 -1.013055
v 0.449967 0.0203 -1.013182
v 0.449941 0.0203 -1.013307
v 0.449908 0.0203 -1.013431
v 0.449867 0.0203 -1.013552
v 0.449820 0.0203 -1.013671
v 0.449766 0.0203 -1.013787
v 0.449705 0.0203 -1.013900
v 0.449638 0.0203 -1.014009
v 0.449565 0.0203 -1.014114
v 0.449485 0.0203 -1.014214
v 0.449400 0.0203 -1.014310
v 0.449310 0.0203 -1.014400
v 0.449214 0.0203 -1.014485
v 0.449114 0.0203 -1.014565
v 0.449009 0.0203 -1.014638
v 0.448900 0.0203 -1.014705
v 0.448787 0.0203 -1.014766
v 0.448671 0.0203 -1.014820
v 0.448552 0.0203 -1.014867
v 0.448431 0.0203 -1.014908
v 0.448307 0.0203 -1.014941
v 0.448182 0.0203 -1.014967
v 0.448055 0.0203 -1.014985
v 0.447928 0.0203 -1.014996
v 0.447800 0.0203 -1.015000
v 0.450000 -0.0203 -1.012800
v 0.449996 -0.0203 -1.012928
v 0.449985 -0.0203 -1.013055
v 0.449967 -0.0203 -1.013182
v 0.449941 -0.0203 -1.013307
v 0.449908 -0.0203 -1.013431
v 0.449867 -0.0203 -1.013552
v 0.449820 -0.0203 -1.013671
v 0.449766 -0.0203 -1.013787
v 0.449705 -0.0203 -1.013900
v 0.449638 -0.0203 -1.014009
v 0.449565 -0.0203 -1.014114
v 0.449485 -0.0203 -1.014214
v 0.449400 -0.0203 -1.014310
v 0.449310 -0.0203 -1.014400
v 0.449214 -0.0203 -1.014485
v 0.449114 -0.0203 -1.014565
v 0.449009 -0.0203 -1.014638
v 0.448900 -0.0203 -1.014705
v 0.448787 -0.0203 -1.014766
v 0.448671 -0.0203 -1.014820
v 0.448552 -0.0203 -1.014867
v 0.448431 -0.0203 -1.014908
v 0.448307 -0.0203 -1.014941
v 0.448182 -0.0203 -1.014967
v 0.448055 -0.0203 -1.014985
v 0.447928 -0.0203 -1.014996
v 0.447800 -0.0203 -1.015000
v -0.447800 -0.0225 1.012800
v -0.447800 -0.022496 1.012928
v -0.447800 -0.022485 1.013055
v -0.447800 -0.022467 1.013182
v -0.447800 -0.022441 1.013307
v -0.447800 -0.022408 1.013431
v -0.447800 -0.022367 1.013552
v -0.447800 -0.02232 1.013671
v -0.447800 -0.022266 1.013787
v -0.447800 -0.022205 1.013900
v -0.447800 -0.022138 1.014009
v -0.447800 -0.022065 1.014114
v -0.447800 -0.021985 1.014214
v -0.447800 -0.0219 1.014310
v -0.447800 -0.02181 1.014400
v -0.447800 -0.021714 1.014485
v -0.447800 -0.021614 1.014565
v -0.447800 -0.021509 1.014638
v -0.447800 -0.0214 1.014705
v -0.447800 -0.021287 1.014766
v -0.447800 -0.021171 1.014820
v -0.447800 -0.021052 1.014867
v -0.447800 -0.020931 1.014908
v -0.447800 -0.020807 1.014941
v -0.447800 -0.020682 1.014967
v -0.447800 -0.020555 1.014985
v -0.447800 -0.020428 1.014996
v -0.447800 -0.0203 1.015000
v 0.447800 -0.0225 1.012800
v 0.447800 -0.0203 1.015000
v 0.447800 -0.020428 1.014996
v 0.447800 -0.020555 1.014985
v 0.447800 -0.020682 1.014967
v 0.447800 -0.020807 1.014941
v 0.447800 -0.020931 1.014908
v 0.447800 -0.021052 1.014867
v 0.447800 -0.021171 1.014820
v 0.447800 -0.021287 1.014766
v 0.447800 -0.0214 1.014705
v 0.447800 -0.021509 1.014638
v 0.447800 -0.021614 1.014565
v 0.447800 -0.021714 1.014485
v 0.447800 -0.02181 1.014400
v 0.447800 -0.0219 1.014310
v 0.447800 -0.021985 1.014214
v 0.447800 -0.022065 1.014114
v 0.447800 -0.022138 1.014009
v 0.447800 -0.022205 1.013900
v 0.447800 -0.022266 1.013787
v 0.447800 -0.02232 1.013671
v 0.447800 -0.022367 1.013552
v 0.447800 -0.022408 1.013431
v 0.447800 -0.022441 1.013307
v 0.447800 -0.022467 1.013182
v 0.447800 -0.022485 1.013055
v 0.447800 -0.022496 1.012928
v 0.447800 0.0203 1.015000
v 0.447928 0.0203 1.014996
v 0.448055 0.0203 1.014985
v 0.448182 0.0203 1.014967
v 0.448307 0.0203 1.014941
v 0.448431 0.0203 1.014908
v 0.448552 0.0203 1.014867
v 0.448671 0.0203 1.014820
v 0.448787 0.0203 1.014766
v 0.448900 0.0203 1.014705
v 0.449009 0.0203 1.014638
v 0.449114 0.0203 1.014565
v 0.449214 0.0203 1.014485
v 0.449310 0.0203 1.014400
v 0.449400 0.0203 1.014310
v 0.449485 0.0203 1.014214
v 0.449565 0.0203 1.014114
v 0.449638 0.0203 1.014009
v 0.449705 0.0203 1.013900
v 0.449766 0.0203 1.013787
v 0.449820 0.0203 1.013671
v 0.449867 0.0203 1.013552
v 0.449908 0.0203 1.013431
v 0.449941 0.0203 1.013307
v 0.449967 0.0203 1.013182
v 0.449985 0.0203 1.013055
v 0.449996 0.0203 1.012928
v 0.450000 0.0203 1.012800
v 0.450000 -0.0203 1.012800
v 0.449996 -0.0203 1.012928
v 0.449985 -0.0203 1.013055
v 0.449967 -0.0203 1.013182
v 0.449941 -0.0203 1.013307
v 0.449908 -0.0203 1.013431
v 0.449867 -0.0203 1.013552
v 0.449820 -0.0203 1.013671
v 0.449766 -0.0203 1.013787
v 0.449705 -0.0203 1.013900
v 0.449638 -0.0203 1.014009
v 0.449565 -0.0203 1.014114
v 0.449485 -0.0203 1.014214
v 0.449400 -0.0203 1.014310
v 0.449310 -0.0203 1.014400
v 0.449214 -0.0203 1.014485
v 0.449114 -0.0203 1.014565
v 0.449009 -0.0203 1.014638
v 0.448900 -0.0203 1.014705
v 0.448787 -0.0203 1.014766
v 0.448671 -0.0203 1.014820
v 0.448552 -0.0203 1.014867
v 0.448431 -0.0203 1.014908
v 0.448307 -0.0203 1.014941
v 0.448182 -0.0203 1.014967
v 0.448055 -0.0203 1.014985
v 0.447928 -0.0203 1.014996
v 0.447800 -0.0203 1.015000
v 0.450000 -0.0203 -1.012800
v 0.449996 -0.020428 -1.012800
v 0.449985 -0.020555 -1.012800
v 0.449967 -0.020682 -1.012800
v 0.449941 -0.020807 -1.012800
v 0.449908 -0.020931 -1.012800
v 0.449867 -0.021052 -1.012800
v 0.449820 -0.021171 -1.012800
v 0.449766 -0.021287 -1.012800
v 0.449705 -0.0214 -1.012800
v 0.449638 -0.021509 -1.012800
v 0.449565 -0.021614 -1.012800
v 0.449485 -0.021714 -1.012800
v 0.449400 -0.02181 -1.012800
v 0.449310 -0.0219 -1.012800
v 0.449214 -0.021985 -1.012800
v 0.449114 -0.022065 -1.012800
v 0.449009 -0.022138 -1.012800
v 0.448900 -0.022205 -1.012800
v 0.448787 -0.022266 -1.012800
v 0.448671 -0.02232 -1.012800
v 0.448552 -0.022367 -1.012800
v 0.448431 -0.022408 -1.012800
v 0.448307 -0.022441 -1.012800
v 0.448182 -0.022467 -1.012800
v 0.448055 -0.022485 -1.012800
v 0.447928 -0.022496 -1.012800
v 0.447800 -0.0225 -1.012800
v 0.450000 -0.0203 1.012800
v 0.449996 -0.020428 1.012800
v 0.449985 -0.020555 1.012800
v 0.449967 -0.020682 1.012800
v 0.449941 -0.020807 1.012800
v 0.449908 -0.020931 1.012800
v 0.449867 -0.021052 1.012800
v 0.449820 -0.021171 1.012800
v 0.449766 -0.021287 1.012800
v 0.449705 -0.0214 1.012800
v 0.449638 -0.021509 1.012800
v 0.449565 -0.021614 1.012800
v 0.449485 -0.021714 1.012800
v 0.449400 -0.02181 1.012800
v 0.449310 -0.0219 1.012800
v 0.449214 -0.021985 1.012800
v 0.449114 -0.022065 1.012800
v 0.449009 -0.022138 1.012800
v 0.448900 -0.022205 1.012800
v 0.448787 -0.022266 1.012800
v 0.448671 -0.02232 1.012800
v 0.448552 -0.022367 1.012800
v 0.448431 -0.022408 1.012800
v 0.448307 -0.022441 1.012800
v 0.448182 -0.022467 1.012800
v 0.448055 -0.022485 1.012800
v 0.447928 -0.022496 1.012800
v 0.447800 -0.0225 1.012800
v -0.077800 -0.0225 0.767200
v -0.077800 -0.022496 0.767072
v -0.077800 -0.022485 0.766945
v -0.077800 -0.022467 0.766818
v -0.077800 -0.022441 0.766693
v -0.077800 -0.022408 0.766569
v -0.077800 -0.022367 0.766448
v -0.077800 -0.02232 0.766329
v -0.077800 -0.022266 0.766213
v -0.077800 -0.022205 0.766100
v -0.077800 -0.022138 0.765991
v -0.077800 -0.022065 0.765886
v -0.077800 -0.021985 0.765786
v -0.077800 -0.0219 0.765690
v -0.077800 -0.02181 0.765600
v -0.077800 -0.021714 0.765515
v -0.077800 -0.021614 0.765435
v -0.077800 -0.021509 0.765362
v -0.077800 -0.0214 0.765295
v -0.077800 -0.021287 0.765234
v -0.077800 -0.021171 0.765180
v -0.077800 -0.021052 0.765133
v -0.077800 -0.020931 0.765092
v -0.077800 -0.020807 0.765059
v -0.077800 -0.020682 0.765033
v -0.077800 -0.020555 0.765015
v -0.077800 -0.020428 0.765004
v -0.077800 -0.0203 0.765000
v 0.077800 -0.0203 0.765000
v 0.077800 -0.0225 0.767200
v 0.077800 -0.022496 0.767072
v 0.077800 -0.022485 0.766945
v 0.077800 -0.022467 0.766818
v 0.077800 -0.022441 0.766693
v 0.077800 -0.022408 0.766569
v 0.077800 -0.022367 0.766448
v 0.077800 -0.02232 0.766329
v 0.077800 -0.022266 0.766213
v 0.077800 -0.022205 0.766100
v 0.077800 -0.022138 0.765991
v 0.077800 -0.022065 0.765886
v 0.077800 -0.021985 0.765786
v 0.077800 -0.0219 0.765690
v 0.077800 -0.02181 0.765600
v 0.077800 -0.021714 0.765515
v 0.077800 -0.021614 0.765435
v 0.077800 -0.021509 0.765362
v 0.077800 -0.0214 0.765295
v 0.077800 -0.021287 0.765234
v 0.077800 -0.021171 0.765180
v 0.077800 -0.021052 0.765133
v 0.077800 -0.020931 0.765092
v 0.077800 -0.020807 0.765059
v 0.077800 -0.020682 0.765033
v 0.077800 -0.020555 0.765015
v 0.077800 -0.020428 0.765004
v -0.077800 -0.0225 0.767200
v -0.077800 -0.022496 0.767072
v -0.077800 -0.022485 0.766945
v -0.077800 -0.022467 0.766818
v -0.077800 -0.022441 0.766693
v -0.077800 -0.022408 0.766569
v -0.077800 -0.022367 0.766448
v -0.077800 -0.02232 0.766329
v -0.077800 -0.022266 0.766213
v -0.077800 -0.022205 0.766100
v -0.077800 -0.022138 0.765991
v -0.077800 -0.022065 0.765886
v -0.077800 -0.021985 0.765786
v -0.077800 -0.0219 0.765690
v -0.077800 -0.02181 0.765600
v -0.077800 -0.021714 0.765515
v -0.077800 -0.021614 0.765435
v -0.077800 -0.021509 0.765362
v -0.077800 -0.0214 0.765295
v -0.077800 -0.021287 0.765234
v -0.077800 -0.021171 0.765180
v -0.077800 -0.021052 0.765133
v -0.077800 -0.020931 0.765092
v -0.077800 -0.020807 0.765059
v -0.077800 -0.020682 0.765033
v -0.077800 -0.020555 0.765015
v -0.077800 -0.020428 0.765004
v -0.077800 -0.0203 0.765000
v -0.078056 -0.0225 0.767193
v -0.078311 -0.0225 0.767170
v -0.078564 -0.0225 0.767133
v -0.078815 -0.0225 0.767081
v -0.079062 -0.0225 0.767015
v -0.079305 -0.0225 0.766935
v -0.079543 -0.0225 0.766840
v -0.079775 -0.0225 0.766732
v -0.080000 -0.0225 0.766611
v -0.080218 -0.0225 0.766476
v -0.080427 -0.0225 0.766329
v -0.080628 -0.0225 0.766171
v -0.080819 -0.0225 0.766000
v -0.081000 -0.0225 0.765819
v -0.081171 -0.0225 0.765628
v -0.081329 -0.0225 0.765427
v -0.081476 -0.0225 0.765218
v -0.081611 -0.0225 0.765000
v -0.081732 -0.0225 0.764775
v -0.081840 -0.0225 0.764543
v -0.081935 -0.0225 0.764305
v -0.082015 -0.0225 0.764062
v -0.082081 -0.0225 0.763815
v -0.082133 -0.0225 0.763564
v -0.082170 -0.0225 0.763311
v -0.082193 -0.0225 0.763056
v -0.082200 -0.0225 0.762800
v -0.082072 -0.022496 0.762800
v -0.081945 -0.022485 0.762800
v -0.081818 -0.022467 0.762800
v -0.081693 -0.022441 0.762800
v -0.081569 -0.022408 0.762800
v -0.081448 -0.022367 0.762800
v -0.081329 -0.02232 0.762800
v -0.081213 -0.022266 0.762800
v -0.081100 -0.022205 0.762800
v -0.080991 -0.022138 0.762800
v -0.080886 -0.022065 0.762800
v -0.080786 -0.021985 0.762800
v -0.080690 -0.0219 0.762800
v -0.080600 -0.02181 0.762800
v -0.080515 -0.021714 0.762800
v -0.080435 -0.021614 0.762800
v -0.080362 -0.021509 0.762800
v -0.080295 -0.0214 0.762800
v -0.080234 -0.021287 0.762800
v -0.080180 -0.021171 0.762800
v -0.080133 -0.021052 0.762800
v -0.080092 -0.020931 0.762800
v -0.080059 -0.020807 0.762800
v -0.080033 -0.020682 0.762800
v -0.080015 -0.020555 0.762800
v -0.080004 -0.020428 0.762800
v -0.080000 -0.0203 0.762800
v -0.077928 -0.0203 0.764996
v -0.078055 -0.0203 0.764985
v -0.078182 -0.0203 0.764967
v -0.078307 -0.0203 0.764941
v -0.078431 -0.0203 0.764908
v -0.078552 -0.0203 0.764867
v -0.078671 -0.0203 0.764820
v -0.078787 -0.0203 0.764766
v -0.078900 -0.0203 0.764705
v -0.079009 -0.0203 0.764638
v -0.079114 -0.0203 0.764565
v -0.079214 -0.0203 0.764485
v -0.079310 -0.0203 0.764400
v -0.079400 -0.0203 0.764310
v -0.079485 -0.0203 0.764214
v -0.079565 -0.0203 0.764114
v -0.079638 -0.0203 0.764009
v -0.079705 -0.0203 0.763900
v -0.079766 -0.0203 0.763787
v -0.079820 -0.0203 0.763671
v -0.079867 -0.0203 0.763552
v -0.079908 -0.0203 0.763431
v -0.079941 -0.0203 0.763307
v -0.079967 -0.0203 0.763182
v -0.079985 -0.0203 0.763055
v -0.079996 -0.0203 0.762928
v -0.078048 -0.022496 0.767065
v -0.078041 -0.022485 0.766938
v -0.078296 -0.022496 0.767043
v -0.078034 -0.022467 0.766811
v -0.078542 -0.022496 0.767007
v -0.078026 -0.022441 0.766686
v -0.078266 -0.022467 0.766791
v -0.078520 -0.022485 0.766882
v -0.078019 -0.022408 0.766563
v -0.078785 -0.022496 0.766957
v -0.078252 -0.022441 0.766666
v -0.078498 -0.022467 0.766757
v -0.078012 -0.022367 0.766441
v -0.078756 -0.022485 0.766833
v -0.078238 -0.022408 0.766544
v -0.079025 -0.022496 0.766893
v -0.078476 -0.022441 0.766634
v -0.078005 -0.02232 0.766323
v -0.078727 -0.022467 0.766710
v -0.078223 -0.022367 0.766423
v -0.078989 -0.022485 0.766770
v -0.078454 -0.022408 0.766512
v -0.077998 -0.022266 0.766207
v -0.079261 -0.022496 0.766814
v -0.078698 -0.022441 0.766588
v -0.078210 -0.02232 0.766305
v -0.078952 -0.022467 0.766649
v -0.078433 -0.022367 0.766392
v -0.077992 -0.022205 0.766094
v -0.079218 -0.022485 0.766695
v -0.078669 -0.022408 0.766467
v -0.078196 -0.022266 0.766190
v -0.079492 -0.022496 0.766723
v -0.078916 -0.022441 0.766529
v -0.078413 -0.02232 0.766275
v -0.077986 -0.022138 0.765986
v -0.079174 -0.022467 0.766576
v -0.078641 -0.022367 0.766349
v -0.078183 -0.022205 0.766078
v -0.079442 -0.022485 0.766606
v -0.078881 -0.022408 0.766411
v -0.078393 -0.022266 0.766161
v -0.077979 -0.022065 0.765881
v -0.079717 -0.022496 0.766618
v -0.079131 -0.022441 0.766458
v -0.078614 -0.02232 0.766234
v -0.078170 -0.022138 0.765970
v -0.079391 -0.022467 0.766489
v -0.078846 -0.022367 0.766294
v -0.078373 -0.022205 0.766050
v -0.077974 -0.021985 0.765781
v -0.079660 -0.022485 0.766504
v -0.079089 -0.022408 0.766342
v -0.078587 -0.022266 0.766121
v -0.078158 -0.022065 0.765865
v -0.079936 -0.022496 0.766500
v -0.079342 -0.022441 0.766374
v -0.078812 -0.02232 0.766180
v -0.078354 -0.022138 0.765943
v -0.077968 -0.0219 0.765685
v -0.079603 -0.022467 0.766391
v -0.079048 -0.022367 0.766228
v -0.078561 -0.022205 0.766011
v -0.078147 -0.021985 0.765766
v -0.079872 -0.022485 0.766389
v -0.079293 -0.022408 0.766261
v -0.078779 -0.022266 0.766069
v -0.078336 -0.022065 0.765839
v -0.080148 -0.022496 0.766369
v -0.077963 -0.02181 0.765595
v -0.079547 -0.022441 0.766279
v -0.079007 -0.02232 0.766116
v -0.078536 -0.022138 0.765905
v -0.078136 -0.0219 0.765671
v -0.079809 -0.022467 0.766280
v -0.079245 -0.022367 0.766149
v -0.078746 -0.022205 0.765961
v -0.078318 -0.021985 0.765741
v -0.080077 -0.022485 0.766263
v -0.077958 -0.021714 0.765510
v -0.079492 -0.022408 0.766168
v -0.078967 -0.022266 0.766007
v -0.078512 -0.022065 0.765803
v -0.080351 -0.022496 0.766227
v -0.078125 -0.02181 0.765581
v -0.079746 -0.022441 0.766171
v -0.079198 -0.02232 0.766040
v -0.078715 -0.022138 0.765857
v -0.078302 -0.0219 0.765646
v -0.080008 -0.022467 0.766157
v -0.077953 -0.021614 0.765431
v -0.079437 -0.022367 0.766060
v -0.078929 -0.022205 0.765901
v -0.078489 -0.021985 0.765705
v -0.080275 -0.022485 0.766124
v -0.078115 -0.021714 0.765496
v -0.079685 -0.022408 0.766064
v -0.079152 -0.022266 0.765934
v -0.078685 -0.022065 0.765757
v -0.080546 -0.022496 0.766073
v -0.078286 -0.02181 0.765557
v -0.079939 -0.022441 0.766052
v -0.077949 -0.021509 0.765358
v -0.079384 -0.02232 0.765953
v -0.078891 -0.022138 0.765799
v -0.078467 -0.0219 0.765612
v -0.080199 -0.022467 0.766023
v -0.078106 -0.021614 0.765418
v -0.079624 -0.022367 0.765959
v -0.079107 -0.022205 0.765830
v -0.078656 -0.021985 0.765660
v -0.080464 -0.022485 0.765975
v -0.078271 -0.021714 0.765473
v -0.079871 -0.022408 0.765949
v -0.077945 -0.0214 0.765291
v -0.079332 -0.022266 0.765850
v -0.078856 -0.022065 0.765700
v -0.080732 -0.022496 0.765907
v -0.078446 -0.02181 0.765524
v -0.080125 -0.022441 0.765922
v -0.078097 -0.021509 0.765345
v -0.079564 -0.02232 0.765856
v -0.079064 -0.022138 0.765730
v -0.078629 -0.0219 0.765569
v -0.080383 -0.022467 0.765878
v -0.078258 -0.021614 0.765395
v -0.079804 -0.022367 0.765847
v -0.077942 -0.021287 0.765230
v -0.079281 -0.022205 0.765749
v -0.078821 -0.021985 0.765606
v -0.080644 -0.022485 0.765815
v -0.078426 -0.021714 0.765442
v -0.080051 -0.022408 0.765823
v -0.078090 -0.0214 0.765278
v -0.079506 -0.022266 0.765755
v -0.079022 -0.022065 0.765634
v -0.080907 -0.022496 0.765732
v -0.078603 -0.02181 0.765482
v -0.080302 -0.022441 0.765782
v -0.078245 -0.021509 0.765323
v -0.079739 -0.02232 0.765748
v -0.077938 -0.021171 0.765176
v -0.079232 -0.022138 0.765652
v -0.078789 -0.0219 0.765516
v -0.080557 -0.022467 0.765723
v -0.078408 -0.021614 0.765364
v -0.079978 -0.022367 0.765726
v -0.078083 -0.021287 0.765218
v -0.079450 -0.022205 0.765658
v -0.078983 -0.021985 0.765542
v -0.080815 -0.022485 0.765644
v -0.078579 -0.021714 0.765401
v -0.080223 -0.022408 0.765687
v -0.078233 -0.0214 0.765257
v -0.079675 -0.022266 0.765651
v -0.077936 -0.021052 0.765129
v -0.079185 -0.022065 0.765558
v -0.081073 -0.022496 0.765546
v -0.078758 -0.02181 0.765431
v -0.080471 -0.022441 0.765631
v -0.078391 -0.021509 0.765293
v -0.079907 -0.02232 0.765630
v -0.078076 -0.021171 0.765164
v -0.079396 -0.022138 0.765564
v -0.078945 -0.0219 0.765454
v -0.080723 -0.022467 0.765557
v -0.078556 -0.021614 0.765325
v -0.080145 -0.022367 0.765594
v -0.078223 -0.021287 0.765197
v -0.079613 -0.022205 0.765557
v -0.077933 -0.020931 0.765089
v -0.079140 -0.021985 0.765468
v -0.080975 -0.022485 0.765464
v -0.078728 -0.021714 0.765351
v -0.080386 -0.022408 0.765541
v -0.078375 -0.0214 0.765227
v -0.079838 -0.022266 0.765537
v -0.078071 -0.021052 0.765117
v -0.079343 -0.022065 0.765473
v -0.081227 -0.022496 0.765351
v -0.078909 -0.02181 0.765371
v -0.080631 -0.022441 0.765471
v -0.078535 -0.021509 0.765254
v -0.080068 -0.02232 0.765503
v -0.078213 -0.021171 0.765144
v -0.079554 -0.022138 0.765466
v -0.077931 -0.020807 0.765055
v -0.079097 -0.0219 0.765383
v -0.080878 -0.022467 0.765383
v -0.078701 -0.021614 0.765276
v -0.080303 -0.022367 0.765453
v -0.078361 -0.021287 0.765168
v -0.079771 -0.022205 0.765447
v -0.078066 -0.020931 0.765077
v -0.079293 -0.021985 0.765386
v -0.081124 -0.022485 0.765275
v -0.078875 -0.021714 0.765293
v -0.080541 -0.022408 0.765386
v -0.078516 -0.0214 0.765190
v -0.079994 -0.022266 0.765414
v -0.078205 -0.021052 0.765097
v -0.079496 -0.022065 0.765379
v -0.081369 -0.022496 0.765148
v -0.077930 -0.020682 0.765030
v -0.079057 -0.02181 0.765302
v -0.080782 -0.022441 0.765302
v -0.078676 -0.021509 0.765207
v -0.080221 -0.02232 0.765367
v -0.078349 -0.021171 0.765116
v -0.079706 -0.022138 0.765360
v -0.078062 -0.020807 0.765044
v -0.079245 -0.0219 0.765303
v -0.081023 -0.022467 0.765199
v -0.078844 -0.021614 0.765220
v -0.080453 -0.022367 0.765303
v -0.078498 -0.021287 0.765132
v -0.079921 -0.022205 0.765328
v -0.078198 -0.020931 0.765058
v -0.079441 -0.021985 0.765295
v -0.081263 -0.022485 0.765077
v -0.077929 -0.020555 0.765011
v -0.079018 -0.021714 0.765226
v -0.080687 -0.022408 0.765223
v -0.078653 -0.0214 0.765144
v -0.080142 -0.022266 0.765282
v -0.078338 -0.021052 0.765070
v -0.079643 -0.022065 0.765276
v -0.081500 -0.022496 0.764936
v -0.078059 -0.020682 0.765018
v -0.079200 -0.02181 0.765225
v -0.080922 -0.022441 0.765125
v -0.078815 -0.021509 0.765152
v -0.080367 -0.02232 0.765221
v -0.078483 -0.021171 0.765080
v -0.079851 -0.022138 0.765245
v -0.078192 -0.020807 0.765025
v -0.079388 -0.0219 0.765215
v -0.081157 -0.022467 0.765008
v -0.077928 -0.020428 0.765000
v -0.078983 -0.021614 0.765155
v -0.080594 -0.022367 0.765145
v -0.078632 -0.021287 0.765087
v -0.080065 -0.022205 0.765200
v -0.078329 -0.020931 0.765031
v -0.079583 -0.021985 0.765195
v -0.081389 -0.022485 0.764872
v -0.078057 -0.020555 0.765000
v -0.079157 -0.021714 0.765151
v -0.080823 -0.022408 0.765051
v -0.078788 -0.0214 0.765091
v -0.080282 -0.022266 0.765142
v -0.078469 -0.021052 0.765035
v -0.079784 -0.022065 0.765164
v -0.081618 -0.022496 0.764717
v -0.078188 -0.020682 0.764999
v -0.079339 -0.02181 0.765139
v -0.081052 -0.022441 0.764939
v -0.078950 -0.021509 0.765089
v -0.080503 -0.02232 0.765068
v -0.078614 -0.021171 0.765036
v -0.079990 -0.022138 0.765121
v -0.078321 -0.020807 0.764998
v -0.079526 -0.0219 0.765118
v -0.081280 -0.022467 0.764809
v -0.078056 -0.020428 0.764989
v -0.079118 -0.021614 0.765082
v -0.080726 -0.022367 0.764978
v -0.078764 -0.021287 0.765035
v -0.080200 -0.022205 0.765065
v -0.078457 -0.020931 0.764996
v -0.079719 -0.021985 0.765087
v -0.081504 -0.022485 0.764660
v -0.078185 -0.020555 0.764981
v -0.079292 -0.021714 0.765068
v -0.080949 -0.022408 0.764871
v -0.078920 -0.0214 0.765029
v -0.080414 -0.022266 0.764994
v -0.078598 -0.021052 0.764992
v -0.079918 -0.022065 0.765045
v -0.081723 -0.022496 0.764492
v -0.078315 -0.020682 0.764973
v -0.079472 -0.02181 0.765046
v -0.081171 -0.022441 0.764746
v -0.079081 -0.021509 0.765019
v -0.080630 -0.02232 0.764907
v -0.078743 -0.021171 0.764985
v -0.080121 -0.022138 0.764990
v -0.078448 -0.020807 0.764964
v -0.079658 -0.0219 0.765014
v -0.081391 -0.022467 0.764603
v -0.078183 -0.020428 0.764970
v -0.079248 -0.021614 0.765002
v -0.080847 -0.022367 0.764804
v -0.078892 -0.021287 0.764975
v -0.080328 -0.022205 0.764921
v -0.078584 -0.020931 0.764954
v -0.079849 -0.021985 0.764972
v -0.081606 -0.022485 0.764442
v -0.078311 -0.020555 0.764955
v -0.079421 -0.021714 0.764978
v -0.081064 -0.022408 0.764685
v -0.079047 -0.0214 0.764961
v -0.080537 -0.022266 0.764838
v -0.078724 -0.021052 0.764942
v -0.080045 -0.022065 0.764918
v -0.081814 -0.022496 0.764261
v -0.078441 -0.020682 0.764940
v -0.079600 -0.02181 0.764945
v -0.081279 -0.022441 0.764547
v -0.079208 -0.021509 0.764940
v -0.080748 -0.02232 0.764739
v -0.078868 -0.021171 0.764927
v -0.080245 -0.022138 0.764851
v -0.078573 -0.020807 0.764923
v -0.079783 -0.0219 0.764902
v -0.081489 -0.022467 0.764391
v -0.078308 -0.020428 0.764944
v -0.079374 -0.021614 0.764914
v -0.080959 -0.022367 0.764624
v -0.079017 -0.021287 0.764908
v -0.080447 -0.022205 0.764771
v -0.078708 -0.020931 0.764905
v -0.079972 -0.021985 0.764849
v -0.081695 -0.022485 0.764218
v -0.078435 -0.020555 0.764922
v -0.079545 -0.021714 0.764880
v -0.081168 -0.022408 0.764492
v -0.079171 -0.0214 0.764884
v -0.080651 -0.022266 0.764675
v -0.078847 -0.021052 0.764885
v -0.080164 -0.022065 0.764784
v -0.081893 -0.022496 0.764025
v -0.078564 -0.020682 0.764899
v -0.079721 -0.02181 0.764836
v -0.081374 -0.022441 0.764342
v -0.079330 -0.021509 0.764855
v -0.080856 -0.02232 0.764564
v -0.078990 -0.021171 0.764861
v -0.080360 -0.022138 0.764706
v -0.078695 -0.020807 0.764875
v -0.079902 -0.0219 0.764783
v -0.081576 -0.022467 0.764174
v -0.078432 -0.020428 0.764911
v -0.079494 -0.021614 0.764819
v -0.081060 -0.022367 0.764437
v -0.079138 -0.021287 0.764834
v -0.080557 -0.022205 0.764613
v -0.078829 -0.020931 0.764849
v -0.080087 -0.021985 0.764719
v -0.081770 -0.022485 0.763989
v -0.078558 -0.020555 0.764881
v -0.079663 -0.021714 0.764775
v -0.081261 -0.022408 0.764293
v -0.079290 -0.0214 0.764801
v -0.080755 -0.022266 0.764506
v -0.078966 -0.021052 0.764820
v -0.080276 -0.022065 0.764643
v -0.081957 -0.022496 0.763785
v -0.078685 -0.020682 0.764851
v -0.079836 -0.02181 0.764721
v -0.081458 -0.022441 0.764131
v -0.079447 -0.021509 0.764763
v -0.080953 -0.02232 0.764384
v -0.079108 -0.021171 0.764788
v -0.080466 -0.022138 0.764554
v -0.078814 -0.020807 0.764819
v -0.080014 -0.0219 0.764658
v -0.081649 -0.022467 0.763952
v -0.078554 -0.020428 0.764871
v -0.079608 -0.021614 0.764717
v -0.081149 -0.022367 0.764245
v -0.079253 -0.021287 0.764752
v -0.080658 -0.022205 0.764450
v -0.078946 -0.020931 0.764785
v -0.080195 -0.021985 0.764583
v -0.081833 -0.022485 0.763756
v -0.078677 -0.020555 0.764834
v -0.079775 -0.021714 0.764663
v -0.081342 -0.022408 0.764089
v -0.079404 -0.0214 0.764711
v -0.080850 -0.022266 0.764332
v -0.079082 -0.021052 0.764749
v -0.080379 -0.022065 0.764496
v -0.082007 -0.022496 0.763542
v -0.078802 -0.020682 0.764796
v -0.079945 -0.02181 0.764600
v -0.081529 -0.022441 0.763916
v -0.079558 -0.021509 0.764663
v -0.081040 -0.02232 0.764198
v -0.079221 -0.021171 0.764709
v -0.080564 -0.022138 0.764396
v -0.078930 -0.020807 0.764757
v -0.080118 -0.0219 0.764526
v -0.081710 -0.022467 0.763727
v -0.078673 -0.020428 0.764823
v -0.079717 -0.021614 0.764608
v -0.081228 -0.022367 0.764048
v -0.079365 -0.021287 0.764665
v -0.080749 -0.022205 0.764281
v -0.079060 -0.020931 0.764715
v -0.080295 -0.021985 0.764441
v -0.081882 -0.022485 0.763520
v -0.078794 -0.020555 0.764779
v -0.079880 -0.021714 0.764545
v -0.081411 -0.022408 0.763881
v -0.079512 -0.0214 0.764615
v -0.080934 -0.022266 0.764152
v -0.079193 -0.021052 0.764671
v -0.080473 -0.022065 0.764343
v -0.082043 -0.022496 0.763296
v -0.078917 -0.020682 0.764734
v -0.080046 -0.02181 0.764472
v -0.081588 -0.022441 0.763698
v -0.079663 -0.021509 0.764558
v -0.081116 -0.02232 0.764007
v -0.079330 -0.021171 0.764623
v -0.080652 -0.022138 0.764232
v -0.079042 -0.020807 0.764688
v -0.080215 -0.0219 0.764388
v -0.081757 -0.022467 0.763498
v -0.078789 -0.020428 0.764769
v -0.079819 -0.021614 0.764494
v -0.081294 -0.022367 0.763846
v -0.079470 -0.021287 0.764570
v -0.080830 -0.022205 0.764107
v -0.079169 -0.020931 0.764639
v -0.080386 -0.021985 0.764293
v -0.081917 -0.022485 0.763281
v -0.078907 -0.020555 0.764718
v -0.079978 -0.021714 0.764421
v -0.081467 -0.022408 0.763669
v -0.079615 -0.0214 0.764512
v -0.081007 -0.022266 0.763967
v -0.079299 -0.021052 0.764587
v -0.080558 -0.022065 0.764185
v -0.082065 -0.022496 0.763048
v -0.079027 -0.020682 0.764666
v -0.080139 -0.02181 0.764339
v -0.081634 -0.022441 0.763476
v -0.079763 -0.021509 0.764447
v -0.081180 -0.02232 0.763812
v -0.079433 -0.021171 0.764531
v -0.080730 -0.022138 0.764064
v -0.079149 -0.020807 0.764612
v -0.080303 -0.0219 0.764245
v -0.081791 -0.022467 0.763266
v -0.078902 -0.020428 0.764708
v -0.079914 -0.021614 0.764374
v -0.081349 -0.022367 0.763641
v -0.079570 -0.021287 0.764470
v -0.080901 -0.022205 0.763929
v -0.079274 -0.020931 0.764556
v -0.080468 -0.021985 0.764140
v -0.081938 -0.022485 0.763041
v -0.079017 -0.020555 0.764651
v -0.080068 -0.021714 0.764292
v -0.081512 -0.022408 0.763454
v -0.079711 -0.0214 0.764404
v -0.081069 -0.022266 0.763779
v -0.079401 -0.021052 0.764497
v -0.080634 -0.022065 0.764022
v -0.079134 -0.020682 0.764591
v -0.080225 -0.02181 0.764200
v -0.081666 -0.022441 0.763252
v -0.079855 -0.021509 0.764330
v -0.081234 -0.02232 0.763614
v -0.079531 -0.021171 0.764433
v -0.080799 -0.022138 0.763891
v -0.079252 -0.020807 0.764531
v -0.080383 -0.0219 0.764097
v -0.081811 -0.022467 0.763034
v -0.079011 -0.020428 0.764641
v -0.080002 -0.021614 0.764248
v -0.081392 -0.022367 0.763433
v -0.079665 -0.021287 0.764365
v -0.080961 -0.022205 0.763746
v -0.079373 -0.020931 0.764467
v -0.080542 -0.021985 0.763983
v -0.079123 -0.020555 0.764577
v -0.080151 -0.021714 0.764157
v -0.081544 -0.022408 0.763238
v -0.079801 -0.0214 0.764290
v -0.081121 -0.022266 0.763587
v -0.079497 -0.021052 0.764401
v -0.080700 -0.022065 0.763856
v -0.079236 -0.020682 0.764511
v -0.080302 -0.02181 0.764057
v -0.081686 -0.022441 0.763026
v -0.079940 -0.021509 0.764208
v -0.081275 -0.02232 0.763413
v -0.079623 -0.021171 0.764330
v -0.080857 -0.022138 0.763715
v -0.079350 -0.020807 0.764443
v -0.080454 -0.0219 0.763945
v -0.079116 -0.020428 0.764568
v -0.080082 -0.021614 0.764118
v -0.081423 -0.022367 0.763223
v -0.079752 -0.021287 0.764253
v -0.081011 -0.022205 0.763561
v -0.079467 -0.020931 0.764373
v -0.080606 -0.021985 0.763821
v -0.079224 -0.020555 0.764497
v -0.080226 -0.021714 0.764018
v -0.081563 -0.022408 0.763019
v -0.079884 -0.0214 0.764171
v -0.081161 -0.022266 0.763393
v -0.079587 -0.021052 0.764299
v -0.080757 -0.022065 0.763685
v -0.079333 -0.020682 0.764425
v -0.080371 -0.02181 0.763909
v -0.080019 -0.021509 0.764081
v -0.081305 -0.02232 0.763210
v -0.079709 -0.021171 0.764221
v -0.080905 -0.022138 0.763536
v -0.079443 -0.020807 0.764350
v -0.080516 -0.0219 0.763789
v -0.079217 -0.020428 0.764488
v -0.080155 -0.021614 0.763983
v -0.081441 -0.022367 0.763012
v -0.079834 -0.021287 0.764138
v -0.081050 -0.022205 0.763373
v -0.079556 -0.020931 0.764274
v -0.080660 -0.021985 0.763656
v -0.079320 -0.020555 0.764411
v -0.080293 -0.021714 0.763875
v -0.079961 -0.0214 0.764047
v -0.081190 -0.022266 0.763196
v -0.079671 -0.021052 0.764193
v -0.080803 -0.022065 0.763512
v -0.079425 -0.020682 0.764333
v -0.080431 -0.02181 0.763758
v -0.080089 -0.021509 0.763950
v -0.081323 -0.02232 0.763005
v -0.079788 -0.021171 0.764108
v -0.080943 -0.022138 0.763354
v -0.079531 -0.020807 0.764252
v -0.080569 -0.0219 0.763629
v -0.079312 -0.020428 0.764403
v -0.080220 -0.021614 0.763844
v -0.079908 -0.021287 0.764017
v -0.081078 -0.022205 0.763183
v -0.079639 -0.020931 0.764169
v -0.080705 -0.021985 0.763489
v -0.079411 -0.020555 0.764320
v -0.080351 -0.021714 0.763728
v -0.080029 -0.0214 0.763920
v -0.081207 -0.022266 0.762998
v -0.079749 -0.021052 0.764082
v -0.080839 -0.022065 0.763336
v -0.079511 -0.020682 0.764236
v -0.080482 -0.02181 0.763603
v -0.080152 -0.021509 0.763815
v -0.079861 -0.021171 0.763990
v -0.080970 -0.022138 0.763170
v -0.079612 -0.020807 0.764149
v -0.080612 -0.0219 0.763467
v -0.079403 -0.020428 0.764312
v -0.080276 -0.021614 0.763701
v -0.079975 -0.021287 0.763892
v -0.081094 -0.022205 0.762992
v -0.079715 -0.020931 0.764060
v -0.080741 -0.021985 0.763318
v -0.079497 -0.020555 0.764224
v -0.080401 -0.021714 0.763579
v -0.080091 -0.0214 0.763788
v -0.079820 -0.021052 0.763966
v -0.080865 -0.022065 0.763158
v -0.079591 -0.020682 0.764134
v -0.080524 -0.02181 0.763446
v -0.080207 -0.021509 0.763676
v -0.079927 -0.021171 0.763868
v -0.080986 -0.022138 0.762986
v -0.079688 -0.020807 0.764042
v -0.080646 -0.0219 0.763302
v -0.079488 -0.020428 0.764217
v -0.080325 -0.021614 0.763556
v -0.080035 -0.021287 0.763764
v -0.079785 -0.020931 0.763946
v -0.080766 -0.021985 0.763147
v -0.079577 -0.020555 0.764123
v -0.080442 -0.021714 0.763426
v -0.080144 -0.0214 0.763653
v -0.079885 -0.021052 0.763847
v -0.080881 -0.022065 0.762979
v -0.079666 -0.020682 0.764027
v -0.080557 -0.02181 0.763286
v -0.080254 -0.021509 0.763535
v -0.079985 -0.021171 0.763743
v -0.079757 -0.020807 0.763930
v -0.080671 -0.0219 0.763136
v -0.079568 -0.020428 0.764116
v -0.080364 -0.021614 0.763408
v -0.080087 -0.021287 0.763632
v -0.079849 -0.020931 0.763829
v -0.080781 -0.021985 0.762974
v -0.079651 -0.020555 0.764017
v -0.080473 -0.021714 0.763271
v -0.080190 -0.0214 0.763516
v -0.079942 -0.021052 0.763724
v -0.079734 -0.020682 0.763917
v -0.080581 -0.02181 0.763125
v -0.080293 -0.021509 0.763391
v -0.080036 -0.021171 0.763614
v -0.079819 -0.020807 0.763814
v -0.080685 -0.0219 0.762968
v -0.079641 -0.020428 0.764011
v -0.080395 -0.021614 0.763258
v -0.080132 -0.021287 0.763498
v -0.079905 -0.020931 0.763708
v -0.079718 -0.020555 0.763907
v -0.080496 -0.021714 0.763115
v -0.080227 -0.0214 0.763375
v -0.079992 -0.021052 0.763598
v -0.079796 -0.020682 0.763802
v -0.080595 -0.02181 0.762963
v -0.080323 -0.021509 0.763245
v -0.080080 -0.021171 0.763483
v -0.079875 -0.020807 0.763695
v -0.079708 -0.020428 0.763902
v -0.080418 -0.021614 0.763106
v -0.080168 -0.021287 0.763361
v -0.079954 -0.020931 0.763584
v -0.079779 -0.020555 0.763794
v -0.080510 -0.021714 0.762958
v -0.080257 -0.0214 0.763233
v -0.080035 -0.021052 0.763469
v -0.079851 -0.020682 0.763685
v -0.080345 -0.021509 0.763097
v -0.080116 -0.021171 0.763349
v -0.079923 -0.020807 0.763573
v -0.079769 -0.020428 0.763789
v -0.080431 -0.021614 0.762953
v -0.080197 -0.021287 0.763223
v -0.079996 -0.020931 0.763457
v -0.079834 -0.020555 0.763677
v -0.080278 -0.0214 0.763090
v -0.080070 -0.021052 0.763338
v -0.079899 -0.020682 0.763564
v -0.080358 -0.021509 0.762949
v -0.080144 -0.021171 0.763213
v -0.079964 -0.020807 0.763448
v -0.079823 -0.020428 0.763673
v -0.080218 -0.021287 0.763083
v -0.080031 -0.020931 0.763329
v -0.079881 -0.020555 0.763558
v -0.080291 -0.0214 0.762945
v -0.080097 -0.021052 0.763205
v -0.079940 -0.020682 0.763441
v -0.080164 -0.021171 0.763076
v -0.079998 -0.020807 0.763321
v -0.079871 -0.020428 0.763554
v -0.080230 -0.021287 0.762942
v -0.080058 -0.020931 0.763198
v -0.079922 -0.020555 0.763435
v -0.080117 -0.021052 0.763071
v -0.079973 -0.020682 0.763315
v -0.080176 -0.021171 0.762938
v -0.080025 -0.020807 0.763192
v -0.079911 -0.020428 0.763432
v -0.080077 -0.020931 0.763066
v -0.079955 -0.020555 0.763311
v -0.080129 -0.021052 0.762936
v -0.079999 -0.020682 0.763188
v -0.080044 -0.020807 0.763062
v -0.079944 -0.020428 0.763308
v -0.080089 -0.020931 0.762933
v -0.079981 -0.020555 0.763185
v -0.080018 -0.020682 0.763059
v -0.080055 -0.020807 0.762931
v -0.079970 -0.020428 0.763183
v -0.080000 -0.020555 0.763057
v -0.080030 -0.020682 0.762930
v -0.079989 -0.020428 0.763056
v -0.080011 -0.020555 0.762929
v -0.080000 -0.020428 0.762928
v 0.077800 -0.0225 0.767200
v 0.077800 -0.022496 0.767072
v 0.077800 -0.022485 0.766945
v 0.077800 -0.022467 0.766818
v 0.077800 -0.022441 0.766693
v 0.077800 -0.022408 0.766569
v 0.077800 -0.022367 0.766448
v 0.077800 -0.02232 0.766329
v 0.077800 -0.022266 0.766213
v 0.077800 -0.022205 0.766100
v 0.077800 -0.022138 0.765991
v 0.077800 -0.022065 0.765886
v 0.077800 -0.021985 0.765786
v 0.077800 -0.0219 0.765690
v 0.077800 -0.02181 0.765600
v 0.077800 -0.021714 0.765515
v 0.077800 -0.021614 0.765435
v 0.077800 -0.021509 0.765362
v 0.077800 -0.0214 0.765295
v 0.077800 -0.021287 0.765234
v 0.077800 -0.021171 0.765180
v 0.077800 -0.021052 0.765133
v 0.077800 -0.020931 0.765092
v 0.077800 -0.020807 0.765059
v 0.077800 -0.020682 0.765033
v 0.077800 -0.020555 0.765015
v 0.077800 -0.020428 0.765004
v 0.077800 -0.0203 0.765000
v 0.078056 -0.0225 0.767193
v 0.078311 -0.0225 0.767170
v 0.078564 -0.0225 0.767133
v 0.078815 -0.0225 0.767081
v 0.079062 -0.0225 0.767015
v 0.079305 -0.0225 0.766935
v 0.079543 -0.0225 0.766840
v 0.079775 -0.0225 0.766732
v 0.080000 -0.0225 0.766611
v 0.080218 -0.0225 0.766476
v 0.080427 -0.0225 0.766329
v 0.080628 -0.0225 0.766171
v 0.080819 -0.0225 0.766000
v 0.081000 -0.0225 0.765819
v 0.081171 -0.0225 0.765628
v 0.081329 -0.0225 0.765427
v 0.081476 -0.0225 0.765218
v 0.081611 -0.0225 0.765000
v 0.081732 -0.0225 0.764775
v 0.081840 -0.0225 0.764543
v 0.081935 -0.0225 0.764305
v 0.082015 -0.0225 0.764062
v 0.082081 -0.0225 0.763815
v 0.082133 -0.0225 0.763564
v 0.082170 -0.0225 0.763311
v 0.082193 -0.0225 0.763056
v 0.082200 -0.0225 0.762800
v 0.082072 -0.022496 0.762800
v 0.081945 -0.022485 0.762800
v 0.081818 -0.022467 0.762800
v 0.081693 -0.022441 0.762800
v 0.081569 -0.022408 0.762800
v 0.081448 -0.022367 0.762800
v 0.081329 -0.02232 0.762800
v 0.081213 -0.022266 0.762800
v 0.081100 -0.022205 0.762800
v 0.080991 -0.022138 0.762800
v 0.080886 -0.022065 0.762800
v 0.080786 -0.021985 0.762800
v 0.080690 -0.0219 0.762800
v 0.080600 -0.02181 0.762800
v 0.080515 -0.021714 0.762800
v 0.080435 -0.021614 0.762800
v 0.080362 -0.021509 0.762800
v 0.080295 -0.0214 0.762800
v 0.080234 -0.021287 0.762800
v 0.080180 -0.021171 0.762800
v 0.080133 -0.021052 0.762800
v 0.080092 -0.020931 0.762800
v 0.080059 -0.020807 0.762800
v 0.080033 -0.020682 0.762800
v 0.080015 -0.020555 0.762800
v 0.080004 -0.020428 0.762800
v 0.080000 -0.0203 0.762800
v 0.077928 -0.0203 0.764996
v 0.078055 -0.0203 0.764985
v 0.078182 -0.0203 0.764967
v 0.078307 -0.0203 0.764941
v 0.078431 -0.0203 0.764908
v 0.078552 -0.0203 0.764867
v 0.078671 -0.0203 0.764820
v 0.078787 -0.0203 0.764766
v 0.078900 -0.0203 0.764705
v 0.079009 -0.0203 0.764638
v 0.079114 -0.0203 0.764565
v 0.079214 -0.0203 0.764485
v 0.079310 -0.0203 0.764400
v 0.079400 -0.0203 0.764310
v 0.079485 -0.0203 0.764214
v 0.079565 -0.0203 0.764114
v 0.079638 -0.0203 0.764009
v 0.079705 -0.0203 0.763900
v 0.079766 -0.0203 0.763787
v 0.079820 -0.0203 0.763671
v 0.079867 -0.0203 0.763552
v 0.079908 -0.0203 0.763431
v 0.079941 -0.0203 0.763307
v 0.079967 -0.0203 0.763182
v 0.079985 -0.0203 0.763055
v 0.079996 -0.0203 0.762928
v 0.078048 -0.022496 0.767065
v 0.078041 -0.022485 0.766938
v 0.078296 -0.022496 0.767043
v 0.078034 -0.022467 0.766811
v 0.078542 -0.022496 0.767007
v 0.078026 -0.022441 0.766686
v 0.078266 -0.022467 0.766791
v 0.078520 -0.022485 0.766882
v 0.078019 -0.022408 0.766563
v 0.078785 -0.022496 0.766957
v 0.078252 -0.022441 0.766666
v 0.078498 -0.022467 0.766757
v 0.078012 -0.022367 0.766441
v 0.078756 -0.022485 0.766833
v 0.078238 -0.022408 0.766544
v 0.079025 -0.022496 0.766893
v 0.078476 -0.022441 0.766634
v 0.078005 -0.02232 0.766323
v 0.078727 -0.022467 0.766710
v 0.078223 -0.022367 0.766423
v 0.078989 -0.022485 0.766770
v 0.078454 -0.022408 0.766512
v 0.077998 -0.022266 0.766207
v 0.079261 -0.022496 0.766814
v 0.078698 -0.022441 0.766588
v 0.078210 -0.02232 0.766305
v 0.078952 -0.022467 0.766649
v 0.078433 -0.022367 0.766392
v 0.077992 -0.022205 0.766094
v 0.079218 -0.022485 0.766695
v 0.078669 -0.022408 0.766467
v 0.078196 -0.022266 0.766190
v 0.079492 -0.022496 0.766723
v 0.078916 -0.022441 0.766529
v 0.078413 -0.02232 0.766275
v 0.077986 -0.022138 0.765986
v 0.079174 -0.022467 0.766576
v 0.078641 -0.022367 0.766349
v 0.078183 -0.022205 0.766078
v 0.079442 -0.022485 0.766606
v 0.078881 -0.022408 0.766411
v 0.078393 -0.022266 0.766161
v 0.077979 -0.022065 0.765881
v 0.079717 -0.022496 0.766618
v 0.079131 -0.022441 0.766458
v 0.078614 -0.02232 0.766234
v 0.078170 -0.022138 0.765970
v 0.079391 -0.022467 0.766489
v 0.078846 -0.022367 0.766294
v 0.078373 -0.022205 0.766050
v 0.077974 -0.021985 0.765781
v 0.079660 -0.022485 0.766504
v 0.079089 -0.022408 0.766342
v 0.078587 -0.022266 0.766121
v 0.078158 -0.022065 0.765865
v 0.079936 -0.022496 0.766500
v 0.079342 -0.022441 0.766374
v 0.078812 -0.02232 0.766180
v 0.078354 -0.022138 0.765943
v 0.077968 -0.0219 0.765685
v 0.079603 -0.022467 0.766391
v 0.079048 -0.022367 0.766228
v 0.078561 -0.022205 0.766011
v 0.078147 -0.021985 0.765766
v 0.079872 -0.022485 0.766389
v 0.079293 -0.022408 0.766261
v 0.078779 -0.022266 0.766069
v 0.078336 -0.022065 0.765839
v 0.080148 -0.022496 0.766369
v 0.077963 -0.02181 0.765595
v 0.079547 -0.022441 0.766279
v 0.079007 -0.02232 0.766116
v 0.078536 -0.022138 0.765905
v 0.078136 -0.0219 0.765671
v 0.079809 -0.022467 0.766280
v 0.079245 -0.022367 0.766149
v 0.078746 -0.022205 0.765961
v 0.078318 -0.021985 0.765741
v 0.080077 -0.022485 0.766263
v 0.077958 -0.021714 0.765510
v 0.079492 -0.022408 0.766168
v 0.078967 -0.022266 0.766007
v 0.078512 -0.022065 0.765803
v 0.080351 -0.022496 0.766227
v 0.078125 -0.02181 0.765581
v 0.079746 -0.022441 0.766171
v 0.079198 -0.02232 0.766040
v 0.078715 -0.022138 0.765857
v 0.078302 -0.0219 0.765646
v 0.080008 -0.022467 0.766157
v 0.077953 -0.021614 0.765431
v 0.079437 -0.022367 0.766060
v 0.078929 -0.022205 0.765901
v 0.078489 -0.021985 0.765705
v 0.080275 -0.022485 0.766124
v 0.078115 -0.021714 0.765496
v 0.079685 -0.022408 0.766064
v 0.079152 -0.022266 0.765934
v 0.078685 -0.022065 0.765757
v 0.080546 -0.022496 0.766073
v 0.078286 -0.02181 0.765557
v 0.079939 -0.022441 0.766052
v 0.077949 -0.021509 0.765358
v 0.079384 -0.02232 0.765953
v 0.078891 -0.022138 0.765799
v 0.078467 -0.0219 0.765612
v 0.080199 -0.022467 0.766023
v 0.078106 -0.021614 0.765418
v 0.079624 -0.022367 0.765959
v 0.079107 -0.022205 0.765830
v 0.078656 -0.021985 0.765660
v 0.080464 -0.022485 0.765975
v 0.078271 -0.021714 0.765473
v 0.079871 -0.022408 0.765949
v 0.077945 -0.0214 0.765291
v 0.079332 -0.022266 0.765850
v 0.078856 -0.022065 0.765700
v 0.080732 -0.022496 0.765907
v 0.078446 -0.02181 0.765524
v 0.080125 -0.022441 0.765922
v 0.078097 -0.021509 0.765345
v 0.079564 -0.02232 0.765856
v 0.079064 -0.022138 0.765730
v 0.078629 -0.0219 0.765569
v 0.080383 -0.022467 0.765878
v 0.078258 -0.021614 0.765395
v 0.079804 -0.022367 0.765847
v 0.077942 -0.021287 0.765230
v 0.079281 -0.022205 0.765749
v 0.078821 -0.021985 0.765606
v 0.080644 -0.022485 0.765815
v 0.078426 -0.021714 0.765442
v 0.080051 -0.022408 0.765823
v 0.078090 -0.0214 0.765278
v 0.079506 -0.022266 0.765755
v 0.079022 -0.022065 0.765634
v 0.080907 -0.022496 0.765732
v 0.078603 -0.02181 0.765482
v 0.080302 -0.022441 0.765782
v 0.078245 -0.021509 0.765323
v 0.079739 -0.02232 0.765748
v 0.077938 -0.021171 0.765176
v 0.079232 -0.022138 0.765652
v 0.078789 -0.0219 0.765516
v 0.080557 -0.022467 0.765723
v 0.078408 -0.021614 0.765364
v 0.079978 -0.022367 0.765726
v 0.078083 -0.021287 0.765218
v 0.079450 -0.022205 0.765658
v 0.078983 -0.021985 0.765542
v 0.080815 -0.022485 0.765644
v 0.078579 -0.021714 0.765401
v 0.080223 -0.022408 0.765687
v 0.078233 -0.0214 0.765257
v 0.079675 -0.022266 0.765651
v 0.077936 -0.021052 0.765129
v 0.079185 -0.022065 0.765558
v 0.081073 -0.022496 0.765546
v 0.078758 -0.02181 0.765431
v 0.080471 -0.022441 0.765631
v 0.078391 -0.021509 0.765293
v 0.079907 -0.02232 0.765630
v 0.078076 -0.021171 0.765164
v 0.079396 -0.022138 0.765564
v 0.078945 -0.0219 0.765454
v 0.080723 -0.022467 0.765557
v 0.078556 -0.021614 0.765325
v 0.080145 -0.022367 0.765594
v 0.078223 -0.021287 0.765197
v 0.079613 -0.022205 0.765557
v 0.077933 -0.020931 0.765089
v 0.079140 -0.021985 0.765468
v 0.080975 -0.022485 0.765464
v 0.078728 -0.021714 0.765351
v 0.080386 -0.022408 0.765541
v 0.078375 -0.0214 0.765227
v 0.079838 -0.022266 0.765537
v 0.078071 -0.021052 0.765117
v 0.079343 -0.022065 0.765473
v 0.081227 -0.022496 0.765351
v 0.078909 -0.02181 0.765371
v 0.080631 -0.022441 0.765471
v 0.078535 -0.021509 0.765254
v 0.080068 -0.02232 0.765503
v 0.078213 -0.021171 0.765144
v 0.079554 -0.022138 0.765466
v 0.077931 -0.020807 0.765055
v 0.079097 -0.0219 0.765383
v 0.080878 -0.022467 0.765383
v 0.078701 -0.021614 0.765276
v 0.080303 -0.022367 0.765453
v 0.078361 -0.021287 0.765168
v 0.079771 -0.022205 0.765447
v 0.078066 -0.020931 0.765077
v 0.079293 -0.021985 0.765386
v 0.081124 -0.022485 0.765275
v 0.078875 -0.021714 0.765293
v 0.080541 -0.022408 0.765386
v 0.078516 -0.0214 0.765190
v 0.079994 -0.022266 0.765414
v 0.078205 -0.021052 0.765097
v 0.079496 -0.022065 0.765379
v 0.081369 -0.022496 0.765148
v 0.077930 -0.020682 0.765030
v 0.079057 -0.02181 0.765302
v 0.080782 -0.022441 0.765302
v 0.078676 -0.021509 0.765207
v 0.080221 -0.02232 0.765367
v 0.078349 -0.021171 0.765116
v 0.079706 -0.022138 0.765360
v 0.078062 -0.020807 0.765044
v 0.079245 -0.0219 0.765303
v 0.081023 -0.022467 0.765199
v 0.078844 -0.021614 0.765220
v 0.080453 -0.022367 0.765303
v 0.078498 -0.021287 0.765132
v 0.079921 -0.022205 0.765328
v 0.078198 -0.020931 0.765058
v 0.079441 -0.021985 0.765295
v 0.081263 -0.022485 0.765077
v 0.077929 -0.020555 0.765011
v 0.079018 -0.021714 0.765226
v 0.080687 -0.022408 0.765223
v 0.078653 -0.0214 0.765144
v 0.080142 -0.022266 0.765282
v 0.078338 -0.021052 0.765070
v 0.079643 -0.022065 0.765276
v 0.081500 -0.022496 0.764936
v 0.078059 -0.020682 0.765018
v 0.079200 -0.02181 0.765225
v 0.080922 -0.022441 0.765125
v 0.078815 -0.021509 0.765152
v 0.080367 -0.02232 0.765221
v 0.078483 -0.021171 0.765080
v 0.079851 -0.022138 0.765245
v 0.078192 -0.020807 0.765025
v 0.079388 -0.0219 0.765215
v 0.081157 -0.022467 0.765008
v 0.077928 -0.020428 0.765000
v 0.078983 -0.021614 0.765155
v 0.080594 -0.022367 0.765145
v 0.078632 -0.021287 0.765087
v 0.080065 -0.022205 0.765200
v 0.078329 -0.020931 0.765031
v 0.079583 -0.021985 0.765195
v 0.081389 -0.022485 0.764872
v 0.078057 -0.020555 0.765000
v 0.079157 -0.021714 0.765151
v 0.080823 -0.022408 0.765051
v 0.078788 -0.0214 0.765091
v 0.080282 -0.022266 0.765142
v 0.078469 -0.021052 0.765035
v 0.079784 -0.022065 0.765164
v 0.081618 -0.022496 0.764717
v 0.078188 -0.020682 0.764999
v 0.079339 -0.02181 0.765139
v 0.081052 -0.022441 0.764939
v 0.078950 -0.021509 0.765089
v 0.080503 -0.02232 0.765068
v 0.078614 -0.021171 0.765036
v 0.079990 -0.022138 0.765121
v 0.078321 -0.020807 0.764998
v 0.079526 -0.0219 0.765118
v 0.081280 -0.022467 0.764809
v 0.078056 -0.020428 0.764989
v 0.079118 -0.021614 0.765082
v 0.080726 -0.022367 0.764978
v 0.078764 -0.021287 0.765035
v 0.080200 -0.022205 0.765065
v 0.078457 -0.020931 0.764996
v 0.079719 -0.021985 0.765087
v 0.081504 -0.022485 0.764660
v 0.078185 -0.020555 0.764981
v 0.079292 -0.021714 0.765068
v 0.080949 -0.022408 0.764871
v 0.078920 -0.0214 0.765029
v 0.080414 -0.022266 0.764994
v 0.078598 -0.021052 0.764992
v 0.079918 -0.022065 0.765045
v 0.081723 -0.022496 0.764492
v 0.078315 -0.020682 0.764973
v 0.079472 -0.02181 0.765046
v 0.081171 -0.022441 0.764746
v 0.079081 -0.021509 0.765019
v 0.080630 -0.02232 0.764907
v 0.078743 -0.021171 0.764985
v 0.080121 -0.022138 0.764990
v 0.078448 -0.020807 0.764964
v 0.079658 -0.0219 0.765014
v 0.081391 -0.022467 0.764603
v 0.078183 -0.020428 0.764970
v 0.079248 -0.021614 0.765002
v 0.080847 -0.022367 0.764804
v 0.078892 -0.021287 0.764975
v 0.080328 -0.022205 0.764921
v 0.078584 -0.020931 0.764954
v 0.079849 -0.021985 0.764972
v 0.081606 -0.022485 0.764442
v 0.078311 -0.020555 0.764955
v 0.079421 -0.021714 0.764978
v 0.081064 -0.022408 0.764685
v 0.079047 -0.0214 0.764961
v 0.080537 -0.022266 0.764838
v 0.078724 -0.021052 0.764942
v 0.080045 -0.022065 0.764918
v 0.081814 -0.022496 0.764261
v 0.078441 -0.020682 0.764940
v 0.079600 -0.02181 0.764945
v 0.081279 -0.022441 0.764547
v 0.079208 -0.021509 0.764940
v 0.080748 -0.02232 0.764739
v 0.078868 -0.021171 0.764927
v 0.080245 -0.022138 0.764851
v 0.078573 -0.020807 0.764923
v 0.079783 -0.0219 0.764902
v 0.081489 -0.022467 0.764391
v 0.078308 -0.020428 0.764944
v 0.079374 -0.021614 0.764914
v 0.080959 -0.022367 0.764624
v 0.079017 -0.021287 0.764908
v 0.080447 -0.022205 0.764771
v 0.078708 -0.020931 0.764905
v 0.079972 -0.021985 0.764849
v 0.081695 -0.022485 0.764218
v 0.078435 -0.020555 0.764922
v 0.079545 -0.021714 0.764880
v 0.081168 -0.022408 0.764492
v 0.079171 -0.0214 0.764884
v 0.080651 -0.022266 0.764675
v 0.078847 -0.021052 0.764885
v 0.080164 -0.022065 0.764784
v 0.081893 -0.022496 0.764025
v 0.078564 -0.020682 0.764899
v 0.079721 -0.02181 0.764836
v 0.081374 -0.022441 0.764342
v 0.079330 -0.021509 0.764855
v 0.080856 -0.02232 0.764564
v 0.078990 -0.021171 0.764861
v 0.080360 -0.022138 0.764706
v 0.078695 -0.020807 0.764875
v 0.079902 -0.0219 0.764783
v 0.081576 -0.022467 0.764174
v 0.078432 -0.020428 0.764911
v 0.079494 -0.021614 0.764819
v 0.081060 -0.022367 0.764437
v 0.079138 -0.021287 0.764834
v 0.080557 -0.022205 0.764613
v 0.078829 -0.020931 0.764849
v 0.080087 -0.021985 0.764719
v 0.081770 -0.022485 0.763989
v 0.078558 -0.020555 0.764881
v 0.079663 -0.021714 0.764775
v 0.081261 -0.022408 0.764293
v 0.079290 -0.0214 0.764801
v 0.080755 -0.022266 0.764506
v 0.078966 -0.021052 0.764820
v 0.080276 -0.022065 0.764643
v 0.081957 -0.022496 0.763785
v 0.078685 -0.020682 0.764851
v 0.079836 -0.02181 0.764721
v 0.081458 -0.022441 0.764131
v 0.079447 -0.021509 0.764763
v 0.080953 -0.02232 0.764384
v 0.079108 -0.021171 0.764788
v 0.080466 -0.022138 0.764554
v 0.078814 -0.020807 0.764819
v 0.080014 -0.0219 0.764658
v 0.081649 -0.022467 0.763952
v 0.078554 -0.020428 0.764871
v 0.079608 -0.021614 0.764717
v 0.081149 -0.022367 0.764245
v 0.079253 -0.021287 0.764752
v 0.080658 -0.022205 0.764450
v 0.078946 -0.020931 0.764785
v 0.080195 -0.021985 0.764583
v 0.081833 -0.022485 0.763756
v 0.078677 -0.020555 0.764834
v 0.079775 -0.021714 0.764663
v 0.081342 -0.022408 0.764089
v 0.079404 -0.0214 0.764711
v 0.080850 -0.022266 0.764332
v 0.079082 -0.021052 0.764749
v 0.080379 -0.022065 0.764496
v 0.082007 -0.022496 0.763542
v 0.078802 -0.020682 0.764796
v 0.079945 -0.02181 0.764600
v 0.081529 -0.022441 0.763916
v 0.079558 -0.021509 0.764663
v 0.081040 -0.02232 0.764198
v 0.079221 -0.021171 0.764709
v 0.080564 -0.022138 0.764396
v 0.078930 -0.020807 0.764757
v 0.080118 -0.0219 0.764526
v 0.081710 -0.022467 0.763727
v 0.078673 -0.020428 0.764823
v 0.079717 -0.021614 0.764608
v 0.081228 -0.022367 0.764048
v 0.079365 -0.021287 0.764665
v 0.080749 -0.022205 0.764281
v 0.079060 -0.020931 0.764715
v 0.080295 -0.021985 0.764441
v 0.081882 -0.022485 0.763520
v 0.078794 -0.020555 0.764779
v 0.079880 -0.021714 0.764545
v 0.081411 -0.022408 0.763881
v 0.079512 -0.0214 0.764615
v 0.080934 -0.022266 0.764152
v 0.079193 -0.021052 0.764671
v 0.080473 -0.022065 0.764343
v 0.082043 -0.022496 0.763296
v 0.078917 -0.020682 0.764734
v 0.080046 -0.02181 0.764472
v 0.081588 -0.022441 0.763698
v 0.079663 -0.021509 0.764558
v 0.081116 -0.02232 0.764007
v 0.079330 -0.021171 0.764623
v 0.080652 -0.022138 0.764232
v 0.079042 -0.020807 0.764688
v 0.080215 -0.0219 0.764388
v 0.081757 -0.022467 0.763498
v 0.078789 -0.020428 0.764769
v 0.079819 -0.021614 0.764494
v 0.081294 -0.022367 0.763846
v 0.079470 -0.021287 0.764570
v 0.080830 -0.022205 0.764107
v 0.079169 -0.020931 0.764639
v 0.080386 -0.021985 0.764293
v 0.081917 -0.022485 0.763281
v 0.078907 -0.020555 0.764718
v 0.079978 -0.021714 0.764421
v 0.081467 -0.022408 0.763669
v 0.079615 -0.0214 0.764512
v 0.081007 -0.022266 0.763967
v 0.079299 -0.021052 0.764587
v 0.080558 -0.022065 0.764185
v 0.082065 -0.022496 0.763048
v 0.079027 -0.020682 0.764666
v 0.080139 -0.02181 0.764339
v 0.081634 -0.022441 0.763476
v 0.079763 -0.021509 0.764447
v 0.081180 -0.02232 0.763812
v 0.079433 -0.021171 0.764531
v 0.080730 -0.022138 0.764064
v 0.079149 -0.020807 0.764612
v 0.080303 -0.0219 0.764245
v 0.081791 -0.022467 0.763266
v 0.078902 -0.020428 0.764708
v 0.079914 -0.021614 0.764374
v 0.081349 -0.022367 0.763641
v 0.079570 -0.021287 0.764470
v 0.080901 -0.022205 0.763929
v 0.079274 -0.020931 0.764556
v 0.080468 -0.021985 0.764140
v 0.081938 -0.022485 0.763041
v 0.079017 -0.020555 0.764651
v 0.080068 -0.021714 0.764292
v 0.081512 -0.022408 0.763454
v 0.079711 -0.0214 0.764404
v 0.081069 -0.022266 0.763779
v 0.079401 -0.021052 0.764497
v 0.080634 -0.022065 0.764022
v 0.079134 -0.020682 0.764591
v 0.080225 -0.02181 0.764200
v 0.081666 -0.022441 0.763252
v 0.079855 -0.021509 0.764330
v 0.081234 -0.02232 0.763614
v 0.079531 -0.021171 0.764433
v 0.080799 -0.022138 0.763891
v 0.079252 -0.020807 0.764531
v 0.080383 -0.0219 0.764097
v 0.081811 -0.022467 0.763034
v 0.079011 -0.020428 0.764641
v 0.080002 -0.021614 0.764248
v 0.081392 -0.022367 0.763433
v 0.079665 -0.021287 0.764365
v 0.080961 -0.022205 0.763746
v 0.079373 -0.020931 0.764467
v 0.080542 -0.021985 0.763983
v 0.079123 -0.020555 0.764577
v 0.080151 -0.021714 0.764157
v 0.081544 -0.022408 0.763238
v 0.079801 -0.0214 0.764290
v 0.081121 -0.022266 0.763587
v 0.079497 -0.021052 0.764401
v 0.080700 -0.022065 0.763856
v 0.079236 -0.020682 0.764511
v 0.080302 -0.02181 0.764057
v 0.081686 -0.022441 0.763026
v 0.079940 -0.021509 0.764208
v 0.081275 -0.02232 0.763413
v 0.079623 -0.021171 0.764330
v 0.080857 -0.022138 0.763715
v 0.079350 -0.020807 0.764443
v 0.080454 -0.0219 0.763945
v 0.079116 -0.020428 0.764568
v 0.080082 -0.021614 0.764118
v 0.081423 -0.022367 0.763223
v 0.079752 -0.021287 0.764253
v 0.081011 -0.022205 0.763561
v 0.079467 -0.020931 0.764373
v 0.080606 -0.021985 0.763821
v 0.079224 -0.020555 0.764497
v 0.080226 -0.021714 0.764018
v 0.081563 -0.022408 0.763019
v 0.079884 -0.0214 0.764171
v 0.081161 -0.022266 0.763393
v 0.079587 -0.021052 0.764299
v 0.080757 -0.022065 0.763685
v 0.079333 -0.020682 0.764425
v 0.080371 -0.02181 0.763909
v 0.080019 -0.021509 0.764081
v 0.081305 -0.02232 0.763210
v 0.079709 -0.021171 0.764221
v 0.080905 -0.022138 0.763536
v 0.079443 -0.020807 0.764350
v 0.080516 -0.0219 0.763789
v 0.079217 -0.020428 0.764488
v 0.080155 -0.021614 0.763983
v 0.081441 -0.022367 0.763012
v 0.079834 -0.021287 0.764138
v 0.081050 -0.022205 0.763373
v 0.079556 -0.020931 0.764274
v 0.080660 -0.021985 0.763656
v 0.079320 -0.020555 0.764411
v 0.080293 -0.021714 0.763875
v 0.079961 -0.0214 0.764047
v 0.081190 -0.022266 0.763196
v 0.079671 -0.021052 0.764193
v 0.080803 -0.022065 0.763512
v 0.079425 -0.020682 0.764333
v 0.080431 -0.02181 0.763758
v 0.080089 -0.021509 0.763950
v 0.081323 -0.02232 0.763005
v 0.079788 -0.021171 0.764108
v 0.080943 -0.022138 0.763354
v 0.079531 -0.020807 0.764252
v 0.080569 -0.0219 0.763629
v 0.079312 -0.020428 0.764403
v 0.080220 -0.021614 0.763844
v 0.079908 -0.021287 0.764017
v 0.081078 -0.022205 0.763183
v 0.079639 -0.020931 0.764169
v 0.080705 -0.021985 0.763489
v 0.079411 -0.020555 0.764320
v 0.080351 -0.021714 0.763728
v 0.080029 -0.0214 0.763920
v 0.081207 -0.022266 0.762998
v 0.079749 -0.021052 0.764082
v 0.080839 -0.022065 0.763336
v 0.079511 -0.020682 0.764236
v 0.080482 -0.02181 0.763603
v 0.080152 -0.021509 0.763815
v 0.079861 -0.021171 0.763990
v 0.080970 -0.022138 0.763170
v 0.079612 -0.020807 0.764149
v 0.080612 -0.0219 0.763467
v 0.079403 -0.020428 0.764312
v 0.080276 -0.021614 0.763701
v 0.079975 -0.021287 0.763892
v 0.081094 -0.022205 0.762992
v 0.079715 -0.020931 0.764060
v 0.080741 -0.021985 0.763318
v 0.079497 -0.020555 0.764224
v 0.080401 -0.021714 0.763579
v 0.080091 -0.0214 0.763788
v 0.079820 -0.021052 0.763966
v 0.080865 -0.022065 0.763158
v 0.079591 -0.020682 0.764134
v 0.080524 -0.02181 0.763446
v 0.080207 -0.021509 0.763676
v 0.079927 -0.021171 0.763868
v 0.080986 -0.022138 0.762986
v 0.079688 -0.020807 0.764042
v 0.080646 -0.0219 0.763302
v 0.079488 -0.020428 0.764217
v 0.080325 -0.021614 0.763556
v 0.080035 -0.021287 0.763764
v 0.079785 -0.020931 0.763946
v 0.080766 -0.021985 0.763147
v 0.079577 -0.020555 0.764123
v 0.080442 -0.021714 0.763426
v 0.080144 -0.0214 0.763653
v 0.079885 -0.021052 0.763847
v 0.080881 -0.022065 0.762979
v 0.079666 -0.020682 0.764027
v 0.080557 -0.02181 0.763286
v 0.080254 -0.021509 0.763535
v 0.079985 -0.021171 0.763743
v 0.079757 -0.020807 0.763930
v 0.080671 -0.0219 0.763136
v 0.079568 -0.020428 0.764116
v 0.080364 -0.021614 0.763408
v 0.080087 -0.021287 0.763632
v 0.079849 -0.020931 0.763829
v 0.080781 -0.021985 0.762974
v 0.079651 -0.020555 0.764017
v 0.080473 -0.021714 0.763271
v 0.080190 -0.0214 0.763516
v 0.079942 -0.021052 0.763724
v 0.079734 -0.020682 0.763917
v 0.080581 -0.02181 0.763125
v 0.080293 -0.021509 0.763391
v 0.080036 -0.021171 0.763614
v 0.079819 -0.020807 0.763814
v 0.080685 -0.0219 0.762968
v 0.079641 -0.020428 0.764011
v 0.080395 -0.021614 0.763258
v 0.080132 -0.021287 0.763498
v 0.079905 -0.020931 0.763708
v 0.079718 -0.020555 0.763907
v 0.080496 -0.021714 0.763115
v 0.080227 -0.0214 0.763375
v 0.079992 -0.021052 0.763598
v 0.079796 -0.020682 0.763802
v 0.080595 -0.02181 0.762963
v 0.080323 -0.021509 0.763245
v 0.080080 -0.021171 0.763483
v 0.079875 -0.020807 0.763695
v 0.079708 -0.020428 0.763902
v 0.080418 -0.021614 0.763106
v 0.080168 -0.021287 0.763361
v 0.079954 -0.020931 0.763584
v 0.079779 -0.020555 0.763794
v 0.080510 -0.021714 0.762958
v 0.080257 -0.0214 0.763233
v 0.080035 -0.021052 0.763469
v 0.079851 -0.020682 0.763685
v 0.080345 -0.021509 0.763097
v 0.080116 -0.021171 0.763349
v 0.079923 -0.020807 0.763573
v 0.079769 -0.020428 0.763789
v 0.080431 -0.021614 0.762953
v 0.080197 -0.021287 0.763223
v 0.079996 -0.020931 0.763457
v 0.079834 -0.020555 0.763677
v 0.080278 -0.0214 0.763090
v 0.080070 -0.021052 0.763338
v 0.079899 -0.020682 0.763564
v 0.080358 -0.021509 0.762949
v 0.080144 -0.021171 0.763213
v 0.079964 -0.020807 0.763448
v 0.079823 -0.020428 0.763673
v 0.080218 -0.021287 0.763083
v 0.080031 -0.020931 0.763329
v 0.079881 -0.020555 0.763558
v 0.080291 -0.0214 0.762945
v 0.080097 -0.021052 0.763205
v 0.079940 -0.020682 0.763441
v 0.080164 -0.021171 0.763076
v 0.079998 -0.020807 0.763321
v 0.079871 -0.020428 0.763554
v 0.080230 -0.021287 0.762942
v 0.080058 -0.020931 0.763198
v 0.079922 -0.020555 0.763435
v 0.080117 -0.021052 0.763071
v 0.079973 -0.020682 0.763315
v 0.080176 -0.021171 0.762938
v 0.080025 -0.020807 0.763192
v 0.079911 -0.020428 0.763432
v 0.080077 -0.020931 0.763066
v 0.079955 -0.020555 0.763311
v 0.080129 -0.021052 0.762936
v 0.079999 -0.020682 0.763188
v 0.080044 -0.020807 0.763062
v 0.079944 -0.020428 0.763308
v 0.080089 -0.020931 0.762933
v 0.079981 -0.020555 0.763185
v 0.080018 -0.020682 0.763059
v 0.080055 -0.020807 0.762931
v 0.079970 -0.020428 0.763183
v 0.080000 -0.020555 0.763057
v 0.080030 -0.020682 0.762930
v 0.079989 -0.020428 0.763056
v 0.080011 -0.020555 0.762929
v 0.080000 -0.020428 0.762928
v -0.082200 -0.0225 0.762800
v -0.082072 -0.022496 0.762800
v -0.081945 -0.022485 0.762800
v -0.081818 -0.022467 0.762800
v -0.081693 -0.022441 0.762800
v -0.081569 -0.022408 0.762800
v -0.081448 -0.022367 0.762800
v -0.081329 -0.02232 0.762800
v -0.081213 -0.022266 0.762800
v -0.081100 -0.022205 0.762800
v -0.080991 -0.022138 0.762800
v -0.080886 -0.022065 0.762800
v -0.080786 -0.021985 0.762800
v -0.080690 -0.0219 0.762800
v -0.080600 -0.02181 0.762800
v -0.080515 -0.021714 0.762800
v -0.080435 -0.021614 0.762800
v -0.080362 -0.021509 0.762800
v -0.080295 -0.0214 0.762800
v -0.080234 -0.021287 0.762800
v -0.080180 -0.021171 0.762800
v -0.080133 -0.021052 0.762800
v -0.080092 -0.020931 0.762800
v -0.080059 -0.020807 0.762800
v -0.080033 -0.020682 0.762800
v -0.080015 -0.020555 0.762800
v -0.080004 -0.020428 0.762800
v -0.080000 -0.0203 0.762800
v -0.080000 -0.0203 0.047200
v -0.082200 -0.0225 0.047200
v -0.082072 -0.022496 0.047200
v -0.081945 -0.022485 0.047200
v -0.081818 -0.022467 0.047200
v -0.081693 -0.022441 0.047200
v -0.081569 -0.022408 0.047200
v -0.081448 -0.022367 0.047200
v -0.081329 -0.02232 0.047200
v -0.081213 -0.022266 0.047200
v -0.081100 -0.022205 0.047200
v -0.080991 -0.022138 0.047200
v -0.080886 -0.022065 0.047200
v -0.080786 -0.021985 0.047200
v -0.080690 -0.0219 0.047200
v -0.080600 -0.02181 0.047200
v -0.080515 -0.021714 0.047200
v -0.080435 -0.021614 0.047200
v -0.080362 -0.021509 0.047200
v -0.080295 -0.0214 0.047200
v -0.080234 -0.021287 0.047200
v -0.080180 -0.021171 0.047200
v -0.080133 -0.021052 0.047200
v -0.080092 -0.020931 0.047200
v -0.080059 -0.020807 0.047200
v -0.080033 -0.020682 0.047200
v -0.080015 -0.020555 0.047200
v -0.080004 -0.020428 0.047200
v 0.082200 -0.0225 0.762800
v 0.082072 -0.022496 0.762800
v 0.081945 -0.022485 0.762800
v 0.081818 -0.022467 0.762800
v 0.081693 -0.022441 0.762800
v 0.081569 -0.022408 0.762800
v 0.081448 -0.022367 0.762800
v 0.081329 -0.02232 0.762800
v 0.081213 -0.022266 0.762800
v 0.081100 -0.022205 0.762800
v 0.080991 -0.022138 0.762800
v 0.080886 -0.022065 0.762800
v 0.080786 -0.021985 0.762800
v 0.080690 -0.0219 0.762800
v 0.080600 -0.02181 0.762800
v 0.080515 -0.021714 0.762800
v 0.080435 -0.021614 0.762800
v 0.080362 -0.021509 0.762800
v 0.080295 -0.0214 0.762800
v 0.080234 -0.021287 0.762800
v 0.080180 -0.021171 0.762800
v 0.080133 -0.021052 0.762800
v 0.080092 -0.020931 0.762800
v 0.080059 -0.020807 0.762800
v 0.080033 -0.020682 0.762800
v 0.080015 -0.020555 0.762800
v 0.080004 -0.020428 0.762800
v 0.080000 -0.0203 0.762800
v 0.080000 -0.0203 0.047200
v 0.082200 -0.0225 0.047200
v 0.082072 -0.022496 0.047200
v 0.081945 -0.022485 0.047200
v 0.081818 -0.022467 0.047200
v 0.081693 -0.022441 0.047200
v 0.081569 -0.022408 0.047200
v 0.081448 -0.022367 0.047200
v 0.081329 -0.02232 0.047200
v 0.081213 -0.022266 0.047200
v 0.081100 -0.022205 0.047200
v 0.080991 -0.022138 0.047200
v 0.080886 -0.022065 0.047200
v 0.080786 -0.021985 0.047200
v 0.080690 -0.0219 0.047200
v 0.080600 -0.02181 0.047200
v 0.080515 -0.021714 0.047200
v 0.080435 -0.021614 0.047200
v 0.080362 -0.021509 0.047200
v 0.080295 -0.0214 0.047200
v 0.080234 -0.021287 0.047200
v 0.080180 -0.021171 0.047200
v 0.080133 -0.021052 0.047200
v 0.080092 -0.020931 0.047200
v 0.080059 -0.020807 0.047200
v 0.080033 -0.020682 0.047200
v 0.080015 -0.020555 0.047200
v 0.080004 -0.020428 0.047200
v -0.077800 -0.0225 0.042800
v -0.077800 -0.022496 0.042928
v -0.077800 -0.022485 0.043055
v -0.077800 -0.022467 0.043182
v -0.077800 -0.022441 0.043307
v -0.077800 -0.022408 0.043431
v -0.077800 -0.022367 0.043552
v -0.077800 -0.02232 0.043671
v -0.077800 -0.022266 0.043787
v -0.077800 -0.022205 0.043900
v -0.077800 -0.022138 0.044009
v -0.077800 -0.022065 0.044114
v -0.077800 -0.021985 0.044214
v -0.077800 -0.0219 0.044310
v -0.077800 -0.02181 0.044400
v -0.077800 -0.021714 0.044485
v -0.077800 -0.021614 0.044565
v -0.077800 -0.021509 0.044638
v -0.077800 -0.0214 0.044705
v -0.077800 -0.021287 0.044766
v -0.077800 -0.021171 0.044820
v -0.077800 -0.021052 0.044867
v -0.077800 -0.020931 0.044908
v -0.077800 -0.020807 0.044941
v -0.077800 -0.020682 0.044967
v -0.077800 -0.020555 0.044985
v -0.077800 -0.020428 0.044996
v -0.077800 -0.0203 0.045000
v -0.078056 -0.0225 0.042807
v -0.078311 -0.0225 0.042830
v -0.078564 -0.0225 0.042867
v -0.078815 -0.0225 0.042919
v -0.079062 -0.0225 0.042985
v -0.079305 -0.0225 0.043065
v -0.079543 -0.0225 0.043160
v -0.079775 -0.0225 0.043268
v -0.080000 -0.0225 0.043389
v -0.080218 -0.0225 0.043524
v -0.080427 -0.0225 0.043671
v -0.080628 -0.0225 0.043829
v -0.080819 -0.0225 0.044000
v -0.081000 -0.0225 0.044181
v -0.081171 -0.0225 0.044372
v -0.081329 -0.0225 0.044573
v -0.081476 -0.0225 0.044782
v -0.081611 -0.0225 0.045000
v -0.081732 -0.0225 0.045225
v -0.081840 -0.0225 0.045457
v -0.081935 -0.0225 0.045695
v -0.082015 -0.0225 0.045938
v -0.082081 -0.0225 0.046185
v -0.082133 -0.0225 0.046436
v -0.082170 -0.0225 0.046689
v -0.082193 -0.0225 0.046944
v -0.082200 -0.0225 0.047200
v -0.082072 -0.022496 0.047200
v -0.081945 -0.022485 0.047200
v -0.081818 -0.022467 0.047200
v -0.081693 -0.022441 0.047200
v -0.081569 -0.022408 0.047200
v -0.081448 -0.022367 0.047200
v -0.081329 -0.02232 0.047200
v -0.081213 -0.022266 0.047200
v -0.081100 -0.022205 0.047200
v -0.080991 -0.022138 0.047200
v -0.080886 -0.022065 0.047200
v -0.080786 -0.021985 0.047200
v -0.080690 -0.0219 0.047200
v -0.080600 -0.02181 0.047200
v -0.080515 -0.021714 0.047200
v -0.080435 -0.021614 0.047200
v -0.080362 -0.021509 0.047200
v -0.080295 -0.0214 0.047200
v -0.080234 -0.021287 0.047200
v -0.080180 -0.021171 0.047200
v -0.080133 -0.021052 0.047200
v -0.080092 -0.020931 0.047200
v -0.080059 -0.020807 0.047200
v -0.080033 -0.020682 0.047200
v -0.080015 -0.020555 0.047200
v -0.080004 -0.020428 0.047200
v -0.080000 -0.0203 0.047200
v -0.077928 -0.0203 0.045004
v -0.078055 -0.0203 0.045015
v -0.078182 -0.0203 0.045033
v -0.078307 -0.0203 0.045059
v -0.078431 -0.0203 0.045092
v -0.078552 -0.0203 0.045133
v -0.078671 -0.0203 0.045180
v -0.078787 -0.0203 0.045234
v -0.078900 -0.0203 0.045295
v -0.079009 -0.0203 0.045362
v -0.079114 -0.0203 0.045435
v -0.079214 -0.0203 0.045515
v -0.079310 -0.0203 0.045600
v -0.079400 -0.0203 0.045690
v -0.079485 -0.0203 0.045786
v -0.079565 -0.0203 0.045886
v -0.079638 -0.0203 0.045991
v -0.079705 -0.0203 0.046100
v -0.079766 -0.0203 0.046213
v -0.079820 -0.0203 0.046329
v -0.079867 -0.0203 0.046448
v -0.079908 -0.0203 0.046569
v -0.079941 -0.0203 0.046693
v -0.079967 -0.0203 0.046818
v -0.079985 -0.0203 0.046945
v -0.079996 -0.0203 0.047072
v -0.078048 -0.022496 0.042935
v -0.078041 -0.022485 0.043062
v -0.078296 -0.022496 0.042957
v -0.078034 -0.022467 0.043189
v -0.078281 -0.022485 0.043083
v -0.078542 -0.022496 0.042993
v -0.078026 -0.022441 0.043314
v -0.078266 -0.022467 0.043209
v -0.078520 -0.022485 0.043118
v -0.078019 -0.022408 0.043437
v -0.078785 -0.022496 0.043043
v -0.078252 -0.022441 0.043334
v -0.078498 -0.022467 0.043243
v -0.078012 -0.022367 0.043559
v -0.078756 -0.022485 0.043167
v -0.078238 -0.022408 0.043456
v -0.079025 -0.022496 0.043107
v -0.078476 -0.022441 0.043366
v -0.078005 -0.02232 0.043677
v -0.078727 -0.022467 0.043290
v -0.078223 -0.022367 0.043577
v -0.078989 -0.022485 0.043230
v -0.078454 -0.022408 0.043488
v -0.077998 -0.022266 0.043793
v -0.079261 -0.022496 0.043186
v -0.078698 -0.022441 0.043412
v -0.078210 -0.02232 0.043695
v -0.078952 -0.022467 0.043351
v -0.078433 -0.022367 0.043608
v -0.077992 -0.022205 0.043906
v -0.079218 -0.022485 0.043305
v -0.078669 -0.022408 0.043533
v -0.078196 -0.022266 0.043810
v -0.079492 -0.022496 0.043277
v -0.078916 -0.022441 0.043471
v -0.078413 -0.02232 0.043725
v -0.077986 -0.022138 0.044014
v -0.079174 -0.022467 0.043424
v -0.078641 -0.022367 0.043651
v -0.078183 -0.022205 0.043922
v -0.079442 -0.022485 0.043394
v -0.078881 -0.022408 0.043589
v -0.078393 -0.022266 0.043839
v -0.077979 -0.022065 0.044119
v -0.079717 -0.022496 0.043382
v -0.079131 -0.022441 0.043542
v -0.078614 -0.02232 0.043766
v -0.078170 -0.022138 0.044030
v -0.079391 -0.022467 0.043511
v -0.078846 -0.022367 0.043706
v -0.078373 -0.022205 0.043950
v -0.077974 -0.021985 0.044219
v -0.079660 -0.022485 0.043496
v -0.079089 -0.022408 0.043658
v -0.078587 -0.022266 0.043879
v -0.078158 -0.022065 0.044135
v -0.079936 -0.022496 0.043500
v -0.079342 -0.022441 0.043626
v -0.078812 -0.02232 0.043820
v -0.078354 -0.022138 0.044057
v -0.077968 -0.0219 0.044315
v -0.079603 -0.022467 0.043609
v -0.079048 -0.022367 0.043772
v -0.078561 -0.022205 0.043989
v -0.078147 -0.021985 0.044234
v -0.079872 -0.022485 0.043611
v -0.079293 -0.022408 0.043739
v -0.078779 -0.022266 0.043931
v -0.078336 -0.022065 0.044161
v -0.080148 -0.022496 0.043631
v -0.077963 -0.02181 0.044405
v -0.079547 -0.022441 0.043721
v -0.079007 -0.02232 0.043884
v -0.078536 -0.022138 0.044095
v -0.078136 -0.0219 0.044329
v -0.079809 -0.022467 0.043720
v -0.079245 -0.022367 0.043851
v -0.078746 -0.022205 0.044039
v -0.078318 -0.021985 0.044259
v -0.080077 -0.022485 0.043737
v -0.077958 -0.021714 0.044490
v -0.079492 -0.022408 0.043832
v -0.078967 -0.022266 0.043993
v -0.078512 -0.022065 0.044197
v -0.080351 -0.022496 0.043773
v -0.078125 -0.02181 0.044419
v -0.079746 -0.022441 0.043829
v -0.079198 -0.02232 0.043960
v -0.078715 -0.022138 0.044143
v -0.078302 -0.0219 0.044354
v -0.080008 -0.022467 0.043843
v -0.077953 -0.021614 0.044569
v -0.079437 -0.022367 0.043940
v -0.078929 -0.022205 0.044099
v -0.078489 -0.021985 0.044295
v -0.080275 -0.022485 0.043876
v -0.078115 -0.021714 0.044504
v -0.079685 -0.022408 0.043936
v -0.079152 -0.022266 0.044066
v -0.078685 -0.022065 0.044243
v -0.080546 -0.022496 0.043927
v -0.078286 -0.02181 0.044443
v -0.079939 -0.022441 0.043948
v -0.077949 -0.021509 0.044642
v -0.079384 -0.02232 0.044047
v -0.078891 -0.022138 0.044201
v -0.078467 -0.0219 0.044388
v -0.080199 -0.022467 0.043977
v -0.078106 -0.021614 0.044582
v -0.079624 -0.022367 0.044041
v -0.079107 -0.022205 0.044170
v -0.078656 -0.021985 0.044340
v -0.080464 -0.022485 0.044025
v -0.078271 -0.021714 0.044527
v -0.079871 -0.022408 0.044051
v -0.077945 -0.0214 0.044709
v -0.079332 -0.022266 0.044150
v -0.078856 -0.022065 0.044300
v -0.080732 -0.022496 0.044093
v -0.078446 -0.02181 0.044476
v -0.080125 -0.022441 0.044078
v -0.078097 -0.021509 0.044655
v -0.079564 -0.02232 0.044144
v -0.079064 -0.022138 0.044270
v -0.078629 -0.0219 0.044431
v -0.080383 -0.022467 0.044122
v -0.078258 -0.021614 0.044605
v -0.079804 -0.022367 0.044153
v -0.077942 -0.021287 0.044770
v -0.079281 -0.022205 0.044251
v -0.078821 -0.021985 0.044394
v -0.080644 -0.022485 0.044185
v -0.078426 -0.021714 0.044558
v -0.080051 -0.022408 0.044177
v -0.078090 -0.0214 0.044722
v -0.079506 -0.022266 0.044245
v -0.079022 -0.022065 0.044366
v -0.080907 -0.022496 0.044268
v -0.078603 -0.02181 0.044518
v -0.080302 -0.022441 0.044218
v -0.078245 -0.021509 0.044677
v -0.079739 -0.02232 0.044252
v -0.077938 -0.021171 0.044824
v -0.079232 -0.022138 0.044348
v -0.078789 -0.0219 0.044484
v -0.080557 -0.022467 0.044277
v -0.078408 -0.021614 0.044636
v -0.079978 -0.022367 0.044274
v -0.078083 -0.021287 0.044782
v -0.079450 -0.022205 0.044342
v -0.078983 -0.021985 0.044458
v -0.080815 -0.022485 0.044356
v -0.078579 -0.021714 0.044599
v -0.080223 -0.022408 0.044313
v -0.078233 -0.0214 0.044743
v -0.079675 -0.022266 0.044349
v -0.077936 -0.021052 0.044871
v -0.079185 -0.022065 0.044442
v -0.081073 -0.022496 0.044454
v -0.078758 -0.02181 0.044569
v -0.080471 -0.022441 0.044369
v -0.078391 -0.021509 0.044707
v -0.079907 -0.02232 0.044370
v -0.078076 -0.021171 0.044836
v -0.079396 -0.022138 0.044436
v -0.078945 -0.0219 0.044546
v -0.080723 -0.022467 0.044443
v -0.078556 -0.021614 0.044675
v -0.080145 -0.022367 0.044406
v -0.078223 -0.021287 0.044803
v -0.079613 -0.022205 0.044443
v -0.077933 -0.020931 0.044911
v -0.079140 -0.021985 0.044532
v -0.080975 -0.022485 0.044536
v -0.078728 -0.021714 0.044649
v -0.080386 -0.022408 0.044459
v -0.078375 -0.0214 0.044773
v -0.079838 -0.022266 0.044463
v -0.078071 -0.021052 0.044883
v -0.079343 -0.022065 0.044527
v -0.081227 -0.022496 0.044649
v -0.078909 -0.02181 0.044629
v -0.080631 -0.022441 0.044529
v -0.078535 -0.021509 0.044746
v -0.080068 -0.02232 0.044497
v -0.078213 -0.021171 0.044856
v -0.079554 -0.022138 0.044534
v -0.077931 -0.020807 0.044945
v -0.079097 -0.0219 0.044617
v -0.080878 -0.022467 0.044617
v -0.078701 -0.021614 0.044724
v -0.080303 -0.022367 0.044547
v -0.078361 -0.021287 0.044832
v -0.079771 -0.022205 0.044553
v -0.078066 -0.020931 0.044923
v -0.079293 -0.021985 0.044614
v -0.081124 -0.022485 0.044725
v -0.078875 -0.021714 0.044707
v -0.080541 -0.022408 0.044614
v -0.078516 -0.0214 0.044810
v -0.079994 -0.022266 0.044586
v -0.078205 -0.021052 0.044903
v -0.079496 -0.022065 0.044621
v -0.081369 -0.022496 0.044852
v -0.077930 -0.020682 0.044970
v -0.079057 -0.02181 0.044698
v -0.080782 -0.022441 0.044698
v -0.078676 -0.021509 0.044793
v -0.080221 -0.02232 0.044633
v -0.078349 -0.021171 0.044884
v -0.079706 -0.022138 0.044640
v -0.078062 -0.020807 0.044956
v -0.079245 -0.0219 0.044697
v -0.081023 -0.022467 0.044801
v -0.078844 -0.021614 0.044780
v -0.080453 -0.022367 0.044697
v -0.078498 -0.021287 0.044868
v -0.079921 -0.022205 0.044672
v -0.078198 -0.020931 0.044942
v -0.079441 -0.021985 0.044705
v -0.081263 -0.022485 0.044923
v -0.077929 -0.020555 0.044989
v -0.079018 -0.021714 0.044774
v -0.080687 -0.022408 0.044777
v -0.078653 -0.0214 0.044856
v -0.080142 -0.022266 0.044718
v -0.078338 -0.021052 0.044930
v -0.079643 -0.022065 0.044724
v -0.081500 -0.022496 0.045064
v -0.078059 -0.020682 0.044982
v -0.079200 -0.02181 0.044775
v -0.080922 -0.022441 0.044875
v -0.078815 -0.021509 0.044848
v -0.080367 -0.02232 0.044779
v -0.078483 -0.021171 0.044920
v -0.079851 -0.022138 0.044755
v -0.078192 -0.020807 0.044975
v -0.079388 -0.0219 0.044785
v -0.081157 -0.022467 0.044992
v -0.077928 -0.020428 0.045000
v -0.078983 -0.021614 0.044845
v -0.080594 -0.022367 0.044855
v -0.078632 -0.021287 0.044913
v -0.080065 -0.022205 0.044800
v -0.078329 -0.020931 0.044969
v -0.079583 -0.021985 0.044805
v -0.081389 -0.022485 0.045128
v -0.078057 -0.020555 0.045000
v -0.079157 -0.021714 0.044849
v -0.080823 -0.022408 0.044949
v -0.078788 -0.0214 0.044909
v -0.080282 -0.022266 0.044858
v -0.078469 -0.021052 0.044965
v -0.079784 -0.022065 0.044836
v -0.081618 -0.022496 0.045283
v -0.078188 -0.020682 0.045001
v -0.079339 -0.02181 0.044861
v -0.081052 -0.022441 0.045061
v -0.078950 -0.021509 0.044911
v -0.080503 -0.02232 0.044932
v -0.078614 -0.021171 0.044964
v -0.079990 -0.022138 0.044879
v -0.078321 -0.020807 0.045002
v -0.079526 -0.0219 0.044882
v -0.081280 -0.022467 0.045191
v -0.078056 -0.020428 0.045011
v -0.079118 -0.021614 0.044918
v -0.080726 -0.022367 0.045022
v -0.078764 -0.021287 0.044965
v -0.080200 -0.022205 0.044935
v -0.078457 -0.020931 0.045004
v -0.079719 -0.021985 0.044913
v -0.081504 -0.022485 0.045340
v -0.078185 -0.020555 0.045019
v -0.079292 -0.021714 0.044932
v -0.080949 -0.022408 0.045129
v -0.078920 -0.0214 0.044971
v -0.080414 -0.022266 0.045006
v -0.078598 -0.021052 0.045008
v -0.079918 -0.022065 0.044955
v -0.081723 -0.022496 0.045508
v -0.078315 -0.020682 0.045027
v -0.079472 -0.02181 0.044954
v -0.081171 -0.022441 0.045254
v -0.079081 -0.021509 0.044981
v -0.080630 -0.02232 0.045093
v -0.078743 -0.021171 0.045015
v -0.080121 -0.022138 0.045010
v -0.078448 -0.020807 0.045036
v -0.079658 -0.0219 0.044986
v -0.081391 -0.022467 0.045397
v -0.078183 -0.020428 0.045030
v -0.079248 -0.021614 0.044998
v -0.080847 -0.022367 0.045196
v -0.078892 -0.021287 0.045025
v -0.080328 -0.022205 0.045079
v -0.078584 -0.020931 0.045046
v -0.079849 -0.021985 0.045028
v -0.081606 -0.022485 0.045558
v -0.078311 -0.020555 0.045045
v -0.079421 -0.021714 0.045022
v -0.081064 -0.022408 0.045315
v -0.079047 -0.0214 0.045039
v -0.080537 -0.022266 0.045162
v -0.078724 -0.021052 0.045058
v -0.080045 -0.022065 0.045082
v -0.081814 -0.022496 0.045739
v -0.078441 -0.020682 0.045060
v -0.079600 -0.02181 0.045055
v -0.081279 -0.022441 0.045453
v -0.079208 -0.021509 0.045060
v -0.080748 -0.02232 0.045261
v -0.078868 -0.021171 0.045073
v -0.080245 -0.022138 0.045149
v -0.078573 -0.020807 0.045077
v -0.079783 -0.0219 0.045098
v -0.081489 -0.022467 0.045609
v -0.078308 -0.020428 0.045056
v -0.079374 -0.021614 0.045086
v -0.080959 -0.022367 0.045376
v -0.079017 -0.021287 0.045092
v -0.080447 -0.022205 0.045229
v -0.078708 -0.020931 0.045095
v -0.079972 -0.021985 0.045151
v -0.081695 -0.022485 0.045782
v -0.078435 -0.020555 0.045078
v -0.079545 -0.021714 0.045120
v -0.081168 -0.022408 0.045508
v -0.079171 -0.0214 0.045116
v -0.080651 -0.022266 0.045325
v -0.078847 -0.021052 0.045115
v -0.080164 -0.022065 0.045216
v -0.081893 -0.022496 0.045975
v -0.078564 -0.020682 0.045101
v -0.079721 -0.02181 0.045164
v -0.081374 -0.022441 0.045658
v -0.079330 -0.021509 0.045145
v -0.080856 -0.02232 0.045436
v -0.078990 -0.021171 0.045139
v -0.080360 -0.022138 0.045294
v -0.078695 -0.020807 0.045125
v -0.079902 -0.0219 0.045217
v -0.081576 -0.022467 0.045826
v -0.078432 -0.020428 0.045089
v -0.079494 -0.021614 0.045181
v -0.081060 -0.022367 0.045563
v -0.079138 -0.021287 0.045166
v -0.080557 -0.022205 0.045387
v -0.078829 -0.020931 0.045151
v -0.080087 -0.021985 0.045281
v -0.081770 -0.022485 0.046011
v -0.078558 -0.020555 0.045119
v -0.079663 -0.021714 0.045225
v -0.081261 -0.022408 0.045707
v -0.079290 -0.0214 0.045199
v -0.080755 -0.022266 0.045494
v -0.078966 -0.021052 0.045180
v -0.080276 -0.022065 0.045357
v -0.081957 -0.022496 0.046215
v -0.078685 -0.020682 0.045149
v -0.079836 -0.02181 0.045279
v -0.081458 -0.022441 0.045869
v -0.079447 -0.021509 0.045237
v -0.080953 -0.02232 0.045616
v -0.079108 -0.021171 0.045212
v -0.080466 -0.022138 0.045446
v -0.078814 -0.020807 0.045181
v -0.080014 -0.0219 0.045342
v -0.081649 -0.022467 0.046048
v -0.078554 -0.020428 0.045129
v -0.079608 -0.021614 0.045283
v -0.081149 -0.022367 0.045755
v -0.079253 -0.021287 0.045248
v -0.080658 -0.022205 0.045550
v -0.078946 -0.020931 0.045215
v -0.080195 -0.021985 0.045417
v -0.081833 -0.022485 0.046244
v -0.078677 -0.020555 0.045166
v -0.079775 -0.021714 0.045337
v -0.081342 -0.022408 0.045911
v -0.079404 -0.0214 0.045289
v -0.080850 -0.022266 0.045668
v -0.079082 -0.021052 0.045251
v -0.080379 -0.022065 0.045504
v -0.082007 -0.022496 0.046458
v -0.078802 -0.020682 0.045204
v -0.079945 -0.02181 0.045400
v -0.081529 -0.022441 0.046084
v -0.079558 -0.021509 0.045337
v -0.081040 -0.02232 0.045802
v -0.079221 -0.021171 0.045291
v -0.080564 -0.022138 0.045604
v -0.078930 -0.020807 0.045243
v -0.080118 -0.0219 0.045474
v -0.081710 -0.022467 0.046273
v -0.078673 -0.020428 0.045177
v -0.079717 -0.021614 0.045392
v -0.081228 -0.022367 0.045952
v -0.079365 -0.021287 0.045335
v -0.080749 -0.022205 0.045719
v -0.079060 -0.020931 0.045285
v -0.080295 -0.021985 0.045559
v -0.081882 -0.022485 0.046480
v -0.078794 -0.020555 0.045221
v -0.079880 -0.021714 0.045455
v -0.081411 -0.022408 0.046119
v -0.079512 -0.0214 0.045385
v -0.080934 -0.022266 0.045848
v -0.079193 -0.021052 0.045329
v -0.080473 -0.022065 0.045657
v -0.082043 -0.022496 0.046704
v -0.078917 -0.020682 0.045266
v -0.080046 -0.02181 0.045528
v -0.081588 -0.022441 0.046302
v -0.079663 -0.021509 0.045442
v -0.081116 -0.02232 0.045993
v -0.079330 -0.021171 0.045377
v -0.080652 -0.022138 0.045768
v -0.079042 -0.020807 0.045312
v -0.080215 -0.0219 0.045612
v -0.081757 -0.022467 0.046502
v -0.078789 -0.020428 0.045231
v -0.079819 -0.021614 0.045506
v -0.081294 -0.022367 0.046154
v -0.079470 -0.021287 0.045430
v -0.080830 -0.022205 0.045893
v -0.079169 -0.020931 0.045361
v -0.080386 -0.021985 0.045707
v -0.081917 -0.022485 0.046719
v -0.078907 -0.020555 0.045282
v -0.079978 -0.021714 0.045579
v -0.081467 -0.022408 0.046331
v -0.079615 -0.0214 0.045488
v -0.081007 -0.022266 0.046033
v -0.079299 -0.021052 0.045413
v -0.080558 -0.022065 0.045815
v -0.082065 -0.022496 0.046952
v -0.079027 -0.020682 0.045334
v -0.080139 -0.02181 0.045661
v -0.081634 -0.022441 0.046524
v -0.079763 -0.021509 0.045553
v -0.081180 -0.02232 0.046188
v -0.079433 -0.021171 0.045469
v -0.080730 -0.022138 0.045936
v -0.079149 -0.020807 0.045388
v -0.080303 -0.0219 0.045755
v -0.081791 -0.022467 0.046734
v -0.078902 -0.020428 0.045292
v -0.079914 -0.021614 0.045626
v -0.081349 -0.022367 0.046359
v -0.079570 -0.021287 0.045530
v -0.080901 -0.022205 0.046071
v -0.079274 -0.020931 0.045444
v -0.080468 -0.021985 0.045860
v -0.081938 -0.022485 0.046959
v -0.079017 -0.020555 0.045349
v -0.080068 -0.021714 0.045708
v -0.081512 -0.022408 0.046546
v -0.079711 -0.0214 0.045596
v -0.081069 -0.022266 0.046221
v -0.079401 -0.021052 0.045503
v -0.080634 -0.022065 0.045978
v -0.079134 -0.020682 0.045409
v -0.080225 -0.02181 0.045800
v -0.081666 -0.022441 0.046748
v -0.079855 -0.021509 0.045670
v -0.081234 -0.02232 0.046386
v -0.079531 -0.021171 0.045567
v -0.080799 -0.022138 0.046109
v -0.079252 -0.020807 0.045469
v -0.080383 -0.0219 0.045903
v -0.081811 -0.022467 0.046966
v -0.079011 -0.020428 0.045359
v -0.080002 -0.021614 0.045752
v -0.081392 -0.022367 0.046567
v -0.079665 -0.021287 0.045635
v -0.080961 -0.022205 0.046254
v -0.079373 -0.020931 0.045533
v -0.080542 -0.021985 0.046017
v -0.079123 -0.020555 0.045423
v -0.080151 -0.021714 0.045843
v -0.081544 -0.022408 0.046762
v -0.079801 -0.0214 0.045710
v -0.081121 -0.022266 0.046413
v -0.079497 -0.021052 0.045599
v -0.080700 -0.022065 0.046144
v -0.079236 -0.020682 0.045489
v -0.080302 -0.02181 0.045943
v -0.081686 -0.022441 0.046974
v -0.079940 -0.021509 0.045792
v -0.081275 -0.02232 0.046587
v -0.079623 -0.021171 0.045670
v -0.080857 -0.022138 0.046285
v -0.079350 -0.020807 0.045557
v -0.080454 -0.0219 0.046055
v -0.079116 -0.020428 0.045432
v -0.080082 -0.021614 0.045882
v -0.081423 -0.022367 0.046777
v -0.079752 -0.021287 0.045747
v -0.081011 -0.022205 0.046439
v -0.079467 -0.020931 0.045627
v -0.080606 -0.021985 0.046179
v -0.079224 -0.020555 0.045503
v -0.080226 -0.021714 0.045982
v -0.081563 -0.022408 0.046981
v -0.079884 -0.0214 0.045829
v -0.081161 -0.022266 0.046607
v -0.079587 -0.021052 0.045701
v -0.080757 -0.022065 0.046315
v -0.079333 -0.020682 0.045575
v -0.080371 -0.02181 0.046091
v -0.080019 -0.021509 0.045919
v -0.081305 -0.02232 0.046790
v -0.079709 -0.021171 0.045779
v -0.080905 -0.022138 0.046464
v -0.079443 -0.020807 0.045650
v -0.080516 -0.0219 0.046211
v -0.079217 -0.020428 0.045512
v -0.080155 -0.021614 0.046017
v -0.081441 -0.022367 0.046988
v -0.079834 -0.021287 0.045862
v -0.081050 -0.022205 0.046627
v -0.079556 -0.020931 0.045726
v -0.080660 -0.021985 0.046344
v -0.079320 -0.020555 0.045589
v -0.080293 -0.021714 0.046125
v -0.079961 -0.0214 0.045953
v -0.081190 -0.022266 0.046804
v -0.079671 -0.021052 0.045807
v -0.080803 -0.022065 0.046488
v -0.079425 -0.020682 0.045667
v -0.080431 -0.02181 0.046242
v -0.080089 -0.021509 0.046050
v -0.081323 -0.02232 0.046995
v -0.079788 -0.021171 0.045892
v -0.080943 -0.022138 0.046646
v -0.079531 -0.020807 0.045748
v -0.080569 -0.0219 0.046371
v -0.079312 -0.020428 0.045597
v -0.080220 -0.021614 0.046156
v -0.079908 -0.021287 0.045983
v -0.081078 -0.022205 0.046817
v -0.079639 -0.020931 0.045831
v -0.080705 -0.021985 0.046511
v -0.079411 -0.020555 0.045680
v -0.080351 -0.021714 0.046272
v -0.080029 -0.0214 0.046080
v -0.081207 -0.022266 0.047002
v -0.079749 -0.021052 0.045918
v -0.080839 -0.022065 0.046664
v -0.079511 -0.020682 0.045764
v -0.080482 -0.02181 0.046397
v -0.080152 -0.021509 0.046185
v -0.079861 -0.021171 0.046010
v -0.080970 -0.022138 0.046830
v -0.079612 -0.020807 0.045851
v -0.080612 -0.0219 0.046533
v -0.079403 -0.020428 0.045688
v -0.080276 -0.021614 0.046299
v -0.079975 -0.021287 0.046108
v -0.081094 -0.022205 0.047008
v -0.079715 -0.020931 0.045940
v -0.080741 -0.021985 0.046682
v -0.079497 -0.020555 0.045776
v -0.080401 -0.021714 0.046421
v -0.080091 -0.0214 0.046212
v -0.079820 -0.021052 0.046034
v -0.080865 -0.022065 0.046842
v -0.079591 -0.020682 0.045866
v -0.080524 -0.02181 0.046554
v -0.080207 -0.021509 0.046324
v -0.079927 -0.021171 0.046132
v -0.080986 -0.022138 0.047014
v -0.079688 -0.020807 0.045958
v -0.080646 -0.0219 0.046698
v -0.079488 -0.020428 0.045783
v -0.080325 -0.021614 0.046444
v -0.080035 -0.021287 0.046236
v -0.079785 -0.020931 0.046054
v -0.080766 -0.021985 0.046853
v -0.079577 -0.020555 0.045877
v -0.080442 -0.021714 0.046574
v -0.080144 -0.0214 0.046347
v -0.079885 -0.021052 0.046153
v -0.080881 -0.022065 0.047021
v -0.079666 -0.020682 0.045973
v -0.080557 -0.02181 0.046714
v -0.080254 -0.021509 0.046465
v -0.079985 -0.021171 0.046257
v -0.079757 -0.020807 0.046070
v -0.080671 -0.0219 0.046864
v -0.079568 -0.020428 0.045884
v -0.080364 -0.021614 0.046592
v -0.080087 -0.021287 0.046368
v -0.079849 -0.020931 0.046171
v -0.080781 -0.021985 0.047026
v -0.079651 -0.020555 0.045983
v -0.080473 -0.021714 0.046729
v -0.080190 -0.0214 0.046484
v -0.079942 -0.021052 0.046276
v -0.079734 -0.020682 0.046083
v -0.080581 -0.02181 0.046875
v -0.080293 -0.021509 0.046609
v -0.080036 -0.021171 0.046386
v -0.079819 -0.020807 0.046186
v -0.080685 -0.0219 0.047032
v -0.079641 -0.020428 0.045989
v -0.080395 -0.021614 0.046742
v -0.080132 -0.021287 0.046502
v -0.079905 -0.020931 0.046292
v -0.079718 -0.020555 0.046093
v -0.080496 -0.021714 0.046885
v -0.080227 -0.0214 0.046625
v -0.079992 -0.021052 0.046402
v -0.079796 -0.020682 0.046198
v -0.080595 -0.02181 0.047037
v -0.080323 -0.021509 0.046755
v -0.080080 -0.021171 0.046517
v -0.079875 -0.020807 0.046305
v -0.079708 -0.020428 0.046098
v -0.080418 -0.021614 0.046894
v -0.080168 -0.021287 0.046639
v -0.079954 -0.020931 0.046416
v -0.079779 -0.020555 0.046206
v -0.080510 -0.021714 0.047042
v -0.080257 -0.0214 0.046767
v -0.080035 -0.021052 0.046531
v -0.079851 -0.020682 0.046315
v -0.080345 -0.021509 0.046903
v -0.080116 -0.021171 0.046651
v -0.079923 -0.020807 0.046427
v -0.079769 -0.020428 0.046211
v -0.080431 -0.021614 0.047047
v -0.080197 -0.021287 0.046777
v -0.079996 -0.020931 0.046543
v -0.079834 -0.020555 0.046323
v -0.080278 -0.0214 0.046910
v -0.080070 -0.021052 0.046662
v -0.079899 -0.020682 0.046436
v -0.080358 -0.021509 0.047051
v -0.080144 -0.021171 0.046787
v -0.079964 -0.020807 0.046552
v -0.079823 -0.020428 0.046327
v -0.080218 -0.021287 0.046917
v -0.080031 -0.020931 0.046671
v -0.079881 -0.020555 0.046442
v -0.080291 -0.0214 0.047055
v -0.080097 -0.021052 0.046795
v -0.079940 -0.020682 0.046559
v -0.080164 -0.021171 0.046924
v -0.079998 -0.020807 0.046679
v -0.079871 -0.020428 0.046446
v -0.080230 -0.021287 0.047058
v -0.080058 -0.020931 0.046802
v -0.079922 -0.020555 0.046565
v -0.080117 -0.021052 0.046929
v -0.079973 -0.020682 0.046685
v -0.080176 -0.021171 0.047062
v -0.080025 -0.020807 0.046808
v -0.079911 -0.020428 0.046568
v -0.080077 -0.020931 0.046934
v -0.079955 -0.020555 0.046689
v -0.080129 -0.021052 0.047064
v -0.079999 -0.020682 0.046812
v -0.080044 -0.020807 0.046938
v -0.079944 -0.020428 0.046692
v -0.080089 -0.020931 0.047067
v -0.079981 -0.020555 0.046815
v -0.080018 -0.020682 0.046941
v -0.080055 -0.020807 0.047069
v -0.079970 -0.020428 0.046817
v -0.080000 -0.020555 0.046943
v -0.080030 -0.020682 0.047070
v -0.079989 -0.020428 0.046944
v -0.080011 -0.020555 0.047071
v -0.080000 -0.020428 0.047072
v 0.082200 -0.0225 0.047200
v 0.082072 -0.022496 0.047200
v 0.081945 -0.022485 0.047200
v 0.081818 -0.022467 0.047200
v 0.081693 -0.022441 0.047200
v 0.081569 -0.022408 0.047200
v 0.081448 -0.022367 0.047200
v 0.081329 -0.02232 0.047200
v 0.081213 -0.022266 0.047200
v 0.081100 -0.022205 0.047200
v 0.080991 -0.022138 0.047200
v 0.080886 -0.022065 0.047200
v 0.080786 -0.021985 0.047200
v 0.080690 -0.0219 0.047200
v 0.080600 -0.02181 0.047200
v 0.080515 -0.021714 0.047200
v 0.080435 -0.021614 0.047200
v 0.080362 -0.021509 0.047200
v 0.080295 -0.0214 0.047200
v 0.080234 -0.021287 0.047200
v 0.080180 -0.021171 0.047200
v 0.080133 -0.021052 0.047200
v 0.080092 -0.020931 0.047200
v 0.080059 -0.020807 0.047200
v 0.080033 -0.020682 0.047200
v 0.080015 -0.020555 0.047200
v 0.080004 -0.020428 0.047200
v 0.080000 -0.0203 0.047200
v 0.082193 -0.0225 0.046944
v 0.082170 -0.0225 0.046689
v 0.082133 -0.0225 0.046436
v 0.082081 -0.0225 0.046185
v 0.082015 -0.0225 0.045938
v 0.081935 -0.0225 0.045695
v 0.081840 -0.0225 0.045457
v 0.081732 -0.0225 0.045225
v 0.081611 -0.0225 0.045000
v 0.081476 -0.0225 0.044782
v 0.081329 -0.0225 0.044573
v 0.081171 -0.0225 0.044372
v 0.081000 -0.0225 0.044181
v 0.080819 -0.0225 0.044000
v 0.080628 -0.0225 0.043829
v 0.080427 -0.0225 0.043671
v 0.080218 -0.0225 0.043524
v 0.080000 -0.0225 0.043389
v 0.079775 -0.0225 0.043268
v 0.079543 -0.0225 0.043160
v 0.079305 -0.0225 0.043065
v 0.079062 -0.0225 0.042985
v 0.078815 -0.0225 0.042919
v 0.078564 -0.0225 0.042867
v 0.078311 -0.0225 0.042830
v 0.078056 -0.0225 0.042807
v 0.077800 -0.0225 0.042800
v 0.077800 -0.022496 0.042928
v 0.077800 -0.022485 0.043055
v 0.077800 -0.022467 0.043182
v 0.077800 -0.022441 0.043307
v 0.077800 -0.022408 0.043431
v 0.077800 -0.022367 0.043552
v 0.077800 -0.02232 0.043671
v 0.077800 -0.022266 0.043787
v 0.077800 -0.022205 0.043900
v 0.077800 -0.022138 0.044009
v 0.077800 -0.022065 0.044114
v 0.077800 -0.021985 0.044214
v 0.077800 -0.0219 0.044310
v 0.077800 -0.02181 0.044400
v 0.077800 -0.021714 0.044485
v 0.077800 -0.021614 0.044565
v 0.077800 -0.021509 0.044638
v 0.077800 -0.0214 0.044705
v 0.077800 -0.021287 0.044766
v 0.077800 -0.021171 0.044820
v 0.077800 -0.021052 0.044867
v 0.077800 -0.020931 0.044908
v 0.077800 -0.020807 0.044941
v 0.077800 -0.020682 0.044967
v 0.077800 -0.020555 0.044985
v 0.077800 -0.020428 0.044996
v 0.077800 -0.0203 0.045000
v 0.079996 -0.0203 0.047072
v 0.079985 -0.0203 0.046945
v 0.079967 -0.0203 0.046818
v 0.079941 -0.0203 0.046693
v 0.079908 -0.0203 0.046569
v 0.079867 -0.0203 0.046448
v 0.079820 -0.0203 0.046329
v 0.079766 -0.0203 0.046213
v 0.079705 -0.0203 0.046100
v 0.079638 -0.0203 0.045991
v 0.079565 -0.0203 0.045886
v 0.079485 -0.0203 0.045786
v 0.079400 -0.0203 0.045690
v 0.079310 -0.0203 0.045600
v 0.079214 -0.0203 0.045515
v 0.079114 -0.0203 0.045435
v 0.079009 -0.0203 0.045362
v 0.078900 -0.0203 0.045295
v 0.078787 -0.0203 0.045234
v 0.078671 -0.0203 0.045180
v 0.078552 -0.0203 0.045133
v 0.078431 -0.0203 0.045092
v 0.078307 -0.0203 0.045059
v 0.078182 -0.0203 0.045033
v 0.078055 -0.0203 0.045015
v 0.077928 -0.0203 0.045004
v 0.082065 -0.022496 0.046952
v 0.081938 -0.022485 0.046959
v 0.082043 -0.022496 0.046704
v 0.081811 -0.022467 0.046966
v 0.081917 -0.022485 0.046719
v 0.082007 -0.022496 0.046458
v 0.081686 -0.022441 0.046974
v 0.081791 -0.022467 0.046734
v 0.081882 -0.022485 0.046480
v 0.081563 -0.022408 0.046981
v 0.081957 -0.022496 0.046215
v 0.081666 -0.022441 0.046748
v 0.081757 -0.022467 0.046502
v 0.081441 -0.022367 0.046988
v 0.081833 -0.022485 0.046244
v 0.081544 -0.022408 0.046762
v 0.081893 -0.022496 0.045975
v 0.081634 -0.022441 0.046524
v 0.081323 -0.02232 0.046995
v 0.081710 -0.022467 0.046273
v 0.081423 -0.022367 0.046777
v 0.081770 -0.022485 0.046011
v 0.081512 -0.022408 0.046546
v 0.081207 -0.022266 0.047002
v 0.081814 -0.022496 0.045739
v 0.081588 -0.022441 0.046302
v 0.081305 -0.02232 0.046790
v 0.081649 -0.022467 0.046048
v 0.081392 -0.022367 0.046567
v 0.081094 -0.022205 0.047008
v 0.081695 -0.022485 0.045782
v 0.081467 -0.022408 0.046331
v 0.081190 -0.022266 0.046804
v 0.081723 -0.022496 0.045508
v 0.081529 -0.022441 0.046084
v 0.081275 -0.02232 0.046587
v 0.080986 -0.022138 0.047014
v 0.081576 -0.022467 0.045826
v 0.081349 -0.022367 0.046359
v 0.081078 -0.022205 0.046817
v 0.081606 -0.022485 0.045558
v 0.081411 -0.022408 0.046119
v 0.081161 -0.022266 0.046607
v 0.080881 -0.022065 0.047021
v 0.081618 -0.022496 0.045283
v 0.081458 -0.022441 0.045869
v 0.081234 -0.02232 0.046386
v 0.080970 -0.022138 0.046830
v 0.081489 -0.022467 0.045609
v 0.081294 -0.022367 0.046154
v 0.081050 -0.022205 0.046627
v 0.080781 -0.021985 0.047026
v 0.081504 -0.022485 0.045340
v 0.081342 -0.022408 0.045911
v 0.081121 -0.022266 0.046413
v 0.080865 -0.022065 0.046842
v 0.081500 -0.022496 0.045064
v 0.081374 -0.022441 0.045658
v 0.081180 -0.02232 0.046188
v 0.080943 -0.022138 0.046646
v 0.080685 -0.0219 0.047032
v 0.081391 -0.022467 0.045397
v 0.081228 -0.022367 0.045952
v 0.081011 -0.022205 0.046439
v 0.080766 -0.021985 0.046853
v 0.081389 -0.022485 0.045128
v 0.081261 -0.022408 0.045707
v 0.081069 -0.022266 0.046221
v 0.080839 -0.022065 0.046664
v 0.081369 -0.022496 0.044852
v 0.080595 -0.02181 0.047037
v 0.081279 -0.022441 0.045453
v 0.081116 -0.02232 0.045993
v 0.080905 -0.022138 0.046464
v 0.080671 -0.0219 0.046864
v 0.081280 -0.022467 0.045191
v 0.081149 -0.022367 0.045755
v 0.080961 -0.022205 0.046254
v 0.080741 -0.021985 0.046682
v 0.081263 -0.022485 0.044923
v 0.080510 -0.021714 0.047042
v 0.081168 -0.022408 0.045508
v 0.081007 -0.022266 0.046033
v 0.080803 -0.022065 0.046488
v 0.081227 -0.022496 0.044649
v 0.080581 -0.02181 0.046875
v 0.081171 -0.022441 0.045254
v 0.081040 -0.02232 0.045802
v 0.080857 -0.022138 0.046285
v 0.080646 -0.0219 0.046698
v 0.081157 -0.022467 0.044992
v 0.080431 -0.021614 0.047047
v 0.081060 -0.022367 0.045563
v 0.080901 -0.022205 0.046071
v 0.080705 -0.021985 0.046511
v 0.081124 -0.022485 0.044725
v 0.080496 -0.021714 0.046885
v 0.081064 -0.022408 0.045315
v 0.080934 -0.022266 0.045848
v 0.080757 -0.022065 0.046315
v 0.081073 -0.022496 0.044454
v 0.080557 -0.02181 0.046714
v 0.081052 -0.022441 0.045061
v 0.080358 -0.021509 0.047051
v 0.080953 -0.02232 0.045616
v 0.080799 -0.022138 0.046109
v 0.080612 -0.0219 0.046533
v 0.081023 -0.022467 0.044801
v 0.080418 -0.021614 0.046894
v 0.080959 -0.022367 0.045376
v 0.080830 -0.022205 0.045893
v 0.080660 -0.021985 0.046344
v 0.080975 -0.022485 0.044536
v 0.080473 -0.021714 0.046729
v 0.080949 -0.022408 0.045129
v 0.080291 -0.0214 0.047055
v 0.080850 -0.022266 0.045668
v 0.080700 -0.022065 0.046144
v 0.080907 -0.022496 0.044268
v 0.080524 -0.02181 0.046554
v 0.080922 -0.022441 0.044875
v 0.080345 -0.021509 0.046903
v 0.080856 -0.02232 0.045436
v 0.080730 -0.022138 0.045936
v 0.080569 -0.0219 0.046371
v 0.080878 -0.022467 0.044617
v 0.080395 -0.021614 0.046742
v 0.080847 -0.022367 0.045196
v 0.080230 -0.021287 0.047058
v 0.080749 -0.022205 0.045719
v 0.080606 -0.021985 0.046179
v 0.080815 -0.022485 0.044356
v 0.080442 -0.021714 0.046574
v 0.080823 -0.022408 0.044949
v 0.080278 -0.0214 0.046910
v 0.080755 -0.022266 0.045494
v 0.080634 -0.022065 0.045978
v 0.080732 -0.022496 0.044093
v 0.080482 -0.02181 0.046397
v 0.080782 -0.022441 0.044698
v 0.080323 -0.021509 0.046755
v 0.080748 -0.02232 0.045261
v 0.080176 -0.021171 0.047062
v 0.080652 -0.022138 0.045768
v 0.080516 -0.0219 0.046211
v 0.080723 -0.022467 0.044443
v 0.080364 -0.021614 0.046592
v 0.080726 -0.022367 0.045022
v 0.080218 -0.021287 0.046917
v 0.080658 -0.022205 0.045550
v 0.080542 -0.021985 0.046017
v 0.080644 -0.022485 0.044185
v 0.080401 -0.021714 0.046421
v 0.080687 -0.022408 0.044777
v 0.080257 -0.0214 0.046767
v 0.080651 -0.022266 0.045325
v 0.080129 -0.021052 0.047064
v 0.080558 -0.022065 0.045815
v 0.080546 -0.022496 0.043927
v 0.080431 -0.02181 0.046242
v 0.080631 -0.022441 0.044529
v 0.080293 -0.021509 0.046609
v 0.080630 -0.02232 0.045093
v 0.080164 -0.021171 0.046924
v 0.080564 -0.022138 0.045604
v 0.080454 -0.0219 0.046055
v 0.080557 -0.022467 0.044277
v 0.080325 -0.021614 0.046444
v 0.080594 -0.022367 0.044855
v 0.080197 -0.021287 0.046777
v 0.080557 -0.022205 0.045387
v 0.080089 -0.020931 0.047067
v 0.080468 -0.021985 0.045860
v 0.080464 -0.022485 0.044025
v 0.080351 -0.021714 0.046272
v 0.080541 -0.022408 0.044614
v 0.080227 -0.0214 0.046625
v 0.080537 -0.022266 0.045162
v 0.080117 -0.021052 0.046929
v 0.080473 -0.022065 0.045657
v 0.080351 -0.022496 0.043773
v 0.080371 -0.02181 0.046091
v 0.080471 -0.022441 0.044369
v 0.080254 -0.021509 0.046465
v 0.080503 -0.02232 0.044932
v 0.080144 -0.021171 0.046787
v 0.080466 -0.022138 0.045446
v 0.080055 -0.020807 0.047069
v 0.080383 -0.0219 0.045903
v 0.080383 -0.022467 0.044122
v 0.080276 -0.021614 0.046299
v 0.080453 -0.022367 0.044697
v 0.080168 -0.021287 0.046639
v 0.080447 -0.022205 0.045229
v 0.080077 -0.020931 0.046934
v 0.080386 -0.021985 0.045707
v 0.080275 -0.022485 0.043876
v 0.080293 -0.021714 0.046125
v 0.080386 -0.022408 0.044459
v 0.080190 -0.0214 0.046484
v 0.080414 -0.022266 0.045006
v 0.080097 -0.021052 0.046795
v 0.080379 -0.022065 0.045504
v 0.080148 -0.022496 0.043631
v 0.080030 -0.020682 0.047070
v 0.080302 -0.02181 0.045943
v 0.080302 -0.022441 0.044218
v 0.080207 -0.021509 0.046324
v 0.080367 -0.02232 0.044779
v 0.080116 -0.021171 0.046651
v 0.080360 -0.022138 0.045294
v 0.080044 -0.020807 0.046938
v 0.080303 -0.0219 0.045755
v 0.080199 -0.022467 0.043977
v 0.080220 -0.021614 0.046156
v 0.080303 -0.022367 0.044547
v 0.080132 -0.021287 0.046502
v 0.080328 -0.022205 0.045079
v 0.080058 -0.020931 0.046802
v 0.080295 -0.021985 0.045559
v 0.080077 -0.022485 0.043737
v 0.080011 -0.020555 0.047071
v 0.080226 -0.021714 0.045982
v 0.080223 -0.022408 0.044313
v 0.080144 -0.0214 0.046347
v 0.080282 -0.022266 0.044858
v 0.080070 -0.021052 0.046662
v 0.080276 -0.022065 0.045357
v 0.079936 -0.022496 0.043500
v 0.080018 -0.020682 0.046941
v 0.080225 -0.02181 0.045800
v 0.080125 -0.022441 0.044078
v 0.080152 -0.021509 0.046185
v 0.080221 -0.02232 0.044633
v 0.080080 -0.021171 0.046517
v 0.080245 -0.022138 0.045149
v 0.080025 -0.020807 0.046808
v 0.080215 -0.0219 0.045612
v 0.080008 -0.022467 0.043843
v 0.080000 -0.020428 0.047072
v 0.080155 -0.021614 0.046017
v 0.080145 -0.022367 0.044406
v 0.080087 -0.021287 0.046368
v 0.080200 -0.022205 0.044935
v 0.080031 -0.020931 0.046671
v 0.080195 -0.021985 0.045417
v 0.079872 -0.022485 0.043611
v 0.080000 -0.020555 0.046943
v 0.080151 -0.021714 0.045843
v 0.080051 -0.022408 0.044177
v 0.080091 -0.0214 0.046212
v 0.080142 -0.022266 0.044718
v 0.080035 -0.021052 0.046531
v 0.080164 -0.022065 0.045216
v 0.079717 -0.022496 0.043382
v 0.079999 -0.020682 0.046812
v 0.080139 -0.02181 0.045661
v 0.079939 -0.022441 0.043948
v 0.080089 -0.021509 0.046050
v 0.080068 -0.02232 0.044497
v 0.080036 -0.021171 0.046386
v 0.080121 -0.022138 0.045010
v 0.079998 -0.020807 0.046679
v 0.080118 -0.0219 0.045474
v 0.079809 -0.022467 0.043720
v 0.079989 -0.020428 0.046944
v 0.080082 -0.021614 0.045882
v 0.079978 -0.022367 0.044274
v 0.080035 -0.021287 0.046236
v 0.080065 -0.022205 0.044800
v 0.079996 -0.020931 0.046543
v 0.080087 -0.021985 0.045281
v 0.079660 -0.022485 0.043496
v 0.079981 -0.020555 0.046815
v 0.080068 -0.021714 0.045708
v 0.079871 -0.022408 0.044051
v 0.080029 -0.0214 0.046080
v 0.079994 -0.022266 0.044586
v 0.079992 -0.021052 0.046402
v 0.080045 -0.022065 0.045082
v 0.079492 -0.022496 0.043277
v 0.079973 -0.020682 0.046685
v 0.080046 -0.02181 0.045528
v 0.079746 -0.022441 0.043829
v 0.080019 -0.021509 0.045919
v 0.079907 -0.02232 0.044370
v 0.079985 -0.021171 0.046257
v 0.079990 -0.022138 0.044879
v 0.079964 -0.020807 0.046552
v 0.080014 -0.0219 0.045342
v 0.079603 -0.022467 0.043609
v 0.079970 -0.020428 0.046817
v 0.080002 -0.021614 0.045752
v 0.079804 -0.022367 0.044153
v 0.079975 -0.021287 0.046108
v 0.079921 -0.022205 0.044672
v 0.079954 -0.020931 0.046416
v 0.079972 -0.021985 0.045151
v 0.079442 -0.022485 0.043394
v 0.079955 -0.020555 0.046689
v 0.079978 -0.021714 0.045579
v 0.079685 -0.022408 0.043936
v 0.079961 -0.0214 0.045953
v 0.079838 -0.022266 0.044463
v 0.079942 -0.021052 0.046276
v 0.079918 -0.022065 0.044955
v 0.079261 -0.022496 0.043186
v 0.079940 -0.020682 0.046559
v 0.079945 -0.02181 0.045400
v 0.079547 -0.022441 0.043721
v 0.079940 -0.021509 0.045792
v 0.079739 -0.02232 0.044252
v 0.079927 -0.021171 0.046132
v 0.079851 -0.022138 0.044755
v 0.079923 -0.020807 0.046427
v 0.079902 -0.0219 0.045217
v 0.079391 -0.022467 0.043511
v 0.079944 -0.020428 0.046692
v 0.079914 -0.021614 0.045626
v 0.079624 -0.022367 0.044041
v 0.079908 -0.021287 0.045983
v 0.079771 -0.022205 0.044553
v 0.079905 -0.020931 0.046292
v 0.079849 -0.021985 0.045028
v 0.079218 -0.022485 0.043305
v 0.079922 -0.020555 0.046565
v 0.079880 -0.021714 0.045455
v 0.079492 -0.022408 0.043832
v 0.079884 -0.0214 0.045829
v 0.079675 -0.022266 0.044349
v 0.079885 -0.021052 0.046153
v 0.079784 -0.022065 0.044836
v 0.079025 -0.022496 0.043107
v 0.079899 -0.020682 0.046436
v 0.079836 -0.02181 0.045279
v 0.079342 -0.022441 0.043626
v 0.079855 -0.021509 0.045670
v 0.079564 -0.02232 0.044144
v 0.079861 -0.021171 0.046010
v 0.079706 -0.022138 0.044640
v 0.079875 -0.020807 0.046305
v 0.079783 -0.0219 0.045098
v 0.079174 -0.022467 0.043424
v 0.079911 -0.020428 0.046568
v 0.079819 -0.021614 0.045506
v 0.079437 -0.022367 0.043940
v 0.079834 -0.021287 0.045862
v 0.079613 -0.022205 0.044443
v 0.079849 -0.020931 0.046171
v 0.079719 -0.021985 0.044913
v 0.078989 -0.022485 0.043230
v 0.079881 -0.020555 0.046442
v 0.079775 -0.021714 0.045337
v 0.079293 -0.022408 0.043739
v 0.079801 -0.0214 0.045710
v 0.079506 -0.022266 0.044245
v 0.079820 -0.021052 0.046034
v 0.079643 -0.022065 0.044724
v 0.078785 -0.022496 0.043043
v 0.079851 -0.020682 0.046315
v 0.079721 -0.02181 0.045164
v 0.079131 -0.022441 0.043542
v 0.079763 -0.021509 0.045553
v 0.079384 -0.02232 0.044047
v 0.079788 -0.021171 0.045892
v 0.079554 -0.022138 0.044534
v 0.079819 -0.020807 0.046186
v 0.079658 -0.0219 0.044986
v 0.078952 -0.022467 0.043351
v 0.079871 -0.020428 0.046446
v 0.079717 -0.021614 0.045392
v 0.079245 -0.022367 0.043851
v 0.079752 -0.021287 0.045747
v 0.079450 -0.022205 0.044342
v 0.079785 -0.020931 0.046054
v 0.079583 -0.021985 0.044805
v 0.078756 -0.022485 0.043167
v 0.079834 -0.020555 0.046323
v 0.079663 -0.021714 0.045225
v 0.079089 -0.022408 0.043658
v 0.079711 -0.0214 0.045596
v 0.079332 -0.022266 0.044150
v 0.079749 -0.021052 0.045918
v 0.079496 -0.022065 0.044621
v 0.078542 -0.022496 0.042993
v 0.079796 -0.020682 0.046198
v 0.079600 -0.02181 0.045055
v 0.078916 -0.022441 0.043471
v 0.079663 -0.021509 0.045442
v 0.079198 -0.02232 0.043960
v 0.079709 -0.021171 0.045779
v 0.079396 -0.022138 0.044436
v 0.079757 -0.020807 0.046070
v 0.079526 -0.0219 0.044882
v 0.078727 -0.022467 0.043290
v 0.079823 -0.020428 0.046327
v 0.079608 -0.021614 0.045283
v 0.079048 -0.022367 0.043772
v 0.079665 -0.021287 0.045635
v 0.079281 -0.022205 0.044251
v 0.079715 -0.020931 0.045940
v 0.079441 -0.021985 0.044705
v 0.078520 -0.022485 0.043118
v 0.079779 -0.020555 0.046206
v 0.079545 -0.021714 0.045120
v 0.078881 -0.022408 0.043589
v 0.079615 -0.0214 0.045488
v 0.079152 -0.022266 0.044066
v 0.079671 -0.021052 0.045807
v 0.079343 -0.022065 0.044527
v 0.078296 -0.022496 0.042957
v 0.079734 -0.020682 0.046083
v 0.079472 -0.02181 0.044954
v 0.078698 -0.022441 0.043412
v 0.079558 -0.021509 0.045337
v 0.079007 -0.02232 0.043884
v 0.079623 -0.021171 0.045670
v 0.079232 -0.022138 0.044348
v 0.079688 -0.020807 0.045958
v 0.079388 -0.0219 0.044785
v 0.078498 -0.022467 0.043243
v 0.079769 -0.020428 0.046211
v 0.079494 -0.021614 0.045181
v 0.078846 -0.022367 0.043706
v 0.079570 -0.021287 0.045530
v 0.079107 -0.022205 0.044170
v 0.079639 -0.020931 0.045831
v 0.079293 -0.021985 0.044614
v 0.078281 -0.022485 0.043083
v 0.079718 -0.020555 0.046093
v 0.079421 -0.021714 0.045022
v 0.078669 -0.022408 0.043533
v 0.079512 -0.0214 0.045385
v 0.078967 -0.022266 0.043993
v 0.079587 -0.021052 0.045701
v 0.079185 -0.022065 0.044442
v 0.078048 -0.022496 0.042935
v 0.079666 -0.020682 0.045973
v 0.079339 -0.02181 0.044861
v 0.078476 -0.022441 0.043366
v 0.079447 -0.021509 0.045237
v 0.078812 -0.02232 0.043820
v 0.079531 -0.021171 0.045567
v 0.079064 -0.022138 0.044270
v 0.079612 -0.020807 0.045851
v 0.079245 -0.0219 0.044697
v 0.078266 -0.022467 0.043209
v 0.079708 -0.020428 0.046098
v 0.079374 -0.021614 0.045086
v 0.078641 -0.022367 0.043651
v 0.079470 -0.021287 0.045430
v 0.078929 -0.022205 0.044099
v 0.079556 -0.020931 0.045726
v 0.079140 -0.021985 0.044532
v 0.078041 -0.022485 0.043062
v 0.079651 -0.020555 0.045983
v 0.079292 -0.021714 0.044932
v 0.078454 -0.022408 0.043488
v 0.079404 -0.0214 0.045289
v 0.078779 -0.022266 0.043931
v 0.079497 -0.021052 0.045599
v 0.079022 -0.022065 0.044366
v 0.079591 -0.020682 0.045866
v 0.079200 -0.02181 0.044775
v 0.078252 -0.022441 0.043334
v 0.079330 -0.021509 0.045145
v 0.078614 -0.02232 0.043766
v 0.079433 -0.021171 0.045469
v 0.078891 -0.022138 0.044201
v 0.079531 -0.020807 0.045748
v 0.079097 -0.0219 0.044617
v 0.078034 -0.022467 0.043189
v 0.079641 -0.020428 0.045989
v 0.079248 -0.021614 0.044998
v 0.078433 -0.022367 0.043608
v 0.079365 -0.021287 0.045335
v 0.078746 -0.022205 0.044039
v 0.079467 -0.020931 0.045627
v 0.078983 -0.021985 0.044458
v 0.079577 -0.020555 0.045877
v 0.079157 -0.021714 0.044849
v 0.078238 -0.022408 0.043456
v 0.079290 -0.0214 0.045199
v 0.078587 -0.022266 0.043879
v 0.079401 -0.021052 0.045503
v 0.078856 -0.022065 0.044300
v 0.079511 -0.020682 0.045764
v 0.079057 -0.02181 0.044698
v 0.078026 -0.022441 0.043314
v 0.079208 -0.021509 0.045060
v 0.078413 -0.02232 0.043725
v 0.079330 -0.021171 0.045377
v 0.078715 -0.022138 0.044143
v 0.079443 -0.020807 0.045650
v 0.078945 -0.0219 0.044546
v 0.079568 -0.020428 0.045884
v 0.079118 -0.021614 0.044918
v 0.078223 -0.022367 0.043577
v 0.079253 -0.021287 0.045248
v 0.078561 -0.022205 0.043989
v 0.079373 -0.020931 0.045533
v 0.078821 -0.021985 0.044394
v 0.079497 -0.020555 0.045776
v 0.079018 -0.021714 0.044774
v 0.078019 -0.022408 0.043437
v 0.079171 -0.0214 0.045116
v 0.078393 -0.022266 0.043839
v 0.079299 -0.021052 0.045413
v 0.078685 -0.022065 0.044243
v 0.079425 -0.020682 0.045667
v 0.078909 -0.02181 0.044629
v 0.079081 -0.021509 0.044981
v 0.078210 -0.02232 0.043695
v 0.079221 -0.021171 0.045291
v 0.078536 -0.022138 0.044095
v 0.079350 -0.020807 0.045557
v 0.078789 -0.0219 0.044484
v 0.079488 -0.020428 0.045783
v 0.078983 -0.021614 0.044845
v 0.078012 -0.022367 0.043559
v 0.079138 -0.021287 0.045166
v 0.078373 -0.022205 0.043950
v 0.079274 -0.020931 0.045444
v 0.078656 -0.021985 0.044340
v 0.079411 -0.020555 0.045680
v 0.078875 -0.021714 0.044707
v 0.079047 -0.0214 0.045039
v 0.078196 -0.022266 0.043810
v 0.079193 -0.021052 0.045329
v 0.078512 -0.022065 0.044197
v 0.079333 -0.020682 0.045575
v 0.078758 -0.02181 0.044569
v 0.078950 -0.021509 0.044911
v 0.078005 -0.02232 0.043677
v 0.079108 -0.021171 0.045212
v 0.078354 -0.022138 0.044057
v 0.079252 -0.020807 0.045469
v 0.078629 -0.0219 0.044431
v 0.079403 -0.020428 0.045688
v 0.078844 -0.021614 0.044780
v 0.079017 -0.021287 0.045092
v 0.078183 -0.022205 0.043922
v 0.079169 -0.020931 0.045361
v 0.078489 -0.021985 0.044295
v 0.079320 -0.020555 0.045589
v 0.078728 -0.021714 0.044649
v 0.078920 -0.0214 0.044971
v 0.077998 -0.022266 0.043793
v 0.079082 -0.021052 0.045251
v 0.078336 -0.022065 0.044161
v 0.079236 -0.020682 0.045489
v 0.078603 -0.02181 0.044518
v 0.078815 -0.021509 0.044848
v 0.078990 -0.021171 0.045139
v 0.078170 -0.022138 0.044030
v 0.079149 -0.020807 0.045388
v 0.078467 -0.0219 0.044388
v 0.079312 -0.020428 0.045597
v 0.078701 -0.021614 0.044724
v 0.078892 -0.021287 0.045025
v 0.077992 -0.022205 0.043906
v 0.079060 -0.020931 0.045285
v 0.078318 -0.021985 0.044259
v 0.079224 -0.020555 0.045503
v 0.078579 -0.021714 0.044599
v 0.078788 -0.0214 0.044909
v 0.078966 -0.021052 0.045180
v 0.078158 -0.022065 0.044135
v 0.079134 -0.020682 0.045409
v 0.078446 -0.02181 0.044476
v 0.078676 -0.021509 0.044793
v 0.078868 -0.021171 0.045073
v 0.077986 -0.022138 0.044014
v 0.079042 -0.020807 0.045312
v 0.078302 -0.0219 0.044354
v 0.079217 -0.020428 0.045512
v 0.078556 -0.021614 0.044675
v 0.078764 -0.021287 0.044965
v 0.078946 -0.020931 0.045215
v 0.078147 -0.021985 0.044234
v 0.079123 -0.020555 0.045423
v 0.078426 -0.021714 0.044558
v 0.078653 -0.0214 0.044856
v 0.078847 -0.021052 0.045115
v 0.077979 -0.022065 0.044119
v 0.079027 -0.020682 0.045334
v 0.078286 -0.02181 0.044443
v 0.078535 -0.021509 0.044746
v 0.078743 -0.021171 0.045015
v 0.078930 -0.020807 0.045243
v 0.078136 -0.0219 0.044329
v 0.079116 -0.020428 0.045432
v 0.078408 -0.021614 0.044636
v 0.078632 -0.021287 0.044913
v 0.078829 -0.020931 0.045151
v 0.077974 -0.021985 0.044219
v 0.079017 -0.020555 0.045349
v 0.078271 -0.021714 0.044527
v 0.078516 -0.0214 0.044810
v 0.078724 -0.021052 0.045058
v 0.078917 -0.020682 0.045266
v 0.078125 -0.02181 0.044419
v 0.078391 -0.021509 0.044707
v 0.078614 -0.021171 0.044964
v 0.078814 -0.020807 0.045181
v 0.077968 -0.0219 0.044315
v 0.079011 -0.020428 0.045359
v 0.078258 -0.021614 0.044605
v 0.078498 -0.021287 0.044868
v 0.078708 -0.020931 0.045095
v 0.078907 -0.020555 0.045282
v 0.078115 -0.021714 0.044504
v 0.078375 -0.0214 0.044773
v 0.078598 -0.021052 0.045008
v 0.078802 -0.020682 0.045204
v 0.077963 -0.02181 0.044405
v 0.078245 -0.021509 0.044677
v 0.078483 -0.021171 0.044920
v 0.078695 -0.020807 0.045125
v 0.078902 -0.020428 0.045292
v 0.078106 -0.021614 0.044582
v 0.078361 -0.021287 0.044832
v 0.078584 -0.020931 0.045046
v 0.078794 -0.020555 0.045221
v 0.077958 -0.021714 0.044490
v 0.078233 -0.0214 0.044743
v 0.078469 -0.021052 0.044965
v 0.078685 -0.020682 0.045149
v 0.078097 -0.021509 0.044655
v 0.078349 -0.021171 0.044884
v 0.078573 -0.020807 0.045077
v 0.078789 -0.020428 0.045231
v 0.077953 -0.021614 0.044569
v 0.078223 -0.021287 0.044803
v 0.078457 -0.020931 0.045004
v 0.078677 -0.020555 0.045166
v 0.078090 -0.0214 0.044722
v 0.078338 -0.021052 0.044930
v 0.078564 -0.020682 0.045101
v 0.077949 -0.021509 0.044642
v 0.078213 -0.021171 0.044856
v 0.078448 -0.020807 0.045036
v 0.078673 -0.020428 0.045177
v 0.078083 -0.021287 0.044782
v 0.078329 -0.020931 0.044969
v 0.078558 -0.020555 0.045119
v 0.077945 -0.0214 0.044709
v 0.078205 -0.021052 0.044903
v 0.078441 -0.020682 0.045060
v 0.078076 -0.021171 0.044836
v 0.078321 -0.020807 0.045002
v 0.078554 -0.020428 0.045129
v 0.077942 -0.021287 0.044770
v 0.078198 -0.020931 0.044942
v 0.078435 -0.020555 0.045078
v 0.078071 -0.021052 0.044883
v 0.078315 -0.020682 0.045027
v 0.077938 -0.021171 0.044824
v 0.078192 -0.020807 0.044975
v 0.078432 -0.020428 0.045089
v 0.078066 -0.020931 0.044923
v 0.078311 -0.020555 0.045045
v 0.077936 -0.021052 0.044871
v 0.078188 -0.020682 0.045001
v 0.078062 -0.020807 0.044956
v 0.078308 -0.020428 0.045056
v 0.077933 -0.020931 0.044911
v 0.078185 -0.020555 0.045019
v 0.078059 -0.020682 0.044982
v 0.077931 -0.020807 0.044945
v 0.078183 -0.020428 0.045030
v 0.078057 -0.020555 0.045000
v 0.077930 -0.020682 0.044970
v 0.078056 -0.020428 0.045011
v 0.077929 -0.020555 0.044989
v 0.077928 -0.020428 0.045000
v -0.077800 -0.0225 0.042800
v -0.077800 -0.022496 0.042928
v -0.077800 -0.022485 0.043055
v -0.077800 -0.022467 0.043182
v -0.077800 -0.022441 0.043307
v -0.077800 -0.022408 0.043431
v -0.077800 -0.022367 0.043552
v -0.077800 -0.02232 0.043671
v -0.077800 -0.022266 0.043787
v -0.077800 -0.022205 0.043900
v -0.077800 -0.022138 0.044009
v -0.077800 -0.022065 0.044114
v -0.077800 -0.021985 0.044214
v -0.077800 -0.0219 0.044310
v -0.077800 -0.02181 0.044400
v -0.077800 -0.021714 0.044485
v -0.077800 -0.021614 0.044565
v -0.077800 -0.021509 0.044638
v -0.077800 -0.0214 0.044705
v -0.077800 -0.021287 0.044766
v -0.077800 -0.021171 0.044820
v -0.077800 -0.021052 0.044867
v -0.077800 -0.020931 0.044908
v -0.077800 -0.020807 0.044941
v -0.077800 -0.020682 0.044967
v -0.077800 -0.020555 0.044985
v -0.077800 -0.020428 0.044996
v -0.077800 -0.0203 0.045000
v 0.077800 -0.0203 0.045000
v 0.077800 -0.0225 0.042800
v 0.077800 -0.022496 0.042928
v 0.077800 -0.022485 0.043055
v 0.077800 -0.022467 0.043182
v 0.077800 -0.022441 0.043307
v 0.077800 -0.022408 0.043431
v 0.077800 -0.022367 0.043552
v 0.077800 -0.02232 0.043671
v 0.077800 -0.022266 0.043787
v 0.077800 -0.022205 0.043900
v 0.077800 -0.022138 0.044009
v 0.077800 -0.022065 0.044114
v 0.077800 -0.021985 0.044214
v 0.077800 -0.0219 0.044310
v 0.077800 -0.02181 0.044400
v 0.077800 -0.021714 0.044485
v 0.077800 -0.021614 0.044565
v 0.077800 -0.021509 0.044638
v 0.077800 -0.0214 0.044705
v 0.077800 -0.021287 0.044766
v 0.077800 -0.021171 0.044820
v 0.077800 -0.021052 0.044867
v 0.077800 -0.020931 0.044908
v 0.077800 -0.020807 0.044941
v 0.077800 -0.020682 0.044967
v 0.077800 -0.020555 0.044985
v 0.077800 -0.020428 0.044996
v 0.450000 0.0203 -1.012800
v 0.449996 0.020428 -1.012800
v 0.449985 0.020555 -1.012800
v 0.449967 0.020682 -1.012800
v 0.449941 0.020807 -1.012800
v 0.449908 0.020931 -1.012800
v 0.449867 0.021052 -1.012800
v 0.449820 0.021171 -1.012800
v 0.449766 0.021287 -1.012800
v 0.449705 0.0214 -1.012800
v 0.449638 0.021509 -1.012800
v 0.449565 0.021614 -1.012800
v 0.449485 0.021714 -1.012800
v 0.449400 0.02181 -1.012800
v 0.449310 0.0219 -1.012800
v 0.449214 0.021985 -1.012800
v 0.449114 0.022065 -1.012800
v 0.449009 0.022138 -1.012800
v 0.448900 0.022205 -1.012800
v 0.448787 0.022266 -1.012800
v 0.448671 0.02232 -1.012800
v 0.448552 0.022367 -1.012800
v 0.448431 0.022408 -1.012800
v 0.448307 0.022441 -1.012800
v 0.448182 0.022467 -1.012800
v 0.448055 0.022485 -1.012800
v 0.447928 0.022496 -1.012800
v 0.447800 0.0225 -1.012800
v 0.450000 0.0203 -1.012800
v 0.449996 0.0203 -1.012928
v 0.449985 0.0203 -1.013055
v 0.449967 0.0203 -1.013182
v 0.449941 0.0203 -1.013307
v 0.449908 0.0203 -1.013431
v 0.449867 0.0203 -1.013552
v 0.449820 0.0203 -1.013671
v 0.449766 0.0203 -1.013787
v 0.449705 0.0203 -1.013900
v 0.449638 0.0203 -1.014009
v 0.449565 0.0203 -1.014114
v 0.449485 0.0203 -1.014214
v 0.449400 0.0203 -1.014310
v 0.449310 0.0203 -1.014400
v 0.449214 0.0203 -1.014485
v 0.449114 0.0203 -1.014565
v 0.449009 0.0203 -1.014638
v 0.448900 0.0203 -1.014705
v 0.448787 0.0203 -1.014766
v 0.448671 0.0203 -1.014820
v 0.448552 0.0203 -1.014867
v 0.448431 0.0203 -1.014908
v 0.448307 0.0203 -1.014941
v 0.448182 0.0203 -1.014967
v 0.448055 0.0203 -1.014985
v 0.447928 0.0203 -1.014996
v 0.447800 0.0203 -1.015000
v 0.447800 0.022496 -1.012928
v 0.447800 0.022485 -1.013055
v 0.447800 0.022467 -1.013182
v 0.447800 0.022441 -1.013307
v 0.447800 0.022408 -1.013431
v 0.447800 0.022367 -1.013552
v 0.447800 0.02232 -1.013671
v 0.447800 0.022266 -1.013787
v 0.447800 0.022205 -1.013900
v 0.447800 0.022138 -1.014009
v 0.447800 0.022065 -1.014114
v 0.447800 0.021985 -1.014214
v 0.447800 0.0219 -1.014310
v 0.447800 0.02181 -1.014400
v 0.447800 0.021714 -1.014485
v 0.447800 0.021614 -1.014565
v 0.447800 0.021509 -1.014638
v 0.447800 0.0214 -1.014705
v 0.447800 0.021287 -1.014766
v 0.447800 0.021171 -1.014820
v 0.447800 0.021052 -1.014867
v 0.447800 0.020931 -1.014908
v 0.447800 0.020807 -1.014941
v 0.447800 0.020682 -1.014967
v 0.447800 0.020555 -1.014985
v 0.447800 0.020428 -1.014996
v 0.449995 0.02045 -1.012805
v 0.449995 0.020449 -1.012815
v 0.449995 0.020448 -1.012826
v 0.449980 0.020599 -1.012820
v 0.449995 0.020446 -1.012836
v 0.449980 0.020597 -1.012841
v 0.449954 0.020747 -1.012815
v 0.449995 0.020443 -1.012845
v 0.449980 0.020593 -1.012861
v 0.449954 0.020745 -1.012846
v 0.449995 0.02044 -1.012855
v 0.449980 0.020588 -1.012881
v 0.449954 0.020741 -1.012876
v 0.449918 0.020892 -1.012841
v 0.449995 0.020436 -1.012864
v 0.449980 0.020582 -1.012900
v 0.449954 0.020735 -1.012906
v 0.449918 0.020888 -1.012881
v 0.449995 0.020431 -1.012874
v 0.449873 0.021036 -1.012825
v 0.449980 0.020575 -1.012919
v 0.449954 0.020727 -1.012935
v 0.449918 0.020881 -1.012921
v 0.449995 0.020426 -1.012882
v 0.449873 0.021033 -1.012875
v 0.449980 0.020566 -1.012938
v 0.449954 0.020716 -1.012964
v 0.449918 0.020872 -1.012960
v 0.449995 0.02042 -1.012891
v 0.449873 0.021026 -1.012925
v 0.449980 0.020556 -1.012956
v 0.449818 0.021174 -1.012860
v 0.449954 0.020704 -1.012992
v 0.449918 0.020859 -1.012999
v 0.449995 0.020413 -1.012899
v 0.449873 0.021016 -1.012974
v 0.449980 0.020545 -1.012973
v 0.449818 0.021168 -1.012919
v 0.449954 0.02069 -1.013019
v 0.449753 0.021312 -1.012835
v 0.449918 0.020844 -1.013036
v 0.449995 0.020406 -1.012906
v 0.449873 0.021002 -1.013023
v 0.449980 0.020532 -1.012989
v 0.449818 0.021158 -1.012978
v 0.449954 0.020674 -1.013045
v 0.449753 0.021307 -1.012904
v 0.449918 0.020827 -1.013073
v 0.449995 0.020399 -1.012913
v 0.449873 0.020985 -1.013070
v 0.449980 0.020519 -1.013004
v 0.449818 0.021144 -1.013036
v 0.449954 0.020657 -1.013070
v 0.449753 0.021297 -1.012972
v 0.449918 0.020807 -1.013108
v 0.449680 0.02144 -1.012878
v 0.449995 0.020391 -1.012920
v 0.449873 0.020965 -1.013116
v 0.449980 0.020504 -1.013019
v 0.449818 0.021126 -1.013094
v 0.449954 0.020637 -1.013094
v 0.449753 0.021283 -1.013040
v 0.449918 0.020785 -1.013142
v 0.449680 0.021432 -1.012956
v 0.449995 0.020382 -1.012926
v 0.449873 0.020942 -1.013161
v 0.449597 0.021568 -1.012843
v 0.449980 0.020489 -1.013032
v 0.449818 0.021104 -1.013149
v 0.449954 0.020617 -1.013117
v 0.449753 0.021265 -1.013106
v 0.449918 0.02076 -1.013175
v 0.449680 0.021419 -1.013033
v 0.449995 0.020374 -1.012931
v 0.449873 0.020916 -1.013204
v 0.449597 0.021562 -1.012930
v 0.449980 0.020473 -1.013045
v 0.449818 0.021078 -1.013203
v 0.449954 0.020594 -1.013137
v 0.449753 0.021242 -1.013171
v 0.449918 0.020734 -1.013205
v 0.449680 0.021401 -1.013108
v 0.449995 0.020364 -1.012936
v 0.449873 0.020887 -1.013245
v 0.449597 0.02155 -1.013016
v 0.449980 0.020456 -1.013056
v 0.449818 0.021049 -1.013255
v 0.449507 0.021685 -1.012895
v 0.449954 0.02057 -1.013157
v 0.449753 0.021214 -1.013235
v 0.449918 0.020705 -1.013234
v 0.449680 0.021377 -1.013183
v 0.449995 0.020355 -1.012940
v 0.449873 0.020855 -1.013284
v 0.449597 0.021533 -1.013100
v 0.449980 0.020438 -1.013066
v 0.449818 0.021016 -1.013305
v 0.449507 0.021675 -1.012989
v 0.449954 0.020545 -1.013174
v 0.449753 0.021182 -1.013296
v 0.449408 0.021801 -1.012851
v 0.449918 0.020675 -1.013260
v 0.449680 0.021348 -1.013255
v 0.449995 0.020345 -1.012943
v 0.449873 0.020821 -1.013321
v 0.449597 0.021509 -1.013184
v 0.449980 0.020419 -1.013075
v 0.449818 0.02098 -1.013353
v 0.449507 0.021659 -1.013082
v 0.449954 0.020519 -1.013190
v 0.449753 0.021146 -1.013355
v 0.449408 0.021794 -1.012954
v 0.449918 0.020642 -1.013285
v 0.449680 0.021315 -1.013326
v 0.449995 0.020336 -1.012946
v 0.449873 0.020784 -1.013355
v 0.449597 0.02148 -1.013265
v 0.449980 0.0204 -1.013082
v 0.449818 0.020941 -1.013398
v 0.449507 0.021637 -1.013175
v 0.449954 0.020492 -1.013204
v 0.449753 0.021106 -1.013412
v 0.449408 0.02178 -1.013055
v 0.449918 0.020608 -1.013307
v 0.449680 0.021277 -1.013394
v 0.449302 0.021904 -1.012910
v 0.449995 0.020326 -1.012948
v 0.449873 0.020745 -1.013387
v 0.449597 0.021446 -1.013345
v 0.449980 0.020381 -1.013088
v 0.449818 0.020898 -1.013441
v 0.449507 0.021608 -1.013265
v 0.449954 0.020464 -1.013216
v 0.449753 0.021063 -1.013465
v 0.449408 0.021759 -1.013156
v 0.449918 0.020573 -1.013327
v 0.449680 0.021234 -1.013459
v 0.449302 0.021893 -1.013019
v 0.449995 0.020315 -1.012949
v 0.449873 0.020704 -1.013416
v 0.449597 0.021406 -1.013422
v 0.449188 0.022006 -1.012858
v 0.449980 0.020361 -1.013093
v 0.449818 0.020853 -1.013480
v 0.449507 0.021573 -1.013353
v 0.449954 0.020435 -1.013227
v 0.449753 0.021016 -1.013516
v 0.449408 0.021731 -1.013254
v 0.449918 0.020536 -1.013344
v 0.449680 0.021187 -1.013521
v 0.449302 0.021874 -1.013127
v 0.449995 0.020305 -1.012950
v 0.449873 0.020661 -1.013442
v 0.449597 0.021361 -1.013496
v 0.449188 0.021998 -1.012975
v 0.449980 0.020341 -1.013097
v 0.449818 0.020805 -1.013516
v 0.449507 0.021533 -1.013439
v 0.449954 0.020406 -1.013235
v 0.449753 0.020965 -1.013563
v 0.449408 0.021697 -1.013351
v 0.449918 0.020499 -1.013359
v 0.449680 0.021135 -1.013580
v 0.449302 0.021848 -1.013234
v 0.449873 0.020616 -1.013465
v 0.449597 0.021311 -1.013567
v 0.449188 0.021982 -1.013090
v 0.449980 0.02032 -1.013099
v 0.449818 0.020755 -1.013549
v 0.449507 0.021486 -1.013521
v 0.449069 0.022093 -1.012923
v 0.449954 0.020376 -1.013241
v 0.449753 0.020912 -1.013606
v 0.449408 0.021656 -1.013445
v 0.449918 0.02046 -1.013372
v 0.449680 0.02108 -1.013635
v 0.449302 0.021815 -1.013338
v 0.449873 0.02057 -1.013485
v 0.449597 0.021256 -1.013634
v 0.449188 0.021958 -1.013204
v 0.449818 0.020703 -1.013578
v 0.449507 0.021434 -1.013601
v 0.449069 0.022081 -1.013045
v 0.449954 0.020346 -1.013245
v 0.449753 0.020855 -1.013646
v 0.449408 0.021609 -1.013536
v 0.448943 0.022179 -1.012864
v 0.449918 0.020421 -1.013381
v 0.449680 0.021021 -1.013687
v 0.449302 0.021775 -1.013441
v 0.449873 0.020523 -1.013502
v 0.449597 0.021197 -1.013697
v 0.449188 0.021927 -1.013316
v 0.449818 0.020649 -1.013604
v 0.449507 0.021377 -1.013676
v 0.449069 0.02206 -1.013166
v 0.449954 0.020315 -1.013247
v 0.449753 0.020796 -1.013682
v 0.449408 0.021556 -1.013624
v 0.448943 0.02217 -1.012992
v 0.449918 0.020381 -1.013388
v 0.449680 0.020959 -1.013734
v 0.449302 0.021728 -1.013540
v 0.449873 0.020474 -1.013516
v 0.449597 0.021134 -1.013756
v 0.449188 0.021888 -1.013426
v 0.449818 0.020594 -1.013626
v 0.449507 0.021315 -1.013748
v 0.449069 0.022031 -1.013285
v 0.449753 0.020735 -1.013714
v 0.449408 0.021496 -1.013707
v 0.448943 0.022152 -1.013119
v 0.449918 0.020341 -1.013392
v 0.449680 0.020894 -1.013777
v 0.449302 0.021674 -1.013635
v 0.448812 0.022249 -1.012933
v 0.449873 0.020425 -1.013526
v 0.449597 0.021067 -1.013811
v 0.449188 0.021841 -1.013533
v 0.449818 0.020536 -1.013644
v 0.449507 0.021248 -1.013815
v 0.449069 0.021994 -1.013402
v 0.449753 0.020671 -1.013742
v 0.449408 0.021432 -1.013787
v 0.448943 0.022126 -1.013245
v 0.449680 0.020826 -1.013815
v 0.449302 0.021614 -1.013727
v 0.448812 0.022235 -1.013066
v 0.449873 0.020375 -1.013533
v 0.449597 0.020996 -1.013861
v 0.449188 0.021788 -1.013636
v 0.448676 0.022317 -1.012869
v 0.449818 0.020478 -1.013658
v 0.449507 0.021176 -1.013877
v 0.449069 0.021949 -1.013516
v 0.449753 0.020606 -1.013765
v 0.449408 0.021362 -1.013862
v 0.448943 0.022092 -1.013369
v 0.449680 0.020755 -1.013848
v 0.449302 0.021547 -1.013815
v 0.448812 0.022212 -1.013197
v 0.449873 0.020325 -1.013536
v 0.449597 0.020922 -1.013906
v 0.449188 0.021727 -1.013736
v 0.448676 0.022307 -1.013006
v 0.449818 0.020419 -1.013668
v 0.449507 0.021101 -1.013934
v 0.449069 0.021896 -1.013627
v 0.449753 0.02054 -1.013783
v 0.449408 0.021287 -1.013932
v 0.448943 0.022049 -1.013490
v 0.449680 0.020683 -1.013877
v 0.449302 0.021475 -1.013897
v 0.448812 0.022181 -1.013327
v 0.449597 0.020845 -1.013946
v 0.449188 0.02166 -1.013831
v 0.448676 0.022289 -1.013143
v 0.449818 0.02036 -1.013674
v 0.449507 0.021021 -1.013986
v 0.449069 0.021836 -1.013734
v 0.448537 0.022368 -1.012941
v 0.449753 0.020472 -1.013797
v 0.449408 0.021207 -1.013996
v 0.448943 0.021998 -1.013607
v 0.449680 0.020608 -1.013901
v 0.449302 0.021397 -1.013975
v 0.448812 0.022141 -1.013454
v 0.449597 0.020765 -1.013980
v 0.449188 0.021586 -1.013922
v 0.448676 0.02226 -1.013278
v 0.449507 0.020939 -1.014033
v 0.449069 0.021768 -1.013836
v 0.448537 0.022354 -1.013082
v 0.449753 0.020404 -1.013807
v 0.449408 0.021124 -1.014056
v 0.448943 0.021938 -1.013721
v 0.448394 0.022417 -1.012872
v 0.449680 0.020533 -1.013919
v 0.449302 0.021315 -1.014047
v 0.448812 0.022092 -1.013578
v 0.449597 0.020684 -1.014009
v 0.449188 0.021507 -1.014007
v 0.448676 0.022223 -1.013410
v 0.449507 0.020853 -1.014073
v 0.449069 0.021694 -1.013934
v 0.448537 0.02233 -1.013222
v 0.449753 0.020335 -1.013812
v 0.449408 0.021036 -1.014109
v 0.448943 0.021872 -1.013831
v 0.448394 0.022407 -1.013017
v 0.449680 0.020456 -1.013932
v 0.449302 0.021227 -1.014114
v 0.448812 0.022034 -1.013699
v 0.449597 0.0206 -1.014033
v 0.449188 0.021422 -1.014086
v 0.448676 0.022177 -1.013540
v 0.449507 0.020765 -1.014108
v 0.449069 0.021614 -1.014027
v 0.448537 0.022296 -1.013359
v 0.449408 0.020945 -1.014156
v 0.448943 0.021798 -1.013936
v 0.448394 0.022388 -1.013160
v 0.449680 0.020378 -1.013940
v 0.449302 0.021135 -1.014174
v 0.448812 0.021969 -1.013815
v 0.448248 0.022449 -1.012947
v 0.449597 0.020516 -1.014050
v 0.449188 0.021331 -1.014160
v 0.448676 0.022122 -1.013667
v 0.449507 0.020675 -1.014137
v 0.449069 0.021527 -1.014114
v 0.448537 0.022253 -1.013494
v 0.449408 0.020851 -1.014197
v 0.448943 0.021717 -1.014035
v 0.448394 0.022358 -1.013302
v 0.449302 0.02104 -1.014228
v 0.448812 0.021896 -1.013926
v 0.448248 0.022434 -1.013093
v 0.449597 0.02043 -1.014062
v 0.449188 0.021236 -1.014227
v 0.448676 0.022059 -1.013789
v 0.448100 0.022478 -1.012874
v 0.449507 0.020582 -1.014159
v 0.449069 0.021434 -1.014194
v 0.448537 0.022201 -1.013626
v 0.449408 0.020754 -1.014231
v 0.448943 0.021629 -1.014129
v 0.448394 0.022319 -1.013441
v 0.449302 0.020941 -1.014275
v 0.448812 0.021815 -1.014033
v 0.448248 0.022409 -1.013238
v 0.449597 0.020343 -1.014068
v 0.449188 0.021136 -1.014288
v 0.448676 0.021987 -1.013907
v 0.448100 0.022468 -1.013023
v 0.449507 0.020489 -1.014175
v 0.449069 0.021336 -1.014268
v 0.448537 0.022141 -1.013754
v 0.449408 0.020656 -1.014259
v 0.448943 0.021535 -1.014217
v 0.448394 0.022271 -1.013577
v 0.449302 0.020838 -1.014315
v 0.448812 0.021728 -1.014133
v 0.448248 0.022374 -1.013381
v 0.449188 0.021033 -1.014341
v 0.448676 0.021908 -1.014019
v 0.448100 0.022448 -1.013170
v 0.449507 0.020395 -1.014185
v 0.449069 0.021234 -1.014336
v 0.448537 0.022071 -1.013877
v 0.447950 0.02249 -1.012950
v 0.449408 0.020555 -1.014280
v 0.448943 0.021436 -1.014298
v 0.448394 0.022213 -1.013710
v 0.449302 0.020734 -1.014348
v 0.448812 0.021633 -1.014228
v 0.448248 0.02233 -1.013521
v 0.449188 0.020926 -1.014388
v 0.448676 0.021821 -1.014126
v 0.448100 0.022418 -1.013316
v 0.449069 0.021127 -1.014396
v 0.448537 0.021994 -1.013995
v 0.447950 0.022474 -1.013099
v 0.449408 0.020454 -1.014294
v 0.448943 0.021331 -1.014372
v 0.448394 0.022147 -1.013838
v 0.449302 0.020627 -1.014374
v 0.448812 0.021533 -1.014315
v 0.448248 0.022276 -1.013658
v 0.449188 0.020816 -1.014427
v 0.448676 0.021727 -1.014227
v 0.448100 0.022377 -1.013459
v 0.449069 0.021016 -1.014449
v 0.448537 0.021908 -1.014108
v 0.447950 0.022449 -1.013247
v 0.449408 0.020351 -1.014301
v 0.448943 0.021221 -1.014438
v 0.448394 0.022071 -1.013962
v 0.449302 0.020519 -1.014393
v 0.448812 0.021426 -1.014396
v 0.448248 0.022212 -1.013791
v 0.449188 0.020704 -1.014458
v 0.448676 0.021626 -1.014321
v 0.448100 0.022328 -1.013600
v 0.449069 0.020902 -1.014494
v 0.448537 0.021815 -1.014215
v 0.447950 0.022413 -1.013392
v 0.448943 0.021107 -1.014498
v 0.448394 0.021988 -1.014080
v 0.449302 0.02041 -1.014404
v 0.448812 0.021315 -1.014469
v 0.448248 0.02214 -1.013919
v 0.449188 0.02059 -1.014482
v 0.448676 0.021519 -1.014408
v 0.448100 0.022268 -1.013736
v 0.449069 0.020785 -1.014531
v 0.448537 0.021715 -1.014315
v 0.447950 0.022368 -1.013535
v 0.448943 0.02099 -1.014549
v 0.448394 0.021897 -1.014192
v 0.448812 0.021199 -1.014534
v 0.448248 0.02206 -1.014042
v 0.449188 0.020475 -1.014498
v 0.448676 0.021407 -1.014487
v 0.448100 0.0222 -1.013868
v 0.449069 0.020666 -1.014560
v 0.448537 0.021608 -1.014408
v 0.447950 0.022313 -1.013674
v 0.448943 0.020869 -1.014592
v 0.448394 0.021798 -1.014298
v 0.448812 0.021078 -1.014592
v 0.448248 0.021971 -1.014159
v 0.449188 0.020358 -1.014506
v 0.448676 0.021289 -1.014559
v 0.448100 0.022122 -1.013995
v 0.449069 0.020545 -1.014581
v 0.448537 0.021495 -1.014494
v 0.447950 0.022249 -1.013810
v 0.448943 0.020745 -1.014626
v 0.448394 0.021692 -1.014397
v 0.448812 0.020954 -1.014641
v 0.448248 0.021874 -1.014270
v 0.448676 0.021167 -1.014622
v 0.448100 0.022037 -1.014117
v 0.449069 0.020423 -1.014593
v 0.448537 0.021377 -1.014571
v 0.447950 0.022175 -1.013940
v 0.448943 0.020619 -1.014652
v 0.448394 0.02158 -1.014488
v 0.448812 0.020827 -1.014681
v 0.448248 0.02177 -1.014374
v 0.448676 0.02104 -1.014677
v 0.448100 0.021943 -1.014232
v 0.448537 0.021254 -1.014641
v 0.447950 0.022093 -1.014066
v 0.448943 0.020492 -1.014670
v 0.448394 0.021462 -1.014571
v 0.448812 0.020697 -1.014712
v 0.448248 0.021659 -1.014471
v 0.448676 0.02091 -1.014723
v 0.448100 0.021841 -1.014341
v 0.448537 0.021126 -1.014701
v 0.447950 0.022003 -1.014185
v 0.448943 0.020364 -1.014679
v 0.448394 0.021338 -1.014647
v 0.448812 0.020566 -1.014735
v 0.448248 0.021542 -1.014560
v 0.448676 0.020778 -1.014760
v 0.448100 0.021732 -1.014443
v 0.448537 0.020994 -1.014753
v 0.447950 0.021904 -1.014298
v 0.448394 0.02121 -1.014713
v 0.448812 0.020433 -1.014749
v 0.448248 0.021419 -1.014640
v 0.448676 0.020643 -1.014789
v 0.448100 0.021617 -1.014537
v 0.448537 0.020859 -1.014796
v 0.447950 0.021798 -1.014404
v 0.448394 0.021077 -1.014771
v 0.448248 0.021291 -1.014712
v 0.448676 0.020506 -1.014807
v 0.448100 0.021495 -1.014622
v 0.448537 0.020722 -1.014830
v 0.447950 0.021685 -1.014503
v 0.448394 0.020941 -1.014819
v 0.448248 0.021158 -1.014776
v 0.448676 0.020369 -1.014817
v 0.448100 0.021368 -1.014700
v 0.448537 0.020582 -1.014854
v 0.447950 0.021566 -1.014593
v 0.448394 0.020802 -1.014858
v 0.448248 0.021021 -1.014830
v 0.448100 0.021236 -1.014768
v 0.448537 0.020441 -1.014868
v 0.447950 0.02144 -1.014675
v 0.448394 0.02066 -1.014888
v 0.448248 0.020881 -1.014874
v 0.448100 0.0211 -1.014828
v 0.447950 0.02131 -1.014749
v 0.448394 0.020517 -1.014907
v 0.448248 0.020738 -1.014909
v 0.448100 0.020959 -1.014877
v 0.447950 0.021174 -1.014813
v 0.448394 0.020372 -1.014917
v 0.448248 0.020593 -1.014934
v 0.448100 0.020816 -1.014918
v 0.447950 0.021035 -1.014868
v 0.448248 0.020447 -1.014949
v 0.448100 0.02067 -1.014948
v 0.447950 0.020892 -1.014913
v 0.448100 0.020523 -1.014968
v 0.447950 0.020747 -1.014949
v 0.448100 0.020374 -1.014978
v 0.447950 0.020599 -1.014974
v 0.447950 0.02045 -1.014990
v 0.447800 0.0203 1.015000
v 0.447800 0.020428 1.014996
v 0.447800 0.020555 1.014985
v 0.447800 0.020682 1.014967
v 0.447800 0.020807 1.014941
v 0.447800 0.020931 1.014908
v 0.447800 0.021052 1.014867
v 0.447800 0.021171 1.014820
v 0.447800 0.021287 1.014766
v 0.447800 0.0214 1.014705
v 0.447800 0.021509 1.014638
v 0.447800 0.021614 1.014565
v 0.447800 0.021714 1.014485
v 0.447800 0.02181 1.014400
v 0.447800 0.0219 1.014310
v 0.447800 0.021985 1.014214
v 0.447800 0.022065 1.014114
v 0.447800 0.022138 1.014009
v 0.447800 0.022205 1.013900
v 0.447800 0.022266 1.013787
v 0.447800 0.02232 1.013671
v 0.447800 0.022367 1.013552
v 0.447800 0.022408 1.013431
v 0.447800 0.022441 1.013307
v 0.447800 0.022467 1.013182
v 0.447800 0.022485 1.013055
v 0.447800 0.022496 1.012928
v 0.447800 0.0225 1.012800
v 0.447800 0.0203 1.015000
v 0.447928 0.0203 1.014996
v 0.448055 0.0203 1.014985
v 0.448182 0.0203 1.014967
v 0.448307 0.0203 1.014941
v 0.448431 0.0203 1.014908
v 0.448552 0.0203 1.014867
v 0.448671 0.0203 1.014820
v 0.448787 0.0203 1.014766
v 0.448900 0.0203 1.014705
v 0.449009 0.0203 1.014638
v 0.449114 0.0203 1.014565
v 0.449214 0.0203 1.014485
v 0.449310 0.0203 1.014400
v 0.449400 0.0203 1.014310
v 0.449485 0.0203 1.014214
v 0.449565 0.0203 1.014114
v 0.449638 0.0203 1.014009
v 0.449705 0.0203 1.013900
v 0.449766 0.0203 1.013787
v 0.449820 0.0203 1.013671
v 0.449867 0.0203 1.013552
v 0.449908 0.0203 1.013431
v 0.449941 0.0203 1.013307
v 0.449967 0.0203 1.013182
v 0.449985 0.0203 1.013055
v 0.449996 0.0203 1.012928
v 0.450000 0.0203 1.012800
v 0.447928 0.022496 1.012800
v 0.448055 0.022485 1.012800
v 0.448182 0.022467 1.012800
v 0.448307 0.022441 1.012800
v 0.448431 0.022408 1.012800
v 0.448552 0.022367 1.012800
v 0.448671 0.02232 1.012800
v 0.448787 0.022266 1.012800
v 0.448900 0.022205 1.012800
v 0.449009 0.022138 1.012800
v 0.449114 0.022065 1.012800
v 0.449214 0.021985 1.012800
v 0.449310 0.0219 1.012800
v 0.449400 0.02181 1.012800
v 0.449485 0.021714 1.012800
v 0.449565 0.021614 1.012800
v 0.449638 0.021509 1.012800
v 0.449705 0.0214 1.012800
v 0.449766 0.021287 1.012800
v 0.449820 0.021171 1.012800
v 0.449867 0.021052 1.012800
v 0.449908 0.020931 1.012800
v 0.449941 0.020807 1.012800
v 0.449967 0.020682 1.012800
v 0.449985 0.020555 1.012800
v 0.449996 0.020428 1.012800
v 0.447805 0.02045 1.014995
v 0.447815 0.020449 1.014995
v 0.447826 0.020448 1.014995
v 0.447820 0.020599 1.014980
v 0.447836 0.020446 1.014995
v 0.447841 0.020597 1.014980
v 0.447815 0.020747 1.014954
v 0.447845 0.020443 1.014995
v 0.447861 0.020593 1.014980
v 0.447846 0.020745 1.014954
v 0.447855 0.02044 1.014995
v 0.447881 0.020588 1.014980
v 0.447876 0.020741 1.014954
v 0.447841 0.020892 1.014918
v 0.447864 0.020436 1.014995
v 0.447900 0.020582 1.014980
v 0.447906 0.020735 1.014954
v 0.447881 0.020888 1.014918
v 0.447874 0.020431 1.014995
v 0.447825 0.021036 1.014873
v 0.447919 0.020575 1.014980
v 0.447935 0.020727 1.014954
v 0.447921 0.020881 1.014918
v 0.447882 0.020426 1.014995
v 0.447875 0.021033 1.014873
v 0.447938 0.020566 1.014980
v 0.447964 0.020716 1.014954
v 0.447960 0.020872 1.014918
v 0.447891 0.02042 1.014995
v 0.447925 0.021026 1.014873
v 0.447956 0.020556 1.014980
v 0.447860 0.021174 1.014818
v 0.447992 0.020704 1.014954
v 0.447999 0.020859 1.014918
v 0.447899 0.020413 1.014995
v 0.447974 0.021016 1.014873
v 0.447973 0.020545 1.014980
v 0.447919 0.021168 1.014818
v 0.448019 0.02069 1.014954
v 0.447835 0.021312 1.014753
v 0.448036 0.020844 1.014918
v 0.447906 0.020406 1.014995
v 0.448023 0.021002 1.014873
v 0.447989 0.020532 1.014980
v 0.447978 0.021158 1.014818
v 0.448045 0.020674 1.014954
v 0.447904 0.021307 1.014753
v 0.448073 0.020827 1.014918
v 0.447913 0.020399 1.014995
v 0.448070 0.020985 1.014873
v 0.448004 0.020519 1.014980
v 0.448036 0.021144 1.014818
v 0.448070 0.020657 1.014954
v 0.447972 0.021297 1.014753
v 0.448108 0.020807 1.014918
v 0.447878 0.02144 1.014680
v 0.447920 0.020391 1.014995
v 0.448116 0.020965 1.014873
v 0.448019 0.020504 1.014980
v 0.448094 0.021126 1.014818
v 0.448094 0.020637 1.014954
v 0.448040 0.021283 1.014753
v 0.448142 0.020785 1.014918
v 0.447956 0.021432 1.014680
v 0.447926 0.020382 1.014995
v 0.448161 0.020942 1.014873
v 0.447843 0.021568 1.014597
v 0.448032 0.020489 1.014980
v 0.448149 0.021104 1.014818
v 0.448117 0.020617 1.014954
v 0.448106 0.021265 1.014753
v 0.448175 0.02076 1.014918
v 0.448033 0.021419 1.014680
v 0.447931 0.020374 1.014995
v 0.448204 0.020916 1.014873
v 0.447930 0.021562 1.014597
v 0.448045 0.020473 1.014980
v 0.448203 0.021078 1.014818
v 0.448137 0.020594 1.014954
v 0.448171 0.021242 1.014753
v 0.448205 0.020734 1.014918
v 0.448108 0.021401 1.014680
v 0.447936 0.020364 1.014995
v 0.448245 0.020887 1.014873
v 0.448016 0.02155 1.014597
v 0.448056 0.020456 1.014980
v 0.448255 0.021049 1.014818
v 0.447895 0.021685 1.014507
v 0.448157 0.02057 1.014954
v 0.448235 0.021214 1.014753
v 0.448234 0.020705 1.014918
v 0.448183 0.021377 1.014680
v 0.447940 0.020355 1.014995
v 0.448284 0.020855 1.014873
v 0.448100 0.021533 1.014597
v 0.448066 0.020438 1.014980
v 0.448305 0.021016 1.014818
v 0.447989 0.021675 1.014507
v 0.448174 0.020545 1.014954
v 0.448296 0.021182 1.014753
v 0.447851 0.021801 1.014408
v 0.448260 0.020675 1.014918
v 0.448255 0.021348 1.014680
v 0.447943 0.020345 1.014995
v 0.448321 0.020821 1.014873
v 0.448184 0.021509 1.014597
v 0.448075 0.020419 1.014980
v 0.448353 0.02098 1.014818
v 0.448082 0.021659 1.014507
v 0.448190 0.020519 1.014954
v 0.448355 0.021146 1.014753
v 0.447954 0.021794 1.014408
v 0.448285 0.020642 1.014918
v 0.448326 0.021315 1.014680
v 0.447946 0.020336 1.014995
v 0.448355 0.020784 1.014873
v 0.448265 0.02148 1.014597
v 0.448082 0.0204 1.014980
v 0.448398 0.020941 1.014818
v 0.448175 0.021637 1.014507
v 0.448204 0.020492 1.014954
v 0.448412 0.021106 1.014753
v 0.448055 0.02178 1.014408
v 0.448307 0.020608 1.014918
v 0.448394 0.021277 1.014680
v 0.447910 0.021904 1.014302
v 0.447948 0.020326 1.014995
v 0.448387 0.020745 1.014873
v 0.448345 0.021446 1.014597
v 0.448088 0.020381 1.014980
v 0.448441 0.020898 1.014818
v 0.448265 0.021608 1.014507
v 0.448216 0.020464 1.014954
v 0.448465 0.021063 1.014753
v 0.448156 0.021759 1.014408
v 0.448327 0.020573 1.014918
v 0.448459 0.021234 1.014680
v 0.448019 0.021893 1.014302
v 0.447949 0.020315 1.014995
v 0.448416 0.020704 1.014873
v 0.448422 0.021406 1.014597
v 0.447858 0.022006 1.014188
v 0.448093 0.020361 1.014980
v 0.448480 0.020853 1.014818
v 0.448353 0.021573 1.014507
v 0.448227 0.020435 1.014954
v 0.448516 0.021016 1.014753
v 0.448254 0.021731 1.014408
v 0.448344 0.020536 1.014918
v 0.448521 0.021187 1.014680
v 0.448127 0.021874 1.014302
v 0.447950 0.020305 1.014995
v 0.448442 0.020661 1.014873
v 0.448496 0.021361 1.014597
v 0.447975 0.021998 1.014188
v 0.448097 0.020341 1.014980
v 0.448516 0.020805 1.014818
v 0.448439 0.021533 1.014507
v 0.448235 0.020406 1.014954
v 0.448563 0.020965 1.014753
v 0.448351 0.021697 1.014408
v 0.448359 0.020499 1.014918
v 0.448580 0.021135 1.014680
v 0.448234 0.021848 1.014302
v 0.448465 0.020616 1.014873
v 0.448567 0.021311 1.014597
v 0.448090 0.021982 1.014188
v 0.448099 0.02032 1.014980
v 0.448549 0.020755 1.014818
v 0.448521 0.021486 1.014507
v 0.447923 0.022093 1.014069
v 0.448241 0.020376 1.014954
v 0.448606 0.020912 1.014753
v 0.448445 0.021656 1.014408
v 0.448372 0.02046 1.014918
v 0.448635 0.02108 1.014680
v 0.448338 0.021815 1.014302
v 0.448485 0.02057 1.014873
v 0.448634 0.021256 1.014597
v 0.448204 0.021958 1.014188
v 0.448578 0.020703 1.014818
v 0.448601 0.021434 1.014507
v 0.448045 0.022081 1.014069
v 0.448245 0.020346 1.014954
v 0.448646 0.020855 1.014753
v 0.448536 0.021609 1.014408
v 0.447864 0.022179 1.013943
v 0.448381 0.020421 1.014918
v 0.448687 0.021021 1.014680
v 0.448441 0.021775 1.014302
v 0.448502 0.020523 1.014873
v 0.448697 0.021197 1.014597
v 0.448316 0.021927 1.014188
v 0.448604 0.020649 1.014818
v 0.448676 0.021377 1.014507
v 0.448166 0.02206 1.014069
v 0.448247 0.020315 1.014954
v 0.448682 0.020796 1.014753
v 0.448624 0.021556 1.014408
v 0.447992 0.02217 1.013943
v 0.448388 0.020381 1.014918
v 0.448734 0.020959 1.014680
v 0.448540 0.021728 1.014302
v 0.448516 0.020474 1.014873
v 0.448756 0.021134 1.014597
v 0.448426 0.021888 1.014188
v 0.448626 0.020594 1.014818
v 0.448748 0.021315 1.014507
v 0.448285 0.022031 1.014069
v 0.448714 0.020735 1.014753
v 0.448707 0.021496 1.014408
v 0.448119 0.022152 1.013943
v 0.448392 0.020341 1.014918
v 0.448777 0.020894 1.014680
v 0.448635 0.021674 1.014302
v 0.447933 0.022249 1.013812
v 0.448526 0.020425 1.014873
v 0.448811 0.021067 1.014597
v 0.448533 0.021841 1.014188
v 0.448644 0.020536 1.014818
v 0.448815 0.021248 1.014507
v 0.448402 0.021994 1.014069
v 0.448742 0.020671 1.014753
v 0.448787 0.021432 1.014408
v 0.448245 0.022126 1.013943
v 0.448815 0.020826 1.014680
v 0.448727 0.021614 1.014302
v 0.448066 0.022235 1.013812
v 0.448533 0.020375 1.014873
v 0.448861 0.020996 1.014597
v 0.448636 0.021788 1.014188
v 0.447869 0.022317 1.013676
v 0.448658 0.020478 1.014818
v 0.448877 0.021176 1.014507
v 0.448516 0.021949 1.014069
v 0.448765 0.020606 1.014753
v 0.448862 0.021362 1.014408
v 0.448369 0.022092 1.013943
v 0.448848 0.020755 1.014680
v 0.448815 0.021547 1.014302
v 0.448197 0.022212 1.013812
v 0.448536 0.020325 1.014873
v 0.448906 0.020922 1.014597
v 0.448736 0.021727 1.014188
v 0.448006 0.022307 1.013676
v 0.448668 0.020419 1.014818
v 0.448934 0.021101 1.014507
v 0.448627 0.021896 1.014069
v 0.448783 0.02054 1.014753
v 0.448932 0.021287 1.014408
v 0.448490 0.022049 1.013943
v 0.448877 0.020683 1.014680
v 0.448897 0.021475 1.014302
v 0.448327 0.022181 1.013812
v 0.448946 0.020845 1.014597
v 0.448831 0.02166 1.014188
v 0.448143 0.022289 1.013676
v 0.448674 0.02036 1.014818
v 0.448986 0.021021 1.014507
v 0.448734 0.021836 1.014069
v 0.447941 0.022368 1.013537
v 0.448797 0.020472 1.014753
v 0.448996 0.021207 1.014408
v 0.448607 0.021998 1.013943
v 0.448901 0.020608 1.014680
v 0.448975 0.021397 1.014302
v 0.448454 0.022141 1.013812
v 0.448980 0.020765 1.014597
v 0.448922 0.021586 1.014188
v 0.448278 0.02226 1.013676
v 0.449033 0.020939 1.014507
v 0.448836 0.021768 1.014069
v 0.448082 0.022354 1.013537
v 0.448807 0.020404 1.014753
v 0.449056 0.021124 1.014408
v 0.448721 0.021938 1.013943
v 0.447872 0.022417 1.013394
v 0.448919 0.020533 1.014680
v 0.449047 0.021315 1.014302
v 0.448578 0.022092 1.013812
v 0.449009 0.020684 1.014597
v 0.449007 0.021507 1.014188
v 0.448410 0.022223 1.013676
v 0.449073 0.020853 1.014507
v 0.448934 0.021694 1.014069
v 0.448222 0.02233 1.013537
v 0.448812 0.020335 1.014753
v 0.449109 0.021036 1.014408
v 0.448831 0.021872 1.013943
v 0.448017 0.022407 1.013394
v 0.448932 0.020456 1.014680
v 0.449114 0.021227 1.014302
v 0.448699 0.022034 1.013812
v 0.449033 0.0206 1.014597
v 0.449086 0.021422 1.014188
v 0.448540 0.022177 1.013676
v 0.449108 0.020765 1.014507
v 0.449027 0.021614 1.014069
v 0.448359 0.022296 1.013537
v 0.449156 0.020945 1.014408
v 0.448936 0.021798 1.013943
v 0.448160 0.022388 1.013394
v 0.448940 0.020378 1.014680
v 0.449174 0.021135 1.014302
v 0.448815 0.021969 1.013812
v 0.447947 0.022449 1.013248
v 0.449050 0.020516 1.014597
v 0.449160 0.021331 1.014188
v 0.448667 0.022122 1.013676
v 0.449137 0.020675 1.014507
v 0.449114 0.021527 1.014069
v 0.448494 0.022253 1.013537
v 0.449197 0.020851 1.014408
v 0.449035 0.021717 1.013943
v 0.448302 0.022358 1.013394
v 0.449228 0.02104 1.014302
v 0.448926 0.021896 1.013812
v 0.448093 0.022434 1.013248
v 0.449062 0.02043 1.014597
v 0.449227 0.021236 1.014188
v 0.448789 0.022059 1.013676
v 0.447874 0.022478 1.013100
v 0.449159 0.020582 1.014507
v 0.449194 0.021434 1.014069
v 0.448626 0.022201 1.013537
v 0.449231 0.020754 1.014408
v 0.449129 0.021629 1.013943
v 0.448441 0.022319 1.013394
v 0.449275 0.020941 1.014302
v 0.449033 0.021815 1.013812
v 0.448238 0.022409 1.013248
v 0.449068 0.020343 1.014597
v 0.449288 0.021136 1.014188
v 0.448907 0.021987 1.013676
v 0.448023 0.022468 1.013100
v 0.449175 0.020489 1.014507
v 0.449268 0.021336 1.014069
v 0.448754 0.022141 1.013537
v 0.449259 0.020656 1.014408
v 0.449217 0.021535 1.013943
v 0.448577 0.022271 1.013394
v 0.449315 0.020838 1.014302
v 0.449133 0.021728 1.013812
v 0.448381 0.022374 1.013248
v 0.449341 0.021033 1.014188
v 0.449019 0.021908 1.013676
v 0.448170 0.022448 1.013100
v 0.449185 0.020395 1.014507
v 0.449336 0.021234 1.014069
v 0.448877 0.022071 1.013537
v 0.447950 0.02249 1.012950
v 0.449280 0.020555 1.014408
v 0.449298 0.021436 1.013943
v 0.448710 0.022213 1.013394
v 0.449348 0.020734 1.014302
v 0.449228 0.021633 1.013812
v 0.448521 0.02233 1.013248
v 0.449388 0.020926 1.014188
v 0.449126 0.021821 1.013676
v 0.448316 0.022418 1.013100
v 0.449396 0.021127 1.014069
v 0.448995 0.021994 1.013537
v 0.448099 0.022474 1.012950
v 0.449294 0.020454 1.014408
v 0.449372 0.021331 1.013943
v 0.448838 0.022147 1.013394
v 0.449374 0.020627 1.014302
v 0.449315 0.021533 1.013812
v 0.448658 0.022276 1.013248
v 0.449427 0.020816 1.014188
v 0.449227 0.021727 1.013676
v 0.448459 0.022377 1.013100
v 0.449449 0.021016 1.014069
v 0.449108 0.021908 1.013537
v 0.448247 0.022449 1.012950
v 0.449301 0.020351 1.014408
v 0.449438 0.021221 1.013943
v 0.448962 0.022071 1.013394
v 0.449393 0.020519 1.014302
v 0.449396 0.021426 1.013812
v 0.448791 0.022212 1.013248
v 0.449458 0.020704 1.014188
v 0.449321 0.021626 1.013676
v 0.448600 0.022328 1.013100
v 0.449494 0.020902 1.014069
v 0.449215 0.021815 1.013537
v 0.448392 0.022413 1.012950
v 0.449498 0.021107 1.013943
v 0.449080 0.021988 1.013394
v 0.449404 0.02041 1.014302
v 0.449469 0.021315 1.013812
v 0.448919 0.02214 1.013248
v 0.449482 0.02059 1.014188
v 0.449408 0.021519 1.013676
v 0.448736 0.022268 1.013100
v 0.449531 0.020785 1.014069
v 0.449315 0.021715 1.013537
v 0.448535 0.022368 1.012950
v 0.449549 0.02099 1.013943
v 0.449192 0.021897 1.013394
v 0.449534 0.021199 1.013812
v 0.449042 0.02206 1.013248
v 0.449498 0.020475 1.014188
v 0.449487 0.021407 1.013676
v 0.448868 0.0222 1.013100
v 0.449560 0.020666 1.014069
v 0.449408 0.021608 1.013537
v 0.448674 0.022313 1.012950
v 0.449592 0.020869 1.013943
v 0.449298 0.021798 1.013394
v 0.449592 0.021078 1.013812
v 0.449159 0.021971 1.013248
v 0.449506 0.020358 1.014188
v 0.449559 0.021289 1.013676
v 0.448995 0.022122 1.013100
v 0.449581 0.020545 1.014069
v 0.449494 0.021495 1.013537
v 0.448810 0.022249 1.012950
v 0.449626 0.020745 1.013943
v 0.449397 0.021692 1.013394
v 0.449641 0.020954 1.013812
v 0.449270 0.021874 1.013248
v 0.449622 0.021167 1.013676
v 0.449117 0.022037 1.013100
v 0.449593 0.020423 1.014069
v 0.449571 0.021377 1.013537
v 0.448940 0.022175 1.012950
v 0.449652 0.020619 1.013943
v 0.449488 0.02158 1.013394
v 0.449681 0.020827 1.013812
v 0.449374 0.02177 1.013248
v 0.449677 0.02104 1.013676
v 0.449232 0.021943 1.013100
v 0.449641 0.021254 1.013537
v 0.449066 0.022093 1.012950
v 0.449670 0.020492 1.013943
v 0.449571 0.021462 1.013394
v 0.449712 0.020697 1.013812
v 0.449471 0.021659 1.013248
v 0.449723 0.02091 1.013676
v 0.449341 0.021841 1.013100
v 0.449701 0.021126 1.013537
v 0.449185 0.022003 1.012950
v 0.449679 0.020364 1.013943
v 0.449647 0.021338 1.013394
v 0.449735 0.020566 1.013812
v 0.449560 0.021542 1.013248
v 0.449760 0.020778 1.013676
v 0.449443 0.021732 1.013100
v 0.449753 0.020994 1.013537
v 0.449298 0.021904 1.012950
v 0.449713 0.02121 1.013394
v 0.449749 0.020433 1.013812
v 0.449640 0.021419 1.013248
v 0.449789 0.020643 1.013676
v 0.449537 0.021617 1.013100
v 0.449796 0.020859 1.013537
v 0.449404 0.021798 1.012950
v 0.449771 0.021077 1.013394
v 0.449712 0.021291 1.013248
v 0.449807 0.020506 1.013676
v 0.449622 0.021495 1.013100
v 0.449830 0.020722 1.013537
v 0.449503 0.021685 1.012950
v 0.449819 0.020941 1.013394
v 0.449776 0.021158 1.013248
v 0.449817 0.020369 1.013676
v 0.449700 0.021368 1.013100
v 0.449854 0.020582 1.013537
v 0.449593 0.021566 1.012950
v 0.449858 0.020802 1.013394
v 0.449830 0.021021 1.013248
v 0.449768 0.021236 1.013100
v 0.449868 0.020441 1.013537
v 0.449675 0.02144 1.012950
v 0.449888 0.02066 1.013394
v 0.449874 0.020881 1.013248
v 0.449828 0.0211 1.013100
v 0.449749 0.02131 1.012950
v 0.449907 0.020517 1.013394
v 0.449909 0.020738 1.013248
v 0.449877 0.020959 1.013100
v 0.449813 0.021174 1.012950
v 0.449917 0.020372 1.013394
v 0.449934 0.020593 1.013248
v 0.449918 0.020816 1.013100
v 0.449868 0.021035 1.012950
v 0.449949 0.020447 1.013248
v 0.449948 0.02067 1.013100
v 0.449913 0.020892 1.012950
v 0.449968 0.020523 1.013100
v 0.449949 0.020747 1.012950
v 0.449978 0.020374 1.013100
v 0.449974 0.020599 1.012950
v 0.449990 0.02045 1.012950
v 0.450000 0.0203 -1.012800
v 0.450000 0.0203 1.012800
v 0.450000 -0.0203 -1.012800
v 0.450000 -0.0203 1.012800
v -0.077800 0.0203 0.765000
v 0.077800 0.0203 0.765000
v 0.077800 -0.0203 0.765000
v -0.077800 -0.0203 0.765000
v -0.077800 0.0203 0.765000
v -0.077800 -0.0203 0.765000
v -0.077928 0.0203 0.764996
v -0.078055 0.0203 0.764985
v -0.078182 0.0203 0.764967
v -0.078307 0.0203 0.764941
v -0.078431 0.0203 0.764908
v -0.078552 0.0203 0.764867
v -0.078671 0.0203 0.764820
v -0.078787 0.0203 0.764766
v -0.078900 0.0203 0.764705
v -0.079009 0.0203 0.764638
v -0.079114 0.0203 0.764565
v -0.079214 0.0203 0.764485
v -0.079310 0.0203 0.764400
v -0.079400 0.0203 0.764310
v -0.079485 0.0203 0.764214
v -0.079565 0.0203 0.764114
v -0.079638 0.0203 0.764009
v -0.079705 0.0203 0.763900
v -0.079766 0.0203 0.763787
v -0.079820 0.0203 0.763671
v -0.079867 0.0203 0.763552
v -0.079908 0.0203 0.763431
v -0.079941 0.0203 0.763307
v -0.079967 0.0203 0.763182
v -0.079985 0.0203 0.763055
v -0.079996 0.0203 0.762928
v -0.080000 0.0203 0.762800
v -0.080000 -0.0203 0.762800
v -0.077928 -0.0203 0.764996
v -0.078055 -0.0203 0.764985
v -0.078182 -0.0203 0.764967
v -0.078307 -0.0203 0.764941
v -0.078431 -0.0203 0.764908
v -0.078552 -0.0203 0.764867
v -0.078671 -0.0203 0.764820
v -0.078787 -0.0203 0.764766
v -0.078900 -0.0203 0.764705
v -0.079009 -0.0203 0.764638
v -0.079114 -0.0203 0.764565
v -0.079214 -0.0203 0.764485
v -0.079310 -0.0203 0.764400
v -0.079400 -0.0203 0.764310
v -0.079485 -0.0203 0.764214
v -0.079565 -0.0203 0.764114
v -0.079638 -0.0203 0.764009
v -0.079705 -0.0203 0.763900
v -0.079766 -0.0203 0.763787
v -0.079820 -0.0203 0.763671
v -0.079867 -0.0203 0.763552
v -0.079908 -0.0203 0.763431
v -0.079941 -0.0203 0.763307
v -0.079967 -0.0203 0.763182
v -0.079985 -0.0203 0.763055
v -0.079996 -0.0203 0.762928
v 0.077800 0.0203 0.765000
v 0.077800 -0.0203 0.765000
v 0.077928 0.0203 0.764996
v 0.078055 0.0203 0.764985
v 0.078182 0.0203 0.764967
v 0.078307 0.0203 0.764941
v 0.078431 0.0203 0.764908
v 0.078552 0.0203 0.764867
v 0.078671 0.0203 0.764820
v 0.078787 0.0203 0.764766
v 0.078900 0.0203 0.764705
v 0.079009 0.0203 0.764638
v 0.079114 0.0203 0.764565
v 0.079214 0.0203 0.764485
v 0.079310 0.0203 0.764400
v 0.079400 0.0203 0.764310
v 0.079485 0.0203 0.764214
v 0.079565 0.0203 0.764114
v 0.079638 0.0203 0.764009
v 0.079705 0.0203 0.763900
v 0.079766 0.0203 0.763787
v 0.079820 0.0203 0.763671
v 0.079867 0.0203 0.763552
v 0.079908 0.0203 0.763431
v 0.079941 0.0203 0.763307
v 0.079967 0.0203 0.763182
v 0.079985 0.0203 0.763055
v 0.079996 0.0203 0.762928
v 0.080000 0.0203 0.762800
v 0.080000 -0.0203 0.762800
v 0.077928 -0.0203 0.764996
v 0.078055 -0.0203 0.764985
v 0.078182 -0.0203 0.764967
v 0.078307 -0.0203 0.764941
v 0.078431 -0.0203 0.764908
v 0.078552 -0.0203 0.764867
v 0.078671 -0.0203 0.764820
v 0.078787 -0.0203 0.764766
v 0.078900 -0.0203 0.764705
v 0.079009 -0.0203 0.764638
v 0.079114 -0.0203 0.764565
v 0.079214 -0.0203 0.764485
v 0.079310 -0.0203 0.764400
v 0.079400 -0.0203 0.764310
v 0.079485 -0.0203 0.764214
v 0.079565 -0.0203 0.764114
v 0.079638 -0.0203 0.764009
v 0.079705 -0.0203 0.763900
v 0.079766 -0.0203 0.763787
v 0.079820 -0.0203 0.763671
v 0.079867 -0.0203 0.763552
v 0.079908 -0.0203 0.763431
v 0.079941 -0.0203 0.763307
v 0.079967 -0.0203 0.763182
v 0.079985 -0.0203 0.763055
v 0.079996 -0.0203 0.762928
v -0.080000 0.0203 0.762800
v -0.080000 0.0203 0.047200
v -0.080000 -0.0203 0.047200
v -0.080000 -0.0203 0.762800
v 0.080000 0.0203 0.762800
v 0.080000 0.0203 0.047200
v 0.080000 -0.0203 0.047200
v 0.080000 -0.0203 0.762800
v -0.077800 0.0203 0.045000
v -0.077800 -0.0203 0.045000
v -0.077928 0.0203 0.045004
v -0.078055 0.0203 0.045015
v -0.078182 0.0203 0.045033
v -0.078307 0.0203 0.045059
v -0.078431 0.0203 0.045092
v -0.078552 0.0203 0.045133
v -0.078671 0.0203 0.045180
v -0.078787 0.0203 0.045234
v -0.078900 0.0203 0.045295
v -0.079009 0.0203 0.045362
v -0.079114 0.0203 0.045435
v -0.079214 0.0203 0.045515
v -0.079310 0.0203 0.045600
v -0.079400 0.0203 0.045690
v -0.079485 0.0203 0.045786
v -0.079565 0.0203 0.045886
v -0.079638 0.0203 0.045991
v -0.079705 0.0203 0.046100
v -0.079766 0.0203 0.046213
v -0.079820 0.0203 0.046329
v -0.079867 0.0203 0.046448
v -0.079908 0.0203 0.046569
v -0.079941 0.0203 0.046693
v -0.079967 0.0203 0.046818
v -0.079985 0.0203 0.046945
v -0.079996 0.0203 0.047072
v -0.080000 0.0203 0.047200
v -0.080000 -0.0203 0.047200
v -0.077928 -0.0203 0.045004
v -0.078055 -0.0203 0.045015
v -0.078182 -0.0203 0.045033
v -0.078307 -0.0203 0.045059
v -0.078431 -0.0203 0.045092
v -0.078552 -0.0203 0.045133
v -0.078671 -0.0203 0.045180
v -0.078787 -0.0203 0.045234
v -0.078900 -0.0203 0.045295
v -0.079009 -0.0203 0.045362
v -0.079114 -0.0203 0.045435
v -0.079214 -0.0203 0.045515
v -0.079310 -0.0203 0.045600
v -0.079400 -0.0203 0.045690
v -0.079485 -0.0203 0.045786
v -0.079565 -0.0203 0.045886
v -0.079638 -0.0203 0.045991
v -0.079705 -0.0203 0.046100
v -0.079766 -0.0203 0.046213
v -0.079820 -0.0203 0.046329
v -0.079867 -0.0203 0.046448
v -0.079908 -0.0203 0.046569
v -0.079941 -0.0203 0.046693
v -0.079967 -0.0203 0.046818
v -0.079985 -0.0203 0.046945
v -0.079996 -0.0203 0.047072
v 0.080000 0.0203 0.047200
v 0.080000 -0.0203 0.047200
v 0.079996 0.0203 0.047072
v 0.079985 0.0203 0.046945
v 0.079967 0.0203 0.046818
v 0.079941 0.0203 0.046693
v 0.079908 0.0203 0.046569
v 0.079867 0.0203 0.046448
v 0.079820 0.0203 0.046329
v 0.079766 0.0203 0.046213
v 0.079705 0.0203 0.046100
v 0.079638 0.0203 0.045991
v 0.079565 0.0203 0.045886
v 0.079485 0.0203 0.045786
v 0.079400 0.0203 0.045690
v 0.079310 0.0203 0.045600
v 0.079214 0.0203 0.045515
v 0.079114 0.0203 0.045435
v 0.079009 0.0203 0.045362
v 0.078900 0.0203 0.045295
v 0.078787 0.0203 0.045234
v 0.078671 0.0203 0.045180
v 0.078552 0.0203 0.045133
v 0.078431 0.0203 0.045092
v 0.078307 0.0203 0.045059
v 0.078182 0.0203 0.045033
v 0.078055 0.0203 0.045015
v 0.077928 0.0203 0.045004
v 0.077800 0.0203 0.045000
v 0.077800 -0.0203 0.045000
v 0.079996 -0.0203 0.047072
v 0.079985 -0.0203 0.046945
v 0.079967 -0.0203 0.046818
v 0.079941 -0.0203 0.046693
v 0.079908 -0.0203 0.046569
v 0.079867 -0.0203 0.046448
v 0.079820 -0.0203 0.046329
v 0.079766 -0.0203 0.046213
v 0.079705 -0.0203 0.046100
v 0.079638 -0.0203 0.045991
v 0.079565 -0.0203 0.045886
v 0.079485 -0.0203 0.045786
v 0.079400 -0.0203 0.045690
v 0.079310 -0.0203 0.045600
v 0.079214 -0.0203 0.045515
v 0.079114 -0.0203 0.045435
v 0.079009 -0.0203 0.045362
v 0.078900 -0.0203 0.045295
v 0.078787 -0.0203 0.045234
v 0.078671 -0.0203 0.045180
v 0.078552 -0.0203 0.045133
v 0.078431 -0.0203 0.045092
v 0.078307 -0.0203 0.045059
v 0.078182 -0.0203 0.045033
v 0.078055 -0.0203 0.045015
v 0.077928 -0.0203 0.045004
v -0.077800 0.0203 0.045000
v 0.077800 0.0203 0.045000
v 0.077800 -0.0203 0.045000
v -0.077800 -0.0203 0.045000
v 0.450000 -0.0203 -1.012800
v 0.449996 -0.020428 -1.012800
v 0.449985 -0.020555 -1.012800
v 0.449967 -0.020682 -1.012800
v 0.449941 -0.020807 -1.012800
v 0.449908 -0.020931 -1.012800
v 0.449867 -0.021052 -1.012800
v 0.449820 -0.021171 -1.012800
v 0.449766 -0.021287 -1.012800
v 0.449705 -0.0214 -1.012800
v 0.449638 -0.021509 -1.012800
v 0.449565 -0.021614 -1.012800
v 0.449485 -0.021714 -1.012800
v 0.449400 -0.02181 -1.012800
v 0.449310 -0.0219 -1.012800
v 0.449214 -0.021985 -1.012800
v 0.449114 -0.022065 -1.012800
v 0.449009 -0.022138 -1.012800
v 0.448900 -0.022205 -1.012800
v 0.448787 -0.022266 -1.012800
v 0.448671 -0.02232 -1.012800
v 0.448552 -0.022367 -1.012800
v 0.448431 -0.022408 -1.012800
v 0.448307 -0.022441 -1.012800
v 0.448182 -0.022467 -1.012800
v 0.448055 -0.022485 -1.012800
v 0.447928 -0.022496 -1.012800
v 0.447800 -0.0225 -1.012800
v 0.450000 -0.0203 -1.012800
v 0.449996 -0.0203 -1.012928
v 0.449985 -0.0203 -1.013055
v 0.449967 -0.0203 -1.013182
v 0.449941 -0.0203 -1.013307
v 0.449908 -0.0203 -1.013431
v 0.449867 -0.0203 -1.013552
v 0.449820 -0.0203 -1.013671
v 0.449766 -0.0203 -1.013787
v 0.449705 -0.0203 -1.013900
v 0.449638 -0.0203 -1.014009
v 0.449565 -0.0203 -1.014114
v 0.449485 -0.0203 -1.014214
v 0.449400 -0.0203 -1.014310
v 0.449310 -0.0203 -1.014400
v 0.449214 -0.0203 -1.014485
v 0.449114 -0.0203 -1.014565
v 0.449009 -0.0203 -1.014638
v 0.448900 -0.0203 -1.014705
v 0.448787 -0.0203 -1.014766
v 0.448671 -0.0203 -1.014820
v 0.448552 -0.0203 -1.014867
v 0.448431 -0.0203 -1.014908
v 0.448307 -0.0203 -1.014941
v 0.448182 -0.0203 -1.014967
v 0.448055 -0.0203 -1.014985
v 0.447928 -0.0203 -1.014996
v 0.447800 -0.0203 -1.015000
v 0.447800 -0.022496 -1.012928
v 0.447800 -0.022485 -1.013055
v 0.447800 -0.022467 -1.013182
v 0.447800 -0.022441 -1.013307
v 0.447800 -0.022408 -1.013431
v 0.447800 -0.022367 -1.013552
v 0.447800 -0.02232 -1.013671
v 0.447800 -0.022266 -1.013787
v 0.447800 -0.022205 -1.013900
v 0.447800 -0.022138 -1.014009
v 0.447800 -0.022065 -1.014114
v 0.447800 -0.021985 -1.014214
v 0.447800 -0.0219 -1.014310
v 0.447800 -0.02181 -1.014400
v 0.447800 -0.021714 -1.014485
v 0.447800 -0.021614 -1.014565
v 0.447800 -0.021509 -1.014638
v 0.447800 -0.0214 -1.014705
v 0.447800 -0.021287 -1.014766
v 0.447800 -0.021171 -1.014820
v 0.447800 -0.021052 -1.014867
v 0.447800 -0.020931 -1.014908
v 0.447800 -0.020807 -1.014941
v 0.447800 -0.020682 -1.014967
v 0.447800 -0.020555 -1.014985
v 0.447800 -0.020428 -1.014996
v 0.449995 -0.02045 -1.012805
v 0.449995 -0.020449 -1.012815
v 0.449995 -0.020448 -1.012826
v 0.449980 -0.020599 -1.012820
v 0.449995 -0.020446 -1.012836
v 0.449980 -0.020597 -1.012841
v 0.449954 -0.020747 -1.012815
v 0.449995 -0.020443 -1.012845
v 0.449980 -0.020593 -1.012861
v 0.449954 -0.020745 -1.012846
v 0.449995 -0.02044 -1.012855
v 0.449980 -0.020588 -1.012881
v 0.449954 -0.020741 -1.012876
v 0.449918 -0.020892 -1.012841
v 0.449995 -0.020436 -1.012864
v 0.449980 -0.020582 -1.012900
v 0.449954 -0.020735 -1.012906
v 0.449918 -0.020888 -1.012881
v 0.449995 -0.020431 -1.012874
v 0.449873 -0.021036 -1.012825
v 0.449980 -0.020575 -1.012919
v 0.449954 -0.020727 -1.012935
v 0.449918 -0.020881 -1.012921
v 0.449995 -0.020426 -1.012882
v 0.449873 -0.021033 -1.012875
v 0.449980 -0.020566 -1.012938
v 0.449954 -0.020716 -1.012964
v 0.449918 -0.020872 -1.012960
v 0.449995 -0.02042 -1.012891
v 0.449873 -0.021026 -1.012925
v 0.449980 -0.020556 -1.012956
v 0.449818 -0.021174 -1.012860
v 0.449954 -0.020704 -1.012992
v 0.449918 -0.020859 -1.012999
v 0.449995 -0.020413 -1.012899
v 0.449873 -0.021016 -1.012974
v 0.449980 -0.020545 -1.012973
v 0.449818 -0.021168 -1.012919
v 0.449954 -0.02069 -1.013019
v 0.449753 -0.021312 -1.012835
v 0.449918 -0.020844 -1.013036
v 0.449995 -0.020406 -1.012906
v 0.449873 -0.021002 -1.013023
v 0.449980 -0.020532 -1.012989
v 0.449818 -0.021158 -1.012978
v 0.449954 -0.020674 -1.013045
v 0.449753 -0.021307 -1.012904
v 0.449918 -0.020827 -1.013073
v 0.449995 -0.020399 -1.012913
v 0.449873 -0.020985 -1.013070
v 0.449980 -0.020519 -1.013004
v 0.449818 -0.021144 -1.013036
v 0.449954 -0.020657 -1.013070
v 0.449753 -0.021297 -1.012972
v 0.449918 -0.020807 -1.013108
v 0.449680 -0.02144 -1.012878
v 0.449995 -0.020391 -1.012920
v 0.449873 -0.020965 -1.013116
v 0.449980 -0.020504 -1.013019
v 0.449818 -0.021126 -1.013094
v 0.449954 -0.020637 -1.013094
v 0.449753 -0.021283 -1.013040
v 0.449918 -0.020785 -1.013142
v 0.449680 -0.021432 -1.012956
v 0.449995 -0.020382 -1.012926
v 0.449873 -0.020942 -1.013161
v 0.449597 -0.021568 -1.012843
v 0.449980 -0.020489 -1.013032
v 0.449818 -0.021104 -1.013149
v 0.449954 -0.020617 -1.013117
v 0.449753 -0.021265 -1.013106
v 0.449918 -0.02076 -1.013175
v 0.449680 -0.021419 -1.013033
v 0.449995 -0.020374 -1.012931
v 0.449873 -0.020916 -1.013204
v 0.449597 -0.021562 -1.012930
v 0.449980 -0.020473 -1.013045
v 0.449818 -0.021078 -1.013203
v 0.449954 -0.020594 -1.013137
v 0.449753 -0.021242 -1.013171
v 0.449918 -0.020734 -1.013205
v 0.449680 -0.021401 -1.013108
v 0.449995 -0.020364 -1.012936
v 0.449873 -0.020887 -1.013245
v 0.449597 -0.02155 -1.013016
v 0.449980 -0.020456 -1.013056
v 0.449818 -0.021049 -1.013255
v 0.449507 -0.021685 -1.012895
v 0.449954 -0.02057 -1.013157
v 0.449753 -0.021214 -1.013235
v 0.449918 -0.020705 -1.013234
v 0.449680 -0.021377 -1.013183
v 0.449995 -0.020355 -1.012940
v 0.449873 -0.020855 -1.013284
v 0.449597 -0.021533 -1.013100
v 0.449980 -0.020438 -1.013066
v 0.449818 -0.021016 -1.013305
v 0.449507 -0.021675 -1.012989
v 0.449954 -0.020545 -1.013174
v 0.449753 -0.021182 -1.013296
v 0.449408 -0.021801 -1.012851
v 0.449918 -0.020675 -1.013260
v 0.449680 -0.021348 -1.013255
v 0.449995 -0.020345 -1.012943
v 0.449873 -0.020821 -1.013321
v 0.449597 -0.021509 -1.013184
v 0.449980 -0.020419 -1.013075
v 0.449818 -0.02098 -1.013353
v 0.449507 -0.021659 -1.013082
v 0.449954 -0.020519 -1.013190
v 0.449753 -0.021146 -1.013355
v 0.449408 -0.021794 -1.012954
v 0.449918 -0.020642 -1.013285
v 0.449680 -0.021315 -1.013326
v 0.449995 -0.020336 -1.012946
v 0.449873 -0.020784 -1.013355
v 0.449597 -0.02148 -1.013265
v 0.449980 -0.0204 -1.013082
v 0.449818 -0.020941 -1.013398
v 0.449507 -0.021637 -1.013175
v 0.449954 -0.020492 -1.013204
v 0.449753 -0.021106 -1.013412
v 0.449408 -0.02178 -1.013055
v 0.449918 -0.020608 -1.013307
v 0.449680 -0.021277 -1.013394
v 0.449302 -0.021904 -1.012910
v 0.449995 -0.020326 -1.012948
v 0.449873 -0.020745 -1.013387
v 0.449597 -0.021446 -1.013345
v 0.449980 -0.020381 -1.013088
v 0.449818 -0.020898 -1.013441
v 0.449507 -0.021608 -1.013265
v 0.449954 -0.020464 -1.013216
v 0.449753 -0.021063 -1.013465
v 0.449408 -0.021759 -1.013156
v 0.449918 -0.020573 -1.013327
v 0.449680 -0.021234 -1.013459
v 0.449302 -0.021893 -1.013019
v 0.449995 -0.020315 -1.012949
v 0.449873 -0.020704 -1.013416
v 0.449597 -0.021406 -1.013422
v 0.449188 -0.022006 -1.012858
v 0.449980 -0.020361 -1.013093
v 0.449818 -0.020853 -1.013480
v 0.449507 -0.021573 -1.013353
v 0.449954 -0.020435 -1.013227
v 0.449753 -0.021016 -1.013516
v 0.449408 -0.021731 -1.013254
v 0.449918 -0.020536 -1.013344
v 0.449680 -0.021187 -1.013521
v 0.449302 -0.021874 -1.013127
v 0.449995 -0.020305 -1.012950
v 0.449873 -0.020661 -1.013442
v 0.449597 -0.021361 -1.013496
v 0.449188 -0.021998 -1.012975
v 0.449980 -0.020341 -1.013097
v 0.449818 -0.020805 -1.013516
v 0.449507 -0.021533 -1.013439
v 0.449954 -0.020406 -1.013235
v 0.449753 -0.020965 -1.013563
v 0.449408 -0.021697 -1.013351
v 0.449918 -0.020499 -1.013359
v 0.449680 -0.021135 -1.013580
v 0.449302 -0.021848 -1.013234
v 0.449873 -0.020616 -1.013465
v 0.449597 -0.021311 -1.013567
v 0.449188 -0.021982 -1.013090
v 0.449980 -0.02032 -1.013099
v 0.449818 -0.020755 -1.013549
v 0.449507 -0.021486 -1.013521
v 0.449069 -0.022093 -1.012923
v 0.449954 -0.020376 -1.013241
v 0.449753 -0.020912 -1.013606
v 0.449408 -0.021656 -1.013445
v 0.449918 -0.02046 -1.013372
v 0.449680 -0.02108 -1.013635
v 0.449302 -0.021815 -1.013338
v 0.449873 -0.02057 -1.013485
v 0.449597 -0.021256 -1.013634
v 0.449188 -0.021958 -1.013204
v 0.449818 -0.020703 -1.013578
v 0.449507 -0.021434 -1.013601
v 0.449069 -0.022081 -1.013045
v 0.449954 -0.020346 -1.013245
v 0.449753 -0.020855 -1.013646
v 0.449408 -0.021609 -1.013536
v 0.448943 -0.022179 -1.012864
v 0.449918 -0.020421 -1.013381
v 0.449680 -0.021021 -1.013687
v 0.449302 -0.021775 -1.013441
v 0.449873 -0.020523 -1.013502
v 0.449597 -0.021197 -1.013697
v 0.449188 -0.021927 -1.013316
v 0.449818 -0.020649 -1.013604
v 0.449507 -0.021377 -1.013676
v 0.449069 -0.02206 -1.013166
v 0.449954 -0.020315 -1.013247
v 0.449753 -0.020796 -1.013682
v 0.449408 -0.021556 -1.013624
v 0.448943 -0.02217 -1.012992
v 0.449918 -0.020381 -1.013388
v 0.449680 -0.020959 -1.013734
v 0.449302 -0.021728 -1.013540
v 0.449873 -0.020474 -1.013516
v 0.449597 -0.021134 -1.013756
v 0.449188 -0.021888 -1.013426
v 0.449818 -0.020594 -1.013626
v 0.449507 -0.021315 -1.013748
v 0.449069 -0.022031 -1.013285
v 0.449753 -0.020735 -1.013714
v 0.449408 -0.021496 -1.013707
v 0.448943 -0.022152 -1.013119
v 0.449918 -0.020341 -1.013392
v 0.449680 -0.020894 -1.013777
v 0.449302 -0.021674 -1.013635
v 0.448812 -0.022249 -1.012933
v 0.449873 -0.020425 -1.013526
v 0.449597 -0.021067 -1.013811
v 0.449188 -0.021841 -1.013533
v 0.449818 -0.020536 -1.013644
v 0.449507 -0.021248 -1.013815
v 0.449069 -0.021994 -1.013402
v 0.449753 -0.020671 -1.013742
v 0.449408 -0.021432 -1.013787
v 0.448943 -0.022126 -1.013245
v 0.449680 -0.020826 -1.013815
v 0.449302 -0.021614 -1.013727
v 0.448812 -0.022235 -1.013066
v 0.449873 -0.020375 -1.013533
v 0.449597 -0.020996 -1.013861
v 0.449188 -0.021788 -1.013636
v 0.448676 -0.022317 -1.012869
v 0.449818 -0.020478 -1.013658
v 0.449507 -0.021176 -1.013877
v 0.449069 -0.021949 -1.013516
v 0.449753 -0.020606 -1.013765
v 0.449408 -0.021362 -1.013862
v 0.448943 -0.022092 -1.013369
v 0.449680 -0.020755 -1.013848
v 0.449302 -0.021547 -1.013815
v 0.448812 -0.022212 -1.013197
v 0.449873 -0.020325 -1.013536
v 0.449597 -0.020922 -1.013906
v 0.449188 -0.021727 -1.013736
v 0.448676 -0.022307 -1.013006
v 0.449818 -0.020419 -1.013668
v 0.449507 -0.021101 -1.013934
v 0.449069 -0.021896 -1.013627
v 0.449753 -0.02054 -1.013783
v 0.449408 -0.021287 -1.013932
v 0.448943 -0.022049 -1.013490
v 0.449680 -0.020683 -1.013877
v 0.449302 -0.021475 -1.013897
v 0.448812 -0.022181 -1.013327
v 0.449597 -0.020845 -1.013946
v 0.449188 -0.02166 -1.013831
v 0.448676 -0.022289 -1.013143
v 0.449818 -0.02036 -1.013674
v 0.449507 -0.021021 -1.013986
v 0.449069 -0.021836 -1.013734
v 0.448537 -0.022368 -1.012941
v 0.449753 -0.020472 -1.013797
v 0.449408 -0.021207 -1.013996
v 0.448943 -0.021998 -1.013607
v 0.449680 -0.020608 -1.013901
v 0.449302 -0.021397 -1.013975
v 0.448812 -0.022141 -1.013454
v 0.449597 -0.020765 -1.013980
v 0.449188 -0.021586 -1.013922
v 0.448676 -0.02226 -1.013278
v 0.449507 -0.020939 -1.014033
v 0.449069 -0.021768 -1.013836
v 0.448537 -0.022354 -1.013082
v 0.449753 -0.020404 -1.013807
v 0.449408 -0.021124 -1.014056
v 0.448943 -0.021938 -1.013721
v 0.448394 -0.022417 -1.012872
v 0.449680 -0.020533 -1.013919
v 0.449302 -0.021315 -1.014047
v 0.448812 -0.022092 -1.013578
v 0.449597 -0.020684 -1.014009
v 0.449188 -0.021507 -1.014007
v 0.448676 -0.022223 -1.013410
v 0.449507 -0.020853 -1.014073
v 0.449069 -0.021694 -1.013934
v 0.448537 -0.02233 -1.013222
v 0.449753 -0.020335 -1.013812
v 0.449408 -0.021036 -1.014109
v 0.448943 -0.021872 -1.013831
v 0.448394 -0.022407 -1.013017
v 0.449680 -0.020456 -1.013932
v 0.449302 -0.021227 -1.014114
v 0.448812 -0.022034 -1.013699
v 0.449597 -0.0206 -1.014033
v 0.449188 -0.021422 -1.014086
v 0.448676 -0.022177 -1.013540
v 0.449507 -0.020765 -1.014108
v 0.449069 -0.021614 -1.014027
v 0.448537 -0.022296 -1.013359
v 0.449408 -0.020945 -1.014156
v 0.448943 -0.021798 -1.013936
v 0.448394 -0.022388 -1.013160
v 0.449680 -0.020378 -1.013940
v 0.449302 -0.021135 -1.014174
v 0.448812 -0.021969 -1.013815
v 0.448248 -0.022449 -1.012947
v 0.449597 -0.020516 -1.014050
v 0.449188 -0.021331 -1.014160
v 0.448676 -0.022122 -1.013667
v 0.449507 -0.020675 -1.014137
v 0.449069 -0.021527 -1.014114
v 0.448537 -0.022253 -1.013494
v 0.449408 -0.020851 -1.014197
v 0.448943 -0.021717 -1.014035
v 0.448394 -0.022358 -1.013302
v 0.449302 -0.02104 -1.014228
v 0.448812 -0.021896 -1.013926
v 0.448248 -0.022434 -1.013093
v 0.449597 -0.02043 -1.014062
v 0.449188 -0.021236 -1.014227
v 0.448676 -0.022059 -1.013789
v 0.448100 -0.022478 -1.012874
v 0.449507 -0.020582 -1.014159
v 0.449069 -0.021434 -1.014194
v 0.448537 -0.022201 -1.013626
v 0.449408 -0.020754 -1.014231
v 0.448943 -0.021629 -1.014129
v 0.448394 -0.022319 -1.013441
v 0.449302 -0.020941 -1.014275
v 0.448812 -0.021815 -1.014033
v 0.448248 -0.022409 -1.013238
v 0.449597 -0.020343 -1.014068
v 0.449188 -0.021136 -1.014288
v 0.448676 -0.021987 -1.013907
v 0.448100 -0.022468 -1.013023
v 0.449507 -0.020489 -1.014175
v 0.449069 -0.021336 -1.014268
v 0.448537 -0.022141 -1.013754
v 0.449408 -0.020656 -1.014259
v 0.448943 -0.021535 -1.014217
v 0.448394 -0.022271 -1.013577
v 0.449302 -0.020838 -1.014315
v 0.448812 -0.021728 -1.014133
v 0.448248 -0.022374 -1.013381
v 0.449188 -0.021033 -1.014341
v 0.448676 -0.021908 -1.014019
v 0.448100 -0.022448 -1.013170
v 0.449507 -0.020395 -1.014185
v 0.449069 -0.021234 -1.014336
v 0.448537 -0.022071 -1.013877
v 0.447950 -0.02249 -1.012950
v 0.449408 -0.020555 -1.014280
v 0.448943 -0.021436 -1.014298
v 0.448394 -0.022213 -1.013710
v 0.449302 -0.020734 -1.014348
v 0.448812 -0.021633 -1.014228
v 0.448248 -0.02233 -1.013521
v 0.449188 -0.020926 -1.014388
v 0.448676 -0.021821 -1.014126
v 0.448100 -0.022418 -1.013316
v 0.449069 -0.021127 -1.014396
v 0.448537 -0.021994 -1.013995
v 0.447950 -0.022474 -1.013099
v 0.449408 -0.020454 -1.014294
v 0.448943 -0.021331 -1.014372
v 0.448394 -0.022147 -1.013838
v 0.449302 -0.020627 -1.014374
v 0.448812 -0.021533 -1.014315
v 0.448248 -0.022276 -1.013658
v 0.449188 -0.020816 -1.014427
v 0.448676 -0.021727 -1.014227
v 0.448100 -0.022377 -1.013459
v 0.449069 -0.021016 -1.014449
v 0.448537 -0.021908 -1.014108
v 0.447950 -0.022449 -1.013247
v 0.449408 -0.020351 -1.014301
v 0.448943 -0.021221 -1.014438
v 0.448394 -0.022071 -1.013962
v 0.449302 -0.020519 -1.014393
v 0.448812 -0.021426 -1.014396
v 0.448248 -0.022212 -1.013791
v 0.449188 -0.020704 -1.014458
v 0.448676 -0.021626 -1.014321
v 0.448100 -0.022328 -1.013600
v 0.449069 -0.020902 -1.014494
v 0.448537 -0.021815 -1.014215
v 0.447950 -0.022413 -1.013392
v 0.448943 -0.021107 -1.014498
v 0.448394 -0.021988 -1.014080
v 0.449302 -0.02041 -1.014404
v 0.448812 -0.021315 -1.014469
v 0.448248 -0.02214 -1.013919
v 0.449188 -0.02059 -1.014482
v 0.448676 -0.021519 -1.014408
v 0.448100 -0.022268 -1.013736
v 0.449069 -0.020785 -1.014531
v 0.448537 -0.021715 -1.014315
v 0.447950 -0.022368 -1.013535
v 0.448943 -0.02099 -1.014549
v 0.448394 -0.021897 -1.014192
v 0.448812 -0.021199 -1.014534
v 0.448248 -0.02206 -1.014042
v 0.449188 -0.020475 -1.014498
v 0.448676 -0.021407 -1.014487
v 0.448100 -0.0222 -1.013868
v 0.449069 -0.020666 -1.014560
v 0.448537 -0.021608 -1.014408
v 0.447950 -0.022313 -1.013674
v 0.448943 -0.020869 -1.014592
v 0.448394 -0.021798 -1.014298
v 0.448812 -0.021078 -1.014592
v 0.448248 -0.021971 -1.014159
v 0.449188 -0.020358 -1.014506
v 0.448676 -0.021289 -1.014559
v 0.448100 -0.022122 -1.013995
v 0.449069 -0.020545 -1.014581
v 0.448537 -0.021495 -1.014494
v 0.447950 -0.022249 -1.013810
v 0.448943 -0.020745 -1.014626
v 0.448394 -0.021692 -1.014397
v 0.448812 -0.020954 -1.014641
v 0.448248 -0.021874 -1.014270
v 0.448676 -0.021167 -1.014622
v 0.448100 -0.022037 -1.014117
v 0.449069 -0.020423 -1.014593
v 0.448537 -0.021377 -1.014571
v 0.447950 -0.022175 -1.013940
v 0.448943 -0.020619 -1.014652
v 0.448394 -0.02158 -1.014488
v 0.448812 -0.020827 -1.014681
v 0.448248 -0.02177 -1.014374
v 0.448676 -0.02104 -1.014677
v 0.448100 -0.021943 -1.014232
v 0.448537 -0.021254 -1.014641
v 0.447950 -0.022093 -1.014066
v 0.448943 -0.020492 -1.014670
v 0.448394 -0.021462 -1.014571
v 0.448812 -0.020697 -1.014712
v 0.448248 -0.021659 -1.014471
v 0.448676 -0.02091 -1.014723
v 0.448100 -0.021841 -1.014341
v 0.448537 -0.021126 -1.014701
v 0.447950 -0.022003 -1.014185
v 0.448943 -0.020364 -1.014679
v 0.448394 -0.021338 -1.014647
v 0.448812 -0.020566 -1.014735
v 0.448248 -0.021542 -1.014560
v 0.448676 -0.020778 -1.014760
v 0.448100 -0.021732 -1.014443
v 0.448537 -0.020994 -1.014753
v 0.447950 -0.021904 -1.014298
v 0.448394 -0.02121 -1.014713
v 0.448812 -0.020433 -1.014749
v 0.448248 -0.021419 -1.014640
v 0.448676 -0.020643 -1.014789
v 0.448100 -0.021617 -1.014537
v 0.448537 -0.020859 -1.014796
v 0.447950 -0.021798 -1.014404
v 0.448394 -0.021077 -1.014771
v 0.448248 -0.021291 -1.014712
v 0.448676 -0.020506 -1.014807
v 0.448100 -0.021495 -1.014622
v 0.448537 -0.020722 -1.014830
v 0.447950 -0.021685 -1.014503
v 0.448394 -0.020941 -1.014819
v 0.448248 -0.021158 -1.014776
v 0.448676 -0.020369 -1.014817
v 0.448100 -0.021368 -1.014700
v 0.448537 -0.020582 -1.014854
v 0.447950 -0.021566 -1.014593
v 0.448394 -0.020802 -1.014858
v 0.448248 -0.021021 -1.014830
v 0.448100 -0.021236 -1.014768
v 0.448537 -0.020441 -1.014868
v 0.447950 -0.02144 -1.014675
v 0.448394 -0.02066 -1.014888
v 0.448248 -0.020881 -1.014874
v 0.448100 -0.0211 -1.014828
v 0.447950 -0.02131 -1.014749
v 0.448394 -0.020517 -1.014907
v 0.448248 -0.020738 -1.014909
v 0.448100 -0.020959 -1.014877
v 0.447950 -0.021174 -1.014813
v 0.448394 -0.020372 -1.014917
v 0.448248 -0.020593 -1.014934
v 0.448100 -0.020816 -1.014918
v 0.447950 -0.021035 -1.014868
v 0.448248 -0.020447 -1.014949
v 0.448100 -0.02067 -1.014948
v 0.447950 -0.020892 -1.014913
v 0.448100 -0.020523 -1.014968
v 0.447950 -0.020747 -1.014949
v 0.448100 -0.020374 -1.014978
v 0.447950 -0.020599 -1.014974
v 0.447950 -0.02045 -1.014990
v 0.450000 -0.0203 1.012800
v 0.449996 -0.0203 1.012928
v 0.449985 -0.0203 1.013055
v 0.449967 -0.0203 1.013182
v 0.449941 -0.0203 1.013307
v 0.449908 -0.0203 1.013431
v 0.449867 -0.0203 1.013552
v 0.449820 -0.0203 1.013671
v 0.449766 -0.0203 1.013787
v 0.449705 -0.0203 1.013900
v 0.449638 -0.0203 1.014009
v 0.449565 -0.0203 1.014114
v 0.449485 -0.0203 1.014214
v 0.449400 -0.0203 1.014310
v 0.449310 -0.0203 1.014400
v 0.449214 -0.0203 1.014485
v 0.449114 -0.0203 1.014565
v 0.449009 -0.0203 1.014638
v 0.448900 -0.0203 1.014705
v 0.448787 -0.0203 1.014766
v 0.448671 -0.0203 1.014820
v 0.448552 -0.0203 1.014867
v 0.448431 -0.0203 1.014908
v 0.448307 -0.0203 1.014941
v 0.448182 -0.0203 1.014967
v 0.448055 -0.0203 1.014985
v 0.447928 -0.0203 1.014996
v 0.447800 -0.0203 1.015000
v 0.450000 -0.0203 1.012800
v 0.449996 -0.020428 1.012800
v 0.449985 -0.020555 1.012800
v 0.449967 -0.020682 1.012800
v 0.449941 -0.020807 1.012800
v 0.449908 -0.020931 1.012800
v 0.449867 -0.021052 1.012800
v 0.449820 -0.021171 1.012800
v 0.449766 -0.021287 1.012800
v 0.449705 -0.0214 1.012800
v 0.449638 -0.021509 1.012800
v 0.449565 -0.021614 1.012800
v 0.449485 -0.021714 1.012800
v 0.449400 -0.02181 1.012800
v 0.449310 -0.0219 1.012800
v 0.449214 -0.021985 1.012800
v 0.449114 -0.022065 1.012800
v 0.449009 -0.022138 1.012800
v 0.448900 -0.022205 1.012800
v 0.448787 -0.022266 1.012800
v 0.448671 -0.02232 1.012800
v 0.448552 -0.022367 1.012800
v 0.448431 -0.022408 1.012800
v 0.448307 -0.022441 1.012800
v 0.448182 -0.022467 1.012800
v 0.448055 -0.022485 1.012800
v 0.447928 -0.022496 1.012800
v 0.447800 -0.0225 1.012800
v 0.447800 -0.020428 1.014996
v 0.447800 -0.020555 1.014985
v 0.447800 -0.020682 1.014967
v 0.447800 -0.020807 1.014941
v 0.447800 -0.020931 1.014908
v 0.447800 -0.021052 1.014867
v 0.447800 -0.021171 1.014820
v 0.447800 -0.021287 1.014766
v 0.447800 -0.0214 1.014705
v 0.447800 -0.021509 1.014638
v 0.447800 -0.021614 1.014565
v 0.447800 -0.021714 1.014485
v 0.447800 -0.02181 1.014400
v 0.447800 -0.0219 1.014310
v 0.447800 -0.021985 1.014214
v 0.447800 -0.022065 1.014114
v 0.447800 -0.022138 1.014009
v 0.447800 -0.022205 1.013900
v 0.447800 -0.022266 1.013787
v 0.447800 -0.02232 1.013671
v 0.447800 -0.022367 1.013552
v 0.447800 -0.022408 1.013431
v 0.447800 -0.022441 1.013307
v 0.447800 -0.022467 1.013182
v 0.447800 -0.022485 1.013055
v 0.447800 -0.022496 1.012928
v 0.449995 -0.020305 1.012950
v 0.449995 -0.020315 1.012949
v 0.449995 -0.020326 1.012948
v 0.449980 -0.02032 1.013099
v 0.449995 -0.020336 1.012946
v 0.449980 -0.020341 1.013097
v 0.449954 -0.020315 1.013247
v 0.449995 -0.020345 1.012943
v 0.449980 -0.020361 1.013093
v 0.449954 -0.020346 1.013245
v 0.449995 -0.020355 1.012940
v 0.449980 -0.020381 1.013088
v 0.449954 -0.020376 1.013241
v 0.449918 -0.020341 1.013392
v 0.449995 -0.020364 1.012936
v 0.449980 -0.0204 1.013082
v 0.449954 -0.020406 1.013235
v 0.449918 -0.020381 1.013388
v 0.449995 -0.020374 1.012931
v 0.449873 -0.020325 1.013536
v 0.449980 -0.020419 1.013075
v 0.449954 -0.020435 1.013227
v 0.449918 -0.020421 1.013381
v 0.449995 -0.020382 1.012926
v 0.449873 -0.020375 1.013533
v 0.449980 -0.020438 1.013066
v 0.449954 -0.020464 1.013216
v 0.449918 -0.02046 1.013372
v 0.449995 -0.020391 1.012920
v 0.449873 -0.020425 1.013526
v 0.449980 -0.020456 1.013056
v 0.449818 -0.02036 1.013674
v 0.449954 -0.020492 1.013204
v 0.449918 -0.020499 1.013359
v 0.449995 -0.020399 1.012913
v 0.449873 -0.020474 1.013516
v 0.449980 -0.020473 1.013045
v 0.449818 -0.020419 1.013668
v 0.449954 -0.020519 1.013190
v 0.449753 -0.020335 1.013812
v 0.449918 -0.020536 1.013344
v 0.449995 -0.020406 1.012906
v 0.449873 -0.020523 1.013502
v 0.449980 -0.020489 1.013032
v 0.449818 -0.020478 1.013658
v 0.449954 -0.020545 1.013174
v 0.449753 -0.020404 1.013807
v 0.449918 -0.020573 1.013327
v 0.449995 -0.020413 1.012899
v 0.449873 -0.02057 1.013485
v 0.449980 -0.020504 1.013019
v 0.449818 -0.020536 1.013644
v 0.449954 -0.02057 1.013157
v 0.449753 -0.020472 1.013797
v 0.449918 -0.020608 1.013307
v 0.449680 -0.020378 1.013940
v 0.449995 -0.02042 1.012891
v 0.449873 -0.020616 1.013465
v 0.449980 -0.020519 1.013004
v 0.449818 -0.020594 1.013626
v 0.449954 -0.020594 1.013137
v 0.449753 -0.02054 1.013783
v 0.449918 -0.020642 1.013285
v 0.449680 -0.020456 1.013932
v 0.449995 -0.020426 1.012882
v 0.449873 -0.020661 1.013442
v 0.449597 -0.020343 1.014068
v 0.449980 -0.020532 1.012989
v 0.449818 -0.020649 1.013604
v 0.449954 -0.020617 1.013117
v 0.449753 -0.020606 1.013765
v 0.449918 -0.020675 1.013260
v 0.449680 -0.020533 1.013919
v 0.449995 -0.020431 1.012874
v 0.449873 -0.020704 1.013416
v 0.449597 -0.02043 1.014062
v 0.449980 -0.020545 1.012973
v 0.449818 -0.020703 1.013578
v 0.449954 -0.020637 1.013094
v 0.449753 -0.020671 1.013742
v 0.449918 -0.020705 1.013234
v 0.449680 -0.020608 1.013901
v 0.449995 -0.020436 1.012864
v 0.449873 -0.020745 1.013387
v 0.449597 -0.020516 1.014050
v 0.449980 -0.020556 1.012956
v 0.449818 -0.020755 1.013549
v 0.449507 -0.020395 1.014185
v 0.449954 -0.020657 1.013070
v 0.449753 -0.020735 1.013714
v 0.449918 -0.020734 1.013205
v 0.449680 -0.020683 1.013877
v 0.449995 -0.02044 1.012855
v 0.449873 -0.020784 1.013355
v 0.449597 -0.0206 1.014033
v 0.449980 -0.020566 1.012938
v 0.449818 -0.020805 1.013516
v 0.449507 -0.020489 1.014175
v 0.449954 -0.020674 1.013045
v 0.449753 -0.020796 1.013682
v 0.449408 -0.020351 1.014301
v 0.449918 -0.02076 1.013175
v 0.449680 -0.020755 1.013848
v 0.449995 -0.020443 1.012845
v 0.449873 -0.020821 1.013321
v 0.449597 -0.020684 1.014009
v 0.449980 -0.020575 1.012919
v 0.449818 -0.020853 1.013480
v 0.449507 -0.020582 1.014159
v 0.449954 -0.02069 1.013019
v 0.449753 -0.020855 1.013646
v 0.449408 -0.020454 1.014294
v 0.449918 -0.020785 1.013142
v 0.449680 -0.020826 1.013815
v 0.449995 -0.020446 1.012836
v 0.449873 -0.020855 1.013284
v 0.449597 -0.020765 1.013980
v 0.449980 -0.020582 1.012900
v 0.449818 -0.020898 1.013441
v 0.449507 -0.020675 1.014137
v 0.449954 -0.020704 1.012992
v 0.449753 -0.020912 1.013606
v 0.449408 -0.020555 1.014280
v 0.449918 -0.020807 1.013108
v 0.449680 -0.020894 1.013777
v 0.449302 -0.02041 1.014404
v 0.449995 -0.020448 1.012826
v 0.449873 -0.020887 1.013245
v 0.449597 -0.020845 1.013946
v 0.449980 -0.020588 1.012881
v 0.449818 -0.020941 1.013398
v 0.449507 -0.020765 1.014108
v 0.449954 -0.020716 1.012964
v 0.449753 -0.020965 1.013563
v 0.449408 -0.020656 1.014259
v 0.449918 -0.020827 1.013073
v 0.449680 -0.020959 1.013734
v 0.449302 -0.020519 1.014393
v 0.449995 -0.020449 1.012815
v 0.449873 -0.020916 1.013204
v 0.449597 -0.020922 1.013906
v 0.449188 -0.020358 1.014506
v 0.449980 -0.020593 1.012861
v 0.449818 -0.02098 1.013353
v 0.449507 -0.020853 1.014073
v 0.449954 -0.020727 1.012935
v 0.449753 -0.021016 1.013516
v 0.449408 -0.020754 1.014231
v 0.449918 -0.020844 1.013036
v 0.449680 -0.021021 1.013687
v 0.449302 -0.020627 1.014374
v 0.449995 -0.02045 1.012805
v 0.449873 -0.020942 1.013161
v 0.449597 -0.020996 1.013861
v 0.449188 -0.020475 1.014498
v 0.449980 -0.020597 1.012841
v 0.449818 -0.021016 1.013305
v 0.449507 -0.020939 1.014033
v 0.449954 -0.020735 1.012906
v 0.449753 -0.021063 1.013465
v 0.449408 -0.020851 1.014197
v 0.449918 -0.020859 1.012999
v 0.449680 -0.02108 1.013635
v 0.449302 -0.020734 1.014348
v 0.449873 -0.020965 1.013116
v 0.449597 -0.021067 1.013811
v 0.449188 -0.02059 1.014482
v 0.449980 -0.020599 1.012820
v 0.449818 -0.021049 1.013255
v 0.449507 -0.021021 1.013986
v 0.449069 -0.020423 1.014593
v 0.449954 -0.020741 1.012876
v 0.449753 -0.021106 1.013412
v 0.449408 -0.020945 1.014156
v 0.449918 -0.020872 1.012960
v 0.449680 -0.021135 1.013580
v 0.449302 -0.020838 1.014315
v 0.449873 -0.020985 1.013070
v 0.449597 -0.021134 1.013756
v 0.449188 -0.020704 1.014458
v 0.449818 -0.021078 1.013203
v 0.449507 -0.021101 1.013934
v 0.449069 -0.020545 1.014581
v 0.449954 -0.020745 1.012846
v 0.449753 -0.021146 1.013355
v 0.449408 -0.021036 1.014109
v 0.448943 -0.020364 1.014679
v 0.449918 -0.020881 1.012921
v 0.449680 -0.021187 1.013521
v 0.449302 -0.020941 1.014275
v 0.449873 -0.021002 1.013023
v 0.449597 -0.021197 1.013697
v 0.449188 -0.020816 1.014427
v 0.449818 -0.021104 1.013149
v 0.449507 -0.021176 1.013877
v 0.449069 -0.020666 1.014560
v 0.449954 -0.020747 1.012815
v 0.449753 -0.021182 1.013296
v 0.449408 -0.021124 1.014056
v 0.448943 -0.020492 1.014670
v 0.449918 -0.020888 1.012881
v 0.449680 -0.021234 1.013459
v 0.449302 -0.02104 1.014228
v 0.449873 -0.021016 1.012974
v 0.449597 -0.021256 1.013634
v 0.449188 -0.020926 1.014388
v 0.449818 -0.021126 1.013094
v 0.449507 -0.021248 1.013815
v 0.449069 -0.020785 1.014531
v 0.449753 -0.021214 1.013235
v 0.449408 -0.021207 1.013996
v 0.448943 -0.020619 1.014652
v 0.449918 -0.020892 1.012841
v 0.449680 -0.021277 1.013394
v 0.449302 -0.021135 1.014174
v 0.448812 -0.020433 1.014749
v 0.449873 -0.021026 1.012925
v 0.449597 -0.021311 1.013567
v 0.449188 -0.021033 1.014341
v 0.449818 -0.021144 1.013036
v 0.449507 -0.021315 1.013748
v 0.449069 -0.020902 1.014494
v 0.449753 -0.021242 1.013171
v 0.449408 -0.021287 1.013932
v 0.448943 -0.020745 1.014626
v 0.449680 -0.021315 1.013326
v 0.449302 -0.021227 1.014114
v 0.448812 -0.020566 1.014735
v 0.449873 -0.021033 1.012875
v 0.449597 -0.021361 1.013496
v 0.449188 -0.021136 1.014288
v 0.448676 -0.020369 1.014817
v 0.449818 -0.021158 1.012978
v 0.449507 -0.021377 1.013676
v 0.449069 -0.021016 1.014449
v 0.449753 -0.021265 1.013106
v 0.449408 -0.021362 1.013862
v 0.448943 -0.020869 1.014592
v 0.449680 -0.021348 1.013255
v 0.449302 -0.021315 1.014047
v 0.448812 -0.020697 1.014712
v 0.449873 -0.021036 1.012825
v 0.449597 -0.021406 1.013422
v 0.449188 -0.021236 1.014227
v 0.448676 -0.020506 1.014807
v 0.449818 -0.021168 1.012919
v 0.449507 -0.021434 1.013601
v 0.449069 -0.021127 1.014396
v 0.449753 -0.021283 1.013040
v 0.449408 -0.021432 1.013787
v 0.448943 -0.02099 1.014549
v 0.449680 -0.021377 1.013183
v 0.449302 -0.021397 1.013975
v 0.448812 -0.020827 1.014681
v 0.449597 -0.021446 1.013345
v 0.449188 -0.021331 1.014160
v 0.448676 -0.020643 1.014789
v 0.449818 -0.021174 1.012860
v 0.449507 -0.021486 1.013521
v 0.449069 -0.021234 1.014336
v 0.448537 -0.020441 1.014868
v 0.449753 -0.021297 1.012972
v 0.449408 -0.021496 1.013707
v 0.448943 -0.021107 1.014498
v 0.449680 -0.021401 1.013108
v 0.449302 -0.021475 1.013897
v 0.448812 -0.020954 1.014641
v 0.449597 -0.02148 1.013265
v 0.449188 -0.021422 1.014086
v 0.448676 -0.020778 1.014760
v 0.449507 -0.021533 1.013439
v 0.449069 -0.021336 1.014268
v 0.448537 -0.020582 1.014854
v 0.449753 -0.021307 1.012904
v 0.449408 -0.021556 1.013624
v 0.448943 -0.021221 1.014438
v 0.448394 -0.020372 1.014917
v 0.449680 -0.021419 1.013033
v 0.449302 -0.021547 1.013815
v 0.448812 -0.021078 1.014592
v 0.449597 -0.021509 1.013184
v 0.449188 -0.021507 1.014007
v 0.448676 -0.02091 1.014723
v 0.449507 -0.021573 1.013353
v 0.449069 -0.021434 1.014194
v 0.448537 -0.020722 1.014830
v 0.449753 -0.021312 1.012835
v 0.449408 -0.021609 1.013536
v 0.448943 -0.021331 1.014372
v 0.448394 -0.020517 1.014907
v 0.449680 -0.021432 1.012956
v 0.449302 -0.021614 1.013727
v 0.448812 -0.021199 1.014534
v 0.449597 -0.021533 1.013100
v 0.449188 -0.021586 1.013922
v 0.448676 -0.02104 1.014677
v 0.449507 -0.021608 1.013265
v 0.449069 -0.021527 1.014114
v 0.448537 -0.020859 1.014796
v 0.449408 -0.021656 1.013445
v 0.448943 -0.021436 1.014298
v 0.448394 -0.02066 1.014888
v 0.449680 -0.02144 1.012878
v 0.449302 -0.021674 1.013635
v 0.448812 -0.021315 1.014469
v 0.448248 -0.020447 1.014949
v 0.449597 -0.02155 1.013016
v 0.449188 -0.02166 1.013831
v 0.448676 -0.021167 1.014622
v 0.449507 -0.021637 1.013175
v 0.449069 -0.021614 1.014027
v 0.448537 -0.020994 1.014753
v 0.449408 -0.021697 1.013351
v 0.448943 -0.021535 1.014217
v 0.448394 -0.020802 1.014858
v 0.449302 -0.021728 1.013540
v 0.448812 -0.021426 1.014396
v 0.448248 -0.020593 1.014934
v 0.449597 -0.021562 1.012930
v 0.449188 -0.021727 1.013736
v 0.448676 -0.021289 1.014559
v 0.448100 -0.020374 1.014978
v 0.449507 -0.021659 1.013082
v 0.449069 -0.021694 1.013934
v 0.448537 -0.021126 1.014701
v 0.449408 -0.021731 1.013254
v 0.448943 -0.021629 1.014129
v 0.448394 -0.020941 1.014819
v 0.449302 -0.021775 1.013441
v 0.448812 -0.021533 1.014315
v 0.448248 -0.020738 1.014909
v 0.449597 -0.021568 1.012843
v 0.449188 -0.021788 1.013636
v 0.448676 -0.021407 1.014487
v 0.448100 -0.020523 1.014968
v 0.449507 -0.021675 1.012989
v 0.449069 -0.021768 1.013836
v 0.448537 -0.021254 1.014641
v 0.449408 -0.021759 1.013156
v 0.448943 -0.021717 1.014035
v 0.448394 -0.021077 1.014771
v 0.449302 -0.021815 1.013338
v 0.448812 -0.021633 1.014228
v 0.448248 -0.020881 1.014874
v 0.449188 -0.021841 1.013533
v 0.448676 -0.021519 1.014408
v 0.448100 -0.02067 1.014948
v 0.449507 -0.021685 1.012895
v 0.449069 -0.021836 1.013734
v 0.448537 -0.021377 1.014571
v 0.447950 -0.02045 1.014990
v 0.449408 -0.02178 1.013055
v 0.448943 -0.021798 1.013936
v 0.448394 -0.02121 1.014713
v 0.449302 -0.021848 1.013234
v 0.448812 -0.021728 1.014133
v 0.448248 -0.021021 1.014830
v 0.449188 -0.021888 1.013426
v 0.448676 -0.021626 1.014321
v 0.448100 -0.020816 1.014918
v 0.449069 -0.021896 1.013627
v 0.448537 -0.021495 1.014494
v 0.447950 -0.020599 1.014974
v 0.449408 -0.021794 1.012954
v 0.448943 -0.021872 1.013831
v 0.448394 -0.021338 1.014647
v 0.449302 -0.021874 1.013127
v 0.448812 -0.021815 1.014033
v 0.448248 -0.021158 1.014776
v 0.449188 -0.021927 1.013316
v 0.448676 -0.021727 1.014227
v 0.448100 -0.020959 1.014877
v 0.449069 -0.021949 1.013516
v 0.448537 -0.021608 1.014408
v 0.447950 -0.020747 1.014949
v 0.449408 -0.021801 1.012851
v 0.448943 -0.021938 1.013721
v 0.448394 -0.021462 1.014571
v 0.449302 -0.021893 1.013019
v 0.448812 -0.021896 1.013926
v 0.448248 -0.021291 1.014712
v 0.449188 -0.021958 1.013204
v 0.448676 -0.021821 1.014126
v 0.448100 -0.0211 1.014828
v 0.449069 -0.021994 1.013402
v 0.448537 -0.021715 1.014315
v 0.447950 -0.020892 1.014913
v 0.448943 -0.021998 1.013607
v 0.448394 -0.02158 1.014488
v 0.449302 -0.021904 1.012910
v 0.448812 -0.021969 1.013815
v 0.448248 -0.021419 1.014640
v 0.449188 -0.021982 1.013090
v 0.448676 -0.021908 1.014019
v 0.448100 -0.021236 1.014768
v 0.449069 -0.022031 1.013285
v 0.448537 -0.021815 1.014215
v 0.447950 -0.021035 1.014868
v 0.448943 -0.022049 1.013490
v 0.448394 -0.021692 1.014397
v 0.448812 -0.022034 1.013699
v 0.448248 -0.021542 1.014560
v 0.449188 -0.021998 1.012975
v 0.448676 -0.021987 1.013907
v 0.448100 -0.021368 1.014700
v 0.449069 -0.02206 1.013166
v 0.448537 -0.021908 1.014108
v 0.447950 -0.021174 1.014813
v 0.448943 -0.022092 1.013369
v 0.448394 -0.021798 1.014298
v 0.448812 -0.022092 1.013578
v 0.448248 -0.021659 1.014471
v 0.449188 -0.022006 1.012858
v 0.448676 -0.022059 1.013789
v 0.448100 -0.021495 1.014622
v 0.449069 -0.022081 1.013045
v 0.448537 -0.021994 1.013995
v 0.447950 -0.02131 1.014749
v 0.448943 -0.022126 1.013245
v 0.448394 -0.021897 1.014192
v 0.448812 -0.022141 1.013454
v 0.448248 -0.02177 1.014374
v 0.448676 -0.022122 1.013667
v 0.448100 -0.021617 1.014537
v 0.449069 -0.022093 1.012923
v 0.448537 -0.022071 1.013877
v 0.447950 -0.02144 1.014675
v 0.448943 -0.022152 1.013119
v 0.448394 -0.021988 1.014080
v 0.448812 -0.022181 1.013327
v 0.448248 -0.021874 1.014270
v 0.448676 -0.022177 1.013540
v 0.448100 -0.021732 1.014443
v 0.448537 -0.022141 1.013754
v 0.447950 -0.021566 1.014593
v 0.448943 -0.02217 1.012992
v 0.448394 -0.022071 1.013962
v 0.448812 -0.022212 1.013197
v 0.448248 -0.021971 1.014159
v 0.448676 -0.022223 1.013410
v 0.448100 -0.021841 1.014341
v 0.448537 -0.022201 1.013626
v 0.447950 -0.021685 1.014503
v 0.448943 -0.022179 1.012864
v 0.448394 -0.022147 1.013838
v 0.448812 -0.022235 1.013066
v 0.448248 -0.02206 1.014042
v 0.448676 -0.02226 1.013278
v 0.448100 -0.021943 1.014232
v 0.448537 -0.022253 1.013494
v 0.447950 -0.021798 1.014404
v 0.448394 -0.022213 1.013710
v 0.448812 -0.022249 1.012933
v 0.448248 -0.02214 1.013919
v 0.448676 -0.022289 1.013143
v 0.448100 -0.022037 1.014117
v 0.448537 -0.022296 1.013359
v 0.447950 -0.021904 1.014298
v 0.448394 -0.022271 1.013577
v 0.448248 -0.022212 1.013791
v 0.448676 -0.022307 1.013006
v 0.448100 -0.022122 1.013995
v 0.448537 -0.02233 1.013222
v 0.447950 -0.022003 1.014185
v 0.448394 -0.022319 1.013441
v 0.448248 -0.022276 1.013658
v 0.448676 -0.022317 1.012869
v 0.448100 -0.0222 1.013868
v 0.448537 -0.022354 1.013082
v 0.447950 -0.022093 1.014066
v 0.448394 -0.022358 1.013302
v 0.448248 -0.02233 1.013521
v 0.448100 -0.022268 1.013736
v 0.448537 -0.022368 1.012941
v 0.447950 -0.022175 1.013940
v 0.448394 -0.022388 1.013160
v 0.448248 -0.022374 1.013381
v 0.448100 -0.022328 1.013600
v 0.447950 -0.022249 1.013810
v 0.448394 -0.022407 1.013017
v 0.448248 -0.022409 1.013238
v 0.448100 -0.022377 1.013459
v 0.447950 -0.022313 1.013674
v 0.448394 -0.022417 1.012872
v 0.448248 -0.022434 1.013093
v 0.448100 -0.022418 1.013316
v 0.447950 -0.022368 1.013535
v 0.448248 -0.022449 1.012947
v 0.448100 -0.022448 1.013170
v 0.447950 -0.022413 1.013392
v 0.448100 -0.022468 1.013023
v 0.447950 -0.022449 1.013247
v 0.448100 -0.022478 1.012874
v 0.447950 -0.022474 1.013099
v 0.447950 -0.02249 1.012950
f 1 3 2
f 3 4 2
f 5 6 35
f 7 5 35
f 8 7 36
f 7 35 36
f 9 8 37
f 8 36 37
f 10 9 38
f 9 37 38
f 11 10 39
f 10 38 39
f 12 11 40
f 11 39 40
f 13 12 41
f 12 40 41
f 14 13 42
f 13 41 42
f 15 14 43
f 14 42 43
f 15 43 44
f 16 15 44
f 16 44 45
f 17 16 45
f 17 45 46
f 18 17 46
f 19 18 47
f 18 46 47
f 20 19 48
f 19 47 48
f 21 20 49
f 20 48 49
f 22 21 50
f 21 49 50
f 23 22 51
f 22 50 51
f 24 23 52
f 25 24 52
f 23 51 52
f 25 52 53
f 26 25 54
f 27 26 54
f 25 53 54
f 28 27 55
f 27 54 55
f 28 55 56
f 29 28 57
f 28 56 57
f 30 29 58
f 31 30 58
f 29 57 58
f 32 31 59
f 31 58 59
f 32 59 60
f 33 32 34
f 32 60 34
f 88 87 115
f 116 88 115
f 87 86 114
f 115 87 114
f 86 85 113
f 114 86 113
f 85 84 112
f 113 85 112
f 84 83 111
f 112 84 111
f 83 82 110
f 111 83 110
f 82 81 109
f 110 82 109
f 81 80 108
f 109 81 108
f 80 79 107
f 108 80 107
f 107 79 106
f 79 78 106
f 106 78 105
f 78 77 105
f 105 77 104
f 77 76 104
f 76 75 103
f 104 76 103
f 75 74 102
f 103 75 102
f 74 73 101
f 102 74 101
f 73 72 100
f 101 73 100
f 72 71 99
f 100 72 99
f 71 70 98
f 99 71 98
f 70 69 97
f 98 70 97
f 69 68 96
f 97 69 96
f 68 67 95
f 96 68 95
f 66 65 94
f 67 66 94
f 95 67 94
f 94 65 93
f 65 64 92
f 93 65 92
f 64 63 91
f 92 64 91
f 63 62 90
f 91 63 90
f 62 61 89
f 90 62 89
f 143 144 146
f 142 143 147
f 143 146 147
f 141 142 148
f 142 147 148
f 140 141 149
f 141 148 149
f 139 140 150
f 140 149 150
f 138 139 151
f 139 150 151
f 137 138 152
f 138 151 152
f 136 137 153
f 137 152 153
f 135 136 154
f 136 153 154
f 134 135 155
f 135 154 155
f 134 155 156
f 133 134 156
f 133 156 157
f 132 133 157
f 132 157 158
f 131 132 158
f 130 131 159
f 131 158 159
f 130 159 160
f 129 130 160
f 128 129 161
f 129 160 161
f 127 128 162
f 128 161 162
f 126 127 163
f 127 162 163
f 125 126 164
f 126 163 164
f 124 125 165
f 125 164 165
f 123 124 166
f 124 165 166
f 122 123 167
f 123 166 167
f 121 122 168
f 122 167 168
f 120 121 169
f 121 168 169
f 119 120 170
f 120 169 170
f 118 119 171
f 119 170 171
f 117 118 172
f 118 171 172
f 117 172 145
f 174 173 228
f 173 175 228
f 175 176 227
f 228 175 227
f 176 177 226
f 227 176 226
f 177 178 225
f 226 177 225
f 178 179 224
f 225 178 224
f 179 180 223
f 224 179 223
f 180 181 222
f 223 180 222
f 181 182 221
f 222 181 221
f 182 183 220
f 221 182 220
f 220 183 219
f 183 184 219
f 219 184 218
f 184 185 218
f 218 185 217
f 185 186 217
f 186 187 216
f 217 186 216
f 187 188 215
f 216 187 215
f 188 189 214
f 215 188 214
f 189 190 213
f 214 189 213
f 190 191 212
f 213 190 212
f 191 192 211
f 212 191 211
f 192 193 210
f 211 192 210
f 193 194 209
f 210 193 209
f 194 195 208
f 209 194 208
f 195 196 207
f 208 195 207
f 196 197 206
f 207 196 206
f 197 198 205
f 206 197 205
f 198 199 204
f 205 198 204
f 199 200 203
f 204 199 203
f 203 200 202
f 200 201 202
f 255 256 285
f 283 310 284
f 229 230 311
f 230 231 311
f 229 311 312
f 229 312 313
f 231 232 314
f 312 311 314
f 311 231 314
f 229 313 315
f 313 312 316
f 312 314 316
f 232 233 317
f 314 232 317
f 229 315 318
f 315 313 319
f 313 316 319
f 314 317 320
f 316 314 320
f 229 318 321
f 318 315 322
f 315 319 322
f 316 320 323
f 319 316 323
f 233 234 324
f 317 233 324
f 320 317 324
f 229 321 325
f 321 318 326
f 318 322 326
f 319 323 327
f 322 319 327
f 320 324 328
f 323 320 328
f 229 325 329
f 234 235 330
f 324 234 330
f 321 326 331
f 325 321 331
f 322 327 332
f 326 322 332
f 327 323 333
f 323 328 333
f 229 329 334
f 328 324 335
f 324 330 335
f 329 325 336
f 325 331 336
f 331 326 337
f 326 332 337
f 327 333 338
f 332 327 338
f 229 334 339
f 333 328 340
f 328 335 340
f 329 336 341
f 334 329 341
f 235 236 342
f 236 237 342
f 330 235 342
f 335 330 342
f 336 331 343
f 331 337 343
f 332 338 344
f 337 332 344
f 229 339 345
f 338 333 346
f 333 340 346
f 334 341 347
f 339 334 347
f 335 342 348
f 340 335 348
f 336 343 349
f 341 336 349
f 237 238 350
f 342 237 350
f 343 337 351
f 337 344 351
f 257 229 352
f 229 345 352
f 344 338 353
f 338 346 353
f 339 347 354
f 345 339 354
f 346 340 355
f 340 348 355
f 347 341 356
f 341 349 356
f 348 342 357
f 342 350 357
f 349 343 358
f 343 351 358
f 257 352 359
f 344 353 360
f 351 344 360
f 352 345 361
f 345 354 361
f 346 355 362
f 353 346 362
f 347 356 363
f 354 347 363
f 355 348 364
f 348 357 364
f 349 358 365
f 356 349 365
f 238 239 366
f 350 238 366
f 357 350 366
f 257 359 367
f 358 351 368
f 351 360 368
f 359 352 369
f 352 361 369
f 353 362 370
f 360 353 370
f 361 354 371
f 354 363 371
f 355 364 372
f 362 355 372
f 356 365 373
f 363 356 373
f 364 357 374
f 357 366 374
f 257 367 375
f 365 358 376
f 358 368 376
f 239 240 377
f 366 239 377
f 367 359 378
f 359 369 378
f 360 370 379
f 368 360 379
f 361 371 380
f 369 361 380
f 362 372 381
f 370 362 381
f 371 363 382
f 363 373 382
f 372 364 383
f 364 374 383
f 257 375 384
f 365 376 385
f 373 365 385
f 374 366 386
f 366 377 386
f 375 367 387
f 367 378 387
f 376 368 388
f 368 379 388
f 378 369 389
f 369 380 389
f 370 381 390
f 379 370 390
f 380 371 391
f 371 382 391
f 372 383 392
f 381 372 392
f 257 384 393
f 382 373 394
f 373 385 394
f 383 374 395
f 374 386 395
f 375 387 396
f 384 375 396
f 376 388 397
f 385 376 397
f 377 240 398
f 240 241 398
f 386 377 398
f 387 378 399
f 378 389 399
f 388 379 400
f 379 390 400
f 380 391 401
f 389 380 401
f 381 392 402
f 390 381 402
f 257 393 403
f 391 382 404
f 382 394 404
f 383 395 405
f 392 383 405
f 393 384 406
f 384 396 406
f 394 385 407
f 385 397 407
f 386 398 408
f 395 386 408
f 387 399 409
f 396 387 409
f 397 388 410
f 388 400 410
f 241 242 411
f 242 243 411
f 398 241 411
f 389 401 412
f 399 389 412
f 390 402 413
f 400 390 413
f 257 403 414
f 401 391 415
f 391 404 415
f 392 405 416
f 402 392 416
f 403 393 417
f 393 406 417
f 394 407 418
f 404 394 418
f 405 395 419
f 395 408 419
f 406 396 420
f 396 409 420
f 397 410 421
f 407 397 421
f 408 398 422
f 398 411 422
f 409 399 423
f 399 412 423
f 400 413 424
f 410 400 424
f 257 414 425
f 401 415 426
f 412 401 426
f 402 416 427
f 413 402 427
f 403 417 428
f 414 403 428
f 415 404 429
f 404 418 429
f 405 419 430
f 416 405 430
f 406 420 431
f 417 406 431
f 418 407 432
f 407 421 432
f 419 408 433
f 408 422 433
f 420 409 434
f 409 423 434
f 421 410 435
f 410 424 435
f 243 244 436
f 411 243 436
f 422 411 436
f 257 425 437
f 412 426 438
f 423 412 438
f 424 413 439
f 413 427 439
f 425 414 440
f 414 428 440
f 426 415 441
f 415 429 441
f 416 430 442
f 427 416 442
f 417 431 443
f 428 417 443
f 429 418 444
f 418 432 444
f 419 433 445
f 430 419 445
f 420 434 446
f 431 420 446
f 432 421 447
f 421 435 447
f 433 422 448
f 422 436 448
f 257 437 449
f 423 438 450
f 434 423 450
f 424 439 451
f 435 424 451
f 244 245 452
f 436 244 452
f 437 425 453
f 425 440 453
f 426 441 454
f 438 426 454
f 427 442 455
f 439 427 455
f 440 428 456
f 428 443 456
f 441 429 457
f 429 444 457
f 442 430 458
f 430 445 458
f 443 431 459
f 431 446 459
f 444 432 460
f 432 447 460
f 433 448 461
f 445 433 461
f 258 257 462
f 259 258 462
f 257 449 462
f 434 450 463
f 446 434 463
f 447 435 464
f 435 451 464
f 448 436 465
f 436 452 465
f 449 437 466
f 437 453 466
f 450 438 467
f 438 454 467
f 451 439 468
f 439 455 468
f 440 456 469
f 453 440 469
f 441 457 470
f 454 441 470
f 455 442 471
f 442 458 471
f 443 459 472
f 456 443 472
f 444 460 473
f 457 444 473
f 458 445 474
f 445 461 474
f 459 446 475
f 446 463 475
f 460 447 476
f 447 464 476
f 461 448 477
f 448 465 477
f 259 462 478
f 462 449 478
f 449 466 478
f 260 259 478
f 463 450 479
f 450 467 479
f 464 451 480
f 451 468 480
f 245 246 481
f 465 452 481
f 452 245 481
f 453 469 482
f 466 453 482
f 467 454 483
f 454 470 483
f 468 455 484
f 455 471 484
f 456 472 485
f 469 456 485
f 470 457 486
f 457 473 486
f 471 458 487
f 458 474 487
f 459 475 488
f 472 459 488
f 473 460 489
f 460 476 489
f 474 461 490
f 461 477 490
f 475 463 491
f 463 479 491
f 476 464 492
f 464 480 492
f 477 465 493
f 465 481 493
f 466 482 494
f 478 466 494
f 467 483 495
f 479 467 495
f 468 484 496
f 480 468 496
f 481 246 497
f 246 247 497
f 482 469 498
f 469 485 498
f 483 470 499
f 470 486 499
f 484 471 500
f 471 487 500
f 485 472 501
f 472 488 501
f 473 489 502
f 486 473 502
f 487 474 503
f 474 490 503
f 488 475 504
f 475 491 504
f 489 476 505
f 476 492 505
f 477 493 506
f 490 477 506
f 478 494 507
f 261 260 507
f 260 478 507
f 479 495 508
f 491 479 508
f 492 480 509
f 480 496 509
f 493 481 510
f 481 497 510
f 482 498 511
f 494 482 511
f 483 499 512
f 495 483 512
f 496 484 513
f 484 500 513
f 498 485 514
f 485 501 514
f 499 486 515
f 486 502 515
f 487 503 516
f 500 487 516
f 488 504 517
f 501 488 517
f 502 489 518
f 489 505 518
f 490 506 519
f 503 490 519
f 504 491 520
f 491 508 520
f 505 492 521
f 492 509 521
f 506 493 522
f 493 510 522
f 262 261 523
f 261 507 523
f 494 511 523
f 507 494 523
f 508 495 524
f 495 512 524
f 496 513 525
f 509 496 525
f 497 247 526
f 247 248 526
f 510 497 526
f 511 498 527
f 498 514 527
f 512 499 528
f 499 515 528
f 500 516 529
f 513 500 529
f 501 517 530
f 514 501 530
f 515 502 531
f 502 518 531
f 516 503 532
f 503 519 532
f 504 520 533
f 517 504 533
f 505 521 534
f 518 505 534
f 519 506 535
f 506 522 535
f 508 524 536
f 520 508 536
f 521 509 537
f 509 525 537
f 510 526 538
f 522 510 538
f 511 527 539
f 523 511 539
f 512 528 540
f 524 512 540
f 513 529 541
f 525 513 541
f 248 249 542
f 249 250 542
f 526 248 542
f 527 514 543
f 514 530 543
f 528 515 544
f 515 531 544
f 516 532 545
f 529 516 545
f 517 533 546
f 530 517 546
f 518 534 547
f 531 518 547
f 532 519 548
f 519 535 548
f 520 536 549
f 533 520 549
f 534 521 550
f 521 537 550
f 522 538 551
f 535 522 551
f 263 262 552
f 523 539 552
f 262 523 552
f 524 540 553
f 536 524 553
f 525 541 554
f 537 525 554
f 526 542 555
f 538 526 555
f 527 543 556
f 539 527 556
f 540 528 557
f 528 544 557
f 541 529 558
f 529 545 558
f 543 530 559
f 530 546 559
f 544 531 560
f 531 547 560
f 532 548 561
f 545 532 561
f 533 549 562
f 546 533 562
f 547 534 563
f 534 550 563
f 548 535 564
f 535 551 564
f 549 536 565
f 536 553 565
f 550 537 566
f 537 554 566
f 538 555 567
f 551 538 567
f 539 556 568
f 264 263 568
f 265 264 568
f 263 552 568
f 552 539 568
f 540 557 569
f 553 540 569
f 554 541 570
f 541 558 570
f 555 542 571
f 250 251 571
f 542 250 571
f 556 543 572
f 543 559 572
f 544 560 573
f 557 544 573
f 558 545 574
f 545 561 574
f 546 562 575
f 559 546 575
f 560 547 576
f 547 563 576
f 561 548 577
f 548 564 577
f 549 565 578
f 562 549 578
f 563 550 579
f 550 566 579
f 564 551 580
f 551 567 580
f 565 553 581
f 553 569 581
f 554 570 582
f 566 554 582
f 555 571 583
f 567 555 583
f 556 572 584
f 568 556 584
f 557 573 585
f 569 557 585
f 570 558 586
f 558 574 586
f 251 252 587
f 571 251 587
f 559 575 588
f 572 559 588
f 573 560 589
f 560 576 589
f 561 577 590
f 574 561 590
f 575 562 591
f 562 578 591
f 576 563 592
f 563 579 592
f 577 564 593
f 564 580 593
f 578 565 594
f 565 581 594
f 579 566 595
f 566 582 595
f 580 567 596
f 567 583 596
f 265 568 597
f 266 265 597
f 568 584 597
f 581 569 598
f 569 585 598
f 570 586 599
f 582 570 599
f 571 587 600
f 583 571 600
f 572 588 601
f 584 572 601
f 573 589 602
f 585 573 602
f 586 574 603
f 574 590 603
f 588 575 604
f 575 591 604
f 589 576 605
f 576 592 605
f 577 593 606
f 590 577 606
f 578 594 607
f 591 578 607
f 579 595 608
f 592 579 608
f 593 580 609
f 580 596 609
f 594 581 610
f 581 598 610
f 595 582 611
f 582 599 611
f 583 600 612
f 596 583 612
f 266 597 613
f 597 584 613
f 584 601 613
f 267 266 613
f 598 585 614
f 585 602 614
f 599 586 615
f 586 603 615
f 600 587 616
f 252 253 616
f 587 252 616
f 601 588 617
f 588 604 617
f 589 605 618
f 602 589 618
f 590 606 619
f 603 590 619
f 591 607 620
f 604 591 620
f 592 608 621
f 605 592 621
f 593 609 622
f 606 593 622
f 594 610 623
f 607 594 623
f 608 595 624
f 595 611 624
f 609 596 625
f 596 612 625
f 598 614 626
f 610 598 626
f 599 615 627
f 611 599 627
f 600 616 628
f 612 600 628
f 613 601 629
f 601 617 629
f 614 602 630
f 602 618 630
f 603 619 631
f 615 603 631
f 253 254 632
f 616 253 632
f 617 604 633
f 604 620 633
f 618 605 634
f 605 621 634
f 619 606 635
f 606 622 635
f 607 623 636
f 620 607 636
f 621 608 637
f 608 624 637
f 622 609 638
f 609 625 638
f 623 610 639
f 610 626 639
f 624 611 640
f 611 627 640
f 612 628 641
f 625 612 641
f 613 629 642
f 268 267 642
f 267 613 642
f 614 630 643
f 626 614 643
f 627 615 644
f 615 631 644
f 616 632 645
f 628 616 645
f 629 617 646
f 617 633 646
f 630 618 647
f 618 634 647
f 619 635 648
f 631 619 648
f 633 620 649
f 620 636 649
f 634 621 650
f 621 637 650
f 622 638 651
f 635 622 651
f 636 623 652
f 623 639 652
f 637 624 653
f 624 640 653
f 638 625 654
f 625 641 654
f 626 643 655
f 639 626 655
f 627 644 656
f 640 627 656
f 641 628 657
f 628 645 657
f 629 646 658
f 269 268 658
f 268 642 658
f 642 629 658
f 630 647 659
f 643 630 659
f 631 648 660
f 644 631 660
f 632 254 661
f 254 255 661
f 645 632 661
f 285 286 661
f 255 285 661
f 646 633 662
f 633 649 662
f 634 650 663
f 647 634 663
f 635 651 664
f 648 635 664
f 649 636 665
f 636 652 665
f 637 653 666
f 650 637 666
f 638 654 667
f 651 638 667
f 652 639 668
f 639 655 668
f 653 640 669
f 640 656 669
f 641 657 670
f 654 641 670
f 655 643 671
f 643 659 671
f 644 660 672
f 656 644 672
f 661 286 673
f 645 661 673
f 657 645 673
f 286 287 673
f 646 662 674
f 658 646 674
f 647 663 675
f 659 647 675
f 660 648 676
f 648 664 676
f 649 665 677
f 662 649 677
f 650 666 678
f 663 650 678
f 651 667 679
f 664 651 679
f 652 668 680
f 665 652 680
f 666 653 681
f 653 669 681
f 654 670 682
f 667 654 682
f 668 655 683
f 655 671 683
f 656 672 684
f 669 656 684
f 670 657 685
f 673 287 685
f 287 288 685
f 657 673 685
f 658 674 686
f 270 269 686
f 271 270 686
f 269 658 686
f 659 675 687
f 671 659 687
f 660 676 688
f 672 660 688
f 674 662 689
f 662 677 689
f 675 663 690
f 663 678 690
f 676 664 691
f 664 679 691
f 665 680 692
f 677 665 692
f 678 666 693
f 666 681 693
f 679 667 694
f 667 682 694
f 668 683 695
f 680 668 695
f 669 684 696
f 681 669 696
f 682 670 697
f 288 289 697
f 685 288 697
f 670 685 697
f 683 671 698
f 671 687 698
f 684 672 699
f 672 688 699
f 686 674 700
f 272 271 700
f 674 689 700
f 271 686 700
f 687 675 701
f 675 690 701
f 688 676 702
f 676 691 702
f 689 677 703
f 677 692 703
f 678 693 704
f 690 678 704
f 691 679 705
f 679 694 705
f 680 695 706
f 692 680 706
f 681 696 707
f 693 681 707
f 694 682 708
f 289 290 708
f 682 697 708
f 697 289 708
f 683 698 709
f 695 683 709
f 696 684 710
f 684 699 710
f 698 687 711
f 687 701 711
f 699 688 712
f 688 702 712
f 700 689 713
f 689 703 713
f 701 690 714
f 690 704 714
f 702 691 715
f 691 705 715
f 692 706 716
f 703 692 716
f 693 707 717
f 704 693 717
f 708 290 718
f 694 708 718
f 705 694 718
f 290 291 718
f 291 292 718
f 695 709 719
f 706 695 719
f 707 696 720
f 696 710 720
f 709 698 721
f 698 711 721
f 710 699 722
f 699 712 722
f 272 700 723
f 700 713 723
f 273 272 723
f 701 714 724
f 711 701 724
f 712 702 725
f 702 715 725
f 713 703 726
f 703 716 726
f 704 717 727
f 714 704 727
f 715 705 728
f 292 293 728
f 705 718 728
f 718 292 728
f 716 706 729
f 706 719 729
f 707 720 730
f 717 707 730
f 719 709 731
f 709 721 731
f 710 722 732
f 720 710 732
f 721 711 733
f 711 724 733
f 722 712 734
f 712 725 734
f 274 273 735
f 723 713 735
f 273 723 735
f 713 726 735
f 724 714 736
f 714 727 736
f 715 728 737
f 725 715 737
f 293 294 737
f 728 293 737
f 716 729 738
f 726 716 738
f 727 717 739
f 717 730 739
f 719 731 740
f 729 719 740
f 720 732 741
f 730 720 741
f 731 721 742
f 721 733 742
f 722 734 743
f 732 722 743
f 733 724 744
f 724 736 744
f 737 294 745
f 734 725 745
f 294 295 745
f 725 737 745
f 726 738 746
f 735 726 746
f 727 739 747
f 736 727 747
f 729 740 748
f 738 729 748
f 730 741 749
f 739 730 749
f 740 731 750
f 731 742 750
f 732 743 751
f 741 732 751
f 733 744 752
f 742 733 752
f 743 734 753
f 734 745 753
f 745 295 753
f 295 296 753
f 274 735 754
f 735 746 754
f 275 274 754
f 736 747 755
f 744 736 755
f 746 738 756
f 738 748 756
f 747 739 757
f 739 749 757
f 748 740 758
f 740 750 758
f 741 751 759
f 749 741 759
f 750 742 760
f 742 752 760
f 743 753 761
f 751 743 761
f 296 297 761
f 753 296 761
f 744 755 762
f 752 744 762
f 276 275 763
f 754 746 763
f 275 754 763
f 746 756 763
f 755 747 764
f 747 757 764
f 748 758 765
f 756 748 765
f 757 749 766
f 749 759 766
f 758 750 767
f 750 760 767
f 761 297 768
f 759 751 768
f 297 298 768
f 298 299 768
f 751 761 768
f 752 762 769
f 760 752 769
f 755 764 770
f 762 755 770
f 763 756 771
f 756 765 771
f 764 757 772
f 757 766 772
f 758 767 773
f 765 758 773
f 759 768 774
f 768 299 774
f 299 300 774
f 766 759 774
f 767 760 775
f 760 769 775
f 769 762 776
f 762 770 776
f 763 771 777
f 277 276 777
f 278 277 777
f 276 763 777
f 764 772 778
f 770 764 778
f 765 773 779
f 771 765 779
f 772 766 780
f 774 300 780
f 300 301 780
f 766 774 780
f 767 775 781
f 773 767 781
f 775 769 782
f 769 776 782
f 776 770 783
f 770 778 783
f 777 771 784
f 771 779 784
f 278 777 784
f 279 278 784
f 778 772 785
f 772 780 785
f 780 301 785
f 301 302 785
f 773 781 786
f 779 773 786
f 775 782 787
f 781 775 787
f 782 776 788
f 776 783 788
f 783 778 789
f 778 785 789
f 785 302 789
f 302 303 789
f 779 786 790
f 784 779 790
f 781 787 791
f 786 781 791
f 787 782 792
f 782 788 792
f 783 789 793
f 788 783 793
f 303 304 793
f 304 305 793
f 789 303 793
f 280 279 794
f 279 784 794
f 784 790 794
f 786 791 795
f 790 786 795
f 787 792 796
f 791 787 796
f 792 788 797
f 305 306 797
f 788 793 797
f 793 305 797
f 281 280 798
f 280 794 798
f 794 790 798
f 790 795 798
f 791 796 799
f 795 791 799
f 796 792 800
f 797 306 800
f 306 307 800
f 792 797 800
f 798 795 801
f 795 799 801
f 796 800 802
f 800 307 802
f 799 796 802
f 307 308 802
f 281 798 803
f 798 801 803
f 282 281 803
f 799 802 804
f 802 308 804
f 308 309 804
f 801 799 804
f 801 804 805
f 803 801 805
f 282 803 805
f 804 309 805
f 310 283 805
f 283 282 805
f 309 310 805
f 833 832 862
f 887 860 861
f 807 806 888
f 808 807 888
f 888 806 889
f 889 806 890
f 809 808 891
f 888 889 891
f 808 888 891
f 890 806 892
f 889 890 893
f 891 889 893
f 810 809 894
f 809 891 894
f 892 806 895
f 890 892 896
f 893 890 896
f 894 891 897
f 891 893 897
f 895 806 898
f 892 895 899
f 896 892 899
f 897 893 900
f 893 896 900
f 811 810 901
f 810 894 901
f 894 897 901
f 898 806 902
f 895 898 903
f 899 895 903
f 900 896 904
f 896 899 904
f 901 897 905
f 897 900 905
f 902 806 906
f 812 811 907
f 811 901 907
f 903 898 908
f 898 902 908
f 904 899 909
f 899 903 909
f 900 904 910
f 905 900 910
f 906 806 911
f 901 905 912
f 907 901 912
f 902 906 913
f 908 902 913
f 903 908 914
f 909 903 914
f 910 904 915
f 904 909 915
f 911 806 916
f 905 910 917
f 912 905 917
f 913 906 918
f 906 911 918
f 813 812 919
f 814 813 919
f 812 907 919
f 907 912 919
f 908 913 920
f 914 908 920
f 915 909 921
f 909 914 921
f 916 806 922
f 910 915 923
f 917 910 923
f 918 911 924
f 911 916 924
f 919 912 925
f 912 917 925
f 920 913 926
f 913 918 926
f 815 814 927
f 814 919 927
f 914 920 928
f 921 914 928
f 806 834 929
f 922 806 929
f 915 921 930
f 923 915 930
f 924 916 931
f 916 922 931
f 917 923 932
f 925 917 932
f 918 924 933
f 926 918 933
f 919 925 934
f 927 919 934
f 920 926 935
f 928 920 935
f 929 834 936
f 930 921 937
f 921 928 937
f 922 929 938
f 931 922 938
f 932 923 939
f 923 930 939
f 933 924 940
f 924 931 940
f 925 932 941
f 934 925 941
f 935 926 942
f 926 933 942
f 816 815 943
f 815 927 943
f 927 934 943
f 936 834 944
f 928 935 945
f 937 928 945
f 929 936 946
f 938 929 946
f 939 930 947
f 930 937 947
f 931 938 948
f 940 931 948
f 941 932 949
f 932 939 949
f 942 933 950
f 933 940 950
f 934 941 951
f 943 934 951
f 944 834 952
f 935 942 953
f 945 935 953
f 817 816 954
f 816 943 954
f 936 944 955
f 946 936 955
f 947 937 956
f 937 945 956
f 948 938 957
f 938 946 957
f 949 939 958
f 939 947 958
f 940 948 959
f 950 940 959
f 941 949 960
f 951 941 960
f 952 834 961
f 953 942 962
f 942 950 962
f 943 951 963
f 954 943 963
f 944 952 964
f 955 944 964
f 945 953 965
f 956 945 965
f 946 955 966
f 957 946 966
f 958 947 967
f 947 956 967
f 948 957 968
f 959 948 968
f 960 949 969
f 949 958 969
f 961 834 970
f 950 959 971
f 962 950 971
f 951 960 972
f 963 951 972
f 964 952 973
f 952 961 973
f 965 953 974
f 953 962 974
f 817 954 975
f 818 817 975
f 954 963 975
f 955 964 976
f 966 955 976
f 956 965 977
f 967 956 977
f 968 957 978
f 957 966 978
f 969 958 979
f 958 967 979
f 970 834 980
f 959 968 981
f 971 959 981
f 972 960 982
f 960 969 982
f 961 970 983
f 973 961 983
f 962 971 984
f 974 962 984
f 975 963 985
f 963 972 985
f 976 964 986
f 964 973 986
f 965 974 987
f 977 965 987
f 819 818 988
f 820 819 988
f 818 975 988
f 978 966 989
f 966 976 989
f 979 967 990
f 967 977 990
f 980 834 991
f 968 978 992
f 981 968 992
f 982 969 993
f 969 979 993
f 970 980 994
f 983 970 994
f 984 971 995
f 971 981 995
f 972 982 996
f 985 972 996
f 973 983 997
f 986 973 997
f 987 974 998
f 974 984 998
f 975 985 999
f 988 975 999
f 976 986 1000
f 989 976 1000
f 990 977 1001
f 977 987 1001
f 991 834 1002
f 992 978 1003
f 978 989 1003
f 993 979 1004
f 979 990 1004
f 994 980 1005
f 980 991 1005
f 981 992 1006
f 995 981 1006
f 996 982 1007
f 982 993 1007
f 997 983 1008
f 983 994 1008
f 984 995 1009
f 998 984 1009
f 985 996 1010
f 999 985 1010
f 986 997 1011
f 1000 986 1011
f 987 998 1012
f 1001 987 1012
f 821 820 1013
f 820 988 1013
f 988 999 1013
f 1002 834 1014
f 1003 989 1015
f 989 1000 1015
f 990 1001 1016
f 1004 990 1016
f 991 1002 1017
f 1005 991 1017
f 992 1003 1018
f 1006 992 1018
f 1007 993 1019
f 993 1004 1019
f 1008 994 1020
f 994 1005 1020
f 995 1006 1021
f 1009 995 1021
f 1010 996 1022
f 996 1007 1022
f 1011 997 1023
f 997 1008 1023
f 998 1009 1024
f 1012 998 1024
f 999 1010 1025
f 1013 999 1025
f 1014 834 1026
f 1015 1000 1027
f 1000 1011 1027
f 1016 1001 1028
f 1001 1012 1028
f 822 821 1029
f 821 1013 1029
f 1002 1014 1030
f 1017 1002 1030
f 1018 1003 1031
f 1003 1015 1031
f 1019 1004 1032
f 1004 1016 1032
f 1005 1017 1033
f 1020 1005 1033
f 1006 1018 1034
f 1021 1006 1034
f 1007 1019 1035
f 1022 1007 1035
f 1008 1020 1036
f 1023 1008 1036
f 1009 1021 1037
f 1024 1009 1037
f 1025 1010 1038
f 1010 1022 1038
f 834 835 1039
f 835 836 1039
f 1026 834 1039
f 1027 1011 1040
f 1011 1023 1040
f 1012 1024 1041
f 1028 1012 1041
f 1013 1025 1042
f 1029 1013 1042
f 1014 1026 1043
f 1030 1014 1043
f 1015 1027 1044
f 1031 1015 1044
f 1016 1028 1045
f 1032 1016 1045
f 1033 1017 1046
f 1017 1030 1046
f 1034 1018 1047
f 1018 1031 1047
f 1019 1032 1048
f 1035 1019 1048
f 1036 1020 1049
f 1020 1033 1049
f 1037 1021 1050
f 1021 1034 1050
f 1022 1035 1051
f 1038 1022 1051
f 1023 1036 1052
f 1040 1023 1052
f 1024 1037 1053
f 1041 1024 1053
f 1025 1038 1054
f 1042 1025 1054
f 1039 836 1055
f 1026 1039 1055
f 1043 1026 1055
f 836 837 1055
f 1027 1040 1056
f 1044 1027 1056
f 1028 1041 1057
f 1045 1028 1057
f 823 822 1058
f 1029 1042 1058
f 822 1029 1058
f 1046 1030 1059
f 1030 1043 1059
f 1031 1044 1060
f 1047 1031 1060
f 1032 1045 1061
f 1048 1032 1061
f 1049 1033 1062
f 1033 1046 1062
f 1034 1047 1063
f 1050 1034 1063
f 1035 1048 1064
f 1051 1035 1064
f 1052 1036 1065
f 1036 1049 1065
f 1037 1050 1066
f 1053 1037 1066
f 1038 1051 1067
f 1054 1038 1067
f 1040 1052 1068
f 1056 1040 1068
f 1041 1053 1069
f 1057 1041 1069
f 1042 1054 1070
f 1058 1042 1070
f 1059 1043 1071
f 1043 1055 1071
f 1060 1044 1072
f 1044 1056 1072
f 1061 1045 1073
f 1045 1057 1073
f 823 1058 1074
f 824 823 1074
f 1046 1059 1075
f 1062 1046 1075
f 1047 1060 1076
f 1063 1047 1076
f 1048 1061 1077
f 1064 1048 1077
f 1049 1062 1078
f 1065 1049 1078
f 1066 1050 1079
f 1050 1063 1079
f 1051 1064 1080
f 1067 1051 1080
f 1052 1065 1081
f 1068 1052 1081
f 1053 1066 1082
f 1069 1053 1082
f 1070 1054 1083
f 1054 1067 1083
f 1071 1055 1084
f 837 838 1084
f 1055 837 1084
f 1072 1056 1085
f 1056 1068 1085
f 1057 1069 1086
f 1073 1057 1086
f 1058 1070 1087
f 1074 1058 1087
f 1075 1059 1088
f 1059 1071 1088
f 1076 1060 1089
f 1060 1072 1089
f 1061 1073 1090
f 1077 1061 1090
f 1062 1075 1091
f 1078 1062 1091
f 1063 1076 1092
f 1079 1063 1092
f 1080 1064 1093
f 1064 1077 1093
f 1081 1065 1094
f 1065 1078 1094
f 1066 1079 1095
f 1082 1066 1095
f 1083 1067 1096
f 1067 1080 1096
f 1068 1081 1097
f 1085 1068 1097
f 1069 1082 1098
f 1086 1069 1098
f 1070 1083 1099
f 1087 1070 1099
f 838 839 1100
f 1084 838 1100
f 1088 1071 1100
f 1071 1084 1100
f 1072 1085 1101
f 1089 1072 1101
f 1090 1073 1102
f 1073 1086 1102
f 824 1074 1103
f 825 824 1103
f 1074 1087 1103
f 1075 1088 1104
f 1091 1075 1104
f 1076 1089 1105
f 1092 1076 1105
f 1093 1077 1106
f 1077 1090 1106
f 1094 1078 1107
f 1078 1091 1107
f 1079 1092 1108
f 1095 1079 1108
f 1080 1093 1109
f 1096 1080 1109
f 1097 1081 1110
f 1081 1094 1110
f 1098 1082 1111
f 1082 1095 1111
f 1083 1096 1112
f 1099 1083 1112
f 1101 1085 1113
f 1085 1097 1113
f 1086 1098 1114
f 1102 1086 1114
f 1103 1087 1115
f 1087 1099 1115
f 1104 1088 1116
f 1088 1100 1116
f 1105 1089 1117
f 1089 1101 1117
f 1106 1090 1118
f 1090 1102 1118
f 826 825 1119
f 827 826 1119
f 825 1103 1119
f 1091 1104 1120
f 1107 1091 1120
f 1092 1105 1121
f 1108 1092 1121
f 1109 1093 1122
f 1093 1106 1122
f 1110 1094 1123
f 1094 1107 1123
f 1111 1095 1124
f 1095 1108 1124
f 1096 1109 1125
f 1112 1096 1125
f 1113 1097 1126
f 1097 1110 1126
f 1098 1111 1127
f 1114 1098 1127
f 1115 1099 1128
f 1099 1112 1128
f 839 840 1129
f 1116 1100 1129
f 1100 839 1129
f 1117 1101 1130
f 1101 1113 1130
f 1118 1102 1131
f 1102 1114 1131
f 1119 1103 1132
f 1103 1115 1132
f 1120 1104 1133
f 1104 1116 1133
f 1105 1117 1134
f 1121 1105 1134
f 1106 1118 1135
f 1122 1106 1135
f 1107 1120 1136
f 1123 1107 1136
f 1108 1121 1137
f 1124 1108 1137
f 1125 1109 1138
f 1109 1122 1138
f 1126 1110 1139
f 1110 1123 1139
f 1111 1124 1140
f 1127 1111 1140
f 1112 1125 1141
f 1128 1112 1141
f 1113 1126 1142
f 1130 1113 1142
f 1114 1127 1143
f 1131 1114 1143
f 1132 1115 1144
f 1115 1128 1144
f 1133 1116 1145
f 840 841 1145
f 841 842 1145
f 1129 840 1145
f 1116 1129 1145
f 1134 1117 1146
f 1117 1130 1146
f 1118 1131 1147
f 1135 1118 1147
f 1119 1132 1148
f 828 827 1148
f 827 1119 1148
f 1120 1133 1149
f 1136 1120 1149
f 1137 1121 1150
f 1121 1134 1150
f 1122 1135 1151
f 1138 1122 1151
f 1139 1123 1152
f 1123 1136 1152
f 1124 1137 1153
f 1140 1124 1153
f 1125 1138 1154
f 1141 1125 1154
f 1142 1126 1155
f 1126 1139 1155
f 1127 1140 1156
f 1143 1127 1156
f 1128 1141 1157
f 1144 1128 1157
f 1130 1142 1158
f 1146 1130 1158
f 1147 1131 1159
f 1131 1143 1159
f 1148 1132 1160
f 1132 1144 1160
f 1149 1133 1161
f 1133 1145 1161
f 1150 1134 1162
f 1134 1146 1162
f 1135 1147 1163
f 1151 1135 1163
f 829 828 1164
f 828 1148 1164
f 1152 1136 1165
f 1136 1149 1165
f 1137 1150 1166
f 1153 1137 1166
f 1154 1138 1167
f 1138 1151 1167
f 1139 1152 1168
f 1155 1139 1168
f 1140 1153 1169
f 1156 1140 1169
f 1141 1154 1170
f 1157 1141 1170
f 1142 1155 1171
f 1158 1142 1171
f 1143 1156 1172
f 1159 1143 1172
f 1144 1157 1173
f 1160 1144 1173
f 1145 842 1174
f 842 843 1174
f 1161 1145 1174
f 1146 1158 1175
f 1162 1146 1175
f 1163 1147 1176
f 1147 1159 1176
f 1164 1148 1177
f 1148 1160 1177
f 1165 1149 1178
f 1149 1161 1178
f 1166 1150 1179
f 1150 1162 1179
f 1151 1163 1180
f 1167 1151 1180
f 1152 1165 1181
f 1168 1152 1181
f 1153 1166 1182
f 1169 1153 1182
f 1170 1154 1183
f 1154 1167 1183
f 1171 1155 1184
f 1155 1168 1184
f 1172 1156 1185
f 1156 1169 1185
f 1157 1170 1186
f 1173 1157 1186
f 1158 1171 1187
f 1175 1158 1187
f 1159 1172 1188
f 1176 1159 1188
f 1177 1160 1189
f 1160 1173 1189
f 1174 843 1190
f 1161 1174 1190
f 1178 1161 1190
f 843 844 1190
f 1162 1175 1191
f 1179 1162 1191
f 1163 1176 1192
f 1180 1163 1192
f 1164 1177 1193
f 830 829 1193
f 829 1164 1193
f 1165 1178 1194
f 1181 1165 1194
f 1182 1166 1195
f 1166 1179 1195
f 1183 1167 1196
f 1167 1180 1196
f 1184 1168 1197
f 1168 1181 1197
f 1185 1169 1198
f 1169 1182 1198
f 1186 1170 1199
f 1170 1183 1199
f 1187 1171 1200
f 1171 1184 1200
f 1172 1185 1201
f 1188 1172 1201
f 1173 1186 1202
f 1189 1173 1202
f 1191 1175 1203
f 1175 1187 1203
f 1192 1176 1204
f 1176 1188 1204
f 1193 1177 1205
f 1177 1189 1205
f 1178 1190 1206
f 1194 1178 1206
f 1179 1191 1207
f 1195 1179 1207
f 1196 1180 1208
f 1180 1192 1208
f 831 830 1209
f 830 1193 1209
f 1181 1194 1210
f 1197 1181 1210
f 1182 1195 1211
f 1198 1182 1211
f 1183 1196 1212
f 1199 1183 1212
f 1200 1184 1213
f 1184 1197 1213
f 1185 1198 1214
f 1201 1185 1214
f 1186 1199 1215
f 1202 1186 1215
f 1187 1200 1216
f 1203 1187 1216
f 1188 1201 1217
f 1204 1188 1217
f 1205 1189 1218
f 1189 1202 1218
f 1206 1190 1219
f 844 845 1219
f 1190 844 1219
f 1207 1191 1220
f 1191 1203 1220
f 1192 1204 1221
f 1208 1192 1221
f 1209 1193 1222
f 1193 1205 1222
f 1194 1206 1223
f 1210 1194 1223
f 1195 1207 1224
f 1211 1195 1224
f 1212 1196 1225
f 1196 1208 1225
f 1197 1210 1226
f 1213 1197 1226
f 1198 1211 1227
f 1214 1198 1227
f 1215 1199 1228
f 1199 1212 1228
f 1200 1213 1229
f 1216 1200 1229
f 1201 1214 1230
f 1217 1201 1230
f 1202 1215 1231
f 1218 1202 1231
f 1220 1203 1232
f 1203 1216 1232
f 1221 1204 1233
f 1204 1217 1233
f 1205 1218 1234
f 1222 1205 1234
f 1223 1206 1235
f 845 846 1235
f 1219 845 1235
f 1206 1219 1235
f 1224 1207 1236
f 1207 1220 1236
f 1225 1208 1237
f 1208 1221 1237
f 831 1209 1238
f 832 831 1238
f 1209 1222 1238
f 863 862 1238
f 862 832 1238
f 1210 1223 1239
f 1226 1210 1239
f 1227 1211 1240
f 1211 1224 1240
f 1228 1212 1241
f 1212 1225 1241
f 1213 1226 1242
f 1229 1213 1242
f 1230 1214 1243
f 1214 1227 1243
f 1231 1215 1244
f 1215 1228 1244
f 1216 1229 1245
f 1232 1216 1245
f 1217 1230 1246
f 1233 1217 1246
f 1234 1218 1247
f 1218 1231 1247
f 1220 1232 1248
f 1236 1220 1248
f 1237 1221 1249
f 1221 1233 1249
f 863 1238 1250
f 1238 1222 1250
f 1222 1234 1250
f 864 863 1250
f 1239 1223 1251
f 1223 1235 1251
f 1240 1224 1252
f 1224 1236 1252
f 1225 1237 1253
f 1241 1225 1253
f 1242 1226 1254
f 1226 1239 1254
f 1243 1227 1255
f 1227 1240 1255
f 1244 1228 1256
f 1228 1241 1256
f 1245 1229 1257
f 1229 1242 1257
f 1230 1243 1258
f 1246 1230 1258
f 1247 1231 1259
f 1231 1244 1259
f 1232 1245 1260
f 1248 1232 1260
f 1249 1233 1261
f 1233 1246 1261
f 1234 1247 1262
f 864 1250 1262
f 865 864 1262
f 1250 1234 1262
f 1251 1235 1263
f 846 847 1263
f 847 848 1263
f 1235 846 1263
f 1252 1236 1264
f 1236 1248 1264
f 1253 1237 1265
f 1237 1249 1265
f 1239 1251 1266
f 1254 1239 1266
f 1240 1252 1267
f 1255 1240 1267
f 1241 1253 1268
f 1256 1241 1268
f 1257 1242 1269
f 1242 1254 1269
f 1243 1255 1270
f 1258 1243 1270
f 1244 1256 1271
f 1259 1244 1271
f 1260 1245 1272
f 1245 1257 1272
f 1261 1246 1273
f 1246 1258 1273
f 1247 1259 1274
f 866 865 1274
f 865 1262 1274
f 1262 1247 1274
f 1248 1260 1275
f 1264 1248 1275
f 1249 1261 1276
f 1265 1249 1276
f 1251 1263 1277
f 848 849 1277
f 1266 1251 1277
f 1263 848 1277
f 1252 1264 1278
f 1267 1252 1278
f 1253 1265 1279
f 1268 1253 1279
f 1254 1266 1280
f 1269 1254 1280
f 1270 1255 1281
f 1255 1267 1281
f 1256 1268 1282
f 1271 1256 1282
f 1272 1257 1283
f 1257 1269 1283
f 1273 1258 1284
f 1258 1270 1284
f 1259 1271 1285
f 867 866 1285
f 1274 1259 1285
f 866 1274 1285
f 1275 1260 1286
f 1260 1272 1286
f 1261 1273 1287
f 1276 1261 1287
f 1264 1275 1288
f 1278 1264 1288
f 1265 1276 1289
f 1279 1265 1289
f 1266 1277 1290
f 1280 1266 1290
f 1267 1278 1291
f 1281 1267 1291
f 1268 1279 1292
f 1282 1268 1292
f 1283 1269 1293
f 1269 1280 1293
f 1284 1270 1294
f 1270 1281 1294
f 867 1285 1295
f 1285 1271 1295
f 1271 1282 1295
f 868 867 1295
f 869 868 1295
f 1286 1272 1296
f 1272 1283 1296
f 1273 1284 1297
f 1287 1273 1297
f 1275 1286 1298
f 1288 1275 1298
f 1276 1287 1299
f 1289 1276 1299
f 1277 849 1300
f 1290 1277 1300
f 849 850 1300
f 1291 1278 1301
f 1278 1288 1301
f 1279 1289 1302
f 1292 1279 1302
f 1280 1290 1303
f 1293 1280 1303
f 1294 1281 1304
f 1281 1291 1304
f 1282 1292 1305
f 870 869 1305
f 1295 1282 1305
f 869 1295 1305
f 1283 1293 1306
f 1296 1283 1306
f 1297 1284 1307
f 1284 1294 1307
f 1286 1296 1308
f 1298 1286 1308
f 1299 1287 1309
f 1287 1297 1309
f 1288 1298 1310
f 1301 1288 1310
f 1289 1299 1311
f 1302 1289 1311
f 850 851 1312
f 1290 1300 1312
f 1300 850 1312
f 1303 1290 1312
f 1291 1301 1313
f 1304 1291 1313
f 1305 1292 1314
f 1292 1302 1314
f 871 870 1314
f 870 1305 1314
f 1306 1293 1315
f 1293 1303 1315
f 1294 1304 1316
f 1307 1294 1316
f 1308 1296 1317
f 1296 1306 1317
f 1309 1297 1318
f 1297 1307 1318
f 1298 1308 1319
f 1310 1298 1319
f 1311 1299 1320
f 1299 1309 1320
f 1301 1310 1321
f 1313 1301 1321
f 871 1314 1322
f 1302 1311 1322
f 872 871 1322
f 1314 1302 1322
f 1315 1303 1323
f 1303 1312 1323
f 1316 1304 1324
f 1304 1313 1324
f 1317 1306 1325
f 1306 1315 1325
f 1318 1307 1326
f 1307 1316 1326
f 1308 1317 1327
f 1319 1308 1327
f 1320 1309 1328
f 1309 1318 1328
f 1321 1310 1329
f 1310 1319 1329
f 1311 1320 1330
f 1322 1311 1330
f 872 1322 1330
f 873 872 1330
f 1312 851 1331
f 1323 1312 1331
f 851 852 1331
f 1324 1313 1332
f 1313 1321 1332
f 1315 1323 1333
f 1325 1315 1333
f 1316 1324 1334
f 1326 1316 1334
f 1317 1325 1335
f 1327 1317 1335
f 1328 1318 1336
f 1318 1326 1336
f 1319 1327 1337
f 1329 1319 1337
f 1330 1320 1338
f 1320 1328 1338
f 874 873 1338
f 873 1330 1338
f 1332 1321 1339
f 1321 1329 1339
f 852 853 1340
f 1323 1331 1340
f 1331 852 1340
f 1333 1323 1340
f 1324 1332 1341
f 1334 1324 1341
f 1335 1325 1342
f 1325 1333 1342
f 1326 1334 1343
f 1336 1326 1343
f 1327 1335 1344
f 1337 1327 1344
f 874 1338 1345
f 1328 1336 1345
f 875 874 1345
f 876 875 1345
f 1338 1328 1345
f 1339 1329 1346
f 1329 1337 1346
f 1341 1332 1347
f 1332 1339 1347
f 1333 1340 1348
f 1342 1333 1348
f 1334 1341 1349
f 1343 1334 1349
f 1344 1335 1350
f 1335 1342 1350
f 1345 1336 1351
f 876 1345 1351
f 877 876 1351
f 1336 1343 1351
f 1337 1344 1352
f 1346 1337 1352
f 1339 1346 1353
f 1347 1339 1353
f 1348 1340 1354
f 853 854 1354
f 854 855 1354
f 1340 853 1354
f 1349 1341 1355
f 1341 1347 1355
f 1350 1342 1356
f 1342 1348 1356
f 1343 1349 1357
f 877 1351 1357
f 878 877 1357
f 1351 1343 1357
f 1352 1344 1358
f 1344 1350 1358
f 1346 1352 1359
f 1353 1346 1359
f 1347 1353 1360
f 1355 1347 1360
f 1348 1354 1361
f 1356 1348 1361
f 1354 855 1361
f 855 856 1361
f 1349 1355 1362
f 1357 1349 1362
f 878 1357 1362
f 879 878 1362
f 1358 1350 1363
f 1350 1356 1363
f 1359 1352 1364
f 1352 1358 1364
f 1353 1359 1365
f 1360 1353 1365
f 1355 1360 1366
f 1362 1355 1366
f 879 1362 1366
f 880 879 1366
f 1363 1356 1367
f 1356 1361 1367
f 1364 1358 1368
f 1358 1363 1368
f 1359 1364 1369
f 1365 1359 1369
f 1366 1360 1370
f 1360 1365 1370
f 881 880 1370
f 882 881 1370
f 880 1366 1370
f 856 857 1371
f 1361 856 1371
f 1367 1361 1371
f 1368 1363 1372
f 1363 1367 1372
f 1369 1364 1373
f 1364 1368 1373
f 1365 1369 1374
f 883 882 1374
f 1370 1365 1374
f 882 1370 1374
f 857 858 1375
f 1371 857 1375
f 1367 1371 1375
f 1372 1367 1375
f 1373 1368 1376
f 1368 1372 1376
f 1369 1373 1377
f 883 1374 1377
f 884 883 1377
f 1374 1369 1377
f 1372 1375 1378
f 1376 1372 1378
f 1377 1373 1379
f 884 1377 1379
f 1373 1376 1379
f 885 884 1379
f 1375 858 1380
f 1378 1375 1380
f 858 859 1380
f 1379 1376 1381
f 885 1379 1381
f 886 885 1381
f 1376 1378 1381
f 1381 1378 1382
f 1378 1380 1382
f 1380 859 1382
f 886 1381 1382
f 860 887 1382
f 859 860 1382
f 887 886 1382
f 1430 1383 1431
f 1383 1430 1429
f 1431 1383 1432
f 1432 1383 1433
f 1383 1429 1428
f 1433 1383 1434
f 1383 1428 1427
f 1383 1427 1426
f 1434 1383 1435
f 1435 1383 1436
f 1383 1426 1425
f 1436 1383 1437
f 1383 1425 1424
f 1383 1424 1423
f 1437 1383 1438
f 1438 1383 1439
f 1383 1423 1422
f 1439 1383 1440
f 1383 1422 1421
f 1440 1383 1441
f 1383 1421 1420
f 1441 1383 1442
f 1383 1420 1419
f 1442 1383 1443
f 1383 1419 1418
f 1383 1418 1417
f 1386 1383 1444
f 1383 1417 1444
f 1386 1444 1471
f 1386 1471 1470
f 1386 1470 1469
f 1386 1469 1468
f 1386 1468 1467
f 1386 1467 1466
f 1386 1466 1465
f 1386 1465 1464
f 1386 1464 1463
f 1386 1463 1462
f 1386 1462 1461
f 1386 1461 1460
f 1386 1460 1459
f 1386 1459 1458
f 1386 1458 1457
f 1386 1457 1456
f 1386 1456 1455
f 1386 1455 1454
f 1386 1454 1453
f 1386 1453 1452
f 1386 1452 1451
f 1386 1451 1450
f 1386 1450 1449
f 1386 1449 1448
f 1416 1443 1384
f 1443 1383 1384
f 1416 1384 1415
f 1415 1384 1414
f 1414 1384 1413
f 1413 1384 1412
f 1412 1384 1411
f 1411 1384 1410
f 1410 1384 1409
f 1409 1384 1408
f 1408 1384 1407
f 1407 1384 1406
f 1406 1384 1405
f 1405 1384 1404
f 1404 1384 1403
f 1403 1384 1402
f 1402 1384 1401
f 1401 1384 1400
f 1400 1384 1399
f 1399 1384 1398
f 1398 1384 1397
f 1397 1384 1396
f 1396 1384 1395
f 1395 1384 1394
f 1394 1384 1393
f 1393 1384 1392
f 1392 1384 1391
f 1391 1384 1390
f 1390 1384 1389
f 1389 1384 1387
f 1387 1384 1388
f 1484 1483 1385
f 1485 1484 1385
f 1486 1485 1385
f 1487 1486 1385
f 1488 1487 1385
f 1489 1488 1385
f 1490 1489 1385
f 1491 1490 1385
f 1492 1491 1385
f 1493 1492 1385
f 1494 1493 1385
f 1495 1494 1385
f 1496 1495 1385
f 1497 1496 1385
f 1498 1497 1385
f 1472 1498 1385
f 1445 1472 1385
f 1473 1388 1385
f 1474 1473 1385
f 1475 1474 1385
f 1476 1475 1385
f 1477 1476 1385
f 1478 1477 1385
f 1479 1478 1385
f 1388 1384 1385
f 1480 1479 1385
f 1481 1480 1385
f 1482 1481 1385
f 1483 1482 1385
f 1386 1445 1385
f 1386 1446 1445
f 1386 1447 1446
f 1386 1448 1447
f 1500 1499 1502
f 1499 1501 1502
f 1530 1529 1559
f 1584 1557 1558
f 1504 1503 1585
f 1505 1504 1585
f 1585 1503 1586
f 1586 1503 1587
f 1506 1505 1588
f 1585 1586 1588
f 1505 1585 1588
f 1587 1503 1589
f 1586 1587 1590
f 1588 1586 1590
f 1507 1506 1591
f 1506 1588 1591
f 1589 1503 1592
f 1587 1589 1593
f 1590 1587 1593
f 1591 1588 1594
f 1588 1590 1594
f 1592 1503 1595
f 1589 1592 1596
f 1593 1589 1596
f 1594 1590 1597
f 1590 1593 1597
f 1508 1507 1598
f 1507 1591 1598
f 1591 1594 1598
f 1595 1503 1599
f 1592 1595 1600
f 1596 1592 1600
f 1597 1593 1601
f 1593 1596 1601
f 1598 1594 1602
f 1594 1597 1602
f 1599 1503 1603
f 1509 1508 1604
f 1508 1598 1604
f 1600 1595 1605
f 1595 1599 1605
f 1601 1596 1606
f 1596 1600 1606
f 1597 1601 1607
f 1602 1597 1607
f 1603 1503 1608
f 1598 1602 1609
f 1604 1598 1609
f 1599 1603 1610
f 1605 1599 1610
f 1600 1605 1611
f 1606 1600 1611
f 1607 1601 1612
f 1601 1606 1612
f 1608 1503 1613
f 1602 1607 1614
f 1609 1602 1614
f 1610 1603 1615
f 1603 1608 1615
f 1510 1509 1616
f 1511 1510 1616
f 1509 1604 1616
f 1604 1609 1616
f 1605 1610 1617
f 1611 1605 1617
f 1612 1606 1618
f 1606 1611 1618
f 1613 1503 1619
f 1607 1612 1620
f 1614 1607 1620
f 1615 1608 1621
f 1608 1613 1621
f 1616 1609 1622
f 1609 1614 1622
f 1617 1610 1623
f 1610 1615 1623
f 1512 1511 1624
f 1511 1616 1624
f 1611 1617 1625
f 1618 1611 1625
f 1503 1531 1626
f 1619 1503 1626
f 1612 1618 1627
f 1620 1612 1627
f 1621 1613 1628
f 1613 1619 1628
f 1614 1620 1629
f 1622 1614 1629
f 1615 1621 1630
f 1623 1615 1630
f 1616 1622 1631
f 1624 1616 1631
f 1617 1623 1632
f 1625 1617 1632
f 1626 1531 1633
f 1627 1618 1634
f 1618 1625 1634
f 1619 1626 1635
f 1628 1619 1635
f 1629 1620 1636
f 1620 1627 1636
f 1630 1621 1637
f 1621 1628 1637
f 1622 1629 1638
f 1631 1622 1638
f 1632 1623 1639
f 1623 1630 1639
f 1513 1512 1640
f 1512 1624 1640
f 1624 1631 1640
f 1633 1531 1641
f 1625 1632 1642
f 1634 1625 1642
f 1626 1633 1643
f 1635 1626 1643
f 1636 1627 1644
f 1627 1634 1644
f 1628 1635 1645
f 1637 1628 1645
f 1638 1629 1646
f 1629 1636 1646
f 1639 1630 1647
f 1630 1637 1647
f 1631 1638 1648
f 1640 1631 1648
f 1641 1531 1649
f 1632 1639 1650
f 1642 1632 1650
f 1514 1513 1651
f 1513 1640 1651
f 1633 1641 1652
f 1643 1633 1652
f 1644 1634 1653
f 1634 1642 1653
f 1645 1635 1654
f 1635 1643 1654
f 1646 1636 1655
f 1636 1644 1655
f 1637 1645 1656
f 1647 1637 1656
f 1638 1646 1657
f 1648 1638 1657
f 1649 1531 1658
f 1650 1639 1659
f 1639 1647 1659
f 1640 1648 1660
f 1651 1640 1660
f 1641 1649 1661
f 1652 1641 1661
f 1642 1650 1662
f 1653 1642 1662
f 1643 1652 1663
f 1654 1643 1663
f 1655 1644 1664
f 1644 1653 1664
f 1645 1654 1665
f 1656 1645 1665
f 1657 1646 1666
f 1646 1655 1666
f 1658 1531 1667
f 1647 1656 1668
f 1659 1647 1668
f 1648 1657 1669
f 1660 1648 1669
f 1661 1649 1670
f 1649 1658 1670
f 1662 1650 1671
f 1650 1659 1671
f 1514 1651 1672
f 1515 1514 1672
f 1651 1660 1672
f 1652 1661 1673
f 1663 1652 1673
f 1653 1662 1674
f 1664 1653 1674
f 1665 1654 1675
f 1654 1663 1675
f 1666 1655 1676
f 1655 1664 1676
f 1667 1531 1677
f 1656 1665 1678
f 1668 1656 1678
f 1669 1657 1679
f 1657 1666 1679
f 1658 1667 1680
f 1670 1658 1680
f 1659 1668 1681
f 1671 1659 1681
f 1672 1660 1682
f 1660 1669 1682
f 1673 1661 1683
f 1661 1670 1683
f 1662 1671 1684
f 1674 1662 1684
f 1516 1515 1685
f 1517 1516 1685
f 1515 1672 1685
f 1675 1663 1686
f 1663 1673 1686
f 1676 1664 1687
f 1664 1674 1687
f 1677 1531 1688
f 1665 1675 1689
f 1678 1665 1689
f 1679 1666 1690
f 1666 1676 1690
f 1667 1677 1691
f 1680 1667 1691
f 1681 1668 1692
f 1668 1678 1692
f 1669 1679 1693
f 1682 1669 1693
f 1670 1680 1694
f 1683 1670 1694
f 1684 1671 1695
f 1671 1681 1695
f 1672 1682 1696
f 1685 1672 1696
f 1673 1683 1697
f 1686 1673 1697
f 1687 1674 1698
f 1674 1684 1698
f 1688 1531 1699
f 1689 1675 1700
f 1675 1686 1700
f 1690 1676 1701
f 1676 1687 1701
f 1691 1677 1702
f 1677 1688 1702
f 1678 1689 1703
f 1692 1678 1703
f 1693 1679 1704
f 1679 1690 1704
f 1694 1680 1705
f 1680 1691 1705
f 1681 1692 1706
f 1695 1681 1706
f 1682 1693 1707
f 1696 1682 1707
f 1683 1694 1708
f 1697 1683 1708
f 1684 1695 1709
f 1698 1684 1709
f 1518 1517 1710
f 1517 1685 1710
f 1685 1696 1710
f 1699 1531 1711
f 1700 1686 1712
f 1686 1697 1712
f 1687 1698 1713
f 1701 1687 1713
f 1688 1699 1714
f 1702 1688 1714
f 1689 1700 1715
f 1703 1689 1715
f 1704 1690 1716
f 1690 1701 1716
f 1705 1691 1717
f 1691 1702 1717
f 1692 1703 1718
f 1706 1692 1718
f 1707 1693 1719
f 1693 1704 1719
f 1708 1694 1720
f 1694 1705 1720
f 1695 1706 1721
f 1709 1695 1721
f 1696 1707 1722
f 1710 1696 1722
f 1711 1531 1723
f 1712 1697 1724
f 1697 1708 1724
f 1713 1698 1725
f 1698 1709 1725
f 1519 1518 1726
f 1518 1710 1726
f 1699 1711 1727
f 1714 1699 1727
f 1715 1700 1728
f 1700 1712 1728
f 1716 1701 1729
f 1701 1713 1729
f 1702 1714 1730
f 1717 1702 1730
f 1703 1715 1731
f 1718 1703 1731
f 1704 1716 1732
f 1719 1704 1732
f 1705 1717 1733
f 1720 1705 1733
f 1706 1718 1734
f 1721 1706 1734
f 1722 1707 1735
f 1707 1719 1735
f 1531 1532 1736
f 1532 1533 1736
f 1723 1531 1736
f 1724 1708 1737
f 1708 1720 1737
f 1709 1721 1738
f 1725 1709 1738
f 1710 1722 1739
f 1726 1710 1739
f 1711 1723 1740
f 1727 1711 1740
f 1712 1724 1741
f 1728 1712 1741
f 1713 1725 1742
f 1729 1713 1742
f 1730 1714 1743
f 1714 1727 1743
f 1731 1715 1744
f 1715 1728 1744
f 1716 1729 1745
f 1732 1716 1745
f 1733 1717 1746
f 1717 1730 1746
f 1734 1718 1747
f 1718 1731 1747
f 1719 1732 1748
f 1735 1719 1748
f 1720 1733 1749
f 1737 1720 1749
f 1721 1734 1750
f 1738 1721 1750
f 1722 1735 1751
f 1739 1722 1751
f 1736 1533 1752
f 1723 1736 1752
f 1740 1723 1752
f 1533 1534 1752
f 1724 1737 1753
f 1741 1724 1753
f 1725 1738 1754
f 1742 1725 1754
f 1520 1519 1755
f 1726 1739 1755
f 1519 1726 1755
f 1743 1727 1756
f 1727 1740 1756
f 1728 1741 1757
f 1744 1728 1757
f 1729 1742 1758
f 1745 1729 1758
f 1746 1730 1759
f 1730 1743 1759
f 1731 1744 1760
f 1747 1731 1760
f 1732 1745 1761
f 1748 1732 1761
f 1749 1733 1762
f 1733 1746 1762
f 1734 1747 1763
f 1750 1734 1763
f 1735 1748 1764
f 1751 1735 1764
f 1737 1749 1765
f 1753 1737 1765
f 1738 1750 1766
f 1754 1738 1766
f 1739 1751 1767
f 1755 1739 1767
f 1756 1740 1768
f 1740 1752 1768
f 1757 1741 1769
f 1741 1753 1769
f 1758 1742 1770
f 1742 1754 1770
f 1520 1755 1771
f 1521 1520 1771
f 1743 1756 1772
f 1759 1743 1772
f 1744 1757 1773
f 1760 1744 1773
f 1745 1758 1774
f 1761 1745 1774
f 1746 1759 1775
f 1762 1746 1775
f 1763 1747 1776
f 1747 1760 1776
f 1748 1761 1777
f 1764 1748 1777
f 1749 1762 1778
f 1765 1749 1778
f 1750 1763 1779
f 1766 1750 1779
f 1767 1751 1780
f 1751 1764 1780
f 1768 1752 1781
f 1534 1535 1781
f 1752 1534 1781
f 1769 1753 1782
f 1753 1765 1782
f 1754 1766 1783
f 1770 1754 1783
f 1755 1767 1784
f 1771 1755 1784
f 1772 1756 1785
f 1756 1768 1785
f 1773 1757 1786
f 1757 1769 1786
f 1758 1770 1787
f 1774 1758 1787
f 1759 1772 1788
f 1775 1759 1788
f 1760 1773 1789
f 1776 1760 1789
f 1777 1761 1790
f 1761 1774 1790
f 1778 1762 1791
f 1762 1775 1791
f 1763 1776 1792
f 1779 1763 1792
f 1780 1764 1793
f 1764 1777 1793
f 1765 1778 1794
f 1782 1765 1794
f 1766 1779 1795
f 1783 1766 1795
f 1767 1780 1796
f 1784 1767 1796
f 1535 1536 1797
f 1781 1535 1797
f 1785 1768 1797
f 1768 1781 1797
f 1769 1782 1798
f 1786 1769 1798
f 1787 1770 1799
f 1770 1783 1799
f 1521 1771 1800
f 1522 1521 1800
f 1771 1784 1800
f 1772 1785 1801
f 1788 1772 1801
f 1773 1786 1802
f 1789 1773 1802
f 1790 1774 1803
f 1774 1787 1803
f 1791 1775 1804
f 1775 1788 1804
f 1776 1789 1805
f 1792 1776 1805
f 1777 1790 1806
f 1793 1777 1806
f 1794 1778 1807
f 1778 1791 1807
f 1795 1779 1808
f 1779 1792 1808
f 1780 1793 1809
f 1796 1780 1809
f 1798 1782 1810
f 1782 1794 1810
f 1783 1795 1811
f 1799 1783 1811
f 1800 1784 1812
f 1784 1796 1812
f 1801 1785 1813
f 1785 1797 1813
f 1802 1786 1814
f 1786 1798 1814
f 1803 1787 1815
f 1787 1799 1815
f 1523 1522 1816
f 1524 1523 1816
f 1522 1800 1816
f 1788 1801 1817
f 1804 1788 1817
f 1789 1802 1818
f 1805 1789 1818
f 1806 1790 1819
f 1790 1803 1819
f 1807 1791 1820
f 1791 1804 1820
f 1808 1792 1821
f 1792 1805 1821
f 1793 1806 1822
f 1809 1793 1822
f 1810 1794 1823
f 1794 1807 1823
f 1795 1808 1824
f 1811 1795 1824
f 1812 1796 1825
f 1796 1809 1825
f 1536 1537 1826
f 1813 1797 1826
f 1797 1536 1826
f 1814 1798 1827
f 1798 1810 1827
f 1815 1799 1828
f 1799 1811 1828
f 1816 1800 1829
f 1800 1812 1829
f 1817 1801 1830
f 1801 1813 1830
f 1802 1814 1831
f 1818 1802 1831
f 1803 1815 1832
f 1819 1803 1832
f 1804 1817 1833
f 1820 1804 1833
f 1805 1818 1834
f 1821 1805 1834
f 1822 1806 1835
f 1806 1819 1835
f 1823 1807 1836
f 1807 1820 1836
f 1808 1821 1837
f 1824 1808 1837
f 1809 1822 1838
f 1825 1809 1838
f 1810 1823 1839
f 1827 1810 1839
f 1811 1824 1840
f 1828 1811 1840
f 1829 1812 1841
f 1812 1825 1841
f 1830 1813 1842
f 1537 1538 1842
f 1538 1539 1842
f 1826 1537 1842
f 1813 1826 1842
f 1831 1814 1843
f 1814 1827 1843
f 1815 1828 1844
f 1832 1815 1844
f 1816 1829 1845
f 1525 1524 1845
f 1524 1816 1845
f 1817 1830 1846
f 1833 1817 1846
f 1834 1818 1847
f 1818 1831 1847
f 1819 1832 1848
f 1835 1819 1848
f 1836 1820 1849
f 1820 1833 1849
f 1821 1834 1850
f 1837 1821 1850
f 1822 1835 1851
f 1838 1822 1851
f 1839 1823 1852
f 1823 1836 1852
f 1824 1837 1853
f 1840 1824 1853
f 1825 1838 1854
f 1841 1825 1854
f 1827 1839 1855
f 1843 1827 1855
f 1844 1828 1856
f 1828 1840 1856
f 1845 1829 1857
f 1829 1841 1857
f 1846 1830 1858
f 1830 1842 1858
f 1847 1831 1859
f 1831 1843 1859
f 1832 1844 1860
f 1848 1832 1860
f 1526 1525 1861
f 1525 1845 1861
f 1849 1833 1862
f 1833 1846 1862
f 1834 1847 1863
f 1850 1834 1863
f 1851 1835 1864
f 1835 1848 1864
f 1836 1849 1865
f 1852 1836 1865
f 1837 1850 1866
f 1853 1837 1866
f 1838 1851 1867
f 1854 1838 1867
f 1839 1852 1868
f 1855 1839 1868
f 1840 1853 1869
f 1856 1840 1869
f 1841 1854 1870
f 1857 1841 1870
f 1842 1539 1871
f 1539 1540 1871
f 1858 1842 1871
f 1843 1855 1872
f 1859 1843 1872
f 1860 1844 1873
f 1844 1856 1873
f 1861 1845 1874
f 1845 1857 1874
f 1862 1846 1875
f 1846 1858 1875
f 1863 1847 1876
f 1847 1859 1876
f 1848 1860 1877
f 1864 1848 1877
f 1849 1862 1878
f 1865 1849 1878
f 1850 1863 1879
f 1866 1850 1879
f 1867 1851 1880
f 1851 1864 1880
f 1868 1852 1881
f 1852 1865 1881
f 1869 1853 1882
f 1853 1866 1882
f 1854 1867 1883
f 1870 1854 1883
f 1855 1868 1884
f 1872 1855 1884
f 1856 1869 1885
f 1873 1856 1885
f 1874 1857 1886
f 1857 1870 1886
f 1871 1540 1887
f 1858 1871 1887
f 1875 1858 1887
f 1540 1541 1887
f 1859 1872 1888
f 1876 1859 1888
f 1860 1873 1889
f 1877 1860 1889
f 1861 1874 1890
f 1527 1526 1890
f 1526 1861 1890
f 1862 1875 1891
f 1878 1862 1891
f 1879 1863 1892
f 1863 1876 1892
f 1880 1864 1893
f 1864 1877 1893
f 1881 1865 1894
f 1865 1878 1894
f 1882 1866 1895
f 1866 1879 1895
f 1883 1867 1896
f 1867 1880 1896
f 1884 1868 1897
f 1868 1881 1897
f 1869 1882 1898
f 1885 1869 1898
f 1870 1883 1899
f 1886 1870 1899
f 1888 1872 1900
f 1872 1884 1900
f 1889 1873 1901
f 1873 1885 1901
f 1890 1874 1902
f 1874 1886 1902
f 1875 1887 1903
f 1891 1875 1903
f 1876 1888 1904
f 1892 1876 1904
f 1893 1877 1905
f 1877 1889 1905
f 1528 1527 1906
f 1527 1890 1906
f 1878 1891 1907
f 1894 1878 1907
f 1879 1892 1908
f 1895 1879 1908
f 1880 1893 1909
f 1896 1880 1909
f 1897 1881 1910
f 1881 1894 1910
f 1882 1895 1911
f 1898 1882 1911
f 1883 1896 1912
f 1899 1883 1912
f 1884 1897 1913
f 1900 1884 1913
f 1885 1898 1914
f 1901 1885 1914
f 1902 1886 1915
f 1886 1899 1915
f 1903 1887 1916
f 1541 1542 1916
f 1887 1541 1916
f 1904 1888 1917
f 1888 1900 1917
f 1889 1901 1918
f 1905 1889 1918
f 1906 1890 1919
f 1890 1902 1919
f 1891 1903 1920
f 1907 1891 1920
f 1892 1904 1921
f 1908 1892 1921
f 1909 1893 1922
f 1893 1905 1922
f 1894 1907 1923
f 1910 1894 1923
f 1895 1908 1924
f 1911 1895 1924
f 1912 1896 1925
f 1896 1909 1925
f 1897 1910 1926
f 1913 1897 1926
f 1898 1911 1927
f 1914 1898 1927
f 1899 1912 1928
f 1915 1899 1928
f 1917 1900 1929
f 1900 1913 1929
f 1918 1901 1930
f 1901 1914 1930
f 1902 1915 1931
f 1919 1902 1931
f 1920 1903 1932
f 1542 1543 1932
f 1916 1542 1932
f 1903 1916 1932
f 1921 1904 1933
f 1904 1917 1933
f 1922 1905 1934
f 1905 1918 1934
f 1528 1906 1935
f 1529 1528 1935
f 1906 1919 1935
f 1560 1559 1935
f 1559 1529 1935
f 1907 1920 1936
f 1923 1907 1936
f 1924 1908 1937
f 1908 1921 1937
f 1925 1909 1938
f 1909 1922 1938
f 1910 1923 1939
f 1926 1910 1939
f 1927 1911 1940
f 1911 1924 1940
f 1928 1912 1941
f 1912 1925 1941
f 1913 1926 1942
f 1929 1913 1942
f 1914 1927 1943
f 1930 1914 1943
f 1931 1915 1944
f 1915 1928 1944
f 1917 1929 1945
f 1933 1917 1945
f 1934 1918 1946
f 1918 1930 1946
f 1560 1935 1947
f 1935 1919 1947
f 1919 1931 1947
f 1561 1560 1947
f 1936 1920 1948
f 1920 1932 1948
f 1937 1921 1949
f 1921 1933 1949
f 1922 1934 1950
f 1938 1922 1950
f 1939 1923 1951
f 1923 1936 1951
f 1940 1924 1952
f 1924 1937 1952
f 1941 1925 1953
f 1925 1938 1953
f 1942 1926 1954
f 1926 1939 1954
f 1927 1940 1955
f 1943 1927 1955
f 1944 1928 1956
f 1928 1941 1956
f 1929 1942 1957
f 1945 1929 1957
f 1946 1930 1958
f 1930 1943 1958
f 1931 1944 1959
f 1561 1947 1959
f 1562 1561 1959
f 1947 1931 1959
f 1948 1932 1960
f 1543 1544 1960
f 1544 1545 1960
f 1932 1543 1960
f 1949 1933 1961
f 1933 1945 1961
f 1950 1934 1962
f 1934 1946 1962
f 1936 1948 1963
f 1951 1936 1963
f 1937 1949 1964
f 1952 1937 1964
f 1938 1950 1965
f 1953 1938 1965
f 1954 1939 1966
f 1939 1951 1966
f 1940 1952 1967
f 1955 1940 1967
f 1941 1953 1968
f 1956 1941 1968
f 1957 1942 1969
f 1942 1954 1969
f 1958 1943 1970
f 1943 1955 1970
f 1944 1956 1971
f 1563 1562 1971
f 1562 1959 1971
f 1959 1944 1971
f 1945 1957 1972
f 1961 1945 1972
f 1946 1958 1973
f 1962 1946 1973
f 1948 1960 1974
f 1545 1546 1974
f 1963 1948 1974
f 1960 1545 1974
f 1949 1961 1975
f 1964 1949 1975
f 1950 1962 1976
f 1965 1950 1976
f 1951 1963 1977
f 1966 1951 1977
f 1967 1952 1978
f 1952 1964 1978
f 1953 1965 1979
f 1968 1953 1979
f 1969 1954 1980
f 1954 1966 1980
f 1970 1955 1981
f 1955 1967 1981
f 1956 1968 1982
f 1564 1563 1982
f 1971 1956 1982
f 1563 1971 1982
f 1972 1957 1983
f 1957 1969 1983
f 1958 1970 1984
f 1973 1958 1984
f 1961 1972 1985
f 1975 1961 1985
f 1962 1973 1986
f 1976 1962 1986
f 1963 1974 1987
f 1977 1963 1987
f 1964 1975 1988
f 1978 1964 1988
f 1965 1976 1989
f 1979 1965 1989
f 1980 1966 1990
f 1966 1977 1990
f 1981 1967 1991
f 1967 1978 1991
f 1564 1982 1992
f 1982 1968 1992
f 1968 1979 1992
f 1565 1564 1992
f 1566 1565 1992
f 1983 1969 1993
f 1969 1980 1993
f 1970 1981 1994
f 1984 1970 1994
f 1972 1983 1995
f 1985 1972 1995
f 1973 1984 1996
f 1986 1973 1996
f 1974 1546 1997
f 1987 1974 1997
f 1546 1547 1997
f 1988 1975 1998
f 1975 1985 1998
f 1976 1986 1999
f 1989 1976 1999
f 1977 1987 2000
f 1990 1977 2000
f 1991 1978 2001
f 1978 1988 2001
f 1979 1989 2002
f 1567 1566 2002
f 1992 1979 2002
f 1566 1992 2002
f 1980 1990 2003
f 1993 1980 2003
f 1994 1981 2004
f 1981 1991 2004
f 1983 1993 2005
f 1995 1983 2005
f 1996 1984 2006
f 1984 1994 2006
f 1985 1995 2007
f 1998 1985 2007
f 1986 1996 2008
f 1999 1986 2008
f 1547 1548 2009
f 1987 1997 2009
f 1997 1547 2009
f 2000 1987 2009
f 1988 1998 2010
f 2001 1988 2010
f 2002 1989 2011
f 1989 1999 2011
f 1568 1567 2011
f 1567 2002 2011
f 2003 1990 2012
f 1990 2000 2012
f 1991 2001 2013
f 2004 1991 2013
f 2005 1993 2014
f 1993 2003 2014
f 2006 1994 2015
f 1994 2004 2015
f 1995 2005 2016
f 2007 1995 2016
f 2008 1996 2017
f 1996 2006 2017
f 1998 2007 2018
f 2010 1998 2018
f 1568 2011 2019
f 1999 2008 2019
f 1569 1568 2019
f 2011 1999 2019
f 2012 2000 2020
f 2000 2009 2020
f 2013 2001 2021
f 2001 2010 2021
f 2014 2003 2022
f 2003 2012 2022
f 2015 2004 2023
f 2004 2013 2023
f 2005 2014 2024
f 2016 2005 2024
f 2017 2006 2025
f 2006 2015 2025
f 2018 2007 2026
f 2007 2016 2026
f 2008 2017 2027
f 2019 2008 2027
f 1569 2019 2027
f 1570 1569 2027
f 2009 1548 2028
f 2020 2009 2028
f 1548 1549 2028
f 2021 2010 2029
f 2010 2018 2029
f 2012 2020 2030
f 2022 2012 2030
f 2013 2021 2031
f 2023 2013 2031
f 2014 2022 2032
f 2024 2014 2032
f 2025 2015 2033
f 2015 2023 2033
f 2016 2024 2034
f 2026 2016 2034
f 2027 2017 2035
f 2017 2025 2035
f 1571 1570 2035
f 1570 2027 2035
f 2029 2018 2036
f 2018 2026 2036
f 1549 1550 2037
f 2020 2028 2037
f 2028 1549 2037
f 2030 2020 2037
f 2021 2029 2038
f 2031 2021 2038
f 2032 2022 2039
f 2022 2030 2039
f 2023 2031 2040
f 2033 2023 2040
f 2024 2032 2041
f 2034 2024 2041
f 1571 2035 2042
f 2025 2033 2042
f 1572 1571 2042
f 1573 1572 2042
f 2035 2025 2042
f 2036 2026 2043
f 2026 2034 2043
f 2038 2029 2044
f 2029 2036 2044
f 2030 2037 2045
f 2039 2030 2045
f 2031 2038 2046
f 2040 2031 2046
f 2041 2032 2047
f 2032 2039 2047
f 2042 2033 2048
f 1573 2042 2048
f 1574 1573 2048
f 2033 2040 2048
f 2034 2041 2049
f 2043 2034 2049
f 2036 2043 2050
f 2044 2036 2050
f 2045 2037 2051
f 1550 1551 2051
f 1551 1552 2051
f 2037 1550 2051
f 2046 2038 2052
f 2038 2044 2052
f 2047 2039 2053
f 2039 2045 2053
f 2040 2046 2054
f 1574 2048 2054
f 1575 1574 2054
f 2048 2040 2054
f 2049 2041 2055
f 2041 2047 2055
f 2043 2049 2056
f 2050 2043 2056
f 2044 2050 2057
f 2052 2044 2057
f 2045 2051 2058
f 2053 2045 2058
f 2051 1552 2058
f 1552 1553 2058
f 2046 2052 2059
f 2054 2046 2059
f 1575 2054 2059
f 1576 1575 2059
f 2055 2047 2060
f 2047 2053 2060
f 2056 2049 2061
f 2049 2055 2061
f 2050 2056 2062
f 2057 2050 2062
f 2052 2057 2063
f 2059 2052 2063
f 1576 2059 2063
f 1577 1576 2063
f 2060 2053 2064
f 2053 2058 2064
f 2061 2055 2065
f 2055 2060 2065
f 2056 2061 2066
f 2062 2056 2066
f 2063 2057 2067
f 2057 2062 2067
f 1578 1577 2067
f 1579 1578 2067
f 1577 2063 2067
f 1553 1554 2068
f 2058 1553 2068
f 2064 2058 2068
f 2065 2060 2069
f 2060 2064 2069
f 2066 2061 2070
f 2061 2065 2070
f 2062 2066 2071
f 1580 1579 2071
f 2067 2062 2071
f 1579 2067 2071
f 1554 1555 2072
f 2068 1554 2072
f 2064 2068 2072
f 2069 2064 2072
f 2070 2065 2073
f 2065 2069 2073
f 2066 2070 2074
f 1580 2071 2074
f 1581 1580 2074
f 2071 2066 2074
f 2069 2072 2075
f 2073 2069 2075
f 2074 2070 2076
f 1581 2074 2076
f 2070 2073 2076
f 1582 1581 2076
f 2072 1555 2077
f 2075 2072 2077
f 1555 1556 2077
f 2076 2073 2078
f 1582 2076 2078
f 1583 1582 2078
f 2073 2075 2078
f 2078 2075 2079
f 2075 2077 2079
f 2077 1556 2079
f 1583 2078 2079
f 1557 1584 2079
f 1556 1557 2079
f 1584 1583 2079
f 2080 2081 2083
f 2082 2080 2083
f 2111 2110 2140
f 2165 2138 2139
f 2085 2084 2166
f 2086 2085 2166
f 2166 2084 2167
f 2167 2084 2168
f 2087 2086 2169
f 2166 2167 2169
f 2086 2166 2169
f 2168 2084 2170
f 2167 2168 2171
f 2169 2167 2171
f 2088 2087 2172
f 2087 2169 2172
f 2170 2084 2173
f 2168 2170 2174
f 2171 2168 2174
f 2172 2169 2175
f 2169 2171 2175
f 2173 2084 2176
f 2170 2173 2177
f 2174 2170 2177
f 2175 2171 2178
f 2171 2174 2178
f 2089 2088 2179
f 2088 2172 2179
f 2172 2175 2179
f 2176 2084 2180
f 2173 2176 2181
f 2177 2173 2181
f 2178 2174 2182
f 2174 2177 2182
f 2179 2175 2183
f 2175 2178 2183
f 2180 2084 2184
f 2090 2089 2185
f 2089 2179 2185
f 2181 2176 2186
f 2176 2180 2186
f 2182 2177 2187
f 2177 2181 2187
f 2178 2182 2188
f 2183 2178 2188
f 2184 2084 2189
f 2179 2183 2190
f 2185 2179 2190
f 2180 2184 2191
f 2186 2180 2191
f 2181 2186 2192
f 2187 2181 2192
f 2188 2182 2193
f 2182 2187 2193
f 2189 2084 2194
f 2183 2188 2195
f 2190 2183 2195
f 2191 2184 2196
f 2184 2189 2196
f 2091 2090 2197
f 2092 2091 2197
f 2090 2185 2197
f 2185 2190 2197
f 2186 2191 2198
f 2192 2186 2198
f 2193 2187 2199
f 2187 2192 2199
f 2194 2084 2200
f 2188 2193 2201
f 2195 2188 2201
f 2196 2189 2202
f 2189 2194 2202
f 2197 2190 2203
f 2190 2195 2203
f 2198 2191 2204
f 2191 2196 2204
f 2093 2092 2205
f 2092 2197 2205
f 2192 2198 2206
f 2199 2192 2206
f 2084 2112 2207
f 2200 2084 2207
f 2193 2199 2208
f 2201 2193 2208
f 2202 2194 2209
f 2194 2200 2209
f 2195 2201 2210
f 2203 2195 2210
f 2196 2202 2211
f 2204 2196 2211
f 2197 2203 2212
f 2205 2197 2212
f 2198 2204 2213
f 2206 2198 2213
f 2207 2112 2214
f 2208 2199 2215
f 2199 2206 2215
f 2200 2207 2216
f 2209 2200 2216
f 2210 2201 2217
f 2201 2208 2217
f 2211 2202 2218
f 2202 2209 2218
f 2203 2210 2219
f 2212 2203 2219
f 2213 2204 2220
f 2204 2211 2220
f 2094 2093 2221
f 2093 2205 2221
f 2205 2212 2221
f 2214 2112 2222
f 2206 2213 2223
f 2215 2206 2223
f 2207 2214 2224
f 2216 2207 2224
f 2217 2208 2225
f 2208 2215 2225
f 2209 2216 2226
f 2218 2209 2226
f 2219 2210 2227
f 2210 2217 2227
f 2220 2211 2228
f 2211 2218 2228
f 2212 2219 2229
f 2221 2212 2229
f 2222 2112 2230
f 2213 2220 2231
f 2223 2213 2231
f 2095 2094 2232
f 2094 2221 2232
f 2214 2222 2233
f 2224 2214 2233
f 2225 2215 2234
f 2215 2223 2234
f 2226 2216 2235
f 2216 2224 2235
f 2227 2217 2236
f 2217 2225 2236
f 2218 2226 2237
f 2228 2218 2237
f 2219 2227 2238
f 2229 2219 2238
f 2230 2112 2239
f 2231 2220 2240
f 2220 2228 2240
f 2221 2229 2241
f 2232 2221 2241
f 2222 2230 2242
f 2233 2222 2242
f 2223 2231 2243
f 2234 2223 2243
f 2224 2233 2244
f 2235 2224 2244
f 2236 2225 2245
f 2225 2234 2245
f 2226 2235 2246
f 2237 2226 2246
f 2238 2227 2247
f 2227 2236 2247
f 2239 2112 2248
f 2228 2237 2249
f 2240 2228 2249
f 2229 2238 2250
f 2241 2229 2250
f 2242 2230 2251
f 2230 2239 2251
f 2243 2231 2252
f 2231 2240 2252
f 2095 2232 2253
f 2096 2095 2253
f 2232 2241 2253
f 2233 2242 2254
f 2244 2233 2254
f 2234 2243 2255
f 2245 2234 2255
f 2246 2235 2256
f 2235 2244 2256
f 2247 2236 2257
f 2236 2245 2257
f 2248 2112 2258
f 2237 2246 2259
f 2249 2237 2259
f 2250 2238 2260
f 2238 2247 2260
f 2239 2248 2261
f 2251 2239 2261
f 2240 2249 2262
f 2252 2240 2262
f 2253 2241 2263
f 2241 2250 2263
f 2254 2242 2264
f 2242 2251 2264
f 2243 2252 2265
f 2255 2243 2265
f 2097 2096 2266
f 2098 2097 2266
f 2096 2253 2266
f 2256 2244 2267
f 2244 2254 2267
f 2257 2245 2268
f 2245 2255 2268
f 2258 2112 2269
f 2246 2256 2270
f 2259 2246 2270
f 2260 2247 2271
f 2247 2257 2271
f 2248 2258 2272
f 2261 2248 2272
f 2262 2249 2273
f 2249 2259 2273
f 2250 2260 2274
f 2263 2250 2274
f 2251 2261 2275
f 2264 2251 2275
f 2265 2252 2276
f 2252 2262 2276
f 2253 2263 2277
f 2266 2253 2277
f 2254 2264 2278
f 2267 2254 2278
f 2268 2255 2279
f 2255 2265 2279
f 2269 2112 2280
f 2270 2256 2281
f 2256 2267 2281
f 2271 2257 2282
f 2257 2268 2282
f 2272 2258 2283
f 2258 2269 2283
f 2259 2270 2284
f 2273 2259 2284
f 2274 2260 2285
f 2260 2271 2285
f 2275 2261 2286
f 2261 2272 2286
f 2262 2273 2287
f 2276 2262 2287
f 2263 2274 2288
f 2277 2263 2288
f 2264 2275 2289
f 2278 2264 2289
f 2265 2276 2290
f 2279 2265 2290
f 2099 2098 2291
f 2098 2266 2291
f 2266 2277 2291
f 2280 2112 2292
f 2281 2267 2293
f 2267 2278 2293
f 2268 2279 2294
f 2282 2268 2294
f 2269 2280 2295
f 2283 2269 2295
f 2270 2281 2296
f 2284 2270 2296
f 2285 2271 2297
f 2271 2282 2297
f 2286 2272 2298
f 2272 2283 2298
f 2273 2284 2299
f 2287 2273 2299
f 2288 2274 2300
f 2274 2285 2300
f 2289 2275 2301
f 2275 2286 2301
f 2276 2287 2302
f 2290 2276 2302
f 2277 2288 2303
f 2291 2277 2303
f 2292 2112 2304
f 2293 2278 2305
f 2278 2289 2305
f 2294 2279 2306
f 2279 2290 2306
f 2100 2099 2307
f 2099 2291 2307
f 2280 2292 2308
f 2295 2280 2308
f 2296 2281 2309
f 2281 2293 2309
f 2297 2282 2310
f 2282 2294 2310
f 2283 2295 2311
f 2298 2283 2311
f 2284 2296 2312
f 2299 2284 2312
f 2285 2297 2313
f 2300 2285 2313
f 2286 2298 2314
f 2301 2286 2314
f 2287 2299 2315
f 2302 2287 2315
f 2303 2288 2316
f 2288 2300 2316
f 2112 2113 2317
f 2113 2114 2317
f 2304 2112 2317
f 2305 2289 2318
f 2289 2301 2318
f 2290 2302 2319
f 2306 2290 2319
f 2291 2303 2320
f 2307 2291 2320
f 2292 2304 2321
f 2308 2292 2321
f 2293 2305 2322
f 2309 2293 2322
f 2294 2306 2323
f 2310 2294 2323
f 2311 2295 2324
f 2295 2308 2324
f 2312 2296 2325
f 2296 2309 2325
f 2297 2310 2326
f 2313 2297 2326
f 2314 2298 2327
f 2298 2311 2327
f 2315 2299 2328
f 2299 2312 2328
f 2300 2313 2329
f 2316 2300 2329
f 2301 2314 2330
f 2318 2301 2330
f 2302 2315 2331
f 2319 2302 2331
f 2303 2316 2332
f 2320 2303 2332
f 2317 2114 2333
f 2304 2317 2333
f 2321 2304 2333
f 2114 2115 2333
f 2305 2318 2334
f 2322 2305 2334
f 2306 2319 2335
f 2323 2306 2335
f 2101 2100 2336
f 2307 2320 2336
f 2100 2307 2336
f 2324 2308 2337
f 2308 2321 2337
f 2309 2322 2338
f 2325 2309 2338
f 2310 2323 2339
f 2326 2310 2339
f 2327 2311 2340
f 2311 2324 2340
f 2312 2325 2341
f 2328 2312 2341
f 2313 2326 2342
f 2329 2313 2342
f 2330 2314 2343
f 2314 2327 2343
f 2315 2328 2344
f 2331 2315 2344
f 2316 2329 2345
f 2332 2316 2345
f 2318 2330 2346
f 2334 2318 2346
f 2319 2331 2347
f 2335 2319 2347
f 2320 2332 2348
f 2336 2320 2348
f 2337 2321 2349
f 2321 2333 2349
f 2338 2322 2350
f 2322 2334 2350
f 2339 2323 2351
f 2323 2335 2351
f 2101 2336 2352
f 2102 2101 2352
f 2324 2337 2353
f 2340 2324 2353
f 2325 2338 2354
f 2341 2325 2354
f 2326 2339 2355
f 2342 2326 2355
f 2327 2340 2356
f 2343 2327 2356
f 2344 2328 2357
f 2328 2341 2357
f 2329 2342 2358
f 2345 2329 2358
f 2330 2343 2359
f 2346 2330 2359
f 2331 2344 2360
f 2347 2331 2360
f 2348 2332 2361
f 2332 2345 2361
f 2349 2333 2362
f 2115 2116 2362
f 2333 2115 2362
f 2350 2334 2363
f 2334 2346 2363
f 2335 2347 2364
f 2351 2335 2364
f 2336 2348 2365
f 2352 2336 2365
f 2353 2337 2366
f 2337 2349 2366
f 2354 2338 2367
f 2338 2350 2367
f 2339 2351 2368
f 2355 2339 2368
f 2340 2353 2369
f 2356 2340 2369
f 2341 2354 2370
f 2357 2341 2370
f 2358 2342 2371
f 2342 2355 2371
f 2359 2343 2372
f 2343 2356 2372
f 2344 2357 2373
f 2360 2344 2373
f 2361 2345 2374
f 2345 2358 2374
f 2346 2359 2375
f 2363 2346 2375
f 2347 2360 2376
f 2364 2347 2376
f 2348 2361 2377
f 2365 2348 2377
f 2116 2117 2378
f 2362 2116 2378
f 2366 2349 2378
f 2349 2362 2378
f 2350 2363 2379
f 2367 2350 2379
f 2368 2351 2380
f 2351 2364 2380
f 2102 2352 2381
f 2103 2102 2381
f 2352 2365 2381
f 2353 2366 2382
f 2369 2353 2382
f 2354 2367 2383
f 2370 2354 2383
f 2371 2355 2384
f 2355 2368 2384
f 2372 2356 2385
f 2356 2369 2385
f 2357 2370 2386
f 2373 2357 2386
f 2358 2371 2387
f 2374 2358 2387
f 2375 2359 2388
f 2359 2372 2388
f 2376 2360 2389
f 2360 2373 2389
f 2361 2374 2390
f 2377 2361 2390
f 2379 2363 2391
f 2363 2375 2391
f 2364 2376 2392
f 2380 2364 2392
f 2381 2365 2393
f 2365 2377 2393
f 2382 2366 2394
f 2366 2378 2394
f 2383 2367 2395
f 2367 2379 2395
f 2384 2368 2396
f 2368 2380 2396
f 2104 2103 2397
f 2105 2104 2397
f 2103 2381 2397
f 2369 2382 2398
f 2385 2369 2398
f 2370 2383 2399
f 2386 2370 2399
f 2387 2371 2400
f 2371 2384 2400
f 2388 2372 2401
f 2372 2385 2401
f 2389 2373 2402
f 2373 2386 2402
f 2374 2387 2403
f 2390 2374 2403
f 2391 2375 2404
f 2375 2388 2404
f 2376 2389 2405
f 2392 2376 2405
f 2393 2377 2406
f 2377 2390 2406
f 2117 2118 2407
f 2394 2378 2407
f 2378 2117 2407
f 2395 2379 2408
f 2379 2391 2408
f 2396 2380 2409
f 2380 2392 2409
f 2397 2381 2410
f 2381 2393 2410
f 2398 2382 2411
f 2382 2394 2411
f 2383 2395 2412
f 2399 2383 2412
f 2384 2396 2413
f 2400 2384 2413
f 2385 2398 2414
f 2401 2385 2414
f 2386 2399 2415
f 2402 2386 2415
f 2403 2387 2416
f 2387 2400 2416
f 2404 2388 2417
f 2388 2401 2417
f 2389 2402 2418
f 2405 2389 2418
f 2390 2403 2419
f 2406 2390 2419
f 2391 2404 2420
f 2408 2391 2420
f 2392 2405 2421
f 2409 2392 2421
f 2410 2393 2422
f 2393 2406 2422
f 2411 2394 2423
f 2118 2119 2423
f 2119 2120 2423
f 2407 2118 2423
f 2394 2407 2423
f 2412 2395 2424
f 2395 2408 2424
f 2396 2409 2425
f 2413 2396 2425
f 2397 2410 2426
f 2106 2105 2426
f 2105 2397 2426
f 2398 2411 2427
f 2414 2398 2427
f 2415 2399 2428
f 2399 2412 2428
f 2400 2413 2429
f 2416 2400 2429
f 2417 2401 2430
f 2401 2414 2430
f 2402 2415 2431
f 2418 2402 2431
f 2403 2416 2432
f 2419 2403 2432
f 2420 2404 2433
f 2404 2417 2433
f 2405 2418 2434
f 2421 2405 2434
f 2406 2419 2435
f 2422 2406 2435
f 2408 2420 2436
f 2424 2408 2436
f 2425 2409 2437
f 2409 2421 2437
f 2426 2410 2438
f 2410 2422 2438
f 2427 2411 2439
f 2411 2423 2439
f 2428 2412 2440
f 2412 2424 2440
f 2413 2425 2441
f 2429 2413 2441
f 2107 2106 2442
f 2106 2426 2442
f 2430 2414 2443
f 2414 2427 2443
f 2415 2428 2444
f 2431 2415 2444
f 2432 2416 2445
f 2416 2429 2445
f 2417 2430 2446
f 2433 2417 2446
f 2418 2431 2447
f 2434 2418 2447
f 2419 2432 2448
f 2435 2419 2448
f 2420 2433 2449
f 2436 2420 2449
f 2421 2434 2450
f 2437 2421 2450
f 2422 2435 2451
f 2438 2422 2451
f 2423 2120 2452
f 2120 2121 2452
f 2439 2423 2452
f 2424 2436 2453
f 2440 2424 2453
f 2441 2425 2454
f 2425 2437 2454
f 2442 2426 2455
f 2426 2438 2455
f 2443 2427 2456
f 2427 2439 2456
f 2444 2428 2457
f 2428 2440 2457
f 2429 2441 2458
f 2445 2429 2458
f 2430 2443 2459
f 2446 2430 2459
f 2431 2444 2460
f 2447 2431 2460
f 2448 2432 2461
f 2432 2445 2461
f 2449 2433 2462
f 2433 2446 2462
f 2450 2434 2463
f 2434 2447 2463
f 2435 2448 2464
f 2451 2435 2464
f 2436 2449 2465
f 2453 2436 2465
f 2437 2450 2466
f 2454 2437 2466
f 2455 2438 2467
f 2438 2451 2467
f 2452 2121 2468
f 2439 2452 2468
f 2456 2439 2468
f 2121 2122 2468
f 2440 2453 2469
f 2457 2440 2469
f 2441 2454 2470
f 2458 2441 2470
f 2442 2455 2471
f 2108 2107 2471
f 2107 2442 2471
f 2443 2456 2472
f 2459 2443 2472
f 2460 2444 2473
f 2444 2457 2473
f 2461 2445 2474
f 2445 2458 2474
f 2462 2446 2475
f 2446 2459 2475
f 2463 2447 2476
f 2447 2460 2476
f 2464 2448 2477
f 2448 2461 2477
f 2465 2449 2478
f 2449 2462 2478
f 2450 2463 2479
f 2466 2450 2479
f 2451 2464 2480
f 2467 2451 2480
f 2469 2453 2481
f 2453 2465 2481
f 2470 2454 2482
f 2454 2466 2482
f 2471 2455 2483
f 2455 2467 2483
f 2456 2468 2484
f 2472 2456 2484
f 2457 2469 2485
f 2473 2457 2485
f 2474 2458 2486
f 2458 2470 2486
f 2109 2108 2487
f 2108 2471 2487
f 2459 2472 2488
f 2475 2459 2488
f 2460 2473 2489
f 2476 2460 2489
f 2461 2474 2490
f 2477 2461 2490
f 2478 2462 2491
f 2462 2475 2491
f 2463 2476 2492
f 2479 2463 2492
f 2464 2477 2493
f 2480 2464 2493
f 2465 2478 2494
f 2481 2465 2494
f 2466 2479 2495
f 2482 2466 2495
f 2483 2467 2496
f 2467 2480 2496
f 2484 2468 2497
f 2122 2123 2497
f 2468 2122 2497
f 2485 2469 2498
f 2469 2481 2498
f 2470 2482 2499
f 2486 2470 2499
f 2487 2471 2500
f 2471 2483 2500
f 2472 2484 2501
f 2488 2472 2501
f 2473 2485 2502
f 2489 2473 2502
f 2490 2474 2503
f 2474 2486 2503
f 2475 2488 2504
f 2491 2475 2504
f 2476 2489 2505
f 2492 2476 2505
f 2493 2477 2506
f 2477 2490 2506
f 2478 2491 2507
f 2494 2478 2507
f 2479 2492 2508
f 2495 2479 2508
f 2480 2493 2509
f 2496 2480 2509
f 2498 2481 2510
f 2481 2494 2510
f 2499 2482 2511
f 2482 2495 2511
f 2483 2496 2512
f 2500 2483 2512
f 2501 2484 2513
f 2123 2124 2513
f 2497 2123 2513
f 2484 2497 2513
f 2502 2485 2514
f 2485 2498 2514
f 2503 2486 2515
f 2486 2499 2515
f 2109 2487 2516
f 2110 2109 2516
f 2487 2500 2516
f 2141 2140 2516
f 2140 2110 2516
f 2488 2501 2517
f 2504 2488 2517
f 2505 2489 2518
f 2489 2502 2518
f 2506 2490 2519
f 2490 2503 2519
f 2491 2504 2520
f 2507 2491 2520
f 2508 2492 2521
f 2492 2505 2521
f 2509 2493 2522
f 2493 2506 2522
f 2494 2507 2523
f 2510 2494 2523
f 2495 2508 2524
f 2511 2495 2524
f 2512 2496 2525
f 2496 2509 2525
f 2498 2510 2526
f 2514 2498 2526
f 2515 2499 2527
f 2499 2511 2527
f 2141 2516 2528
f 2516 2500 2528
f 2500 2512 2528
f 2142 2141 2528
f 2517 2501 2529
f 2501 2513 2529
f 2518 2502 2530
f 2502 2514 2530
f 2503 2515 2531
f 2519 2503 2531
f 2520 2504 2532
f 2504 2517 2532
f 2521 2505 2533
f 2505 2518 2533
f 2522 2506 2534
f 2506 2519 2534
f 2523 2507 2535
f 2507 2520 2535
f 2508 2521 2536
f 2524 2508 2536
f 2525 2509 2537
f 2509 2522 2537
f 2510 2523 2538
f 2526 2510 2538
f 2527 2511 2539
f 2511 2524 2539
f 2512 2525 2540
f 2142 2528 2540
f 2143 2142 2540
f 2528 2512 2540
f 2529 2513 2541
f 2124 2125 2541
f 2125 2126 2541
f 2513 2124 2541
f 2530 2514 2542
f 2514 2526 2542
f 2531 2515 2543
f 2515 2527 2543
f 2517 2529 2544
f 2532 2517 2544
f 2518 2530 2545
f 2533 2518 2545
f 2519 2531 2546
f 2534 2519 2546
f 2535 2520 2547
f 2520 2532 2547
f 2521 2533 2548
f 2536 2521 2548
f 2522 2534 2549
f 2537 2522 2549
f 2538 2523 2550
f 2523 2535 2550
f 2539 2524 2551
f 2524 2536 2551
f 2525 2537 2552
f 2144 2143 2552
f 2143 2540 2552
f 2540 2525 2552
f 2526 2538 2553
f 2542 2526 2553
f 2527 2539 2554
f 2543 2527 2554
f 2529 2541 2555
f 2126 2127 2555
f 2544 2529 2555
f 2541 2126 2555
f 2530 2542 2556
f 2545 2530 2556
f 2531 2543 2557
f 2546 2531 2557
f 2532 2544 2558
f 2547 2532 2558
f 2548 2533 2559
f 2533 2545 2559
f 2534 2546 2560
f 2549 2534 2560
f 2550 2535 2561
f 2535 2547 2561
f 2551 2536 2562
f 2536 2548 2562
f 2537 2549 2563
f 2145 2144 2563
f 2552 2537 2563
f 2144 2552 2563
f 2553 2538 2564
f 2538 2550 2564
f 2539 2551 2565
f 2554 2539 2565
f 2542 2553 2566
f 2556 2542 2566
f 2543 2554 2567
f 2557 2543 2567
f 2544 2555 2568
f 2558 2544 2568
f 2545 2556 2569
f 2559 2545 2569
f 2546 2557 2570
f 2560 2546 2570
f 2561 2547 2571
f 2547 2558 2571
f 2562 2548 2572
f 2548 2559 2572
f 2145 2563 2573
f 2563 2549 2573
f 2549 2560 2573
f 2146 2145 2573
f 2147 2146 2573
f 2564 2550 2574
f 2550 2561 2574
f 2551 2562 2575
f 2565 2551 2575
f 2553 2564 2576
f 2566 2553 2576
f 2554 2565 2577
f 2567 2554 2577
f 2555 2127 2578
f 2568 2555 2578
f 2127 2128 2578
f 2569 2556 2579
f 2556 2566 2579
f 2557 2567 2580
f 2570 2557 2580
f 2558 2568 2581
f 2571 2558 2581
f 2572 2559 2582
f 2559 2569 2582
f 2560 2570 2583
f 2148 2147 2583
f 2573 2560 2583
f 2147 2573 2583
f 2561 2571 2584
f 2574 2561 2584
f 2575 2562 2585
f 2562 2572 2585
f 2564 2574 2586
f 2576 2564 2586
f 2577 2565 2587
f 2565 2575 2587
f 2566 2576 2588
f 2579 2566 2588
f 2567 2577 2589
f 2580 2567 2589
f 2128 2129 2590
f 2568 2578 2590
f 2578 2128 2590
f 2581 2568 2590
f 2569 2579 2591
f 2582 2569 2591
f 2583 2570 2592
f 2570 2580 2592
f 2149 2148 2592
f 2148 2583 2592
f 2584 2571 2593
f 2571 2581 2593
f 2572 2582 2594
f 2585 2572 2594
f 2586 2574 2595
f 2574 2584 2595
f 2587 2575 2596
f 2575 2585 2596
f 2576 2586 2597
f 2588 2576 2597
f 2589 2577 2598
f 2577 2587 2598
f 2579 2588 2599
f 2591 2579 2599
f 2149 2592 2600
f 2580 2589 2600
f 2150 2149 2600
f 2592 2580 2600
f 2593 2581 2601
f 2581 2590 2601
f 2594 2582 2602
f 2582 2591 2602
f 2595 2584 2603
f 2584 2593 2603
f 2596 2585 2604
f 2585 2594 2604
f 2586 2595 2605
f 2597 2586 2605
f 2598 2587 2606
f 2587 2596 2606
f 2599 2588 2607
f 2588 2597 2607
f 2589 2598 2608
f 2600 2589 2608
f 2150 2600 2608
f 2151 2150 2608
f 2590 2129 2609
f 2601 2590 2609
f 2129 2130 2609
f 2602 2591 2610
f 2591 2599 2610
f 2593 2601 2611
f 2603 2593 2611
f 2594 2602 2612
f 2604 2594 2612
f 2595 2603 2613
f 2605 2595 2613
f 2606 2596 2614
f 2596 2604 2614
f 2597 2605 2615
f 2607 2597 2615
f 2608 2598 2616
f 2598 2606 2616
f 2152 2151 2616
f 2151 2608 2616
f 2610 2599 2617
f 2599 2607 2617
f 2130 2131 2618
f 2601 2609 2618
f 2609 2130 2618
f 2611 2601 2618
f 2602 2610 2619
f 2612 2602 2619
f 2613 2603 2620
f 2603 2611 2620
f 2604 2612 2621
f 2614 2604 2621
f 2605 2613 2622
f 2615 2605 2622
f 2152 2616 2623
f 2606 2614 2623
f 2153 2152 2623
f 2154 2153 2623
f 2616 2606 2623
f 2617 2607 2624
f 2607 2615 2624
f 2619 2610 2625
f 2610 2617 2625
f 2611 2618 2626
f 2620 2611 2626
f 2612 2619 2627
f 2621 2612 2627
f 2622 2613 2628
f 2613 2620 2628
f 2623 2614 2629
f 2154 2623 2629
f 2155 2154 2629
f 2614 2621 2629
f 2615 2622 2630
f 2624 2615 2630
f 2617 2624 2631
f 2625 2617 2631
f 2626 2618 2632
f 2131 2132 2632
f 2132 2133 2632
f 2618 2131 2632
f 2627 2619 2633
f 2619 2625 2633
f 2628 2620 2634
f 2620 2626 2634
f 2621 2627 2635
f 2155 2629 2635
f 2156 2155 2635
f 2629 2621 2635
f 2630 2622 2636
f 2622 2628 2636
f 2624 2630 2637
f 2631 2624 2637
f 2625 2631 2638
f 2633 2625 2638
f 2626 2632 2639
f 2634 2626 2639
f 2632 2133 2639
f 2133 2134 2639
f 2627 2633 2640
f 2635 2627 2640
f 2156 2635 2640
f 2157 2156 2640
f 2636 2628 2641
f 2628 2634 2641
f 2637 2630 2642
f 2630 2636 2642
f 2631 2637 2643
f 2638 2631 2643
f 2633 2638 2644
f 2640 2633 2644
f 2157 2640 2644
f 2158 2157 2644
f 2641 2634 2645
f 2634 2639 2645
f 2642 2636 2646
f 2636 2641 2646
f 2637 2642 2647
f 2643 2637 2647
f 2644 2638 2648
f 2638 2643 2648
f 2159 2158 2648
f 2160 2159 2648
f 2158 2644 2648
f 2134 2135 2649
f 2639 2134 2649
f 2645 2639 2649
f 2646 2641 2650
f 2641 2645 2650
f 2647 2642 2651
f 2642 2646 2651
f 2643 2647 2652
f 2161 2160 2652
f 2648 2643 2652
f 2160 2648 2652
f 2135 2136 2653
f 2649 2135 2653
f 2645 2649 2653
f 2650 2645 2653
f 2651 2646 2654
f 2646 2650 2654
f 2647 2651 2655
f 2161 2652 2655
f 2162 2161 2655
f 2652 2647 2655
f 2650 2653 2656
f 2654 2650 2656
f 2655 2651 2657
f 2162 2655 2657
f 2651 2654 2657
f 2163 2162 2657
f 2653 2136 2658
f 2656 2653 2658
f 2136 2137 2658
f 2657 2654 2659
f 2163 2657 2659
f 2164 2163 2659
f 2654 2656 2659
f 2659 2656 2660
f 2656 2658 2660
f 2658 2137 2660
f 2164 2659 2660
f 2138 2165 2660
f 2137 2138 2660
f 2165 2164 2660
f 2661 2708 2709
f 2708 2661 2707
f 2661 2709 2710
f 2661 2710 2711
f 2707 2661 2706
f 2661 2711 2712
f 2706 2661 2705
f 2705 2661 2704
f 2661 2712 2713
f 2661 2713 2714
f 2704 2661 2703
f 2661 2714 2715
f 2703 2661 2702
f 2702 2661 2701
f 2661 2715 2716
f 2661 2716 2717
f 2701 2661 2700
f 2661 2717 2718
f 2700 2661 2699
f 2661 2718 2719
f 2699 2661 2698
f 2661 2719 2720
f 2698 2661 2697
f 2661 2720 2721
f 2697 2661 2696
f 2696 2661 2695
f 2661 2664 2722
f 2695 2661 2722
f 2722 2664 2749
f 2749 2664 2748
f 2748 2664 2747
f 2747 2664 2746
f 2746 2664 2745
f 2745 2664 2744
f 2744 2664 2743
f 2743 2664 2742
f 2742 2664 2741
f 2741 2664 2740
f 2740 2664 2739
f 2739 2664 2738
f 2738 2664 2737
f 2737 2664 2736
f 2736 2664 2735
f 2735 2664 2734
f 2734 2664 2733
f 2733 2664 2732
f 2732 2664 2731
f 2731 2664 2730
f 2730 2664 2729
f 2729 2664 2728
f 2728 2664 2727
f 2727 2664 2726
f 2721 2694 2662
f 2661 2721 2662
f 2662 2694 2693
f 2662 2693 2692
f 2662 2692 2691
f 2662 2691 2690
f 2662 2690 2689
f 2662 2689 2688
f 2662 2688 2687
f 2662 2687 2686
f 2662 2686 2685
f 2662 2685 2684
f 2662 2684 2683
f 2662 2683 2682
f 2662 2682 2681
f 2662 2681 2680
f 2662 2680 2679
f 2662 2679 2678
f 2662 2678 2677
f 2662 2677 2676
f 2662 2676 2675
f 2662 2675 2674
f 2662 2674 2673
f 2662 2673 2672
f 2662 2672 2671
f 2662 2671 2670
f 2662 2670 2669
f 2662 2669 2668
f 2662 2668 2667
f 2662 2667 2665
f 2662 2665 2666
f 2761 2762 2663
f 2762 2763 2663
f 2763 2764 2663
f 2764 2765 2663
f 2765 2766 2663
f 2766 2767 2663
f 2767 2768 2663
f 2768 2769 2663
f 2769 2770 2663
f 2770 2771 2663
f 2771 2772 2663
f 2772 2773 2663
f 2773 2774 2663
f 2774 2775 2663
f 2775 2776 2663
f 2776 2750 2663
f 2750 2723 2663
f 2666 2751 2663
f 2751 2752 2663
f 2752 2753 2663
f 2753 2754 2663
f 2754 2755 2663
f 2755 2756 2663
f 2756 2757 2663
f 2662 2666 2663
f 2757 2758 2663
f 2758 2759 2663
f 2759 2760 2663
f 2760 2761 2663
f 2723 2664 2663
f 2724 2664 2723
f 2725 2664 2724
f 2726 2664 2725
f 2803 2804 2806
f 2802 2803 2807
f 2803 2806 2807
f 2801 2802 2808
f 2802 2807 2808
f 2800 2801 2809
f 2801 2808 2809
f 2799 2800 2810
f 2800 2809 2810
f 2798 2799 2811
f 2799 2810 2811
f 2797 2798 2812
f 2798 2811 2812
f 2796 2797 2813
f 2797 2812 2813
f 2795 2796 2814
f 2796 2813 2814
f 2794 2795 2815
f 2795 2814 2815
f 2794 2815 2816
f 2793 2794 2816
f 2793 2816 2817
f 2792 2793 2817
f 2792 2817 2818
f 2791 2792 2818
f 2790 2791 2819
f 2791 2818 2819
f 2790 2819 2820
f 2789 2790 2820
f 2788 2789 2821
f 2789 2820 2821
f 2787 2788 2822
f 2788 2821 2822
f 2786 2787 2823
f 2787 2822 2823
f 2785 2786 2824
f 2786 2823 2824
f 2785 2824 2825
f 2783 2784 2826
f 2784 2785 2826
f 2785 2825 2826
f 2783 2826 2827
f 2781 2782 2828
f 2782 2783 2828
f 2783 2827 2828
f 2780 2781 2829
f 2781 2828 2829
f 2780 2829 2830
f 2779 2780 2831
f 2780 2830 2831
f 2778 2779 2832
f 2779 2831 2832
f 2777 2778 2805
f 2778 2832 2805
f 2860 2859 2887
f 2888 2860 2887
f 2859 2858 2886
f 2887 2859 2886
f 2858 2857 2885
f 2886 2858 2885
f 2857 2856 2884
f 2885 2857 2884
f 2856 2855 2883
f 2884 2856 2883
f 2855 2854 2882
f 2883 2855 2882
f 2854 2853 2881
f 2882 2854 2881
f 2853 2852 2880
f 2881 2853 2880
f 2851 2850 2879
f 2852 2851 2879
f 2880 2852 2879
f 2850 2849 2878
f 2879 2850 2878
f 2878 2849 2877
f 2877 2849 2876
f 2849 2848 2876
f 2848 2847 2875
f 2876 2848 2875
f 2846 2845 2874
f 2847 2846 2874
f 2875 2847 2874
f 2845 2844 2873
f 2874 2845 2873
f 2873 2844 2872
f 2844 2843 2871
f 2872 2844 2871
f 2843 2842 2870
f 2871 2843 2870
f 2842 2841 2869
f 2870 2842 2869
f 2840 2839 2868
f 2841 2840 2868
f 2869 2841 2868
f 2868 2839 2867
f 2839 2838 2866
f 2867 2839 2866
f 2838 2837 2865
f 2866 2838 2865
f 2837 2836 2864
f 2865 2837 2864
f 2836 2835 2863
f 2864 2836 2863
f 2835 2834 2862
f 2863 2835 2862
f 2834 2833 2861
f 2862 2834 2861
f 2915 2916 2918
f 2914 2915 2919
f 2915 2918 2919
f 2913 2914 2920
f 2914 2919 2920
f 2912 2913 2921
f 2913 2920 2921
f 2911 2912 2922
f 2912 2921 2922
f 2910 2911 2923
f 2911 2922 2923
f 2909 2910 2924
f 2910 2923 2924
f 2908 2909 2925
f 2909 2924 2925
f 2907 2908 2926
f 2908 2925 2926
f 2906 2907 2927
f 2907 2926 2927
f 2906 2927 2928
f 2905 2906 2928
f 2905 2928 2929
f 2904 2905 2929
f 2904 2929 2930
f 2903 2904 2930
f 2902 2903 2931
f 2903 2930 2931
f 2902 2931 2932
f 2901 2902 2932
f 2900 2901 2933
f 2901 2932 2933
f 2899 2900 2934
f 2900 2933 2934
f 2898 2899 2935
f 2899 2934 2935
f 2897 2898 2936
f 2898 2935 2936
f 2897 2936 2937
f 2895 2896 2938
f 2896 2897 2938
f 2897 2937 2938
f 2894 2895 2939
f 2895 2938 2939
f 2893 2894 2940
f 2894 2939 2940
f 2893 2940 2941
f 2891 2892 2942
f 2892 2893 2942
f 2893 2941 2942
f 2890 2891 2943
f 2891 2942 2943
f 2890 2943 2944
f 2889 2890 2917
f 2890 2944 2917
f 2946 2945 2975
f 2945 2974 2975
f 2947 2946 2976
f 2946 2975 2976
f 2948 2947 2977
f 2947 2976 2977
f 2949 2948 2978
f 2948 2977 2978
f 2950 2949 2979
f 2949 2978 2979
f 2951 2950 2980
f 2950 2979 2980
f 2952 2951 2981
f 2951 2980 2981
f 2953 2952 2982
f 2952 2981 2982
f 2954 2953 2983
f 2953 2982 2983
f 2954 2983 2984
f 2955 2954 2984
f 2955 2984 2985
f 2956 2955 2985
f 2956 2985 2986
f 2957 2956 2986
f 2957 2986 2987
f 2958 2957 2987
f 2959 2958 2988
f 2958 2987 2988
f 2960 2959 2989
f 2959 2988 2989
f 2961 2960 2990
f 2960 2989 2990
f 2962 2961 2991
f 2961 2990 2991
f 2963 2962 2992
f 2962 2991 2992
f 2964 2963 2993
f 2965 2964 2993
f 2963 2992 2993
f 2965 2993 2994
f 2966 2965 2995
f 2967 2966 2995
f 2965 2994 2995
f 2967 2995 2996
f 2968 2967 2997
f 2967 2996 2997
f 2969 2968 2998
f 2970 2969 2998
f 2968 2997 2998
f 2970 2998 2999
f 2971 2970 3000
f 2970 2999 3000
f 2972 2971 2973
f 2971 3000 2973
f 3001 3002 3109
f 3029 3001 3109
f 3002 3003 3110
f 3109 3002 3110
f 3030 3029 3111
f 3029 3109 3111
f 3109 3110 3111
f 3003 3004 3112
f 3110 3003 3112
f 3031 3030 3113
f 3030 3111 3113
f 3004 3005 3114
f 3112 3004 3114
f 3110 3112 3115
f 3111 3110 3115
f 3111 3115 3116
f 3113 3111 3116
f 3114 3005 3117
f 3005 3006 3117
f 3032 3031 3118
f 3031 3113 3118
f 3112 3114 3119
f 3115 3112 3119
f 3116 3115 3120
f 3006 3007 3121
f 3117 3006 3121
f 3113 3116 3122
f 3118 3113 3122
f 3114 3117 3123
f 3119 3114 3123
f 3033 3032 3124
f 3032 3118 3124
f 3120 3115 3125
f 3115 3119 3125
f 3007 3008 3126
f 3121 3007 3126
f 3122 3116 3127
f 3116 3120 3127
f 3117 3121 3128
f 3123 3117 3128
f 3118 3122 3129
f 3124 3118 3129
f 3119 3123 3130
f 3125 3119 3130
f 3008 3009 3131
f 3126 3008 3131
f 3033 3124 3132
f 3034 3033 3132
f 3120 3125 3133
f 3127 3120 3133
f 3128 3121 3134
f 3121 3126 3134
f 3122 3127 3135
f 3129 3122 3135
f 3123 3128 3136
f 3130 3123 3136
f 3131 3009 3137
f 3009 3010 3137
f 3124 3129 3138
f 3132 3124 3138
f 3125 3130 3139
f 3133 3125 3139
f 3134 3126 3140
f 3126 3131 3140
f 3035 3034 3141
f 3034 3132 3141
f 3135 3127 3142
f 3127 3133 3142
f 3128 3134 3143
f 3136 3128 3143
f 3010 3011 3144
f 3137 3010 3144
f 3129 3135 3145
f 3138 3129 3145
f 3139 3130 3146
f 3130 3136 3146
f 3131 3137 3147
f 3140 3131 3147
f 3141 3132 3148
f 3132 3138 3148
f 3133 3139 3149
f 3142 3133 3149
f 3134 3140 3150
f 3143 3134 3150
f 3011 3012 3151
f 3144 3011 3151
f 3036 3035 3152
f 3035 3141 3152
f 3145 3135 3153
f 3135 3142 3153
f 3146 3136 3154
f 3136 3143 3154
f 3147 3137 3155
f 3137 3144 3155
f 3148 3138 3156
f 3138 3145 3156
f 3139 3146 3157
f 3149 3139 3157
f 3150 3140 3158
f 3140 3147 3158
f 3012 3013 3159
f 3151 3012 3159
f 3141 3148 3160
f 3152 3141 3160
f 3153 3142 3161
f 3142 3149 3161
f 3143 3150 3162
f 3154 3143 3162
f 3144 3151 3163
f 3155 3144 3163
f 3037 3036 3164
f 3036 3152 3164
f 3145 3153 3165
f 3156 3145 3165
f 3146 3154 3166
f 3157 3146 3166
f 3147 3155 3167
f 3158 3147 3167
f 3013 3014 3168
f 3159 3013 3168
f 3148 3156 3169
f 3160 3148 3169
f 3149 3157 3170
f 3161 3149 3170
f 3150 3158 3171
f 3162 3150 3171
f 3163 3151 3172
f 3151 3159 3172
f 3152 3160 3173
f 3164 3152 3173
f 3153 3161 3174
f 3165 3153 3174
f 3154 3162 3175
f 3166 3154 3175
f 3167 3155 3176
f 3155 3163 3176
f 3037 3164 3177
f 3038 3037 3177
f 3014 3015 3178
f 3168 3014 3178
f 3156 3165 3179
f 3169 3156 3179
f 3157 3166 3180
f 3170 3157 3180
f 3171 3158 3181
f 3158 3167 3181
f 3159 3168 3182
f 3172 3159 3182
f 3173 3160 3183
f 3160 3169 3183
f 3161 3170 3184
f 3174 3161 3184
f 3162 3171 3185
f 3175 3162 3185
f 3176 3163 3186
f 3163 3172 3186
f 3177 3164 3187
f 3164 3173 3187
f 3015 3016 3188
f 3178 3015 3188
f 3179 3165 3189
f 3165 3174 3189
f 3166 3175 3190
f 3180 3166 3190
f 3181 3167 3191
f 3167 3176 3191
f 3039 3038 3192
f 3038 3177 3192
f 3168 3178 3193
f 3182 3168 3193
f 3183 3169 3194
f 3169 3179 3194
f 3170 3180 3195
f 3184 3170 3195
f 3185 3171 3196
f 3171 3181 3196
f 3186 3172 3197
f 3172 3182 3197
f 3187 3173 3198
f 3173 3183 3198
f 3016 3017 3199
f 3188 3016 3199
f 3189 3174 3200
f 3174 3184 3200
f 3190 3175 3201
f 3175 3185 3201
f 3176 3186 3202
f 3191 3176 3202
f 3177 3187 3203
f 3192 3177 3203
f 3178 3188 3204
f 3193 3178 3204
f 3179 3189 3205
f 3194 3179 3205
f 3180 3190 3206
f 3195 3180 3206
f 3196 3181 3207
f 3181 3191 3207
f 3040 3039 3208
f 3039 3192 3208
f 3197 3182 3209
f 3182 3193 3209
f 3183 3194 3210
f 3198 3183 3210
f 3017 3018 3211
f 3199 3017 3211
f 3184 3195 3212
f 3200 3184 3212
f 3201 3185 3213
f 3185 3196 3213
f 3202 3186 3214
f 3186 3197 3214
f 3203 3187 3215
f 3187 3198 3215
f 3188 3199 3216
f 3204 3188 3216
f 3189 3200 3217
f 3205 3189 3217
f 3190 3201 3218
f 3206 3190 3218
f 3191 3202 3219
f 3207 3191 3219
f 3208 3192 3220
f 3192 3203 3220
f 3193 3204 3221
f 3209 3193 3221
f 3210 3194 3222
f 3194 3205 3222
f 3018 3019 3223
f 3211 3018 3223
f 3212 3195 3224
f 3195 3206 3224
f 3213 3196 3225
f 3196 3207 3225
f 3040 3208 3226
f 3041 3040 3226
f 3214 3197 3227
f 3197 3209 3227
f 3215 3198 3228
f 3198 3210 3228
f 3199 3211 3229
f 3216 3199 3229
f 3217 3200 3230
f 3200 3212 3230
f 3218 3201 3231
f 3201 3213 3231
f 3219 3202 3232
f 3202 3214 3232
f 3220 3203 3233
f 3203 3215 3233
f 3204 3216 3234
f 3221 3204 3234
f 3222 3205 3235
f 3205 3217 3235
f 3223 3019 3236
f 3019 3020 3236
f 3206 3218 3237
f 3224 3206 3237
f 3207 3219 3238
f 3225 3207 3238
f 3226 3208 3239
f 3208 3220 3239
f 3227 3209 3240
f 3209 3221 3240
f 3210 3222 3241
f 3228 3210 3241
f 3211 3223 3242
f 3229 3211 3242
f 3212 3224 3243
f 3230 3212 3243
f 3213 3225 3244
f 3231 3213 3244
f 3041 3226 3245
f 3042 3041 3245
f 3232 3214 3246
f 3214 3227 3246
f 3233 3215 3247
f 3215 3228 3247
f 3216 3229 3248
f 3234 3216 3248
f 3217 3230 3249
f 3235 3217 3249
f 3020 3021 3250
f 3236 3020 3250
f 3218 3231 3251
f 3237 3218 3251
f 3219 3232 3252
f 3238 3219 3252
f 3220 3233 3253
f 3239 3220 3253
f 3221 3234 3254
f 3240 3221 3254
f 3222 3235 3255
f 3241 3222 3255
f 3223 3236 3256
f 3242 3223 3256
f 3224 3237 3257
f 3243 3224 3257
f 3225 3238 3258
f 3244 3225 3258
f 3245 3226 3259
f 3226 3239 3259
f 3246 3227 3260
f 3227 3240 3260
f 3247 3228 3261
f 3228 3241 3261
f 3248 3229 3262
f 3229 3242 3262
f 3249 3230 3263
f 3230 3243 3263
f 3021 3022 3264
f 3250 3021 3264
f 3251 3231 3265
f 3231 3244 3265
f 3042 3245 3266
f 3043 3042 3266
f 3232 3246 3267
f 3252 3232 3267
f 3233 3247 3268
f 3253 3233 3268
f 3254 3234 3269
f 3234 3248 3269
f 3235 3249 3270
f 3255 3235 3270
f 3256 3236 3271
f 3236 3250 3271
f 3257 3237 3272
f 3237 3251 3272
f 3238 3252 3273
f 3258 3238 3273
f 3239 3253 3274
f 3259 3239 3274
f 3260 3240 3275
f 3240 3254 3275
f 3241 3255 3276
f 3261 3241 3276
f 3242 3256 3277
f 3262 3242 3277
f 3263 3243 3278
f 3243 3257 3278
f 3022 3023 3279
f 3264 3022 3279
f 3265 3244 3280
f 3244 3258 3280
f 3266 3245 3281
f 3245 3259 3281
f 3267 3246 3282
f 3246 3260 3282
f 3247 3261 3283
f 3268 3247 3283
f 3248 3262 3284
f 3269 3248 3284
f 3270 3249 3285
f 3249 3263 3285
f 3271 3250 3286
f 3250 3264 3286
f 3251 3265 3287
f 3272 3251 3287
f 3044 3043 3288
f 3043 3266 3288
f 3252 3267 3289
f 3273 3252 3289
f 3253 3268 3290
f 3274 3253 3290
f 3254 3269 3291
f 3275 3254 3291
f 3255 3270 3292
f 3276 3255 3292
f 3277 3256 3293
f 3256 3271 3293
f 3278 3257 3294
f 3257 3272 3294
f 3023 3024 3295
f 3279 3023 3295
f 3258 3273 3296
f 3280 3258 3296
f 3259 3274 3297
f 3281 3259 3297
f 3282 3260 3298
f 3260 3275 3298
f 3261 3276 3299
f 3283 3261 3299
f 3262 3277 3300
f 3284 3262 3300
f 3285 3263 3301
f 3263 3278 3301
f 3286 3264 3302
f 3264 3279 3302
f 3265 3280 3303
f 3287 3265 3303
f 3266 3281 3304
f 3288 3266 3304
f 3289 3267 3305
f 3267 3282 3305
f 3268 3283 3306
f 3290 3268 3306
f 3291 3269 3307
f 3269 3284 3307
f 3270 3285 3308
f 3292 3270 3308
f 3293 3271 3309
f 3271 3286 3309
f 3272 3287 3310
f 3294 3272 3310
f 3045 3044 3311
f 3044 3288 3311
f 3024 3025 3312
f 3295 3024 3312
f 3273 3289 3313
f 3296 3273 3313
f 3297 3274 3314
f 3274 3290 3314
f 3298 3275 3315
f 3275 3291 3315
f 3299 3276 3316
f 3276 3292 3316
f 3300 3277 3317
f 3277 3293 3317
f 3301 3278 3318
f 3278 3294 3318
f 3279 3295 3319
f 3302 3279 3319
f 3280 3296 3320
f 3303 3280 3320
f 3281 3297 3321
f 3304 3281 3321
f 3282 3298 3322
f 3305 3282 3322
f 3306 3283 3323
f 3283 3299 3323
f 3307 3284 3324
f 3284 3300 3324
f 3285 3301 3325
f 3308 3285 3325
f 3286 3302 3326
f 3309 3286 3326
f 3287 3303 3327
f 3310 3287 3327
f 3311 3288 3328
f 3288 3304 3328
f 3025 3026 3329
f 3312 3025 3329
f 3313 3289 3330
f 3289 3305 3330
f 3314 3290 3331
f 3290 3306 3331
f 3291 3307 3332
f 3315 3291 3332
f 3292 3308 3333
f 3316 3292 3333
f 3293 3309 3334
f 3317 3293 3334
f 3294 3310 3335
f 3318 3294 3335
f 3046 3045 3336
f 3045 3311 3336
f 3319 3295 3337
f 3295 3312 3337
f 3320 3296 3338
f 3296 3313 3338
f 3321 3297 3339
f 3297 3314 3339
f 3322 3298 3340
f 3298 3315 3340
f 3323 3299 3341
f 3299 3316 3341
f 3324 3300 3342
f 3300 3317 3342
f 3325 3301 3343
f 3301 3318 3343
f 3302 3319 3344
f 3326 3302 3344
f 3303 3320 3345
f 3327 3303 3345
f 3304 3321 3346
f 3328 3304 3346
f 3329 3026 3347
f 3026 3027 3347
f 3027 3028 3347
f 3028 3083 3347
f 3305 3322 3348
f 3330 3305 3348
f 3331 3306 3349
f 3306 3323 3349
f 3332 3307 3350
f 3307 3324 3350
f 3308 3325 3351
f 3333 3308 3351
f 3309 3326 3352
f 3334 3309 3352
f 3310 3327 3353
f 3335 3310 3353
f 3311 3328 3354
f 3336 3311 3354
f 3312 3329 3355
f 3337 3312 3355
f 3313 3330 3356
f 3338 3313 3356
f 3339 3314 3357
f 3314 3331 3357
f 3315 3332 3358
f 3340 3315 3358
f 3341 3316 3359
f 3316 3333 3359
f 3342 3317 3360
f 3317 3334 3360
f 3318 3335 3361
f 3343 3318 3361
f 3046 3336 3362
f 3047 3046 3362
f 3344 3319 3363
f 3319 3337 3363
f 3345 3320 3364
f 3320 3338 3364
f 3321 3339 3365
f 3346 3321 3365
f 3348 3322 3366
f 3322 3340 3366
f 3349 3323 3367
f 3323 3341 3367
f 3324 3342 3368
f 3350 3324 3368
f 3325 3343 3369
f 3351 3325 3369
f 3326 3344 3370
f 3352 3326 3370
f 3327 3345 3371
f 3353 3327 3371
f 3328 3346 3372
f 3354 3328 3372
f 3347 3083 3373
f 3355 3329 3373
f 3329 3347 3373
f 3083 3084 3373
f 3356 3330 3374
f 3330 3348 3374
f 3357 3331 3375
f 3331 3349 3375
f 3358 3332 3376
f 3332 3350 3376
f 3333 3351 3377
f 3359 3333 3377
f 3334 3352 3378
f 3360 3334 3378
f 3361 3335 3379
f 3335 3353 3379
f 3336 3354 3380
f 3362 3336 3380
f 3337 3355 3381
f 3363 3337 3381
f 3364 3338 3382
f 3338 3356 3382
f 3339 3357 3383
f 3365 3339 3383
f 3366 3340 3384
f 3340 3358 3384
f 3341 3359 3385
f 3367 3341 3385
f 3342 3360 3386
f 3368 3342 3386
f 3343 3361 3387
f 3369 3343 3387
f 3047 3362 3388
f 3048 3047 3388
f 3344 3363 3389
f 3370 3344 3389
f 3371 3345 3390
f 3345 3364 3390
f 3346 3365 3391
f 3372 3346 3391
f 3348 3366 3392
f 3374 3348 3392
f 3375 3349 3393
f 3349 3367 3393
f 3350 3368 3394
f 3376 3350 3394
f 3351 3369 3395
f 3377 3351 3395
f 3352 3370 3396
f 3378 3352 3396
f 3379 3353 3397
f 3353 3371 3397
f 3380 3354 3398
f 3354 3372 3398
f 3355 3373 3399
f 3381 3355 3399
f 3084 3085 3399
f 3373 3084 3399
f 3356 3374 3400
f 3382 3356 3400
f 3357 3375 3401
f 3383 3357 3401
f 3384 3358 3402
f 3358 3376 3402
f 3385 3359 3403
f 3359 3377 3403
f 3386 3360 3404
f 3360 3378 3404
f 3387 3361 3405
f 3361 3379 3405
f 3362 3380 3406
f 3388 3362 3406
f 3363 3381 3407
f 3389 3363 3407
f 3390 3364 3408
f 3364 3382 3408
f 3365 3383 3409
f 3391 3365 3409
f 3366 3384 3410
f 3392 3366 3410
f 3367 3385 3411
f 3393 3367 3411
f 3394 3368 3412
f 3368 3386 3412
f 3369 3387 3413
f 3395 3369 3413
f 3049 3048 3414
f 3048 3388 3414
f 3370 3389 3415
f 3396 3370 3415
f 3397 3371 3416
f 3371 3390 3416
f 3398 3372 3417
f 3372 3391 3417
f 3400 3374 3418
f 3374 3392 3418
f 3401 3375 3419
f 3375 3393 3419
f 3376 3394 3420
f 3402 3376 3420
f 3377 3395 3421
f 3403 3377 3421
f 3378 3396 3422
f 3404 3378 3422
f 3379 3397 3423
f 3405 3379 3423
f 3406 3380 3424
f 3380 3398 3424
f 3407 3381 3425
f 3381 3399 3425
f 3399 3085 3425
f 3085 3086 3425
f 3382 3400 3426
f 3408 3382 3426
f 3409 3383 3427
f 3383 3401 3427
f 3384 3402 3428
f 3410 3384 3428
f 3385 3403 3429
f 3411 3385 3429
f 3386 3404 3430
f 3412 3386 3430
f 3387 3405 3431
f 3413 3387 3431
f 3414 3388 3432
f 3388 3406 3432
f 3415 3389 3433
f 3389 3407 3433
f 3390 3408 3434
f 3416 3390 3434
f 3391 3409 3435
f 3417 3391 3435
f 3418 3392 3436
f 3392 3410 3436
f 3419 3393 3437
f 3393 3411 3437
f 3420 3394 3438
f 3394 3412 3438
f 3395 3413 3439
f 3421 3395 3439
f 3049 3414 3440
f 3050 3049 3440
f 3422 3396 3441
f 3396 3415 3441
f 3423 3397 3442
f 3397 3416 3442
f 3424 3398 3443
f 3398 3417 3443
f 3426 3400 3444
f 3400 3418 3444
f 3427 3401 3445
f 3401 3419 3445
f 3428 3402 3446
f 3402 3420 3446
f 3403 3421 3447
f 3429 3403 3447
f 3404 3422 3448
f 3430 3404 3448
f 3431 3405 3449
f 3405 3423 3449
f 3432 3406 3450
f 3406 3424 3450
f 3407 3425 3451
f 3425 3086 3451
f 3433 3407 3451
f 3086 3087 3451
f 3408 3426 3452
f 3434 3408 3452
f 3435 3409 3453
f 3409 3427 3453
f 3410 3428 3454
f 3436 3410 3454
f 3411 3429 3455
f 3437 3411 3455
f 3412 3430 3456
f 3438 3412 3456
f 3439 3413 3457
f 3413 3431 3457
f 3440 3414 3458
f 3414 3432 3458
f 3441 3415 3459
f 3415 3433 3459
f 3442 3416 3460
f 3416 3434 3460
f 3417 3435 3461
f 3443 3417 3461
f 3418 3436 3462
f 3444 3418 3462
f 3419 3437 3463
f 3445 3419 3463
f 3420 3438 3464
f 3446 3420 3464
f 3447 3421 3465
f 3421 3439 3465
f 3051 3050 3466
f 3050 3440 3466
f 3422 3441 3467
f 3448 3422 3467
f 3449 3423 3468
f 3423 3442 3468
f 3424 3443 3469
f 3450 3424 3469
f 3426 3444 3470
f 3452 3426 3470
f 3453 3427 3471
f 3427 3445 3471
f 3454 3428 3472
f 3428 3446 3472
f 3429 3447 3473
f 3455 3429 3473
f 3456 3430 3474
f 3430 3448 3474
f 3457 3431 3475
f 3431 3449 3475
f 3432 3450 3476
f 3458 3432 3476
f 3451 3087 3477
f 3459 3433 3477
f 3087 3088 3477
f 3433 3451 3477
f 3434 3452 3478
f 3460 3434 3478
f 3435 3453 3479
f 3461 3435 3479
f 3462 3436 3480
f 3436 3454 3480
f 3437 3455 3481
f 3463 3437 3481
f 3438 3456 3482
f 3464 3438 3482
f 3439 3457 3483
f 3465 3439 3483
f 3466 3440 3484
f 3440 3458 3484
f 3441 3459 3485
f 3467 3441 3485
f 3442 3460 3486
f 3468 3442 3486
f 3469 3443 3487
f 3443 3461 3487
f 3444 3462 3488
f 3470 3444 3488
f 3445 3463 3489
f 3471 3445 3489
f 3446 3464 3490
f 3472 3446 3490
f 3447 3465 3491
f 3473 3447 3491
f 3052 3051 3492
f 3051 3466 3492
f 3474 3448 3493
f 3448 3467 3493
f 3449 3468 3494
f 3475 3449 3494
f 3476 3450 3495
f 3450 3469 3495
f 3452 3470 3496
f 3478 3452 3496
f 3453 3471 3497
f 3479 3453 3497
f 3480 3454 3498
f 3454 3472 3498
f 3481 3455 3499
f 3455 3473 3499
f 3456 3474 3500
f 3482 3456 3500
f 3483 3457 3501
f 3457 3475 3501
f 3458 3476 3502
f 3484 3458 3502
f 3477 3088 3503
f 3485 3459 3503
f 3088 3089 3503
f 3459 3477 3503
f 3486 3460 3504
f 3460 3478 3504
f 3487 3461 3505
f 3461 3479 3505
f 3488 3462 3506
f 3462 3480 3506
f 3463 3481 3507
f 3489 3463 3507
f 3490 3464 3508
f 3464 3482 3508
f 3465 3483 3509
f 3491 3465 3509
f 3492 3466 3510
f 3466 3484 3510
f 3467 3485 3511
f 3493 3467 3511
f 3468 3486 3512
f 3494 3468 3512
f 3495 3469 3513
f 3469 3487 3513
f 3496 3470 3514
f 3470 3488 3514
f 3471 3489 3515
f 3497 3471 3515
f 3472 3490 3516
f 3498 3472 3516
f 3499 3473 3517
f 3473 3491 3517
f 3052 3492 3518
f 3053 3052 3518
f 3500 3474 3519
f 3474 3493 3519
f 3475 3494 3520
f 3501 3475 3520
f 3502 3476 3521
f 3476 3495 3521
f 3478 3496 3522
f 3504 3478 3522
f 3479 3497 3523
f 3505 3479 3523
f 3480 3498 3524
f 3506 3480 3524
f 3481 3499 3525
f 3507 3481 3525
f 3508 3482 3526
f 3482 3500 3526
f 3509 3483 3527
f 3483 3501 3527
f 3484 3502 3528
f 3510 3484 3528
f 3511 3485 3529
f 3503 3089 3529
f 3089 3090 3529
f 3485 3503 3529
f 3486 3504 3530
f 3512 3486 3530
f 3487 3505 3531
f 3513 3487 3531
f 3488 3506 3532
f 3514 3488 3532
f 3515 3489 3533
f 3489 3507 3533
f 3490 3508 3534
f 3516 3490 3534
f 3491 3509 3535
f 3517 3491 3535
f 3518 3492 3536
f 3492 3510 3536
f 3493 3511 3537
f 3519 3493 3537
f 3494 3512 3538
f 3520 3494 3538
f 3521 3495 3539
f 3495 3513 3539
f 3522 3496 3540
f 3496 3514 3540
f 3497 3515 3541
f 3523 3497 3541
f 3524 3498 3542
f 3498 3516 3542
f 3499 3517 3543
f 3525 3499 3543
f 3053 3518 3544
f 3054 3053 3544
f 3055 3054 3544
f 3056 3055 3544
f 3526 3500 3545
f 3500 3519 3545
f 3501 3520 3546
f 3527 3501 3546
f 3528 3502 3547
f 3502 3521 3547
f 3530 3504 3548
f 3504 3522 3548
f 3531 3505 3549
f 3505 3523 3549
f 3532 3506 3550
f 3506 3524 3550
f 3507 3525 3551
f 3533 3507 3551
f 3534 3508 3552
f 3508 3526 3552
f 3509 3527 3553
f 3535 3509 3553
f 3510 3528 3554
f 3536 3510 3554
f 3511 3529 3555
f 3537 3511 3555
f 3529 3090 3555
f 3090 3091 3555
f 3512 3530 3556
f 3538 3512 3556
f 3539 3513 3557
f 3513 3531 3557
f 3514 3532 3558
f 3540 3514 3558
f 3515 3533 3559
f 3541 3515 3559
f 3516 3534 3560
f 3542 3516 3560
f 3517 3535 3561
f 3543 3517 3561
f 3056 3544 3562
f 3518 3536 3562
f 3057 3056 3562
f 3544 3518 3562
f 3545 3519 3563
f 3519 3537 3563
f 3520 3538 3564
f 3546 3520 3564
f 3547 3521 3565
f 3521 3539 3565
f 3548 3522 3566
f 3522 3540 3566
f 3549 3523 3567
f 3523 3541 3567
f 3524 3542 3568
f 3550 3524 3568
f 3551 3525 3569
f 3525 3543 3569
f 3526 3545 3570
f 3552 3526 3570
f 3553 3527 3571
f 3527 3546 3571
f 3554 3528 3572
f 3528 3547 3572
f 3530 3548 3573
f 3556 3530 3573
f 3531 3549 3574
f 3557 3531 3574
f 3558 3532 3575
f 3532 3550 3575
f 3533 3551 3576
f 3559 3533 3576
f 3560 3534 3577
f 3534 3552 3577
f 3561 3535 3578
f 3535 3553 3578
f 3562 3536 3579
f 3536 3554 3579
f 3058 3057 3579
f 3057 3562 3579
f 3537 3555 3580
f 3555 3091 3580
f 3563 3537 3580
f 3091 3092 3580
f 3564 3538 3581
f 3538 3556 3581
f 3539 3557 3582
f 3565 3539 3582
f 3566 3540 3583
f 3540 3558 3583
f 3567 3541 3584
f 3541 3559 3584
f 3568 3542 3585
f 3542 3560 3585
f 3543 3561 3586
f 3569 3543 3586
f 3570 3545 3587
f 3545 3563 3587
f 3571 3546 3588
f 3546 3564 3588
f 3547 3565 3589
f 3572 3547 3589
f 3548 3566 3590
f 3573 3548 3590
f 3574 3549 3591
f 3549 3567 3591
f 3575 3550 3592
f 3550 3568 3592
f 3576 3551 3593
f 3551 3569 3593
f 3552 3570 3594
f 3577 3552 3594
f 3553 3571 3595
f 3578 3553 3595
f 3058 3579 3596
f 3554 3572 3596
f 3059 3058 3596
f 3579 3554 3596
f 3556 3573 3597
f 3581 3556 3597
f 3582 3557 3598
f 3557 3574 3598
f 3558 3575 3599
f 3583 3558 3599
f 3584 3559 3600
f 3559 3576 3600
f 3560 3577 3601
f 3585 3560 3601
f 3561 3578 3602
f 3586 3561 3602
f 3587 3563 3603
f 3563 3580 3603
f 3580 3092 3603
f 3092 3093 3603
f 3564 3581 3604
f 3588 3564 3604
f 3589 3565 3605
f 3565 3582 3605
f 3566 3583 3606
f 3590 3566 3606
f 3591 3567 3607
f 3567 3584 3607
f 3568 3585 3608
f 3592 3568 3608
f 3569 3586 3609
f 3593 3569 3609
f 3570 3587 3610
f 3594 3570 3610
f 3595 3571 3611
f 3571 3588 3611
f 3596 3572 3612
f 3572 3589 3612
f 3060 3059 3612
f 3059 3596 3612
f 3573 3590 3613
f 3597 3573 3613
f 3598 3574 3614
f 3574 3591 3614
f 3599 3575 3615
f 3575 3592 3615
f 3576 3593 3616
f 3600 3576 3616
f 3601 3577 3617
f 3577 3594 3617
f 3578 3595 3618
f 3602 3578 3618
f 3604 3581 3619
f 3581 3597 3619
f 3582 3598 3620
f 3605 3582 3620
f 3606 3583 3621
f 3583 3599 3621
f 3607 3584 3622
f 3584 3600 3622
f 3585 3601 3623
f 3608 3585 3623
f 3609 3586 3624
f 3586 3602 3624
f 3610 3587 3625
f 3603 3093 3625
f 3093 3094 3625
f 3587 3603 3625
f 3588 3604 3626
f 3611 3588 3626
f 3060 3612 3627
f 3589 3605 3627
f 3612 3589 3627
f 3061 3060 3627
f 3590 3606 3628
f 3613 3590 3628
f 3614 3591 3629
f 3591 3607 3629
f 3615 3592 3630
f 3592 3608 3630
f 3593 3609 3631
f 3616 3593 3631
f 3594 3610 3632
f 3617 3594 3632
f 3618 3595 3633
f 3595 3611 3633
f 3597 3613 3634
f 3619 3597 3634
f 3598 3614 3635
f 3620 3598 3635
f 3621 3599 3636
f 3599 3615 3636
f 3622 3600 3637
f 3600 3616 3637
f 3623 3601 3638
f 3601 3617 3638
f 3602 3618 3639
f 3624 3602 3639
f 3626 3604 3640
f 3604 3619 3640
f 3627 3605 3641
f 3605 3620 3641
f 3061 3627 3641
f 3062 3061 3641
f 3628 3606 3642
f 3606 3621 3642
f 3629 3607 3643
f 3607 3622 3643
f 3630 3608 3644
f 3608 3623 3644
f 3609 3624 3645
f 3631 3609 3645
f 3610 3625 3646
f 3632 3610 3646
f 3625 3094 3646
f 3094 3095 3646
f 3633 3611 3647
f 3611 3626 3647
f 3613 3628 3648
f 3634 3613 3648
f 3614 3629 3649
f 3635 3614 3649
f 3615 3630 3650
f 3636 3615 3650
f 3637 3616 3651
f 3616 3631 3651
f 3617 3632 3652
f 3638 3617 3652
f 3639 3618 3653
f 3618 3633 3653
f 3619 3634 3654
f 3640 3619 3654
f 3620 3635 3655
f 3641 3620 3655
f 3063 3062 3655
f 3062 3641 3655
f 3642 3621 3656
f 3621 3636 3656
f 3622 3637 3657
f 3643 3622 3657
f 3644 3623 3658
f 3623 3638 3658
f 3624 3639 3659
f 3645 3624 3659
f 3626 3640 3660
f 3647 3626 3660
f 3648 3628 3661
f 3628 3642 3661
f 3629 3643 3662
f 3649 3629 3662
f 3630 3644 3663
f 3650 3630 3663
f 3651 3631 3664
f 3631 3645 3664
f 3646 3095 3665
f 3632 3646 3665
f 3652 3632 3665
f 3095 3096 3665
f 3653 3633 3666
f 3633 3647 3666
f 3654 3634 3667
f 3634 3648 3667
f 3655 3635 3668
f 3063 3655 3668
f 3064 3063 3668
f 3635 3649 3668
f 3636 3650 3669
f 3656 3636 3669
f 3657 3637 3670
f 3637 3651 3670
f 3638 3652 3671
f 3658 3638 3671
f 3659 3639 3672
f 3639 3653 3672
f 3640 3654 3673
f 3660 3640 3673
f 3661 3642 3674
f 3642 3656 3674
f 3643 3657 3675
f 3662 3643 3675
f 3644 3658 3676
f 3663 3644 3676
f 3664 3645 3677
f 3645 3659 3677
f 3666 3647 3678
f 3647 3660 3678
f 3648 3661 3679
f 3667 3648 3679
f 3649 3662 3680
f 3065 3064 3680
f 3668 3649 3680
f 3064 3668 3680
f 3650 3663 3681
f 3669 3650 3681
f 3670 3651 3682
f 3651 3664 3682
f 3652 3665 3683
f 3671 3652 3683
f 3665 3096 3683
f 3096 3097 3683
f 3653 3666 3684
f 3672 3653 3684
f 3673 3654 3685
f 3654 3667 3685
f 3656 3669 3686
f 3674 3656 3686
f 3675 3657 3687
f 3657 3670 3687
f 3676 3658 3688
f 3658 3671 3688
f 3677 3659 3689
f 3659 3672 3689
f 3678 3660 3690
f 3660 3673 3690
f 3679 3661 3691
f 3661 3674 3691
f 3065 3680 3692
f 3662 3675 3692
f 3066 3065 3692
f 3680 3662 3692
f 3663 3676 3693
f 3681 3663 3693
f 3664 3677 3694
f 3682 3664 3694
f 3666 3678 3695
f 3684 3666 3695
f 3667 3679 3696
f 3685 3667 3696
f 3686 3669 3697
f 3669 3681 3697
f 3687 3670 3698
f 3670 3682 3698
f 3683 3097 3699
f 3688 3671 3699
f 3671 3683 3699
f 3097 3098 3699
f 3672 3684 3700
f 3689 3672 3700
f 3690 3673 3701
f 3673 3685 3701
f 3691 3674 3702
f 3674 3686 3702
f 3692 3675 3703
f 3675 3687 3703
f 3066 3692 3703
f 3067 3066 3703
f 3693 3676 3704
f 3676 3688 3704
f 3694 3677 3705
f 3677 3689 3705
f 3695 3678 3706
f 3678 3690 3706
f 3696 3679 3707
f 3679 3691 3707
f 3681 3693 3708
f 3697 3681 3708
f 3682 3694 3709
f 3698 3682 3709
f 3684 3695 3710
f 3700 3684 3710
f 3701 3685 3711
f 3685 3696 3711
f 3686 3697 3712
f 3702 3686 3712
f 3703 3687 3713
f 3687 3698 3713
f 3068 3067 3713
f 3067 3703 3713
f 3688 3699 3714
f 3704 3688 3714
f 3699 3098 3714
f 3098 3099 3714
f 3705 3689 3715
f 3689 3700 3715
f 3706 3690 3716
f 3690 3701 3716
f 3691 3702 3717
f 3707 3691 3717
f 3693 3704 3718
f 3708 3693 3718
f 3694 3705 3719
f 3709 3694 3719
f 3695 3706 3720
f 3710 3695 3720
f 3711 3696 3721
f 3696 3707 3721
f 3712 3697 3722
f 3697 3708 3722
f 3069 3068 3723
f 3713 3698 3723
f 3068 3713 3723
f 3698 3709 3723
f 3700 3710 3724
f 3715 3700 3724
f 3701 3711 3725
f 3716 3701 3725
f 3717 3702 3726
f 3702 3712 3726
f 3714 3099 3727
f 3718 3704 3727
f 3704 3714 3727
f 3099 3100 3727
f 3719 3705 3728
f 3705 3715 3728
f 3706 3716 3729
f 3720 3706 3729
f 3721 3707 3730
f 3707 3717 3730
f 3708 3718 3731
f 3722 3708 3731
f 3069 3723 3732
f 3723 3709 3732
f 3709 3719 3732
f 3070 3069 3732
f 3710 3720 3733
f 3724 3710 3733
f 3725 3711 3734
f 3711 3721 3734
f 3726 3712 3735
f 3712 3722 3735
f 3715 3724 3736
f 3728 3715 3736
f 3729 3716 3737
f 3716 3725 3737
f 3717 3726 3738
f 3730 3717 3738
f 3731 3718 3739
f 3718 3727 3739
f 3727 3100 3739
f 3100 3101 3739
f 3719 3728 3740
f 3070 3732 3740
f 3071 3070 3740
f 3732 3719 3740
f 3720 3729 3741
f 3733 3720 3741
f 3721 3730 3742
f 3734 3721 3742
f 3722 3731 3743
f 3735 3722 3743
f 3724 3733 3744
f 3736 3724 3744
f 3737 3725 3745
f 3725 3734 3745
f 3726 3735 3746
f 3738 3726 3746
f 3728 3736 3747
f 3072 3071 3747
f 3740 3728 3747
f 3071 3740 3747
f 3729 3737 3748
f 3741 3729 3748
f 3742 3730 3749
f 3730 3738 3749
f 3101 3102 3750
f 3739 3101 3750
f 3743 3731 3750
f 3731 3739 3750
f 3744 3733 3751
f 3733 3741 3751
f 3745 3734 3752
f 3734 3742 3752
f 3746 3735 3753
f 3735 3743 3753
f 3073 3072 3754
f 3736 3744 3754
f 3072 3747 3754
f 3747 3736 3754
f 3748 3737 3755
f 3737 3745 3755
f 3738 3746 3756
f 3749 3738 3756
f 3751 3741 3757
f 3741 3748 3757
f 3752 3742 3758
f 3742 3749 3758
f 3102 3103 3759
f 3743 3750 3759
f 3750 3102 3759
f 3753 3743 3759
f 3744 3751 3760
f 3754 3744 3760
f 3073 3754 3760
f 3074 3073 3760
f 3755 3745 3761
f 3745 3752 3761
f 3756 3746 3762
f 3746 3753 3762
f 3748 3755 3763
f 3757 3748 3763
f 3758 3749 3764
f 3749 3756 3764
f 3751 3757 3765
f 3760 3751 3765
f 3074 3760 3765
f 3075 3074 3765
f 3761 3752 3766
f 3752 3758 3766
f 3103 3104 3767
f 3762 3753 3767
f 3759 3103 3767
f 3753 3759 3767
f 3755 3761 3768
f 3763 3755 3768
f 3756 3762 3769
f 3764 3756 3769
f 3765 3757 3770
f 3075 3765 3770
f 3076 3075 3770
f 3757 3763 3770
f 3758 3764 3771
f 3766 3758 3771
f 3761 3766 3772
f 3768 3761 3772
f 3104 3105 3773
f 3769 3762 3773
f 3767 3104 3773
f 3762 3767 3773
f 3770 3763 3774
f 3763 3768 3774
f 3077 3076 3774
f 3076 3770 3774
f 3771 3764 3775
f 3764 3769 3775
f 3772 3766 3776
f 3766 3771 3776
f 3768 3772 3777
f 3774 3768 3777
f 3078 3077 3777
f 3077 3774 3777
f 3105 3106 3778
f 3773 3105 3778
f 3769 3773 3778
f 3775 3769 3778
f 3771 3775 3779
f 3776 3771 3779
f 3079 3078 3780
f 3078 3777 3780
f 3772 3776 3780
f 3777 3772 3780
f 3106 3107 3781
f 3778 3106 3781
f 3779 3775 3781
f 3775 3778 3781
f 3776 3779 3782
f 3079 3780 3782
f 3080 3079 3782
f 3780 3776 3782
f 3781 3107 3783
f 3107 3108 3783
f 3108 3082 3783
f 3779 3781 3783
f 3080 3782 3783
f 3081 3080 3783
f 3082 3081 3783
f 3782 3779 3783
f 3785 3784 3892
f 3784 3812 3892
f 3786 3785 3893
f 3785 3892 3893
f 3812 3813 3894
f 3892 3812 3894
f 3893 3892 3894
f 3787 3786 3895
f 3786 3893 3895
f 3813 3814 3896
f 3894 3813 3896
f 3788 3787 3897
f 3787 3895 3897
f 3895 3893 3898
f 3893 3894 3898
f 3898 3894 3899
f 3894 3896 3899
f 3788 3897 3900
f 3789 3788 3900
f 3814 3815 3901
f 3896 3814 3901
f 3897 3895 3902
f 3895 3898 3902
f 3898 3899 3903
f 3790 3789 3904
f 3789 3900 3904
f 3899 3896 3905
f 3896 3901 3905
f 3900 3897 3906
f 3897 3902 3906
f 3815 3816 3907
f 3901 3815 3907
f 3898 3903 3908
f 3902 3898 3908
f 3791 3790 3909
f 3790 3904 3909
f 3899 3905 3910
f 3903 3899 3910
f 3904 3900 3911
f 3900 3906 3911
f 3905 3901 3912
f 3901 3907 3912
f 3906 3902 3913
f 3902 3908 3913
f 3792 3791 3914
f 3791 3909 3914
f 3907 3816 3915
f 3816 3817 3915
f 3908 3903 3916
f 3903 3910 3916
f 3904 3911 3917
f 3909 3904 3917
f 3910 3905 3918
f 3905 3912 3918
f 3911 3906 3919
f 3906 3913 3919
f 3792 3914 3920
f 3793 3792 3920
f 3912 3907 3921
f 3907 3915 3921
f 3913 3908 3922
f 3908 3916 3922
f 3909 3917 3923
f 3914 3909 3923
f 3817 3818 3924
f 3915 3817 3924
f 3910 3918 3925
f 3916 3910 3925
f 3917 3911 3926
f 3911 3919 3926
f 3794 3793 3927
f 3793 3920 3927
f 3918 3912 3928
f 3912 3921 3928
f 3913 3922 3929
f 3919 3913 3929
f 3920 3914 3930
f 3914 3923 3930
f 3915 3924 3931
f 3921 3915 3931
f 3922 3916 3932
f 3916 3925 3932
f 3923 3917 3933
f 3917 3926 3933
f 3795 3794 3934
f 3794 3927 3934
f 3818 3819 3935
f 3924 3818 3935
f 3918 3928 3936
f 3925 3918 3936
f 3919 3929 3937
f 3926 3919 3937
f 3920 3930 3938
f 3927 3920 3938
f 3921 3931 3939
f 3928 3921 3939
f 3929 3922 3940
f 3922 3932 3940
f 3923 3933 3941
f 3930 3923 3941
f 3796 3795 3942
f 3795 3934 3942
f 3931 3924 3943
f 3924 3935 3943
f 3925 3936 3944
f 3932 3925 3944
f 3933 3926 3945
f 3926 3937 3945
f 3934 3927 3946
f 3927 3938 3946
f 3819 3820 3947
f 3935 3819 3947
f 3936 3928 3948
f 3928 3939 3948
f 3937 3929 3949
f 3929 3940 3949
f 3938 3930 3950
f 3930 3941 3950
f 3797 3796 3951
f 3796 3942 3951
f 3939 3931 3952
f 3931 3943 3952
f 3940 3932 3953
f 3932 3944 3953
f 3941 3933 3954
f 3933 3945 3954
f 3934 3946 3955
f 3942 3934 3955
f 3943 3935 3956
f 3935 3947 3956
f 3944 3936 3957
f 3936 3948 3957
f 3945 3937 3958
f 3937 3949 3958
f 3938 3950 3959
f 3946 3938 3959
f 3947 3820 3960
f 3820 3821 3960
f 3798 3797 3961
f 3797 3951 3961
f 3948 3939 3962
f 3939 3952 3962
f 3949 3940 3963
f 3940 3953 3963
f 3941 3954 3964
f 3950 3941 3964
f 3951 3942 3965
f 3942 3955 3965
f 3943 3956 3966
f 3952 3943 3966
f 3953 3944 3967
f 3944 3957 3967
f 3954 3945 3968
f 3945 3958 3968
f 3946 3959 3969
f 3955 3946 3969
f 3947 3960 3970
f 3956 3947 3970
f 3799 3798 3971
f 3798 3961 3971
f 3948 3962 3972
f 3957 3948 3972
f 3958 3949 3973
f 3949 3963 3973
f 3950 3964 3974
f 3959 3950 3974
f 3821 3822 3975
f 3960 3821 3975
f 3961 3951 3976
f 3951 3965 3976
f 3952 3966 3977
f 3962 3952 3977
f 3963 3953 3978
f 3953 3967 3978
f 3954 3968 3979
f 3964 3954 3979
f 3955 3969 3980
f 3965 3955 3980
f 3956 3970 3981
f 3966 3956 3981
f 3800 3799 3982
f 3799 3971 3982
f 3957 3972 3983
f 3967 3957 3983
f 3958 3973 3984
f 3968 3958 3984
f 3969 3959 3985
f 3959 3974 3985
f 3970 3960 3986
f 3960 3975 3986
f 3971 3961 3987
f 3961 3976 3987
f 3972 3962 3988
f 3962 3977 3988
f 3973 3963 3989
f 3963 3978 3989
f 3964 3979 3990
f 3974 3964 3990
f 3822 3823 3991
f 3975 3822 3991
f 3965 3980 3992
f 3976 3965 3992
f 3977 3966 3993
f 3966 3981 3993
f 3801 3800 3994
f 3800 3982 3994
f 3978 3967 3995
f 3967 3983 3995
f 3968 3984 3996
f 3979 3968 3996
f 3969 3985 3997
f 3980 3969 3997
f 3970 3986 3998
f 3981 3970 3998
f 3982 3971 3999
f 3971 3987 3999
f 3983 3972 4000
f 3972 3988 4000
f 3984 3973 4001
f 3973 3989 4001
f 3985 3974 4002
f 3974 3990 4002
f 3975 3991 4003
f 3986 3975 4003
f 3987 3976 4004
f 3976 3992 4004
f 3977 3993 4005
f 3988 3977 4005
f 3802 3801 4006
f 3801 3994 4006
f 3978 3995 4007
f 3989 3978 4007
f 3979 3996 4008
f 3990 3979 4008
f 3991 3823 4009
f 3823 3824 4009
f 3980 3997 4010
f 3992 3980 4010
f 3981 3998 4011
f 3993 3981 4011
f 3994 3982 4012
f 3982 3999 4012
f 3983 4000 4013
f 3995 3983 4013
f 3984 4001 4014
f 3996 3984 4014
f 3985 4002 4015
f 3997 3985 4015
f 3986 4003 4016
f 3998 3986 4016
f 3999 3987 4017
f 3987 4004 4017
f 3988 4005 4018
f 4000 3988 4018
f 3802 4006 4019
f 3803 3802 4019
f 4001 3989 4020
f 3989 4007 4020
f 4002 3990 4021
f 3990 4008 4021
f 3991 4009 4022
f 4003 3991 4022
f 3992 4010 4023
f 4004 3992 4023
f 4005 3993 4024
f 3993 4011 4024
f 4006 3994 4025
f 3994 4012 4025
f 4007 3995 4026
f 3995 4013 4026
f 4008 3996 4027
f 3996 4014 4027
f 4009 3824 4028
f 3824 3825 4028
f 3997 4015 4029
f 4010 3997 4029
f 3998 4016 4030
f 4011 3998 4030
f 4012 3999 4031
f 3999 4017 4031
f 4013 4000 4032
f 4000 4018 4032
f 3804 3803 4033
f 3803 4019 4033
f 4014 4001 4034
f 4001 4020 4034
f 4015 4002 4035
f 4002 4021 4035
f 4016 4003 4036
f 4003 4022 4036
f 4017 4004 4037
f 4004 4023 4037
f 4018 4005 4038
f 4005 4024 4038
f 4019 4006 4039
f 4006 4025 4039
f 4020 4007 4040
f 4007 4026 4040
f 4021 4008 4041
f 4008 4027 4041
f 4009 4028 4042
f 4022 4009 4042
f 4010 4029 4043
f 4023 4010 4043
f 4011 4030 4044
f 4024 4011 4044
f 4012 4031 4045
f 4025 4012 4045
f 4013 4032 4046
f 4026 4013 4046
f 3805 3804 4047
f 3804 4033 4047
f 4014 4034 4048
f 4027 4014 4048
f 4028 3825 4049
f 3825 3826 4049
f 4029 4015 4050
f 4015 4035 4050
f 4030 4016 4051
f 4016 4036 4051
f 4017 4037 4052
f 4031 4017 4052
f 4032 4018 4053
f 4018 4038 4053
f 4019 4039 4054
f 4033 4019 4054
f 4020 4040 4055
f 4034 4020 4055
f 4035 4021 4056
f 4021 4041 4056
f 4036 4022 4057
f 4022 4042 4057
f 4023 4043 4058
f 4037 4023 4058
f 4038 4024 4059
f 4024 4044 4059
f 4039 4025 4060
f 4025 4045 4060
f 4026 4046 4061
f 4040 4026 4061
f 3806 3805 4062
f 3805 4047 4062
f 4027 4048 4063
f 4041 4027 4063
f 4028 4049 4064
f 4042 4028 4064
f 4029 4050 4065
f 4043 4029 4065
f 4044 4030 4066
f 4030 4051 4066
f 4045 4031 4067
f 4031 4052 4067
f 4032 4053 4068
f 4046 4032 4068
f 4033 4054 4069
f 4047 4033 4069
f 4048 4034 4070
f 4034 4055 4070
f 3826 3827 4071
f 4049 3826 4071
f 4050 4035 4072
f 4035 4056 4072
f 4051 4036 4073
f 4036 4057 4073
f 4052 4037 4074
f 4037 4058 4074
f 4053 4038 4075
f 4038 4059 4075
f 4039 4060 4076
f 4054 4039 4076
f 4040 4061 4077
f 4055 4040 4077
f 3807 3806 4078
f 3806 4062 4078
f 4056 4041 4079
f 4041 4063 4079
f 4057 4042 4080
f 4042 4064 4080
f 4043 4065 4081
f 4058 4043 4081
f 4059 4044 4082
f 4044 4066 4082
f 4060 4045 4083
f 4045 4067 4083
f 4046 4068 4084
f 4061 4046 4084
f 4047 4069 4085
f 4062 4047 4085
f 4063 4048 4086
f 4048 4070 4086
f 4064 4049 4087
f 4049 4071 4087
f 4050 4072 4088
f 4065 4050 4088
f 4066 4051 4089
f 4051 4073 4089
f 4052 4074 4090
f 4067 4052 4090
f 4068 4053 4091
f 4053 4075 4091
f 4054 4076 4092
f 4069 4054 4092
f 4070 4055 4093
f 4055 4077 4093
f 3827 3828 4094
f 4071 3827 4094
f 3808 3807 4095
f 3807 4078 4095
f 4072 4056 4096
f 4056 4079 4096
f 4057 4080 4097
f 4073 4057 4097
f 4058 4081 4098
f 4074 4058 4098
f 4059 4082 4099
f 4075 4059 4099
f 4060 4083 4100
f 4076 4060 4100
f 4061 4084 4101
f 4077 4061 4101
f 4078 4062 4102
f 4062 4085 4102
f 4079 4063 4103
f 4063 4086 4103
f 4080 4064 4104
f 4064 4087 4104
f 4081 4065 4105
f 4065 4088 4105
f 4066 4089 4106
f 4082 4066 4106
f 4067 4090 4107
f 4083 4067 4107
f 4084 4068 4108
f 4068 4091 4108
f 4085 4069 4109
f 4069 4092 4109
f 4086 4070 4110
f 4070 4093 4110
f 4071 4094 4111
f 4087 4071 4111
f 3809 3808 4112
f 3808 4095 4112
f 4072 4096 4113
f 4088 4072 4113
f 4073 4097 4114
f 4089 4073 4114
f 4090 4074 4115
f 4074 4098 4115
f 4091 4075 4116
f 4075 4099 4116
f 4092 4076 4117
f 4076 4100 4117
f 4093 4077 4118
f 4077 4101 4118
f 3828 3829 4119
f 4094 3828 4119
f 4078 4102 4120
f 4095 4078 4120
f 4079 4103 4121
f 4096 4079 4121
f 4080 4104 4122
f 4097 4080 4122
f 4081 4105 4123
f 4098 4081 4123
f 4082 4106 4124
f 4099 4082 4124
f 4083 4107 4125
f 4100 4083 4125
f 4084 4108 4126
f 4101 4084 4126
f 4102 4085 4127
f 4085 4109 4127
f 4103 4086 4128
f 4086 4110 4128
f 4104 4087 4129
f 4087 4111 4129
f 3809 4112 4130
f 3810 3809 4130
f 3811 3810 4130
f 3866 3811 4130
f 4105 4088 4131
f 4088 4113 4131
f 4089 4114 4132
f 4106 4089 4132
f 4090 4115 4133
f 4107 4090 4133
f 4108 4091 4134
f 4091 4116 4134
f 4109 4092 4135
f 4092 4117 4135
f 4110 4093 4136
f 4093 4118 4136
f 4111 4094 4137
f 4094 4119 4137
f 4112 4095 4138
f 4095 4120 4138
f 4113 4096 4139
f 4096 4121 4139
f 4097 4122 4140
f 4114 4097 4140
f 4115 4098 4141
f 4098 4123 4141
f 4099 4124 4142
f 4116 4099 4142
f 4100 4125 4143
f 4117 4100 4143
f 4118 4101 4144
f 4101 4126 4144
f 4119 3829 4145
f 3829 3830 4145
f 4102 4127 4146
f 4120 4102 4146
f 4103 4128 4147
f 4121 4103 4147
f 4122 4104 4148
f 4104 4129 4148
f 4105 4131 4149
f 4123 4105 4149
f 4106 4132 4150
f 4124 4106 4150
f 4125 4107 4151
f 4107 4133 4151
f 4126 4108 4152
f 4108 4134 4152
f 4127 4109 4153
f 4109 4135 4153
f 4128 4110 4154
f 4110 4136 4154
f 4129 4111 4155
f 4111 4137 4155
f 3866 4130 4156
f 4112 4138 4156
f 4130 4112 4156
f 3867 3866 4156
f 4113 4139 4157
f 4131 4113 4157
f 4114 4140 4158
f 4132 4114 4158
f 4115 4141 4159
f 4133 4115 4159
f 4134 4116 4160
f 4116 4142 4160
f 4135 4117 4161
f 4117 4143 4161
f 4118 4144 4162
f 4136 4118 4162
f 4137 4119 4163
f 4119 4145 4163
f 4138 4120 4164
f 4120 4146 4164
f 4121 4147 4165
f 4139 4121 4165
f 4140 4122 4166
f 4122 4148 4166
f 4123 4149 4167
f 4141 4123 4167
f 4142 4124 4168
f 4124 4150 4168
f 4143 4125 4169
f 4125 4151 4169
f 4144 4126 4170
f 4126 4152 4170
f 4145 3830 4171
f 3830 3831 4171
f 4146 4127 4172
f 4127 4153 4172
f 4128 4154 4173
f 4147 4128 4173
f 4148 4129 4174
f 4129 4155 4174
f 4149 4131 4175
f 4131 4157 4175
f 4132 4158 4176
f 4150 4132 4176
f 4151 4133 4177
f 4133 4159 4177
f 4152 4134 4178
f 4134 4160 4178
f 4153 4135 4179
f 4135 4161 4179
f 4136 4162 4180
f 4154 4136 4180
f 4137 4163 4181
f 4155 4137 4181
f 4156 4138 4182
f 4138 4164 4182
f 3868 3867 4182
f 3867 4156 4182
f 4157 4139 4183
f 4139 4165 4183
f 4158 4140 4184
f 4140 4166 4184
f 4141 4167 4185
f 4159 4141 4185
f 4142 4168 4186
f 4160 4142 4186
f 4143 4169 4187
f 4161 4143 4187
f 4144 4170 4188
f 4162 4144 4188
f 4163 4145 4189
f 4145 4171 4189
f 4164 4146 4190
f 4146 4172 4190
f 4147 4173 4191
f 4165 4147 4191
f 4166 4148 4192
f 4148 4174 4192
f 4167 4149 4193
f 4149 4175 4193
f 4168 4150 4194
f 4150 4176 4194
f 4151 4177 4195
f 4169 4151 4195
f 4170 4152 4196
f 4152 4178 4196
f 3831 3832 4197
f 4171 3831 4197
f 4172 4153 4198
f 4153 4179 4198
f 4154 4180 4199
f 4173 4154 4199
f 4155 4181 4200
f 4174 4155 4200
f 4157 4183 4201
f 4175 4157 4201
f 4158 4184 4202
f 4176 4158 4202
f 4177 4159 4203
f 4159 4185 4203
f 4178 4160 4204
f 4160 4186 4204
f 4179 4161 4205
f 4161 4187 4205
f 4180 4162 4206
f 4162 4188 4206
f 4163 4189 4207
f 4181 4163 4207
f 4164 4190 4208
f 4182 4164 4208
f 3868 4182 4208
f 3869 3868 4208
f 4183 4165 4209
f 4165 4191 4209
f 4166 4192 4210
f 4184 4166 4210
f 4185 4167 4211
f 4167 4193 4211
f 4186 4168 4212
f 4168 4194 4212
f 4187 4169 4213
f 4169 4195 4213
f 4188 4170 4214
f 4170 4196 4214
f 4171 4197 4215
f 4189 4171 4215
f 4172 4198 4216
f 4190 4172 4216
f 4191 4173 4217
f 4173 4199 4217
f 4192 4174 4218
f 4174 4200 4218
f 4175 4201 4219
f 4193 4175 4219
f 4176 4202 4220
f 4194 4176 4220
f 4177 4203 4221
f 4195 4177 4221
f 4196 4178 4222
f 4178 4204 4222
f 4197 3832 4223
f 3832 3833 4223
f 4179 4205 4224
f 4198 4179 4224
f 4180 4206 4225
f 4199 4180 4225
f 4181 4207 4226
f 4200 4181 4226
f 4183 4209 4227
f 4201 4183 4227
f 4184 4210 4228
f 4202 4184 4228
f 4185 4211 4229
f 4203 4185 4229
f 4204 4186 4230
f 4186 4212 4230
f 4205 4187 4231
f 4187 4213 4231
f 4188 4214 4232
f 4206 4188 4232
f 4189 4215 4233
f 4207 4189 4233
f 4208 4190 4234
f 3869 4208 4234
f 4190 4216 4234
f 3870 3869 4234
f 4209 4191 4235
f 4191 4217 4235
f 4192 4218 4236
f 4210 4192 4236
f 4211 4193 4237
f 4193 4219 4237
f 4212 4194 4238
f 4194 4220 4238
f 4213 4195 4239
f 4195 4221 4239
f 4196 4222 4240
f 4214 4196 4240
f 4197 4223 4241
f 4215 4197 4241
f 4198 4224 4242
f 4216 4198 4242
f 4199 4225 4243
f 4217 4199 4243
f 4218 4200 4244
f 4200 4226 4244
f 4219 4201 4245
f 4201 4227 4245
f 4220 4202 4246
f 4202 4228 4246
f 4221 4203 4247
f 4203 4229 4247
f 4204 4230 4248
f 4222 4204 4248
f 3833 3834 4249
f 4223 3833 4249
f 4224 4205 4250
f 4205 4231 4250
f 4206 4232 4251
f 4225 4206 4251
f 4226 4207 4252
f 4207 4233 4252
f 4227 4209 4253
f 4209 4235 4253
f 4210 4236 4254
f 4228 4210 4254
f 4211 4237 4255
f 4229 4211 4255
f 4230 4212 4256
f 4212 4238 4256
f 4213 4239 4257
f 4231 4213 4257
f 4214 4240 4258
f 4232 4214 4258
f 4233 4215 4259
f 4215 4241 4259
f 3870 4234 4260
f 4216 4242 4260
f 3871 3870 4260
f 4234 4216 4260
f 4235 4217 4261
f 4217 4243 4261
f 4236 4218 4262
f 4218 4244 4262
f 4219 4245 4263
f 4237 4219 4263
f 4238 4220 4264
f 4220 4246 4264
f 4239 4221 4265
f 4221 4247 4265
f 4240 4222 4266
f 4222 4248 4266
f 4223 4249 4267
f 4241 4223 4267
f 4242 4224 4268
f 4224 4250 4268
f 4243 4225 4269
f 4225 4251 4269
f 4226 4252 4270
f 4244 4226 4270
f 4245 4227 4271
f 4227 4253 4271
f 4246 4228 4272
f 4228 4254 4272
f 4247 4229 4273
f 4229 4255 4273
f 4248 4230 4274
f 4230 4256 4274
f 3834 3835 4275
f 4249 3834 4275
f 4231 4257 4276
f 4250 4231 4276
f 4251 4232 4277
f 4232 4258 4277
f 4233 4259 4278
f 4252 4233 4278
f 4253 4235 4279
f 4235 4261 4279
f 4254 4236 4280
f 4236 4262 4280
f 4237 4263 4281
f 4255 4237 4281
f 4238 4264 4282
f 4256 4238 4282
f 4257 4239 4283
f 4239 4265 4283
f 4240 4266 4284
f 4258 4240 4284
f 4259 4241 4285
f 4241 4267 4285
f 3871 4260 4286
f 4242 4268 4286
f 3872 3871 4286
f 4260 4242 4286
f 4243 4269 4287
f 4261 4243 4287
f 4244 4270 4288
f 4262 4244 4288
f 4245 4271 4289
f 4263 4245 4289
f 4264 4246 4290
f 4246 4272 4290
f 4247 4273 4291
f 4265 4247 4291
f 4266 4248 4292
f 4248 4274 4292
f 4249 4275 4293
f 4267 4249 4293
f 4268 4250 4294
f 4250 4276 4294
f 4269 4251 4295
f 4251 4277 4295
f 4252 4278 4296
f 4270 4252 4296
f 4253 4279 4297
f 4271 4253 4297
f 4272 4254 4298
f 4254 4280 4298
f 4273 4255 4299
f 4255 4281 4299
f 4256 4282 4300
f 4274 4256 4300
f 4275 3835 4301
f 3835 3836 4301
f 4257 4283 4302
f 4276 4257 4302
f 4277 4258 4303
f 4258 4284 4303
f 4259 4285 4304
f 4278 4259 4304
f 4279 4261 4305
f 4261 4287 4305
f 4280 4262 4306
f 4262 4288 4306
f 4281 4263 4307
f 4263 4289 4307
f 4282 4264 4308
f 4264 4290 4308
f 4265 4291 4309
f 4283 4265 4309
f 4266 4292 4310
f 4284 4266 4310
f 4285 4267 4311
f 4267 4293 4311
f 4268 4294 4312
f 3872 4286 4312
f 3873 3872 4312
f 4286 4268 4312
f 4287 4269 4313
f 4269 4295 4313
f 4288 4270 4314
f 4270 4296 4314
f 4289 4271 4315
f 4271 4297 4315
f 4272 4298 4316
f 4290 4272 4316
f 4291 4273 4317
f 4273 4299 4317
f 4292 4274 4318
f 4274 4300 4318
f 4275 4301 4319
f 4293 4275 4319
f 4294 4276 4320
f 4276 4302 4320
f 4295 4277 4321
f 4277 4303 4321
f 4278 4304 4322
f 4296 4278 4322
f 4279 4305 4323
f 4297 4279 4323
f 4298 4280 4324
f 4280 4306 4324
f 4281 4307 4325
f 4299 4281 4325
f 4300 4282 4326
f 4282 4308 4326
f 4301 3836 4327
f 3836 3837 4327
f 3837 3838 4327
f 3838 3839 4327
f 4283 4309 4328
f 4302 4283 4328
f 4303 4284 4329
f 4284 4310 4329
f 4285 4311 4330
f 4304 4285 4330
f 4287 4313 4331
f 4305 4287 4331
f 4288 4314 4332
f 4306 4288 4332
f 4289 4315 4333
f 4307 4289 4333
f 4308 4290 4334
f 4290 4316 4334
f 4291 4317 4335
f 4309 4291 4335
f 4310 4292 4336
f 4292 4318 4336
f 4311 4293 4337
f 4293 4319 4337
f 4312 4294 4338
f 4294 4320 4338
f 3873 4312 4338
f 3874 3873 4338
f 4313 4295 4339
f 4295 4321 4339
f 4296 4322 4340
f 4314 4296 4340
f 4315 4297 4341
f 4297 4323 4341
f 4316 4298 4342
f 4298 4324 4342
f 4317 4299 4343
f 4299 4325 4343
f 4318 4300 4344
f 4300 4326 4344
f 4327 3839 4345
f 4319 4301 4345
f 3839 3840 4345
f 4301 4327 4345
f 4302 4328 4346
f 4320 4302 4346
f 4321 4303 4347
f 4303 4329 4347
f 4304 4330 4348
f 4322 4304 4348
f 4305 4331 4349
f 4323 4305 4349
f 4306 4332 4350
f 4324 4306 4350
f 4325 4307 4351
f 4307 4333 4351
f 4308 4334 4352
f 4326 4308 4352
f 4328 4309 4353
f 4309 4335 4353
f 4310 4336 4354
f 4329 4310 4354
f 4311 4337 4355
f 4330 4311 4355
f 4331 4313 4356
f 4313 4339 4356
f 4332 4314 4357
f 4314 4340 4357
f 4315 4341 4358
f 4333 4315 4358
f 4334 4316 4359
f 4316 4342 4359
f 4317 4343 4360
f 4335 4317 4360
f 4318 4344 4361
f 4336 4318 4361
f 4319 4345 4362
f 4337 4319 4362
f 3840 3841 4362
f 4345 3840 4362
f 4338 4320 4363
f 3874 4338 4363
f 4320 4346 4363
f 3875 3874 4363
f 4321 4347 4364
f 4339 4321 4364
f 4340 4322 4365
f 4322 4348 4365
f 4323 4349 4366
f 4341 4323 4366
f 4324 4350 4367
f 4342 4324 4367
f 4325 4351 4368
f 4343 4325 4368
f 4344 4326 4369
f 4326 4352 4369
f 4328 4353 4370
f 4346 4328 4370
f 4329 4354 4371
f 4347 4329 4371
f 4348 4330 4372
f 4330 4355 4372
f 4349 4331 4373
f 4331 4356 4373
f 4332 4357 4374
f 4350 4332 4374
f 4333 4358 4375
f 4351 4333 4375
f 4334 4359 4376
f 4352 4334 4376
f 4353 4335 4377
f 4335 4360 4377
f 4354 4336 4378
f 4336 4361 4378
f 4362 3841 4379
f 4355 4337 4379
f 3841 3842 4379
f 4337 4362 4379
f 4356 4339 4380
f 4339 4364 4380
f 4340 4365 4381
f 4357 4340 4381
f 4358 4341 4382
f 4341 4366 4382
f 4342 4367 4383
f 4359 4342 4383
f 4360 4343 4384
f 4343 4368 4384
f 4361 4344 4385
f 4344 4369 4385
f 4346 4370 4386
f 4363 4346 4386
f 3875 4363 4386
f 3876 3875 4386
f 4364 4347 4387
f 4347 4371 4387
f 4348 4372 4388
f 4365 4348 4388
f 4366 4349 4389
f 4349 4373 4389
f 4350 4374 4390
f 4367 4350 4390
f 4368 4351 4391
f 4351 4375 4391
f 4369 4352 4392
f 4352 4376 4392
f 4370 4353 4393
f 4353 4377 4393
f 4354 4378 4394
f 4371 4354 4394
f 4355 4379 4395
f 4372 4355 4395
f 3842 3843 4395
f 4379 3842 4395
f 4373 4356 4396
f 4356 4380 4396
f 4357 4381 4397
f 4374 4357 4397
f 4358 4382 4398
f 4375 4358 4398
f 4376 4359 4399
f 4359 4383 4399
f 4360 4384 4400
f 4377 4360 4400
f 4378 4361 4401
f 4361 4385 4401
f 4364 4387 4402
f 4380 4364 4402
f 4381 4365 4403
f 4365 4388 4403
f 4366 4389 4404
f 4382 4366 4404
f 4367 4390 4405
f 4383 4367 4405
f 4384 4368 4406
f 4368 4391 4406
f 4369 4392 4407
f 4385 4369 4407
f 4370 4393 4408
f 3876 4386 4408
f 3877 3876 4408
f 4386 4370 4408
f 4387 4371 4409
f 4371 4394 4409
f 4395 3843 4410
f 4388 4372 4410
f 4372 4395 4410
f 3843 3844 4410
f 4389 4373 4411
f 4373 4396 4411
f 4374 4397 4412
f 4390 4374 4412
f 4375 4398 4413
f 4391 4375 4413
f 4392 4376 4414
f 4376 4399 4414
f 4393 4377 4415
f 4377 4400 4415
f 4378 4401 4416
f 4394 4378 4416
f 4396 4380 4417
f 4380 4402 4417
f 4397 4381 4418
f 4381 4403 4418
f 4382 4404 4419
f 4398 4382 4419
f 4383 4405 4420
f 4399 4383 4420
f 4384 4406 4421
f 4400 4384 4421
f 4401 4385 4422
f 4385 4407 4422
f 4387 4409 4423
f 4402 4387 4423
f 4388 4410 4424
f 4403 4388 4424
f 4410 3844 4424
f 3844 3845 4424
f 4389 4411 4425
f 4404 4389 4425
f 4390 4412 4426
f 4405 4390 4426
f 4391 4413 4427
f 4406 4391 4427
f 4407 4392 4428
f 4392 4414 4428
f 4408 4393 4429
f 4393 4415 4429
f 3877 4408 4429
f 3878 3877 4429
f 4394 4416 4430
f 4409 4394 4430
f 4411 4396 4431
f 4396 4417 4431
f 4412 4397 4432
f 4397 4418 4432
f 4413 4398 4433
f 4398 4419 4433
f 4399 4420 4434
f 4414 4399 4434
f 4415 4400 4435
f 4400 4421 4435
f 4401 4422 4436
f 4416 4401 4436
f 4417 4402 4437
f 4402 4423 4437
f 4418 4403 4438
f 4403 4424 4438
f 3845 3846 4438
f 4424 3845 4438
f 4404 4425 4439
f 4419 4404 4439
f 4420 4405 4440
f 4405 4426 4440
f 4406 4427 4441
f 4421 4406 4441
f 4422 4407 4442
f 4407 4428 4442
f 4423 4409 4443
f 4409 4430 4443
f 4411 4431 4444
f 4425 4411 4444
f 4426 4412 4445
f 4412 4432 4445
f 4427 4413 4446
f 4413 4433 4446
f 4414 4434 4447
f 4428 4414 4447
f 3878 4429 4448
f 4429 4415 4448
f 4415 4435 4448
f 3879 3878 4448
f 4416 4436 4449
f 4430 4416 4449
f 4417 4437 4450
f 4431 4417 4450
f 4418 4438 4451
f 4438 3846 4451
f 3846 3847 4451
f 4432 4418 4451
f 4433 4419 4452
f 4419 4439 4452
f 4420 4440 4453
f 4434 4420 4453
f 4435 4421 4454
f 4421 4441 4454
f 4422 4442 4455
f 4436 4422 4455
f 4437 4423 4456
f 4423 4443 4456
f 4425 4444 4457
f 4439 4425 4457
f 4440 4426 4458
f 4426 4445 4458
f 4441 4427 4459
f 4427 4446 4459
f 4428 4447 4460
f 4442 4428 4460
f 4430 4449 4461
f 4443 4430 4461
f 4444 4431 4462
f 4431 4450 4462
f 4445 4432 4463
f 3847 3848 4463
f 4432 4451 4463
f 4451 3847 4463
f 4446 4433 4464
f 4433 4452 4464
f 4434 4453 4465
f 4447 4434 4465
f 4448 4435 4466
f 4435 4454 4466
f 3879 4448 4466
f 3880 3879 4466
f 4449 4436 4467
f 4436 4455 4467
f 4437 4456 4468
f 4450 4437 4468
f 4452 4439 4469
f 4439 4457 4469
f 4440 4458 4470
f 4453 4440 4470
f 4441 4459 4471
f 4454 4441 4471
f 4442 4460 4472
f 4455 4442 4472
f 4443 4461 4473
f 4456 4443 4473
f 4444 4462 4474
f 4457 4444 4474
f 4463 3848 4475
f 4458 4445 4475
f 3848 3849 4475
f 4445 4463 4475
f 4459 4446 4476
f 4446 4464 4476
f 4460 4447 4477
f 4447 4465 4477
f 4461 4449 4478
f 4449 4467 4478
f 4462 4450 4479
f 4450 4468 4479
f 4452 4469 4480
f 4464 4452 4480
f 4453 4470 4481
f 4465 4453 4481
f 3880 4466 4482
f 4454 4471 4482
f 4466 4454 4482
f 3881 3880 4482
f 4467 4455 4483
f 4455 4472 4483
f 4456 4473 4484
f 4468 4456 4484
f 4457 4474 4485
f 4469 4457 4485
f 4458 4475 4486
f 4470 4458 4486
f 4475 3849 4486
f 3849 3850 4486
f 4459 4476 4487
f 4471 4459 4487
f 4460 4477 4488
f 4472 4460 4488
f 4461 4478 4489
f 4473 4461 4489
f 4462 4479 4490
f 4474 4462 4490
f 4476 4464 4491
f 4464 4480 4491
f 4477 4465 4492
f 4465 4481 4492
f 4478 4467 4493
f 4467 4483 4493
f 4468 4484 4494
f 4479 4468 4494
f 4480 4469 4495
f 4469 4485 4495
f 4470 4486 4496
f 4481 4470 4496
f 3850 3851 4496
f 4486 3850 4496
f 4482 4471 4497
f 4471 4487 4497
f 3881 4482 4497
f 3882 3881 4497
f 4472 4488 4498
f 4483 4472 4498
f 4473 4489 4499
f 4484 4473 4499
f 4485 4474 4500
f 4474 4490 4500
f 4487 4476 4501
f 4476 4491 4501
f 4488 4477 4502
f 4477 4492 4502
f 4489 4478 4503
f 4478 4493 4503
f 4479 4494 4504
f 4490 4479 4504
f 4480 4495 4505
f 4491 4480 4505
f 3851 3852 4506
f 4481 4496 4506
f 4496 3851 4506
f 4492 4481 4506
f 4493 4483 4507
f 4483 4498 4507
f 4494 4484 4508
f 4484 4499 4508
f 4485 4500 4509
f 4495 4485 4509
f 3882 4497 4510
f 4487 4501 4510
f 4497 4487 4510
f 3883 3882 4510
f 4488 4502 4511
f 4498 4488 4511
f 4499 4489 4512
f 4489 4503 4512
f 4490 4504 4513
f 4500 4490 4513
f 4501 4491 4514
f 4491 4505 4514
f 4506 3852 4515
f 4492 4506 4515
f 4502 4492 4515
f 3852 3853 4515
f 4503 4493 4516
f 4493 4507 4516
f 4494 4508 4517
f 4504 4494 4517
f 4495 4509 4518
f 4505 4495 4518
f 4507 4498 4519
f 4498 4511 4519
f 4499 4512 4520
f 4508 4499 4520
f 4509 4500 4521
f 4500 4513 4521
f 4501 4514 4522
f 4510 4501 4522
f 3883 4510 4522
f 3884 3883 4522
f 4511 4502 4523
f 4515 3853 4523
f 3853 3854 4523
f 4502 4515 4523
f 4512 4503 4524
f 4503 4516 4524
f 4513 4504 4525
f 4504 4517 4525
f 4514 4505 4526
f 4505 4518 4526
f 4516 4507 4527
f 4507 4519 4527
f 4508 4520 4528
f 4517 4508 4528
f 4518 4509 4529
f 4509 4521 4529
f 4519 4511 4530
f 3854 3855 4530
f 4511 4523 4530
f 4523 3854 4530
f 4520 4512 4531
f 4512 4524 4531
f 4513 4525 4532
f 4521 4513 4532
f 3885 3884 4533
f 3884 4522 4533
f 4514 4526 4533
f 4522 4514 4533
f 4516 4527 4534
f 4524 4516 4534
f 4517 4528 4535
f 4525 4517 4535
f 4518 4529 4536
f 4526 4518 4536
f 3855 3856 4537
f 4527 4519 4537
f 4530 3855 4537
f 4519 4530 4537
f 4520 4531 4538
f 4528 4520 4538
f 4529 4521 4539
f 4521 4532 4539
f 4524 4534 4540
f 4531 4524 4540
f 4525 4535 4541
f 4532 4525 4541
f 3886 3885 4542
f 4533 4526 4542
f 3885 4533 4542
f 4526 4536 4542
f 4534 4527 4543
f 4527 4537 4543
f 4537 3856 4543
f 3856 3857 4543
f 4528 4538 4544
f 4535 4528 4544
f 4529 4539 4545
f 4536 4529 4545
f 4538 4531 4546
f 4531 4540 4546
f 4532 4541 4547
f 4539 4532 4547
f 4540 4534 4548
f 4534 4543 4548
f 4543 3857 4548
f 3857 3858 4548
f 4535 4544 4549
f 4541 4535 4549
f 3887 3886 4550
f 4536 4545 4550
f 3886 4542 4550
f 4542 4536 4550
f 4544 4538 4551
f 4538 4546 4551
f 4545 4539 4552
f 4539 4547 4552
f 4540 4548 4553
f 4548 3858 4553
f 3858 3859 4553
f 4546 4540 4553
f 4547 4541 4554
f 4541 4549 4554
f 4549 4544 4555
f 4544 4551 4555
f 3888 3887 4556
f 4545 4552 4556
f 3887 4550 4556
f 4550 4545 4556
f 4546 4553 4557
f 4551 4546 4557
f 3859 3860 4557
f 4553 3859 4557
f 4547 4554 4558
f 4552 4547 4558
f 4549 4555 4559
f 4554 4549 4559
f 4555 4551 4560
f 4551 4557 4560
f 3860 3861 4560
f 4557 3860 4560
f 3889 3888 4561
f 3888 4556 4561
f 4556 4552 4561
f 4552 4558 4561
f 4558 4554 4562
f 4554 4559 4562
f 3861 3862 4563
f 4560 3861 4563
f 4559 4555 4563
f 4555 4560 4563
f 3890 3889 4564
f 3889 4561 4564
f 4558 4562 4564
f 4561 4558 4564
f 4562 4559 4565
f 4563 3862 4565
f 3862 3863 4565
f 4559 4563 4565
f 3890 4564 4566
f 3891 3890 4566
f 3865 3891 4566
f 4564 4562 4566
f 4565 3863 4566
f 3863 3864 4566
f 3864 3865 4566
f 4562 4565 4566
f 4567 4568 4597
f 4596 4567 4597
f 4568 4569 4598
f 4597 4568 4598
f 4569 4570 4599
f 4598 4569 4599
f 4570 4571 4600
f 4599 4570 4600
f 4571 4572 4601
f 4600 4571 4601
f 4572 4573 4602
f 4601 4572 4602
f 4573 4574 4603
f 4574 4575 4603
f 4602 4573 4603
f 4603 4575 4604
f 4575 4576 4605
f 4604 4575 4605
f 4605 4576 4606
f 4576 4577 4606
f 4606 4577 4607
f 4577 4578 4607
f 4607 4578 4608
f 4578 4579 4608
f 4579 4580 4609
f 4608 4579 4609
f 4580 4581 4609
f 4609 4581 4610
f 4581 4582 4611
f 4582 4583 4611
f 4610 4581 4611
f 4611 4583 4612
f 4583 4584 4613
f 4612 4583 4613
f 4584 4585 4614
f 4613 4584 4614
f 4585 4586 4615
f 4586 4587 4615
f 4614 4585 4615
f 4615 4587 4616
f 4587 4588 4617
f 4616 4587 4617
f 4588 4589 4618
f 4617 4588 4618
f 4589 4590 4619
f 4618 4589 4619
f 4590 4591 4620
f 4619 4590 4620
f 4591 4592 4621
f 4620 4591 4621
f 4592 4593 4622
f 4621 4592 4622
f 4593 4594 4595
f 4622 4593 4595
f 4624 4623 4653
f 4623 4652 4653
f 4625 4624 4654
f 4624 4653 4654
f 4626 4625 4655
f 4625 4654 4655
f 4627 4626 4656
f 4626 4655 4656
f 4628 4627 4657
f 4627 4656 4657
f 4629 4628 4658
f 4628 4657 4658
f 4630 4629 4659
f 4631 4630 4659
f 4629 4658 4659
f 4631 4659 4660
f 4632 4631 4661
f 4631 4660 4661
f 4632 4661 4662
f 4633 4632 4662
f 4633 4662 4663
f 4634 4633 4663
f 4634 4663 4664
f 4635 4634 4664
f 4636 4635 4665
f 4635 4664 4665
f 4637 4636 4665
f 4637 4665 4666
f 4638 4637 4667
f 4639 4638 4667
f 4637 4666 4667
f 4639 4667 4668
f 4640 4639 4669
f 4639 4668 4669
f 4641 4640 4670
f 4640 4669 4670
f 4642 4641 4671
f 4643 4642 4671
f 4641 4670 4671
f 4643 4671 4672
f 4644 4643 4673
f 4643 4672 4673
f 4645 4644 4674
f 4644 4673 4674
f 4646 4645 4675
f 4645 4674 4675
f 4647 4646 4676
f 4646 4675 4676
f 4648 4647 4677
f 4647 4676 4677
f 4649 4648 4678
f 4648 4677 4678
f 4650 4649 4651
f 4649 4678 4651
f 4680 4679 4787
f 4679 4707 4787
f 4681 4680 4788
f 4680 4787 4788
f 4707 4708 4789
f 4787 4707 4789
f 4682 4681 4790
f 4681 4788 4790
f 4788 4787 4791
f 4787 4789 4791
f 4708 4709 4792
f 4789 4708 4792
f 4683 4682 4793
f 4682 4790 4793
f 4790 4788 4794
f 4788 4791 4794
f 4791 4789 4795
f 4789 4792 4795
f 4684 4683 4796
f 4683 4793 4796
f 4792 4709 4797
f 4709 4710 4797
f 4793 4790 4798
f 4790 4794 4798
f 4794 4791 4799
f 4791 4795 4799
f 4685 4684 4800
f 4684 4796 4800
f 4795 4792 4801
f 4792 4797 4801
f 4793 4798 4802
f 4796 4793 4802
f 4710 4711 4803
f 4797 4710 4803
f 4798 4794 4804
f 4794 4799 4804
f 4686 4685 4805
f 4685 4800 4805
f 4799 4795 4806
f 4795 4801 4806
f 4796 4802 4807
f 4800 4796 4807
f 4801 4797 4808
f 4797 4803 4808
f 4802 4798 4809
f 4798 4804 4809
f 4686 4805 4810
f 4687 4686 4810
f 4803 4711 4811
f 4711 4712 4811
f 4799 4806 4812
f 4804 4799 4812
f 4805 4800 4813
f 4800 4807 4813
f 4806 4801 4814
f 4801 4808 4814
f 4802 4809 4815
f 4807 4802 4815
f 4688 4687 4816
f 4687 4810 4816
f 4808 4803 4817
f 4803 4811 4817
f 4804 4812 4818
f 4809 4804 4818
f 4810 4805 4819
f 4805 4813 4819
f 4811 4712 4820
f 4712 4713 4820
f 4806 4814 4821
f 4812 4806 4821
f 4807 4815 4822
f 4813 4807 4822
f 4689 4688 4823
f 4688 4816 4823
f 4814 4808 4824
f 4808 4817 4824
f 4815 4809 4825
f 4809 4818 4825
f 4810 4819 4826
f 4816 4810 4826
f 4817 4811 4827
f 4811 4820 4827
f 4812 4821 4828
f 4818 4812 4828
f 4813 4822 4829
f 4819 4813 4829
f 4689 4823 4830
f 4690 4689 4830
f 4713 4714 4831
f 4820 4713 4831
f 4814 4824 4832
f 4821 4814 4832
f 4822 4815 4833
f 4815 4825 4833
f 4816 4826 4834
f 4823 4816 4834
f 4824 4817 4835
f 4817 4827 4835
f 4818 4828 4836
f 4825 4818 4836
f 4819 4829 4837
f 4826 4819 4837
f 4691 4690 4838
f 4690 4830 4838
f 4827 4820 4839
f 4820 4831 4839
f 4821 4832 4840
f 4828 4821 4840
f 4822 4833 4841
f 4829 4822 4841
f 4823 4834 4842
f 4830 4823 4842
f 4714 4715 4843
f 4831 4714 4843
f 4832 4824 4844
f 4824 4835 4844
f 4825 4836 4845
f 4833 4825 4845
f 4834 4826 4846
f 4826 4837 4846
f 4692 4691 4847
f 4691 4838 4847
f 4827 4839 4848
f 4835 4827 4848
f 4828 4840 4849
f 4836 4828 4849
f 4837 4829 4850
f 4829 4841 4850
f 4838 4830 4851
f 4830 4842 4851
f 4839 4831 4852
f 4831 4843 4852
f 4832 4844 4853
f 4840 4832 4853
f 4841 4833 4854
f 4833 4845 4854
f 4842 4834 4855
f 4834 4846 4855
f 4715 4716 4856
f 4843 4715 4856
f 4693 4692 4857
f 4692 4847 4857
f 4835 4848 4858
f 4844 4835 4858
f 4845 4836 4859
f 4836 4849 4859
f 4846 4837 4860
f 4837 4850 4860
f 4847 4838 4861
f 4838 4851 4861
f 4839 4852 4862
f 4848 4839 4862
f 4840 4853 4863
f 4849 4840 4863
f 4841 4854 4864
f 4850 4841 4864
f 4842 4855 4865
f 4851 4842 4865
f 4843 4856 4866
f 4852 4843 4866
f 4694 4693 4867
f 4693 4857 4867
f 4853 4844 4868
f 4844 4858 4868
f 4854 4845 4869
f 4845 4859 4869
f 4846 4860 4870
f 4855 4846 4870
f 4716 4717 4871
f 4856 4716 4871
f 4857 4847 4872
f 4847 4861 4872
f 4858 4848 4873
f 4848 4862 4873
f 4859 4849 4874
f 4849 4863 4874
f 4860 4850 4875
f 4850 4864 4875
f 4861 4851 4876
f 4851 4865 4876
f 4862 4852 4877
f 4852 4866 4877
f 4695 4694 4878
f 4694 4867 4878
f 4853 4868 4879
f 4863 4853 4879
f 4864 4854 4880
f 4854 4869 4880
f 4865 4855 4881
f 4855 4870 4881
f 4866 4856 4882
f 4856 4871 4882
f 4857 4872 4883
f 4867 4857 4883
f 4868 4858 4884
f 4858 4873 4884
f 4869 4859 4885
f 4859 4874 4885
f 4870 4860 4886
f 4860 4875 4886
f 4717 4718 4887
f 4871 4717 4887
f 4872 4861 4888
f 4861 4876 4888
f 4862 4877 4889
f 4873 4862 4889
f 4696 4695 4890
f 4695 4878 4890
f 4874 4863 4891
f 4863 4879 4891
f 4864 4880 4892
f 4875 4864 4892
f 4876 4865 4893
f 4865 4881 4893
f 4877 4866 4894
f 4866 4882 4894
f 4867 4883 4895
f 4878 4867 4895
f 4879 4868 4896
f 4868 4884 4896
f 4880 4869 4897
f 4869 4885 4897
f 4870 4886 4898
f 4881 4870 4898
f 4871 4887 4899
f 4882 4871 4899
f 4872 4888 4900
f 4883 4872 4900
f 4873 4889 4901
f 4884 4873 4901
f 4697 4696 4902
f 4696 4890 4902
f 4874 4891 4903
f 4885 4874 4903
f 4875 4892 4904
f 4886 4875 4904
f 4718 4719 4905
f 4887 4718 4905
f 4876 4893 4906
f 4888 4876 4906
f 4889 4877 4907
f 4877 4894 4907
f 4878 4895 4908
f 4890 4878 4908
f 4891 4879 4909
f 4879 4896 4909
f 4892 4880 4910
f 4880 4897 4910
f 4881 4898 4911
f 4893 4881 4911
f 4882 4899 4912
f 4894 4882 4912
f 4883 4900 4913
f 4895 4883 4913
f 4884 4901 4914
f 4896 4884 4914
f 4698 4697 4915
f 4697 4902 4915
f 4897 4885 4916
f 4885 4903 4916
f 4898 4886 4917
f 4886 4904 4917
f 4899 4887 4918
f 4887 4905 4918
f 4888 4906 4919
f 4900 4888 4919
f 4901 4889 4920
f 4889 4907 4920
f 4890 4908 4921
f 4902 4890 4921
f 4903 4891 4922
f 4891 4909 4922
f 4892 4910 4923
f 4904 4892 4923
f 4719 4720 4924
f 4905 4719 4924
f 4893 4911 4925
f 4906 4893 4925
f 4907 4894 4926
f 4894 4912 4926
f 4895 4913 4927
f 4908 4895 4927
f 4909 4896 4928
f 4896 4914 4928
f 4698 4915 4929
f 4699 4698 4929
f 4897 4916 4930
f 4910 4897 4930
f 4911 4898 4931
f 4898 4917 4931
f 4899 4918 4932
f 4912 4899 4932
f 4913 4900 4933
f 4900 4919 4933
f 4914 4901 4934
f 4901 4920 4934
f 4902 4921 4935
f 4915 4902 4935
f 4903 4922 4936
f 4916 4903 4936
f 4904 4923 4937
f 4917 4904 4937
f 4918 4905 4938
f 4905 4924 4938
f 4919 4906 4939
f 4906 4925 4939
f 4907 4926 4940
f 4920 4907 4940
f 4908 4927 4941
f 4921 4908 4941
f 4922 4909 4942
f 4909 4928 4942
f 4700 4699 4943
f 4699 4929 4943
f 4910 4930 4944
f 4923 4910 4944
f 4720 4721 4945
f 4924 4720 4945
f 4911 4931 4946
f 4925 4911 4946
f 4912 4932 4947
f 4926 4912 4947
f 4927 4913 4948
f 4913 4933 4948
f 4928 4914 4949
f 4914 4934 4949
f 4915 4935 4950
f 4929 4915 4950
f 4916 4936 4951
f 4930 4916 4951
f 4917 4937 4952
f 4931 4917 4952
f 4918 4938 4953
f 4932 4918 4953
f 4933 4919 4954
f 4919 4939 4954
f 4920 4940 4955
f 4934 4920 4955
f 4935 4921 4956
f 4921 4941 4956
f 4936 4922 4957
f 4922 4942 4957
f 4701 4700 4958
f 4700 4943 4958
f 4923 4944 4959
f 4937 4923 4959
f 4938 4924 4960
f 4924 4945 4960
f 4939 4925 4961
f 4925 4946 4961
f 4940 4926 4962
f 4926 4947 4962
f 4941 4927 4963
f 4927 4948 4963
f 4928 4949 4964
f 4942 4928 4964
f 4929 4950 4965
f 4943 4929 4965
f 4930 4951 4966
f 4944 4930 4966
f 4945 4721 4967
f 4721 4722 4967
f 4931 4952 4968
f 4946 4931 4968
f 4932 4953 4969
f 4947 4932 4969
f 4948 4933 4970
f 4933 4954 4970
f 4949 4934 4971
f 4934 4955 4971
f 4950 4935 4972
f 4935 4956 4972
f 4936 4957 4973
f 4951 4936 4973
f 4702 4701 4974
f 4701 4958 4974
f 4937 4959 4975
f 4952 4937 4975
f 4953 4938 4976
f 4938 4960 4976
f 4939 4961 4977
f 4954 4939 4977
f 4940 4962 4978
f 4955 4940 4978
f 4941 4963 4979
f 4956 4941 4979
f 4957 4942 4980
f 4942 4964 4980
f 4958 4943 4981
f 4943 4965 4981
f 4944 4966 4982
f 4959 4944 4982
f 4945 4967 4983
f 4960 4945 4983
f 4946 4968 4984
f 4961 4946 4984
f 4947 4969 4985
f 4962 4947 4985
f 4948 4970 4986
f 4963 4948 4986
f 4949 4971 4987
f 4964 4949 4987
f 4950 4972 4988
f 4965 4950 4988
f 4966 4951 4989
f 4951 4973 4989
f 4722 4723 4990
f 4967 4722 4990
f 4702 4974 4991
f 4703 4702 4991
f 4952 4975 4992
f 4968 4952 4992
f 4969 4953 4993
f 4953 4976 4993
f 4954 4977 4994
f 4970 4954 4994
f 4971 4955 4995
f 4955 4978 4995
f 4972 4956 4996
f 4956 4979 4996
f 4957 4980 4997
f 4973 4957 4997
f 4974 4958 4998
f 4958 4981 4998
f 4959 4982 4999
f 4975 4959 4999
f 4976 4960 5000
f 4960 4983 5000
f 4961 4984 5001
f 4977 4961 5001
f 4978 4962 5002
f 4962 4985 5002
f 4979 4963 5003
f 4963 4986 5003
f 4964 4987 5004
f 4980 4964 5004
f 4965 4988 5005
f 4981 4965 5005
f 4982 4966 5006
f 4966 4989 5006
f 4967 4990 5007
f 4983 4967 5007
f 4704 4703 5008
f 4703 4991 5008
f 4984 4968 5009
f 4968 4992 5009
f 4969 4993 5010
f 4985 4969 5010
f 4986 4970 5011
f 4970 4994 5011
f 4987 4971 5012
f 4971 4995 5012
f 4972 4996 5013
f 4988 4972 5013
f 4973 4997 5014
f 4989 4973 5014
f 4723 4724 5015
f 4990 4723 5015
f 4974 4998 5016
f 4991 4974 5016
f 4975 4999 5017
f 4992 4975 5017
f 4993 4976 5018
f 4976 5000 5018
f 4977 5001 5019
f 4994 4977 5019
f 4995 4978 5020
f 4978 5002 5020
f 4979 5003 5021
f 4996 4979 5021
f 4997 4980 5022
f 4980 5004 5022
f 4981 5005 5023
f 4998 4981 5023
f 4982 5006 5024
f 4999 4982 5024
f 5000 4983 5025
f 4983 5007 5025
f 4705 4704 5026
f 4706 4705 5026
f 4761 4706 5026
f 4704 5008 5026
f 4984 5009 5027
f 5001 4984 5027
f 5002 4985 5028
f 4985 5010 5028
f 4986 5011 5029
f 5003 4986 5029
f 4987 5012 5030
f 5004 4987 5030
f 5005 4988 5031
f 4988 5013 5031
f 5006 4989 5032
f 4989 5014 5032
f 5007 4990 5033
f 4990 5015 5033
f 4991 5016 5034
f 5008 4991 5034
f 4992 5017 5035
f 5009 4992 5035
f 4993 5018 5036
f 5010 4993 5036
f 5011 4994 5037
f 4994 5019 5037
f 4995 5020 5038
f 5012 4995 5038
f 5013 4996 5039
f 4996 5021 5039
f 4997 5022 5040
f 5014 4997 5040
f 5015 4724 5041
f 4724 4725 5041
f 5016 4998 5042
f 4998 5023 5042
f 5017 4999 5043
f 4999 5024 5043
f 5018 5000 5044
f 5000 5025 5044
f 5019 5001 5045
f 5001 5027 5045
f 5020 5002 5046
f 5002 5028 5046
f 5003 5029 5047
f 5021 5003 5047
f 5004 5030 5048
f 5022 5004 5048
f 5023 5005 5049
f 5005 5031 5049
f 5024 5006 5050
f 5006 5032 5050
f 5007 5033 5051
f 5025 5007 5051
f 4761 5026 5052
f 5008 5034 5052
f 4762 4761 5052
f 5026 5008 5052
f 5009 5035 5053
f 5027 5009 5053
f 5028 5010 5054
f 5010 5036 5054
f 5029 5011 5055
f 5011 5037 5055
f 5012 5038 5056
f 5030 5012 5056
f 5013 5039 5057
f 5031 5013 5057
f 5032 5014 5058
f 5014 5040 5058
f 5015 5041 5059
f 5033 5015 5059
f 5016 5042 5060
f 5034 5016 5060
f 5035 5017 5061
f 5017 5043 5061
f 5036 5018 5062
f 5018 5044 5062
f 5037 5019 5063
f 5019 5045 5063
f 5020 5046 5064
f 5038 5020 5064
f 5021 5047 5065
f 5039 5021 5065
f 5040 5022 5066
f 5022 5048 5066
f 4725 4726 5067
f 5041 4725 5067
f 5023 5049 5068
f 5042 5023 5068
f 5024 5050 5069
f 5043 5024 5069
f 5025 5051 5070
f 5044 5025 5070
f 5027 5053 5071
f 5045 5027 5071
f 5046 5028 5072
f 5028 5054 5072
f 5029 5055 5073
f 5047 5029 5073
f 5030 5056 5074
f 5048 5030 5074
f 5049 5031 5075
f 5031 5057 5075
f 5050 5032 5076
f 5032 5058 5076
f 5051 5033 5077
f 5033 5059 5077
f 4762 5052 5078
f 5034 5060 5078
f 5052 5034 5078
f 4763 4762 5078
f 5035 5061 5079
f 5053 5035 5079
f 5036 5062 5080
f 5054 5036 5080
f 5037 5063 5081
f 5055 5037 5081
f 5038 5064 5082
f 5056 5038 5082
f 5039 5065 5083
f 5057 5039 5083
f 5040 5066 5084
f 5058 5040 5084
f 5059 5041 5085
f 5041 5067 5085
f 5042 5068 5086
f 5060 5042 5086
f 5061 5043 5087
f 5043 5069 5087
f 5044 5070 5088
f 5062 5044 5088
f 5063 5045 5089
f 5045 5071 5089
f 5046 5072 5090
f 5064 5046 5090
f 5065 5047 5091
f 5047 5073 5091
f 5048 5074 5092
f 5066 5048 5092
f 4726 4727 5093
f 5067 4726 5093
f 5068 5049 5094
f 5049 5075 5094
f 5069 5050 5095
f 5050 5076 5095
f 5070 5051 5096
f 5051 5077 5096
f 5053 5079 5097
f 5071 5053 5097
f 5054 5080 5098
f 5072 5054 5098
f 5055 5081 5099
f 5073 5055 5099
f 5074 5056 5100
f 5056 5082 5100
f 5057 5083 5101
f 5075 5057 5101
f 5076 5058 5102
f 5058 5084 5102
f 5059 5085 5103
f 5077 5059 5103
f 5078 5060 5104
f 4763 5078 5104
f 4764 4763 5104
f 5060 5086 5104
f 5079 5061 5105
f 5061 5087 5105
f 5080 5062 5106
f 5062 5088 5106
f 5063 5089 5107
f 5081 5063 5107
f 5064 5090 5108
f 5082 5064 5108
f 5083 5065 5109
f 5065 5091 5109
f 5066 5092 5110
f 5084 5066 5110
f 5085 5067 5111
f 5067 5093 5111
f 5086 5068 5112
f 5068 5094 5112
f 5087 5069 5113
f 5069 5095 5113
f 5070 5096 5114
f 5088 5070 5114
f 5071 5097 5115
f 5089 5071 5115
f 5072 5098 5116
f 5090 5072 5116
f 5091 5073 5117
f 5073 5099 5117
f 5074 5100 5118
f 5092 5074 5118
f 5093 4727 5119
f 4727 4728 5119
f 5094 5075 5120
f 5075 5101 5120
f 5095 5076 5121
f 5076 5102 5121
f 5096 5077 5122
f 5077 5103 5122
f 5079 5105 5123
f 5097 5079 5123
f 5080 5106 5124
f 5098 5080 5124
f 5081 5107 5125
f 5099 5081 5125
f 5082 5108 5126
f 5100 5082 5126
f 5101 5083 5127
f 5083 5109 5127
f 5084 5110 5128
f 5102 5084 5128
f 5085 5111 5129
f 5103 5085 5129
f 5086 5112 5130
f 4764 5104 5130
f 5104 5086 5130
f 4765 4764 5130
f 5087 5113 5131
f 5105 5087 5131
f 5088 5114 5132
f 5106 5088 5132
f 5089 5115 5133
f 5107 5089 5133
f 5108 5090 5134
f 5090 5116 5134
f 5109 5091 5135
f 5091 5117 5135
f 5110 5092 5136
f 5092 5118 5136
f 5093 5119 5137
f 5111 5093 5137
f 5112 5094 5138
f 5094 5120 5138
f 5113 5095 5139
f 5095 5121 5139
f 5096 5122 5140
f 5114 5096 5140
f 5115 5097 5141
f 5097 5123 5141
f 5098 5124 5142
f 5116 5098 5142
f 5099 5125 5143
f 5117 5099 5143
f 5100 5126 5144
f 5118 5100 5144
f 4728 4729 5145
f 5119 4728 5145
f 5120 5101 5146
f 5101 5127 5146
f 5121 5102 5147
f 5102 5128 5147
f 5122 5103 5148
f 5103 5129 5148
f 5123 5105 5149
f 5105 5131 5149
f 5106 5132 5150
f 5124 5106 5150
f 5125 5107 5151
f 5107 5133 5151
f 5126 5108 5152
f 5108 5134 5152
f 5127 5109 5153
f 5109 5135 5153
f 5128 5110 5154
f 5110 5136 5154
f 5111 5137 5155
f 5129 5111 5155
f 5112 5138 5156
f 4765 5130 5156
f 5130 5112 5156
f 4766 4765 5156
f 5131 5113 5157
f 5113 5139 5157
f 5114 5140 5158
f 5132 5114 5158
f 5115 5141 5159
f 5133 5115 5159
f 5116 5142 5160
f 5134 5116 5160
f 5135 5117 5161
f 5117 5143 5161
f 5118 5144 5162
f 5136 5118 5162
f 5119 5145 5163
f 5137 5119 5163
f 5138 5120 5164
f 5120 5146 5164
f 5139 5121 5165
f 5121 5147 5165
f 5140 5122 5166
f 5122 5148 5166
f 5123 5149 5167
f 5141 5123 5167
f 5142 5124 5168
f 5124 5150 5168
f 5125 5151 5169
f 5143 5125 5169
f 5126 5152 5170
f 5144 5126 5170
f 5145 4729 5171
f 4729 4730 5171
f 5146 5127 5172
f 5127 5153 5172
f 5128 5154 5173
f 5147 5128 5173
f 5148 5129 5174
f 5129 5155 5174
f 5131 5157 5175
f 5149 5131 5175
f 5132 5158 5176
f 5150 5132 5176
f 5133 5159 5177
f 5151 5133 5177
f 5152 5134 5178
f 5134 5160 5178
f 5135 5161 5179
f 5153 5135 5179
f 5154 5136 5180
f 5136 5162 5180
f 5137 5163 5181
f 5155 5137 5181
f 4766 5156 5182
f 5156 5138 5182
f 5138 5164 5182
f 4767 4766 5182
f 5157 5139 5183
f 5139 5165 5183
f 5140 5166 5184
f 5158 5140 5184
f 5141 5167 5185
f 5159 5141 5185
f 5160 5142 5186
f 5142 5168 5186
f 5143 5169 5187
f 5161 5143 5187
f 5162 5144 5188
f 5144 5170 5188
f 5145 5171 5189
f 5163 5145 5189
f 5164 5146 5190
f 5146 5172 5190
f 5165 5147 5191
f 5147 5173 5191
f 5148 5174 5192
f 5166 5148 5192
f 5149 5175 5193
f 5167 5149 5193
f 5150 5176 5194
f 5168 5150 5194
f 5169 5151 5195
f 5151 5177 5195
f 5152 5178 5196
f 5170 5152 5196
f 5171 4730 5197
f 4730 4731 5197
f 5172 5153 5198
f 5153 5179 5198
f 5173 5154 5199
f 5154 5180 5199
f 5155 5181 5200
f 5174 5155 5200
f 5157 5183 5201
f 5175 5157 5201
f 5158 5184 5202
f 5176 5158 5202
f 5159 5185 5203
f 5177 5159 5203
f 5178 5160 5204
f 5160 5186 5204
f 5161 5187 5205
f 5179 5161 5205
f 5180 5162 5206
f 5162 5188 5206
f 5163 5189 5207
f 5181 5163 5207
f 5164 5190 5208
f 5182 5164 5208
f 4767 5182 5208
f 4768 4767 5208
f 5165 5191 5209
f 5183 5165 5209
f 5166 5192 5210
f 5184 5166 5210
f 5185 5167 5211
f 5167 5193 5211
f 5186 5168 5212
f 5168 5194 5212
f 5187 5169 5213
f 5169 5195 5213
f 5170 5196 5214
f 5188 5170 5214
f 5171 5197 5215
f 5189 5171 5215
f 5172 5198 5216
f 5190 5172 5216
f 5191 5173 5217
f 5173 5199 5217
f 5174 5200 5218
f 5192 5174 5218
f 5193 5175 5219
f 5175 5201 5219
f 5194 5176 5220
f 5176 5202 5220
f 5195 5177 5221
f 5177 5203 5221
f 5196 5178 5222
f 5178 5204 5222
f 5197 4731 5223
f 4731 4732 5223
f 4732 4733 5223
f 4733 4734 5223
f 5179 5205 5224
f 5198 5179 5224
f 5199 5180 5225
f 5180 5206 5225
f 5181 5207 5226
f 5200 5181 5226
f 5183 5209 5227
f 5201 5183 5227
f 5202 5184 5228
f 5184 5210 5228
f 5203 5185 5229
f 5185 5211 5229
f 5186 5212 5230
f 5204 5186 5230
f 5187 5213 5231
f 5205 5187 5231
f 5188 5214 5232
f 5206 5188 5232
f 5207 5189 5233
f 5189 5215 5233
f 5208 5190 5234
f 4768 5208 5234
f 5190 5216 5234
f 4769 4768 5234
f 5191 5217 5235
f 5209 5191 5235
f 5192 5218 5236
f 5210 5192 5236
f 5193 5219 5237
f 5211 5193 5237
f 5212 5194 5238
f 5194 5220 5238
f 5213 5195 5239
f 5195 5221 5239
f 5214 5196 5240
f 5196 5222 5240
f 5223 4734 5241
f 5197 5223 5241
f 4734 4735 5241
f 5215 5197 5241
f 5198 5224 5242
f 5216 5198 5242
f 5217 5199 5243
f 5199 5225 5243
f 5200 5226 5244
f 5218 5200 5244
f 5219 5201 5245
f 5201 5227 5245
f 5220 5202 5246
f 5202 5228 5246
f 5203 5229 5247
f 5221 5203 5247
f 5222 5204 5248
f 5204 5230 5248
f 5205 5231 5249
f 5224 5205 5249
f 5206 5232 5250
f 5225 5206 5250
f 5226 5207 5251
f 5207 5233 5251
f 5227 5209 5252
f 5209 5235 5252
f 5210 5236 5253
f 5228 5210 5253
f 5211 5237 5254
f 5229 5211 5254
f 5230 5212 5255
f 5212 5238 5255
f 5213 5239 5256
f 5231 5213 5256
f 5232 5214 5257
f 5214 5240 5257
f 4735 4736 5258
f 5241 4735 5258
f 5215 5241 5258
f 5233 5215 5258
f 5234 5216 5259
f 5216 5242 5259
f 4769 5234 5259
f 4770 4769 5259
f 5235 5217 5260
f 5217 5243 5260
f 5218 5244 5261
f 5236 5218 5261
f 5237 5219 5262
f 5219 5245 5262
f 5238 5220 5263
f 5220 5246 5263
f 5221 5247 5264
f 5239 5221 5264
f 5240 5222 5265
f 5222 5248 5265
f 5242 5224 5266
f 5224 5249 5266
f 5225 5250 5267
f 5243 5225 5267
f 5226 5251 5268
f 5244 5226 5268
f 5227 5252 5269
f 5245 5227 5269
f 5246 5228 5270
f 5228 5253 5270
f 5247 5229 5271
f 5229 5254 5271
f 5230 5255 5272
f 5248 5230 5272
f 5231 5256 5273
f 5249 5231 5273
f 5250 5232 5274
f 5232 5257 5274
f 5233 5258 5275
f 4736 4737 5275
f 5258 4736 5275
f 5251 5233 5275
f 5235 5260 5276
f 5252 5235 5276
f 5236 5261 5277
f 5253 5236 5277
f 5237 5262 5278
f 5254 5237 5278
f 5238 5263 5279
f 5255 5238 5279
f 5239 5264 5280
f 5256 5239 5280
f 5257 5240 5281
f 5240 5265 5281
f 4770 5259 5282
f 5259 5242 5282
f 5242 5266 5282
f 4771 4770 5282
f 5243 5267 5283
f 5260 5243 5283
f 5261 5244 5284
f 5244 5268 5284
f 5245 5269 5285
f 5262 5245 5285
f 5263 5246 5286
f 5246 5270 5286
f 5247 5271 5287
f 5264 5247 5287
f 5248 5272 5288
f 5265 5248 5288
f 5266 5249 5289
f 5249 5273 5289
f 5250 5274 5290
f 5267 5250 5290
f 4737 4738 5291
f 5275 4737 5291
f 5251 5275 5291
f 5268 5251 5291
f 5269 5252 5292
f 5252 5276 5292
f 5270 5253 5293
f 5253 5277 5293
f 5254 5278 5294
f 5271 5254 5294
f 5272 5255 5295
f 5255 5279 5295
f 5273 5256 5296
f 5256 5280 5296
f 5257 5281 5297
f 5274 5257 5297
f 5260 5283 5298
f 5276 5260 5298
f 5277 5261 5299
f 5261 5284 5299
f 5262 5285 5300
f 5278 5262 5300
f 5279 5263 5301
f 5263 5286 5301
f 5280 5264 5302
f 5264 5287 5302
f 5265 5288 5303
f 5281 5265 5303
f 5266 5289 5304
f 4771 5282 5304
f 5282 5266 5304
f 4772 4771 5304
f 5267 5290 5305
f 5283 5267 5305
f 5268 5291 5306
f 5291 4738 5306
f 4738 4739 5306
f 5284 5268 5306
f 5285 5269 5307
f 5269 5292 5307
f 5286 5270 5308
f 5270 5293 5308
f 5287 5271 5309
f 5271 5294 5309
f 5272 5295 5310
f 5288 5272 5310
f 5289 5273 5311
f 5273 5296 5311
f 5274 5297 5312
f 5290 5274 5312
f 5292 5276 5313
f 5276 5298 5313
f 5277 5299 5314
f 5293 5277 5314
f 5294 5278 5315
f 5278 5300 5315
f 5279 5301 5316
f 5295 5279 5316
f 5280 5302 5317
f 5296 5280 5317
f 5297 5281 5318
f 5281 5303 5318
f 5298 5283 5319
f 5283 5305 5319
f 5284 5306 5320
f 5299 5284 5320
f 5306 4739 5320
f 4739 4740 5320
f 5285 5307 5321
f 5300 5285 5321
f 5301 5286 5322
f 5286 5308 5322
f 5287 5309 5323
f 5302 5287 5323
f 5288 5310 5324
f 5303 5288 5324
f 5304 5289 5325
f 5289 5311 5325
f 4772 5304 5325
f 4773 4772 5325
f 5290 5312 5326
f 5305 5290 5326
f 5292 5313 5327
f 5307 5292 5327
f 5308 5293 5328
f 5293 5314 5328
f 5294 5315 5329
f 5309 5294 5329
f 5310 5295 5330
f 5295 5316 5330
f 5311 5296 5331
f 5296 5317 5331
f 5297 5318 5332
f 5312 5297 5332
f 5298 5319 5333
f 5313 5298 5333
f 5299 5320 5334
f 5314 5299 5334
f 4740 4741 5334
f 5320 4740 5334
f 5315 5300 5335
f 5300 5321 5335
f 5301 5322 5336
f 5316 5301 5336
f 5302 5323 5337
f 5317 5302 5337
f 5318 5303 5338
f 5303 5324 5338
f 5305 5326 5339
f 5319 5305 5339
f 5307 5327 5340
f 5321 5307 5340
f 5322 5308 5341
f 5308 5328 5341
f 5309 5329 5342
f 5323 5309 5342
f 5324 5310 5343
f 5310 5330 5343
f 4773 5325 5344
f 5325 5311 5344
f 5311 5331 5344
f 4774 4773 5344
f 5312 5332 5345
f 5326 5312 5345
f 5327 5313 5346
f 5313 5333 5346
f 5334 4741 5347
f 5314 5334 5347
f 4741 4742 5347
f 5328 5314 5347
f 5329 5315 5348
f 5315 5335 5348
f 5316 5336 5349
f 5330 5316 5349
f 5317 5337 5350
f 5331 5317 5350
f 5332 5318 5351
f 5318 5338 5351
f 5319 5339 5352
f 5333 5319 5352
f 5335 5321 5353
f 5321 5340 5353
f 5322 5341 5354
f 5336 5322 5354
f 5337 5323 5355
f 5323 5342 5355
f 5324 5343 5356
f 5338 5324 5356
f 5339 5326 5357
f 5326 5345 5357
f 5340 5327 5358
f 5327 5346 5358
f 5341 5328 5359
f 5328 5347 5359
f 4742 4743 5359
f 5347 4742 5359
f 5342 5329 5360
f 5329 5348 5360
f 5330 5349 5361
f 5343 5330 5361
f 5344 5331 5362
f 5331 5350 5362
f 4774 5344 5362
f 4775 4774 5362
f 5345 5332 5363
f 5332 5351 5363
f 5346 5333 5364
f 5333 5352 5364
f 5348 5335 5365
f 5335 5353 5365
f 5336 5354 5366
f 5349 5336 5366
f 5337 5355 5367
f 5350 5337 5367
f 5338 5356 5368
f 5351 5338 5368
f 5339 5357 5369
f 5352 5339 5369
f 5340 5358 5370
f 5353 5340 5370
f 5359 4743 5371
f 4743 4744 5371
f 5354 5341 5371
f 5341 5359 5371
f 5342 5360 5372
f 5355 5342 5372
f 5356 5343 5373
f 5343 5361 5373
f 5345 5363 5374
f 5357 5345 5374
f 5358 5346 5375
f 5346 5364 5375
f 5360 5348 5376
f 5348 5365 5376
f 5349 5366 5377
f 5361 5349 5377
f 5350 5367 5378
f 4775 5362 5378
f 5362 5350 5378
f 4776 4775 5378
f 5363 5351 5379
f 5351 5368 5379
f 5352 5369 5380
f 5364 5352 5380
f 5365 5353 5381
f 5353 5370 5381
f 5371 4744 5382
f 5354 5371 5382
f 4744 4745 5382
f 5366 5354 5382
f 5367 5355 5383
f 5355 5372 5383
f 5368 5356 5384
f 5356 5373 5384
f 5357 5374 5385
f 5369 5357 5385
f 5370 5358 5386
f 5358 5375 5386
f 5372 5360 5387
f 5360 5376 5387
f 5361 5377 5388
f 5373 5361 5388
f 5374 5363 5389
f 5363 5379 5389
f 5364 5380 5390
f 5375 5364 5390
f 5376 5365 5391
f 5365 5381 5391
f 5377 5366 5392
f 4745 4746 5392
f 5382 4745 5392
f 5366 5382 5392
f 5378 5367 5393
f 5367 5383 5393
f 4776 5378 5393
f 4777 4776 5393
f 5368 5384 5394
f 5379 5368 5394
f 5369 5385 5395
f 5380 5369 5395
f 5370 5386 5396
f 5381 5370 5396
f 5383 5372 5397
f 5372 5387 5397
f 5373 5388 5398
f 5384 5373 5398
f 5385 5374 5399
f 5374 5389 5399
f 5375 5390 5400
f 5386 5375 5400
f 5376 5391 5401
f 5387 5376 5401
f 5388 5377 5402
f 4746 4747 5402
f 5392 4746 5402
f 5377 5392 5402
f 5389 5379 5403
f 5379 5394 5403
f 5380 5395 5404
f 5390 5380 5404
f 5391 5381 5405
f 5381 5396 5405
f 4777 5393 5406
f 5393 5383 5406
f 5383 5397 5406
f 4778 4777 5406
f 5384 5398 5407
f 5394 5384 5407
f 5395 5385 5408
f 5385 5399 5408
f 5386 5400 5409
f 5396 5386 5409
f 5397 5387 5410
f 5387 5401 5410
f 5398 5388 5411
f 5388 5402 5411
f 5402 4747 5411
f 4747 4748 5411
f 5399 5389 5412
f 5389 5403 5412
f 5390 5404 5413
f 5400 5390 5413
f 5391 5405 5414
f 5401 5391 5414
f 5403 5394 5415
f 5394 5407 5415
f 5404 5395 5416
f 5395 5408 5416
f 5405 5396 5417
f 5396 5409 5417
f 4778 5406 5418
f 5397 5410 5418
f 5406 5397 5418
f 4779 4778 5418
f 5398 5411 5419
f 5411 4748 5419
f 4748 4749 5419
f 5407 5398 5419
f 5408 5399 5420
f 5399 5412 5420
f 5409 5400 5421
f 5400 5413 5421
f 5410 5401 5422
f 5401 5414 5422
f 5412 5403 5423
f 5403 5415 5423
f 5413 5404 5424
f 5404 5416 5424
f 5414 5405 5425
f 5405 5417 5425
f 5419 4749 5426
f 4749 4750 5426
f 5415 5407 5426
f 5407 5419 5426
f 5416 5408 5427
f 5408 5420 5427
f 5417 5409 5428
f 5409 5421 5428
f 4780 4779 5429
f 4779 5418 5429
f 5418 5410 5429
f 5410 5422 5429
f 5412 5423 5430
f 5420 5412 5430
f 5413 5424 5431
f 5421 5413 5431
f 5422 5414 5432
f 5414 5425 5432
f 5415 5426 5433
f 5426 4750 5433
f 4750 4751 5433
f 5423 5415 5433
f 5424 5416 5434
f 5416 5427 5434
f 5425 5417 5435
f 5417 5428 5435
f 5427 5420 5436
f 5420 5430 5436
f 5421 5431 5437
f 5428 5421 5437
f 4780 5429 5438
f 4781 4780 5438
f 5429 5422 5438
f 5422 5432 5438
f 5423 5433 5439
f 5430 5423 5439
f 5433 4751 5439
f 4751 4752 5439
f 5424 5434 5440
f 5431 5424 5440
f 5425 5435 5441
f 5432 5425 5441
f 5427 5436 5442
f 5434 5427 5442
f 5435 5428 5443
f 5428 5437 5443
f 5430 5439 5444
f 5436 5430 5444
f 5439 4752 5444
f 4752 4753 5444
f 5437 5431 5445
f 5431 5440 5445
f 4782 4781 5446
f 4781 5438 5446
f 5438 5432 5446
f 5432 5441 5446
f 5434 5442 5447
f 5440 5434 5447
f 5441 5435 5448
f 5435 5443 5448
f 5436 5444 5449
f 5444 4753 5449
f 5442 5436 5449
f 4753 4754 5449
f 5437 5445 5450
f 5443 5437 5450
f 5440 5447 5451
f 5445 5440 5451
f 4783 4782 5452
f 4782 5446 5452
f 5446 5441 5452
f 5441 5448 5452
f 5442 5449 5453
f 5447 5442 5453
f 4754 4755 5453
f 5449 4754 5453
f 5448 5443 5454
f 5443 5450 5454
f 5450 5445 5455
f 5445 5451 5455
f 5451 5447 5456
f 5447 5453 5456
f 4755 4756 5456
f 5453 4755 5456
f 4784 4783 5457
f 5448 5454 5457
f 4783 5452 5457
f 5452 5448 5457
f 5450 5455 5458
f 5454 5450 5458
f 5456 4756 5459
f 4756 4757 5459
f 5455 5451 5459
f 5451 5456 5459
f 5457 5454 5460
f 4785 4784 5460
f 5454 5458 5460
f 4784 5457 5460
f 5458 5455 5461
f 5459 4757 5461
f 4757 4758 5461
f 5455 5459 5461
f 4785 5460 5462
f 4786 4785 5462
f 4760 4786 5462
f 5458 5461 5462
f 5460 5458 5462
f 5461 4758 5462
f 4758 4759 5462
f 4759 4760 5462
f 5464 5463 5571
f 5463 5491 5571
f 5465 5464 5572
f 5464 5571 5572
f 5491 5492 5573
f 5571 5491 5573
f 5466 5465 5574
f 5465 5572 5574
f 5572 5571 5575
f 5571 5573 5575
f 5492 5493 5576
f 5573 5492 5576
f 5467 5466 5577
f 5466 5574 5577
f 5574 5572 5578
f 5572 5575 5578
f 5575 5573 5579
f 5573 5576 5579
f 5468 5467 5580
f 5467 5577 5580
f 5576 5493 5581
f 5493 5494 5581
f 5577 5574 5582
f 5574 5578 5582
f 5578 5575 5583
f 5575 5579 5583
f 5469 5468 5584
f 5468 5580 5584
f 5579 5576 5585
f 5576 5581 5585
f 5577 5582 5586
f 5580 5577 5586
f 5494 5495 5587
f 5581 5494 5587
f 5582 5578 5588
f 5578 5583 5588
f 5470 5469 5589
f 5469 5584 5589
f 5583 5579 5590
f 5579 5585 5590
f 5580 5586 5591
f 5584 5580 5591
f 5585 5581 5592
f 5581 5587 5592
f 5586 5582 5593
f 5582 5588 5593
f 5470 5589 5594
f 5471 5470 5594
f 5587 5495 5595
f 5495 5496 5595
f 5583 5590 5596
f 5588 5583 5596
f 5589 5584 5597
f 5584 5591 5597
f 5590 5585 5598
f 5585 5592 5598
f 5591 5586 5599
f 5586 5593 5599
f 5472 5471 5600
f 5471 5594 5600
f 5592 5587 5601
f 5587 5595 5601
f 5588 5596 5602
f 5593 5588 5602
f 5594 5589 5603
f 5589 5597 5603
f 5595 5496 5604
f 5496 5497 5604
f 5596 5590 5605
f 5590 5598 5605
f 5591 5599 5606
f 5597 5591 5606
f 5473 5472 5607
f 5472 5600 5607
f 5598 5592 5608
f 5592 5601 5608
f 5599 5593 5609
f 5593 5602 5609
f 5594 5603 5610
f 5600 5594 5610
f 5601 5595 5611
f 5595 5604 5611
f 5596 5605 5612
f 5602 5596 5612
f 5597 5606 5613
f 5603 5597 5613
f 5473 5607 5614
f 5474 5473 5614
f 5497 5498 5615
f 5604 5497 5615
f 5598 5608 5616
f 5605 5598 5616
f 5599 5609 5617
f 5606 5599 5617
f 5600 5610 5618
f 5607 5600 5618
f 5608 5601 5619
f 5601 5611 5619
f 5602 5612 5620
f 5609 5602 5620
f 5610 5603 5621
f 5603 5613 5621
f 5474 5614 5622
f 5475 5474 5622
f 5611 5604 5623
f 5604 5615 5623
f 5605 5616 5624
f 5612 5605 5624
f 5606 5617 5625
f 5613 5606 5625
f 5607 5618 5626
f 5614 5607 5626
f 5498 5499 5627
f 5615 5498 5627
f 5616 5608 5628
f 5608 5619 5628
f 5617 5609 5629
f 5609 5620 5629
f 5610 5621 5630
f 5618 5610 5630
f 5476 5475 5631
f 5475 5622 5631
f 5611 5623 5632
f 5619 5611 5632
f 5620 5612 5633
f 5612 5624 5633
f 5621 5613 5634
f 5613 5625 5634
f 5614 5626 5635
f 5622 5614 5635
f 5623 5615 5636
f 5615 5627 5636
f 5616 5628 5637
f 5624 5616 5637
f 5625 5617 5638
f 5617 5629 5638
f 5626 5618 5639
f 5618 5630 5639
f 5499 5500 5640
f 5627 5499 5640
f 5477 5476 5641
f 5476 5631 5641
f 5628 5619 5642
f 5619 5632 5642
f 5629 5620 5643
f 5620 5633 5643
f 5630 5621 5644
f 5621 5634 5644
f 5631 5622 5645
f 5622 5635 5645
f 5623 5636 5646
f 5632 5623 5646
f 5633 5624 5647
f 5624 5637 5647
f 5634 5625 5648
f 5625 5638 5648
f 5635 5626 5649
f 5626 5639 5649
f 5636 5627 5650
f 5627 5640 5650
f 5477 5641 5651
f 5478 5477 5651
f 5637 5628 5652
f 5628 5642 5652
f 5629 5643 5653
f 5638 5629 5653
f 5639 5630 5654
f 5630 5644 5654
f 5500 5501 5655
f 5640 5500 5655
f 5641 5631 5656
f 5631 5645 5656
f 5632 5646 5657
f 5642 5632 5657
f 5643 5633 5658
f 5633 5647 5658
f 5634 5648 5659
f 5644 5634 5659
f 5635 5649 5660
f 5645 5635 5660
f 5636 5650 5661
f 5646 5636 5661
f 5479 5478 5662
f 5478 5651 5662
f 5637 5652 5663
f 5647 5637 5663
f 5648 5638 5664
f 5638 5653 5664
f 5639 5654 5665
f 5649 5639 5665
f 5650 5640 5666
f 5640 5655 5666
f 5641 5656 5667
f 5651 5641 5667
f 5652 5642 5668
f 5642 5657 5668
f 5653 5643 5669
f 5643 5658 5669
f 5654 5644 5670
f 5644 5659 5670
f 5655 5501 5671
f 5501 5502 5671
f 5656 5645 5672
f 5645 5660 5672
f 5646 5661 5673
f 5657 5646 5673
f 5480 5479 5674
f 5479 5662 5674
f 5658 5647 5675
f 5647 5663 5675
f 5659 5648 5676
f 5648 5664 5676
f 5649 5665 5677
f 5660 5649 5677
f 5661 5650 5678
f 5650 5666 5678
f 5662 5651 5679
f 5651 5667 5679
f 5652 5668 5680
f 5663 5652 5680
f 5664 5653 5681
f 5653 5669 5681
f 5665 5654 5682
f 5654 5670 5682
f 5655 5671 5683
f 5666 5655 5683
f 5667 5656 5684
f 5656 5672 5684
f 5657 5673 5685
f 5668 5657 5685
f 5481 5480 5686
f 5480 5674 5686
f 5669 5658 5687
f 5658 5675 5687
f 5670 5659 5688
f 5659 5676 5688
f 5502 5503 5689
f 5671 5502 5689
f 5672 5660 5690
f 5660 5677 5690
f 5673 5661 5691
f 5661 5678 5691
f 5674 5662 5692
f 5662 5679 5692
f 5675 5663 5693
f 5663 5680 5693
f 5676 5664 5694
f 5664 5681 5694
f 5665 5682 5695
f 5677 5665 5695
f 5678 5666 5696
f 5666 5683 5696
f 5679 5667 5697
f 5667 5684 5697
f 5680 5668 5698
f 5668 5685 5698
f 5482 5481 5699
f 5481 5686 5699
f 5669 5687 5700
f 5681 5669 5700
f 5670 5688 5701
f 5682 5670 5701
f 5683 5671 5702
f 5671 5689 5702
f 5684 5672 5703
f 5672 5690 5703
f 5673 5691 5704
f 5685 5673 5704
f 5686 5674 5705
f 5674 5692 5705
f 5687 5675 5706
f 5675 5693 5706
f 5676 5694 5707
f 5688 5676 5707
f 5689 5503 5708
f 5503 5504 5708
f 5690 5677 5709
f 5677 5695 5709
f 5691 5678 5710
f 5678 5696 5710
f 5679 5697 5711
f 5692 5679 5711
f 5680 5698 5712
f 5693 5680 5712
f 5483 5482 5713
f 5482 5699 5713
f 5694 5681 5714
f 5681 5700 5714
f 5682 5701 5715
f 5695 5682 5715
f 5683 5702 5716
f 5696 5683 5716
f 5697 5684 5717
f 5684 5703 5717
f 5685 5704 5718
f 5698 5685 5718
f 5686 5705 5719
f 5699 5686 5719
f 5700 5687 5720
f 5687 5706 5720
f 5701 5688 5721
f 5688 5707 5721
f 5702 5689 5722
f 5689 5708 5722
f 5690 5709 5723
f 5703 5690 5723
f 5691 5710 5724
f 5704 5691 5724
f 5692 5711 5725
f 5705 5692 5725
f 5693 5712 5726
f 5706 5693 5726
f 5484 5483 5727
f 5483 5713 5727
f 5694 5714 5728
f 5707 5694 5728
f 5504 5505 5729
f 5708 5504 5729
f 5709 5695 5730
f 5695 5715 5730
f 5710 5696 5731
f 5696 5716 5731
f 5711 5697 5732
f 5697 5717 5732
f 5712 5698 5733
f 5698 5718 5733
f 5699 5719 5734
f 5713 5699 5734
f 5700 5720 5735
f 5714 5700 5735
f 5715 5701 5736
f 5701 5721 5736
f 5716 5702 5737
f 5702 5722 5737
f 5703 5723 5738
f 5717 5703 5738
f 5718 5704 5739
f 5704 5724 5739
f 5705 5725 5740
f 5719 5705 5740
f 5720 5706 5741
f 5706 5726 5741
f 5484 5727 5742
f 5485 5484 5742
f 5707 5728 5743
f 5721 5707 5743
f 5722 5708 5744
f 5708 5729 5744
f 5709 5730 5745
f 5723 5709 5745
f 5724 5710 5746
f 5710 5731 5746
f 5725 5711 5747
f 5711 5732 5747
f 5726 5712 5748
f 5712 5733 5748
f 5713 5734 5749
f 5727 5713 5749
f 5728 5714 5750
f 5714 5735 5750
f 5729 5505 5751
f 5505 5506 5751
f 5715 5736 5752
f 5730 5715 5752
f 5731 5716 5753
f 5716 5737 5753
f 5717 5738 5754
f 5732 5717 5754
f 5718 5739 5755
f 5733 5718 5755
f 5734 5719 5756
f 5719 5740 5756
f 5735 5720 5757
f 5720 5741 5757
f 5486 5485 5758
f 5485 5742 5758
f 5721 5743 5759
f 5736 5721 5759
f 5737 5722 5760
f 5722 5744 5760
f 5723 5745 5761
f 5738 5723 5761
f 5739 5724 5762
f 5724 5746 5762
f 5725 5747 5763
f 5740 5725 5763
f 5741 5726 5764
f 5726 5748 5764
f 5742 5727 5765
f 5727 5749 5765
f 5728 5750 5766
f 5743 5728 5766
f 5744 5729 5767
f 5729 5751 5767
f 5745 5730 5768
f 5730 5752 5768
f 5731 5753 5769
f 5746 5731 5769
f 5747 5732 5770
f 5732 5754 5770
f 5733 5755 5771
f 5748 5733 5771
f 5749 5734 5772
f 5734 5756 5772
f 5735 5757 5773
f 5750 5735 5773
f 5506 5507 5774
f 5751 5506 5774
f 5486 5758 5775
f 5487 5486 5775
f 5752 5736 5776
f 5736 5759 5776
f 5737 5760 5777
f 5753 5737 5777
f 5738 5761 5778
f 5754 5738 5778
f 5739 5762 5779
f 5755 5739 5779
f 5740 5763 5780
f 5756 5740 5780
f 5741 5764 5781
f 5757 5741 5781
f 5758 5742 5782
f 5742 5765 5782
f 5743 5766 5783
f 5759 5743 5783
f 5760 5744 5784
f 5744 5767 5784
f 5761 5745 5785
f 5745 5768 5785
f 5746 5769 5786
f 5762 5746 5786
f 5763 5747 5787
f 5747 5770 5787
f 5748 5771 5788
f 5764 5748 5788
f 5765 5749 5789
f 5749 5772 5789
f 5750 5773 5790
f 5766 5750 5790
f 5751 5774 5791
f 5767 5751 5791
f 5488 5487 5792
f 5487 5775 5792
f 5752 5776 5793
f 5768 5752 5793
f 5769 5753 5794
f 5753 5777 5794
f 5754 5778 5795
f 5770 5754 5795
f 5755 5779 5796
f 5771 5755 5796
f 5772 5756 5797
f 5756 5780 5797
f 5757 5781 5798
f 5773 5757 5798
f 5507 5508 5799
f 5774 5507 5799
f 5758 5782 5800
f 5775 5758 5800
f 5759 5783 5801
f 5776 5759 5801
f 5777 5760 5802
f 5760 5784 5802
f 5778 5761 5803
f 5761 5785 5803
f 5779 5762 5804
f 5762 5786 5804
f 5763 5787 5805
f 5780 5763 5805
f 5764 5788 5806
f 5781 5764 5806
f 5765 5789 5807
f 5782 5765 5807
f 5766 5790 5808
f 5783 5766 5808
f 5767 5791 5809
f 5784 5767 5809
f 5488 5792 5810
f 5489 5488 5810
f 5490 5489 5810
f 5545 5490 5810
f 5768 5793 5811
f 5785 5768 5811
f 5769 5794 5812
f 5786 5769 5812
f 5770 5795 5813
f 5787 5770 5813
f 5788 5771 5814
f 5771 5796 5814
f 5772 5797 5815
f 5789 5772 5815
f 5773 5798 5816
f 5790 5773 5816
f 5774 5799 5817
f 5791 5774 5817
f 5775 5800 5818
f 5792 5775 5818
f 5793 5776 5819
f 5776 5801 5819
f 5777 5802 5820
f 5794 5777 5820
f 5778 5803 5821
f 5795 5778 5821
f 5779 5804 5822
f 5796 5779 5822
f 5780 5805 5823
f 5797 5780 5823
f 5798 5781 5824
f 5781 5806 5824
f 5799 5508 5825
f 5508 5509 5825
f 5782 5807 5826
f 5800 5782 5826
f 5783 5808 5827
f 5801 5783 5827
f 5802 5784 5828
f 5784 5809 5828
f 5803 5785 5829
f 5785 5811 5829
f 5786 5812 5830
f 5804 5786 5830
f 5787 5813 5831
f 5805 5787 5831
f 5788 5814 5832
f 5806 5788 5832
f 5789 5815 5833
f 5807 5789 5833
f 5790 5816 5834
f 5808 5790 5834
f 5809 5791 5835
f 5791 5817 5835
f 5545 5810 5836
f 5792 5818 5836
f 5810 5792 5836
f 5546 5545 5836
f 5811 5793 5837
f 5793 5819 5837
f 5794 5820 5838
f 5812 5794 5838
f 5795 5821 5839
f 5813 5795 5839
f 5814 5796 5840
f 5796 5822 5840
f 5797 5823 5841
f 5815 5797 5841
f 5798 5824 5842
f 5816 5798 5842
f 5817 5799 5843
f 5799 5825 5843
f 5800 5826 5844
f 5818 5800 5844
f 5819 5801 5845
f 5801 5827 5845
f 5820 5802 5846
f 5802 5828 5846
f 5803 5829 5847
f 5821 5803 5847
f 5822 5804 5848
f 5804 5830 5848
f 5823 5805 5849
f 5805 5831 5849
f 5806 5832 5850
f 5824 5806 5850
f 5509 5510 5851
f 5825 5509 5851
f 5826 5807 5852
f 5807 5833 5852
f 5808 5834 5853
f 5827 5808 5853
f 5828 5809 5854
f 5809 5835 5854
f 5829 5811 5855
f 5811 5837 5855
f 5812 5838 5856
f 5830 5812 5856
f 5813 5839 5857
f 5831 5813 5857
f 5832 5814 5858
f 5814 5840 5858
f 5833 5815 5859
f 5815 5841 5859
f 5834 5816 5860
f 5816 5842 5860
f 5817 5843 5861
f 5835 5817 5861
f 5546 5836 5862
f 5836 5818 5862
f 5818 5844 5862
f 5547 5546 5862
f 5837 5819 5863
f 5819 5845 5863
f 5838 5820 5864
f 5820 5846 5864
f 5839 5821 5865
f 5821 5847 5865
f 5840 5822 5866
f 5822 5848 5866
f 5823 5849 5867
f 5841 5823 5867
f 5824 5850 5868
f 5842 5824 5868
f 5843 5825 5869
f 5825 5851 5869
f 5826 5852 5870
f 5844 5826 5870
f 5827 5853 5871
f 5845 5827 5871
f 5846 5828 5872
f 5828 5854 5872
f 5847 5829 5873
f 5829 5855 5873
f 5848 5830 5874
f 5830 5856 5874
f 5849 5831 5875
f 5831 5857 5875
f 5832 5858 5876
f 5850 5832 5876
f 5851 5510 5877
f 5510 5511 5877
f 5833 5859 5878
f 5852 5833 5878
f 5834 5860 5879
f 5853 5834 5879
f 5854 5835 5880
f 5835 5861 5880
f 5837 5863 5881
f 5855 5837 5881
f 5838 5864 5882
f 5856 5838 5882
f 5857 5839 5883
f 5839 5865 5883
f 5858 5840 5884
f 5840 5866 5884
f 5859 5841 5885
f 5841 5867 5885
f 5860 5842 5886
f 5842 5868 5886
f 5843 5869 5887
f 5861 5843 5887
f 5844 5870 5888
f 5862 5844 5888
f 5547 5862 5888
f 5548 5547 5888
f 5863 5845 5889
f 5845 5871 5889
f 5864 5846 5890
f 5846 5872 5890
f 5865 5847 5891
f 5847 5873 5891
f 5848 5874 5892
f 5866 5848 5892
f 5849 5875 5893
f 5867 5849 5893
f 5850 5876 5894
f 5868 5850 5894
f 5851 5877 5895
f 5869 5851 5895
f 5870 5852 5896
f 5852 5878 5896
f 5853 5879 5897
f 5871 5853 5897
f 5854 5880 5898
f 5872 5854 5898
f 5855 5881 5899
f 5873 5855 5899
f 5856 5882 5900
f 5874 5856 5900
f 5857 5883 5901
f 5875 5857 5901
f 5876 5858 5902
f 5858 5884 5902
f 5877 5511 5903
f 5511 5512 5903
f 5859 5885 5904
f 5878 5859 5904
f 5860 5886 5905
f 5879 5860 5905
f 5880 5861 5906
f 5861 5887 5906
f 5881 5863 5907
f 5863 5889 5907
f 5882 5864 5908
f 5864 5890 5908
f 5865 5891 5909
f 5883 5865 5909
f 5866 5892 5910
f 5884 5866 5910
f 5867 5893 5911
f 5885 5867 5911
f 5886 5868 5912
f 5868 5894 5912
f 5869 5895 5913
f 5887 5869 5913
f 5888 5870 5914
f 5870 5896 5914
f 5548 5888 5914
f 5549 5548 5914
f 5871 5897 5915
f 5889 5871 5915
f 5890 5872 5916
f 5872 5898 5916
f 5891 5873 5917
f 5873 5899 5917
f 5874 5900 5918
f 5892 5874 5918
f 5875 5901 5919
f 5893 5875 5919
f 5894 5876 5920
f 5876 5902 5920
f 5877 5903 5921
f 5895 5877 5921
f 5878 5904 5922
f 5896 5878 5922
f 5897 5879 5923
f 5879 5905 5923
f 5880 5906 5924
f 5898 5880 5924
f 5881 5907 5925
f 5899 5881 5925
f 5900 5882 5926
f 5882 5908 5926
f 5901 5883 5927
f 5883 5909 5927
f 5884 5910 5928
f 5902 5884 5928
f 5512 5513 5929
f 5903 5512 5929
f 5885 5911 5930
f 5904 5885 5930
f 5905 5886 5931
f 5886 5912 5931
f 5906 5887 5932
f 5887 5913 5932
f 5889 5915 5933
f 5907 5889 5933
f 5908 5890 5934
f 5890 5916 5934
f 5891 5917 5935
f 5909 5891 5935
f 5892 5918 5936
f 5910 5892 5936
f 5893 5919 5937
f 5911 5893 5937
f 5912 5894 5938
f 5894 5920 5938
f 5913 5895 5939
f 5895 5921 5939
f 5914 5896 5940
f 5549 5914 5940
f 5896 5922 5940
f 5550 5549 5940
f 5915 5897 5941
f 5897 5923 5941
f 5898 5924 5942
f 5916 5898 5942
f 5899 5925 5943
f 5917 5899 5943
f 5918 5900 5944
f 5900 5926 5944
f 5919 5901 5945
f 5901 5927 5945
f 5902 5928 5946
f 5920 5902 5946
f 5903 5929 5947
f 5921 5903 5947
f 5922 5904 5948
f 5904 5930 5948
f 5923 5905 5949
f 5905 5931 5949
f 5906 5932 5950
f 5924 5906 5950
f 5925 5907 5951
f 5907 5933 5951
f 5926 5908 5952
f 5908 5934 5952
f 5909 5935 5953
f 5927 5909 5953
f 5928 5910 5954
f 5910 5936 5954
f 5513 5514 5955
f 5929 5513 5955
f 5911 5937 5956
f 5930 5911 5956
f 5931 5912 5957
f 5912 5938 5957
f 5913 5939 5958
f 5932 5913 5958
f 5915 5941 5959
f 5933 5915 5959
f 5934 5916 5960
f 5916 5942 5960
f 5917 5943 5961
f 5935 5917 5961
f 5936 5918 5962
f 5918 5944 5962
f 5919 5945 5963
f 5937 5919 5963
f 5938 5920 5964
f 5920 5946 5964
f 5939 5921 5965
f 5921 5947 5965
f 5922 5948 5966
f 5940 5922 5966
f 5550 5940 5966
f 5551 5550 5966
f 5923 5949 5967
f 5941 5923 5967
f 5924 5950 5968
f 5942 5924 5968
f 5925 5951 5969
f 5943 5925 5969
f 5944 5926 5970
f 5926 5952 5970
f 5927 5953 5971
f 5945 5927 5971
f 5928 5954 5972
f 5946 5928 5972
f 5929 5955 5973
f 5947 5929 5973
f 5948 5930 5974
f 5930 5956 5974
f 5949 5931 5975
f 5931 5957 5975
f 5950 5932 5976
f 5932 5958 5976
f 5951 5933 5977
f 5933 5959 5977
f 5952 5934 5978
f 5934 5960 5978
f 5953 5935 5979
f 5935 5961 5979
f 5954 5936 5980
f 5936 5962 5980
f 5514 5515 5981
f 5955 5514 5981
f 5937 5963 5982
f 5956 5937 5982
f 5957 5938 5983
f 5938 5964 5983
f 5939 5965 5984
f 5958 5939 5984
f 5941 5967 5985
f 5959 5941 5985
f 5942 5968 5986
f 5960 5942 5986
f 5943 5969 5987
f 5961 5943 5987
f 5962 5944 5988
f 5944 5970 5988
f 5945 5971 5989
f 5963 5945 5989
f 5946 5972 5990
f 5964 5946 5990
f 5947 5973 5991
f 5965 5947 5991
f 5948 5974 5992
f 5966 5948 5992
f 5551 5966 5992
f 5552 5551 5992
f 5967 5949 5993
f 5949 5975 5993
f 5950 5976 5994
f 5968 5950 5994
f 5969 5951 5995
f 5951 5977 5995
f 5970 5952 5996
f 5952 5978 5996
f 5953 5979 5997
f 5971 5953 5997
f 5972 5954 5998
f 5954 5980 5998
f 5955 5981 5999
f 5973 5955 5999
f 5956 5982 6000
f 5974 5956 6000
f 5957 5983 6001
f 5975 5957 6001
f 5976 5958 6002
f 5958 5984 6002
f 5959 5985 6003
f 5977 5959 6003
f 5960 5986 6004
f 5978 5960 6004
f 5979 5961 6005
f 5961 5987 6005
f 5980 5962 6006
f 5962 5988 6006
f 5981 5515 6007
f 5515 5516 6007
f 5516 5517 6007
f 5517 5518 6007
f 5963 5989 6008
f 5982 5963 6008
f 5964 5990 6009
f 5983 5964 6009
f 5965 5991 6010
f 5984 5965 6010
f 5967 5993 6011
f 5985 5967 6011
f 5986 5968 6012
f 5968 5994 6012
f 5969 5995 6013
f 5987 5969 6013
f 5970 5996 6014
f 5988 5970 6014
f 5971 5997 6015
f 5989 5971 6015
f 5990 5972 6016
f 5972 5998 6016
f 5991 5973 6017
f 5973 5999 6017
f 5992 5974 6018
f 5552 5992 6018
f 5974 6000 6018
f 5553 5552 6018
f 5993 5975 6019
f 5975 6001 6019
f 5994 5976 6020
f 5976 6002 6020
f 5995 5977 6021
f 5977 6003 6021
f 5996 5978 6022
f 5978 6004 6022
f 5997 5979 6023
f 5979 6005 6023
f 5998 5980 6024
f 5980 6006 6024
f 5981 6007 6025
f 6007 5518 6025
f 5999 5981 6025
f 5518 5519 6025
f 6000 5982 6026
f 5982 6008 6026
f 5983 6009 6027
f 6001 5983 6027
f 5984 6010 6028
f 6002 5984 6028
f 6003 5985 6029
f 5985 6011 6029
f 5986 6012 6030
f 6004 5986 6030
f 5987 6013 6031
f 6005 5987 6031
f 6006 5988 6032
f 5988 6014 6032
f 5989 6015 6033
f 6008 5989 6033
f 5990 6016 6034
f 6009 5990 6034
f 6010 5991 6035
f 5991 6017 6035
f 6011 5993 6036
f 5993 6019 6036
f 6012 5994 6037
f 5994 6020 6037
f 6013 5995 6038
f 5995 6021 6038
f 6014 5996 6039
f 5996 6022 6039
f 5997 6023 6040
f 6015 5997 6040
f 5998 6024 6041
f 6016 5998 6041
f 5999 6025 6042
f 5519 5520 6042
f 6025 5519 6042
f 6017 5999 6042
f 6018 6000 6043
f 5553 6018 6043
f 6000 6026 6043
f 5554 5553 6043
f 6019 6001 6044
f 6001 6027 6044
f 6020 6002 6045
f 6002 6028 6045
f 6003 6029 6046
f 6021 6003 6046
f 6022 6004 6047
f 6004 6030 6047
f 6005 6031 6048
f 6023 6005 6048
f 6006 6032 6049
f 6024 6006 6049
f 6026 6008 6050
f 6008 6033 6050
f 6027 6009 6051
f 6009 6034 6051
f 6010 6035 6052
f 6028 6010 6052
f 6011 6036 6053
f 6029 6011 6053
f 6030 6012 6054
f 6012 6037 6054
f 6031 6013 6055
f 6013 6038 6055
f 6014 6039 6056
f 6032 6014 6056
f 6015 6040 6057
f 6033 6015 6057
f 6016 6041 6058
f 6034 6016 6058
f 6042 5520 6059
f 6017 6042 6059
f 5520 5521 6059
f 6035 6017 6059
f 6019 6044 6060
f 6036 6019 6060
f 6020 6045 6061
f 6037 6020 6061
f 6038 6021 6062
f 6021 6046 6062
f 6022 6047 6063
f 6039 6022 6063
f 6023 6048 6064
f 6040 6023 6064
f 6041 6024 6065
f 6024 6049 6065
f 5554 6043 6066
f 6026 6050 6066
f 6043 6026 6066
f 5555 5554 6066
f 6027 6051 6067
f 6044 6027 6067
f 6045 6028 6068
f 6028 6052 6068
f 6029 6053 6069
f 6046 6029 6069
f 6030 6054 6070
f 6047 6030 6070
f 6031 6055 6071
f 6048 6031 6071
f 6049 6032 6072
f 6032 6056 6072
f 6050 6033 6073
f 6033 6057 6073
f 6034 6058 6074
f 6051 6034 6074
f 6035 6059 6075
f 6052 6035 6075
f 5521 5522 6075
f 6059 5521 6075
f 6036 6060 6076
f 6053 6036 6076
f 6054 6037 6077
f 6037 6061 6077
f 6038 6062 6078
f 6055 6038 6078
f 6039 6063 6079
f 6056 6039 6079
f 6057 6040 6080
f 6040 6064 6080
f 6058 6041 6081
f 6041 6065 6081
f 6060 6044 6082
f 6044 6067 6082
f 6045 6068 6083
f 6061 6045 6083
f 6062 6046 6084
f 6046 6069 6084
f 6063 6047 6085
f 6047 6070 6085
f 6064 6048 6086
f 6048 6071 6086
f 6049 6072 6087
f 6065 6049 6087
f 5555 6066 6088
f 6066 6050 6088
f 6050 6073 6088
f 5556 5555 6088
f 6051 6074 6089
f 6067 6051 6089
f 6075 5522 6090
f 6068 6052 6090
f 5522 5523 6090
f 6052 6075 6090
f 6069 6053 6091
f 6053 6076 6091
f 6054 6077 6092
f 6070 6054 6092
f 6071 6055 6093
f 6055 6078 6093
f 6072 6056 6094
f 6056 6079 6094
f 6073 6057 6095
f 6057 6080 6095
f 6058 6081 6096
f 6074 6058 6096
f 6076 6060 6097
f 6060 6082 6097
f 6077 6061 6098
f 6061 6083 6098
f 6062 6084 6099
f 6078 6062 6099
f 6063 6085 6100
f 6079 6063 6100
f 6064 6086 6101
f 6080 6064 6101
f 6065 6087 6102
f 6081 6065 6102
f 6067 6089 6103
f 6082 6067 6103
f 6068 6090 6104
f 6083 6068 6104
f 6090 5523 6104
f 5523 5524 6104
f 6069 6091 6105
f 6084 6069 6105
f 6085 6070 6106
f 6070 6092 6106
f 6086 6071 6107
f 6071 6093 6107
f 6087 6072 6108
f 6072 6094 6108
f 6073 6095 6109
f 6088 6073 6109
f 5556 6088 6109
f 5557 5556 6109
f 6074 6096 6110
f 6089 6074 6110
f 6076 6097 6111
f 6091 6076 6111
f 6077 6098 6112
f 6092 6077 6112
f 6093 6078 6113
f 6078 6099 6113
f 6094 6079 6114
f 6079 6100 6114
f 6095 6080 6115
f 6080 6101 6115
f 6081 6102 6116
f 6096 6081 6116
f 6097 6082 6117
f 6082 6103 6117
f 6098 6083 6118
f 6083 6104 6118
f 5524 5525 6118
f 6104 5524 6118
f 6084 6105 6119
f 6099 6084 6119
f 6085 6106 6120
f 6100 6085 6120
f 6086 6107 6121
f 6101 6086 6121
f 6087 6108 6122
f 6102 6087 6122
f 6103 6089 6123
f 6089 6110 6123
f 6091 6111 6124
f 6105 6091 6124
f 6106 6092 6125
f 6092 6112 6125
f 6107 6093 6126
f 6093 6113 6126
f 6108 6094 6127
f 6094 6114 6127
f 5557 6109 6128
f 6109 6095 6128
f 6095 6115 6128
f 5558 5557 6128
f 6096 6116 6129
f 6110 6096 6129
f 6111 6097 6130
f 6097 6117 6130
f 6118 5525 6131
f 5525 5526 6131
f 6112 6098 6131
f 6098 6118 6131
f 6099 6119 6132
f 6113 6099 6132
f 6114 6100 6133
f 6100 6120 6133
f 6115 6101 6134
f 6101 6121 6134
f 6116 6102 6135
f 6102 6122 6135
f 6117 6103 6136
f 6103 6123 6136
f 6119 6105 6137
f 6105 6124 6137
f 6106 6125 6138
f 6120 6106 6138
f 6107 6126 6139
f 6121 6107 6139
f 6122 6108 6140
f 6108 6127 6140
f 6123 6110 6141
f 6110 6129 6141
f 6124 6111 6142
f 6111 6130 6142
f 6112 6131 6143
f 6125 6112 6143
f 5526 5527 6143
f 6131 5526 6143
f 6126 6113 6144
f 6113 6132 6144
f 6114 6133 6145
f 6127 6114 6145
f 6115 6134 6146
f 5558 6128 6146
f 6128 6115 6146
f 5559 5558 6146
f 6116 6135 6147
f 6129 6116 6147
f 6117 6136 6148
f 6130 6117 6148
f 6132 6119 6149
f 6119 6137 6149
f 6133 6120 6150
f 6120 6138 6150
f 6121 6139 6151
f 6134 6121 6151
f 6122 6140 6152
f 6135 6122 6152
f 6136 6123 6153
f 6123 6141 6153
f 6124 6142 6154
f 6137 6124 6154
f 6143 5527 6155
f 6125 6143 6155
f 6138 6125 6155
f 5527 5528 6155
f 6139 6126 6156
f 6126 6144 6156
f 6140 6127 6157
f 6127 6145 6157
f 6141 6129 6158
f 6129 6147 6158
f 6142 6130 6159
f 6130 6148 6159
f 6132 6149 6160
f 6144 6132 6160
f 6133 6150 6161
f 6145 6133 6161
f 5559 6146 6162
f 6134 6151 6162
f 6146 6134 6162
f 5560 5559 6162
f 6147 6135 6163
f 6135 6152 6163
f 6148 6136 6164
f 6136 6153 6164
f 6149 6137 6165
f 6137 6154 6165
f 6150 6138 6166
f 6155 5528 6166
f 5528 5529 6166
f 6138 6155 6166
f 6151 6139 6167
f 6139 6156 6167
f 6140 6157 6168
f 6152 6140 6168
f 6141 6158 6169
f 6153 6141 6169
f 6154 6142 6170
f 6142 6159 6170
f 6144 6160 6171
f 6156 6144 6171
f 6157 6145 6172
f 6145 6161 6172
f 6147 6163 6173
f 6158 6147 6173
f 6148 6164 6174
f 6159 6148 6174
f 6160 6149 6175
f 6149 6165 6175
f 6161 6150 6176
f 5529 5530 6176
f 6166 5529 6176
f 6150 6166 6176
f 6162 6151 6177
f 6151 6167 6177
f 5560 6162 6177
f 5561 5560 6177
f 6152 6168 6178
f 6163 6152 6178
f 6164 6153 6179
f 6153 6169 6179
f 6165 6154 6180
f 6154 6170 6180
f 6156 6171 6181
f 6167 6156 6181
f 6168 6157 6182
f 6157 6172 6182
f 6158 6173 6183
f 6169 6158 6183
f 6170 6159 6184
f 6159 6174 6184
f 6171 6160 6185
f 6160 6175 6185
f 6176 5530 6186
f 6172 6161 6186
f 5530 5531 6186
f 6161 6176 6186
f 6163 6178 6187
f 6173 6163 6187
f 6174 6164 6188
f 6164 6179 6188
f 6175 6165 6189
f 6165 6180 6189
f 5561 6177 6190
f 6167 6181 6190
f 6177 6167 6190
f 5562 5561 6190
f 6178 6168 6191
f 6168 6182 6191
f 6179 6169 6192
f 6169 6183 6192
f 6180 6170 6193
f 6170 6184 6193
f 6171 6185 6194
f 6181 6171 6194
f 6186 5531 6195
f 6182 6172 6195
f 5531 5532 6195
f 6172 6186 6195
f 6183 6173 6196
f 6173 6187 6196
f 6184 6174 6197
f 6174 6188 6197
f 6175 6189 6198
f 6185 6175 6198
f 6187 6178 6199
f 6178 6191 6199
f 6188 6179 6200
f 6179 6192 6200
f 6189 6180 6201
f 6180 6193 6201
f 6190 6181 6202
f 6181 6194 6202
f 5562 6190 6202
f 5563 5562 6202
f 6182 6195 6203
f 6191 6182 6203
f 6195 5532 6203
f 5532 5533 6203
f 6183 6196 6204
f 6192 6183 6204
f 6193 6184 6205
f 6184 6197 6205
f 6194 6185 6206
f 6185 6198 6206
f 6187 6199 6207
f 6196 6187 6207
f 6197 6188 6208
f 6188 6200 6208
f 6189 6201 6209
f 6198 6189 6209
f 6199 6191 6210
f 6191 6203 6210
f 5533 5534 6210
f 6203 5533 6210
f 6200 6192 6211
f 6192 6204 6211
f 6201 6193 6212
f 6193 6205 6212
f 5564 5563 6213
f 5563 6202 6213
f 6194 6206 6213
f 6202 6194 6213
f 6196 6207 6214
f 6204 6196 6214
f 6205 6197 6215
f 6197 6208 6215
f 6198 6209 6216
f 6206 6198 6216
f 6210 5534 6217
f 6207 6199 6217
f 5534 5535 6217
f 6199 6210 6217
f 6208 6200 6218
f 6200 6211 6218
f 6201 6212 6219
f 6209 6201 6219
f 6204 6214 6220
f 6211 6204 6220
f 6212 6205 6221
f 6205 6215 6221
f 5565 5564 6222
f 6206 6216 6222
f 6213 6206 6222
f 5564 6213 6222
f 6214 6207 6223
f 6217 5535 6223
f 5535 5536 6223
f 6207 6217 6223
f 6215 6208 6224
f 6208 6218 6224
f 6216 6209 6225
f 6209 6219 6225
f 6211 6220 6226
f 6218 6211 6226
f 6219 6212 6227
f 6212 6221 6227
f 6214 6223 6228
f 6220 6214 6228
f 6223 5536 6228
f 5536 5537 6228
f 6215 6224 6229
f 6221 6215 6229
f 5566 5565 6230
f 5565 6222 6230
f 6216 6225 6230
f 6222 6216 6230
f 6224 6218 6231
f 6218 6226 6231
f 6225 6219 6232
f 6219 6227 6232
f 6226 6220 6233
f 6220 6228 6233
f 6228 5537 6233
f 5537 5538 6233
f 6221 6229 6234
f 6227 6221 6234
f 6229 6224 6235
f 6224 6231 6235
f 5567 5566 6236
f 6230 6225 6236
f 6225 6232 6236
f 5566 6230 6236
f 6231 6226 6237
f 6226 6233 6237
f 5538 5539 6237
f 6233 5538 6237
f 6227 6234 6238
f 6232 6227 6238
f 6234 6229 6239
f 6229 6235 6239
f 6235 6231 6240
f 5539 5540 6240
f 6231 6237 6240
f 6237 5539 6240
f 5568 5567 6241
f 5567 6236 6241
f 6236 6232 6241
f 6232 6238 6241
f 6238 6234 6242
f 6234 6239 6242
f 5540 5541 6243
f 6240 5540 6243
f 6239 6235 6243
f 6235 6240 6243
f 6241 6238 6244
f 5569 5568 6244
f 6238 6242 6244
f 5568 6241 6244
f 6242 6239 6245
f 6243 5541 6245
f 5541 5542 6245
f 6239 6243 6245
f 5570 5569 6246
f 5544 5570 6246
f 6244 6242 6246
f 6242 6245 6246
f 6245 5542 6246
f 5569 6244 6246
f 5542 5543 6246
f 5543 5544 6246
f 6247 6248 6277
f 6276 6247 6277
f 6248 6249 6278
f 6277 6248 6278
f 6249 6250 6279
f 6278 6249 6279
f 6250 6251 6280
f 6279 6250 6280
f 6251 6252 6281
f 6280 6251 6281
f 6252 6253 6282
f 6281 6252 6282
f 6253 6254 6283
f 6282 6253 6283
f 6254 6255 6284
f 6283 6254 6284
f 6255 6256 6285
f 6284 6255 6285
f 6285 6256 6286
f 6256 6257 6286
f 6286 6257 6287
f 6257 6258 6287
f 6287 6258 6288
f 6258 6259 6288
f 6288 6259 6289
f 6259 6260 6289
f 6260 6261 6290
f 6289 6260 6290
f 6261 6262 6291
f 6290 6261 6291
f 6262 6263 6292
f 6291 6262 6292
f 6263 6264 6293
f 6292 6263 6293
f 6264 6265 6294
f 6293 6264 6294
f 6265 6266 6295
f 6266 6267 6295
f 6294 6265 6295
f 6295 6267 6296
f 6267 6268 6297
f 6268 6269 6297
f 6296 6267 6297
f 6297 6269 6298
f 6269 6270 6299
f 6298 6269 6299
f 6270 6271 6300
f 6271 6272 6300
f 6299 6270 6300
f 6300 6272 6301
f 6272 6273 6302
f 6301 6272 6302
f 6273 6274 6275
f 6302 6273 6275
f 6330 6329 6332
f 6329 6328 6333
f 6332 6329 6333
f 6328 6327 6334
f 6333 6328 6334
f 6327 6326 6335
f 6334 6327 6335
f 6326 6325 6336
f 6335 6326 6336
f 6325 6324 6337
f 6336 6325 6337
f 6324 6323 6338
f 6337 6324 6338
f 6323 6322 6339
f 6338 6323 6339
f 6322 6321 6340
f 6339 6322 6340
f 6321 6320 6341
f 6340 6321 6341
f 6341 6320 6342
f 6320 6319 6342
f 6342 6319 6343
f 6319 6318 6343
f 6343 6318 6344
f 6318 6317 6344
f 6317 6316 6345
f 6344 6317 6345
f 6345 6316 6346
f 6316 6315 6346
f 6315 6314 6347
f 6346 6315 6347
f 6314 6313 6348
f 6347 6314 6348
f 6313 6312 6349
f 6348 6313 6349
f 6312 6311 6350
f 6349 6312 6350
f 6350 6311 6351
f 6310 6309 6352
f 6311 6310 6352
f 6351 6311 6352
f 6352 6309 6353
f 6308 6307 6354
f 6309 6308 6354
f 6353 6309 6354
f 6307 6306 6355
f 6354 6307 6355
f 6355 6306 6356
f 6306 6305 6357
f 6356 6306 6357
f 6305 6304 6358
f 6357 6305 6358
f 6304 6303 6331
f 6358 6304 6331
f 6386 6385 6413
f 6414 6386 6413
f 6385 6384 6412
f 6413 6385 6412
f 6384 6383 6411
f 6412 6384 6411
f 6383 6382 6410
f 6411 6383 6410
f 6382 6381 6409
f 6410 6382 6409
f 6381 6380 6408
f 6409 6381 6408
f 6380 6379 6407
f 6408 6380 6407
f 6379 6378 6406
f 6407 6379 6406
f 6378 6377 6405
f 6406 6378 6405
f 6405 6377 6404
f 6377 6376 6404
f 6404 6376 6403
f 6376 6375 6403
f 6403 6375 6402
f 6375 6374 6402
f 6374 6373 6401
f 6402 6374 6401
f 6373 6372 6400
f 6401 6373 6400
f 6372 6371 6399
f 6400 6372 6399
f 6371 6370 6398
f 6399 6371 6398
f 6370 6369 6397
f 6398 6370 6397
f 6369 6368 6396
f 6397 6369 6396
f 6368 6367 6395
f 6396 6368 6395
f 6367 6366 6394
f 6395 6367 6394
f 6366 6365 6393
f 6394 6366 6393
f 6364 6363 6392
f 6365 6364 6392
f 6393 6365 6392
f 6392 6363 6391
f 6363 6362 6390
f 6391 6363 6390
f 6362 6361 6389
f 6390 6362 6389
f 6361 6360 6388
f 6389 6361 6388
f 6360 6359 6387
f 6388 6360 6387
f 6442 6441 6444
f 6441 6440 6445
f 6444 6441 6445
f 6440 6439 6446
f 6445 6440 6446
f 6439 6438 6447
f 6446 6439 6447
f 6438 6437 6448
f 6447 6438 6448
f 6437 6436 6449
f 6448 6437 6449
f 6436 6435 6450
f 6449 6436 6450
f 6435 6434 6451
f 6450 6435 6451
f 6434 6433 6452
f 6451 6434 6452
f 6433 6432 6453
f 6452 6433 6453
f 6453 6432 6454
f 6432 6431 6454
f 6454 6431 6455
f 6431 6430 6455
f 6455 6430 6456
f 6430 6429 6456
f 6429 6428 6457
f 6456 6429 6457
f 6457 6428 6458
f 6428 6427 6458
f 6427 6426 6459
f 6458 6427 6459
f 6426 6425 6460
f 6459 6426 6460
f 6425 6424 6461
f 6460 6425 6461
f 6424 6423 6462
f 6461 6424 6462
f 6462 6423 6463
f 6422 6421 6464
f 6423 6422 6464
f 6463 6423 6464
f 6464 6421 6465
f 6420 6419 6466
f 6421 6420 6466
f 6465 6421 6466
f 6419 6418 6467
f 6466 6419 6467
f 6467 6418 6468
f 6418 6417 6469
f 6468 6418 6469
f 6417 6416 6470
f 6469 6417 6470
f 6416 6415 6443
f 6470 6416 6443
f 6472 6471 6525
f 6471 6526 6525
f 6473 6472 6524
f 6472 6525 6524
f 6474 6473 6523
f 6473 6524 6523
f 6475 6474 6522
f 6474 6523 6522
f 6476 6475 6521
f 6475 6522 6521
f 6477 6476 6520
f 6476 6521 6520
f 6478 6477 6519
f 6477 6520 6519
f 6479 6478 6518
f 6478 6519 6518
f 6480 6479 6517
f 6479 6518 6517
f 6480 6517 6516
f 6481 6480 6516
f 6481 6516 6515
f 6482 6481 6515
f 6482 6515 6514
f 6483 6482 6514
f 6484 6483 6513
f 6483 6514 6513
f 6485 6484 6512
f 6484 6513 6512
f 6486 6485 6511
f 6485 6512 6511
f 6487 6486 6510
f 6486 6511 6510
f 6488 6487 6509
f 6487 6510 6509
f 6489 6488 6508
f 6488 6509 6508
f 6490 6489 6507
f 6489 6508 6507
f 6491 6490 6506
f 6490 6507 6506
f 6492 6491 6505
f 6491 6506 6505
f 6493 6492 6504
f 6492 6505 6504
f 6494 6493 6503
f 6493 6504 6503
f 6495 6494 6502
f 6494 6503 6502
f 6496 6495 6501
f 6495 6502 6501
f 6497 6496 6500
f 6496 6501 6500
f 6497 6500 6499
f 6498 6497 6499
f 6554 6553 6581
f 6582 6554 6581
f 6553 6552 6580
f 6581 6553 6580
f 6552 6551 6579
f 6580 6552 6579
f 6551 6550 6578
f 6579 6551 6578
f 6549 6548 6577
f 6550 6549 6577
f 6578 6550 6577
f 6577 6548 6576
f 6547 6546 6575
f 6548 6547 6575
f 6576 6548 6575
f 6575 6546 6574
f 6546 6545 6573
f 6574 6546 6573
f 6573 6545 6572
f 6545 6544 6572
f 6572 6544 6571
f 6543 6542 6571
f 6544 6543 6571
f 6571 6542 6570
f 6570 6542 6569
f 6542 6541 6569
f 6541 6540 6568
f 6569 6541 6568
f 6539 6538 6567
f 6540 6539 6567
f 6568 6540 6567
f 6567 6538 6566
f 6537 6536 6565
f 6538 6537 6565
f 6566 6538 6565
f 6536 6535 6564
f 6565 6536 6564
f 6564 6535 6563
f 6534 6533 6562
f 6535 6534 6562
f 6563 6535 6562
f 6533 6532 6561
f 6562 6533 6561
f 6561 6532 6560
f 6532 6531 6559
f 6560 6532 6559
f 6530 6529 6558
f 6531 6530 6558
f 6559 6531 6558
f 6529 6528 6557
f 6558 6529 6557
f 6557 6528 6556
f 6528 6527 6555
f 6556 6528 6555
f 6583 6584 6613
f 6612 6583 6613
f 6584 6585 6614
f 6613 6584 6614
f 6585 6586 6615
f 6614 6585 6615
f 6586 6587 6616
f 6615 6586 6616
f 6587 6588 6617
f 6616 6587 6617
f 6588 6589 6618
f 6617 6588 6618
f 6589 6590 6619
f 6618 6589 6619
f 6590 6591 6620
f 6619 6590 6620
f 6591 6592 6621
f 6620 6591 6621
f 6621 6592 6622
f 6592 6593 6622
f 6622 6593 6623
f 6593 6594 6623
f 6623 6594 6624
f 6594 6595 6624
f 6624 6595 6625
f 6595 6596 6625
f 6596 6597 6626
f 6625 6596 6626
f 6597 6598 6627
f 6626 6597 6627
f 6598 6599 6628
f 6627 6598 6628
f 6599 6600 6629
f 6628 6599 6629
f 6600 6601 6630
f 6629 6600 6630
f 6601 6602 6631
f 6602 6603 6631
f 6630 6601 6631
f 6631 6603 6632
f 6603 6604 6633
f 6604 6605 6633
f 6632 6603 6633
f 6633 6605 6634
f 6605 6606 6635
f 6634 6605 6635
f 6606 6607 6636
f 6607 6608 6636
f 6635 6606 6636
f 6636 6608 6637
f 6608 6609 6638
f 6637 6608 6638
f 6609 6610 6611
f 6638 6609 6611
f 6640 6639 6747
f 6639 6667 6747
f 6641 6640 6748
f 6640 6747 6748
f 6667 6668 6749
f 6747 6667 6749
f 6748 6747 6749
f 6642 6641 6750
f 6641 6748 6750
f 6668 6669 6751
f 6749 6668 6751
f 6643 6642 6752
f 6642 6750 6752
f 6750 6748 6753
f 6748 6749 6753
f 6753 6749 6754
f 6749 6751 6754
f 6643 6752 6755
f 6644 6643 6755
f 6669 6670 6756
f 6751 6669 6756
f 6752 6750 6757
f 6750 6753 6757
f 6753 6754 6758
f 6645 6644 6759
f 6644 6755 6759
f 6754 6751 6760
f 6751 6756 6760
f 6755 6752 6761
f 6752 6757 6761
f 6670 6671 6762
f 6756 6670 6762
f 6753 6758 6763
f 6757 6753 6763
f 6646 6645 6764
f 6645 6759 6764
f 6754 6760 6765
f 6758 6754 6765
f 6759 6755 6766
f 6755 6761 6766
f 6760 6756 6767
f 6756 6762 6767
f 6761 6757 6768
f 6757 6763 6768
f 6647 6646 6769
f 6646 6764 6769
f 6762 6671 6770
f 6671 6672 6770
f 6763 6758 6771
f 6758 6765 6771
f 6759 6766 6772
f 6764 6759 6772
f 6765 6760 6773
f 6760 6767 6773
f 6766 6761 6774
f 6761 6768 6774
f 6647 6769 6775
f 6648 6647 6775
f 6767 6762 6776
f 6762 6770 6776
f 6768 6763 6777
f 6763 6771 6777
f 6764 6772 6778
f 6769 6764 6778
f 6672 6673 6779
f 6770 6672 6779
f 6765 6773 6780
f 6771 6765 6780
f 6772 6766 6781
f 6766 6774 6781
f 6649 6648 6782
f 6648 6775 6782
f 6773 6767 6783
f 6767 6776 6783
f 6768 6777 6784
f 6774 6768 6784
f 6775 6769 6785
f 6769 6778 6785
f 6770 6779 6786
f 6776 6770 6786
f 6777 6771 6787
f 6771 6780 6787
f 6778 6772 6788
f 6772 6781 6788
f 6650 6649 6789
f 6649 6782 6789
f 6673 6674 6790
f 6779 6673 6790
f 6773 6783 6791
f 6780 6773 6791
f 6774 6784 6792
f 6781 6774 6792
f 6775 6785 6793
f 6782 6775 6793
f 6776 6786 6794
f 6783 6776 6794
f 6784 6777 6795
f 6777 6787 6795
f 6778 6788 6796
f 6785 6778 6796
f 6651 6650 6797
f 6650 6789 6797
f 6786 6779 6798
f 6779 6790 6798
f 6780 6791 6799
f 6787 6780 6799
f 6788 6781 6800
f 6781 6792 6800
f 6789 6782 6801
f 6782 6793 6801
f 6674 6675 6802
f 6790 6674 6802
f 6791 6783 6803
f 6783 6794 6803
f 6792 6784 6804
f 6784 6795 6804
f 6793 6785 6805
f 6785 6796 6805
f 6652 6651 6806
f 6651 6797 6806
f 6794 6786 6807
f 6786 6798 6807
f 6795 6787 6808
f 6787 6799 6808
f 6796 6788 6809
f 6788 6800 6809
f 6789 6801 6810
f 6797 6789 6810
f 6798 6790 6811
f 6790 6802 6811
f 6799 6791 6812
f 6791 6803 6812
f 6800 6792 6813
f 6792 6804 6813
f 6793 6805 6814
f 6801 6793 6814
f 6802 6675 6815
f 6675 6676 6815
f 6653 6652 6816
f 6652 6806 6816
f 6803 6794 6817
f 6794 6807 6817
f 6804 6795 6818
f 6795 6808 6818
f 6796 6809 6819
f 6805 6796 6819
f 6806 6797 6820
f 6797 6810 6820
f 6798 6811 6821
f 6807 6798 6821
f 6808 6799 6822
f 6799 6812 6822
f 6809 6800 6823
f 6800 6813 6823
f 6801 6814 6824
f 6810 6801 6824
f 6802 6815 6825
f 6811 6802 6825
f 6654 6653 6826
f 6653 6816 6826
f 6803 6817 6827
f 6812 6803 6827
f 6813 6804 6828
f 6804 6818 6828
f 6805 6819 6829
f 6814 6805 6829
f 6676 6677 6830
f 6815 6676 6830
f 6816 6806 6831
f 6806 6820 6831
f 6807 6821 6832
f 6817 6807 6832
f 6818 6808 6833
f 6808 6822 6833
f 6809 6823 6834
f 6819 6809 6834
f 6810 6824 6835
f 6820 6810 6835
f 6811 6825 6836
f 6821 6811 6836
f 6655 6654 6837
f 6654 6826 6837
f 6812 6827 6838
f 6822 6812 6838
f 6813 6828 6839
f 6823 6813 6839
f 6824 6814 6840
f 6814 6829 6840
f 6825 6815 6841
f 6815 6830 6841
f 6826 6816 6842
f 6816 6831 6842
f 6827 6817 6843
f 6817 6832 6843
f 6828 6818 6844
f 6818 6833 6844
f 6819 6834 6845
f 6829 6819 6845
f 6677 6678 6846
f 6830 6677 6846
f 6820 6835 6847
f 6831 6820 6847
f 6832 6821 6848
f 6821 6836 6848
f 6656 6655 6849
f 6655 6837 6849
f 6833 6822 6850
f 6822 6838 6850
f 6823 6839 6851
f 6834 6823 6851
f 6824 6840 6852
f 6835 6824 6852
f 6825 6841 6853
f 6836 6825 6853
f 6837 6826 6854
f 6826 6842 6854
f 6838 6827 6855
f 6827 6843 6855
f 6839 6828 6856
f 6828 6844 6856
f 6840 6829 6857
f 6829 6845 6857
f 6830 6846 6858
f 6841 6830 6858
f 6842 6831 6859
f 6831 6847 6859
f 6832 6848 6860
f 6843 6832 6860
f 6657 6656 6861
f 6656 6849 6861
f 6833 6850 6862
f 6844 6833 6862
f 6834 6851 6863
f 6845 6834 6863
f 6846 6678 6864
f 6678 6679 6864
f 6835 6852 6865
f 6847 6835 6865
f 6836 6853 6866
f 6848 6836 6866
f 6849 6837 6867
f 6837 6854 6867
f 6838 6855 6868
f 6850 6838 6868
f 6839 6856 6869
f 6851 6839 6869
f 6840 6857 6870
f 6852 6840 6870
f 6841 6858 6871
f 6853 6841 6871
f 6854 6842 6872
f 6842 6859 6872
f 6843 6860 6873
f 6855 6843 6873
f 6657 6861 6874
f 6658 6657 6874
f 6856 6844 6875
f 6844 6862 6875
f 6857 6845 6876
f 6845 6863 6876
f 6846 6864 6877
f 6858 6846 6877
f 6847 6865 6878
f 6859 6847 6878
f 6860 6848 6879
f 6848 6866 6879
f 6861 6849 6880
f 6849 6867 6880
f 6862 6850 6881
f 6850 6868 6881
f 6863 6851 6882
f 6851 6869 6882
f 6864 6679 6883
f 6679 6680 6883
f 6852 6870 6884
f 6865 6852 6884
f 6853 6871 6885
f 6866 6853 6885
f 6867 6854 6886
f 6854 6872 6886
f 6868 6855 6887
f 6855 6873 6887
f 6659 6658 6888
f 6658 6874 6888
f 6869 6856 6889
f 6856 6875 6889
f 6870 6857 6890
f 6857 6876 6890
f 6871 6858 6891
f 6858 6877 6891
f 6872 6859 6892
f 6859 6878 6892
f 6873 6860 6893
f 6860 6879 6893
f 6874 6861 6894
f 6861 6880 6894
f 6875 6862 6895
f 6862 6881 6895
f 6876 6863 6896
f 6863 6882 6896
f 6864 6883 6897
f 6877 6864 6897
f 6865 6884 6898
f 6878 6865 6898
f 6866 6885 6899
f 6879 6866 6899
f 6867 6886 6900
f 6880 6867 6900
f 6868 6887 6901
f 6881 6868 6901
f 6660 6659 6902
f 6659 6888 6902
f 6869 6889 6903
f 6882 6869 6903
f 6883 6680 6904
f 6680 6681 6904
f 6884 6870 6905
f 6870 6890 6905
f 6885 6871 6906
f 6871 6891 6906
f 6872 6892 6907
f 6886 6872 6907
f 6887 6873 6908
f 6873 6893 6908
f 6874 6894 6909
f 6888 6874 6909
f 6875 6895 6910
f 6889 6875 6910
f 6890 6876 6911
f 6876 6896 6911
f 6891 6877 6912
f 6877 6897 6912
f 6878 6898 6913
f 6892 6878 6913
f 6893 6879 6914
f 6879 6899 6914
f 6894 6880 6915
f 6880 6900 6915
f 6881 6901 6916
f 6895 6881 6916
f 6661 6660 6917
f 6660 6902 6917
f 6882 6903 6918
f 6896 6882 6918
f 6883 6904 6919
f 6897 6883 6919
f 6884 6905 6920
f 6898 6884 6920
f 6899 6885 6921
f 6885 6906 6921
f 6900 6886 6922
f 6886 6907 6922
f 6887 6908 6923
f 6901 6887 6923
f 6888 6909 6924
f 6902 6888 6924
f 6903 6889 6925
f 6889 6910 6925
f 6681 6682 6926
f 6904 6681 6926
f 6905 6890 6927
f 6890 6911 6927
f 6906 6891 6928
f 6891 6912 6928
f 6907 6892 6929
f 6892 6913 6929
f 6908 6893 6930
f 6893 6914 6930
f 6894 6915 6931
f 6909 6894 6931
f 6895 6916 6932
f 6910 6895 6932
f 6662 6661 6933
f 6661 6917 6933
f 6911 6896 6934
f 6896 6918 6934
f 6912 6897 6935
f 6897 6919 6935
f 6898 6920 6936
f 6913 6898 6936
f 6914 6899 6937
f 6899 6921 6937
f 6915 6900 6938
f 6900 6922 6938
f 6901 6923 6939
f 6916 6901 6939
f 6902 6924 6940
f 6917 6902 6940
f 6918 6903 6941
f 6903 6925 6941
f 6919 6904 6942
f 6904 6926 6942
f 6905 6927 6943
f 6920 6905 6943
f 6921 6906 6944
f 6906 6928 6944
f 6907 6929 6945
f 6922 6907 6945
f 6923 6908 6946
f 6908 6930 6946
f 6909 6931 6947
f 6924 6909 6947
f 6925 6910 6948
f 6910 6932 6948
f 6682 6683 6949
f 6926 6682 6949
f 6663 6662 6950
f 6662 6933 6950
f 6927 6911 6951
f 6911 6934 6951
f 6912 6935 6952
f 6928 6912 6952
f 6913 6936 6953
f 6929 6913 6953
f 6914 6937 6954
f 6930 6914 6954
f 6915 6938 6955
f 6931 6915 6955
f 6916 6939 6956
f 6932 6916 6956
f 6933 6917 6957
f 6917 6940 6957
f 6934 6918 6958
f 6918 6941 6958
f 6935 6919 6959
f 6919 6942 6959
f 6936 6920 6960
f 6920 6943 6960
f 6921 6944 6961
f 6937 6921 6961
f 6922 6945 6962
f 6938 6922 6962
f 6939 6923 6963
f 6923 6946 6963
f 6940 6924 6964
f 6924 6947 6964
f 6941 6925 6965
f 6925 6948 6965
f 6926 6949 6966
f 6942 6926 6966
f 6664 6663 6967
f 6663 6950 6967
f 6927 6951 6968
f 6943 6927 6968
f 6928 6952 6969
f 6944 6928 6969
f 6945 6929 6970
f 6929 6953 6970
f 6946 6930 6971
f 6930 6954 6971
f 6947 6931 6972
f 6931 6955 6972
f 6948 6932 6973
f 6932 6956 6973
f 6683 6684 6974
f 6949 6683 6974
f 6933 6957 6975
f 6950 6933 6975
f 6934 6958 6976
f 6951 6934 6976
f 6935 6959 6977
f 6952 6935 6977
f 6936 6960 6978
f 6953 6936 6978
f 6937 6961 6979
f 6954 6937 6979
f 6938 6962 6980
f 6955 6938 6980
f 6939 6963 6981
f 6956 6939 6981
f 6957 6940 6982
f 6940 6964 6982
f 6958 6941 6983
f 6941 6965 6983
f 6959 6942 6984
f 6942 6966 6984
f 6664 6967 6985
f 6665 6664 6985
f 6666 6665 6985
f 6721 6666 6985
f 6960 6943 6986
f 6943 6968 6986
f 6944 6969 6987
f 6961 6944 6987
f 6945 6970 6988
f 6962 6945 6988
f 6963 6946 6989
f 6946 6971 6989
f 6964 6947 6990
f 6947 6972 6990
f 6965 6948 6991
f 6948 6973 6991
f 6966 6949 6992
f 6949 6974 6992
f 6967 6950 6993
f 6950 6975 6993
f 6968 6951 6994
f 6951 6976 6994
f 6952 6977 6995
f 6969 6952 6995
f 6970 6953 6996
f 6953 6978 6996
f 6954 6979 6997
f 6971 6954 6997
f 6955 6980 6998
f 6972 6955 6998
f 6973 6956 6999
f 6956 6981 6999
f 6974 6684 7000
f 6684 6685 7000
f 6957 6982 7001
f 6975 6957 7001
f 6958 6983 7002
f 6976 6958 7002
f 6977 6959 7003
f 6959 6984 7003
f 6960 6986 7004
f 6978 6960 7004
f 6961 6987 7005
f 6979 6961 7005
f 6980 6962 7006
f 6962 6988 7006
f 6981 6963 7007
f 6963 6989 7007
f 6982 6964 7008
f 6964 6990 7008
f 6983 6965 7009
f 6965 6991 7009
f 6984 6966 7010
f 6966 6992 7010
f 6721 6985 7011
f 6967 6993 7011
f 6985 6967 7011
f 6722 6721 7011
f 6968 6994 7012
f 6986 6968 7012
f 6969 6995 7013
f 6987 6969 7013
f 6970 6996 7014
f 6988 6970 7014
f 6989 6971 7015
f 6971 6997 7015
f 6990 6972 7016
f 6972 6998 7016
f 6973 6999 7017
f 6991 6973 7017
f 6992 6974 7018
f 6974 7000 7018
f 6993 6975 7019
f 6975 7001 7019
f 6976 7002 7020
f 6994 6976 7020
f 6995 6977 7021
f 6977 7003 7021
f 6978 7004 7022
f 6996 6978 7022
f 6997 6979 7023
f 6979 7005 7023
f 6998 6980 7024
f 6980 7006 7024
f 6999 6981 7025
f 6981 7007 7025
f 7000 6685 7026
f 6685 6686 7026
f 7001 6982 7027
f 6982 7008 7027
f 6983 7009 7028
f 7002 6983 7028
f 7003 6984 7029
f 6984 7010 7029
f 7004 6986 7030
f 6986 7012 7030
f 6987 7013 7031
f 7005 6987 7031
f 7006 6988 7032
f 6988 7014 7032
f 7007 6989 7033
f 6989 7015 7033
f 7008 6990 7034
f 6990 7016 7034
f 6991 7017 7035
f 7009 6991 7035
f 6992 7018 7036
f 7010 6992 7036
f 7011 6993 7037
f 6993 7019 7037
f 6723 6722 7037
f 6722 7011 7037
f 7012 6994 7038
f 6994 7020 7038
f 7013 6995 7039
f 6995 7021 7039
f 6996 7022 7040
f 7014 6996 7040
f 6997 7023 7041
f 7015 6997 7041
f 6998 7024 7042
f 7016 6998 7042
f 6999 7025 7043
f 7017 6999 7043
f 7018 7000 7044
f 7000 7026 7044
f 7019 7001 7045
f 7001 7027 7045
f 7002 7028 7046
f 7020 7002 7046
f 7021 7003 7047
f 7003 7029 7047
f 7022 7004 7048
f 7004 7030 7048
f 7023 7005 7049
f 7005 7031 7049
f 7006 7032 7050
f 7024 7006 7050
f 7025 7007 7051
f 7007 7033 7051
f 6686 6687 7052
f 7026 6686 7052
f 7027 7008 7053
f 7008 7034 7053
f 7009 7035 7054
f 7028 7009 7054
f 7010 7036 7055
f 7029 7010 7055
f 7012 7038 7056
f 7030 7012 7056
f 7013 7039 7057
f 7031 7013 7057
f 7032 7014 7058
f 7014 7040 7058
f 7033 7015 7059
f 7015 7041 7059
f 7034 7016 7060
f 7016 7042 7060
f 7035 7017 7061
f 7017 7043 7061
f 7018 7044 7062
f 7036 7018 7062
f 7019 7045 7063
f 7037 7019 7063
f 6723 7037 7063
f 6724 6723 7063
f 7038 7020 7064
f 7020 7046 7064
f 7021 7047 7065
f 7039 7021 7065
f 7040 7022 7066
f 7022 7048 7066
f 7041 7023 7067
f 7023 7049 7067
f 7042 7024 7068
f 7024 7050 7068
f 7043 7025 7069
f 7025 7051 7069
f 7026 7052 7070
f 7044 7026 7070
f 7027 7053 7071
f 7045 7027 7071
f 7046 7028 7072
f 7028 7054 7072
f 7047 7029 7073
f 7029 7055 7073
f 7030 7056 7074
f 7048 7030 7074
f 7031 7057 7075
f 7049 7031 7075
f 7032 7058 7076
f 7050 7032 7076
f 7051 7033 7077
f 7033 7059 7077
f 7052 6687 7078
f 6687 6688 7078
f 7034 7060 7079
f 7053 7034 7079
f 7035 7061 7080
f 7054 7035 7080
f 7036 7062 7081
f 7055 7036 7081
f 7038 7064 7082
f 7056 7038 7082
f 7039 7065 7083
f 7057 7039 7083
f 7040 7066 7084
f 7058 7040 7084
f 7059 7041 7085
f 7041 7067 7085
f 7060 7042 7086
f 7042 7068 7086
f 7043 7069 7087
f 7061 7043 7087
f 7044 7070 7088
f 7062 7044 7088
f 7063 7045 7089
f 6724 7063 7089
f 7045 7071 7089
f 6725 6724 7089
f 7064 7046 7090
f 7046 7072 7090
f 7047 7073 7091
f 7065 7047 7091
f 7066 7048 7092
f 7048 7074 7092
f 7067 7049 7093
f 7049 7075 7093
f 7068 7050 7094
f 7050 7076 7094
f 7051 7077 7095
f 7069 7051 7095
f 7052 7078 7096
f 7070 7052 7096
f 7053 7079 7097
f 7071 7053 7097
f 7054 7080 7098
f 7072 7054 7098
f 7073 7055 7099
f 7055 7081 7099
f 7074 7056 7100
f 7056 7082 7100
f 7075 7057 7101
f 7057 7083 7101
f 7076 7058 7102
f 7058 7084 7102
f 7059 7085 7103
f 7077 7059 7103
f 6688 6689 7104
f 7078 6688 7104
f 7079 7060 7105
f 7060 7086 7105
f 7061 7087 7106
f 7080 7061 7106
f 7081 7062 7107
f 7062 7088 7107
f 7082 7064 7108
f 7064 7090 7108
f 7065 7091 7109
f 7083 7065 7109
f 7066 7092 7110
f 7084 7066 7110
f 7085 7067 7111
f 7067 7093 7111
f 7068 7094 7112
f 7086 7068 7112
f 7069 7095 7113
f 7087 7069 7113
f 7088 7070 7114
f 7070 7096 7114
f 6725 7089 7115
f 7071 7097 7115
f 6726 6725 7115
f 7089 7071 7115
f 7090 7072 7116
f 7072 7098 7116
f 7091 7073 7117
f 7073 7099 7117
f 7074 7100 7118
f 7092 7074 7118
f 7093 7075 7119
f 7075 7101 7119
f 7094 7076 7120
f 7076 7102 7120
f 7095 7077 7121
f 7077 7103 7121
f 7078 7104 7122
f 7096 7078 7122
f 7097 7079 7123
f 7079 7105 7123
f 7098 7080 7124
f 7080 7106 7124
f 7081 7107 7125
f 7099 7081 7125
f 7100 7082 7126
f 7082 7108 7126
f 7101 7083 7127
f 7083 7109 7127
f 7102 7084 7128
f 7084 7110 7128
f 7103 7085 7129
f 7085 7111 7129
f 6689 6690 7130
f 7104 6689 7130
f 7086 7112 7131
f 7105 7086 7131
f 7106 7087 7132
f 7087 7113 7132
f 7088 7114 7133
f 7107 7088 7133
f 7108 7090 7134
f 7090 7116 7134
f 7109 7091 7135
f 7091 7117 7135
f 7092 7118 7136
f 7110 7092 7136
f 7093 7119 7137
f 7111 7093 7137
f 7112 7094 7138
f 7094 7120 7138
f 7095 7121 7139
f 7113 7095 7139
f 7114 7096 7140
f 7096 7122 7140
f 6726 7115 7141
f 7097 7123 7141
f 6727 6726 7141
f 7115 7097 7141
f 7098 7124 7142
f 7116 7098 7142
f 7099 7125 7143
f 7117 7099 7143
f 7100 7126 7144
f 7118 7100 7144
f 7119 7101 7145
f 7101 7127 7145
f 7102 7128 7146
f 7120 7102 7146
f 7121 7103 7147
f 7103 7129 7147
f 7104 7130 7148
f 7122 7104 7148
f 7123 7105 7149
f 7105 7131 7149
f 7124 7106 7150
f 7106 7132 7150
f 7107 7133 7151
f 7125 7107 7151
f 7108 7134 7152
f 7126 7108 7152
f 7127 7109 7153
f 7109 7135 7153
f 7128 7110 7154
f 7110 7136 7154
f 7111 7137 7155
f 7129 7111 7155
f 7130 6690 7156
f 6690 6691 7156
f 7112 7138 7157
f 7131 7112 7157
f 7132 7113 7158
f 7113 7139 7158
f 7114 7140 7159
f 7133 7114 7159
f 7134 7116 7160
f 7116 7142 7160
f 7135 7117 7161
f 7117 7143 7161
f 7136 7118 7162
f 7118 7144 7162
f 7137 7119 7163
f 7119 7145 7163
f 7120 7146 7164
f 7138 7120 7164
f 7121 7147 7165
f 7139 7121 7165
f 7140 7122 7166
f 7122 7148 7166
f 7123 7149 7167
f 6727 7141 7167
f 6728 6727 7167
f 7141 7123 7167
f 7142 7124 7168
f 7124 7150 7168
f 7143 7125 7169
f 7125 7151 7169
f 7144 7126 7170
f 7126 7152 7170
f 7127 7153 7171
f 7145 7127 7171
f 7146 7128 7172
f 7128 7154 7172
f 7147 7129 7173
f 7129 7155 7173
f 7130 7156 7174
f 7148 7130 7174
f 7149 7131 7175
f 7131 7157 7175
f 7150 7132 7176
f 7132 7158 7176
f 7133 7159 7177
f 7151 7133 7177
f 7134 7160 7178
f 7152 7134 7178
f 7153 7135 7179
f 7135 7161 7179
f 7136 7162 7180
f 7154 7136 7180
f 7155 7137 7181
f 7137 7163 7181
f 7156 6691 7182
f 6691 6692 7182
f 6692 6693 7182
f 6693 6694 7182
f 7138 7164 7183
f 7157 7138 7183
f 7158 7139 7184
f 7139 7165 7184
f 7140 7166 7185
f 7159 7140 7185
f 7142 7168 7186
f 7160 7142 7186
f 7143 7169 7187
f 7161 7143 7187
f 7144 7170 7188
f 7162 7144 7188
f 7163 7145 7189
f 7145 7171 7189
f 7146 7172 7190
f 7164 7146 7190
f 7165 7147 7191
f 7147 7173 7191
f 7166 7148 7192
f 7148 7174 7192
f 7167 7149 7193
f 7149 7175 7193
f 6728 7167 7193
f 6729 6728 7193
f 7168 7150 7194
f 7150 7176 7194
f 7151 7177 7195
f 7169 7151 7195
f 7170 7152 7196
f 7152 7178 7196
f 7171 7153 7197
f 7153 7179 7197
f 7172 7154 7198
f 7154 7180 7198
f 7173 7155 7199
f 7155 7181 7199
f 7182 6694 7200
f 7174 7156 7200
f 6694 6695 7200
f 7156 7182 7200
f 7157 7183 7201
f 7175 7157 7201
f 7176 7158 7202
f 7158 7184 7202
f 7159 7185 7203
f 7177 7159 7203
f 7160 7186 7204
f 7178 7160 7204
f 7161 7187 7205
f 7179 7161 7205
f 7180 7162 7206
f 7162 7188 7206
f 7163 7189 7207
f 7181 7163 7207
f 7183 7164 7208
f 7164 7190 7208
f 7165 7191 7209
f 7184 7165 7209
f 7166 7192 7210
f 7185 7166 7210
f 7186 7168 7211
f 7168 7194 7211
f 7187 7169 7212
f 7169 7195 7212
f 7170 7196 7213
f 7188 7170 7213
f 7189 7171 7214
f 7171 7197 7214
f 7172 7198 7215
f 7190 7172 7215
f 7173 7199 7216
f 7191 7173 7216
f 7174 7200 7217
f 7192 7174 7217
f 6695 6696 7217
f 7200 6695 7217
f 7193 7175 7218
f 6729 7193 7218
f 7175 7201 7218
f 6730 6729 7218
f 7176 7202 7219
f 7194 7176 7219
f 7195 7177 7220
f 7177 7203 7220
f 7178 7204 7221
f 7196 7178 7221
f 7179 7205 7222
f 7197 7179 7222
f 7180 7206 7223
f 7198 7180 7223
f 7199 7181 7224
f 7181 7207 7224
f 7183 7208 7225
f 7201 7183 7225
f 7184 7209 7226
f 7202 7184 7226
f 7203 7185 7227
f 7185 7210 7227
f 7204 7186 7228
f 7186 7211 7228
f 7187 7212 7229
f 7205 7187 7229
f 7188 7213 7230
f 7206 7188 7230
f 7189 7214 7231
f 7207 7189 7231
f 7208 7190 7232
f 7190 7215 7232
f 7209 7191 7233
f 7191 7216 7233
f 7217 6696 7234
f 7210 7192 7234
f 6696 6697 7234
f 7192 7217 7234
f 7211 7194 7235
f 7194 7219 7235
f 7195 7220 7236
f 7212 7195 7236
f 7213 7196 7237
f 7196 7221 7237
f 7197 7222 7238
f 7214 7197 7238
f 7215 7198 7239
f 7198 7223 7239
f 7216 7199 7240
f 7199 7224 7240
f 7201 7225 7241
f 7218 7201 7241
f 6730 7218 7241
f 6731 6730 7241
f 7219 7202 7242
f 7202 7226 7242
f 7203 7227 7243
f 7220 7203 7243
f 7221 7204 7244
f 7204 7228 7244
f 7205 7229 7245
f 7222 7205 7245
f 7223 7206 7246
f 7206 7230 7246
f 7224 7207 7247
f 7207 7231 7247
f 7225 7208 7248
f 7208 7232 7248
f 7209 7233 7249
f 7226 7209 7249
f 7210 7234 7250
f 7227 7210 7250
f 6697 6698 7250
f 7234 6697 7250
f 7228 7211 7251
f 7211 7235 7251
f 7212 7236 7252
f 7229 7212 7252
f 7213 7237 7253
f 7230 7213 7253
f 7231 7214 7254
f 7214 7238 7254
f 7215 7239 7255
f 7232 7215 7255
f 7233 7216 7256
f 7216 7240 7256
f 7219 7242 7257
f 7235 7219 7257
f 7236 7220 7258
f 7220 7243 7258
f 7221 7244 7259
f 7237 7221 7259
f 7222 7245 7260
f 7238 7222 7260
f 7239 7223 7261
f 7223 7246 7261
f 7224 7247 7262
f 7240 7224 7262
f 7225 7248 7263
f 6731 7241 7263
f 6732 6731 7263
f 7241 7225 7263
f 7242 7226 7264
f 7226 7249 7264
f 7250 6698 7265
f 7243 7227 7265
f 7227 7250 7265
f 6698 6699 7265
f 7244 7228 7266
f 7228 7251 7266
f 7229 7252 7267
f 7245 7229 7267
f 7230 7253 7268
f 7246 7230 7268
f 7247 7231 7269
f 7231 7254 7269
f 7248 7232 7270
f 7232 7255 7270
f 7233 7256 7271
f 7249 7233 7271
f 7251 7235 7272
f 7235 7257 7272
f 7252 7236 7273
f 7236 7258 7273
f 7237 7259 7274
f 7253 7237 7274
f 7238 7260 7275
f 7254 7238 7275
f 7239 7261 7276
f 7255 7239 7276
f 7256 7240 7277
f 7240 7262 7277
f 7242 7264 7278
f 7257 7242 7278
f 7243 7265 7279
f 7258 7243 7279
f 7265 6699 7279
f 6699 6700 7279
f 7244 7266 7280
f 7259 7244 7280
f 7245 7267 7281
f 7260 7245 7281
f 7246 7268 7282
f 7261 7246 7282
f 7262 7247 7283
f 7247 7269 7283
f 7263 7248 7284
f 7248 7270 7284
f 6732 7263 7284
f 6733 6732 7284
f 7249 7271 7285
f 7264 7249 7285
f 7266 7251 7286
f 7251 7272 7286
f 7267 7252 7287
f 7252 7273 7287
f 7268 7253 7288
f 7253 7274 7288
f 7254 7275 7289
f 7269 7254 7289
f 7270 7255 7290
f 7255 7276 7290
f 7256 7277 7291
f 7271 7256 7291
f 7272 7257 7292
f 7257 7278 7292
f 7273 7258 7293
f 7258 7279 7293
f 6700 6701 7293
f 7279 6700 7293
f 7259 7280 7294
f 7274 7259 7294
f 7275 7260 7295
f 7260 7281 7295
f 7261 7282 7296
f 7276 7261 7296
f 7277 7262 7297
f 7262 7283 7297
f 7278 7264 7298
f 7264 7285 7298
f 7266 7286 7299
f 7280 7266 7299
f 7281 7267 7300
f 7267 7287 7300
f 7282 7268 7301
f 7268 7288 7301
f 7269 7289 7302
f 7283 7269 7302
f 6733 7284 7303
f 7284 7270 7303
f 7270 7290 7303
f 6734 6733 7303
f 7271 7291 7304
f 7285 7271 7304
f 7272 7292 7305
f 7286 7272 7305
f 7273 7293 7306
f 7293 6701 7306
f 6701 6702 7306
f 7287 7273 7306
f 7288 7274 7307
f 7274 7294 7307
f 7275 7295 7308
f 7289 7275 7308
f 7290 7276 7309
f 7276 7296 7309
f 7277 7297 7310
f 7291 7277 7310
f 7292 7278 7311
f 7278 7298 7311
f 7280 7299 7312
f 7294 7280 7312
f 7295 7281 7313
f 7281 7300 7313
f 7296 7282 7314
f 7282 7301 7314
f 7283 7302 7315
f 7297 7283 7315
f 7285 7304 7316
f 7298 7285 7316
f 7299 7286 7317
f 7286 7305 7317
f 7300 7287 7318
f 6702 6703 7318
f 7287 7306 7318
f 7306 6702 7318
f 7301 7288 7319
f 7288 7307 7319
f 7289 7308 7320
f 7302 7289 7320
f 7303 7290 7321
f 7290 7309 7321
f 6734 7303 7321
f 6735 6734 7321
f 7304 7291 7322
f 7291 7310 7322
f 7292 7311 7323
f 7305 7292 7323
f 7307 7294 7324
f 7294 7312 7324
f 7295 7313 7325
f 7308 7295 7325
f 7296 7314 7326
f 7309 7296 7326
f 7297 7315 7327
f 7310 7297 7327
f 7298 7316 7328
f 7311 7298 7328
f 7299 7317 7329
f 7312 7299 7329
f 7318 6703 7330
f 7313 7300 7330
f 6703 6704 7330
f 7300 7318 7330
f 7314 7301 7331
f 7301 7319 7331
f 7315 7302 7332
f 7302 7320 7332
f 7316 7304 7333
f 7304 7322 7333
f 7317 7305 7334
f 7305 7323 7334
f 7307 7324 7335
f 7319 7307 7335
f 7308 7325 7336
f 7320 7308 7336
f 6735 7321 7337
f 7309 7326 7337
f 7321 7309 7337
f 6736 6735 7337
f 7322 7310 7338
f 7310 7327 7338
f 7311 7328 7339
f 7323 7311 7339
f 7312 7329 7340
f 7324 7312 7340
f 7313 7330 7341
f 7325 7313 7341
f 7330 6704 7341
f 6704 6705 7341
f 7314 7331 7342
f 7326 7314 7342
f 7315 7332 7343
f 7327 7315 7343
f 7316 7333 7344
f 7328 7316 7344
f 7317 7334 7345
f 7329 7317 7345
f 7331 7319 7346
f 7319 7335 7346
f 7332 7320 7347
f 7320 7336 7347
f 7333 7322 7348
f 7322 7338 7348
f 7323 7339 7349
f 7334 7323 7349
f 7335 7324 7350
f 7324 7340 7350
f 7325 7341 7351
f 7336 7325 7351
f 6705 6706 7351
f 7341 6705 7351
f 7337 7326 7352
f 7326 7342 7352
f 6736 7337 7352
f 6737 6736 7352
f 7327 7343 7353
f 7338 7327 7353
f 7328 7344 7354
f 7339 7328 7354
f 7340 7329 7355
f 7329 7345 7355
f 7342 7331 7356
f 7331 7346 7356
f 7343 7332 7357
f 7332 7347 7357
f 7344 7333 7358
f 7333 7348 7358
f 7334 7349 7359
f 7345 7334 7359
f 7335 7350 7360
f 7346 7335 7360
f 6706 6707 7361
f 7336 7351 7361
f 7351 6706 7361
f 7347 7336 7361
f 7348 7338 7362
f 7338 7353 7362
f 7349 7339 7363
f 7339 7354 7363
f 7340 7355 7364
f 7350 7340 7364
f 6737 7352 7365
f 7342 7356 7365
f 7352 7342 7365
f 6738 6737 7365
f 7343 7357 7366
f 7353 7343 7366
f 7354 7344 7367
f 7344 7358 7367
f 7345 7359 7368
f 7355 7345 7368
f 7356 7346 7369
f 7346 7360 7369
f 7361 6707 7370
f 7347 7361 7370
f 7357 7347 7370
f 6707 6708 7370
f 7358 7348 7371
f 7348 7362 7371
f 7349 7363 7372
f 7359 7349 7372
f 7350 7364 7373
f 7360 7350 7373
f 7362 7353 7374
f 7353 7366 7374
f 7354 7367 7375
f 7363 7354 7375
f 7364 7355 7376
f 7355 7368 7376
f 7356 7369 7377
f 7365 7356 7377
f 6738 7365 7377
f 6739 6738 7377
f 7366 7357 7378
f 7370 6708 7378
f 6708 6709 7378
f 7357 7370 7378
f 7367 7358 7379
f 7358 7371 7379
f 7368 7359 7380
f 7359 7372 7380
f 7369 7360 7381
f 7360 7373 7381
f 7371 7362 7382
f 7362 7374 7382
f 7363 7375 7383
f 7372 7363 7383
f 7373 7364 7384
f 7364 7376 7384
f 7374 7366 7385
f 6709 6710 7385
f 7366 7378 7385
f 7378 6709 7385
f 7375 7367 7386
f 7367 7379 7386
f 7368 7380 7387
f 7376 7368 7387
f 6740 6739 7388
f 6739 7377 7388
f 7369 7381 7388
f 7377 7369 7388
f 7371 7382 7389
f 7379 7371 7389
f 7372 7383 7390
f 7380 7372 7390
f 7373 7384 7391
f 7381 7373 7391
f 6710 6711 7392
f 7382 7374 7392
f 7385 6710 7392
f 7374 7385 7392
f 7375 7386 7393
f 7383 7375 7393
f 7384 7376 7394
f 7376 7387 7394
f 7379 7389 7395
f 7386 7379 7395
f 7380 7390 7396
f 7387 7380 7396
f 6741 6740 7397
f 7388 7381 7397
f 6740 7388 7397
f 7381 7391 7397
f 7389 7382 7398
f 7382 7392 7398
f 7392 6711 7398
f 6711 6712 7398
f 7383 7393 7399
f 7390 7383 7399
f 7384 7394 7400
f 7391 7384 7400
f 7393 7386 7401
f 7386 7395 7401
f 7387 7396 7402
f 7394 7387 7402
f 7395 7389 7403
f 7389 7398 7403
f 7398 6712 7403
f 6712 6713 7403
f 7390 7399 7404
f 7396 7390 7404
f 6742 6741 7405
f 7391 7400 7405
f 6741 7397 7405
f 7397 7391 7405
f 7399 7393 7406
f 7393 7401 7406
f 7400 7394 7407
f 7394 7402 7407
f 7395 7403 7408
f 7403 6713 7408
f 6713 6714 7408
f 7401 7395 7408
f 7402 7396 7409
f 7396 7404 7409
f 7404 7399 7410
f 7399 7406 7410
f 6743 6742 7411
f 7400 7407 7411
f 6742 7405 7411
f 7405 7400 7411
f 7401 7408 7412
f 7406 7401 7412
f 6714 6715 7412
f 7408 6714 7412
f 7402 7409 7413
f 7407 7402 7413
f 7404 7410 7414
f 7409 7404 7414
f 7410 7406 7415
f 7406 7412 7415
f 6715 6716 7415
f 7412 6715 7415
f 6744 6743 7416
f 6743 7411 7416
f 7411 7407 7416
f 7407 7413 7416
f 7413 7409 7417
f 7409 7414 7417
f 6716 6717 7418
f 7415 6716 7418
f 7414 7410 7418
f 7410 7415 7418
f 6745 6744 7419
f 6744 7416 7419
f 7413 7417 7419
f 7416 7413 7419
f 7417 7414 7420
f 7418 6717 7420
f 6717 6718 7420
f 7414 7418 7420
f 6745 7419 7421
f 6746 6745 7421
f 6720 6746 7421
f 7419 7417 7421
f 7420 6718 7421
f 6718 6719 7421
f 6719 6720 7421
f 7417 7420 7421
f 7422 7423 7530
f 7450 7422 7530
f 7423 7424 7531
f 7530 7423 7531
f 7451 7450 7532
f 7450 7530 7532
f 7530 7531 7532
f 7424 7425 7533
f 7531 7424 7533
f 7452 7451 7534
f 7451 7532 7534
f 7425 7426 7535
f 7533 7425 7535
f 7531 7533 7536
f 7532 7531 7536
f 7532 7536 7537
f 7534 7532 7537
f 7535 7426 7538
f 7426 7427 7538
f 7453 7452 7539
f 7452 7534 7539
f 7533 7535 7540
f 7536 7533 7540
f 7537 7536 7541
f 7427 7428 7542
f 7538 7427 7542
f 7534 7537 7543
f 7539 7534 7543
f 7535 7538 7544
f 7540 7535 7544
f 7454 7453 7545
f 7453 7539 7545
f 7541 7536 7546
f 7536 7540 7546
f 7428 7429 7547
f 7542 7428 7547
f 7543 7537 7548
f 7537 7541 7548
f 7538 7542 7549
f 7544 7538 7549
f 7539 7543 7550
f 7545 7539 7550
f 7540 7544 7551
f 7546 7540 7551
f 7429 7430 7552
f 7547 7429 7552
f 7454 7545 7553
f 7455 7454 7553
f 7541 7546 7554
f 7548 7541 7554
f 7549 7542 7555
f 7542 7547 7555
f 7543 7548 7556
f 7550 7543 7556
f 7544 7549 7557
f 7551 7544 7557
f 7552 7430 7558
f 7430 7431 7558
f 7545 7550 7559
f 7553 7545 7559
f 7546 7551 7560
f 7554 7546 7560
f 7555 7547 7561
f 7547 7552 7561
f 7456 7455 7562
f 7455 7553 7562
f 7556 7548 7563
f 7548 7554 7563
f 7549 7555 7564
f 7557 7549 7564
f 7431 7432 7565
f 7558 7431 7565
f 7550 7556 7566
f 7559 7550 7566
f 7560 7551 7567
f 7551 7557 7567
f 7552 7558 7568
f 7561 7552 7568
f 7562 7553 7569
f 7553 7559 7569
f 7554 7560 7570
f 7563 7554 7570
f 7555 7561 7571
f 7564 7555 7571
f 7432 7433 7572
f 7565 7432 7572
f 7457 7456 7573
f 7456 7562 7573
f 7566 7556 7574
f 7556 7563 7574
f 7567 7557 7575
f 7557 7564 7575
f 7568 7558 7576
f 7558 7565 7576
f 7569 7559 7577
f 7559 7566 7577
f 7560 7567 7578
f 7570 7560 7578
f 7571 7561 7579
f 7561 7568 7579
f 7433 7434 7580
f 7572 7433 7580
f 7562 7569 7581
f 7573 7562 7581
f 7574 7563 7582
f 7563 7570 7582
f 7564 7571 7583
f 7575 7564 7583
f 7565 7572 7584
f 7576 7565 7584
f 7458 7457 7585
f 7457 7573 7585
f 7566 7574 7586
f 7577 7566 7586
f 7567 7575 7587
f 7578 7567 7587
f 7568 7576 7588
f 7579 7568 7588
f 7434 7435 7589
f 7580 7434 7589
f 7569 7577 7590
f 7581 7569 7590
f 7570 7578 7591
f 7582 7570 7591
f 7571 7579 7592
f 7583 7571 7592
f 7584 7572 7593
f 7572 7580 7593
f 7573 7581 7594
f 7585 7573 7594
f 7574 7582 7595
f 7586 7574 7595
f 7575 7583 7596
f 7587 7575 7596
f 7588 7576 7597
f 7576 7584 7597
f 7458 7585 7598
f 7459 7458 7598
f 7435 7436 7599
f 7589 7435 7599
f 7577 7586 7600
f 7590 7577 7600
f 7578 7587 7601
f 7591 7578 7601
f 7592 7579 7602
f 7579 7588 7602
f 7580 7589 7603
f 7593 7580 7603
f 7594 7581 7604
f 7581 7590 7604
f 7582 7591 7605
f 7595 7582 7605
f 7583 7592 7606
f 7596 7583 7606
f 7597 7584 7607
f 7584 7593 7607
f 7598 7585 7608
f 7585 7594 7608
f 7436 7437 7609
f 7599 7436 7609
f 7600 7586 7610
f 7586 7595 7610
f 7587 7596 7611
f 7601 7587 7611
f 7602 7588 7612
f 7588 7597 7612
f 7460 7459 7613
f 7459 7598 7613
f 7589 7599 7614
f 7603 7589 7614
f 7604 7590 7615
f 7590 7600 7615
f 7591 7601 7616
f 7605 7591 7616
f 7606 7592 7617
f 7592 7602 7617
f 7607 7593 7618
f 7593 7603 7618
f 7608 7594 7619
f 7594 7604 7619
f 7437 7438 7620
f 7609 7437 7620
f 7610 7595 7621
f 7595 7605 7621
f 7611 7596 7622
f 7596 7606 7622
f 7597 7607 7623
f 7612 7597 7623
f 7598 7608 7624
f 7613 7598 7624
f 7599 7609 7625
f 7614 7599 7625
f 7600 7610 7626
f 7615 7600 7626
f 7601 7611 7627
f 7616 7601 7627
f 7617 7602 7628
f 7602 7612 7628
f 7461 7460 7629
f 7460 7613 7629
f 7618 7603 7630
f 7603 7614 7630
f 7604 7615 7631
f 7619 7604 7631
f 7438 7439 7632
f 7620 7438 7632
f 7605 7616 7633
f 7621 7605 7633
f 7622 7606 7634
f 7606 7617 7634
f 7623 7607 7635
f 7607 7618 7635
f 7624 7608 7636
f 7608 7619 7636
f 7609 7620 7637
f 7625 7609 7637
f 7610 7621 7638
f 7626 7610 7638
f 7611 7622 7639
f 7627 7611 7639
f 7612 7623 7640
f 7628 7612 7640
f 7629 7613 7641
f 7613 7624 7641
f 7614 7625 7642
f 7630 7614 7642
f 7631 7615 7643
f 7615 7626 7643
f 7439 7440 7644
f 7632 7439 7644
f 7633 7616 7645
f 7616 7627 7645
f 7634 7617 7646
f 7617 7628 7646
f 7461 7629 7647
f 7462 7461 7647
f 7635 7618 7648
f 7618 7630 7648
f 7636 7619 7649
f 7619 7631 7649
f 7620 7632 7650
f 7637 7620 7650
f 7638 7621 7651
f 7621 7633 7651
f 7639 7622 7652
f 7622 7634 7652
f 7640 7623 7653
f 7623 7635 7653
f 7641 7624 7654
f 7624 7636 7654
f 7625 7637 7655
f 7642 7625 7655
f 7643 7626 7656
f 7626 7638 7656
f 7644 7440 7657
f 7440 7441 7657
f 7627 7639 7658
f 7645 7627 7658
f 7628 7640 7659
f 7646 7628 7659
f 7647 7629 7660
f 7629 7641 7660
f 7648 7630 7661
f 7630 7642 7661
f 7631 7643 7662
f 7649 7631 7662
f 7632 7644 7663
f 7650 7632 7663
f 7633 7645 7664
f 7651 7633 7664
f 7634 7646 7665
f 7652 7634 7665
f 7462 7647 7666
f 7463 7462 7666
f 7653 7635 7667
f 7635 7648 7667
f 7654 7636 7668
f 7636 7649 7668
f 7637 7650 7669
f 7655 7637 7669
f 7638 7651 7670
f 7656 7638 7670
f 7441 7442 7671
f 7657 7441 7671
f 7639 7652 7672
f 7658 7639 7672
f 7640 7653 7673
f 7659 7640 7673
f 7641 7654 7674
f 7660 7641 7674
f 7642 7655 7675
f 7661 7642 7675
f 7643 7656 7676
f 7662 7643 7676
f 7644 7657 7677
f 7663 7644 7677
f 7645 7658 7678
f 7664 7645 7678
f 7646 7659 7679
f 7665 7646 7679
f 7666 7647 7680
f 7647 7660 7680
f 7667 7648 7681
f 7648 7661 7681
f 7668 7649 7682
f 7649 7662 7682
f 7669 7650 7683
f 7650 7663 7683
f 7670 7651 7684
f 7651 7664 7684
f 7442 7443 7685
f 7671 7442 7685
f 7672 7652 7686
f 7652 7665 7686
f 7463 7666 7687
f 7464 7463 7687
f 7653 7667 7688
f 7673 7653 7688
f 7654 7668 7689
f 7674 7654 7689
f 7675 7655 7690
f 7655 7669 7690
f 7656 7670 7691
f 7676 7656 7691
f 7677 7657 7692
f 7657 7671 7692
f 7678 7658 7693
f 7658 7672 7693
f 7659 7673 7694
f 7679 7659 7694
f 7660 7674 7695
f 7680 7660 7695
f 7681 7661 7696
f 7661 7675 7696
f 7662 7676 7697
f 7682 7662 7697
f 7663 7677 7698
f 7683 7663 7698
f 7684 7664 7699
f 7664 7678 7699
f 7443 7444 7700
f 7685 7443 7700
f 7686 7665 7701
f 7665 7679 7701
f 7687 7666 7702
f 7666 7680 7702
f 7688 7667 7703
f 7667 7681 7703
f 7668 7682 7704
f 7689 7668 7704
f 7669 7683 7705
f 7690 7669 7705
f 7691 7670 7706
f 7670 7684 7706
f 7692 7671 7707
f 7671 7685 7707
f 7672 7686 7708
f 7693 7672 7708
f 7465 7464 7709
f 7464 7687 7709
f 7673 7688 7710
f 7694 7673 7710
f 7674 7689 7711
f 7695 7674 7711
f 7675 7690 7712
f 7696 7675 7712
f 7676 7691 7713
f 7697 7676 7713
f 7698 7677 7714
f 7677 7692 7714
f 7699 7678 7715
f 7678 7693 7715
f 7444 7445 7716
f 7700 7444 7716
f 7679 7694 7717
f 7701 7679 7717
f 7680 7695 7718
f 7702 7680 7718
f 7703 7681 7719
f 7681 7696 7719
f 7682 7697 7720
f 7704 7682 7720
f 7683 7698 7721
f 7705 7683 7721
f 7706 7684 7722
f 7684 7699 7722
f 7707 7685 7723
f 7685 7700 7723
f 7686 7701 7724
f 7708 7686 7724
f 7687 7702 7725
f 7709 7687 7725
f 7710 7688 7726
f 7688 7703 7726
f 7689 7704 7727
f 7711 7689 7727
f 7712 7690 7728
f 7690 7705 7728
f 7691 7706 7729
f 7713 7691 7729
f 7714 7692 7730
f 7692 7707 7730
f 7693 7708 7731
f 7715 7693 7731
f 7466 7465 7732
f 7465 7709 7732
f 7445 7446 7733
f 7716 7445 7733
f 7694 7710 7734
f 7717 7694 7734
f 7718 7695 7735
f 7695 7711 7735
f 7719 7696 7736
f 7696 7712 7736
f 7720 7697 7737
f 7697 7713 7737
f 7721 7698 7738
f 7698 7714 7738
f 7722 7699 7739
f 7699 7715 7739
f 7700 7716 7740
f 7723 7700 7740
f 7701 7717 7741
f 7724 7701 7741
f 7702 7718 7742
f 7725 7702 7742
f 7703 7719 7743
f 7726 7703 7743
f 7727 7704 7744
f 7704 7720 7744
f 7728 7705 7745
f 7705 7721 7745
f 7706 7722 7746
f 7729 7706 7746
f 7707 7723 7747
f 7730 7707 7747
f 7708 7724 7748
f 7731 7708 7748
f 7732 7709 7749
f 7709 7725 7749
f 7446 7447 7750
f 7733 7446 7750
f 7734 7710 7751
f 7710 7726 7751
f 7735 7711 7752
f 7711 7727 7752
f 7712 7728 7753
f 7736 7712 7753
f 7713 7729 7754
f 7737 7713 7754
f 7714 7730 7755
f 7738 7714 7755
f 7715 7731 7756
f 7739 7715 7756
f 7467 7466 7757
f 7466 7732 7757
f 7740 7716 7758
f 7716 7733 7758
f 7741 7717 7759
f 7717 7734 7759
f 7742 7718 7760
f 7718 7735 7760
f 7743 7719 7761
f 7719 7736 7761
f 7744 7720 7762
f 7720 7737 7762
f 7745 7721 7763
f 7721 7738 7763
f 7746 7722 7764
f 7722 7739 7764
f 7723 7740 7765
f 7747 7723 7765
f 7724 7741 7766
f 7748 7724 7766
f 7725 7742 7767
f 7749 7725 7767
f 7750 7447 7768
f 7447 7448 7768
f 7448 7449 7768
f 7449 7504 7768
f 7726 7743 7769
f 7751 7726 7769
f 7752 7727 7770
f 7727 7744 7770
f 7753 7728 7771
f 7728 7745 7771
f 7729 7746 7772
f 7754 7729 7772
f 7730 7747 7773
f 7755 7730 7773
f 7731 7748 7774
f 7756 7731 7774
f 7732 7749 7775
f 7757 7732 7775
f 7733 7750 7776
f 7758 7733 7776
f 7734 7751 7777
f 7759 7734 7777
f 7760 7735 7778
f 7735 7752 7778
f 7736 7753 7779
f 7761 7736 7779
f 7762 7737 7780
f 7737 7754 7780
f 7763 7738 7781
f 7738 7755 7781
f 7739 7756 7782
f 7764 7739 7782
f 7467 7757 7783
f 7468 7467 7783
f 7765 7740 7784
f 7740 7758 7784
f 7766 7741 7785
f 7741 7759 7785
f 7742 7760 7786
f 7767 7742 7786
f 7769 7743 7787
f 7743 7761 7787
f 7770 7744 7788
f 7744 7762 7788
f 7745 7763 7789
f 7771 7745 7789
f 7746 7764 7790
f 7772 7746 7790
f 7747 7765 7791
f 7773 7747 7791
f 7748 7766 7792
f 7774 7748 7792
f 7749 7767 7793
f 7775 7749 7793
f 7768 7504 7794
f 7776 7750 7794
f 7750 7768 7794
f 7504 7505 7794
f 7777 7751 7795
f 7751 7769 7795
f 7778 7752 7796
f 7752 7770 7796
f 7779 7753 7797
f 7753 7771 7797
f 7754 7772 7798
f 7780 7754 7798
f 7755 7773 7799
f 7781 7755 7799
f 7782 7756 7800
f 7756 7774 7800
f 7757 7775 7801
f 7783 7757 7801
f 7758 7776 7802
f 7784 7758 7802
f 7785 7759 7803
f 7759 7777 7803
f 7760 7778 7804
f 7786 7760 7804
f 7787 7761 7805
f 7761 7779 7805
f 7762 7780 7806
f 7788 7762 7806
f 7763 7781 7807
f 7789 7763 7807
f 7764 7782 7808
f 7790 7764 7808
f 7468 7783 7809
f 7469 7468 7809
f 7765 7784 7810
f 7791 7765 7810
f 7792 7766 7811
f 7766 7785 7811
f 7767 7786 7812
f 7793 7767 7812
f 7769 7787 7813
f 7795 7769 7813
f 7796 7770 7814
f 7770 7788 7814
f 7771 7789 7815
f 7797 7771 7815
f 7772 7790 7816
f 7798 7772 7816
f 7773 7791 7817
f 7799 7773 7817
f 7800 7774 7818
f 7774 7792 7818
f 7801 7775 7819
f 7775 7793 7819
f 7776 7794 7820
f 7802 7776 7820
f 7505 7506 7820
f 7794 7505 7820
f 7777 7795 7821
f 7803 7777 7821
f 7778 7796 7822
f 7804 7778 7822
f 7805 7779 7823
f 7779 7797 7823
f 7806 7780 7824
f 7780 7798 7824
f 7807 7781 7825
f 7781 7799 7825
f 7808 7782 7826
f 7782 7800 7826
f 7783 7801 7827
f 7809 7783 7827
f 7784 7802 7828
f 7810 7784 7828
f 7811 7785 7829
f 7785 7803 7829
f 7786 7804 7830
f 7812 7786 7830
f 7787 7805 7831
f 7813 7787 7831
f 7788 7806 7832
f 7814 7788 7832
f 7815 7789 7833
f 7789 7807 7833
f 7790 7808 7834
f 7816 7790 7834
f 7470 7469 7835
f 7469 7809 7835
f 7791 7810 7836
f 7817 7791 7836
f 7818 7792 7837
f 7792 7811 7837
f 7819 7793 7838
f 7793 7812 7838
f 7821 7795 7839
f 7795 7813 7839
f 7822 7796 7840
f 7796 7814 7840
f 7797 7815 7841
f 7823 7797 7841
f 7798 7816 7842
f 7824 7798 7842
f 7799 7817 7843
f 7825 7799 7843
f 7800 7818 7844
f 7826 7800 7844
f 7827 7801 7845
f 7801 7819 7845
f 7828 7802 7846
f 7802 7820 7846
f 7820 7506 7846
f 7506 7507 7846
f 7803 7821 7847
f 7829 7803 7847
f 7830 7804 7848
f 7804 7822 7848
f 7805 7823 7849
f 7831 7805 7849
f 7806 7824 7850
f 7832 7806 7850
f 7807 7825 7851
f 7833 7807 7851
f 7808 7826 7852
f 7834 7808 7852
f 7835 7809 7853
f 7809 7827 7853
f 7836 7810 7854
f 7810 7828 7854
f 7811 7829 7855
f 7837 7811 7855
f 7812 7830 7856
f 7838 7812 7856
f 7839 7813 7857
f 7813 7831 7857
f 7840 7814 7858
f 7814 7832 7858
f 7841 7815 7859
f 7815 7833 7859
f 7816 7834 7860
f 7842 7816 7860
f 7470 7835 7861
f 7471 7470 7861
f 7843 7817 7862
f 7817 7836 7862
f 7844 7818 7863
f 7818 7837 7863
f 7845 7819 7864
f 7819 7838 7864
f 7847 7821 7865
f 7821 7839 7865
f 7848 7822 7866
f 7822 7840 7866
f 7849 7823 7867
f 7823 7841 7867
f 7824 7842 7868
f 7850 7824 7868
f 7825 7843 7869
f 7851 7825 7869
f 7852 7826 7870
f 7826 7844 7870
f 7853 7827 7871
f 7827 7845 7871
f 7828 7846 7872
f 7846 7507 7872
f 7854 7828 7872
f 7507 7508 7872
f 7829 7847 7873
f 7855 7829 7873
f 7856 7830 7874
f 7830 7848 7874
f 7831 7849 7875
f 7857 7831 7875
f 7832 7850 7876
f 7858 7832 7876
f 7833 7851 7877
f 7859 7833 7877
f 7860 7834 7878
f 7834 7852 7878
f 7861 7835 7879
f 7835 7853 7879
f 7862 7836 7880
f 7836 7854 7880
f 7863 7837 7881
f 7837 7855 7881
f 7838 7856 7882
f 7864 7838 7882
f 7839 7857 7883
f 7865 7839 7883
f 7840 7858 7884
f 7866 7840 7884
f 7841 7859 7885
f 7867 7841 7885
f 7868 7842 7886
f 7842 7860 7886
f 7472 7471 7887
f 7471 7861 7887
f 7843 7862 7888
f 7869 7843 7888
f 7870 7844 7889
f 7844 7863 7889
f 7845 7864 7890
f 7871 7845 7890
f 7847 7865 7891
f 7873 7847 7891
f 7874 7848 7892
f 7848 7866 7892
f 7875 7849 7893
f 7849 7867 7893
f 7850 7868 7894
f 7876 7850 7894
f 7877 7851 7895
f 7851 7869 7895
f 7878 7852 7896
f 7852 7870 7896
f 7853 7871 7897
f 7879 7853 7897
f 7872 7508 7898
f 7880 7854 7898
f 7508 7509 7898
f 7854 7872 7898
f 7855 7873 7899
f 7881 7855 7899
f 7856 7874 7900
f 7882 7856 7900
f 7883 7857 7901
f 7857 7875 7901
f 7858 7876 7902
f 7884 7858 7902
f 7859 7877 7903
f 7885 7859 7903
f 7860 7878 7904
f 7886 7860 7904
f 7887 7861 7905
f 7861 7879 7905
f 7862 7880 7906
f 7888 7862 7906
f 7863 7881 7907
f 7889 7863 7907
f 7890 7864 7908
f 7864 7882 7908
f 7865 7883 7909
f 7891 7865 7909
f 7866 7884 7910
f 7892 7866 7910
f 7867 7885 7911
f 7893 7867 7911
f 7868 7886 7912
f 7894 7868 7912
f 7473 7472 7913
f 7472 7887 7913
f 7895 7869 7914
f 7869 7888 7914
f 7870 7889 7915
f 7896 7870 7915
f 7897 7871 7916
f 7871 7890 7916
f 7873 7891 7917
f 7899 7873 7917
f 7874 7892 7918
f 7900 7874 7918
f 7901 7875 7919
f 7875 7893 7919
f 7902 7876 7920
f 7876 7894 7920
f 7877 7895 7921
f 7903 7877 7921
f 7904 7878 7922
f 7878 7896 7922
f 7879 7897 7923
f 7905 7879 7923
f 7898 7509 7924
f 7906 7880 7924
f 7509 7510 7924
f 7880 7898 7924
f 7907 7881 7925
f 7881 7899 7925
f 7908 7882 7926
f 7882 7900 7926
f 7909 7883 7927
f 7883 7901 7927
f 7884 7902 7928
f 7910 7884 7928
f 7911 7885 7929
f 7885 7903 7929
f 7886 7904 7930
f 7912 7886 7930
f 7913 7887 7931
f 7887 7905 7931
f 7888 7906 7932
f 7914 7888 7932
f 7889 7907 7933
f 7915 7889 7933
f 7916 7890 7934
f 7890 7908 7934
f 7917 7891 7935
f 7891 7909 7935
f 7892 7910 7936
f 7918 7892 7936
f 7893 7911 7937
f 7919 7893 7937
f 7920 7894 7938
f 7894 7912 7938
f 7473 7913 7939
f 7474 7473 7939
f 7921 7895 7940
f 7895 7914 7940
f 7896 7915 7941
f 7922 7896 7941
f 7923 7897 7942
f 7897 7916 7942
f 7899 7917 7943
f 7925 7899 7943
f 7900 7918 7944
f 7926 7900 7944
f 7901 7919 7945
f 7927 7901 7945
f 7902 7920 7946
f 7928 7902 7946
f 7929 7903 7947
f 7903 7921 7947
f 7930 7904 7948
f 7904 7922 7948
f 7905 7923 7949
f 7931 7905 7949
f 7932 7906 7950
f 7924 7510 7950
f 7510 7511 7950
f 7906 7924 7950
f 7907 7925 7951
f 7933 7907 7951
f 7908 7926 7952
f 7934 7908 7952
f 7909 7927 7953
f 7935 7909 7953
f 7936 7910 7954
f 7910 7928 7954
f 7911 7929 7955
f 7937 7911 7955
f 7912 7930 7956
f 7938 7912 7956
f 7939 7913 7957
f 7913 7931 7957
f 7914 7932 7958
f 7940 7914 7958
f 7915 7933 7959
f 7941 7915 7959
f 7942 7916 7960
f 7916 7934 7960
f 7943 7917 7961
f 7917 7935 7961
f 7918 7936 7962
f 7944 7918 7962
f 7945 7919 7963
f 7919 7937 7963
f 7920 7938 7964
f 7946 7920 7964
f 7474 7939 7965
f 7475 7474 7965
f 7476 7475 7965
f 7477 7476 7965
f 7947 7921 7966
f 7921 7940 7966
f 7922 7941 7967
f 7948 7922 7967
f 7949 7923 7968
f 7923 7942 7968
f 7951 7925 7969
f 7925 7943 7969
f 7952 7926 7970
f 7926 7944 7970
f 7953 7927 7971
f 7927 7945 7971
f 7928 7946 7972
f 7954 7928 7972
f 7955 7929 7973
f 7929 7947 7973
f 7930 7948 7974
f 7956 7930 7974
f 7931 7949 7975
f 7957 7931 7975
f 7932 7950 7976
f 7958 7932 7976
f 7950 7511 7976
f 7511 7512 7976
f 7933 7951 7977
f 7959 7933 7977
f 7960 7934 7978
f 7934 7952 7978
f 7935 7953 7979
f 7961 7935 7979
f 7936 7954 7980
f 7962 7936 7980
f 7937 7955 7981
f 7963 7937 7981
f 7938 7956 7982
f 7964 7938 7982
f 7477 7965 7983
f 7939 7957 7983
f 7478 7477 7983
f 7965 7939 7983
f 7966 7940 7984
f 7940 7958 7984
f 7941 7959 7985
f 7967 7941 7985
f 7968 7942 7986
f 7942 7960 7986
f 7969 7943 7987
f 7943 7961 7987
f 7970 7944 7988
f 7944 7962 7988
f 7945 7963 7989
f 7971 7945 7989
f 7972 7946 7990
f 7946 7964 7990
f 7947 7966 7991
f 7973 7947 7991
f 7974 7948 7992
f 7948 7967 7992
f 7975 7949 7993
f 7949 7968 7993
f 7951 7969 7994
f 7977 7951 7994
f 7952 7970 7995
f 7978 7952 7995
f 7979 7953 7996
f 7953 7971 7996
f 7954 7972 7997
f 7980 7954 7997
f 7981 7955 7998
f 7955 7973 7998
f 7982 7956 7999
f 7956 7974 7999
f 7983 7957 8000
f 7957 7975 8000
f 7479 7478 8000
f 7478 7983 8000
f 7958 7976 8001
f 7976 7512 8001
f 7984 7958 8001
f 7512 7513 8001
f 7985 7959 8002
f 7959 7977 8002
f 7960 7978 8003
f 7986 7960 8003
f 7987 7961 8004
f 7961 7979 8004
f 7988 7962 8005
f 7962 7980 8005
f 7989 7963 8006
f 7963 7981 8006
f 7964 7982 8007
f 7990 7964 8007
f 7991 7966 8008
f 7966 7984 8008
f 7992 7967 8009
f 7967 7985 8009
f 7968 7986 8010
f 7993 7968 8010
f 7969 7987 8011
f 7994 7969 8011
f 7995 7970 8012
f 7970 7988 8012
f 7996 7971 8013
f 7971 7989 8013
f 7997 7972 8014
f 7972 7990 8014
f 7973 7991 8015
f 7998 7973 8015
f 7974 7992 8016
f 7999 7974 8016
f 7479 8000 8017
f 7975 7993 8017
f 7480 7479 8017
f 8000 7975 8017
f 7977 7994 8018
f 8002 7977 8018
f 8003 7978 8019
f 7978 7995 8019
f 7979 7996 8020
f 8004 7979 8020
f 8005 7980 8021
f 7980 7997 8021
f 7981 7998 8022
f 8006 7981 8022
f 7982 7999 8023
f 8007 7982 8023
f 8008 7984 8024
f 7984 8001 8024
f 8001 7513 8024
f 7513 7514 8024
f 7985 8002 8025
f 8009 7985 8025
f 8010 7986 8026
f 7986 8003 8026
f 7987 8004 8027
f 8011 7987 8027
f 8012 7988 8028
f 7988 8005 8028
f 7989 8006 8029
f 8013 7989 8029
f 7990 8007 8030
f 8014 7990 8030
f 7991 8008 8031
f 8015 7991 8031
f 8016 7992 8032
f 7992 8009 8032
f 8017 7993 8033
f 7993 8010 8033
f 7481 7480 8033
f 7480 8017 8033
f 7994 8011 8034
f 8018 7994 8034
f 8019 7995 8035
f 7995 8012 8035
f 8020 7996 8036
f 7996 8013 8036
f 7997 8014 8037
f 8021 7997 8037
f 8022 7998 8038
f 7998 8015 8038
f 7999 8016 8039
f 8023 7999 8039
f 8025 8002 8040
f 8002 8018 8040
f 8003 8019 8041
f 8026 8003 8041
f 8027 8004 8042
f 8004 8020 8042
f 8028 8005 8043
f 8005 8021 8043
f 8006 8022 8044
f 8029 8006 8044
f 8030 8007 8045
f 8007 8023 8045
f 8031 8008 8046
f 8024 7514 8046
f 7514 7515 8046
f 8008 8024 8046
f 8009 8025 8047
f 8032 8009 8047
f 7481 8033 8048
f 8010 8026 8048
f 8033 8010 8048
f 7482 7481 8048
f 8011 8027 8049
f 8034 8011 8049
f 8035 8012 8050
f 8012 8028 8050
f 8036 8013 8051
f 8013 8029 8051
f 8014 8030 8052
f 8037 8014 8052
f 8015 8031 8053
f 8038 8015 8053
f 8039 8016 8054
f 8016 8032 8054
f 8018 8034 8055
f 8040 8018 8055
f 8019 8035 8056
f 8041 8019 8056
f 8042 8020 8057
f 8020 8036 8057
f 8043 8021 8058
f 8021 8037 8058
f 8044 8022 8059
f 8022 8038 8059
f 8023 8039 8060
f 8045 8023 8060
f 8047 8025 8061
f 8025 8040 8061
f 8048 8026 8062
f 8026 8041 8062
f 7482 8048 8062
f 7483 7482 8062
f 8049 8027 8063
f 8027 8042 8063
f 8050 8028 8064
f 8028 8043 8064
f 8051 8029 8065
f 8029 8044 8065
f 8030 8045 8066
f 8052 8030 8066
f 8031 8046 8067
f 8053 8031 8067
f 8046 7515 8067
f 7515 7516 8067
f 8054 8032 8068
f 8032 8047 8068
f 8034 8049 8069
f 8055 8034 8069
f 8035 8050 8070
f 8056 8035 8070
f 8036 8051 8071
f 8057 8036 8071
f 8058 8037 8072
f 8037 8052 8072
f 8038 8053 8073
f 8059 8038 8073
f 8060 8039 8074
f 8039 8054 8074
f 8040 8055 8075
f 8061 8040 8075
f 8041 8056 8076
f 8062 8041 8076
f 7484 7483 8076
f 7483 8062 8076
f 8063 8042 8077
f 8042 8057 8077
f 8043 8058 8078
f 8064 8043 8078
f 8065 8044 8079
f 8044 8059 8079
f 8045 8060 8080
f 8066 8045 8080
f 8047 8061 8081
f 8068 8047 8081
f 8069 8049 8082
f 8049 8063 8082
f 8050 8064 8083
f 8070 8050 8083
f 8051 8065 8084
f 8071 8051 8084
f 8072 8052 8085
f 8052 8066 8085
f 8067 7516 8086
f 8053 8067 8086
f 8073 8053 8086
f 7516 7517 8086
f 8074 8054 8087
f 8054 8068 8087
f 8075 8055 8088
f 8055 8069 8088
f 8076 8056 8089
f 7484 8076 8089
f 7485 7484 8089
f 8056 8070 8089
f 8057 8071 8090
f 8077 8057 8090
f 8078 8058 8091
f 8058 8072 8091
f 8059 8073 8092
f 8079 8059 8092
f 8080 8060 8093
f 8060 8074 8093
f 8061 8075 8094
f 8081 8061 8094
f 8082 8063 8095
f 8063 8077 8095
f 8064 8078 8096
f 8083 8064 8096
f 8065 8079 8097
f 8084 8065 8097
f 8085 8066 8098
f 8066 8080 8098
f 8087 8068 8099
f 8068 8081 8099
f 8069 8082 8100
f 8088 8069 8100
f 8070 8083 8101
f 7486 7485 8101
f 8089 8070 8101
f 7485 8089 8101
f 8071 8084 8102
f 8090 8071 8102
f 8091 8072 8103
f 8072 8085 8103
f 8073 8086 8104
f 8092 8073 8104
f 8086 7517 8104
f 7517 7518 8104
f 8074 8087 8105
f 8093 8074 8105
f 8094 8075 8106
f 8075 8088 8106
f 8077 8090 8107
f 8095 8077 8107
f 8096 8078 8108
f 8078 8091 8108
f 8097 8079 8109
f 8079 8092 8109
f 8098 8080 8110
f 8080 8093 8110
f 8099 8081 8111
f 8081 8094 8111
f 8100 8082 8112
f 8082 8095 8112
f 7486 8101 8113
f 8083 8096 8113
f 7487 7486 8113
f 8101 8083 8113
f 8084 8097 8114
f 8102 8084 8114
f 8085 8098 8115
f 8103 8085 8115
f 8087 8099 8116
f 8105 8087 8116
f 8088 8100 8117
f 8106 8088 8117
f 8107 8090 8118
f 8090 8102 8118
f 8108 8091 8119
f 8091 8103 8119
f 8104 7518 8120
f 8109 8092 8120
f 8092 8104 8120
f 7518 7519 8120
f 8093 8105 8121
f 8110 8093 8121
f 8111 8094 8122
f 8094 8106 8122
f 8112 8095 8123
f 8095 8107 8123
f 8113 8096 8124
f 8096 8108 8124
f 7487 8113 8124
f 7488 7487 8124
f 8114 8097 8125
f 8097 8109 8125
f 8115 8098 8126
f 8098 8110 8126
f 8116 8099 8127
f 8099 8111 8127
f 8117 8100 8128
f 8100 8112 8128
f 8102 8114 8129
f 8118 8102 8129
f 8103 8115 8130
f 8119 8103 8130
f 8105 8116 8131
f 8121 8105 8131
f 8122 8106 8132
f 8106 8117 8132
f 8107 8118 8133
f 8123 8107 8133
f 8124 8108 8134
f 8108 8119 8134
f 7489 7488 8134
f 7488 8124 8134
f 8109 8120 8135
f 8125 8109 8135
f 8120 7519 8135
f 7519 7520 8135
f 8126 8110 8136
f 8110 8121 8136
f 8127 8111 8137
f 8111 8122 8137
f 8112 8123 8138
f 8128 8112 8138
f 8114 8125 8139
f 8129 8114 8139
f 8115 8126 8140
f 8130 8115 8140
f 8116 8127 8141
f 8131 8116 8141
f 8132 8117 8142
f 8117 8128 8142
f 8133 8118 8143
f 8118 8129 8143
f 7490 7489 8144
f 8134 8119 8144
f 7489 8134 8144
f 8119 8130 8144
f 8121 8131 8145
f 8136 8121 8145
f 8122 8132 8146
f 8137 8122 8146
f 8138 8123 8147
f 8123 8133 8147
f 8135 7520 8148
f 8139 8125 8148
f 8125 8135 8148
f 7520 7521 8148
f 8140 8126 8149
f 8126 8136 8149
f 8127 8137 8150
f 8141 8127 8150
f 8142 8128 8151
f 8128 8138 8151
f 8129 8139 8152
f 8143 8129 8152
f 7490 8144 8153
f 8144 8130 8153
f 8130 8140 8153
f 7491 7490 8153
f 8131 8141 8154
f 8145 8131 8154
f 8146 8132 8155
f 8132 8142 8155
f 8147 8133 8156
f 8133 8143 8156
f 8136 8145 8157
f 8149 8136 8157
f 8150 8137 8158
f 8137 8146 8158
f 8138 8147 8159
f 8151 8138 8159
f 8152 8139 8160
f 8139 8148 8160
f 8148 7521 8160
f 7521 7522 8160
f 8140 8149 8161
f 7491 8153 8161
f 7492 7491 8161
f 8153 8140 8161
f 8141 8150 8162
f 8154 8141 8162
f 8142 8151 8163
f 8155 8142 8163
f 8143 8152 8164
f 8156 8143 8164
f 8145 8154 8165
f 8157 8145 8165
f 8158 8146 8166
f 8146 8155 8166
f 8147 8156 8167
f 8159 8147 8167
f 8149 8157 8168
f 7493 7492 8168
f 8161 8149 8168
f 7492 8161 8168
f 8150 8158 8169
f 8162 8150 8169
f 8163 8151 8170
f 8151 8159 8170
f 7522 7523 8171
f 8160 7522 8171
f 8164 8152 8171
f 8152 8160 8171
f 8165 8154 8172
f 8154 8162 8172
f 8166 8155 8173
f 8155 8163 8173
f 8167 8156 8174
f 8156 8164 8174
f 7494 7493 8175
f 8157 8165 8175
f 7493 8168 8175
f 8168 8157 8175
f 8169 8158 8176
f 8158 8166 8176
f 8159 8167 8177
f 8170 8159 8177
f 8172 8162 8178
f 8162 8169 8178
f 8173 8163 8179
f 8163 8170 8179
f 7523 7524 8180
f 8164 8171 8180
f 8171 7523 8180
f 8174 8164 8180
f 8165 8172 8181
f 8175 8165 8181
f 7494 8175 8181
f 7495 7494 8181
f 8176 8166 8182
f 8166 8173 8182
f 8177 8167 8183
f 8167 8174 8183
f 8169 8176 8184
f 8178 8169 8184
f 8179 8170 8185
f 8170 8177 8185
f 8172 8178 8186
f 8181 8172 8186
f 7495 8181 8186
f 7496 7495 8186
f 8182 8173 8187
f 8173 8179 8187
f 7524 7525 8188
f 8183 8174 8188
f 8180 7524 8188
f 8174 8180 8188
f 8176 8182 8189
f 8184 8176 8189
f 8177 8183 8190
f 8185 8177 8190
f 8186 8178 8191
f 7496 8186 8191
f 7497 7496 8191
f 8178 8184 8191
f 8179 8185 8192
f 8187 8179 8192
f 8182 8187 8193
f 8189 8182 8193
f 7525 7526 8194
f 8190 8183 8194
f 8188 7525 8194
f 8183 8188 8194
f 8191 8184 8195
f 8184 8189 8195
f 7498 7497 8195
f 7497 8191 8195
f 8192 8185 8196
f 8185 8190 8196
f 8193 8187 8197
f 8187 8192 8197
f 8189 8193 8198
f 8195 8189 8198
f 7499 7498 8198
f 7498 8195 8198
f 7526 7527 8199
f 8194 7526 8199
f 8190 8194 8199
f 8196 8190 8199
f 8192 8196 8200
f 8197 8192 8200
f 7500 7499 8201
f 7499 8198 8201
f 8193 8197 8201
f 8198 8193 8201
f 7527 7528 8202
f 8199 7527 8202
f 8200 8196 8202
f 8196 8199 8202
f 8197 8200 8203
f 7500 8201 8203
f 7501 7500 8203
f 8201 8197 8203
f 8202 7528 8204
f 7528 7529 8204
f 7529 7503 8204
f 8200 8202 8204
f 7501 8203 8204
f 7502 7501 8204
f 7503 7502 8204
f 8203 8200 8204
f 8206 8205 8235
f 8205 8234 8235
f 8207 8206 8236
f 8206 8235 8236
f 8208 8207 8237
f 8207 8236 8237
f 8209 8208 8238
f 8208 8237 8238
f 8210 8209 8239
f 8209 8238 8239
f 8211 8210 8240
f 8210 8239 8240
f 8212 8211 8241
f 8213 8212 8241
f 8211 8240 8241
f 8213 8241 8242
f 8214 8213 8243
f 8213 8242 8243
f 8214 8243 8244
f 8215 8214 8244
f 8215 8244 8245
f 8216 8215 8245
f 8216 8245 8246
f 8217 8216 8246
f 8218 8217 8247
f 8217 8246 8247
f 8219 8218 8247
f 8219 8247 8248
f 8220 8219 8249
f 8221 8220 8249
f 8219 8248 8249
f 8221 8249 8250
f 8222 8221 8251
f 8221 8250 8251
f 8223 8222 8252
f 8222 8251 8252
f 8224 8223 8253
f 8225 8224 8253
f 8223 8252 8253
f 8225 8253 8254
f 8226 8225 8255
f 8225 8254 8255
f 8227 8226 8256
f 8226 8255 8256
f 8228 8227 8257
f 8227 8256 8257
f 8229 8228 8258
f 8228 8257 8258
f 8230 8229 8259
f 8229 8258 8259
f 8231 8230 8260
f 8230 8259 8260
f 8232 8231 8233
f 8231 8260 8233
f 8261 8262 8291
f 8290 8261 8291
f 8262 8263 8292
f 8291 8262 8292
f 8263 8264 8293
f 8292 8263 8293
f 8264 8265 8294
f 8293 8264 8294
f 8265 8266 8295
f 8294 8265 8295
f 8266 8267 8296
f 8295 8266 8296
f 8267 8268 8297
f 8268 8269 8297
f 8296 8267 8297
f 8297 8269 8298
f 8269 8270 8299
f 8298 8269 8299
f 8299 8270 8300
f 8270 8271 8300
f 8300 8271 8301
f 8271 8272 8301
f 8301 8272 8302
f 8272 8273 8302
f 8273 8274 8303
f 8302 8273 8303
f 8274 8275 8303
f 8303 8275 8304
f 8275 8276 8305
f 8276 8277 8305
f 8304 8275 8305
f 8305 8277 8306
f 8277 8278 8307
f 8306 8277 8307
f 8278 8279 8308
f 8307 8278 8308
f 8279 8280 8309
f 8280 8281 8309
f 8308 8279 8309
f 8309 8281 8310
f 8281 8282 8311
f 8310 8281 8311
f 8282 8283 8312
f 8311 8282 8312
f 8283 8284 8313
f 8312 8283 8313
f 8284 8285 8314
f 8313 8284 8314
f 8285 8286 8315
f 8314 8285 8315
f 8286 8287 8316
f 8315 8286 8316
f 8287 8288 8289
f 8316 8287 8289
f 8317 8318 8425
f 8345 8317 8425
f 8318 8319 8426
f 8425 8318 8426
f 8346 8345 8427
f 8345 8425 8427
f 8319 8320 8428
f 8426 8319 8428
f 8425 8426 8429
f 8427 8425 8429
f 8347 8346 8430
f 8346 8427 8430
f 8320 8321 8431
f 8428 8320 8431
f 8426 8428 8432
f 8429 8426 8432
f 8427 8429 8433
f 8430 8427 8433
f 8321 8322 8434
f 8431 8321 8434
f 8347 8430 8435
f 8348 8347 8435
f 8428 8431 8436
f 8432 8428 8436
f 8429 8432 8437
f 8433 8429 8437
f 8322 8323 8438
f 8434 8322 8438
f 8430 8433 8439
f 8435 8430 8439
f 8436 8431 8440
f 8431 8434 8440
f 8349 8348 8441
f 8348 8435 8441
f 8432 8436 8442
f 8437 8432 8442
f 8323 8324 8443
f 8438 8323 8443
f 8433 8437 8444
f 8439 8433 8444
f 8440 8434 8445
f 8434 8438 8445
f 8435 8439 8446
f 8441 8435 8446
f 8436 8440 8447
f 8442 8436 8447
f 8443 8324 8448
f 8324 8325 8448
f 8349 8441 8449
f 8350 8349 8449
f 8444 8437 8450
f 8437 8442 8450
f 8438 8443 8451
f 8445 8438 8451
f 8439 8444 8452
f 8446 8439 8452
f 8447 8440 8453
f 8440 8445 8453
f 8325 8326 8454
f 8448 8325 8454
f 8441 8446 8455
f 8449 8441 8455
f 8450 8442 8456
f 8442 8447 8456
f 8443 8448 8457
f 8451 8443 8457
f 8350 8449 8458
f 8351 8350 8458
f 8452 8444 8459
f 8444 8450 8459
f 8453 8445 8460
f 8445 8451 8460
f 8326 8327 8461
f 8454 8326 8461
f 8446 8452 8462
f 8455 8446 8462
f 8447 8453 8463
f 8456 8447 8463
f 8457 8448 8464
f 8448 8454 8464
f 8449 8455 8465
f 8458 8449 8465
f 8459 8450 8466
f 8450 8456 8466
f 8460 8451 8467
f 8451 8457 8467
f 8461 8327 8468
f 8327 8328 8468
f 8352 8351 8469
f 8351 8458 8469
f 8462 8452 8470
f 8452 8459 8470
f 8453 8460 8471
f 8463 8453 8471
f 8464 8454 8472
f 8454 8461 8472
f 8455 8462 8473
f 8465 8455 8473
f 8466 8456 8474
f 8456 8463 8474
f 8467 8457 8475
f 8457 8464 8475
f 8328 8329 8476
f 8468 8328 8476
f 8458 8465 8477
f 8469 8458 8477
f 8470 8459 8478
f 8459 8466 8478
f 8471 8460 8479
f 8460 8467 8479
f 8472 8461 8480
f 8461 8468 8480
f 8353 8352 8481
f 8352 8469 8481
f 8462 8470 8482
f 8473 8462 8482
f 8474 8463 8483
f 8463 8471 8483
f 8464 8472 8484
f 8475 8464 8484
f 8329 8330 8485
f 8476 8329 8485
f 8477 8465 8486
f 8465 8473 8486
f 8478 8466 8487
f 8466 8474 8487
f 8467 8475 8488
f 8479 8467 8488
f 8468 8476 8489
f 8480 8468 8489
f 8469 8477 8490
f 8481 8469 8490
f 8482 8470 8491
f 8470 8478 8491
f 8471 8479 8492
f 8483 8471 8492
f 8472 8480 8493
f 8484 8472 8493
f 8354 8353 8494
f 8353 8481 8494
f 8330 8331 8495
f 8485 8330 8495
f 8486 8473 8496
f 8473 8482 8496
f 8474 8483 8497
f 8487 8474 8497
f 8475 8484 8498
f 8488 8475 8498
f 8476 8485 8499
f 8489 8476 8499
f 8490 8477 8500
f 8477 8486 8500
f 8491 8478 8501
f 8478 8487 8501
f 8492 8479 8502
f 8479 8488 8502
f 8493 8480 8503
f 8480 8489 8503
f 8494 8481 8504
f 8481 8490 8504
f 8331 8332 8505
f 8495 8331 8505
f 8482 8491 8506
f 8496 8482 8506
f 8483 8492 8507
f 8497 8483 8507
f 8498 8484 8508
f 8484 8493 8508
f 8355 8354 8509
f 8354 8494 8509
f 8485 8495 8510
f 8499 8485 8510
f 8486 8496 8511
f 8500 8486 8511
f 8487 8497 8512
f 8501 8487 8512
f 8488 8498 8513
f 8502 8488 8513
f 8489 8499 8514
f 8503 8489 8514
f 8490 8500 8515
f 8504 8490 8515
f 8332 8333 8516
f 8505 8332 8516
f 8506 8491 8517
f 8491 8501 8517
f 8492 8502 8518
f 8507 8492 8518
f 8493 8503 8519
f 8508 8493 8519
f 8494 8504 8520
f 8509 8494 8520
f 8510 8495 8521
f 8495 8505 8521
f 8496 8506 8522
f 8511 8496 8522
f 8497 8507 8523
f 8512 8497 8523
f 8498 8508 8524
f 8513 8498 8524
f 8356 8355 8525
f 8355 8509 8525
f 8499 8510 8526
f 8514 8499 8526
f 8515 8500 8527
f 8500 8511 8527
f 8333 8334 8528
f 8516 8333 8528
f 8501 8512 8529
f 8517 8501 8529
f 8518 8502 8530
f 8502 8513 8530
f 8503 8514 8531
f 8519 8503 8531
f 8504 8515 8532
f 8520 8504 8532
f 8521 8505 8533
f 8505 8516 8533
f 8506 8517 8534
f 8522 8506 8534
f 8507 8518 8535
f 8523 8507 8535
f 8524 8508 8536
f 8508 8519 8536
f 8525 8509 8537
f 8509 8520 8537
f 8526 8510 8538
f 8510 8521 8538
f 8527 8511 8539
f 8511 8522 8539
f 8334 8335 8540
f 8528 8334 8540
f 8529 8512 8541
f 8512 8523 8541
f 8530 8513 8542
f 8513 8524 8542
f 8357 8356 8543
f 8356 8525 8543
f 8531 8514 8544
f 8514 8526 8544
f 8515 8527 8545
f 8532 8515 8545
f 8533 8516 8546
f 8516 8528 8546
f 8517 8529 8547
f 8534 8517 8547
f 8518 8530 8548
f 8535 8518 8548
f 8536 8519 8549
f 8519 8531 8549
f 8537 8520 8550
f 8520 8532 8550
f 8538 8521 8551
f 8521 8533 8551
f 8539 8522 8552
f 8522 8534 8552
f 8335 8336 8553
f 8540 8335 8553
f 8523 8535 8554
f 8541 8523 8554
f 8524 8536 8555
f 8542 8524 8555
f 8525 8537 8556
f 8543 8525 8556
f 8544 8526 8557
f 8526 8538 8557
f 8527 8539 8558
f 8545 8527 8558
f 8546 8528 8559
f 8528 8540 8559
f 8529 8541 8560
f 8547 8529 8560
f 8548 8530 8561
f 8530 8542 8561
f 8358 8357 8562
f 8357 8543 8562
f 8549 8531 8563
f 8531 8544 8563
f 8532 8545 8564
f 8550 8532 8564
f 8551 8533 8565
f 8533 8546 8565
f 8534 8547 8566
f 8552 8534 8566
f 8553 8336 8567
f 8336 8337 8567
f 8554 8535 8568
f 8535 8548 8568
f 8536 8549 8569
f 8555 8536 8569
f 8556 8537 8570
f 8537 8550 8570
f 8538 8551 8571
f 8557 8538 8571
f 8539 8552 8572
f 8558 8539 8572
f 8559 8540 8573
f 8540 8553 8573
f 8560 8541 8574
f 8541 8554 8574
f 8561 8542 8575
f 8542 8555 8575
f 8543 8556 8576
f 8562 8543 8576
f 8544 8557 8577
f 8563 8544 8577
f 8564 8545 8578
f 8545 8558 8578
f 8565 8546 8579
f 8546 8559 8579
f 8547 8560 8580
f 8566 8547 8580
f 8337 8338 8581
f 8567 8337 8581
f 8568 8548 8582
f 8548 8561 8582
f 8359 8358 8583
f 8358 8562 8583
f 8569 8549 8584
f 8549 8563 8584
f 8570 8550 8585
f 8550 8564 8585
f 8551 8565 8586
f 8571 8551 8586
f 8552 8566 8587
f 8572 8552 8587
f 8573 8553 8588
f 8553 8567 8588
f 8574 8554 8589
f 8554 8568 8589
f 8575 8555 8590
f 8555 8569 8590
f 8576 8556 8591
f 8556 8570 8591
f 8557 8571 8592
f 8577 8557 8592
f 8578 8558 8593
f 8558 8572 8593
f 8559 8573 8594
f 8579 8559 8594
f 8560 8574 8595
f 8580 8560 8595
f 8338 8339 8596
f 8581 8338 8596
f 8582 8561 8597
f 8561 8575 8597
f 8562 8576 8598
f 8583 8562 8598
f 8563 8577 8599
f 8584 8563 8599
f 8564 8578 8600
f 8585 8564 8600
f 8565 8579 8601
f 8586 8565 8601
f 8587 8566 8602
f 8566 8580 8602
f 8588 8567 8603
f 8567 8581 8603
f 8589 8568 8604
f 8568 8582 8604
f 8359 8583 8605
f 8360 8359 8605
f 8590 8569 8606
f 8569 8584 8606
f 8591 8570 8607
f 8570 8585 8607
f 8571 8586 8608
f 8592 8571 8608
f 8572 8587 8609
f 8593 8572 8609
f 8573 8588 8610
f 8594 8573 8610
f 8595 8574 8611
f 8574 8589 8611
f 8339 8340 8612
f 8596 8339 8612
f 8597 8575 8613
f 8575 8590 8613
f 8576 8591 8614
f 8598 8576 8614
f 8599 8577 8615
f 8577 8592 8615
f 8600 8578 8616
f 8578 8593 8616
f 8601 8579 8617
f 8579 8594 8617
f 8580 8595 8618
f 8602 8580 8618
f 8581 8596 8619
f 8603 8581 8619
f 8604 8582 8620
f 8582 8597 8620
f 8605 8583 8621
f 8583 8598 8621
f 8606 8584 8622
f 8584 8599 8622
f 8607 8585 8623
f 8585 8600 8623
f 8608 8586 8624
f 8586 8601 8624
f 8609 8587 8625
f 8587 8602 8625
f 8610 8588 8626
f 8588 8603 8626
f 8589 8604 8627
f 8611 8589 8627
f 8361 8360 8628
f 8360 8605 8628
f 8612 8340 8629
f 8340 8341 8629
f 8613 8590 8630
f 8590 8606 8630
f 8591 8607 8631
f 8614 8591 8631
f 8615 8592 8632
f 8592 8608 8632
f 8593 8609 8633
f 8616 8593 8633
f 8594 8610 8634
f 8617 8594 8634
f 8618 8595 8635
f 8595 8611 8635
f 8596 8612 8636
f 8619 8596 8636
f 8620 8597 8637
f 8597 8613 8637
f 8598 8614 8638
f 8621 8598 8638
f 8622 8599 8639
f 8599 8615 8639
f 8600 8616 8640
f 8623 8600 8640
f 8601 8617 8641
f 8624 8601 8641
f 8625 8602 8642
f 8602 8618 8642
f 8626 8603 8643
f 8603 8619 8643
f 8604 8620 8644
f 8627 8604 8644
f 8628 8605 8645
f 8605 8621 8645
f 8341 8342 8646
f 8629 8341 8646
f 8606 8622 8647
f 8630 8606 8647
f 8631 8607 8648
f 8607 8623 8648
f 8608 8624 8649
f 8632 8608 8649
f 8609 8625 8650
f 8633 8609 8650
f 8634 8610 8651
f 8610 8626 8651
f 8635 8611 8652
f 8611 8627 8652
f 8362 8361 8653
f 8361 8628 8653
f 8636 8612 8654
f 8612 8629 8654
f 8637 8613 8655
f 8613 8630 8655
f 8614 8631 8656
f 8638 8614 8656
f 8639 8615 8657
f 8615 8632 8657
f 8616 8633 8658
f 8640 8616 8658
f 8641 8617 8659
f 8617 8634 8659
f 8618 8635 8660
f 8642 8618 8660
f 8643 8619 8661
f 8619 8636 8661
f 8644 8620 8662
f 8620 8637 8662
f 8621 8638 8663
f 8645 8621 8663
f 8342 8343 8664
f 8343 8344 8664
f 8344 8399 8664
f 8646 8342 8664
f 8647 8622 8665
f 8622 8639 8665
f 8623 8640 8666
f 8648 8623 8666
f 8649 8624 8667
f 8624 8641 8667
f 8650 8625 8668
f 8625 8642 8668
f 8626 8643 8669
f 8651 8626 8669
f 8627 8644 8670
f 8652 8627 8670
f 8628 8645 8671
f 8653 8628 8671
f 8654 8629 8672
f 8629 8646 8672
f 8655 8630 8673
f 8630 8647 8673
f 8656 8631 8674
f 8631 8648 8674
f 8632 8649 8675
f 8657 8632 8675
f 8658 8633 8676
f 8633 8650 8676
f 8634 8651 8677
f 8659 8634 8677
f 8660 8635 8678
f 8635 8652 8678
f 8362 8653 8679
f 8363 8362 8679
f 8636 8654 8680
f 8661 8636 8680
f 8637 8655 8681
f 8662 8637 8681
f 8638 8656 8682
f 8663 8638 8682
f 8639 8657 8683
f 8665 8639 8683
f 8640 8658 8684
f 8666 8640 8684
f 8667 8641 8685
f 8641 8659 8685
f 8668 8642 8686
f 8642 8660 8686
f 8643 8661 8687
f 8669 8643 8687
f 8644 8662 8688
f 8670 8644 8688
f 8671 8645 8689
f 8645 8663 8689
f 8664 8399 8690
f 8672 8646 8690
f 8399 8400 8690
f 8646 8664 8690
f 8673 8647 8691
f 8647 8665 8691
f 8648 8666 8692
f 8674 8648 8692
f 8649 8667 8693
f 8675 8649 8693
f 8676 8650 8694
f 8650 8668 8694
f 8677 8651 8695
f 8651 8669 8695
f 8652 8670 8696
f 8678 8652 8696
f 8679 8653 8697
f 8653 8671 8697
f 8680 8654 8698
f 8654 8672 8698
f 8655 8673 8699
f 8681 8655 8699
f 8656 8674 8700
f 8682 8656 8700
f 8657 8675 8701
f 8683 8657 8701
f 8684 8658 8702
f 8658 8676 8702
f 8685 8659 8703
f 8659 8677 8703
f 8660 8678 8704
f 8686 8660 8704
f 8364 8363 8705
f 8363 8679 8705
f 8687 8661 8706
f 8661 8680 8706
f 8688 8662 8707
f 8662 8681 8707
f 8689 8663 8708
f 8663 8682 8708
f 8691 8665 8709
f 8665 8683 8709
f 8666 8684 8710
f 8692 8666 8710
f 8693 8667 8711
f 8667 8685 8711
f 8694 8668 8712
f 8668 8686 8712
f 8669 8687 8713
f 8695 8669 8713
f 8670 8688 8714
f 8696 8670 8714
f 8671 8689 8715
f 8697 8671 8715
f 8690 8400 8716
f 8698 8672 8716
f 8672 8690 8716
f 8400 8401 8716
f 8699 8673 8717
f 8673 8691 8717
f 8700 8674 8718
f 8674 8692 8718
f 8701 8675 8719
f 8675 8693 8719
f 8702 8676 8720
f 8676 8694 8720
f 8703 8677 8721
f 8677 8695 8721
f 8704 8678 8722
f 8678 8696 8722
f 8679 8697 8723
f 8705 8679 8723
f 8706 8680 8724
f 8680 8698 8724
f 8681 8699 8725
f 8707 8681 8725
f 8708 8682 8726
f 8682 8700 8726
f 8683 8701 8727
f 8709 8683 8727
f 8710 8684 8728
f 8684 8702 8728
f 8685 8703 8729
f 8711 8685 8729
f 8712 8686 8730
f 8686 8704 8730
f 8365 8364 8731
f 8364 8705 8731
f 8687 8706 8732
f 8713 8687 8732
f 8688 8707 8733
f 8714 8688 8733
f 8689 8708 8734
f 8715 8689 8734
f 8717 8691 8735
f 8691 8709 8735
f 8718 8692 8736
f 8692 8710 8736
f 8719 8693 8737
f 8693 8711 8737
f 8694 8712 8738
f 8720 8694 8738
f 8721 8695 8739
f 8695 8713 8739
f 8696 8714 8740
f 8722 8696 8740
f 8723 8697 8741
f 8697 8715 8741
f 8698 8716 8742
f 8716 8401 8742
f 8401 8402 8742
f 8724 8698 8742
f 8699 8717 8743
f 8725 8699 8743
f 8700 8718 8744
f 8726 8700 8744
f 8727 8701 8745
f 8701 8719 8745
f 8728 8702 8746
f 8702 8720 8746
f 8703 8721 8747
f 8729 8703 8747
f 8730 8704 8748
f 8704 8722 8748
f 8705 8723 8749
f 8731 8705 8749
f 8706 8724 8750
f 8732 8706 8750
f 8707 8725 8751
f 8733 8707 8751
f 8734 8708 8752
f 8708 8726 8752
f 8735 8709 8753
f 8709 8727 8753
f 8736 8710 8754
f 8710 8728 8754
f 8711 8729 8755
f 8737 8711 8755
f 8738 8712 8756
f 8712 8730 8756
f 8365 8731 8757
f 8366 8365 8757
f 8713 8732 8758
f 8739 8713 8758
f 8714 8733 8759
f 8740 8714 8759
f 8715 8734 8760
f 8741 8715 8760
f 8743 8717 8761
f 8717 8735 8761
f 8744 8718 8762
f 8718 8736 8762
f 8745 8719 8763
f 8719 8737 8763
f 8746 8720 8764
f 8720 8738 8764
f 8721 8739 8765
f 8747 8721 8765
f 8748 8722 8766
f 8722 8740 8766
f 8749 8723 8767
f 8723 8741 8767
f 8750 8724 8768
f 8742 8402 8768
f 8724 8742 8768
f 8402 8403 8768
f 8751 8725 8769
f 8725 8743 8769
f 8752 8726 8770
f 8726 8744 8770
f 8753 8727 8771
f 8727 8745 8771
f 8728 8746 8772
f 8754 8728 8772
f 8729 8747 8773
f 8755 8729 8773
f 8730 8748 8774
f 8756 8730 8774
f 8757 8731 8775
f 8731 8749 8775
f 8732 8750 8776
f 8758 8732 8776
f 8733 8751 8777
f 8759 8733 8777
f 8760 8734 8778
f 8734 8752 8778
f 8735 8753 8779
f 8761 8735 8779
f 8762 8736 8780
f 8736 8754 8780
f 8763 8737 8781
f 8737 8755 8781
f 8764 8738 8782
f 8738 8756 8782
f 8367 8366 8783
f 8366 8757 8783
f 8739 8758 8784
f 8765 8739 8784
f 8740 8759 8785
f 8766 8740 8785
f 8741 8760 8786
f 8767 8741 8786
f 8743 8761 8787
f 8769 8743 8787
f 8770 8744 8788
f 8744 8762 8788
f 8745 8763 8789
f 8771 8745 8789
f 8746 8764 8790
f 8772 8746 8790
f 8747 8765 8791
f 8773 8747 8791
f 8748 8766 8792
f 8774 8748 8792
f 8775 8749 8793
f 8749 8767 8793
f 8776 8750 8794
f 8768 8403 8794
f 8750 8768 8794
f 8403 8404 8794
f 8751 8769 8795
f 8777 8751 8795
f 8778 8752 8796
f 8752 8770 8796
f 8779 8753 8797
f 8753 8771 8797
f 8780 8754 8798
f 8754 8772 8798
f 8755 8773 8799
f 8781 8755 8799
f 8782 8756 8800
f 8756 8774 8800
f 8783 8757 8801
f 8757 8775 8801
f 8758 8776 8802
f 8784 8758 8802
f 8759 8777 8803
f 8785 8759 8803
f 8760 8778 8804
f 8786 8760 8804
f 8787 8761 8805
f 8761 8779 8805
f 8762 8780 8806
f 8788 8762 8806
f 8789 8763 8807
f 8763 8781 8807
f 8790 8764 8808
f 8764 8782 8808
f 8367 8783 8809
f 8368 8367 8809
f 8765 8784 8810
f 8791 8765 8810
f 8792 8766 8811
f 8766 8785 8811
f 8767 8786 8812
f 8793 8767 8812
f 8795 8769 8813
f 8769 8787 8813
f 8796 8770 8814
f 8770 8788 8814
f 8797 8771 8815
f 8771 8789 8815
f 8772 8790 8816
f 8798 8772 8816
f 8799 8773 8817
f 8773 8791 8817
f 8774 8792 8818
f 8800 8774 8818
f 8801 8775 8819
f 8775 8793 8819
f 8794 8404 8820
f 8776 8794 8820
f 8802 8776 8820
f 8404 8405 8820
f 8777 8795 8821
f 8803 8777 8821
f 8804 8778 8822
f 8778 8796 8822
f 8805 8779 8823
f 8779 8797 8823
f 8780 8798 8824
f 8806 8780 8824
f 8807 8781 8825
f 8781 8799 8825
f 8782 8800 8826
f 8808 8782 8826
f 8809 8783 8827
f 8783 8801 8827
f 8784 8802 8828
f 8810 8784 8828
f 8785 8803 8829
f 8811 8785 8829
f 8812 8786 8830
f 8786 8804 8830
f 8813 8787 8831
f 8787 8805 8831
f 8814 8788 8832
f 8788 8806 8832
f 8789 8807 8833
f 8815 8789 8833
f 8816 8790 8834
f 8790 8808 8834
f 8368 8809 8835
f 8369 8368 8835
f 8791 8810 8836
f 8817 8791 8836
f 8792 8811 8837
f 8818 8792 8837
f 8819 8793 8838
f 8793 8812 8838
f 8821 8795 8839
f 8795 8813 8839
f 8822 8796 8840
f 8796 8814 8840
f 8823 8797 8841
f 8797 8815 8841
f 8798 8816 8842
f 8824 8798 8842
f 8825 8799 8843
f 8799 8817 8843
f 8800 8818 8844
f 8826 8800 8844
f 8827 8801 8845
f 8801 8819 8845
f 8828 8802 8846
f 8802 8820 8846
f 8820 8405 8846
f 8405 8406 8846
f 8829 8803 8847
f 8803 8821 8847
f 8830 8804 8848
f 8804 8822 8848
f 8805 8823 8849
f 8831 8805 8849
f 8806 8824 8850
f 8832 8806 8850
f 8807 8825 8851
f 8833 8807 8851
f 8834 8808 8852
f 8808 8826 8852
f 8835 8809 8853
f 8809 8827 8853
f 8836 8810 8854
f 8810 8828 8854
f 8811 8829 8855
f 8837 8811 8855
f 8838 8812 8856
f 8812 8830 8856
f 8813 8831 8857
f 8839 8813 8857
f 8814 8832 8858
f 8840 8814 8858
f 8815 8833 8859
f 8841 8815 8859
f 8816 8834 8860
f 8842 8816 8860
f 8369 8835 8861
f 8370 8369 8861
f 8371 8370 8861
f 8372 8371 8861
f 8843 8817 8862
f 8817 8836 8862
f 8818 8837 8863
f 8844 8818 8863
f 8845 8819 8864
f 8819 8838 8864
f 8847 8821 8865
f 8821 8839 8865
f 8822 8840 8866
f 8848 8822 8866
f 8823 8841 8867
f 8849 8823 8867
f 8850 8824 8868
f 8824 8842 8868
f 8851 8825 8869
f 8825 8843 8869
f 8852 8826 8870
f 8826 8844 8870
f 8827 8845 8871
f 8853 8827 8871
f 8828 8846 8872
f 8846 8406 8872
f 8854 8828 8872
f 8406 8407 8872
f 8855 8829 8873
f 8829 8847 8873
f 8856 8830 8874
f 8830 8848 8874
f 8857 8831 8875
f 8831 8849 8875
f 8832 8850 8876
f 8858 8832 8876
f 8833 8851 8877
f 8859 8833 8877
f 8834 8852 8878
f 8860 8834 8878
f 8372 8861 8879
f 8861 8835 8879
f 8373 8372 8879
f 8835 8853 8879
f 8862 8836 8880
f 8836 8854 8880
f 8837 8855 8881
f 8863 8837 8881
f 8864 8838 8882
f 8838 8856 8882
f 8839 8857 8883
f 8865 8839 8883
f 8840 8858 8884
f 8866 8840 8884
f 8867 8841 8885
f 8841 8859 8885
f 8842 8860 8886
f 8868 8842 8886
f 8869 8843 8887
f 8843 8862 8887
f 8870 8844 8888
f 8844 8863 8888
f 8845 8864 8889
f 8871 8845 8889
f 8847 8865 8890
f 8873 8847 8890
f 8874 8848 8891
f 8848 8866 8891
f 8875 8849 8892
f 8849 8867 8892
f 8850 8868 8893
f 8876 8850 8893
f 8877 8851 8894
f 8851 8869 8894
f 8852 8870 8895
f 8878 8852 8895
f 8374 8373 8896
f 8373 8879 8896
f 8879 8853 8896
f 8853 8871 8896
f 8854 8872 8897
f 8880 8854 8897
f 8872 8407 8897
f 8407 8408 8897
f 8855 8873 8898
f 8881 8855 8898
f 8882 8856 8899
f 8856 8874 8899
f 8857 8875 8900
f 8883 8857 8900
f 8858 8876 8901
f 8884 8858 8901
f 8885 8859 8902
f 8859 8877 8902
f 8860 8878 8903
f 8886 8860 8903
f 8862 8880 8904
f 8887 8862 8904
f 8888 8863 8905
f 8863 8881 8905
f 8889 8864 8906
f 8864 8882 8906
f 8890 8865 8907
f 8865 8883 8907
f 8866 8884 8908
f 8891 8866 8908
f 8867 8885 8909
f 8892 8867 8909
f 8893 8868 8910
f 8868 8886 8910
f 8894 8869 8911
f 8869 8887 8911
f 8870 8888 8912
f 8895 8870 8912
f 8896 8871 8913
f 8375 8374 8913
f 8374 8896 8913
f 8871 8889 8913
f 8898 8873 8914
f 8873 8890 8914
f 8899 8874 8915
f 8874 8891 8915
f 8900 8875 8916
f 8875 8892 8916
f 8901 8876 8917
f 8876 8893 8917
f 8902 8877 8918
f 8877 8894 8918
f 8878 8895 8919
f 8903 8878 8919
f 8897 8408 8920
f 8880 8897 8920
f 8904 8880 8920
f 8408 8409 8920
f 8905 8881 8921
f 8881 8898 8921
f 8882 8899 8922
f 8906 8882 8922
f 8907 8883 8923
f 8883 8900 8923
f 8884 8901 8924
f 8908 8884 8924
f 8909 8885 8925
f 8885 8902 8925
f 8910 8886 8926
f 8886 8903 8926
f 8887 8904 8927
f 8911 8887 8927
f 8912 8888 8928
f 8888 8905 8928
f 8376 8375 8929
f 8375 8913 8929
f 8913 8889 8929
f 8889 8906 8929
f 8890 8907 8930
f 8914 8890 8930
f 8891 8908 8931
f 8915 8891 8931
f 8916 8892 8932
f 8892 8909 8932
f 8893 8910 8933
f 8917 8893 8933
f 8894 8911 8934
f 8918 8894 8934
f 8919 8895 8935
f 8895 8912 8935
f 8921 8898 8936
f 8898 8914 8936
f 8899 8915 8937
f 8922 8899 8937
f 8923 8900 8938
f 8900 8916 8938
f 8901 8917 8939
f 8924 8901 8939
f 8902 8918 8940
f 8925 8902 8940
f 8926 8903 8941
f 8903 8919 8941
f 8927 8904 8942
f 8920 8409 8942
f 8904 8920 8942
f 8409 8410 8942
f 8928 8905 8943
f 8905 8921 8943
f 8929 8906 8944
f 8376 8929 8944
f 8377 8376 8944
f 8906 8922 8944
f 8907 8923 8945
f 8930 8907 8945
f 8908 8924 8946
f 8931 8908 8946
f 8909 8925 8947
f 8932 8909 8947
f 8933 8910 8948
f 8910 8926 8948
f 8911 8927 8949
f 8934 8911 8949
f 8935 8912 8950
f 8912 8928 8950
f 8914 8930 8951
f 8936 8914 8951
f 8937 8915 8952
f 8915 8931 8952
f 8916 8932 8953
f 8938 8916 8953
f 8939 8917 8954
f 8917 8933 8954
f 8940 8918 8955
f 8918 8934 8955
f 8919 8935 8956
f 8941 8919 8956
f 8921 8936 8957
f 8943 8921 8957
f 8944 8922 8958
f 8922 8937 8958
f 8377 8944 8958
f 8378 8377 8958
f 8945 8923 8959
f 8923 8938 8959
f 8924 8939 8960
f 8946 8924 8960
f 8947 8925 8961
f 8925 8940 8961
f 8948 8926 8962
f 8926 8941 8962
f 8927 8942 8963
f 8949 8927 8963
f 8942 8410 8963
f 8410 8411 8963
f 8950 8928 8964
f 8928 8943 8964
f 8951 8930 8965
f 8930 8945 8965
f 8931 8946 8966
f 8952 8931 8966
f 8953 8932 8967
f 8932 8947 8967
f 8933 8948 8968
f 8954 8933 8968
f 8934 8949 8969
f 8955 8934 8969
f 8956 8935 8970
f 8935 8950 8970
f 8957 8936 8971
f 8936 8951 8971
f 8958 8937 8972
f 8937 8952 8972
f 8379 8378 8972
f 8378 8958 8972
f 8938 8953 8973
f 8959 8938 8973
f 8960 8939 8974
f 8939 8954 8974
f 8961 8940 8975
f 8940 8955 8975
f 8941 8956 8976
f 8962 8941 8976
f 8964 8943 8977
f 8943 8957 8977
f 8965 8945 8978
f 8945 8959 8978
f 8946 8960 8979
f 8966 8946 8979
f 8967 8947 8980
f 8947 8961 8980
f 8948 8962 8981
f 8968 8948 8981
f 8963 8411 8982
f 8949 8963 8982
f 8969 8949 8982
f 8411 8412 8982
f 8970 8950 8983
f 8950 8964 8983
f 8951 8965 8984
f 8971 8951 8984
f 8379 8972 8985
f 8972 8952 8985
f 8380 8379 8985
f 8952 8966 8985
f 8953 8967 8986
f 8973 8953 8986
f 8974 8954 8987
f 8954 8968 8987
f 8975 8955 8988
f 8955 8969 8988
f 8956 8970 8989
f 8976 8956 8989
f 8977 8957 8990
f 8957 8971 8990
f 8959 8973 8991
f 8978 8959 8991
f 8979 8960 8992
f 8960 8974 8992
f 8961 8975 8993
f 8980 8961 8993
f 8981 8962 8994
f 8962 8976 8994
f 8964 8977 8995
f 8983 8964 8995
f 8965 8978 8996
f 8984 8965 8996
f 8966 8979 8997
f 8985 8966 8997
f 8381 8380 8997
f 8380 8985 8997
f 8967 8980 8998
f 8986 8967 8998
f 8987 8968 8999
f 8968 8981 8999
f 8969 8982 9000
f 8988 8969 9000
f 8982 8412 9000
f 8412 8413 9000
f 8970 8983 9001
f 8989 8970 9001
f 8971 8984 9002
f 8990 8971 9002
f 8973 8986 9003
f 8991 8973 9003
f 8992 8974 9004
f 8974 8987 9004
f 8993 8975 9005
f 8975 8988 9005
f 8994 8976 9006
f 8976 8989 9006
f 8995 8977 9007
f 8977 8990 9007
f 8996 8978 9008
f 8978 8991 9008
f 8381 8997 9009
f 8382 8381 9009
f 8979 8992 9009
f 8997 8979 9009
f 8998 8980 9010
f 8980 8993 9010
f 8981 8994 9011
f 8999 8981 9011
f 9001 8983 9012
f 8983 8995 9012
f 8984 8996 9013
f 9002 8984 9013
f 8986 8998 9014
f 9003 8986 9014
f 9004 8987 9015
f 8987 8999 9015
f 9005 8988 9016
f 9000 8413 9016
f 8988 9000 9016
f 8413 8414 9016
f 8989 9001 9017
f 9006 8989 9017
f 9007 8990 9018
f 8990 9002 9018
f 8991 9003 9019
f 9008 8991 9019
f 8382 9009 9020
f 9009 8992 9020
f 8383 8382 9020
f 8992 9004 9020
f 8993 9005 9021
f 9010 8993 9021
f 8994 9006 9022
f 9011 8994 9022
f 9012 8995 9023
f 8995 9007 9023
f 8996 9008 9024
f 9013 8996 9024
f 8998 9010 9025
f 9014 8998 9025
f 9015 8999 9026
f 8999 9011 9026
f 9001 9012 9027
f 9017 9001 9027
f 9018 9002 9028
f 9002 9013 9028
f 9003 9014 9029
f 9019 9003 9029
f 9004 9015 9030
f 8384 8383 9030
f 8383 9020 9030
f 9020 9004 9030
f 9005 9016 9031
f 9021 9005 9031
f 9016 8414 9031
f 8414 8415 9031
f 9022 9006 9032
f 9006 9017 9032
f 9023 9007 9033
f 9007 9018 9033
f 9024 9008 9034
f 9008 9019 9034
f 9010 9021 9035
f 9025 9010 9035
f 9026 9011 9036
f 9011 9022 9036
f 9012 9023 9037
f 9027 9012 9037
f 9028 9013 9038
f 9013 9024 9038
f 9029 9014 9039
f 9014 9025 9039
f 9015 9026 9040
f 8385 8384 9040
f 8384 9030 9040
f 9030 9015 9040
f 9017 9027 9041
f 9032 9017 9041
f 9033 9018 9042
f 9018 9028 9042
f 9019 9029 9043
f 9034 9019 9043
f 9031 8415 9044
f 9021 9031 9044
f 9035 9021 9044
f 8415 8416 9044
f 9036 9022 9045
f 9022 9032 9045
f 9023 9033 9046
f 9037 9023 9046
f 9038 9024 9047
f 9024 9034 9047
f 9025 9035 9048
f 9039 9025 9048
f 9026 9036 9049
f 9040 9026 9049
f 8385 9040 9049
f 8386 8385 9049
f 9027 9037 9050
f 9041 9027 9050
f 9042 9028 9051
f 9028 9038 9051
f 9043 9029 9052
f 9029 9039 9052
f 9032 9041 9053
f 9045 9032 9053
f 9033 9042 9054
f 9046 9033 9054
f 9034 9043 9055
f 9047 9034 9055
f 9044 8416 9056
f 9048 9035 9056
f 9035 9044 9056
f 8416 8417 9056
f 9049 9036 9057
f 8386 9049 9057
f 8387 8386 9057
f 9036 9045 9057
f 9037 9046 9058
f 9050 9037 9058
f 9038 9047 9059
f 9051 9038 9059
f 9039 9048 9060
f 9052 9039 9060
f 9041 9050 9061
f 9053 9041 9061
f 9042 9051 9062
f 9054 9042 9062
f 9043 9052 9063
f 9055 9043 9063
f 8387 9057 9064
f 8388 8387 9064
f 9045 9053 9064
f 9057 9045 9064
f 9046 9054 9065
f 9058 9046 9065
f 9047 9055 9066
f 9059 9047 9066
f 8417 8418 9067
f 9056 8417 9067
f 9048 9056 9067
f 9060 9048 9067
f 9061 9050 9068
f 9050 9058 9068
f 9062 9051 9069
f 9051 9059 9069
f 9052 9060 9070
f 9063 9052 9070
f 9064 9053 9071
f 8388 9064 9071
f 8389 8388 9071
f 9053 9061 9071
f 9054 9062 9072
f 9065 9054 9072
f 9055 9063 9073
f 9066 9055 9073
f 9058 9065 9074
f 9068 9058 9074
f 9069 9059 9075
f 9059 9066 9075
f 9067 8418 9076
f 8418 8419 9076
f 9060 9067 9076
f 9070 9060 9076
f 9071 9061 9077
f 9061 9068 9077
f 8389 9071 9077
f 8390 8389 9077
f 9072 9062 9078
f 9062 9069 9078
f 9073 9063 9079
f 9063 9070 9079
f 9074 9065 9080
f 9065 9072 9080
f 9066 9073 9081
f 9075 9066 9081
f 9077 9068 9082
f 9068 9074 9082
f 8390 9077 9082
f 8391 8390 9082
f 9069 9075 9083
f 9078 9069 9083
f 8419 8420 9084
f 9076 8419 9084
f 9070 9076 9084
f 9079 9070 9084
f 9080 9072 9085
f 9072 9078 9085
f 9073 9079 9086
f 9081 9073 9086
f 9082 9074 9087
f 8391 9082 9087
f 9074 9080 9087
f 8392 8391 9087
f 9083 9075 9088
f 9075 9081 9088
f 9085 9078 9089
f 9078 9083 9089
f 8420 8421 9090
f 9084 8420 9090
f 9079 9084 9090
f 9086 9079 9090
f 9087 9080 9091
f 9080 9085 9091
f 8393 8392 9091
f 8392 9087 9091
f 9081 9086 9092
f 9088 9081 9092
f 9083 9088 9093
f 9089 9083 9093
f 9085 9089 9094
f 9091 9085 9094
f 8394 8393 9094
f 8393 9091 9094
f 8421 8422 9095
f 9092 9086 9095
f 9090 8421 9095
f 9086 9090 9095
f 9093 9088 9096
f 9088 9092 9096
f 8394 9094 9097
f 8395 8394 9097
f 9089 9093 9097
f 9094 9089 9097
f 9092 9095 9098
f 8422 8423 9098
f 9096 9092 9098
f 9095 8422 9098
f 9093 9096 9099
f 8395 9097 9099
f 8396 8395 9099
f 9097 9093 9099
f 9098 8423 9100
f 8423 8424 9100
f 8424 8398 9100
f 9099 9096 9100
f 9096 9098 9100
f 8396 9099 9100
f 8397 8396 9100
f 8398 8397 9100
f 9101 9102 9209
f 9129 9101 9209
f 9102 9103 9210
f 9209 9102 9210
f 9130 9129 9211
f 9129 9209 9211
f 9103 9104 9212
f 9210 9103 9212
f 9209 9210 9213
f 9211 9209 9213
f 9131 9130 9214
f 9130 9211 9214
f 9104 9105 9215
f 9212 9104 9215
f 9210 9212 9216
f 9213 9210 9216
f 9211 9213 9217
f 9214 9211 9217
f 9105 9106 9218
f 9215 9105 9218
f 9131 9214 9219
f 9132 9131 9219
f 9212 9215 9220
f 9216 9212 9220
f 9213 9216 9221
f 9217 9213 9221
f 9106 9107 9222
f 9218 9106 9222
f 9214 9217 9223
f 9219 9214 9223
f 9220 9215 9224
f 9215 9218 9224
f 9133 9132 9225
f 9132 9219 9225
f 9216 9220 9226
f 9221 9216 9226
f 9107 9108 9227
f 9222 9107 9227
f 9217 9221 9228
f 9223 9217 9228
f 9224 9218 9229
f 9218 9222 9229
f 9219 9223 9230
f 9225 9219 9230
f 9220 9224 9231
f 9226 9220 9231
f 9227 9108 9232
f 9108 9109 9232
f 9133 9225 9233
f 9134 9133 9233
f 9228 9221 9234
f 9221 9226 9234
f 9222 9227 9235
f 9229 9222 9235
f 9223 9228 9236
f 9230 9223 9236
f 9224 9229 9237
f 9231 9224 9237
f 9109 9110 9238
f 9232 9109 9238
f 9225 9230 9239
f 9233 9225 9239
f 9234 9226 9240
f 9226 9231 9240
f 9227 9232 9241
f 9235 9227 9241
f 9134 9233 9242
f 9135 9134 9242
f 9228 9234 9243
f 9236 9228 9243
f 9237 9229 9244
f 9229 9235 9244
f 9110 9111 9245
f 9238 9110 9245
f 9230 9236 9246
f 9239 9230 9246
f 9231 9237 9247
f 9240 9231 9247
f 9241 9232 9248
f 9232 9238 9248
f 9233 9239 9249
f 9242 9233 9249
f 9243 9234 9250
f 9234 9240 9250
f 9244 9235 9251
f 9235 9241 9251
f 9245 9111 9252
f 9111 9112 9252
f 9136 9135 9253
f 9135 9242 9253
f 9246 9236 9254
f 9236 9243 9254
f 9247 9237 9255
f 9237 9244 9255
f 9248 9238 9256
f 9238 9245 9256
f 9239 9246 9257
f 9249 9239 9257
f 9250 9240 9258
f 9240 9247 9258
f 9241 9248 9259
f 9251 9241 9259
f 9252 9112 9260
f 9112 9113 9260
f 9242 9249 9261
f 9253 9242 9261
f 9254 9243 9262
f 9243 9250 9262
f 9255 9244 9263
f 9244 9251 9263
f 9256 9245 9264
f 9245 9252 9264
f 9137 9136 9265
f 9136 9253 9265
f 9246 9254 9266
f 9257 9246 9266
f 9247 9255 9267
f 9258 9247 9267
f 9259 9248 9268
f 9248 9256 9268
f 9113 9114 9269
f 9260 9113 9269
f 9261 9249 9270
f 9249 9257 9270
f 9250 9258 9271
f 9262 9250 9271
f 9251 9259 9272
f 9263 9251 9272
f 9264 9252 9273
f 9252 9260 9273
f 9253 9261 9274
f 9265 9253 9274
f 9266 9254 9275
f 9254 9262 9275
f 9255 9263 9276
f 9267 9255 9276
f 9256 9264 9277
f 9268 9256 9277
f 9138 9137 9278
f 9137 9265 9278
f 9114 9115 9279
f 9269 9114 9279
f 9257 9266 9280
f 9270 9257 9280
f 9258 9267 9281
f 9271 9258 9281
f 9259 9268 9282
f 9272 9259 9282
f 9260 9269 9283
f 9273 9260 9283
f 9274 9261 9284
f 9261 9270 9284
f 9262 9271 9285
f 9275 9262 9285
f 9263 9272 9286
f 9276 9263 9286
f 9264 9273 9287
f 9277 9264 9287
f 9265 9274 9288
f 9278 9265 9288
f 9279 9115 9289
f 9115 9116 9289
f 9266 9275 9290
f 9280 9266 9290
f 9281 9267 9291
f 9267 9276 9291
f 9268 9277 9292
f 9282 9268 9292
f 9139 9138 9293
f 9138 9278 9293
f 9269 9279 9294
f 9283 9269 9294
f 9284 9270 9295
f 9270 9280 9295
f 9271 9281 9296
f 9285 9271 9296
f 9286 9272 9297
f 9272 9282 9297
f 9287 9273 9298
f 9273 9283 9298
f 9288 9274 9299
f 9274 9284 9299
f 9116 9117 9300
f 9289 9116 9300
f 9290 9275 9301
f 9275 9285 9301
f 9276 9286 9302
f 9291 9276 9302
f 9292 9277 9303
f 9277 9287 9303
f 9278 9288 9304
f 9293 9278 9304
f 9294 9279 9305
f 9279 9289 9305
f 9280 9290 9306
f 9295 9280 9306
f 9281 9291 9307
f 9296 9281 9307
f 9282 9292 9308
f 9297 9282 9308
f 9139 9293 9309
f 9140 9139 9309
f 9283 9294 9310
f 9298 9283 9310
f 9299 9284 9311
f 9284 9295 9311
f 9117 9118 9312
f 9300 9117 9312
f 9285 9296 9313
f 9301 9285 9313
f 9286 9297 9314
f 9302 9286 9314
f 9303 9287 9315
f 9287 9298 9315
f 9288 9299 9316
f 9304 9288 9316
f 9289 9300 9317
f 9305 9289 9317
f 9306 9290 9318
f 9290 9301 9318
f 9291 9302 9319
f 9307 9291 9319
f 9292 9303 9320
f 9308 9292 9320
f 9309 9293 9321
f 9293 9304 9321
f 9294 9305 9322
f 9310 9294 9322
f 9311 9295 9323
f 9295 9306 9323
f 9118 9119 9324
f 9312 9118 9324
f 9296 9307 9325
f 9313 9296 9325
f 9297 9308 9326
f 9314 9297 9326
f 9141 9140 9327
f 9140 9309 9327
f 9298 9310 9328
f 9315 9298 9328
f 9299 9311 9329
f 9316 9299 9329
f 9300 9312 9330
f 9317 9300 9330
f 9301 9313 9331
f 9318 9301 9331
f 9302 9314 9332
f 9319 9302 9332
f 9320 9303 9333
f 9303 9315 9333
f 9304 9316 9334
f 9321 9304 9334
f 9305 9317 9335
f 9322 9305 9335
f 9306 9318 9336
f 9323 9306 9336
f 9119 9120 9337
f 9324 9119 9337
f 9325 9307 9338
f 9307 9319 9338
f 9326 9308 9339
f 9308 9320 9339
f 9309 9321 9340
f 9327 9309 9340
f 9310 9322 9341
f 9328 9310 9341
f 9329 9311 9342
f 9311 9323 9342
f 9312 9324 9343
f 9330 9312 9343
f 9313 9325 9344
f 9331 9313 9344
f 9332 9314 9345
f 9314 9326 9345
f 9141 9327 9346
f 9142 9141 9346
f 9315 9328 9347
f 9333 9315 9347
f 9316 9329 9348
f 9334 9316 9348
f 9335 9317 9349
f 9317 9330 9349
f 9336 9318 9350
f 9318 9331 9350
f 9120 9121 9351
f 9337 9120 9351
f 9319 9332 9352
f 9338 9319 9352
f 9339 9320 9353
f 9320 9333 9353
f 9340 9321 9354
f 9321 9334 9354
f 9322 9335 9355
f 9341 9322 9355
f 9342 9323 9356
f 9323 9336 9356
f 9343 9324 9357
f 9324 9337 9357
f 9325 9338 9358
f 9344 9325 9358
f 9326 9339 9359
f 9345 9326 9359
f 9327 9340 9360
f 9346 9327 9360
f 9347 9328 9361
f 9328 9341 9361
f 9348 9329 9362
f 9329 9342 9362
f 9349 9330 9363
f 9330 9343 9363
f 9350 9331 9364
f 9331 9344 9364
f 9121 9122 9365
f 9351 9121 9365
f 9352 9332 9366
f 9332 9345 9366
f 9143 9142 9367
f 9142 9346 9367
f 9333 9347 9368
f 9353 9333 9368
f 9334 9348 9369
f 9354 9334 9369
f 9335 9349 9370
f 9355 9335 9370
f 9336 9350 9371
f 9356 9336 9371
f 9357 9337 9372
f 9337 9351 9372
f 9358 9338 9373
f 9338 9352 9373
f 9339 9353 9374
f 9359 9339 9374
f 9340 9354 9375
f 9360 9340 9375
f 9361 9341 9376
f 9341 9355 9376
f 9342 9356 9377
f 9362 9342 9377
f 9363 9343 9378
f 9343 9357 9378
f 9344 9358 9379
f 9364 9344 9379
f 9365 9122 9380
f 9122 9123 9380
f 9366 9345 9381
f 9345 9359 9381
f 9346 9360 9382
f 9367 9346 9382
f 9368 9347 9383
f 9347 9361 9383
f 9348 9362 9384
f 9369 9348 9384
f 9349 9363 9385
f 9370 9349 9385
f 9350 9364 9386
f 9371 9350 9386
f 9372 9351 9387
f 9351 9365 9387
f 9352 9366 9388
f 9373 9352 9388
f 9143 9367 9389
f 9144 9143 9389
f 9374 9353 9390
f 9353 9368 9390
f 9354 9369 9391
f 9375 9354 9391
f 9376 9355 9392
f 9355 9370 9392
f 9377 9356 9393
f 9356 9371 9393
f 9357 9372 9394
f 9378 9357 9394
f 9358 9373 9395
f 9379 9358 9395
f 9123 9124 9396
f 9380 9123 9396
f 9381 9359 9397
f 9359 9374 9397
f 9360 9375 9398
f 9382 9360 9398
f 9383 9361 9399
f 9361 9376 9399
f 9362 9377 9400
f 9384 9362 9400
f 9385 9363 9401
f 9363 9378 9401
f 9364 9379 9402
f 9386 9364 9402
f 9365 9380 9403
f 9387 9365 9403
f 9388 9366 9404
f 9366 9381 9404
f 9367 9382 9405
f 9389 9367 9405
f 9368 9383 9406
f 9390 9368 9406
f 9391 9369 9407
f 9369 9384 9407
f 9370 9385 9408
f 9392 9370 9408
f 9393 9371 9409
f 9371 9386 9409
f 9372 9387 9410
f 9394 9372 9410
f 9395 9373 9411
f 9373 9388 9411
f 9145 9144 9412
f 9144 9389 9412
f 9396 9124 9413
f 9124 9125 9413
f 9374 9390 9414
f 9397 9374 9414
f 9398 9375 9415
f 9375 9391 9415
f 9399 9376 9416
f 9376 9392 9416
f 9400 9377 9417
f 9377 9393 9417
f 9401 9378 9418
f 9378 9394 9418
f 9402 9379 9419
f 9379 9395 9419
f 9380 9396 9420
f 9403 9380 9420
f 9404 9381 9421
f 9381 9397 9421
f 9382 9398 9422
f 9405 9382 9422
f 9383 9399 9423
f 9406 9383 9423
f 9407 9384 9424
f 9384 9400 9424
f 9385 9401 9425
f 9408 9385 9425
f 9409 9386 9426
f 9386 9402 9426
f 9387 9403 9427
f 9410 9387 9427
f 9411 9388 9428
f 9388 9404 9428
f 9412 9389 9429
f 9389 9405 9429
f 9125 9126 9430
f 9413 9125 9430
f 9414 9390 9431
f 9390 9406 9431
f 9391 9407 9432
f 9415 9391 9432
f 9416 9392 9433
f 9392 9408 9433
f 9417 9393 9434
f 9393 9409 9434
f 9394 9410 9435
f 9418 9394 9435
f 9419 9395 9436
f 9395 9411 9436
f 9146 9145 9437
f 9145 9412 9437
f 9420 9396 9438
f 9396 9413 9438
f 9421 9397 9439
f 9397 9414 9439
f 9398 9415 9440
f 9422 9398 9440
f 9399 9416 9441
f 9423 9399 9441
f 9400 9417 9442
f 9424 9400 9442
f 9425 9401 9443
f 9401 9418 9443
f 9426 9402 9444
f 9402 9419 9444
f 9427 9403 9445
f 9403 9420 9445
f 9428 9404 9446
f 9404 9421 9446
f 9429 9405 9447
f 9405 9422 9447
f 9430 9126 9448
f 9126 9127 9448
f 9127 9128 9448
f 9128 9183 9448
f 9431 9406 9449
f 9406 9423 9449
f 9432 9407 9450
f 9407 9424 9450
f 9433 9408 9451
f 9408 9425 9451
f 9409 9426 9452
f 9434 9409 9452
f 9435 9410 9453
f 9410 9427 9453
f 9436 9411 9454
f 9411 9428 9454
f 9437 9412 9455
f 9412 9429 9455
f 9438 9413 9456
f 9413 9430 9456
f 9414 9431 9457
f 9439 9414 9457
f 9440 9415 9458
f 9415 9432 9458
f 9441 9416 9459
f 9416 9433 9459
f 9442 9417 9460
f 9417 9434 9460
f 9443 9418 9461
f 9418 9435 9461
f 9419 9436 9462
f 9444 9419 9462
f 9146 9437 9463
f 9147 9146 9463
f 9445 9420 9464
f 9420 9438 9464
f 9446 9421 9465
f 9421 9439 9465
f 9422 9440 9466
f 9447 9422 9466
f 9423 9441 9467
f 9449 9423 9467
f 9450 9424 9468
f 9424 9442 9468
f 9451 9425 9469
f 9425 9443 9469
f 9452 9426 9470
f 9426 9444 9470
f 9453 9427 9471
f 9427 9445 9471
f 9454 9428 9472
f 9428 9446 9472
f 9429 9447 9473
f 9455 9429 9473
f 9448 9183 9474
f 9456 9430 9474
f 9430 9448 9474
f 9183 9184 9474
f 9431 9449 9475
f 9457 9431 9475
f 9458 9432 9476
f 9432 9450 9476
f 9459 9433 9477
f 9433 9451 9477
f 9434 9452 9478
f 9460 9434 9478
f 9461 9435 9479
f 9435 9453 9479
f 9462 9436 9480
f 9436 9454 9480
f 9437 9455 9481
f 9463 9437 9481
f 9464 9438 9482
f 9438 9456 9482
f 9439 9457 9483
f 9465 9439 9483
f 9440 9458 9484
f 9466 9440 9484
f 9467 9441 9485
f 9441 9459 9485
f 9442 9460 9486
f 9468 9442 9486
f 9443 9461 9487
f 9469 9443 9487
f 9470 9444 9488
f 9444 9462 9488
f 9148 9147 9489
f 9147 9463 9489
f 9445 9464 9490
f 9471 9445 9490
f 9472 9446 9491
f 9446 9465 9491
f 9447 9466 9492
f 9473 9447 9492
f 9449 9467 9493
f 9475 9449 9493
f 9476 9450 9494
f 9450 9468 9494
f 9477 9451 9495
f 9451 9469 9495
f 9452 9470 9496
f 9478 9452 9496
f 9453 9471 9497
f 9479 9453 9497
f 9454 9472 9498
f 9480 9454 9498
f 9481 9455 9499
f 9455 9473 9499
f 9474 9184 9500
f 9456 9474 9500
f 9482 9456 9500
f 9184 9185 9500
f 9457 9475 9501
f 9483 9457 9501
f 9458 9476 9502
f 9484 9458 9502
f 9459 9477 9503
f 9485 9459 9503
f 9460 9478 9504
f 9486 9460 9504
f 9487 9461 9505
f 9461 9479 9505
f 9488 9462 9506
f 9462 9480 9506
f 9463 9481 9507
f 9489 9463 9507
f 9490 9464 9508
f 9464 9482 9508
f 9491 9465 9509
f 9465 9483 9509
f 9466 9484 9510
f 9492 9466 9510
f 9467 9485 9511
f 9493 9467 9511
f 9468 9486 9512
f 9494 9468 9512
f 9469 9487 9513
f 9495 9469 9513
f 9496 9470 9514
f 9470 9488 9514
f 9148 9489 9515
f 9149 9148 9515
f 9497 9471 9516
f 9471 9490 9516
f 9498 9472 9517
f 9472 9491 9517
f 9473 9492 9518
f 9499 9473 9518
f 9501 9475 9519
f 9475 9493 9519
f 9502 9476 9520
f 9476 9494 9520
f 9477 9495 9521
f 9503 9477 9521
f 9478 9496 9522
f 9504 9478 9522
f 9479 9497 9523
f 9505 9479 9523
f 9480 9498 9524
f 9506 9480 9524
f 9507 9481 9525
f 9481 9499 9525
f 9508 9482 9526
f 9482 9500 9526
f 9500 9185 9526
f 9185 9186 9526
f 9483 9501 9527
f 9509 9483 9527
f 9484 9502 9528
f 9510 9484 9528
f 9485 9503 9529
f 9511 9485 9529
f 9512 9486 9530
f 9486 9504 9530
f 9513 9487 9531
f 9487 9505 9531
f 9514 9488 9532
f 9488 9506 9532
f 9515 9489 9533
f 9489 9507 9533
f 9490 9508 9534
f 9516 9490 9534
f 9517 9491 9535
f 9491 9509 9535
f 9518 9492 9536
f 9492 9510 9536
f 9519 9493 9537
f 9493 9511 9537
f 9520 9494 9538
f 9494 9512 9538
f 9521 9495 9539
f 9495 9513 9539
f 9496 9514 9540
f 9522 9496 9540
f 9149 9515 9541
f 9150 9149 9541
f 9523 9497 9542
f 9497 9516 9542
f 9524 9498 9543
f 9498 9517 9543
f 9499 9518 9544
f 9525 9499 9544
f 9501 9519 9545
f 9527 9501 9545
f 9502 9520 9546
f 9528 9502 9546
f 9529 9503 9547
f 9503 9521 9547
f 9530 9504 9548
f 9504 9522 9548
f 9531 9505 9549
f 9505 9523 9549
f 9506 9524 9550
f 9532 9506 9550
f 9533 9507 9551
f 9507 9525 9551
f 9508 9526 9552
f 9534 9508 9552
f 9526 9186 9552
f 9186 9187 9552
f 9535 9509 9553
f 9509 9527 9553
f 9510 9528 9554
f 9536 9510 9554
f 9511 9529 9555
f 9537 9511 9555
f 9538 9512 9556
f 9512 9530 9556
f 9539 9513 9557
f 9513 9531 9557
f 9514 9532 9558
f 9540 9514 9558
f 9541 9515 9559
f 9515 9533 9559
f 9542 9516 9560
f 9516 9534 9560
f 9517 9535 9561
f 9543 9517 9561
f 9544 9518 9562
f 9518 9536 9562
f 9545 9519 9563
f 9519 9537 9563
f 9520 9538 9564
f 9546 9520 9564
f 9521 9539 9565
f 9547 9521 9565
f 9548 9522 9566
f 9522 9540 9566
f 9151 9150 9567
f 9150 9541 9567
f 9549 9523 9568
f 9523 9542 9568
f 9524 9543 9569
f 9550 9524 9569
f 9525 9544 9570
f 9551 9525 9570
f 9553 9527 9571
f 9527 9545 9571
f 9528 9546 9572
f 9554 9528 9572
f 9555 9529 9573
f 9529 9547 9573
f 9556 9530 9574
f 9530 9548 9574
f 9557 9531 9575
f 9531 9549 9575
f 9532 9550 9576
f 9558 9532 9576
f 9533 9551 9577
f 9559 9533 9577
f 9534 9552 9578
f 9552 9187 9578
f 9560 9534 9578
f 9187 9188 9578
f 9535 9553 9579
f 9561 9535 9579
f 9562 9536 9580
f 9536 9554 9580
f 9563 9537 9581
f 9537 9555 9581
f 9538 9556 9582
f 9564 9538 9582
f 9539 9557 9583
f 9565 9539 9583
f 9566 9540 9584
f 9540 9558 9584
f 9567 9541 9585
f 9541 9559 9585
f 9542 9560 9586
f 9568 9542 9586
f 9543 9561 9587
f 9569 9543 9587
f 9570 9544 9588
f 9544 9562 9588
f 9545 9563 9589
f 9571 9545 9589
f 9546 9564 9590
f 9572 9546 9590
f 9573 9547 9591
f 9547 9565 9591
f 9548 9566 9592
f 9574 9548 9592
f 9152 9151 9593
f 9151 9567 9593
f 9575 9549 9594
f 9549 9568 9594
f 9550 9569 9595
f 9576 9550 9595
f 9577 9551 9596
f 9551 9570 9596
f 9579 9553 9597
f 9553 9571 9597
f 9554 9572 9598
f 9580 9554 9598
f 9581 9555 9599
f 9555 9573 9599
f 9556 9574 9600
f 9582 9556 9600
f 9583 9557 9601
f 9557 9575 9601
f 9558 9576 9602
f 9584 9558 9602
f 9559 9577 9603
f 9585 9559 9603
f 9586 9560 9604
f 9560 9578 9604
f 9578 9188 9604
f 9188 9189 9604
f 9587 9561 9605
f 9561 9579 9605
f 9588 9562 9606
f 9562 9580 9606
f 9589 9563 9607
f 9563 9581 9607
f 9564 9582 9608
f 9590 9564 9608
f 9591 9565 9609
f 9565 9583 9609
f 9592 9566 9610
f 9566 9584 9610
f 9593 9567 9611
f 9567 9585 9611
f 9568 9586 9612
f 9594 9568 9612
f 9569 9587 9613
f 9595 9569 9613
f 9570 9588 9614
f 9596 9570 9614
f 9571 9589 9615
f 9597 9571 9615
f 9572 9590 9616
f 9598 9572 9616
f 9573 9591 9617
f 9599 9573 9617
f 9574 9592 9618
f 9600 9574 9618
f 9153 9152 9619
f 9152 9593 9619
f 9601 9575 9620
f 9575 9594 9620
f 9576 9595 9621
f 9602 9576 9621
f 9603 9577 9622
f 9577 9596 9622
f 9605 9579 9623
f 9579 9597 9623
f 9606 9580 9624
f 9580 9598 9624
f 9607 9581 9625
f 9581 9599 9625
f 9582 9600 9626
f 9608 9582 9626
f 9609 9583 9627
f 9583 9601 9627
f 9610 9584 9628
f 9584 9602 9628
f 9611 9585 9629
f 9585 9603 9629
f 9612 9586 9630
f 9586 9604 9630
f 9604 9189 9630
f 9189 9190 9630
f 9587 9605 9631
f 9613 9587 9631
f 9614 9588 9632
f 9588 9606 9632
f 9589 9607 9633
f 9615 9589 9633
f 9590 9608 9634
f 9616 9590 9634
f 9617 9591 9635
f 9591 9609 9635
f 9592 9610 9636
f 9618 9592 9636
f 9619 9593 9637
f 9593 9611 9637
f 9620 9594 9638
f 9594 9612 9638
f 9621 9595 9639
f 9595 9613 9639
f 9596 9614 9640
f 9622 9596 9640
f 9623 9597 9641
f 9597 9615 9641
f 9624 9598 9642
f 9598 9616 9642
f 9599 9617 9643
f 9625 9599 9643
f 9600 9618 9644
f 9626 9600 9644
f 9153 9619 9645
f 9154 9153 9645
f 9155 9154 9645
f 9156 9155 9645
f 9627 9601 9646
f 9601 9620 9646
f 9628 9602 9647
f 9602 9621 9647
f 9629 9603 9648
f 9603 9622 9648
f 9631 9605 9649
f 9605 9623 9649
f 9606 9624 9650
f 9632 9606 9650
f 9633 9607 9651
f 9607 9625 9651
f 9634 9608 9652
f 9608 9626 9652
f 9635 9609 9653
f 9609 9627 9653
f 9610 9628 9654
f 9636 9610 9654
f 9611 9629 9655
f 9637 9611 9655
f 9612 9630 9656
f 9630 9190 9656
f 9638 9612 9656
f 9190 9191 9656
f 9613 9631 9657
f 9639 9613 9657
f 9614 9632 9658
f 9640 9614 9658
f 9615 9633 9659
f 9641 9615 9659
f 9616 9634 9660
f 9642 9616 9660
f 9617 9635 9661
f 9643 9617 9661
f 9618 9636 9662
f 9644 9618 9662
f 9645 9619 9663
f 9156 9645 9663
f 9619 9637 9663
f 9157 9156 9663
f 9620 9638 9664
f 9646 9620 9664
f 9647 9621 9665
f 9621 9639 9665
f 9648 9622 9666
f 9622 9640 9666
f 9623 9641 9667
f 9649 9623 9667
f 9650 9624 9668
f 9624 9642 9668
f 9651 9625 9669
f 9625 9643 9669
f 9626 9644 9670
f 9652 9626 9670
f 9653 9627 9671
f 9627 9646 9671
f 9654 9628 9672
f 9628 9647 9672
f 9629 9648 9673
f 9655 9629 9673
f 9631 9649 9674
f 9657 9631 9674
f 9632 9650 9675
f 9658 9632 9675
f 9633 9651 9676
f 9659 9633 9676
f 9634 9652 9677
f 9660 9634 9677
f 9661 9635 9678
f 9635 9653 9678
f 9662 9636 9679
f 9636 9654 9679
f 9663 9637 9680
f 9158 9157 9680
f 9157 9663 9680
f 9637 9655 9680
f 9638 9656 9681
f 9656 9191 9681
f 9664 9638 9681
f 9191 9192 9681
f 9639 9657 9682
f 9665 9639 9682
f 9640 9658 9683
f 9666 9640 9683
f 9667 9641 9684
f 9641 9659 9684
f 9642 9660 9685
f 9668 9642 9685
f 9669 9643 9686
f 9643 9661 9686
f 9670 9644 9687
f 9644 9662 9687
f 9646 9664 9688
f 9671 9646 9688
f 9647 9665 9689
f 9672 9647 9689
f 9673 9648 9690
f 9648 9666 9690
f 9674 9649 9691
f 9649 9667 9691
f 9650 9668 9692
f 9675 9650 9692
f 9651 9669 9693
f 9676 9651 9693
f 9677 9652 9694
f 9652 9670 9694
f 9678 9653 9695
f 9653 9671 9695
f 9679 9654 9696
f 9654 9672 9696
f 9158 9680 9697
f 9680 9655 9697
f 9159 9158 9697
f 9655 9673 9697
f 9682 9657 9698
f 9657 9674 9698
f 9683 9658 9699
f 9658 9675 9699
f 9659 9676 9700
f 9684 9659 9700
f 9685 9660 9701
f 9660 9677 9701
f 9686 9661 9702
f 9661 9678 9702
f 9662 9679 9703
f 9687 9662 9703
f 9681 9192 9704
f 9688 9664 9704
f 9664 9681 9704
f 9192 9193 9704
f 9689 9665 9705
f 9665 9682 9705
f 9666 9683 9706
f 9690 9666 9706
f 9691 9667 9707
f 9667 9684 9707
f 9692 9668 9708
f 9668 9685 9708
f 9693 9669 9709
f 9669 9686 9709
f 9670 9687 9710
f 9694 9670 9710
f 9671 9688 9711
f 9695 9671 9711
f 9696 9672 9712
f 9672 9689 9712
f 9697 9673 9713
f 9673 9690 9713
f 9160 9159 9713
f 9159 9697 9713
f 9698 9674 9714
f 9674 9691 9714
f 9675 9692 9715
f 9699 9675 9715
f 9700 9676 9716
f 9676 9693 9716
f 9701 9677 9717
f 9677 9694 9717
f 9678 9695 9718
f 9702 9678 9718
f 9679 9696 9719
f 9703 9679 9719
f 9682 9698 9720
f 9705 9682 9720
f 9706 9683 9721
f 9683 9699 9721
f 9684 9700 9722
f 9707 9684 9722
f 9685 9701 9723
f 9708 9685 9723
f 9686 9702 9724
f 9709 9686 9724
f 9710 9687 9725
f 9687 9703 9725
f 9704 9193 9726
f 9688 9704 9726
f 9711 9688 9726
f 9193 9194 9726
f 9712 9689 9727
f 9689 9705 9727
f 9160 9713 9728
f 9690 9706 9728
f 9161 9160 9728
f 9713 9690 9728
f 9691 9707 9729
f 9714 9691 9729
f 9715 9692 9730
f 9692 9708 9730
f 9693 9709 9731
f 9716 9693 9731
f 9694 9710 9732
f 9717 9694 9732
f 9695 9711 9733
f 9718 9695 9733
f 9719 9696 9734
f 9696 9712 9734
f 9698 9714 9735
f 9720 9698 9735
f 9699 9715 9736
f 9721 9699 9736
f 9722 9700 9737
f 9700 9716 9737
f 9723 9701 9738
f 9701 9717 9738
f 9724 9702 9739
f 9702 9718 9739
f 9725 9703 9740
f 9703 9719 9740
f 9727 9705 9741
f 9705 9720 9741
f 9728 9706 9742
f 9706 9721 9742
f 9161 9728 9742
f 9162 9161 9742
f 9729 9707 9743
f 9707 9722 9743
f 9708 9723 9744
f 9730 9708 9744
f 9709 9724 9745
f 9731 9709 9745
f 9710 9725 9746
f 9732 9710 9746
f 9733 9711 9747
f 9711 9726 9747
f 9726 9194 9747
f 9194 9195 9747
f 9734 9712 9748
f 9712 9727 9748
f 9735 9714 9749
f 9714 9729 9749
f 9736 9715 9750
f 9715 9730 9750
f 9716 9731 9751
f 9737 9716 9751
f 9717 9732 9752
f 9738 9717 9752
f 9718 9733 9753
f 9739 9718 9753
f 9740 9719 9754
f 9719 9734 9754
f 9720 9735 9755
f 9741 9720 9755
f 9721 9736 9756
f 9742 9721 9756
f 9163 9162 9756
f 9162 9742 9756
f 9743 9722 9757
f 9722 9737 9757
f 9744 9723 9758
f 9723 9738 9758
f 9745 9724 9759
f 9724 9739 9759
f 9746 9725 9760
f 9725 9740 9760
f 9727 9741 9761
f 9748 9727 9761
f 9749 9729 9762
f 9729 9743 9762
f 9730 9744 9763
f 9750 9730 9763
f 9731 9745 9764
f 9751 9731 9764
f 9732 9746 9765
f 9752 9732 9765
f 9747 9195 9766
f 9733 9747 9766
f 9753 9733 9766
f 9195 9196 9766
f 9754 9734 9767
f 9734 9748 9767
f 9735 9749 9768
f 9755 9735 9768
f 9163 9756 9769
f 9164 9163 9769
f 9736 9750 9769
f 9756 9736 9769
f 9757 9737 9770
f 9737 9751 9770
f 9738 9752 9771
f 9758 9738 9771
f 9739 9753 9772
f 9759 9739 9772
f 9740 9754 9773
f 9760 9740 9773
f 9741 9755 9774
f 9761 9741 9774
f 9743 9757 9775
f 9762 9743 9775
f 9763 9744 9776
f 9744 9758 9776
f 9764 9745 9777
f 9745 9759 9777
f 9746 9760 9778
f 9765 9746 9778
f 9748 9761 9779
f 9767 9748 9779
f 9749 9762 9780
f 9768 9749 9780
f 9769 9750 9781
f 9750 9763 9781
f 9165 9164 9781
f 9164 9769 9781
f 9751 9764 9782
f 9770 9751 9782
f 9771 9752 9783
f 9752 9765 9783
f 9772 9753 9784
f 9766 9196 9784
f 9753 9766 9784
f 9196 9197 9784
f 9773 9754 9785
f 9754 9767 9785
f 9774 9755 9786
f 9755 9768 9786
f 9757 9770 9787
f 9775 9757 9787
f 9758 9771 9788
f 9776 9758 9788
f 9777 9759 9789
f 9759 9772 9789
f 9778 9760 9790
f 9760 9773 9790
f 9761 9774 9791
f 9779 9761 9791
f 9780 9762 9792
f 9762 9775 9792
f 9165 9781 9793
f 9781 9763 9793
f 9763 9776 9793
f 9166 9165 9793
f 9764 9777 9794
f 9782 9764 9794
f 9765 9778 9795
f 9783 9765 9795
f 9767 9779 9796
f 9785 9767 9796
f 9768 9780 9797
f 9786 9768 9797
f 9787 9770 9798
f 9770 9782 9798
f 9788 9771 9799
f 9771 9783 9799
f 9784 9197 9800
f 9789 9772 9800
f 9772 9784 9800
f 9197 9198 9800
f 9773 9785 9801
f 9790 9773 9801
f 9774 9786 9802
f 9791 9774 9802
f 9775 9787 9803
f 9792 9775 9803
f 9776 9788 9804
f 9166 9793 9804
f 9167 9166 9804
f 9793 9776 9804
f 9777 9789 9805
f 9794 9777 9805
f 9795 9778 9806
f 9778 9790 9806
f 9796 9779 9807
f 9779 9791 9807
f 9780 9792 9808
f 9797 9780 9808
f 9798 9782 9809
f 9782 9794 9809
f 9783 9795 9810
f 9799 9783 9810
f 9801 9785 9811
f 9785 9796 9811
f 9802 9786 9812
f 9786 9797 9812
f 9787 9798 9813
f 9803 9787 9813
f 9788 9799 9814
f 9168 9167 9814
f 9167 9804 9814
f 9804 9788 9814
f 9789 9800 9815
f 9805 9789 9815
f 9800 9198 9815
f 9198 9199 9815
f 9806 9790 9816
f 9790 9801 9816
f 9791 9802 9817
f 9807 9791 9817
f 9792 9803 9818
f 9808 9792 9818
f 9809 9794 9819
f 9794 9805 9819
f 9795 9806 9820
f 9810 9795 9820
f 9811 9796 9821
f 9796 9807 9821
f 9797 9808 9822
f 9812 9797 9822
f 9798 9809 9823
f 9813 9798 9823
f 9168 9814 9824
f 9799 9810 9824
f 9169 9168 9824
f 9814 9799 9824
f 9816 9801 9825
f 9801 9811 9825
f 9802 9812 9826
f 9817 9802 9826
f 9803 9813 9827
f 9818 9803 9827
f 9815 9199 9828
f 9819 9805 9828
f 9805 9815 9828
f 9199 9200 9828
f 9806 9816 9829
f 9820 9806 9829
f 9807 9817 9830
f 9821 9807 9830
f 9808 9818 9831
f 9822 9808 9831
f 9823 9809 9832
f 9809 9819 9832
f 9169 9824 9833
f 9810 9820 9833
f 9170 9169 9833
f 9824 9810 9833
f 9811 9821 9834
f 9825 9811 9834
f 9812 9822 9835
f 9826 9812 9835
f 9827 9813 9836
f 9813 9823 9836
f 9816 9825 9837
f 9829 9816 9837
f 9817 9826 9838
f 9830 9817 9838
f 9818 9827 9839
f 9831 9818 9839
f 9819 9828 9840
f 9832 9819 9840
f 9828 9200 9840
f 9200 9201 9840
f 9833 9820 9841
f 9820 9829 9841
f 9170 9833 9841
f 9171 9170 9841
f 9834 9821 9842
f 9821 9830 9842
f 9822 9831 9843
f 9835 9822 9843
f 9823 9832 9844
f 9836 9823 9844
f 9837 9825 9845
f 9825 9834 9845
f 9826 9835 9846
f 9838 9826 9846
f 9839 9827 9847
f 9827 9836 9847
f 9829 9837 9848
f 9841 9829 9848
f 9172 9171 9848
f 9171 9841 9848
f 9830 9838 9849
f 9842 9830 9849
f 9831 9839 9850
f 9843 9831 9850
f 9201 9202 9851
f 9840 9201 9851
f 9844 9832 9851
f 9832 9840 9851
f 9845 9834 9852
f 9834 9842 9852
f 9835 9843 9853
f 9846 9835 9853
f 9847 9836 9854
f 9836 9844 9854
f 9172 9848 9855
f 9837 9845 9855
f 9173 9172 9855
f 9848 9837 9855
f 9838 9846 9856
f 9849 9838 9856
f 9850 9839 9857
f 9839 9847 9857
f 9852 9842 9858
f 9842 9849 9858
f 9843 9850 9859
f 9853 9843 9859
f 9202 9203 9860
f 9854 9844 9860
f 9844 9851 9860
f 9851 9202 9860
f 9845 9852 9861
f 9173 9855 9861
f 9174 9173 9861
f 9855 9845 9861
f 9846 9853 9862
f 9856 9846 9862
f 9847 9854 9863
f 9857 9847 9863
f 9858 9849 9864
f 9849 9856 9864
f 9850 9857 9865
f 9859 9850 9865
f 9861 9852 9866
f 9852 9858 9866
f 9174 9861 9866
f 9175 9174 9866
f 9862 9853 9867
f 9853 9859 9867
f 9203 9204 9868
f 9860 9203 9868
f 9863 9854 9868
f 9854 9860 9868
f 9856 9862 9869
f 9864 9856 9869
f 9857 9863 9870
f 9865 9857 9870
f 9858 9864 9871
f 9866 9858 9871
f 9175 9866 9871
f 9176 9175 9871
f 9867 9859 9872
f 9859 9865 9872
f 9862 9867 9873
f 9869 9862 9873
f 9204 9205 9874
f 9863 9868 9874
f 9870 9863 9874
f 9868 9204 9874
f 9864 9869 9875
f 9871 9864 9875
f 9177 9176 9875
f 9176 9871 9875
f 9872 9865 9876
f 9865 9870 9876
f 9867 9872 9877
f 9873 9867 9877
f 9869 9873 9878
f 9178 9177 9878
f 9875 9869 9878
f 9177 9875 9878
f 9205 9206 9879
f 9874 9205 9879
f 9870 9874 9879
f 9876 9870 9879
f 9872 9876 9880
f 9877 9872 9880
f 9179 9178 9881
f 9178 9878 9881
f 9873 9877 9881
f 9878 9873 9881
f 9876 9879 9882
f 9206 9207 9882
f 9880 9876 9882
f 9879 9206 9882
f 9877 9880 9883
f 9179 9881 9883
f 9180 9179 9883
f 9881 9877 9883
f 9207 9208 9884
f 9208 9182 9884
f 9880 9882 9884
f 9883 9880 9884
f 9180 9883 9884
f 9882 9207 9884
f 9181 9180 9884
f 9182 9181 9884
f 9886 9885 9915
f 9885 9914 9915
f 9887 9886 9916
f 9886 9915 9916
f 9888 9887 9917
f 9887 9916 9917
f 9889 9888 9918
f 9888 9917 9918
f 9890 9889 9919
f 9889 9918 9919
f 9891 9890 9920
f 9890 9919 9920
f 9892 9891 9921
f 9891 9920 9921
f 9893 9892 9922
f 9892 9921 9922
f 9894 9893 9923
f 9893 9922 9923
f 9894 9923 9924
f 9895 9894 9924
f 9895 9924 9925
f 9896 9895 9925
f 9896 9925 9926
f 9897 9896 9926
f 9897 9926 9927
f 9898 9897 9927
f 9899 9898 9928
f 9898 9927 9928
f 9900 9899 9929
f 9899 9928 9929
f 9901 9900 9930
f 9900 9929 9930
f 9902 9901 9931
f 9901 9930 9931
f 9903 9902 9932
f 9902 9931 9932
f 9904 9903 9933
f 9905 9904 9933
f 9903 9932 9933
f 9905 9933 9934
f 9906 9905 9935
f 9907 9906 9935
f 9905 9934 9935
f 9907 9935 9936
f 9908 9907 9937
f 9907 9936 9937
f 9909 9908 9938
f 9910 9909 9938
f 9908 9937 9938
f 9910 9938 9939
f 9911 9910 9940
f 9910 9939 9940
f 9912 9911 9913
f 9911 9940 9913
f 9968 9967 9997
f 10022 9995 9996
f 9942 9941 10023
f 9943 9942 10023
f 10023 9941 10024
f 10024 9941 10025
f 9944 9943 10026
f 10023 10024 10026
f 9943 10023 10026
f 10025 9941 10027
f 10024 10025 10028
f 10026 10024 10028
f 9945 9944 10029
f 9944 10026 10029
f 10027 9941 10030
f 10025 10027 10031
f 10028 10025 10031
f 10029 10026 10032
f 10026 10028 10032
f 10030 9941 10033
f 10027 10030 10034
f 10031 10027 10034
f 10032 10028 10035
f 10028 10031 10035
f 9946 9945 10036
f 9945 10029 10036
f 10029 10032 10036
f 10033 9941 10037
f 10030 10033 10038
f 10034 10030 10038
f 10035 10031 10039
f 10031 10034 10039
f 10036 10032 10040
f 10032 10035 10040
f 10037 9941 10041
f 9947 9946 10042
f 9946 10036 10042
f 10038 10033 10043
f 10033 10037 10043
f 10039 10034 10044
f 10034 10038 10044
f 10035 10039 10045
f 10040 10035 10045
f 10041 9941 10046
f 10036 10040 10047
f 10042 10036 10047
f 10037 10041 10048
f 10043 10037 10048
f 10038 10043 10049
f 10044 10038 10049
f 10045 10039 10050
f 10039 10044 10050
f 10046 9941 10051
f 10040 10045 10052
f 10047 10040 10052
f 10048 10041 10053
f 10041 10046 10053
f 9948 9947 10054
f 9949 9948 10054
f 9947 10042 10054
f 10042 10047 10054
f 10043 10048 10055
f 10049 10043 10055
f 10050 10044 10056
f 10044 10049 10056
f 10051 9941 10057
f 10045 10050 10058
f 10052 10045 10058
f 10053 10046 10059
f 10046 10051 10059
f 10054 10047 10060
f 10047 10052 10060
f 10055 10048 10061
f 10048 10053 10061
f 9950 9949 10062
f 9949 10054 10062
f 10049 10055 10063
f 10056 10049 10063
f 9941 9969 10064
f 10057 9941 10064
f 10050 10056 10065
f 10058 10050 10065
f 10059 10051 10066
f 10051 10057 10066
f 10052 10058 10067
f 10060 10052 10067
f 10053 10059 10068
f 10061 10053 10068
f 10054 10060 10069
f 10062 10054 10069
f 10055 10061 10070
f 10063 10055 10070
f 10064 9969 10071
f 10065 10056 10072
f 10056 10063 10072
f 10057 10064 10073
f 10066 10057 10073
f 10067 10058 10074
f 10058 10065 10074
f 10068 10059 10075
f 10059 10066 10075
f 10060 10067 10076
f 10069 10060 10076
f 10070 10061 10077
f 10061 10068 10077
f 9951 9950 10078
f 9950 10062 10078
f 10062 10069 10078
f 10071 9969 10079
f 10063 10070 10080
f 10072 10063 10080
f 10064 10071 10081
f 10073 10064 10081
f 10074 10065 10082
f 10065 10072 10082
f 10066 10073 10083
f 10075 10066 10083
f 10076 10067 10084
f 10067 10074 10084
f 10077 10068 10085
f 10068 10075 10085
f 10069 10076 10086
f 10078 10069 10086
f 10079 9969 10087
f 10070 10077 10088
f 10080 10070 10088
f 9952 9951 10089
f 9951 10078 10089
f 10071 10079 10090
f 10081 10071 10090
f 10082 10072 10091
f 10072 10080 10091
f 10083 10073 10092
f 10073 10081 10092
f 10084 10074 10093
f 10074 10082 10093
f 10075 10083 10094
f 10085 10075 10094
f 10076 10084 10095
f 10086 10076 10095
f 10087 9969 10096
f 10088 10077 10097
f 10077 10085 10097
f 10078 10086 10098
f 10089 10078 10098
f 10079 10087 10099
f 10090 10079 10099
f 10080 10088 10100
f 10091 10080 10100
f 10081 10090 10101
f 10092 10081 10101
f 10093 10082 10102
f 10082 10091 10102
f 10083 10092 10103
f 10094 10083 10103
f 10095 10084 10104
f 10084 10093 10104
f 10096 9969 10105
f 10085 10094 10106
f 10097 10085 10106
f 10086 10095 10107
f 10098 10086 10107
f 10099 10087 10108
f 10087 10096 10108
f 10100 10088 10109
f 10088 10097 10109
f 9952 10089 10110
f 9953 9952 10110
f 10089 10098 10110
f 10090 10099 10111
f 10101 10090 10111
f 10091 10100 10112
f 10102 10091 10112
f 10103 10092 10113
f 10092 10101 10113
f 10104 10093 10114
f 10093 10102 10114
f 10105 9969 10115
f 10094 10103 10116
f 10106 10094 10116
f 10107 10095 10117
f 10095 10104 10117
f 10096 10105 10118
f 10108 10096 10118
f 10097 10106 10119
f 10109 10097 10119
f 10110 10098 10120
f 10098 10107 10120
f 10111 10099 10121
f 10099 10108 10121
f 10100 10109 10122
f 10112 10100 10122
f 9954 9953 10123
f 9955 9954 10123
f 9953 10110 10123
f 10113 10101 10124
f 10101 10111 10124
f 10114 10102 10125
f 10102 10112 10125
f 10115 9969 10126
f 10103 10113 10127
f 10116 10103 10127
f 10117 10104 10128
f 10104 10114 10128
f 10105 10115 10129
f 10118 10105 10129
f 10119 10106 10130
f 10106 10116 10130
f 10107 10117 10131
f 10120 10107 10131
f 10108 10118 10132
f 10121 10108 10132
f 10122 10109 10133
f 10109 10119 10133
f 10110 10120 10134
f 10123 10110 10134
f 10111 10121 10135
f 10124 10111 10135
f 10125 10112 10136
f 10112 10122 10136
f 10126 9969 10137
f 10127 10113 10138
f 10113 10124 10138
f 10128 10114 10139
f 10114 10125 10139
f 10129 10115 10140
f 10115 10126 10140
f 10116 10127 10141
f 10130 10116 10141
f 10131 10117 10142
f 10117 10128 10142
f 10132 10118 10143
f 10118 10129 10143
f 10119 10130 10144
f 10133 10119 10144
f 10120 10131 10145
f 10134 10120 10145
f 10121 10132 10146
f 10135 10121 10146
f 10122 10133 10147
f 10136 10122 10147
f 9956 9955 10148
f 9955 10123 10148
f 10123 10134 10148
f 10137 9969 10149
f 10138 10124 10150
f 10124 10135 10150
f 10125 10136 10151
f 10139 10125 10151
f 10126 10137 10152
f 10140 10126 10152
f 10127 10138 10153
f 10141 10127 10153
f 10142 10128 10154
f 10128 10139 10154
f 10143 10129 10155
f 10129 10140 10155
f 10130 10141 10156
f 10144 10130 10156
f 10145 10131 10157
f 10131 10142 10157
f 10146 10132 10158
f 10132 10143 10158
f 10133 10144 10159
f 10147 10133 10159
f 10134 10145 10160
f 10148 10134 10160
f 10149 9969 10161
f 10150 10135 10162
f 10135 10146 10162
f 10151 10136 10163
f 10136 10147 10163
f 9957 9956 10164
f 9956 10148 10164
f 10137 10149 10165
f 10152 10137 10165
f 10153 10138 10166
f 10138 10150 10166
f 10154 10139 10167
f 10139 10151 10167
f 10140 10152 10168
f 10155 10140 10168
f 10141 10153 10169
f 10156 10141 10169
f 10142 10154 10170
f 10157 10142 10170
f 10143 10155 10171
f 10158 10143 10171
f 10144 10156 10172
f 10159 10144 10172
f 10160 10145 10173
f 10145 10157 10173
f 9969 9970 10174
f 9970 9971 10174
f 10161 9969 10174
f 10162 10146 10175
f 10146 10158 10175
f 10147 10159 10176
f 10163 10147 10176
f 10148 10160 10177
f 10164 10148 10177
f 10149 10161 10178
f 10165 10149 10178
f 10150 10162 10179
f 10166 10150 10179
f 10151 10163 10180
f 10167 10151 10180
f 10168 10152 10181
f 10152 10165 10181
f 10169 10153 10182
f 10153 10166 10182
f 10154 10167 10183
f 10170 10154 10183
f 10171 10155 10184
f 10155 10168 10184
f 10172 10156 10185
f 10156 10169 10185
f 10157 10170 10186
f 10173 10157 10186
f 10158 10171 10187
f 10175 10158 10187
f 10159 10172 10188
f 10176 10159 10188
f 10160 10173 10189
f 10177 10160 10189
f 10174 9971 10190
f 10161 10174 10190
f 10178 10161 10190
f 9971 9972 10190
f 10162 10175 10191
f 10179 10162 10191
f 10163 10176 10192
f 10180 10163 10192
f 9958 9957 10193
f 10164 10177 10193
f 9957 10164 10193
f 10181 10165 10194
f 10165 10178 10194
f 10166 10179 10195
f 10182 10166 10195
f 10167 10180 10196
f 10183 10167 10196
f 10184 10168 10197
f 10168 10181 10197
f 10169 10182 10198
f 10185 10169 10198
f 10170 10183 10199
f 10186 10170 10199
f 10187 10171 10200
f 10171 10184 10200
f 10172 10185 10201
f 10188 10172 10201
f 10173 10186 10202
f 10189 10173 10202
f 10175 10187 10203
f 10191 10175 10203
f 10176 10188 10204
f 10192 10176 10204
f 10177 10189 10205
f 10193 10177 10205
f 10194 10178 10206
f 10178 10190 10206
f 10195 10179 10207
f 10179 10191 10207
f 10196 10180 10208
f 10180 10192 10208
f 9958 10193 10209
f 9959 9958 10209
f 10181 10194 10210
f 10197 10181 10210
f 10182 10195 10211
f 10198 10182 10211
f 10183 10196 10212
f 10199 10183 10212
f 10184 10197 10213
f 10200 10184 10213
f 10201 10185 10214
f 10185 10198 10214
f 10186 10199 10215
f 10202 10186 10215
f 10187 10200 10216
f 10203 10187 10216
f 10188 10201 10217
f 10204 10188 10217
f 10205 10189 10218
f 10189 10202 10218
f 10206 10190 10219
f 9972 9973 10219
f 10190 9972 10219
f 10207 10191 10220
f 10191 10203 10220
f 10192 10204 10221
f 10208 10192 10221
f 10193 10205 10222
f 10209 10193 10222
f 10210 10194 10223
f 10194 10206 10223
f 10211 10195 10224
f 10195 10207 10224
f 10196 10208 10225
f 10212 10196 10225
f 10197 10210 10226
f 10213 10197 10226
f 10198 10211 10227
f 10214 10198 10227
f 10215 10199 10228
f 10199 10212 10228
f 10216 10200 10229
f 10200 10213 10229
f 10201 10214 10230
f 10217 10201 10230
f 10218 10202 10231
f 10202 10215 10231
f 10203 10216 10232
f 10220 10203 10232
f 10204 10217 10233
f 10221 10204 10233
f 10205 10218 10234
f 10222 10205 10234
f 9973 9974 10235
f 10219 9973 10235
f 10223 10206 10235
f 10206 10219 10235
f 10207 10220 10236
f 10224 10207 10236
f 10225 10208 10237
f 10208 10221 10237
f 9959 10209 10238
f 9960 9959 10238
f 10209 10222 10238
f 10210 10223 10239
f 10226 10210 10239
f 10211 10224 10240
f 10227 10211 10240
f 10228 10212 10241
f 10212 10225 10241
f 10229 10213 10242
f 10213 10226 10242
f 10214 10227 10243
f 10230 10214 10243
f 10215 10228 10244
f 10231 10215 10244
f 10232 10216 10245
f 10216 10229 10245
f 10233 10217 10246
f 10217 10230 10246
f 10218 10231 10247
f 10234 10218 10247
f 10236 10220 10248
f 10220 10232 10248
f 10221 10233 10249
f 10237 10221 10249
f 10238 10222 10250
f 10222 10234 10250
f 10239 10223 10251
f 10223 10235 10251
f 10240 10224 10252
f 10224 10236 10252
f 10241 10225 10253
f 10225 10237 10253
f 9961 9960 10254
f 9962 9961 10254
f 9960 10238 10254
f 10226 10239 10255
f 10242 10226 10255
f 10227 10240 10256
f 10243 10227 10256
f 10244 10228 10257
f 10228 10241 10257
f 10245 10229 10258
f 10229 10242 10258
f 10246 10230 10259
f 10230 10243 10259
f 10231 10244 10260
f 10247 10231 10260
f 10248 10232 10261
f 10232 10245 10261
f 10233 10246 10262
f 10249 10233 10262
f 10250 10234 10263
f 10234 10247 10263
f 9974 9975 10264
f 10251 10235 10264
f 10235 9974 10264
f 10252 10236 10265
f 10236 10248 10265
f 10253 10237 10266
f 10237 10249 10266
f 10254 10238 10267
f 10238 10250 10267
f 10255 10239 10268
f 10239 10251 10268
f 10240 10252 10269
f 10256 10240 10269
f 10241 10253 10270
f 10257 10241 10270
f 10242 10255 10271
f 10258 10242 10271
f 10243 10256 10272
f 10259 10243 10272
f 10260 10244 10273
f 10244 10257 10273
f 10261 10245 10274
f 10245 10258 10274
f 10246 10259 10275
f 10262 10246 10275
f 10247 10260 10276
f 10263 10247 10276
f 10248 10261 10277
f 10265 10248 10277
f 10249 10262 10278
f 10266 10249 10278
f 10267 10250 10279
f 10250 10263 10279
f 10268 10251 10280
f 9975 9976 10280
f 9976 9977 10280
f 10264 9975 10280
f 10251 10264 10280
f 10269 10252 10281
f 10252 10265 10281
f 10253 10266 10282
f 10270 10253 10282
f 10254 10267 10283
f 9963 9962 10283
f 9962 10254 10283
f 10255 10268 10284
f 10271 10255 10284
f 10272 10256 10285
f 10256 10269 10285
f 10257 10270 10286
f 10273 10257 10286
f 10274 10258 10287
f 10258 10271 10287
f 10259 10272 10288
f 10275 10259 10288
f 10260 10273 10289
f 10276 10260 10289
f 10277 10261 10290
f 10261 10274 10290
f 10262 10275 10291
f 10278 10262 10291
f 10263 10276 10292
f 10279 10263 10292
f 10265 10277 10293
f 10281 10265 10293
f 10282 10266 10294
f 10266 10278 10294
f 10283 10267 10295
f 10267 10279 10295
f 10284 10268 10296
f 10268 10280 10296
f 10285 10269 10297
f 10269 10281 10297
f 10270 10282 10298
f 10286 10270 10298
f 9964 9963 10299
f 9963 10283 10299
f 10287 10271 10300
f 10271 10284 10300
f 10272 10285 10301
f 10288 10272 10301
f 10289 10273 10302
f 10273 10286 10302
f 10274 10287 10303
f 10290 10274 10303
f 10275 10288 10304
f 10291 10275 10304
f 10276 10289 10305
f 10292 10276 10305
f 10277 10290 10306
f 10293 10277 10306
f 10278 10291 10307
f 10294 10278 10307
f 10279 10292 10308
f 10295 10279 10308
f 10280 9977 10309
f 9977 9978 10309
f 10296 10280 10309
f 10281 10293 10310
f 10297 10281 10310
f 10298 10282 10311
f 10282 10294 10311
f 10299 10283 10312
f 10283 10295 10312
f 10300 10284 10313
f 10284 10296 10313
f 10301 10285 10314
f 10285 10297 10314
f 10286 10298 10315
f 10302 10286 10315
f 10287 10300 10316
f 10303 10287 10316
f 10288 10301 10317
f 10304 10288 10317
f 10305 10289 10318
f 10289 10302 10318
f 10306 10290 10319
f 10290 10303 10319
f 10307 10291 10320
f 10291 10304 10320
f 10292 10305 10321
f 10308 10292 10321
f 10293 10306 10322
f 10310 10293 10322
f 10294 10307 10323
f 10311 10294 10323
f 10312 10295 10324
f 10295 10308 10324
f 10309 9978 10325
f 10296 10309 10325
f 10313 10296 10325
f 9978 9979 10325
f 10297 10310 10326
f 10314 10297 10326
f 10298 10311 10327
f 10315 10298 10327
f 10299 10312 10328
f 9965 9964 10328
f 9964 10299 10328
f 10300 10313 10329
f 10316 10300 10329
f 10317 10301 10330
f 10301 10314 10330
f 10318 10302 10331
f 10302 10315 10331
f 10319 10303 10332
f 10303 10316 10332
f 10320 10304 10333
f 10304 10317 10333
f 10321 10305 10334
f 10305 10318 10334
f 10322 10306 10335
f 10306 10319 10335
f 10307 10320 10336
f 10323 10307 10336
f 10308 10321 10337
f 10324 10308 10337
f 10326 10310 10338
f 10310 10322 10338
f 10327 10311 10339
f 10311 10323 10339
f 10328 10312 10340
f 10312 10324 10340
f 10313 10325 10341
f 10329 10313 10341
f 10314 10326 10342
f 10330 10314 10342
f 10331 10315 10343
f 10315 10327 10343
f 9966 9965 10344
f 9965 10328 10344
f 10316 10329 10345
f 10332 10316 10345
f 10317 10330 10346
f 10333 10317 10346
f 10318 10331 10347
f 10334 10318 10347
f 10335 10319 10348
f 10319 10332 10348
f 10320 10333 10349
f 10336 10320 10349
f 10321 10334 10350
f 10337 10321 10350
f 10322 10335 10351
f 10338 10322 10351
f 10323 10336 10352
f 10339 10323 10352
f 10340 10324 10353
f 10324 10337 10353
f 10341 10325 10354
f 9979 9980 10354
f 10325 9979 10354
f 10342 10326 10355
f 10326 10338 10355
f 10327 10339 10356
f 10343 10327 10356
f 10344 10328 10357
f 10328 10340 10357
f 10329 10341 10358
f 10345 10329 10358
f 10330 10342 10359
f 10346 10330 10359
f 10347 10331 10360
f 10331 10343 10360
f 10332 10345 10361
f 10348 10332 10361
f 10333 10346 10362
f 10349 10333 10362
f 10350 10334 10363
f 10334 10347 10363
f 10335 10348 10364
f 10351 10335 10364
f 10336 10349 10365
f 10352 10336 10365
f 10337 10350 10366
f 10353 10337 10366
f 10355 10338 10367
f 10338 10351 10367
f 10356 10339 10368
f 10339 10352 10368
f 10340 10353 10369
f 10357 10340 10369
f 10358 10341 10370
f 9980 9981 10370
f 10354 9980 10370
f 10341 10354 10370
f 10359 10342 10371
f 10342 10355 10371
f 10360 10343 10372
f 10343 10356 10372
f 9966 10344 10373
f 9967 9966 10373
f 10344 10357 10373
f 9998 9997 10373
f 9997 9967 10373
f 10345 10358 10374
f 10361 10345 10374
f 10362 10346 10375
f 10346 10359 10375
f 10363 10347 10376
f 10347 10360 10376
f 10348 10361 10377
f 10364 10348 10377
f 10365 10349 10378
f 10349 10362 10378
f 10366 10350 10379
f 10350 10363 10379
f 10351 10364 10380
f 10367 10351 10380
f 10352 10365 10381
f 10368 10352 10381
f 10369 10353 10382
f 10353 10366 10382
f 10355 10367 10383
f 10371 10355 10383
f 10372 10356 10384
f 10356 10368 10384
f 9998 10373 10385
f 10373 10357 10385
f 10357 10369 10385
f 9999 9998 10385
f 10374 10358 10386
f 10358 10370 10386
f 10375 10359 10387
f 10359 10371 10387
f 10360 10372 10388
f 10376 10360 10388
f 10377 10361 10389
f 10361 10374 10389
f 10378 10362 10390
f 10362 10375 10390
f 10379 10363 10391
f 10363 10376 10391
f 10380 10364 10392
f 10364 10377 10392
f 10365 10378 10393
f 10381 10365 10393
f 10382 10366 10394
f 10366 10379 10394
f 10367 10380 10395
f 10383 10367 10395
f 10384 10368 10396
f 10368 10381 10396
f 10369 10382 10397
f 9999 10385 10397
f 10000 9999 10397
f 10385 10369 10397
f 10386 10370 10398
f 9981 9982 10398
f 9982 9983 10398
f 10370 9981 10398
f 10387 10371 10399
f 10371 10383 10399
f 10388 10372 10400
f 10372 10384 10400
f 10374 10386 10401
f 10389 10374 10401
f 10375 10387 10402
f 10390 10375 10402
f 10376 10388 10403
f 10391 10376 10403
f 10392 10377 10404
f 10377 10389 10404
f 10378 10390 10405
f 10393 10378 10405
f 10379 10391 10406
f 10394 10379 10406
f 10395 10380 10407
f 10380 10392 10407
f 10396 10381 10408
f 10381 10393 10408
f 10382 10394 10409
f 10001 10000 10409
f 10000 10397 10409
f 10397 10382 10409
f 10383 10395 10410
f 10399 10383 10410
f 10384 10396 10411
f 10400 10384 10411
f 10386 10398 10412
f 9983 9984 10412
f 10401 10386 10412
f 10398 9983 10412
f 10387 10399 10413
f 10402 10387 10413
f 10388 10400 10414
f 10403 10388 10414
f 10389 10401 10415
f 10404 10389 10415
f 10405 10390 10416
f 10390 10402 10416
f 10391 10403 10417
f 10406 10391 10417
f 10407 10392 10418
f 10392 10404 10418
f 10408 10393 10419
f 10393 10405 10419
f 10394 10406 10420
f 10002 10001 10420
f 10409 10394 10420
f 10001 10409 10420
f 10410 10395 10421
f 10395 10407 10421
f 10396 10408 10422
f 10411 10396 10422
f 10399 10410 10423
f 10413 10399 10423
f 10400 10411 10424
f 10414 10400 10424
f 10401 10412 10425
f 10415 10401 10425
f 10402 10413 10426
f 10416 10402 10426
f 10403 10414 10427
f 10417 10403 10427
f 10418 10404 10428
f 10404 10415 10428
f 10419 10405 10429
f 10405 10416 10429
f 10002 10420 10430
f 10420 10406 10430
f 10406 10417 10430
f 10003 10002 10430
f 10004 10003 10430
f 10421 10407 10431
f 10407 10418 10431
f 10408 10419 10432
f 10422 10408 10432
f 10410 10421 10433
f 10423 10410 10433
f 10411 10422 10434
f 10424 10411 10434
f 10412 9984 10435
f 10425 10412 10435
f 9984 9985 10435
f 10426 10413 10436
f 10413 10423 10436
f 10414 10424 10437
f 10427 10414 10437
f 10415 10425 10438
f 10428 10415 10438
f 10429 10416 10439
f 10416 10426 10439
f 10417 10427 10440
f 10005 10004 10440
f 10430 10417 10440
f 10004 10430 10440
f 10418 10428 10441
f 10431 10418 10441
f 10432 10419 10442
f 10419 10429 10442
f 10421 10431 10443
f 10433 10421 10443
f 10434 10422 10444
f 10422 10432 10444
f 10423 10433 10445
f 10436 10423 10445
f 10424 10434 10446
f 10437 10424 10446
f 9985 9986 10447
f 10425 10435 10447
f 10435 9985 10447
f 10438 10425 10447
f 10426 10436 10448
f 10439 10426 10448
f 10440 10427 10449
f 10427 10437 10449
f 10006 10005 10449
f 10005 10440 10449
f 10441 10428 10450
f 10428 10438 10450
f 10429 10439 10451
f 10442 10429 10451
f 10443 10431 10452
f 10431 10441 10452
f 10444 10432 10453
f 10432 10442 10453
f 10433 10443 10454
f 10445 10433 10454
f 10446 10434 10455
f 10434 10444 10455
f 10436 10445 10456
f 10448 10436 10456
f 10006 10449 10457
f 10437 10446 10457
f 10007 10006 10457
f 10449 10437 10457
f 10450 10438 10458
f 10438 10447 10458
f 10451 10439 10459
f 10439 10448 10459
f 10452 10441 10460
f 10441 10450 10460
f 10453 10442 10461
f 10442 10451 10461
f 10443 10452 10462
f 10454 10443 10462
f 10455 10444 10463
f 10444 10453 10463
f 10456 10445 10464
f 10445 10454 10464
f 10446 10455 10465
f 10457 10446 10465
f 10007 10457 10465
f 10008 10007 10465
f 10447 9986 10466
f 10458 10447 10466
f 9986 9987 10466
f 10459 10448 10467
f 10448 10456 10467
f 10450 10458 10468
f 10460 10450 10468
f 10451 10459 10469
f 10461 10451 10469
f 10452 10460 10470
f 10462 10452 10470
f 10463 10453 10471
f 10453 10461 10471
f 10454 10462 10472
f 10464 10454 10472
f 10465 10455 10473
f 10455 10463 10473
f 10009 10008 10473
f 10008 10465 10473
f 10467 10456 10474
f 10456 10464 10474
f 9987 9988 10475
f 10458 10466 10475
f 10466 9987 10475
f 10468 10458 10475
f 10459 10467 10476
f 10469 10459 10476
f 10470 10460 10477
f 10460 10468 10477
f 10461 10469 10478
f 10471 10461 10478
f 10462 10470 10479
f 10472 10462 10479
f 10009 10473 10480
f 10463 10471 10480
f 10010 10009 10480
f 10011 10010 10480
f 10473 10463 10480
f 10474 10464 10481
f 10464 10472 10481
f 10476 10467 10482
f 10467 10474 10482
f 10468 10475 10483
f 10477 10468 10483
f 10469 10476 10484
f 10478 10469 10484
f 10479 10470 10485
f 10470 10477 10485
f 10480 10471 10486
f 10011 10480 10486
f 10012 10011 10486
f 10471 10478 10486
f 10472 10479 10487
f 10481 10472 10487
f 10474 10481 10488
f 10482 10474 10488
f 10483 10475 10489
f 9988 9989 10489
f 9989 9990 10489
f 10475 9988 10489
f 10484 10476 10490
f 10476 10482 10490
f 10485 10477 10491
f 10477 10483 10491
f 10478 10484 10492
f 10012 10486 10492
f 10013 10012 10492
f 10486 10478 10492
f 10487 10479 10493
f 10479 10485 10493
f 10481 10487 10494
f 10488 10481 10494
f 10482 10488 10495
f 10490 10482 10495
f 10483 10489 10496
f 10491 10483 10496
f 10489 9990 10496
f 9990 9991 10496
f 10484 10490 10497
f 10492 10484 10497
f 10013 10492 10497
f 10014 10013 10497
f 10493 10485 10498
f 10485 10491 10498
f 10494 10487 10499
f 10487 10493 10499
f 10488 10494 10500
f 10495 10488 10500
f 10490 10495 10501
f 10497 10490 10501
f 10014 10497 10501
f 10015 10014 10501
f 10498 10491 10502
f 10491 10496 10502
f 10499 10493 10503
f 10493 10498 10503
f 10494 10499 10504
f 10500 10494 10504
f 10501 10495 10505
f 10495 10500 10505
f 10016 10015 10505
f 10017 10016 10505
f 10015 10501 10505
f 9991 9992 10506
f 10496 9991 10506
f 10502 10496 10506
f 10503 10498 10507
f 10498 10502 10507
f 10504 10499 10508
f 10499 10503 10508
f 10500 10504 10509
f 10018 10017 10509
f 10505 10500 10509
f 10017 10505 10509
f 9992 9993 10510
f 10506 9992 10510
f 10502 10506 10510
f 10507 10502 10510
f 10508 10503 10511
f 10503 10507 10511
f 10504 10508 10512
f 10018 10509 10512
f 10019 10018 10512
f 10509 10504 10512
f 10507 10510 10513
f 10511 10507 10513
f 10512 10508 10514
f 10019 10512 10514
f 10508 10511 10514
f 10020 10019 10514
f 10510 9993 10515
f 10513 10510 10515
f 9993 9994 10515
f 10514 10511 10516
f 10020 10514 10516
f 10021 10020 10516
f 10511 10513 10516
f 10516 10513 10517
f 10513 10515 10517
f 10515 9994 10517
f 10021 10516 10517
f 9995 10022 10517
f 9994 9995 10517
f 10022 10021 10517
f 10545 10544 10574
f 10599 10572 10573
f 10519 10518 10600
f 10520 10519 10600
f 10600 10518 10601
f 10601 10518 10602
f 10521 10520 10603
f 10600 10601 10603
f 10520 10600 10603
f 10602 10518 10604
f 10601 10602 10605
f 10603 10601 10605
f 10522 10521 10606
f 10521 10603 10606
f 10604 10518 10607
f 10602 10604 10608
f 10605 10602 10608
f 10606 10603 10609
f 10603 10605 10609
f 10607 10518 10610
f 10604 10607 10611
f 10608 10604 10611
f 10609 10605 10612
f 10605 10608 10612
f 10523 10522 10613
f 10522 10606 10613
f 10606 10609 10613
f 10610 10518 10614
f 10607 10610 10615
f 10611 10607 10615
f 10612 10608 10616
f 10608 10611 10616
f 10613 10609 10617
f 10609 10612 10617
f 10614 10518 10618
f 10524 10523 10619
f 10523 10613 10619
f 10615 10610 10620
f 10610 10614 10620
f 10616 10611 10621
f 10611 10615 10621
f 10612 10616 10622
f 10617 10612 10622
f 10618 10518 10623
f 10613 10617 10624
f 10619 10613 10624
f 10614 10618 10625
f 10620 10614 10625
f 10615 10620 10626
f 10621 10615 10626
f 10622 10616 10627
f 10616 10621 10627
f 10623 10518 10628
f 10617 10622 10629
f 10624 10617 10629
f 10625 10618 10630
f 10618 10623 10630
f 10525 10524 10631
f 10526 10525 10631
f 10524 10619 10631
f 10619 10624 10631
f 10620 10625 10632
f 10626 10620 10632
f 10627 10621 10633
f 10621 10626 10633
f 10628 10518 10634
f 10622 10627 10635
f 10629 10622 10635
f 10630 10623 10636
f 10623 10628 10636
f 10631 10624 10637
f 10624 10629 10637
f 10632 10625 10638
f 10625 10630 10638
f 10527 10526 10639
f 10526 10631 10639
f 10626 10632 10640
f 10633 10626 10640
f 10518 10546 10641
f 10634 10518 10641
f 10627 10633 10642
f 10635 10627 10642
f 10636 10628 10643
f 10628 10634 10643
f 10629 10635 10644
f 10637 10629 10644
f 10630 10636 10645
f 10638 10630 10645
f 10631 10637 10646
f 10639 10631 10646
f 10632 10638 10647
f 10640 10632 10647
f 10641 10546 10648
f 10642 10633 10649
f 10633 10640 10649
f 10634 10641 10650
f 10643 10634 10650
f 10644 10635 10651
f 10635 10642 10651
f 10645 10636 10652
f 10636 10643 10652
f 10637 10644 10653
f 10646 10637 10653
f 10647 10638 10654
f 10638 10645 10654
f 10528 10527 10655
f 10527 10639 10655
f 10639 10646 10655
f 10648 10546 10656
f 10640 10647 10657
f 10649 10640 10657
f 10641 10648 10658
f 10650 10641 10658
f 10651 10642 10659
f 10642 10649 10659
f 10643 10650 10660
f 10652 10643 10660
f 10653 10644 10661
f 10644 10651 10661
f 10654 10645 10662
f 10645 10652 10662
f 10646 10653 10663
f 10655 10646 10663
f 10656 10546 10664
f 10647 10654 10665
f 10657 10647 10665
f 10529 10528 10666
f 10528 10655 10666
f 10648 10656 10667
f 10658 10648 10667
f 10659 10649 10668
f 10649 10657 10668
f 10660 10650 10669
f 10650 10658 10669
f 10661 10651 10670
f 10651 10659 10670
f 10652 10660 10671
f 10662 10652 10671
f 10653 10661 10672
f 10663 10653 10672
f 10664 10546 10673
f 10665 10654 10674
f 10654 10662 10674
f 10655 10663 10675
f 10666 10655 10675
f 10656 10664 10676
f 10667 10656 10676
f 10657 10665 10677
f 10668 10657 10677
f 10658 10667 10678
f 10669 10658 10678
f 10670 10659 10679
f 10659 10668 10679
f 10660 10669 10680
f 10671 10660 10680
f 10672 10661 10681
f 10661 10670 10681
f 10673 10546 10682
f 10662 10671 10683
f 10674 10662 10683
f 10663 10672 10684
f 10675 10663 10684
f 10676 10664 10685
f 10664 10673 10685
f 10677 10665 10686
f 10665 10674 10686
f 10529 10666 10687
f 10530 10529 10687
f 10666 10675 10687
f 10667 10676 10688
f 10678 10667 10688
f 10668 10677 10689
f 10679 10668 10689
f 10680 10669 10690
f 10669 10678 10690
f 10681 10670 10691
f 10670 10679 10691
f 10682 10546 10692
f 10671 10680 10693
f 10683 10671 10693
f 10684 10672 10694
f 10672 10681 10694
f 10673 10682 10695
f 10685 10673 10695
f 10674 10683 10696
f 10686 10674 10696
f 10687 10675 10697
f 10675 10684 10697
f 10688 10676 10698
f 10676 10685 10698
f 10677 10686 10699
f 10689 10677 10699
f 10531 10530 10700
f 10532 10531 10700
f 10530 10687 10700
f 10690 10678 10701
f 10678 10688 10701
f 10691 10679 10702
f 10679 10689 10702
f 10692 10546 10703
f 10680 10690 10704
f 10693 10680 10704
f 10694 10681 10705
f 10681 10691 10705
f 10682 10692 10706
f 10695 10682 10706
f 10696 10683 10707
f 10683 10693 10707
f 10684 10694 10708
f 10697 10684 10708
f 10685 10695 10709
f 10698 10685 10709
f 10699 10686 10710
f 10686 10696 10710
f 10687 10697 10711
f 10700 10687 10711
f 10688 10698 10712
f 10701 10688 10712
f 10702 10689 10713
f 10689 10699 10713
f 10703 10546 10714
f 10704 10690 10715
f 10690 10701 10715
f 10705 10691 10716
f 10691 10702 10716
f 10706 10692 10717
f 10692 10703 10717
f 10693 10704 10718
f 10707 10693 10718
f 10708 10694 10719
f 10694 10705 10719
f 10709 10695 10720
f 10695 10706 10720
f 10696 10707 10721
f 10710 10696 10721
f 10697 10708 10722
f 10711 10697 10722
f 10698 10709 10723
f 10712 10698 10723
f 10699 10710 10724
f 10713 10699 10724
f 10533 10532 10725
f 10532 10700 10725
f 10700 10711 10725
f 10714 10546 10726
f 10715 10701 10727
f 10701 10712 10727
f 10702 10713 10728
f 10716 10702 10728
f 10703 10714 10729
f 10717 10703 10729
f 10704 10715 10730
f 10718 10704 10730
f 10719 10705 10731
f 10705 10716 10731
f 10720 10706 10732
f 10706 10717 10732
f 10707 10718 10733
f 10721 10707 10733
f 10722 10708 10734
f 10708 10719 10734
f 10723 10709 10735
f 10709 10720 10735
f 10710 10721 10736
f 10724 10710 10736
f 10711 10722 10737
f 10725 10711 10737
f 10726 10546 10738
f 10727 10712 10739
f 10712 10723 10739
f 10728 10713 10740
f 10713 10724 10740
f 10534 10533 10741
f 10533 10725 10741
f 10714 10726 10742
f 10729 10714 10742
f 10730 10715 10743
f 10715 10727 10743
f 10731 10716 10744
f 10716 10728 10744
f 10717 10729 10745
f 10732 10717 10745
f 10718 10730 10746
f 10733 10718 10746
f 10719 10731 10747
f 10734 10719 10747
f 10720 10732 10748
f 10735 10720 10748
f 10721 10733 10749
f 10736 10721 10749
f 10737 10722 10750
f 10722 10734 10750
f 10546 10547 10751
f 10547 10548 10751
f 10738 10546 10751
f 10739 10723 10752
f 10723 10735 10752
f 10724 10736 10753
f 10740 10724 10753
f 10725 10737 10754
f 10741 10725 10754
f 10726 10738 10755
f 10742 10726 10755
f 10727 10739 10756
f 10743 10727 10756
f 10728 10740 10757
f 10744 10728 10757
f 10745 10729 10758
f 10729 10742 10758
f 10746 10730 10759
f 10730 10743 10759
f 10731 10744 10760
f 10747 10731 10760
f 10748 10732 10761
f 10732 10745 10761
f 10749 10733 10762
f 10733 10746 10762
f 10734 10747 10763
f 10750 10734 10763
f 10735 10748 10764
f 10752 10735 10764
f 10736 10749 10765
f 10753 10736 10765
f 10737 10750 10766
f 10754 10737 10766
f 10751 10548 10767
f 10738 10751 10767
f 10755 10738 10767
f 10548 10549 10767
f 10739 10752 10768
f 10756 10739 10768
f 10740 10753 10769
f 10757 10740 10769
f 10535 10534 10770
f 10741 10754 10770
f 10534 10741 10770
f 10758 10742 10771
f 10742 10755 10771
f 10743 10756 10772
f 10759 10743 10772
f 10744 10757 10773
f 10760 10744 10773
f 10761 10745 10774
f 10745 10758 10774
f 10746 10759 10775
f 10762 10746 10775
f 10747 10760 10776
f 10763 10747 10776
f 10764 10748 10777
f 10748 10761 10777
f 10749 10762 10778
f 10765 10749 10778
f 10750 10763 10779
f 10766 10750 10779
f 10752 10764 10780
f 10768 10752 10780
f 10753 10765 10781
f 10769 10753 10781
f 10754 10766 10782
f 10770 10754 10782
f 10771 10755 10783
f 10755 10767 10783
f 10772 10756 10784
f 10756 10768 10784
f 10773 10757 10785
f 10757 10769 10785
f 10535 10770 10786
f 10536 10535 10786
f 10758 10771 10787
f 10774 10758 10787
f 10759 10772 10788
f 10775 10759 10788
f 10760 10773 10789
f 10776 10760 10789
f 10761 10774 10790
f 10777 10761 10790
f 10778 10762 10791
f 10762 10775 10791
f 10763 10776 10792
f 10779 10763 10792
f 10764 10777 10793
f 10780 10764 10793
f 10765 10778 10794
f 10781 10765 10794
f 10782 10766 10795
f 10766 10779 10795
f 10783 10767 10796
f 10549 10550 10796
f 10767 10549 10796
f 10784 10768 10797
f 10768 10780 10797
f 10769 10781 10798
f 10785 10769 10798
f 10770 10782 10799
f 10786 10770 10799
f 10787 10771 10800
f 10771 10783 10800
f 10788 10772 10801
f 10772 10784 10801
f 10773 10785 10802
f 10789 10773 10802
f 10774 10787 10803
f 10790 10774 10803
f 10775 10788 10804
f 10791 10775 10804
f 10792 10776 10805
f 10776 10789 10805
f 10793 10777 10806
f 10777 10790 10806
f 10778 10791 10807
f 10794 10778 10807
f 10795 10779 10808
f 10779 10792 10808
f 10780 10793 10809
f 10797 10780 10809
f 10781 10794 10810
f 10798 10781 10810
f 10782 10795 10811
f 10799 10782 10811
f 10550 10551 10812
f 10796 10550 10812
f 10800 10783 10812
f 10783 10796 10812
f 10784 10797 10813
f 10801 10784 10813
f 10802 10785 10814
f 10785 10798 10814
f 10536 10786 10815
f 10537 10536 10815
f 10786 10799 10815
f 10787 10800 10816
f 10803 10787 10816
f 10788 10801 10817
f 10804 10788 10817
f 10805 10789 10818
f 10789 10802 10818
f 10806 10790 10819
f 10790 10803 10819
f 10791 10804 10820
f 10807 10791 10820
f 10792 10805 10821
f 10808 10792 10821
f 10809 10793 10822
f 10793 10806 10822
f 10810 10794 10823
f 10794 10807 10823
f 10795 10808 10824
f 10811 10795 10824
f 10813 10797 10825
f 10797 10809 10825
f 10798 10810 10826
f 10814 10798 10826
f 10815 10799 10827
f 10799 10811 10827
f 10816 10800 10828
f 10800 10812 10828
f 10817 10801 10829
f 10801 10813 10829
f 10818 10802 10830
f 10802 10814 10830
f 10538 10537 10831
f 10539 10538 10831
f 10537 10815 10831
f 10803 10816 10832
f 10819 10803 10832
f 10804 10817 10833
f 10820 10804 10833
f 10821 10805 10834
f 10805 10818 10834
f 10822 10806 10835
f 10806 10819 10835
f 10823 10807 10836
f 10807 10820 10836
f 10808 10821 10837
f 10824 10808 10837
f 10825 10809 10838
f 10809 10822 10838
f 10810 10823 10839
f 10826 10810 10839
f 10827 10811 10840
f 10811 10824 10840
f 10551 10552 10841
f 10828 10812 10841
f 10812 10551 10841
f 10829 10813 10842
f 10813 10825 10842
f 10830 10814 10843
f 10814 10826 10843
f 10831 10815 10844
f 10815 10827 10844
f 10832 10816 10845
f 10816 10828 10845
f 10817 10829 10846
f 10833 10817 10846
f 10818 10830 10847
f 10834 10818 10847
f 10819 10832 10848
f 10835 10819 10848
f 10820 10833 10849
f 10836 10820 10849
f 10837 10821 10850
f 10821 10834 10850
f 10838 10822 10851
f 10822 10835 10851
f 10823 10836 10852
f 10839 10823 10852
f 10824 10837 10853
f 10840 10824 10853
f 10825 10838 10854
f 10842 10825 10854
f 10826 10839 10855
f 10843 10826 10855
f 10844 10827 10856
f 10827 10840 10856
f 10845 10828 10857
f 10552 10553 10857
f 10553 10554 10857
f 10841 10552 10857
f 10828 10841 10857
f 10846 10829 10858
f 10829 10842 10858
f 10830 10843 10859
f 10847 10830 10859
f 10831 10844 10860
f 10540 10539 10860
f 10539 10831 10860
f 10832 10845 10861
f 10848 10832 10861
f 10849 10833 10862
f 10833 10846 10862
f 10834 10847 10863
f 10850 10834 10863
f 10851 10835 10864
f 10835 10848 10864
f 10836 10849 10865
f 10852 10836 10865
f 10837 10850 10866
f 10853 10837 10866
f 10854 10838 10867
f 10838 10851 10867
f 10839 10852 10868
f 10855 10839 10868
f 10840 10853 10869
f 10856 10840 10869
f 10842 10854 10870
f 10858 10842 10870
f 10859 10843 10871
f 10843 10855 10871
f 10860 10844 10872
f 10844 10856 10872
f 10861 10845 10873
f 10845 10857 10873
f 10862 10846 10874
f 10846 10858 10874
f 10847 10859 10875
f 10863 10847 10875
f 10541 10540 10876
f 10540 10860 10876
f 10864 10848 10877
f 10848 10861 10877
f 10849 10862 10878
f 10865 10849 10878
f 10866 10850 10879
f 10850 10863 10879
f 10851 10864 10880
f 10867 10851 10880
f 10852 10865 10881
f 10868 10852 10881
f 10853 10866 10882
f 10869 10853 10882
f 10854 10867 10883
f 10870 10854 10883
f 10855 10868 10884
f 10871 10855 10884
f 10856 10869 10885
f 10872 10856 10885
f 10857 10554 10886
f 10554 10555 10886
f 10873 10857 10886
f 10858 10870 10887
f 10874 10858 10887
f 10875 10859 10888
f 10859 10871 10888
f 10876 10860 10889
f 10860 10872 10889
f 10877 10861 10890
f 10861 10873 10890
f 10878 10862 10891
f 10862 10874 10891
f 10863 10875 10892
f 10879 10863 10892
f 10864 10877 10893
f 10880 10864 10893
f 10865 10878 10894
f 10881 10865 10894
f 10882 10866 10895
f 10866 10879 10895
f 10883 10867 10896
f 10867 10880 10896
f 10884 10868 10897
f 10868 10881 10897
f 10869 10882 10898
f 10885 10869 10898
f 10870 10883 10899
f 10887 10870 10899
f 10871 10884 10900
f 10888 10871 10900
f 10889 10872 10901
f 10872 10885 10901
f 10886 10555 10902
f 10873 10886 10902
f 10890 10873 10902
f 10555 10556 10902
f 10874 10887 10903
f 10891 10874 10903
f 10875 10888 10904
f 10892 10875 10904
f 10876 10889 10905
f 10542 10541 10905
f 10541 10876 10905
f 10877 10890 10906
f 10893 10877 10906
f 10894 10878 10907
f 10878 10891 10907
f 10895 10879 10908
f 10879 10892 10908
f 10896 10880 10909
f 10880 10893 10909
f 10897 10881 10910
f 10881 10894 10910
f 10898 10882 10911
f 10882 10895 10911
f 10899 10883 10912
f 10883 10896 10912
f 10884 10897 10913
f 10900 10884 10913
f 10885 10898 10914
f 10901 10885 10914
f 10903 10887 10915
f 10887 10899 10915
f 10904 10888 10916
f 10888 10900 10916
f 10905 10889 10917
f 10889 10901 10917
f 10890 10902 10918
f 10906 10890 10918
f 10891 10903 10919
f 10907 10891 10919
f 10908 10892 10920
f 10892 10904 10920
f 10543 10542 10921
f 10542 10905 10921
f 10893 10906 10922
f 10909 10893 10922
f 10894 10907 10923
f 10910 10894 10923
f 10895 10908 10924
f 10911 10895 10924
f 10912 10896 10925
f 10896 10909 10925
f 10897 10910 10926
f 10913 10897 10926
f 10898 10911 10927
f 10914 10898 10927
f 10899 10912 10928
f 10915 10899 10928
f 10900 10913 10929
f 10916 10900 10929
f 10917 10901 10930
f 10901 10914 10930
f 10918 10902 10931
f 10556 10557 10931
f 10902 10556 10931
f 10919 10903 10932
f 10903 10915 10932
f 10904 10916 10933
f 10920 10904 10933
f 10921 10905 10934
f 10905 10917 10934
f 10906 10918 10935
f 10922 10906 10935
f 10907 10919 10936
f 10923 10907 10936
f 10924 10908 10937
f 10908 10920 10937
f 10909 10922 10938
f 10925 10909 10938
f 10910 10923 10939
f 10926 10910 10939
f 10927 10911 10940
f 10911 10924 10940
f 10912 10925 10941
f 10928 10912 10941
f 10913 10926 10942
f 10929 10913 10942
f 10914 10927 10943
f 10930 10914 10943
f 10932 10915 10944
f 10915 10928 10944
f 10933 10916 10945
f 10916 10929 10945
f 10917 10930 10946
f 10934 10917 10946
f 10935 10918 10947
f 10557 10558 10947
f 10931 10557 10947
f 10918 10931 10947
f 10936 10919 10948
f 10919 10932 10948
f 10937 10920 10949
f 10920 10933 10949
f 10543 10921 10950
f 10544 10543 10950
f 10921 10934 10950
f 10575 10574 10950
f 10574 10544 10950
f 10922 10935 10951
f 10938 10922 10951
f 10939 10923 10952
f 10923 10936 10952
f 10940 10924 10953
f 10924 10937 10953
f 10925 10938 10954
f 10941 10925 10954
f 10942 10926 10955
f 10926 10939 10955
f 10943 10927 10956
f 10927 10940 10956
f 10928 10941 10957
f 10944 10928 10957
f 10929 10942 10958
f 10945 10929 10958
f 10946 10930 10959
f 10930 10943 10959
f 10932 10944 10960
f 10948 10932 10960
f 10949 10933 10961
f 10933 10945 10961
f 10575 10950 10962
f 10950 10934 10962
f 10934 10946 10962
f 10576 10575 10962
f 10951 10935 10963
f 10935 10947 10963
f 10952 10936 10964
f 10936 10948 10964
f 10937 10949 10965
f 10953 10937 10965
f 10954 10938 10966
f 10938 10951 10966
f 10955 10939 10967
f 10939 10952 10967
f 10956 10940 10968
f 10940 10953 10968
f 10957 10941 10969
f 10941 10954 10969
f 10942 10955 10970
f 10958 10942 10970
f 10959 10943 10971
f 10943 10956 10971
f 10944 10957 10972
f 10960 10944 10972
f 10961 10945 10973
f 10945 10958 10973
f 10946 10959 10974
f 10576 10962 10974
f 10577 10576 10974
f 10962 10946 10974
f 10963 10947 10975
f 10558 10559 10975
f 10559 10560 10975
f 10947 10558 10975
f 10964 10948 10976
f 10948 10960 10976
f 10965 10949 10977
f 10949 10961 10977
f 10951 10963 10978
f 10966 10951 10978
f 10952 10964 10979
f 10967 10952 10979
f 10953 10965 10980
f 10968 10953 10980
f 10969 10954 10981
f 10954 10966 10981
f 10955 10967 10982
f 10970 10955 10982
f 10956 10968 10983
f 10971 10956 10983
f 10972 10957 10984
f 10957 10969 10984
f 10973 10958 10985
f 10958 10970 10985
f 10959 10971 10986
f 10578 10577 10986
f 10577 10974 10986
f 10974 10959 10986
f 10960 10972 10987
f 10976 10960 10987
f 10961 10973 10988
f 10977 10961 10988
f 10963 10975 10989
f 10560 10561 10989
f 10978 10963 10989
f 10975 10560 10989
f 10964 10976 10990
f 10979 10964 10990
f 10965 10977 10991
f 10980 10965 10991
f 10966 10978 10992
f 10981 10966 10992
f 10982 10967 10993
f 10967 10979 10993
f 10968 10980 10994
f 10983 10968 10994
f 10984 10969 10995
f 10969 10981 10995
f 10985 10970 10996
f 10970 10982 10996
f 10971 10983 10997
f 10579 10578 10997
f 10986 10971 10997
f 10578 10986 10997
f 10987 10972 10998
f 10972 10984 10998
f 10973 10985 10999
f 10988 10973 10999
f 10976 10987 11000
f 10990 10976 11000
f 10977 10988 11001
f 10991 10977 11001
f 10978 10989 11002
f 10992 10978 11002
f 10979 10990 11003
f 10993 10979 11003
f 10980 10991 11004
f 10994 10980 11004
f 10995 10981 11005
f 10981 10992 11005
f 10996 10982 11006
f 10982 10993 11006
f 10579 10997 11007
f 10997 10983 11007
f 10983 10994 11007
f 10580 10579 11007
f 10581 10580 11007
f 10998 10984 11008
f 10984 10995 11008
f 10985 10996 11009
f 10999 10985 11009
f 10987 10998 11010
f 11000 10987 11010
f 10988 10999 11011
f 11001 10988 11011
f 10989 10561 11012
f 11002 10989 11012
f 10561 10562 11012
f 11003 10990 11013
f 10990 11000 11013
f 10991 11001 11014
f 11004 10991 11014
f 10992 11002 11015
f 11005 10992 11015
f 11006 10993 11016
f 10993 11003 11016
f 10994 11004 11017
f 10582 10581 11017
f 11007 10994 11017
f 10581 11007 11017
f 10995 11005 11018
f 11008 10995 11018
f 11009 10996 11019
f 10996 11006 11019
f 10998 11008 11020
f 11010 10998 11020
f 11011 10999 11021
f 10999 11009 11021
f 11000 11010 11022
f 11013 11000 11022
f 11001 11011 11023
f 11014 11001 11023
f 10562 10563 11024
f 11002 11012 11024
f 11012 10562 11024
f 11015 11002 11024
f 11003 11013 11025
f 11016 11003 11025
f 11017 11004 11026
f 11004 11014 11026
f 10583 10582 11026
f 10582 11017 11026
f 11018 11005 11027
f 11005 11015 11027
f 11006 11016 11028
f 11019 11006 11028
f 11020 11008 11029
f 11008 11018 11029
f 11021 11009 11030
f 11009 11019 11030
f 11010 11020 11031
f 11022 11010 11031
f 11023 11011 11032
f 11011 11021 11032
f 11013 11022 11033
f 11025 11013 11033
f 10583 11026 11034
f 11014 11023 11034
f 10584 10583 11034
f 11026 11014 11034
f 11027 11015 11035
f 11015 11024 11035
f 11028 11016 11036
f 11016 11025 11036
f 11029 11018 11037
f 11018 11027 11037
f 11030 11019 11038
f 11019 11028 11038
f 11020 11029 11039
f 11031 11020 11039
f 11032 11021 11040
f 11021 11030 11040
f 11033 11022 11041
f 11022 11031 11041
f 11023 11032 11042
f 11034 11023 11042
f 10584 11034 11042
f 10585 10584 11042
f 11024 10563 11043
f 11035 11024 11043
f 10563 10564 11043
f 11036 11025 11044
f 11025 11033 11044
f 11027 11035 11045
f 11037 11027 11045
f 11028 11036 11046
f 11038 11028 11046
f 11029 11037 11047
f 11039 11029 11047
f 11040 11030 11048
f 11030 11038 11048
f 11031 11039 11049
f 11041 11031 11049
f 11042 11032 11050
f 11032 11040 11050
f 10586 10585 11050
f 10585 11042 11050
f 11044 11033 11051
f 11033 11041 11051
f 10564 10565 11052
f 11035 11043 11052
f 11043 10564 11052
f 11045 11035 11052
f 11036 11044 11053
f 11046 11036 11053
f 11047 11037 11054
f 11037 11045 11054
f 11038 11046 11055
f 11048 11038 11055
f 11039 11047 11056
f 11049 11039 11056
f 10586 11050 11057
f 11040 11048 11057
f 10587 10586 11057
f 10588 10587 11057
f 11050 11040 11057
f 11051 11041 11058
f 11041 11049 11058
f 11053 11044 11059
f 11044 11051 11059
f 11045 11052 11060
f 11054 11045 11060
f 11046 11053 11061
f 11055 11046 11061
f 11056 11047 11062
f 11047 11054 11062
f 11057 11048 11063
f 10588 11057 11063
f 10589 10588 11063
f 11048 11055 11063
f 11049 11056 11064
f 11058 11049 11064
f 11051 11058 11065
f 11059 11051 11065
f 11060 11052 11066
f 10565 10566 11066
f 10566 10567 11066
f 11052 10565 11066
f 11061 11053 11067
f 11053 11059 11067
f 11062 11054 11068
f 11054 11060 11068
f 11055 11061 11069
f 10589 11063 11069
f 10590 10589 11069
f 11063 11055 11069
f 11064 11056 11070
f 11056 11062 11070
f 11058 11064 11071
f 11065 11058 11071
f 11059 11065 11072
f 11067 11059 11072
f 11060 11066 11073
f 11068 11060 11073
f 11066 10567 11073
f 10567 10568 11073
f 11061 11067 11074
f 11069 11061 11074
f 10590 11069 11074
f 10591 10590 11074
f 11070 11062 11075
f 11062 11068 11075
f 11071 11064 11076
f 11064 11070 11076
f 11065 11071 11077
f 11072 11065 11077
f 11067 11072 11078
f 11074 11067 11078
f 10591 11074 11078
f 10592 10591 11078
f 11075 11068 11079
f 11068 11073 11079
f 11076 11070 11080
f 11070 11075 11080
f 11071 11076 11081
f 11077 11071 11081
f 11078 11072 11082
f 11072 11077 11082
f 10593 10592 11082
f 10594 10593 11082
f 10592 11078 11082
f 10568 10569 11083
f 11073 10568 11083
f 11079 11073 11083
f 11080 11075 11084
f 11075 11079 11084
f 11081 11076 11085
f 11076 11080 11085
f 11077 11081 11086
f 10595 10594 11086
f 11082 11077 11086
f 10594 11082 11086
f 10569 10570 11087
f 11083 10569 11087
f 11079 11083 11087
f 11084 11079 11087
f 11085 11080 11088
f 11080 11084 11088
f 11081 11085 11089
f 10595 11086 11089
f 10596 10595 11089
f 11086 11081 11089
f 11084 11087 11090
f 11088 11084 11090
f 11089 11085 11091
f 10596 11089 11091
f 11085 11088 11091
f 10597 10596 11091
f 11087 10570 11092
f 11090 11087 11092
f 10570 10571 11092
f 11091 11088 11093
f 10597 11091 11093
f 10598 10597 11093
f 11088 11090 11093
f 11093 11090 11094
f 11090 11092 11094
f 11092 10571 11094
f 10598 11093 11094
f 10572 10599 11094
f 10571 10572 11094
f 10599 10598 11094
f 11097 11095 11096
f 11098 11097 11096
f 11099 11100 11101
f 11102 11099 11101
f 11103 11104 11133
f 11105 11103 11133
f 11106 11105 11134
f 11105 11133 11134
f 11107 11106 11135
f 11106 11134 11135
f 11108 11107 11136
f 11107 11135 11136
f 11109 11108 11137
f 11108 11136 11137
f 11110 11109 11138
f 11109 11137 11138
f 11111 11110 11139
f 11110 11138 11139
f 11112 11111 11140
f 11111 11139 11140
f 11113 11112 11141
f 11112 11140 11141
f 11113 11141 11142
f 11114 11113 11142
f 11114 11142 11143
f 11115 11114 11143
f 11115 11143 11144
f 11116 11115 11144
f 11117 11116 11145
f 11116 11144 11145
f 11118 11117 11146
f 11117 11145 11146
f 11119 11118 11147
f 11118 11146 11147
f 11120 11119 11148
f 11119 11147 11148
f 11121 11120 11149
f 11120 11148 11149
f 11122 11121 11150
f 11121 11149 11150
f 11123 11122 11151
f 11122 11150 11151
f 11124 11123 11152
f 11123 11151 11152
f 11125 11124 11153
f 11124 11152 11153
f 11126 11125 11154
f 11125 11153 11154
f 11127 11126 11155
f 11126 11154 11155
f 11128 11127 11156
f 11127 11155 11156
f 11129 11128 11157
f 11128 11156 11157
f 11130 11129 11158
f 11129 11157 11158
f 11130 11158 11132
f 11131 11130 11132
f 11160 11159 11189
f 11159 11161 11189
f 11161 11162 11190
f 11189 11161 11190
f 11162 11163 11191
f 11190 11162 11191
f 11163 11164 11192
f 11191 11163 11192
f 11164 11165 11193
f 11192 11164 11193
f 11165 11166 11194
f 11193 11165 11194
f 11166 11167 11195
f 11194 11166 11195
f 11167 11168 11196
f 11195 11167 11196
f 11168 11169 11197
f 11196 11168 11197
f 11197 11169 11198
f 11169 11170 11198
f 11198 11170 11199
f 11170 11171 11199
f 11199 11171 11200
f 11171 11172 11200
f 11172 11173 11201
f 11200 11172 11201
f 11173 11174 11202
f 11201 11173 11202
f 11174 11175 11203
f 11202 11174 11203
f 11175 11176 11204
f 11203 11175 11204
f 11176 11177 11205
f 11204 11176 11205
f 11177 11178 11206
f 11205 11177 11206
f 11178 11179 11207
f 11206 11178 11207
f 11179 11180 11208
f 11207 11179 11208
f 11180 11181 11209
f 11208 11180 11209
f 11181 11182 11210
f 11209 11181 11210
f 11182 11183 11211
f 11210 11182 11211
f 11183 11184 11212
f 11211 11183 11212
f 11184 11185 11213
f 11212 11184 11213
f 11185 11186 11214
f 11213 11185 11214
f 11214 11186 11188
f 11186 11187 11188
f 11217 11216 11215
f 11218 11217 11215
f 11220 11221 11219
f 11221 11222 11219
f 11224 11223 11253
f 11223 11225 11253
f 11225 11226 11254
f 11253 11225 11254
f 11226 11227 11255
f 11254 11226 11255
f 11227 11228 11256
f 11255 11227 11256
f 11228 11229 11257
f 11256 11228 11257
f 11229 11230 11258
f 11257 11229 11258
f 11230 11231 11259
f 11258 11230 11259
f 11231 11232 11260
f 11259 11231 11260
f 11232 11233 11261
f 11260 11232 11261
f 11261 11233 11262
f 11233 11234 11262
f 11262 11234 11263
f 11234 11235 11263
f 11263 11235 11264
f 11235 11236 11264
f 11236 11237 11265
f 11264 11236 11265
f 11237 11238 11266
f 11265 11237 11266
f 11238 11239 11267
f 11266 11238 11267
f 11239 11240 11268
f 11267 11239 11268
f 11240 11241 11269
f 11268 11240 11269
f 11241 11242 11270
f 11269 11241 11270
f 11242 11243 11271
f 11270 11242 11271
f 11243 11244 11272
f 11271 11243 11272
f 11244 11245 11273
f 11272 11244 11273
f 11245 11246 11274
f 11273 11245 11274
f 11246 11247 11275
f 11274 11246 11275
f 11247 11248 11276
f 11275 11247 11276
f 11248 11249 11277
f 11276 11248 11277
f 11249 11250 11278
f 11277 11249 11278
f 11278 11250 11252
f 11250 11251 11252
f 11280 11279 11309
f 11279 11281 11309
f 11281 11282 11310
f 11309 11281 11310
f 11282 11283 11311
f 11310 11282 11311
f 11283 11284 11312
f 11311 11283 11312
f 11284 11285 11313
f 11312 11284 11313
f 11285 11286 11314
f 11313 11285 11314
f 11286 11287 11315
f 11314 11286 11315
f 11287 11288 11316
f 11315 11287 11316
f 11288 11289 11317
f 11316 11288 11317
f 11317 11289 11318
f 11289 11290 11318
f 11318 11290 11319
f 11290 11291 11319
f 11319 11291 11320
f 11291 11292 11320
f 11292 11293 11321
f 11320 11292 11321
f 11293 11294 11322
f 11321 11293 11322
f 11294 11295 11323
f 11322 11294 11323
f 11295 11296 11324
f 11323 11295 11324
f 11296 11297 11325
f 11324 11296 11325
f 11297 11298 11326
f 11325 11297 11326
f 11298 11299 11327
f 11299 11300 11327
f 11326 11298 11327
f 11327 11300 11328
f 11300 11301 11329
f 11328 11300 11329
f 11301 11302 11330
f 11329 11301 11330
f 11302 11303 11331
f 11303 11304 11331
f 11330 11302 11331
f 11331 11304 11332
f 11304 11305 11333
f 11305 11306 11333
f 11332 11304 11333
f 11333 11306 11334
f 11306 11307 11308
f 11334 11306 11308
f 11336 11335 11337
f 11335 11338 11337
f 11365 11366 11395
f 11393 11420 11394
f 11339 11340 11421
f 11340 11341 11421
f 11339 11421 11422
f 11339 11422 11423
f 11341 11342 11424
f 11422 11421 11424
f 11421 11341 11424
f 11339 11423 11425
f 11423 11422 11426
f 11422 11424 11426
f 11342 11343 11427
f 11424 11342 11427
f 11339 11425 11428
f 11425 11423 11429
f 11423 11426 11429
f 11424 11427 11430
f 11426 11424 11430
f 11339 11428 11431
f 11428 11425 11432
f 11425 11429 11432
f 11426 11430 11433
f 11429 11426 11433
f 11343 11344 11434
f 11427 11343 11434
f 11430 11427 11434
f 11339 11431 11435
f 11431 11428 11436
f 11428 11432 11436
f 11429 11433 11437
f 11432 11429 11437
f 11430 11434 11438
f 11433 11430 11438
f 11339 11435 11439
f 11344 11345 11440
f 11434 11344 11440
f 11431 11436 11441
f 11435 11431 11441
f 11432 11437 11442
f 11436 11432 11442
f 11437 11433 11443
f 11433 11438 11443
f 11339 11439 11444
f 11438 11434 11445
f 11434 11440 11445
f 11439 11435 11446
f 11435 11441 11446
f 11441 11436 11447
f 11436 11442 11447
f 11437 11443 11448
f 11442 11437 11448
f 11339 11444 11449
f 11443 11438 11450
f 11438 11445 11450
f 11439 11446 11451
f 11444 11439 11451
f 11345 11346 11452
f 11346 11347 11452
f 11440 11345 11452
f 11445 11440 11452
f 11446 11441 11453
f 11441 11447 11453
f 11442 11448 11454
f 11447 11442 11454
f 11339 11449 11455
f 11448 11443 11456
f 11443 11450 11456
f 11444 11451 11457
f 11449 11444 11457
f 11445 11452 11458
f 11450 11445 11458
f 11446 11453 11459
f 11451 11446 11459
f 11347 11348 11460
f 11452 11347 11460
f 11453 11447 11461
f 11447 11454 11461
f 11367 11339 11462
f 11339 11455 11462
f 11454 11448 11463
f 11448 11456 11463
f 11449 11457 11464
f 11455 11449 11464
f 11456 11450 11465
f 11450 11458 11465
f 11457 11451 11466
f 11451 11459 11466
f 11458 11452 11467
f 11452 11460 11467
f 11459 11453 11468
f 11453 11461 11468
f 11367 11462 11469
f 11454 11463 11470
f 11461 11454 11470
f 11462 11455 11471
f 11455 11464 11471
f 11456 11465 11472
f 11463 11456 11472
f 11457 11466 11473
f 11464 11457 11473
f 11465 11458 11474
f 11458 11467 11474
f 11459 11468 11475
f 11466 11459 11475
f 11348 11349 11476
f 11460 11348 11476
f 11467 11460 11476
f 11367 11469 11477
f 11468 11461 11478
f 11461 11470 11478
f 11469 11462 11479
f 11462 11471 11479
f 11463 11472 11480
f 11470 11463 11480
f 11471 11464 11481
f 11464 11473 11481
f 11465 11474 11482
f 11472 11465 11482
f 11466 11475 11483
f 11473 11466 11483
f 11474 11467 11484
f 11467 11476 11484
f 11367 11477 11485
f 11475 11468 11486
f 11468 11478 11486
f 11349 11350 11487
f 11476 11349 11487
f 11477 11469 11488
f 11469 11479 11488
f 11470 11480 11489
f 11478 11470 11489
f 11471 11481 11490
f 11479 11471 11490
f 11472 11482 11491
f 11480 11472 11491
f 11481 11473 11492
f 11473 11483 11492
f 11482 11474 11493
f 11474 11484 11493
f 11367 11485 11494
f 11475 11486 11495
f 11483 11475 11495
f 11484 11476 11496
f 11476 11487 11496
f 11485 11477 11497
f 11477 11488 11497
f 11486 11478 11498
f 11478 11489 11498
f 11488 11479 11499
f 11479 11490 11499
f 11480 11491 11500
f 11489 11480 11500
f 11490 11481 11501
f 11481 11492 11501
f 11482 11493 11502
f 11491 11482 11502
f 11367 11494 11503
f 11492 11483 11504
f 11483 11495 11504
f 11493 11484 11505
f 11484 11496 11505
f 11485 11497 11506
f 11494 11485 11506
f 11486 11498 11507
f 11495 11486 11507
f 11487 11350 11508
f 11350 11351 11508
f 11496 11487 11508
f 11497 11488 11509
f 11488 11499 11509
f 11498 11489 11510
f 11489 11500 11510
f 11490 11501 11511
f 11499 11490 11511
f 11491 11502 11512
f 11500 11491 11512
f 11367 11503 11513
f 11501 11492 11514
f 11492 11504 11514
f 11493 11505 11515
f 11502 11493 11515
f 11503 11494 11516
f 11494 11506 11516
f 11504 11495 11517
f 11495 11507 11517
f 11496 11508 11518
f 11505 11496 11518
f 11497 11509 11519
f 11506 11497 11519
f 11507 11498 11520
f 11498 11510 11520
f 11351 11352 11521
f 11352 11353 11521
f 11508 11351 11521
f 11499 11511 11522
f 11509 11499 11522
f 11500 11512 11523
f 11510 11500 11523
f 11367 11513 11524
f 11511 11501 11525
f 11501 11514 11525
f 11502 11515 11526
f 11512 11502 11526
f 11513 11503 11527
f 11503 11516 11527
f 11504 11517 11528
f 11514 11504 11528
f 11515 11505 11529
f 11505 11518 11529
f 11516 11506 11530
f 11506 11519 11530
f 11507 11520 11531
f 11517 11507 11531
f 11518 11508 11532
f 11508 11521 11532
f 11519 11509 11533
f 11509 11522 11533
f 11510 11523 11534
f 11520 11510 11534
f 11367 11524 11535
f 11511 11525 11536
f 11522 11511 11536
f 11512 11526 11537
f 11523 11512 11537
f 11513 11527 11538
f 11524 11513 11538
f 11525 11514 11539
f 11514 11528 11539
f 11515 11529 11540
f 11526 11515 11540
f 11516 11530 11541
f 11527 11516 11541
f 11528 11517 11542
f 11517 11531 11542
f 11529 11518 11543
f 11518 11532 11543
f 11530 11519 11544
f 11519 11533 11544
f 11531 11520 11545
f 11520 11534 11545
f 11353 11354 11546
f 11521 11353 11546
f 11532 11521 11546
f 11367 11535 11547
f 11522 11536 11548
f 11533 11522 11548
f 11534 11523 11549
f 11523 11537 11549
f 11535 11524 11550
f 11524 11538 11550
f 11536 11525 11551
f 11525 11539 11551
f 11526 11540 11552
f 11537 11526 11552
f 11527 11541 11553
f 11538 11527 11553
f 11539 11528 11554
f 11528 11542 11554
f 11529 11543 11555
f 11540 11529 11555
f 11530 11544 11556
f 11541 11530 11556
f 11542 11531 11557
f 11531 11545 11557
f 11543 11532 11558
f 11532 11546 11558
f 11367 11547 11559
f 11533 11548 11560
f 11544 11533 11560
f 11534 11549 11561
f 11545 11534 11561
f 11354 11355 11562
f 11546 11354 11562
f 11547 11535 11563
f 11535 11550 11563
f 11536 11551 11564
f 11548 11536 11564
f 11537 11552 11565
f 11549 11537 11565
f 11550 11538 11566
f 11538 11553 11566
f 11551 11539 11567
f 11539 11554 11567
f 11552 11540 11568
f 11540 11555 11568
f 11553 11541 11569
f 11541 11556 11569
f 11554 11542 11570
f 11542 11557 11570
f 11543 11558 11571
f 11555 11543 11571
f 11368 11367 11572
f 11369 11368 11572
f 11367 11559 11572
f 11544 11560 11573
f 11556 11544 11573
f 11557 11545 11574
f 11545 11561 11574
f 11558 11546 11575
f 11546 11562 11575
f 11559 11547 11576
f 11547 11563 11576
f 11560 11548 11577
f 11548 11564 11577
f 11561 11549 11578
f 11549 11565 11578
f 11550 11566 11579
f 11563 11550 11579
f 11551 11567 11580
f 11564 11551 11580
f 11565 11552 11581
f 11552 11568 11581
f 11553 11569 11582
f 11566 11553 11582
f 11554 11570 11583
f 11567 11554 11583
f 11568 11555 11584
f 11555 11571 11584
f 11569 11556 11585
f 11556 11573 11585
f 11570 11557 11586
f 11557 11574 11586
f 11571 11558 11587
f 11558 11575 11587
f 11369 11572 11588
f 11572 11559 11588
f 11559 11576 11588
f 11370 11369 11588
f 11573 11560 11589
f 11560 11577 11589
f 11574 11561 11590
f 11561 11578 11590
f 11355 11356 11591
f 11575 11562 11591
f 11562 11355 11591
f 11563 11579 11592
f 11576 11563 11592
f 11577 11564 11593
f 11564 11580 11593
f 11578 11565 11594
f 11565 11581 11594
f 11566 11582 11595
f 11579 11566 11595
f 11580 11567 11596
f 11567 11583 11596
f 11581 11568 11597
f 11568 11584 11597
f 11569 11585 11598
f 11582 11569 11598
f 11583 11570 11599
f 11570 11586 11599
f 11584 11571 11600
f 11571 11587 11600
f 11585 11573 11601
f 11573 11589 11601
f 11586 11574 11602
f 11574 11590 11602
f 11587 11575 11603
f 11575 11591 11603
f 11576 11592 11604
f 11588 11576 11604
f 11577 11593 11605
f 11589 11577 11605
f 11578 11594 11606
f 11590 11578 11606
f 11591 11356 11607
f 11356 11357 11607
f 11592 11579 11608
f 11579 11595 11608
f 11593 11580 11609
f 11580 11596 11609
f 11594 11581 11610
f 11581 11597 11610
f 11595 11582 11611
f 11582 11598 11611
f 11583 11599 11612
f 11596 11583 11612
f 11597 11584 11613
f 11584 11600 11613
f 11598 11585 11614
f 11585 11601 11614
f 11599 11586 11615
f 11586 11602 11615
f 11587 11603 11616
f 11600 11587 11616
f 11588 11604 11617
f 11371 11370 11617
f 11370 11588 11617
f 11589 11605 11618
f 11601 11589 11618
f 11602 11590 11619
f 11590 11606 11619
f 11603 11591 11620
f 11591 11607 11620
f 11592 11608 11621
f 11604 11592 11621
f 11593 11609 11622
f 11605 11593 11622
f 11606 11594 11623
f 11594 11610 11623
f 11608 11595 11624
f 11595 11611 11624
f 11609 11596 11625
f 11596 11612 11625
f 11597 11613 11626
f 11610 11597 11626
f 11598 11614 11627
f 11611 11598 11627
f 11612 11599 11628
f 11599 11615 11628
f 11600 11616 11629
f 11613 11600 11629
f 11614 11601 11630
f 11601 11618 11630
f 11615 11602 11631
f 11602 11619 11631
f 11616 11603 11632
f 11603 11620 11632
f 11372 11371 11633
f 11371 11617 11633
f 11604 11621 11633
f 11617 11604 11633
f 11618 11605 11634
f 11605 11622 11634
f 11606 11623 11635
f 11619 11606 11635
f 11607 11357 11636
f 11357 11358 11636
f 11620 11607 11636
f 11621 11608 11637
f 11608 11624 11637
f 11622 11609 11638
f 11609 11625 11638
f 11610 11626 11639
f 11623 11610 11639
f 11611 11627 11640
f 11624 11611 11640
f 11625 11612 11641
f 11612 11628 11641
f 11626 11613 11642
f 11613 11629 11642
f 11614 11630 11643
f 11627 11614 11643
f 11615 11631 11644
f 11628 11615 11644
f 11629 11616 11645
f 11616 11632 11645
f 11618 11634 11646
f 11630 11618 11646
f 11631 11619 11647
f 11619 11635 11647
f 11620 11636 11648
f 11632 11620 11648
f 11621 11637 11649
f 11633 11621 11649
f 11622 11638 11650
f 11634 11622 11650
f 11623 11639 11651
f 11635 11623 11651
f 11358 11359 11652
f 11359 11360 11652
f 11636 11358 11652
f 11637 11624 11653
f 11624 11640 11653
f 11638 11625 11654
f 11625 11641 11654
f 11626 11642 11655
f 11639 11626 11655
f 11627 11643 11656
f 11640 11627 11656
f 11628 11644 11657
f 11641 11628 11657
f 11642 11629 11658
f 11629 11645 11658
f 11630 11646 11659
f 11643 11630 11659
f 11644 11631 11660
f 11631 11647 11660
f 11632 11648 11661
f 11645 11632 11661
f 11373 11372 11662
f 11633 11649 11662
f 11372 11633 11662
f 11634 11650 11663
f 11646 11634 11663
f 11635 11651 11664
f 11647 11635 11664
f 11636 11652 11665
f 11648 11636 11665
f 11637 11653 11666
f 11649 11637 11666
f 11650 11638 11667
f 11638 11654 11667
f 11651 11639 11668
f 11639 11655 11668
f 11653 11640 11669
f 11640 11656 11669
f 11654 11641 11670
f 11641 11657 11670
f 11642 11658 11671
f 11655 11642 11671
f 11643 11659 11672
f 11656 11643 11672
f 11657 11644 11673
f 11644 11660 11673
f 11658 11645 11674
f 11645 11661 11674
f 11659 11646 11675
f 11646 11663 11675
f 11660 11647 11676
f 11647 11664 11676
f 11648 11665 11677
f 11661 11648 11677
f 11649 11666 11678
f 11374 11373 11678
f 11375 11374 11678
f 11373 11662 11678
f 11662 11649 11678
f 11650 11667 11679
f 11663 11650 11679
f 11664 11651 11680
f 11651 11668 11680
f 11665 11652 11681
f 11360 11361 11681
f 11652 11360 11681
f 11666 11653 11682
f 11653 11669 11682
f 11654 11670 11683
f 11667 11654 11683
f 11668 11655 11684
f 11655 11671 11684
f 11656 11672 11685
f 11669 11656 11685
f 11670 11657 11686
f 11657 11673 11686
f 11671 11658 11687
f 11658 11674 11687
f 11659 11675 11688
f 11672 11659 11688
f 11673 11660 11689
f 11660 11676 11689
f 11674 11661 11690
f 11661 11677 11690
f 11675 11663 11691
f 11663 11679 11691
f 11664 11680 11692
f 11676 11664 11692
f 11665 11681 11693
f 11677 11665 11693
f 11666 11682 11694
f 11678 11666 11694
f 11667 11683 11695
f 11679 11667 11695
f 11680 11668 11696
f 11668 11684 11696
f 11361 11362 11697
f 11681 11361 11697
f 11669 11685 11698
f 11682 11669 11698
f 11683 11670 11699
f 11670 11686 11699
f 11671 11687 11700
f 11684 11671 11700
f 11685 11672 11701
f 11672 11688 11701
f 11686 11673 11702
f 11673 11689 11702
f 11687 11674 11703
f 11674 11690 11703
f 11688 11675 11704
f 11675 11691 11704
f 11689 11676 11705
f 11676 11692 11705
f 11690 11677 11706
f 11677 11693 11706
f 11375 11678 11707
f 11376 11375 11707
f 11678 11694 11707
f 11691 11679 11708
f 11679 11695 11708
f 11680 11696 11709
f 11692 11680 11709
f 11681 11697 11710
f 11693 11681 11710
f 11682 11698 11711
f 11694 11682 11711
f 11683 11699 11712
f 11695 11683 11712
f 11696 11684 11713
f 11684 11700 11713
f 11698 11685 11714
f 11685 11701 11714
f 11699 11686 11715
f 11686 11702 11715
f 11687 11703 11716
f 11700 11687 11716
f 11688 11704 11717
f 11701 11688 11717
f 11689 11705 11718
f 11702 11689 11718
f 11703 11690 11719
f 11690 11706 11719
f 11704 11691 11720
f 11691 11708 11720
f 11705 11692 11721
f 11692 11709 11721
f 11693 11710 11722
f 11706 11693 11722
f 11376 11707 11723
f 11707 11694 11723
f 11694 11711 11723
f 11377 11376 11723
f 11708 11695 11724
f 11695 11712 11724
f 11709 11696 11725
f 11696 11713 11725
f 11710 11697 11726
f 11362 11363 11726
f 11697 11362 11726
f 11711 11698 11727
f 11698 11714 11727
f 11699 11715 11728
f 11712 11699 11728
f 11700 11716 11729
f 11713 11700 11729
f 11701 11717 11730
f 11714 11701 11730
f 11702 11718 11731
f 11715 11702 11731
f 11703 11719 11732
f 11716 11703 11732
f 11704 11720 11733
f 11717 11704 11733
f 11718 11705 11734
f 11705 11721 11734
f 11719 11706 11735
f 11706 11722 11735
f 11708 11724 11736
f 11720 11708 11736
f 11709 11725 11737
f 11721 11709 11737
f 11710 11726 11738
f 11722 11710 11738
f 11723 11711 11739
f 11711 11727 11739
f 11724 11712 11740
f 11712 11728 11740
f 11713 11729 11741
f 11725 11713 11741
f 11363 11364 11742
f 11726 11363 11742
f 11727 11714 11743
f 11714 11730 11743
f 11728 11715 11744
f 11715 11731 11744
f 11729 11716 11745
f 11716 11732 11745
f 11717 11733 11746
f 11730 11717 11746
f 11731 11718 11747
f 11718 11734 11747
f 11732 11719 11748
f 11719 11735 11748
f 11733 11720 11749
f 11720 11736 11749
f 11734 11721 11750
f 11721 11737 11750
f 11722 11738 11751
f 11735 11722 11751
f 11723 11739 11752
f 11378 11377 11752
f 11377 11723 11752
f 11724 11740 11753
f 11736 11724 11753
f 11737 11725 11754
f 11725 11741 11754
f 11726 11742 11755
f 11738 11726 11755
f 11739 11727 11756
f 11727 11743 11756
f 11740 11728 11757
f 11728 11744 11757
f 11729 11745 11758
f 11741 11729 11758
f 11743 11730 11759
f 11730 11746 11759
f 11744 11731 11760
f 11731 11747 11760
f 11732 11748 11761
f 11745 11732 11761
f 11746 11733 11762
f 11733 11749 11762
f 11747 11734 11763
f 11734 11750 11763
f 11748 11735 11764
f 11735 11751 11764
f 11736 11753 11765
f 11749 11736 11765
f 11737 11754 11766
f 11750 11737 11766
f 11751 11738 11767
f 11738 11755 11767
f 11739 11756 11768
f 11379 11378 11768
f 11378 11752 11768
f 11752 11739 11768
f 11740 11757 11769
f 11753 11740 11769
f 11741 11758 11770
f 11754 11741 11770
f 11742 11364 11771
f 11364 11365 11771
f 11755 11742 11771
f 11395 11396 11771
f 11365 11395 11771
f 11756 11743 11772
f 11743 11759 11772
f 11744 11760 11773
f 11757 11744 11773
f 11745 11761 11774
f 11758 11745 11774
f 11759 11746 11775
f 11746 11762 11775
f 11747 11763 11776
f 11760 11747 11776
f 11748 11764 11777
f 11761 11748 11777
f 11762 11749 11778
f 11749 11765 11778
f 11763 11750 11779
f 11750 11766 11779
f 11751 11767 11780
f 11764 11751 11780
f 11765 11753 11781
f 11753 11769 11781
f 11754 11770 11782
f 11766 11754 11782
f 11771 11396 11783
f 11755 11771 11783
f 11767 11755 11783
f 11396 11397 11783
f 11756 11772 11784
f 11768 11756 11784
f 11757 11773 11785
f 11769 11757 11785
f 11770 11758 11786
f 11758 11774 11786
f 11759 11775 11787
f 11772 11759 11787
f 11760 11776 11788
f 11773 11760 11788
f 11761 11777 11789
f 11774 11761 11789
f 11762 11778 11790
f 11775 11762 11790
f 11776 11763 11791
f 11763 11779 11791
f 11764 11780 11792
f 11777 11764 11792
f 11778 11765 11793
f 11765 11781 11793
f 11766 11782 11794
f 11779 11766 11794
f 11780 11767 11795
f 11783 11397 11795
f 11397 11398 11795
f 11767 11783 11795
f 11768 11784 11796
f 11380 11379 11796
f 11381 11380 11796
f 11379 11768 11796
f 11769 11785 11797
f 11781 11769 11797
f 11770 11786 11798
f 11782 11770 11798
f 11784 11772 11799
f 11772 11787 11799
f 11785 11773 11800
f 11773 11788 11800
f 11786 11774 11801
f 11774 11789 11801
f 11775 11790 11802
f 11787 11775 11802
f 11788 11776 11803
f 11776 11791 11803
f 11789 11777 11804
f 11777 11792 11804
f 11778 11793 11805
f 11790 11778 11805
f 11779 11794 11806
f 11791 11779 11806
f 11792 11780 11807
f 11398 11399 11807
f 11795 11398 11807
f 11780 11795 11807
f 11793 11781 11808
f 11781 11797 11808
f 11794 11782 11809
f 11782 11798 11809
f 11796 11784 11810
f 11382 11381 11810
f 11784 11799 11810
f 11381 11796 11810
f 11797 11785 11811
f 11785 11800 11811
f 11798 11786 11812
f 11786 11801 11812
f 11799 11787 11813
f 11787 11802 11813
f 11788 11803 11814
f 11800 11788 11814
f 11801 11789 11815
f 11789 11804 11815
f 11790 11805 11816
f 11802 11790 11816
f 11791 11806 11817
f 11803 11791 11817
f 11804 11792 11818
f 11399 11400 11818
f 11792 11807 11818
f 11807 11399 11818
f 11793 11808 11819
f 11805 11793 11819
f 11806 11794 11820
f 11794 11809 11820
f 11808 11797 11821
f 11797 11811 11821
f 11809 11798 11822
f 11798 11812 11822
f 11810 11799 11823
f 11799 11813 11823
f 11811 11800 11824
f 11800 11814 11824
f 11812 11801 11825
f 11801 11815 11825
f 11802 11816 11826
f 11813 11802 11826
f 11803 11817 11827
f 11814 11803 11827
f 11818 11400 11828
f 11804 11818 11828
f 11815 11804 11828
f 11400 11401 11828
f 11401 11402 11828
f 11805 11819 11829
f 11816 11805 11829
f 11817 11806 11830
f 11806 11820 11830
f 11819 11808 11831
f 11808 11821 11831
f 11820 11809 11832
f 11809 11822 11832
f 11382 11810 11833
f 11810 11823 11833
f 11383 11382 11833
f 11811 11824 11834
f 11821 11811 11834
f 11822 11812 11835
f 11812 11825 11835
f 11823 11813 11836
f 11813 11826 11836
f 11814 11827 11837
f 11824 11814 11837
f 11825 11815 11838
f 11402 11403 11838
f 11815 11828 11838
f 11828 11402 11838
f 11826 11816 11839
f 11816 11829 11839
f 11817 11830 11840
f 11827 11817 11840
f 11829 11819 11841
f 11819 11831 11841
f 11820 11832 11842
f 11830 11820 11842
f 11831 11821 11843
f 11821 11834 11843
f 11832 11822 11844
f 11822 11835 11844
f 11384 11383 11845
f 11833 11823 11845
f 11383 11833 11845
f 11823 11836 11845
f 11834 11824 11846
f 11824 11837 11846
f 11825 11838 11847
f 11835 11825 11847
f 11403 11404 11847
f 11838 11403 11847
f 11826 11839 11848
f 11836 11826 11848
f 11837 11827 11849
f 11827 11840 11849
f 11829 11841 11850
f 11839 11829 11850
f 11830 11842 11851
f 11840 11830 11851
f 11841 11831 11852
f 11831 11843 11852
f 11832 11844 11853
f 11842 11832 11853
f 11843 11834 11854
f 11834 11846 11854
f 11847 11404 11855
f 11844 11835 11855
f 11404 11405 11855
f 11835 11847 11855
f 11836 11848 11856
f 11845 11836 11856
f 11837 11849 11857
f 11846 11837 11857
f 11839 11850 11858
f 11848 11839 11858
f 11840 11851 11859
f 11849 11840 11859
f 11850 11841 11860
f 11841 11852 11860
f 11842 11853 11861
f 11851 11842 11861
f 11843 11854 11862
f 11852 11843 11862
f 11853 11844 11863
f 11844 11855 11863
f 11855 11405 11863
f 11405 11406 11863
f 11384 11845 11864
f 11845 11856 11864
f 11385 11384 11864
f 11846 11857 11865
f 11854 11846 11865
f 11856 11848 11866
f 11848 11858 11866
f 11857 11849 11867
f 11849 11859 11867
f 11858 11850 11868
f 11850 11860 11868
f 11851 11861 11869
f 11859 11851 11869
f 11860 11852 11870
f 11852 11862 11870
f 11853 11863 11871
f 11861 11853 11871
f 11406 11407 11871
f 11863 11406 11871
f 11854 11865 11872
f 11862 11854 11872
f 11386 11385 11873
f 11864 11856 11873
f 11385 11864 11873
f 11856 11866 11873
f 11865 11857 11874
f 11857 11867 11874
f 11858 11868 11875
f 11866 11858 11875
f 11867 11859 11876
f 11859 11869 11876
f 11868 11860 11877
f 11860 11870 11877
f 11871 11407 11878
f 11869 11861 11878
f 11407 11408 11878
f 11408 11409 11878
f 11861 11871 11878
f 11862 11872 11879
f 11870 11862 11879
f 11865 11874 11880
f 11872 11865 11880
f 11873 11866 11881
f 11866 11875 11881
f 11874 11867 11882
f 11867 11876 11882
f 11868 11877 11883
f 11875 11868 11883
f 11869 11878 11884
f 11878 11409 11884
f 11409 11410 11884
f 11876 11869 11884
f 11877 11870 11885
f 11870 11879 11885
f 11879 11872 11886
f 11872 11880 11886
f 11873 11881 11887
f 11387 11386 11887
f 11388 11387 11887
f 11386 11873 11887
f 11874 11882 11888
f 11880 11874 11888
f 11875 11883 11889
f 11881 11875 11889
f 11882 11876 11890
f 11884 11410 11890
f 11410 11411 11890
f 11876 11884 11890
f 11877 11885 11891
f 11883 11877 11891
f 11885 11879 11892
f 11879 11886 11892
f 11886 11880 11893
f 11880 11888 11893
f 11887 11881 11894
f 11881 11889 11894
f 11388 11887 11894
f 11389 11388 11894
f 11888 11882 11895
f 11882 11890 11895
f 11890 11411 11895
f 11411 11412 11895
f 11883 11891 11896
f 11889 11883 11896
f 11885 11892 11897
f 11891 11885 11897
f 11892 11886 11898
f 11886 11893 11898
f 11893 11888 11899
f 11888 11895 11899
f 11895 11412 11899
f 11412 11413 11899
f 11889 11896 11900
f 11894 11889 11900
f 11891 11897 11901
f 11896 11891 11901
f 11897 11892 11902
f 11892 11898 11902
f 11893 11899 11903
f 11898 11893 11903
f 11413 11414 11903
f 11414 11415 11903
f 11899 11413 11903
f 11390 11389 11904
f 11389 11894 11904
f 11894 11900 11904
f 11896 11901 11905
f 11900 11896 11905
f 11897 11902 11906
f 11901 11897 11906
f 11902 11898 11907
f 11415 11416 11907
f 11898 11903 11907
f 11903 11415 11907
f 11391 11390 11908
f 11390 11904 11908
f 11904 11900 11908
f 11900 11905 11908
f 11901 11906 11909
f 11905 11901 11909
f 11906 11902 11910
f 11907 11416 11910
f 11416 11417 11910
f 11902 11907 11910
f 11908 11905 11911
f 11905 11909 11911
f 11906 11910 11912
f 11910 11417 11912
f 11909 11906 11912
f 11417 11418 11912
f 11391 11908 11913
f 11908 11911 11913
f 11392 11391 11913
f 11909 11912 11914
f 11912 11418 11914
f 11418 11419 11914
f 11911 11909 11914
f 11911 11914 11915
f 11913 11911 11915
f 11392 11913 11915
f 11914 11419 11915
f 11420 11393 11915
f 11393 11392 11915
f 11419 11420 11915
f 11942 11943 11972
f 11970 11997 11971
f 11916 11917 11998
f 11917 11918 11998
f 11916 11998 11999
f 11916 11999 12000
f 11918 11919 12001
f 11999 11998 12001
f 11998 11918 12001
f 11916 12000 12002
f 12000 11999 12003
f 11999 12001 12003
f 11919 11920 12004
f 12001 11919 12004
f 11916 12002 12005
f 12002 12000 12006
f 12000 12003 12006
f 12001 12004 12007
f 12003 12001 12007
f 11916 12005 12008
f 12005 12002 12009
f 12002 12006 12009
f 12003 12007 12010
f 12006 12003 12010
f 11920 11921 12011
f 12004 11920 12011
f 12007 12004 12011
f 11916 12008 12012
f 12008 12005 12013
f 12005 12009 12013
f 12006 12010 12014
f 12009 12006 12014
f 12007 12011 12015
f 12010 12007 12015
f 11916 12012 12016
f 11921 11922 12017
f 12011 11921 12017
f 12008 12013 12018
f 12012 12008 12018
f 12009 12014 12019
f 12013 12009 12019
f 12014 12010 12020
f 12010 12015 12020
f 11916 12016 12021
f 12015 12011 12022
f 12011 12017 12022
f 12016 12012 12023
f 12012 12018 12023
f 12018 12013 12024
f 12013 12019 12024
f 12014 12020 12025
f 12019 12014 12025
f 11916 12021 12026
f 12020 12015 12027
f 12015 12022 12027
f 12016 12023 12028
f 12021 12016 12028
f 11922 11923 12029
f 11923 11924 12029
f 12017 11922 12029
f 12022 12017 12029
f 12023 12018 12030
f 12018 12024 12030
f 12019 12025 12031
f 12024 12019 12031
f 11916 12026 12032
f 12025 12020 12033
f 12020 12027 12033
f 12021 12028 12034
f 12026 12021 12034
f 12022 12029 12035
f 12027 12022 12035
f 12023 12030 12036
f 12028 12023 12036
f 11924 11925 12037
f 12029 11924 12037
f 12030 12024 12038
f 12024 12031 12038
f 11944 11916 12039
f 11916 12032 12039
f 12031 12025 12040
f 12025 12033 12040
f 12026 12034 12041
f 12032 12026 12041
f 12033 12027 12042
f 12027 12035 12042
f 12034 12028 12043
f 12028 12036 12043
f 12035 12029 12044
f 12029 12037 12044
f 12036 12030 12045
f 12030 12038 12045
f 11944 12039 12046
f 12031 12040 12047
f 12038 12031 12047
f 12039 12032 12048
f 12032 12041 12048
f 12033 12042 12049
f 12040 12033 12049
f 12034 12043 12050
f 12041 12034 12050
f 12042 12035 12051
f 12035 12044 12051
f 12036 12045 12052
f 12043 12036 12052
f 11925 11926 12053
f 12037 11925 12053
f 12044 12037 12053
f 11944 12046 12054
f 12045 12038 12055
f 12038 12047 12055
f 12046 12039 12056
f 12039 12048 12056
f 12040 12049 12057
f 12047 12040 12057
f 12048 12041 12058
f 12041 12050 12058
f 12042 12051 12059
f 12049 12042 12059
f 12043 12052 12060
f 12050 12043 12060
f 12051 12044 12061
f 12044 12053 12061
f 11944 12054 12062
f 12052 12045 12063
f 12045 12055 12063
f 11926 11927 12064
f 12053 11926 12064
f 12054 12046 12065
f 12046 12056 12065
f 12047 12057 12066
f 12055 12047 12066
f 12048 12058 12067
f 12056 12048 12067
f 12049 12059 12068
f 12057 12049 12068
f 12058 12050 12069
f 12050 12060 12069
f 12059 12051 12070
f 12051 12061 12070
f 11944 12062 12071
f 12052 12063 12072
f 12060 12052 12072
f 12061 12053 12073
f 12053 12064 12073
f 12062 12054 12074
f 12054 12065 12074
f 12063 12055 12075
f 12055 12066 12075
f 12065 12056 12076
f 12056 12067 12076
f 12057 12068 12077
f 12066 12057 12077
f 12067 12058 12078
f 12058 12069 12078
f 12059 12070 12079
f 12068 12059 12079
f 11944 12071 12080
f 12069 12060 12081
f 12060 12072 12081
f 12070 12061 12082
f 12061 12073 12082
f 12062 12074 12083
f 12071 12062 12083
f 12063 12075 12084
f 12072 12063 12084
f 12064 11927 12085
f 11927 11928 12085
f 12073 12064 12085
f 12074 12065 12086
f 12065 12076 12086
f 12075 12066 12087
f 12066 12077 12087
f 12067 12078 12088
f 12076 12067 12088
f 12068 12079 12089
f 12077 12068 12089
f 11944 12080 12090
f 12078 12069 12091
f 12069 12081 12091
f 12070 12082 12092
f 12079 12070 12092
f 12080 12071 12093
f 12071 12083 12093
f 12081 12072 12094
f 12072 12084 12094
f 12073 12085 12095
f 12082 12073 12095
f 12074 12086 12096
f 12083 12074 12096
f 12084 12075 12097
f 12075 12087 12097
f 11928 11929 12098
f 11929 11930 12098
f 12085 11928 12098
f 12076 12088 12099
f 12086 12076 12099
f 12077 12089 12100
f 12087 12077 12100
f 11944 12090 12101
f 12088 12078 12102
f 12078 12091 12102
f 12079 12092 12103
f 12089 12079 12103
f 12090 12080 12104
f 12080 12093 12104
f 12081 12094 12105
f 12091 12081 12105
f 12092 12082 12106
f 12082 12095 12106
f 12093 12083 12107
f 12083 12096 12107
f 12084 12097 12108
f 12094 12084 12108
f 12095 12085 12109
f 12085 12098 12109
f 12096 12086 12110
f 12086 12099 12110
f 12087 12100 12111
f 12097 12087 12111
f 11944 12101 12112
f 12088 12102 12113
f 12099 12088 12113
f 12089 12103 12114
f 12100 12089 12114
f 12090 12104 12115
f 12101 12090 12115
f 12102 12091 12116
f 12091 12105 12116
f 12092 12106 12117
f 12103 12092 12117
f 12093 12107 12118
f 12104 12093 12118
f 12105 12094 12119
f 12094 12108 12119
f 12106 12095 12120
f 12095 12109 12120
f 12107 12096 12121
f 12096 12110 12121
f 12108 12097 12122
f 12097 12111 12122
f 11930 11931 12123
f 12098 11930 12123
f 12109 12098 12123
f 11944 12112 12124
f 12099 12113 12125
f 12110 12099 12125
f 12111 12100 12126
f 12100 12114 12126
f 12112 12101 12127
f 12101 12115 12127
f 12113 12102 12128
f 12102 12116 12128
f 12103 12117 12129
f 12114 12103 12129
f 12104 12118 12130
f 12115 12104 12130
f 12116 12105 12131
f 12105 12119 12131
f 12106 12120 12132
f 12117 12106 12132
f 12107 12121 12133
f 12118 12107 12133
f 12119 12108 12134
f 12108 12122 12134
f 12120 12109 12135
f 12109 12123 12135
f 11944 12124 12136
f 12110 12125 12137
f 12121 12110 12137
f 12111 12126 12138
f 12122 12111 12138
f 11931 11932 12139
f 12123 11931 12139
f 12124 12112 12140
f 12112 12127 12140
f 12113 12128 12141
f 12125 12113 12141
f 12114 12129 12142
f 12126 12114 12142
f 12127 12115 12143
f 12115 12130 12143
f 12128 12116 12144
f 12116 12131 12144
f 12129 12117 12145
f 12117 12132 12145
f 12130 12118 12146
f 12118 12133 12146
f 12131 12119 12147
f 12119 12134 12147
f 12120 12135 12148
f 12132 12120 12148
f 11945 11944 12149
f 11946 11945 12149
f 11944 12136 12149
f 12121 12137 12150
f 12133 12121 12150
f 12134 12122 12151
f 12122 12138 12151
f 12135 12123 12152
f 12123 12139 12152
f 12136 12124 12153
f 12124 12140 12153
f 12137 12125 12154
f 12125 12141 12154
f 12138 12126 12155
f 12126 12142 12155
f 12127 12143 12156
f 12140 12127 12156
f 12128 12144 12157
f 12141 12128 12157
f 12142 12129 12158
f 12129 12145 12158
f 12130 12146 12159
f 12143 12130 12159
f 12131 12147 12160
f 12144 12131 12160
f 12145 12132 12161
f 12132 12148 12161
f 12146 12133 12162
f 12133 12150 12162
f 12147 12134 12163
f 12134 12151 12163
f 12148 12135 12164
f 12135 12152 12164
f 11946 12149 12165
f 12149 12136 12165
f 12136 12153 12165
f 11947 11946 12165
f 12150 12137 12166
f 12137 12154 12166
f 12151 12138 12167
f 12138 12155 12167
f 11932 11933 12168
f 12152 12139 12168
f 12139 11932 12168
f 12140 12156 12169
f 12153 12140 12169
f 12154 12141 12170
f 12141 12157 12170
f 12155 12142 12171
f 12142 12158 12171
f 12143 12159 12172
f 12156 12143 12172
f 12157 12144 12173
f 12144 12160 12173
f 12158 12145 12174
f 12145 12161 12174
f 12146 12162 12175
f 12159 12146 12175
f 12160 12147 12176
f 12147 12163 12176
f 12161 12148 12177
f 12148 12164 12177
f 12162 12150 12178
f 12150 12166 12178
f 12163 12151 12179
f 12151 12167 12179
f 12164 12152 12180
f 12152 12168 12180
f 12153 12169 12181
f 12165 12153 12181
f 12154 12170 12182
f 12166 12154 12182
f 12155 12171 12183
f 12167 12155 12183
f 12168 11933 12184
f 11933 11934 12184
f 12169 12156 12185
f 12156 12172 12185
f 12170 12157 12186
f 12157 12173 12186
f 12171 12158 12187
f 12158 12174 12187
f 12172 12159 12188
f 12159 12175 12188
f 12160 12176 12189
f 12173 12160 12189
f 12174 12161 12190
f 12161 12177 12190
f 12175 12162 12191
f 12162 12178 12191
f 12176 12163 12192
f 12163 12179 12192
f 12164 12180 12193
f 12177 12164 12193
f 12165 12181 12194
f 11948 11947 12194
f 11947 12165 12194
f 12166 12182 12195
f 12178 12166 12195
f 12179 12167 12196
f 12167 12183 12196
f 12180 12168 12197
f 12168 12184 12197
f 12169 12185 12198
f 12181 12169 12198
f 12170 12186 12199
f 12182 12170 12199
f 12183 12171 12200
f 12171 12187 12200
f 12185 12172 12201
f 12172 12188 12201
f 12186 12173 12202
f 12173 12189 12202
f 12174 12190 12203
f 12187 12174 12203
f 12175 12191 12204
f 12188 12175 12204
f 12189 12176 12205
f 12176 12192 12205
f 12177 12193 12206
f 12190 12177 12206
f 12191 12178 12207
f 12178 12195 12207
f 12192 12179 12208
f 12179 12196 12208
f 12193 12180 12209
f 12180 12197 12209
f 11949 11948 12210
f 11948 12194 12210
f 12181 12198 12210
f 12194 12181 12210
f 12195 12182 12211
f 12182 12199 12211
f 12183 12200 12212
f 12196 12183 12212
f 12184 11934 12213
f 11934 11935 12213
f 12197 12184 12213
f 12198 12185 12214
f 12185 12201 12214
f 12199 12186 12215
f 12186 12202 12215
f 12187 12203 12216
f 12200 12187 12216
f 12188 12204 12217
f 12201 12188 12217
f 12202 12189 12218
f 12189 12205 12218
f 12203 12190 12219
f 12190 12206 12219
f 12191 12207 12220
f 12204 12191 12220
f 12192 12208 12221
f 12205 12192 12221
f 12206 12193 12222
f 12193 12209 12222
f 12195 12211 12223
f 12207 12195 12223
f 12208 12196 12224
f 12196 12212 12224
f 12197 12213 12225
f 12209 12197 12225
f 12198 12214 12226
f 12210 12198 12226
f 12199 12215 12227
f 12211 12199 12227
f 12200 12216 12228
f 12212 12200 12228
f 11935 11936 12229
f 11936 11937 12229
f 12213 11935 12229
f 12214 12201 12230
f 12201 12217 12230
f 12215 12202 12231
f 12202 12218 12231
f 12203 12219 12232
f 12216 12203 12232
f 12204 12220 12233
f 12217 12204 12233
f 12205 12221 12234
f 12218 12205 12234
f 12219 12206 12235
f 12206 12222 12235
f 12207 12223 12236
f 12220 12207 12236
f 12221 12208 12237
f 12208 12224 12237
f 12209 12225 12238
f 12222 12209 12238
f 11950 11949 12239
f 12210 12226 12239
f 11949 12210 12239
f 12211 12227 12240
f 12223 12211 12240
f 12212 12228 12241
f 12224 12212 12241
f 12213 12229 12242
f 12225 12213 12242
f 12214 12230 12243
f 12226 12214 12243
f 12227 12215 12244
f 12215 12231 12244
f 12228 12216 12245
f 12216 12232 12245
f 12230 12217 12246
f 12217 12233 12246
f 12231 12218 12247
f 12218 12234 12247
f 12219 12235 12248
f 12232 12219 12248
f 12220 12236 12249
f 12233 12220 12249
f 12234 12221 12250
f 12221 12237 12250
f 12235 12222 12251
f 12222 12238 12251
f 12236 12223 12252
f 12223 12240 12252
f 12237 12224 12253
f 12224 12241 12253
f 12225 12242 12254
f 12238 12225 12254
f 12226 12243 12255
f 11951 11950 12255
f 11952 11951 12255
f 11950 12239 12255
f 12239 12226 12255
f 12227 12244 12256
f 12240 12227 12256
f 12241 12228 12257
f 12228 12245 12257
f 12242 12229 12258
f 11937 11938 12258
f 12229 11937 12258
f 12243 12230 12259
f 12230 12246 12259
f 12231 12247 12260
f 12244 12231 12260
f 12245 12232 12261
f 12232 12248 12261
f 12233 12249 12262
f 12246 12233 12262
f 12247 12234 12263
f 12234 12250 12263
f 12248 12235 12264
f 12235 12251 12264
f 12236 12252 12265
f 12249 12236 12265
f 12250 12237 12266
f 12237 12253 12266
f 12251 12238 12267
f 12238 12254 12267
f 12252 12240 12268
f 12240 12256 12268
f 12241 12257 12269
f 12253 12241 12269
f 12242 12258 12270
f 12254 12242 12270
f 12243 12259 12271
f 12255 12243 12271
f 12244 12260 12272
f 12256 12244 12272
f 12257 12245 12273
f 12245 12261 12273
f 11938 11939 12274
f 12258 11938 12274
f 12246 12262 12275
f 12259 12246 12275
f 12260 12247 12276
f 12247 12263 12276
f 12248 12264 12277
f 12261 12248 12277
f 12262 12249 12278
f 12249 12265 12278
f 12263 12250 12279
f 12250 12266 12279
f 12264 12251 12280
f 12251 12267 12280
f 12265 12252 12281
f 12252 12268 12281
f 12266 12253 12282
f 12253 12269 12282
f 12267 12254 12283
f 12254 12270 12283
f 11952 12255 12284
f 11953 11952 12284
f 12255 12271 12284
f 12268 12256 12285
f 12256 12272 12285
f 12257 12273 12286
f 12269 12257 12286
f 12258 12274 12287
f 12270 12258 12287
f 12259 12275 12288
f 12271 12259 12288
f 12260 12276 12289
f 12272 12260 12289
f 12273 12261 12290
f 12261 12277 12290
f 12275 12262 12291
f 12262 12278 12291
f 12276 12263 12292
f 12263 12279 12292
f 12264 12280 12293
f 12277 12264 12293
f 12265 12281 12294
f 12278 12265 12294
f 12266 12282 12295
f 12279 12266 12295
f 12280 12267 12296
f 12267 12283 12296
f 12281 12268 12297
f 12268 12285 12297
f 12282 12269 12298
f 12269 12286 12298
f 12270 12287 12299
f 12283 12270 12299
f 11953 12284 12300
f 12284 12271 12300
f 12271 12288 12300
f 11954 11953 12300
f 12285 12272 12301
f 12272 12289 12301
f 12286 12273 12302
f 12273 12290 12302
f 12287 12274 12303
f 11939 11940 12303
f 12274 11939 12303
f 12288 12275 12304
f 12275 12291 12304
f 12276 12292 12305
f 12289 12276 12305
f 12277 12293 12306
f 12290 12277 12306
f 12278 12294 12307
f 12291 12278 12307
f 12279 12295 12308
f 12292 12279 12308
f 12280 12296 12309
f 12293 12280 12309
f 12281 12297 12310
f 12294 12281 12310
f 12295 12282 12311
f 12282 12298 12311
f 12296 12283 12312
f 12283 12299 12312
f 12285 12301 12313
f 12297 12285 12313
f 12286 12302 12314
f 12298 12286 12314
f 12287 12303 12315
f 12299 12287 12315
f 12300 12288 12316
f 12288 12304 12316
f 12301 12289 12317
f 12289 12305 12317
f 12290 12306 12318
f 12302 12290 12318
f 11940 11941 12319
f 12303 11940 12319
f 12304 12291 12320
f 12291 12307 12320
f 12305 12292 12321
f 12292 12308 12321
f 12306 12293 12322
f 12293 12309 12322
f 12294 12310 12323
f 12307 12294 12323
f 12308 12295 12324
f 12295 12311 12324
f 12309 12296 12325
f 12296 12312 12325
f 12310 12297 12326
f 12297 12313 12326
f 12311 12298 12327
f 12298 12314 12327
f 12299 12315 12328
f 12312 12299 12328
f 12300 12316 12329
f 11955 11954 12329
f 11954 12300 12329
f 12301 12317 12330
f 12313 12301 12330
f 12314 12302 12331
f 12302 12318 12331
f 12303 12319 12332
f 12315 12303 12332
f 12316 12304 12333
f 12304 12320 12333
f 12317 12305 12334
f 12305 12321 12334
f 12306 12322 12335
f 12318 12306 12335
f 12320 12307 12336
f 12307 12323 12336
f 12321 12308 12337
f 12308 12324 12337
f 12309 12325 12338
f 12322 12309 12338
f 12323 12310 12339
f 12310 12326 12339
f 12324 12311 12340
f 12311 12327 12340
f 12325 12312 12341
f 12312 12328 12341
f 12313 12330 12342
f 12326 12313 12342
f 12314 12331 12343
f 12327 12314 12343
f 12328 12315 12344
f 12315 12332 12344
f 12316 12333 12345
f 11956 11955 12345
f 11955 12329 12345
f 12329 12316 12345
f 12317 12334 12346
f 12330 12317 12346
f 12318 12335 12347
f 12331 12318 12347
f 12319 11941 12348
f 11941 11942 12348
f 12332 12319 12348
f 11972 11973 12348
f 11942 11972 12348
f 12333 12320 12349
f 12320 12336 12349
f 12321 12337 12350
f 12334 12321 12350
f 12322 12338 12351
f 12335 12322 12351
f 12336 12323 12352
f 12323 12339 12352
f 12324 12340 12353
f 12337 12324 12353
f 12325 12341 12354
f 12338 12325 12354
f 12339 12326 12355
f 12326 12342 12355
f 12340 12327 12356
f 12327 12343 12356
f 12328 12344 12357
f 12341 12328 12357
f 12342 12330 12358
f 12330 12346 12358
f 12331 12347 12359
f 12343 12331 12359
f 12348 11973 12360
f 12332 12348 12360
f 12344 12332 12360
f 11973 11974 12360
f 12333 12349 12361
f 12345 12333 12361
f 12334 12350 12362
f 12346 12334 12362
f 12347 12335 12363
f 12335 12351 12363
f 12336 12352 12364
f 12349 12336 12364
f 12337 12353 12365
f 12350 12337 12365
f 12338 12354 12366
f 12351 12338 12366
f 12339 12355 12367
f 12352 12339 12367
f 12353 12340 12368
f 12340 12356 12368
f 12341 12357 12369
f 12354 12341 12369
f 12355 12342 12370
f 12342 12358 12370
f 12343 12359 12371
f 12356 12343 12371
f 12357 12344 12372
f 12360 11974 12372
f 11974 11975 12372
f 12344 12360 12372
f 12345 12361 12373
f 11957 11956 12373
f 11958 11957 12373
f 11956 12345 12373
f 12346 12362 12374
f 12358 12346 12374
f 12347 12363 12375
f 12359 12347 12375
f 12361 12349 12376
f 12349 12364 12376
f 12362 12350 12377
f 12350 12365 12377
f 12363 12351 12378
f 12351 12366 12378
f 12352 12367 12379
f 12364 12352 12379
f 12365 12353 12380
f 12353 12368 12380
f 12366 12354 12381
f 12354 12369 12381
f 12355 12370 12382
f 12367 12355 12382
f 12356 12371 12383
f 12368 12356 12383
f 12369 12357 12384
f 11975 11976 12384
f 12372 11975 12384
f 12357 12372 12384
f 12370 12358 12385
f 12358 12374 12385
f 12371 12359 12386
f 12359 12375 12386
f 12373 12361 12387
f 11959 11958 12387
f 12361 12376 12387
f 11958 12373 12387
f 12374 12362 12388
f 12362 12377 12388
f 12375 12363 12389
f 12363 12378 12389
f 12376 12364 12390
f 12364 12379 12390
f 12365 12380 12391
f 12377 12365 12391
f 12378 12366 12392
f 12366 12381 12392
f 12367 12382 12393
f 12379 12367 12393
f 12368 12383 12394
f 12380 12368 12394
f 12381 12369 12395
f 11976 11977 12395
f 12369 12384 12395
f 12384 11976 12395
f 12370 12385 12396
f 12382 12370 12396
f 12383 12371 12397
f 12371 12386 12397
f 12385 12374 12398
f 12374 12388 12398
f 12386 12375 12399
f 12375 12389 12399
f 12387 12376 12400
f 12376 12390 12400
f 12388 12377 12401
f 12377 12391 12401
f 12389 12378 12402
f 12378 12392 12402
f 12379 12393 12403
f 12390 12379 12403
f 12380 12394 12404
f 12391 12380 12404
f 12395 11977 12405
f 12381 12395 12405
f 12392 12381 12405
f 11977 11978 12405
f 11978 11979 12405
f 12382 12396 12406
f 12393 12382 12406
f 12394 12383 12407
f 12383 12397 12407
f 12396 12385 12408
f 12385 12398 12408
f 12397 12386 12409
f 12386 12399 12409
f 11959 12387 12410
f 12387 12400 12410
f 11960 11959 12410
f 12388 12401 12411
f 12398 12388 12411
f 12399 12389 12412
f 12389 12402 12412
f 12400 12390 12413
f 12390 12403 12413
f 12391 12404 12414
f 12401 12391 12414
f 12402 12392 12415
f 11979 11980 12415
f 12392 12405 12415
f 12405 11979 12415
f 12403 12393 12416
f 12393 12406 12416
f 12394 12407 12417
f 12404 12394 12417
f 12406 12396 12418
f 12396 12408 12418
f 12397 12409 12419
f 12407 12397 12419
f 12408 12398 12420
f 12398 12411 12420
f 12409 12399 12421
f 12399 12412 12421
f 11961 11960 12422
f 12410 12400 12422
f 11960 12410 12422
f 12400 12413 12422
f 12411 12401 12423
f 12401 12414 12423
f 12402 12415 12424
f 12412 12402 12424
f 11980 11981 12424
f 12415 11980 12424
f 12403 12416 12425
f 12413 12403 12425
f 12414 12404 12426
f 12404 12417 12426
f 12406 12418 12427
f 12416 12406 12427
f 12407 12419 12428
f 12417 12407 12428
f 12418 12408 12429
f 12408 12420 12429
f 12409 12421 12430
f 12419 12409 12430
f 12420 12411 12431
f 12411 12423 12431
f 12424 11981 12432
f 12421 12412 12432
f 11981 11982 12432
f 12412 12424 12432
f 12413 12425 12433
f 12422 12413 12433
f 12414 12426 12434
f 12423 12414 12434
f 12416 12427 12435
f 12425 12416 12435
f 12417 12428 12436
f 12426 12417 12436
f 12427 12418 12437
f 12418 12429 12437
f 12419 12430 12438
f 12428 12419 12438
f 12420 12431 12439
f 12429 12420 12439
f 12430 12421 12440
f 12421 12432 12440
f 12432 11982 12440
f 11982 11983 12440
f 11961 12422 12441
f 12422 12433 12441
f 11962 11961 12441
f 12423 12434 12442
f 12431 12423 12442
f 12433 12425 12443
f 12425 12435 12443
f 12434 12426 12444
f 12426 12436 12444
f 12435 12427 12445
f 12427 12437 12445
f 12428 12438 12446
f 12436 12428 12446
f 12437 12429 12447
f 12429 12439 12447
f 12430 12440 12448
f 12438 12430 12448
f 11983 11984 12448
f 12440 11983 12448
f 12431 12442 12449
f 12439 12431 12449
f 11963 11962 12450
f 12441 12433 12450
f 11962 12441 12450
f 12433 12443 12450
f 12442 12434 12451
f 12434 12444 12451
f 12435 12445 12452
f 12443 12435 12452
f 12444 12436 12453
f 12436 12446 12453
f 12445 12437 12454
f 12437 12447 12454
f 12448 11984 12455
f 12446 12438 12455
f 11984 11985 12455
f 11985 11986 12455
f 12438 12448 12455
f 12439 12449 12456
f 12447 12439 12456
f 12442 12451 12457
f 12449 12442 12457
f 12450 12443 12458
f 12443 12452 12458
f 12451 12444 12459
f 12444 12453 12459
f 12445 12454 12460
f 12452 12445 12460
f 12446 12455 12461
f 12455 11986 12461
f 11986 11987 12461
f 12453 12446 12461
f 12454 12447 12462
f 12447 12456 12462
f 12456 12449 12463
f 12449 12457 12463
f 12450 12458 12464
f 11964 11963 12464
f 11965 11964 12464
f 11963 12450 12464
f 12451 12459 12465
f 12457 12451 12465
f 12452 12460 12466
f 12458 12452 12466
f 12459 12453 12467
f 12461 11987 12467
f 11987 11988 12467
f 12453 12461 12467
f 12454 12462 12468
f 12460 12454 12468
f 12462 12456 12469
f 12456 12463 12469
f 12463 12457 12470
f 12457 12465 12470
f 12464 12458 12471
f 12458 12466 12471
f 11965 12464 12471
f 11966 11965 12471
f 12465 12459 12472
f 12459 12467 12472
f 12467 11988 12472
f 11988 11989 12472
f 12460 12468 12473
f 12466 12460 12473
f 12462 12469 12474
f 12468 12462 12474
f 12469 12463 12475
f 12463 12470 12475
f 12470 12465 12476
f 12465 12472 12476
f 12472 11989 12476
f 11989 11990 12476
f 12466 12473 12477
f 12471 12466 12477
f 12468 12474 12478
f 12473 12468 12478
f 12474 12469 12479
f 12469 12475 12479
f 12470 12476 12480
f 12475 12470 12480
f 11990 11991 12480
f 11991 11992 12480
f 12476 11990 12480
f 11967 11966 12481
f 11966 12471 12481
f 12471 12477 12481
f 12473 12478 12482
f 12477 12473 12482
f 12474 12479 12483
f 12478 12474 12483
f 12479 12475 12484
f 11992 11993 12484
f 12475 12480 12484
f 12480 11992 12484
f 11968 11967 12485
f 11967 12481 12485
f 12481 12477 12485
f 12477 12482 12485
f 12478 12483 12486
f 12482 12478 12486
f 12483 12479 12487
f 12484 11993 12487
f 11993 11994 12487
f 12479 12484 12487
f 12485 12482 12488
f 12482 12486 12488
f 12483 12487 12489
f 12487 11994 12489
f 12486 12483 12489
f 11994 11995 12489
f 11968 12485 12490
f 12485 12488 12490
f 11969 11968 12490
f 12486 12489 12491
f 12489 11995 12491
f 11995 11996 12491
f 12488 12486 12491
f 12488 12491 12492
f 12490 12488 12492
f 11969 12490 12492
f 12491 11996 12492
f 11997 11970 12492
f 11970 11969 12492
f 11996 11997 12492
