v -0.057500 0.002 -0.002000
v -0.057500 0.002 0.002000
v -0.057500 -0.002 -0.002000
v -0.057500 -0.002 0.002000
v -0.057500 0.002 -0.002000
v -0.057500 0.002 0.002000
v -0.057493 0.002233 -0.002000
v -0.057473 0.002464 -0.002000
v -0.057439 0.002695 -0.002000
v -0.057392 0.002922 -0.002000
v -0.057332 0.003147 -0.002000
v -0.057259 0.003368 -0.002000
v -0.057173 0.003584 -0.002000
v -0.057075 0.003795 -0.002000
v -0.056964 0.004 -0.002000
v -0.056842 0.004198 -0.002000
v -0.056708 0.004389 -0.002000
v -0.056564 0.004571 -0.002000
v -0.056409 0.004745 -0.002000
v -0.056245 0.004909 -0.002000
v -0.056071 0.005064 -0.002000
v -0.055889 0.005208 -0.002000
v -0.055698 0.005342 -0.002000
v -0.055500 0.005464 -0.002000
v -0.055295 0.005575 -0.002000
v -0.055084 0.005673 -0.002000
v -0.054868 0.005759 -0.002000
v -0.054647 0.005832 -0.002000
v -0.054422 0.005892 -0.002000
v -0.054195 0.005939 -0.002000
v -0.053964 0.005973 -0.002000
v -0.053733 0.005993 -0.002000
v -0.053500 0.006 -0.002000
v -0.053500 0.006 0.002000
v -0.057493 0.002233 0.002000
v -0.057473 0.002464 0.002000
v -0.057439 0.002695 0.002000
v -0.057392 0.002922 0.002000
v -0.057332 0.003147 0.002000
v -0.057259 0.003368 0.002000
v -0.057173 0.003584 0.002000
v -0.057075 0.003795 0.002000
v -0.056964 0.004 0.002000
v -0.056842 0.004198 0.002000
v -0.056708 0.004389 0.002000
v -0.056564 0.004571 0.002000
v -0.056409 0.004745 0.002000
v -0.056245 0.004909 0.002000
v -0.056071 0.005064 0.002000
v -0.055889 0.005208 0.002000
v -0.055698 0.005342 0.002000
v -0.055500 0.005464 0.002000
v -0.055295 0.005575 0.002000
v -0.055084 0.005673 0.002000
v -0.054868 0.005759 0.002000
v -0.054647 0.005832 0.002000
v -0.054422 0.005892 0.002000
v -0.054195 0.005939 0.002000
v -0.053964 0.005973 0.002000
v -0.053733 0.005993 0.002000
v -0.053500 0.002 -0.006000
v -0.053733 0.002 -0.005993
v -0.053964 0.002 -0.005973
v -0.054195 0.002 -0.005939
v -0.054422 0.002 -0.005892
v -0.054647 0.002 -0.005832
v -0.054868 0.002 -0.005759
v -0.055084 0.002 -0.005673
v -0.055295 0.002 -0.005575
v -0.055500 0.002 -0.005464
v -0.055698 0.002 -0.005342
v -0.055889 0.002 -0.005208
v -0.056071 0.002 -0.005064
v -0.056245 0.002 -0.004909
v -0.056409 0.002 -0.004745
v -0.056564 0.002 -0.004571
v -0.056708 0.002 -0.004389
v -0.056842 0.002 -0.004198
v -0.056964 0.002 -0.004000
v -0.057075 0.002 -0.003795
v -0.057173 0.002 -0.003584
v -0.057259 0.002 -0.003368
v -0.057332 0.002 -0.003147
v -0.057392 0.002 -0.002922
v -0.057439 0.002 -0.002695
v -0.057473 0.002 -0.002464
v -0.057493 0.002 -0.002233
v -0.057500 0.002 -0.002000
v -0.053500 -0.002 -0.006000
v -0.053733 -0.002 -0.005993
v -0.053964 -0.002 -0.005973
v -0.054195 -0.002 -0.005939
v -0.054422 -0.002 -0.005892
v -0.054647 -0.002 -0.005832
v -0.054868 -0.002 -0.005759
v -0.055084 -0.002 -0.005673
v -0.055295 -0.002 -0.005575
v -0.055500 -0.002 -0.005464
v -0.055698 -0.002 -0.005342
v -0.055889 -0.002 -0.005208
v -0.056071 -0.002 -0.005064
v -0.056245 -0.002 -0.004909
v -0.056409 -0.002 -0.004745
v -0.056564 -0.002 -0.004571
v -0.056708 -0.002 -0.004389
v -0.056842 -0.002 -0.004198
v -0.056964 -0.002 -0.004000
v -0.057075 -0.002 -0.003795
v -0.057173 -0.002 -0.003584
v -0.057259 -0.002 -0.003368
v -0.057332 -0.002 -0.003147
v -0.057392 -0.002 -0.002922
v -0.057439 -0.002 -0.002695
v -0.057473 -0.002 -0.002464
v -0.057493 -0.002 -0.002233
v -0.057500 -0.002 -0.002000
v -0.053500 0.002 0.006000
v -0.053733 0.002 0.005993
v -0.053964 0.002 0.005973
v -0.054195 0.002 0.005939
v -0.054422 0.002 0.005892
v -0.054647 0.002 0.005832
v -0.054868 0.002 0.005759
v -0.055084 0.002 0.005673
v -0.055295 0.002 0.005575
v -0.055500 0.002 0.005464
v -0.055698 0.002 0.005342
v -0.055889 0.002 0.005208
v -0.056071 0.002 0.005064
v -0.056245 0.002 0.004909
v -0.056409 0.002 0.004745
v -0.056564 0.002 0.004571
v -0.056708 0.002 0.004389
v -0.056842 0.002 0.004198
v -0.056964 0.002 0.004000
v -0.057075 0.002 0.003795
v -0.057173 0.002 0.003584
v -0.057259 0.002 0.003368
v -0.057332 0.002 0.003147
v -0.057392 0.002 0.002922
v -0.057439 0.002 0.002695
v -0.057473 0.002 0.002464
v -0.057493 0.002 0.002233
v -0.057500 0.002 0.002000
v -0.053500 -0.002 0.006000
v -0.057500 -0.002 0.002000
v -0.057493 -0.002 0.002233
v -0.057473 -0.002 0.002464
v -0.057439 -0.002 0.002695
v -0.057392 -0.002 0.002922
v -0.057332 -0.002 0.003147
v -0.057259 -0.002 0.003368
v -0.057173 -0.002 0.003584
v -0.057075 -0.002 0.003795
v -0.056964 -0.002 0.004000
v -0.056842 -0.002 0.004198
v -0.056708 -0.002 0.004389
v -0.056564 -0.002 0.004571
v -0.056409 -0.002 0.004745
v -0.056245 -0.002 0.004909
v -0.056071 -0.002 0.005064
v -0.055889 -0.002 0.005208
v -0.055698 -0.002 0.005342
v -0.055500 -0.002 0.005464
v -0.055295 -0.002 0.005575
v -0.055084 -0.002 0.005673
v -0.054868 -0.002 0.005759
v -0.054647 -0.002 0.005832
v -0.054422 -0.002 0.005892
v -0.054195 -0.002 0.005939
v -0.053964 -0.002 0.005973
v -0.053733 -0.002 0.005993
v -0.057500 -0.002 -0.002000
v -0.057500 -0.002 0.002000
v -0.057493 -0.002233 -0.002000
v -0.057473 -0.002464 -0.002000
v -0.057439 -0.002695 -0.002000
v -0.057392 -0.002922 -0.002000
v -0.057332 -0.003147 -0.002000
v -0.057259 -0.003368 -0.002000
v -0.057173 -0.003584 -0.002000
v -0.057075 -0.003795 -0.002000
v -0.056964 -0.004 -0.002000
v -0.056842 -0.004198 -0.002000
v -0.056708 -0.004389 -0.002000
v -0.056564 -0.004571 -0.002000
v -0.056409 -0.004745 -0.002000
v -0.056245 -0.004909 -0.002000
v -0.056071 -0.005064 -0.002000
v -0.055889 -0.005208 -0.002000
v -0.055698 -0.005342 -0.002000
v -0.055500 -0.005464 -0.002000
v -0.055295 -0.005575 -0.002000
v -0.055084 -0.005673 -0.002000
v -0.054868 -0.005759 -0.002000
v -0.054647 -0.005832 -0.002000
v -0.054422 -0.005892 -0.002000
v -0.054195 -0.005939 -0.002000
v -0.053964 -0.005973 -0.002000
v -0.053733 -0.005993 -0.002000
v -0.053500 -0.006 -0.002000
v -0.053500 -0.006 0.002000
v -0.053733 -0.005993 0.002000
v -0.053964 -0.005973 0.002000
v -0.054195 -0.005939 0.002000
v -0.054422 -0.005892 0.002000
v -0.054647 -0.005832 0.002000
v -0.054868 -0.005759 0.002000
v -0.055084 -0.005673 0.002000
v -0.055295 -0.005575 0.002000
v -0.055500 -0.005464 0.002000
v -0.055698 -0.005342 0.002000
v -0.055889 -0.005208 0.002000
v -0.056071 -0.005064 0.002000
v -0.056245 -0.004909 0.002000
v -0.056409 -0.004745 0.002000
v -0.056564 -0.004571 0.002000
v -0.056708 -0.004389 0.002000
v -0.056842 -0.004198 0.002000
v -0.056964 -0.004 0.002000
v -0.057075 -0.003795 0.002000
v -0.057173 -0.003584 0.002000
v -0.057259 -0.003368 0.002000
v -0.057332 -0.003147 0.002000
v -0.057392 -0.002922 0.002000
v -0.057439 -0.002695 0.002000
v -0.057473 -0.002464 0.002000
v -0.057493 -0.002233 0.002000
v -0.053500 0.002 -0.006000
v -0.053733 0.002 -0.005993
v -0.053964 0.002 -0.005973
v -0.054195 0.002 -0.005939
v -0.054422 0.002 -0.005892
v -0.054647 0.002 -0.005832
v -0.054868 0.002 -0.005759
v -0.055084 0.002 -0.005673
v -0.055295 0.002 -0.005575
v -0.055500 0.002 -0.005464
v -0.055698 0.002 -0.005342
v -0.055889 0.002 -0.005208
v -0.056071 0.002 -0.005064
v -0.056245 0.002 -0.004909
v -0.056409 0.002 -0.004745
v -0.056564 0.002 -0.004571
v -0.056708 0.002 -0.004389
v -0.056842 0.002 -0.004198
v -0.056964 0.002 -0.004000
v -0.057075 0.002 -0.003795
v -0.057173 0.002 -0.003584
v -0.057259 0.002 -0.003368
v -0.057332 0.002 -0.003147
v -0.057392 0.002 -0.002922
v -0.057439 0.002 -0.002695
v -0.057473 0.002 -0.002464
v -0.057493 0.002 -0.002233
v -0.057500 0.002 -0.002000
v -0.053500 0.002 -0.006000
v -0.053500 0.002233 -0.005993
v -0.053500 0.002464 -0.005973
v -0.053500 0.002695 -0.005939
v -0.053500 0.002922 -0.005892
v -0.053500 0.003147 -0.005832
v -0.053500 0.003368 -0.005759
v -0.053500 0.003584 -0.005673
v -0.053500 0.003795 -0.005575
v -0.053500 0.004 -0.005464
v -0.053500 0.004198 -0.005342
v -0.053500 0.004389 -0.005208
v -0.053500 0.004571 -0.005064
v -0.053500 0.004745 -0.004909
v -0.053500 0.004909 -0.004745
v -0.053500 0.005064 -0.004571
v -0.053500 0.005208 -0.004389
v -0.053500 0.005342 -0.004198
v -0.053500 0.005464 -0.004000
v -0.053500 0.005575 -0.003795
v -0.053500 0.005673 -0.003584
v -0.053500 0.005759 -0.003368
v -0.053500 0.005832 -0.003147
v -0.053500 0.005892 -0.002922
v -0.053500 0.005939 -0.002695
v -0.053500 0.005973 -0.002464
v -0.053500 0.005993 -0.002233
v -0.053500 0.006 -0.002000
v -0.057493 0.002233 -0.002000
v -0.057473 0.002464 -0.002000
v -0.057439 0.002695 -0.002000
v -0.057392 0.002922 -0.002000
v -0.057332 0.003147 -0.002000
v -0.057259 0.003368 -0.002000
v -0.057173 0.003584 -0.002000
v -0.057075 0.003795 -0.002000
v -0.056964 0.004 -0.002000
v -0.056842 0.004198 -0.002000
v -0.056708 0.004389 -0.002000
v -0.056564 0.004571 -0.002000
v -0.056409 0.004745 -0.002000
v -0.056245 0.004909 -0.002000
v -0.056071 0.005064 -0.002000
v -0.055889 0.005208 -0.002000
v -0.055698 0.005342 -0.002000
v -0.055500 0.005464 -0.002000
v -0.055295 0.005575 -0.002000
v -0.055084 0.005673 -0.002000
v -0.054868 0.005759 -0.002000
v -0.054647 0.005832 -0.002000
v -0.054422 0.005892 -0.002000
v -0.054195 0.005939 -0.002000
v -0.053964 0.005973 -0.002000
v -0.053733 0.005993 -0.002000
v -0.053716 0.002006 -0.005994
v -0.053716 0.002018 -0.005994
v -0.053715 0.002029 -0.005994
v -0.053932 0.002023 -0.005977
v -0.053713 0.002041 -0.005994
v -0.053930 0.002047 -0.005977
v -0.054147 0.002018 -0.005947
v -0.053710 0.002052 -0.005994
v -0.053927 0.00207 -0.005977
v -0.054145 0.002053 -0.005947
v -0.053707 0.002064 -0.005994
v -0.053922 0.002093 -0.005977
v -0.054141 0.002087 -0.005947
v -0.054359 0.002047 -0.005906
v -0.053703 0.002075 -0.005994
v -0.053917 0.002116 -0.005977
v -0.054136 0.002122 -0.005947
v -0.054355 0.002093 -0.005906
v -0.053699 0.002086 -0.005994
v -0.054570 0.002029 -0.005854
v -0.053910 0.002138 -0.005977
v -0.054128 0.002156 -0.005947
v -0.054349 0.002139 -0.005906
v -0.053694 0.002096 -0.005994
v -0.054567 0.002087 -0.005854
v -0.053902 0.00216 -0.005977
v -0.054119 0.00219 -0.005947
v -0.054340 0.002185 -0.005906
v -0.053689 0.002107 -0.005994
v -0.054560 0.002144 -0.005854
v -0.053893 0.002182 -0.005977
v -0.054775 0.002069 -0.005791
v -0.054107 0.002223 -0.005947
v -0.054329 0.00223 -0.005906
v -0.053682 0.002117 -0.005994
v -0.054551 0.002202 -0.005854
v -0.053882 0.002203 -0.005977
v -0.054770 0.002138 -0.005791
v -0.054094 0.002256 -0.005947
v -0.054980 0.00204 -0.005716
v -0.054315 0.002275 -0.005906
v -0.053676 0.002126 -0.005994
v -0.054538 0.002258 -0.005854
v -0.053871 0.002223 -0.005977
v -0.054760 0.002207 -0.005791
v -0.054080 0.002288 -0.005947
v -0.054976 0.00212 -0.005716
v -0.054299 0.002318 -0.005906
v -0.053669 0.002136 -0.005994
v -0.054523 0.002314 -0.005854
v -0.053858 0.002243 -0.005977
v -0.054747 0.002275 -0.005791
v -0.054063 0.002318 -0.005947
v -0.054967 0.0022 -0.005716
v -0.054280 0.002361 -0.005906
v -0.055177 0.002091 -0.005630
v -0.053661 0.002145 -0.005994
v -0.054504 0.002369 -0.005854
v -0.053844 0.002262 -0.005977
v -0.054731 0.002342 -0.005791
v -0.054045 0.002349 -0.005947
v -0.054954 0.002279 -0.005716
v -0.054260 0.002403 -0.005906
v -0.055170 0.002182 -0.005630
v -0.053653 0.002153 -0.005994
v -0.054483 0.002423 -0.005854
v -0.055373 0.002051 -0.005534
v -0.053830 0.00228 -0.005977
v -0.054710 0.002408 -0.005791
v -0.054026 0.002378 -0.005947
v -0.054937 0.002357 -0.005716
v -0.054237 0.002443 -0.005906
v -0.055157 0.002272 -0.005630
v -0.053645 0.002161 -0.005994
v -0.054459 0.002475 -0.005854
v -0.055367 0.002152 -0.005534
v -0.053814 0.002297 -0.005977
v -0.054686 0.002473 -0.005791
v -0.054004 0.002405 -0.005947
v -0.054915 0.002435 -0.005716
v -0.054212 0.002483 -0.005906
v -0.055140 0.002361 -0.005630
v -0.053636 0.002169 -0.005994
v -0.054432 0.002527 -0.005854
v -0.055356 0.002253 -0.005534
v -0.053797 0.002314 -0.005977
v -0.054659 0.002536 -0.005791
v -0.055559 0.002112 -0.005427
v -0.053982 0.002432 -0.005947
v -0.054890 0.002511 -0.005716
v -0.054185 0.00252 -0.005906
v -0.055118 0.002449 -0.005630
v -0.053626 0.002176 -0.005994
v -0.054402 0.002576 -0.005854
v -0.055340 0.002353 -0.005534
v -0.053780 0.00233 -0.005977
v -0.054628 0.002598 -0.005791
v -0.055550 0.002223 -0.005427
v -0.053958 0.002458 -0.005947
v -0.054860 0.002585 -0.005716
v -0.055744 0.002061 -0.005311
v -0.054155 0.002557 -0.005906
v -0.055092 0.002536 -0.005630
v -0.053617 0.002182 -0.005994
v -0.054369 0.002624 -0.005854
v -0.055318 0.002452 -0.005534
v -0.053762 0.002344 -0.005977
v -0.054594 0.002658 -0.005791
v -0.055535 0.002334 -0.005427
v -0.053932 0.002482 -0.005947
v -0.054826 0.002658 -0.005716
v -0.055737 0.002182 -0.005311
v -0.054124 0.002591 -0.005906
v -0.055060 0.002622 -0.005630
v -0.053607 0.002189 -0.005994
v -0.054334 0.00267 -0.005854
v -0.055291 0.00255 -0.005534
v -0.053743 0.002358 -0.005977
v -0.054557 0.002717 -0.005791
v -0.055514 0.002443 -0.005427
v -0.053905 0.002504 -0.005947
v -0.054789 0.002729 -0.005716
v -0.055724 0.002303 -0.005311
v -0.054091 0.002624 -0.005906
v -0.055024 0.002705 -0.005630
v -0.055917 0.002131 -0.005184
v -0.053596 0.002194 -0.005994
v -0.054297 0.002715 -0.005854
v -0.055259 0.002646 -0.005534
v -0.053723 0.002371 -0.005977
v -0.054517 0.002773 -0.005791
v -0.055487 0.002552 -0.005427
v -0.053878 0.002526 -0.005947
v -0.054747 0.002797 -0.005716
v -0.055705 0.002423 -0.005311
v -0.054057 0.002655 -0.005906
v -0.054984 0.002787 -0.005630
v -0.055907 0.002262 -0.005184
v -0.053586 0.002199 -0.005994
v -0.054257 0.002757 -0.005854
v -0.055221 0.00274 -0.005534
v -0.056089 0.00207 -0.005049
v -0.053703 0.002382 -0.005977
v -0.054473 0.002827 -0.005791
v -0.055454 0.002658 -0.005427
v -0.053849 0.002545 -0.005947
v -0.054702 0.002864 -0.005716
v -0.055678 0.002542 -0.005311
v -0.054020 0.002685 -0.005906
v -0.054939 0.002866 -0.005630
v -0.055889 0.002392 -0.005184
v -0.053575 0.002203 -0.005994
v -0.054215 0.002797 -0.005854
v -0.055179 0.002832 -0.005534
v -0.056081 0.00221 -0.005049
v -0.053682 0.002393 -0.005977
v -0.054427 0.002878 -0.005791
v -0.055416 0.002763 -0.005427
v -0.053818 0.002563 -0.005947
v -0.054654 0.002928 -0.005716
v -0.055646 0.002659 -0.005311
v -0.053983 0.002712 -0.005906
v -0.054890 0.002943 -0.005630
v -0.055864 0.00252 -0.005184
v -0.053564 0.002207 -0.005994
v -0.054170 0.002834 -0.005854
v -0.055131 0.002922 -0.005534
v -0.056066 0.00235 -0.005049
v -0.053660 0.002402 -0.005977
v -0.054378 0.002927 -0.005791
v -0.055372 0.002866 -0.005427
v -0.056247 0.002149 -0.004904
v -0.053788 0.00258 -0.005947
v -0.054602 0.002989 -0.005716
v -0.055607 0.002774 -0.005311
v -0.053943 0.002737 -0.005906
v -0.054837 0.003016 -0.005630
v -0.055832 0.002648 -0.005184
v -0.053552 0.00221 -0.005994
v -0.054124 0.002869 -0.005854
v -0.055079 0.003009 -0.005534
v -0.056043 0.002488 -0.005049
v -0.053638 0.00241 -0.005977
v -0.054327 0.002973 -0.005791
v -0.055322 0.002966 -0.005427
v -0.056235 0.002297 -0.004904
v -0.053756 0.002594 -0.005947
v -0.054547 0.003047 -0.005716
v -0.055562 0.002887 -0.005311
v -0.056403 0.002079 -0.004751
v -0.053903 0.00276 -0.005906
v -0.054780 0.003087 -0.005630
v -0.055794 0.002773 -0.005184
v -0.053541 0.002213 -0.005994
v -0.054076 0.002902 -0.005854
v -0.055022 0.003093 -0.005534
v -0.056013 0.002625 -0.005049
v -0.053616 0.002417 -0.005977
v -0.054273 0.003017 -0.005791
v -0.055267 0.003063 -0.005427
v -0.056215 0.002445 -0.004904
v -0.053723 0.002607 -0.005947
v -0.054489 0.003102 -0.005716
v -0.055511 0.002997 -0.005311
v -0.056394 0.002236 -0.004751
v -0.053861 0.00278 -0.005906
v -0.054719 0.003155 -0.005630
v -0.055749 0.002896 -0.005184
v -0.053529 0.002215 -0.005994
v -0.054027 0.002932 -0.005854
v -0.054960 0.003174 -0.005534
v -0.055975 0.00276 -0.005049
v -0.053593 0.002422 -0.005977
v -0.054217 0.003057 -0.005791
v -0.055207 0.003157 -0.005427
v -0.056186 0.002591 -0.004904
v -0.053690 0.002619 -0.005947
v -0.054428 0.003154 -0.005716
v -0.055454 0.003105 -0.005311
v -0.056377 0.002392 -0.004751
v -0.053818 0.002799 -0.005906
v -0.054655 0.003219 -0.005630
v -0.055697 0.003016 -0.005184
v -0.056544 0.002165 -0.004590
v -0.053518 0.002216 -0.005994
v -0.053975 0.002959 -0.005854
v -0.054895 0.003251 -0.005534
v -0.055931 0.002893 -0.005049
v -0.053570 0.002427 -0.005977
v -0.054158 0.003094 -0.005791
v -0.055142 0.003248 -0.005427
v -0.056151 0.002736 -0.004904
v -0.053656 0.002628 -0.005947
v -0.054364 0.003202 -0.005716
v -0.055391 0.003209 -0.005311
v -0.056352 0.002547 -0.004751
v -0.053775 0.002815 -0.005906
v -0.054587 0.00328 -0.005630
v -0.055639 0.003134 -0.005184
v -0.056531 0.00233 -0.004590
v -0.053506 0.002216 -0.005994
v -0.053923 0.002983 -0.005854
v -0.054825 0.003325 -0.005534
v -0.055879 0.003023 -0.005049
v -0.056683 0.002086 -0.004421
v -0.053547 0.00243 -0.005977
v -0.054098 0.003128 -0.005791
v -0.055072 0.003335 -0.005427
v -0.056107 0.002878 -0.004904
v -0.053622 0.002636 -0.005947
v -0.054297 0.003247 -0.005716
v -0.055323 0.00331 -0.005311
v -0.056318 0.002701 -0.004751
v -0.053730 0.002829 -0.005906
v -0.054516 0.003337 -0.005630
v -0.055574 0.003248 -0.005184
v -0.056508 0.002493 -0.004590
v -0.053869 0.003004 -0.005854
v -0.054751 0.003395 -0.005534
v -0.055820 0.003151 -0.005049
v -0.056674 0.002258 -0.004421
v -0.053523 0.002432 -0.005977
v -0.054036 0.003159 -0.005791
v -0.054997 0.003418 -0.005427
v -0.056055 0.003018 -0.004904
v -0.053587 0.002641 -0.005947
v -0.054229 0.003289 -0.005716
v -0.055250 0.003406 -0.005311
v -0.056276 0.002852 -0.004751
v -0.053685 0.00284 -0.005906
v -0.054443 0.00339 -0.005630
v -0.055504 0.003358 -0.005184
v -0.056477 0.002655 -0.004590
v -0.053814 0.003023 -0.005854
v -0.054674 0.00346 -0.005534
v -0.055754 0.003274 -0.005049
v -0.056655 0.00243 -0.004421
v -0.053973 0.003186 -0.005791
v -0.054918 0.003497 -0.005427
v -0.055997 0.003155 -0.004904
v -0.056806 0.002179 -0.004245
v -0.053553 0.002645 -0.005947
v -0.054158 0.003326 -0.005716
v -0.055171 0.003499 -0.005311
v -0.056226 0.003001 -0.004751
v -0.053639 0.002849 -0.005906
v -0.054366 0.003439 -0.005630
v -0.055427 0.003465 -0.005184
v -0.056438 0.002816 -0.004590
v -0.053758 0.003038 -0.005854
v -0.054593 0.003522 -0.005534
v -0.055682 0.003395 -0.005049
v -0.056627 0.0026 -0.004421
v -0.053908 0.00321 -0.005791
v -0.054835 0.003572 -0.005427
v -0.055930 0.003288 -0.004904
v -0.056791 0.002358 -0.004245
v -0.053518 0.002647 -0.005947
v -0.054085 0.00336 -0.005716
v -0.055087 0.003587 -0.005311
v -0.056168 0.003148 -0.004751
v -0.056926 0.002093 -0.004062
v -0.053593 0.002855 -0.005906
v -0.054287 0.003484 -0.005630
v -0.055345 0.003567 -0.005184
v -0.056389 0.002973 -0.004590
v -0.053702 0.003051 -0.005854
v -0.054509 0.003579 -0.005534
v -0.055603 0.003511 -0.005049
v -0.056590 0.002769 -0.004421
v -0.053842 0.003231 -0.005791
v -0.054748 0.003642 -0.005427
v -0.055857 0.003418 -0.004904
v -0.056767 0.002536 -0.004245
v -0.054011 0.00339 -0.005716
v -0.054999 0.003671 -0.005311
v -0.056102 0.00329 -0.004751
v -0.056916 0.002278 -0.004062
v -0.053547 0.002859 -0.005906
v -0.054205 0.003524 -0.005630
v -0.055257 0.003665 -0.005184
v -0.056332 0.003128 -0.004590
v -0.053644 0.00306 -0.005854
v -0.054422 0.003631 -0.005534
v -0.055518 0.003622 -0.005049
v -0.056544 0.002935 -0.004421
v -0.053775 0.003247 -0.005791
v -0.054657 0.003707 -0.005427
v -0.055777 0.003544 -0.004904
v -0.056733 0.002712 -0.004245
v -0.053935 0.003415 -0.005716
v -0.054906 0.00375 -0.005311
v -0.056028 0.003429 -0.004751
v -0.056896 0.002463 -0.004062
v -0.054122 0.00356 -0.005630
v -0.055165 0.003757 -0.005184
v -0.056267 0.00328 -0.004590
v -0.057029 0.002191 -0.003874
v -0.053587 0.003067 -0.005854
v -0.054332 0.003679 -0.005534
v -0.055428 0.003729 -0.005049
v -0.056489 0.003098 -0.004421
v -0.053707 0.00326 -0.005791
v -0.054563 0.003767 -0.005427
v -0.055690 0.003665 -0.004904
v -0.056690 0.002886 -0.004245
v -0.053857 0.003437 -0.005716
v -0.054810 0.003823 -0.005311
v -0.055947 0.003564 -0.004751
v -0.056866 0.002646 -0.004062
v -0.054036 0.003592 -0.005630
v -0.055067 0.003845 -0.005184
v -0.056194 0.003428 -0.004590
v -0.057013 0.002382 -0.003874
v -0.053529 0.00307 -0.005854
v -0.054240 0.003721 -0.005534
v -0.055331 0.003831 -0.005049
v -0.056425 0.003258 -0.004421
v -0.057129 0.002098 -0.003680
v -0.053638 0.00327 -0.005791
v -0.054466 0.003822 -0.005427
v -0.055597 0.003781 -0.004904
v -0.056637 0.003057 -0.004245
v -0.053779 0.003454 -0.005716
v -0.054709 0.003891 -0.005311
v -0.055859 0.003694 -0.004751
v -0.056826 0.002827 -0.004062
v -0.053949 0.003618 -0.005630
v -0.054965 0.003927 -0.005184
v -0.056112 0.003572 -0.004590
v -0.056987 0.002572 -0.003874
v -0.054146 0.003759 -0.005534
v -0.055229 0.003928 -0.005049
v -0.056353 0.003415 -0.004421
v -0.057118 0.002295 -0.003680
v -0.053569 0.003275 -0.005791
v -0.054366 0.003872 -0.005427
v -0.055497 0.003892 -0.004904
v -0.056576 0.003225 -0.004245
v -0.053700 0.003467 -0.005716
v -0.054605 0.003954 -0.005311
v -0.055763 0.003819 -0.004751
v -0.056776 0.003006 -0.004062
v -0.053861 0.00364 -0.005630
v -0.054858 0.004004 -0.005184
v -0.056023 0.003711 -0.004590
v -0.056951 0.00276 -0.003874
v -0.054050 0.003791 -0.005534
v -0.055122 0.004018 -0.005049
v -0.056272 0.003567 -0.004421
v -0.057097 0.00249 -0.003680
v -0.054263 0.003916 -0.005427
v -0.055392 0.003997 -0.004904
v -0.056505 0.00339 -0.004245
v -0.057210 0.002201 -0.003481
v -0.053620 0.003476 -0.005716
v -0.054497 0.004011 -0.005311
v -0.055662 0.003939 -0.004751
v -0.056717 0.003182 -0.004062
v -0.053772 0.003657 -0.005630
v -0.054748 0.004074 -0.005184
v -0.055927 0.003845 -0.004590
v -0.056905 0.002945 -0.003874
v -0.053952 0.003818 -0.005534
v -0.055011 0.004103 -0.005049
v -0.056183 0.003715 -0.004421
v -0.057065 0.002684 -0.003680
v -0.054158 0.003954 -0.005427
v -0.055281 0.004097 -0.004904
v -0.056425 0.003551 -0.004245
v -0.057194 0.002402 -0.003481
v -0.053540 0.00348 -0.005716
v -0.054387 0.004062 -0.005311
v -0.055553 0.004053 -0.004751
v -0.056648 0.003354 -0.004062
v -0.057289 0.002103 -0.003277
v -0.053682 0.00367 -0.005630
v -0.054634 0.004139 -0.005184
v -0.055824 0.003974 -0.004590
v -0.056849 0.003128 -0.003874
v -0.053853 0.00384 -0.005534
v -0.054895 0.004182 -0.005049
v -0.056086 0.003858 -0.004421
v -0.057023 0.002876 -0.003680
v -0.054052 0.003987 -0.005427
v -0.055165 0.00419 -0.004904
v -0.056337 0.003707 -0.004245
v -0.057167 0.002601 -0.003481
v -0.054274 0.004107 -0.005311
v -0.055439 0.004162 -0.004751
v -0.056571 0.003523 -0.004062
v -0.057278 0.002308 -0.003277
v -0.053591 0.003677 -0.005630
v -0.054516 0.004197 -0.005184
v -0.055713 0.004097 -0.004590
v -0.056783 0.003308 -0.003874
v -0.053753 0.003856 -0.005534
v -0.054774 0.004254 -0.005049
v -0.055982 0.003995 -0.004421
v -0.056970 0.003066 -0.003680
v -0.053943 0.004014 -0.005427
v -0.055044 0.004277 -0.004904
v -0.056240 0.003858 -0.004245
v -0.057129 0.002799 -0.003481
v -0.054159 0.004146 -0.005311
v -0.055319 0.004263 -0.004751
v -0.056484 0.003687 -0.004062
v -0.057256 0.002512 -0.003277
v -0.054396 0.004249 -0.005184
v -0.055597 0.004213 -0.004590
v -0.056707 0.003484 -0.003874
v -0.057349 0.002209 -0.003070
v -0.053652 0.003867 -0.005534
v -0.054651 0.00432 -0.005049
v -0.055870 0.004126 -0.004421
v -0.056908 0.003252 -0.003680
v -0.053834 0.004035 -0.005427
v -0.054918 0.004357 -0.004904
v -0.056136 0.004004 -0.004245
v -0.057080 0.002994 -0.003481
v -0.054042 0.004178 -0.005311
v -0.055194 0.004359 -0.004751
v -0.056388 0.003846 -0.004062
v -0.057223 0.002714 -0.003277
v -0.054273 0.004294 -0.005184
v -0.055474 0.004324 -0.004590
v -0.056622 0.003655 -0.003874
v -0.057332 0.002417 -0.003070
v -0.053551 0.003873 -0.005534
v -0.054523 0.004379 -0.005049
v -0.055752 0.004252 -0.004421
v -0.056835 0.003435 -0.003680
v -0.057405 0.002106 -0.002860
v -0.053723 0.00405 -0.005427
v -0.054788 0.00443 -0.004904
v -0.056023 0.004143 -0.004245
v -0.057021 0.003186 -0.003481
v -0.053923 0.004205 -0.005311
v -0.055064 0.004447 -0.004751
v -0.056284 0.004 -0.004062
v -0.057179 0.002915 -0.003277
v -0.054148 0.004332 -0.005184
v -0.055345 0.004427 -0.004590
v -0.056528 0.003822 -0.003874
v -0.057303 0.002624 -0.003070
v -0.054393 0.004431 -0.005049
v -0.055626 0.00437 -0.004421
v -0.056752 0.003613 -0.003680
v -0.057394 0.002317 -0.002860
v -0.053612 0.004059 -0.005427
v -0.054655 0.004497 -0.004904
v -0.055904 0.004277 -0.004245
v -0.056952 0.003375 -0.003481
v -0.053803 0.004224 -0.005311
v -0.054929 0.004528 -0.004751
v -0.056171 0.004147 -0.004062
v -0.057124 0.003113 -0.003277
v -0.054020 0.004364 -0.005184
v -0.055211 0.004523 -0.004590
v -0.056425 0.003983 -0.003874
v -0.057264 0.002829 -0.003070
v -0.054260 0.004475 -0.005049
v -0.055495 0.004482 -0.004421
v -0.056660 0.003787 -0.003680
v -0.057371 0.002527 -0.002860
v -0.054518 0.004555 -0.004904
v -0.055777 0.004404 -0.004245
v -0.056872 0.00356 -0.003481
v -0.057442 0.002214 -0.002647
v -0.053682 0.004237 -0.005311
v -0.054790 0.004602 -0.004751
v -0.056051 0.004289 -0.004062
v -0.057058 0.003307 -0.003277
v -0.053892 0.004389 -0.005184
v -0.055072 0.004612 -0.004590
v -0.056313 0.004139 -0.003874
v -0.057214 0.003031 -0.003070
v -0.054125 0.004513 -0.005049
v -0.055358 0.004586 -0.004421
v -0.056559 0.003955 -0.003680
v -0.057336 0.002736 -0.002860
v -0.054378 0.004607 -0.004904
v -0.055643 0.004523 -0.004245
v -0.056783 0.003741 -0.003481
v -0.057424 0.002427 -0.002647
v -0.053561 0.004244 -0.005311
v -0.054648 0.004668 -0.004751
v -0.055924 0.004424 -0.004062
v -0.056982 0.003498 -0.003277
v -0.057475 0.002108 -0.002432
v -0.053762 0.004407 -0.005184
v -0.054928 0.004694 -0.004590
v -0.056194 0.004288 -0.003874
v -0.057152 0.003231 -0.003070
v -0.053988 0.004543 -0.005049
v -0.055215 0.004683 -0.004421
v -0.056448 0.004118 -0.003680
v -0.057291 0.002943 -0.002860
v -0.054236 0.004651 -0.004904
v -0.055504 0.004636 -0.004245
v -0.056684 0.003916 -0.003481
v -0.057395 0.002639 -0.002647
v -0.054501 0.004726 -0.004751
v -0.055789 0.004551 -0.004062
v -0.056896 0.003684 -0.003277
v -0.057463 0.002323 -0.002432
v -0.053631 0.004417 -0.005184
v -0.054780 0.004767 -0.004590
v -0.056066 0.00443 -0.003874
v -0.057080 0.003427 -0.003070
v -0.053850 0.004566 -0.005049
v -0.055067 0.004772 -0.004421
v -0.056330 0.004274 -0.003680
v -0.057234 0.003147 -0.002860
v -0.054091 0.004686 -0.004904
v -0.055358 0.00474 -0.004245
v -0.056576 0.004085 -0.003481
v -0.057355 0.002849 -0.002647
v -0.054352 0.004776 -0.004751
v -0.055647 0.004671 -0.004062
v -0.056800 0.003866 -0.003277
v -0.057440 0.002537 -0.002432
v -0.054628 0.004832 -0.004590
v -0.055930 0.004566 -0.003874
v -0.056998 0.003618 -0.003070
v -0.057488 0.002216 -0.002217
v -0.053710 0.004581 -0.005049
v -0.054915 0.004853 -0.004421
v -0.056202 0.004424 -0.003680
v -0.057167 0.003347 -0.002860
v -0.053945 0.004715 -0.004904
v -0.055207 0.004837 -0.004245
v -0.056458 0.004249 -0.003481
v -0.057303 0.003056 -0.002647
v -0.054201 0.004818 -0.004751
v -0.055500 0.004784 -0.004062
v -0.056694 0.004042 -0.003277
v -0.057405 0.002749 -0.002432
v -0.054473 0.004889 -0.004590
v -0.055788 0.004694 -0.003874
v -0.056905 0.003805 -0.003070
v -0.057471 0.002432 -0.002217
v -0.053570 0.004589 -0.005049
v -0.054758 0.004925 -0.004421
v -0.056067 0.004567 -0.003680
v -0.057089 0.003544 -0.002860
v -0.053797 0.004735 -0.004904
v -0.055051 0.004925 -0.004245
v -0.056332 0.004406 -0.003481
v -0.057241 0.00326 -0.002647
v -0.054047 0.004852 -0.004751
v -0.055346 0.004888 -0.004062
v -0.056579 0.004211 -0.003277
v -0.057359 0.00296 -0.002432
v -0.054316 0.004938 -0.004590
v -0.055639 0.004813 -0.003874
v -0.056802 0.003987 -0.003070
v -0.057442 0.002646 -0.002217
v -0.054598 0.004989 -0.004421
v -0.055924 0.004702 -0.003680
v -0.057000 0.003736 -0.002860
v -0.053649 0.004747 -0.004904
v -0.054890 0.005005 -0.004245
v -0.056198 0.004555 -0.003481
v -0.057167 0.003461 -0.002647
v -0.053892 0.004877 -0.004751
v -0.055187 0.004984 -0.004062
v -0.056454 0.004375 -0.003277
v -0.057301 0.003167 -0.002432
v -0.054155 0.004977 -0.004590
v -0.055483 0.004925 -0.003874
v -0.056690 0.004163 -0.003070
v -0.057401 0.002859 -0.002217
v -0.054435 0.005044 -0.004421
v -0.055774 0.00483 -0.003680
v -0.056901 0.003923 -0.002860
v -0.054725 0.005076 -0.004245
v -0.056055 0.004698 -0.003481
v -0.057082 0.003657 -0.002647
v -0.053736 0.004894 -0.004751
v -0.055023 0.005071 -0.004062
v -0.056322 0.004531 -0.003277
v -0.057233 0.003371 -0.002432
v -0.053993 0.005008 -0.004590
v -0.055322 0.005028 -0.003874
v -0.056568 0.004332 -0.003070
v -0.057349 0.003069 -0.002217
v -0.054269 0.00509 -0.004421
v -0.055618 0.004948 -0.003680
v -0.056792 0.004104 -0.002860
v -0.054557 0.005137 -0.004245
v -0.055906 0.004832 -0.003481
v -0.056987 0.003849 -0.002647
v -0.053579 0.004903 -0.004751
v -0.054854 0.005148 -0.004062
v -0.056180 0.00468 -0.003277
v -0.057153 0.003571 -0.002432
v -0.053830 0.005031 -0.004590
v -0.055155 0.005122 -0.003874
v -0.056438 0.004495 -0.003070
v -0.057285 0.003275 -0.002217
v -0.054100 0.005127 -0.004421
v -0.055455 0.005059 -0.003680
v -0.056673 0.004279 -0.002860
v -0.054386 0.00519 -0.004245
v -0.055749 0.004958 -0.003481
v -0.056882 0.004035 -0.002647
v -0.054682 0.005217 -0.004062
v -0.056031 0.004822 -0.003277
v -0.057062 0.003767 -0.002432
v -0.053665 0.005044 -0.004590
v -0.054984 0.005207 -0.003874
v -0.056298 0.004651 -0.003070
v -0.057210 0.003478 -0.002217
v -0.053930 0.005155 -0.004421
v -0.055287 0.00516 -0.003680
v -0.056545 0.004447 -0.002860
v -0.054212 0.005233 -0.004245
v -0.055585 0.005076 -0.003481
v -0.056767 0.004215 -0.002647
v -0.054506 0.005276 -0.004062
v -0.055875 0.004954 -0.003277
v -0.056962 0.003957 -0.002432
v -0.054808 0.005283 -0.003874
v -0.056151 0.004798 -0.003070
v -0.057125 0.003677 -0.002217
v -0.053758 0.005174 -0.004421
v -0.055113 0.005252 -0.003680
v -0.056408 0.004609 -0.002860
v -0.054036 0.005267 -0.004245
v -0.055416 0.005184 -0.003481
v -0.056642 0.004389 -0.002647
v -0.054327 0.005326 -0.004062
v -0.055711 0.005079 -0.003277
v -0.056851 0.004142 -0.002432
v -0.054628 0.005349 -0.003874
v -0.055995 0.004938 -0.003070
v -0.057029 0.003871 -0.002217
v -0.053586 0.005183 -0.004421
v -0.054935 0.005335 -0.003680
v -0.056262 0.004762 -0.002860
v -0.053858 0.005291 -0.004245
v -0.055241 0.005283 -0.003481
v -0.056508 0.004555 -0.002647
v -0.054146 0.005366 -0.004062
v -0.055542 0.005194 -0.003277
v -0.056730 0.00432 -0.002432
v -0.054445 0.005405 -0.003874
v -0.055832 0.005068 -0.003070
v -0.056922 0.004059 -0.002217
v -0.054752 0.005408 -0.003680
v -0.056109 0.004908 -0.002860
v -0.053679 0.005306 -0.004245
v -0.055060 0.005372 -0.003481
v -0.056366 0.004715 -0.002647
v -0.053963 0.005396 -0.004062
v -0.055366 0.0053 -0.003277
v -0.056599 0.004491 -0.002432
v -0.054260 0.005451 -0.003874
v -0.055663 0.00519 -0.003070
v -0.056806 0.004241 -0.002217
v -0.054566 0.00547 -0.003680
v -0.055947 0.005045 -0.002860
v -0.054875 0.005452 -0.003481
v -0.056215 0.004866 -0.002647
v -0.053778 0.005416 -0.004062
v -0.055184 0.005396 -0.003277
v -0.056460 0.004655 -0.002432
v -0.054072 0.005487 -0.003874
v -0.055487 0.005302 -0.003070
v -0.056680 0.004417 -0.002217
v -0.054376 0.005523 -0.003680
v -0.055779 0.005173 -0.002860
v -0.054686 0.005521 -0.003481
v -0.056055 0.005008 -0.002647
v -0.053593 0.005426 -0.004062
v -0.054998 0.005482 -0.003277
v -0.056312 0.004812 -0.002432
v -0.053882 0.005513 -0.003874
v -0.055305 0.005405 -0.003070
v -0.056544 0.004586 -0.002217
v -0.054184 0.005565 -0.003680
v -0.055604 0.005292 -0.002860
v -0.054494 0.00558 -0.003481
v -0.055889 0.005142 -0.002647
v -0.054807 0.005558 -0.003277
v -0.056155 0.00496 -0.002432
v -0.053691 0.005529 -0.003874
v -0.055118 0.005498 -0.003070
v -0.056400 0.004747 -0.002217
v -0.053990 0.005597 -0.003680
v -0.055423 0.005401 -0.002860
v -0.054299 0.005629 -0.003481
v -0.055715 0.005267 -0.002647
v -0.054613 0.005624 -0.003277
v -0.055991 0.005099 -0.002432
v -0.054927 0.00558 -0.003070
v -0.056247 0.0049 -0.002217
v -0.053795 0.005618 -0.003680
v -0.055236 0.0055 -0.002860
v -0.054101 0.005667 -0.003481
v -0.055535 0.005382 -0.002647
v -0.054415 0.005679 -0.003277
v -0.055820 0.00523 -0.002432
v -0.054731 0.005652 -0.003070
v -0.056086 0.005044 -0.002217
v -0.053598 0.005629 -0.003680
v -0.055044 0.005589 -0.002860
v -0.053902 0.005694 -0.003481
v -0.055349 0.005487 -0.002647
v -0.054214 0.005723 -0.003277
v -0.055642 0.005351 -0.002432
v -0.054531 0.005714 -0.003070
v -0.055917 0.00518 -0.002217
v -0.054847 0.005667 -0.002860
v -0.053701 0.00571 -0.003481
v -0.055157 0.005582 -0.002647
v -0.054012 0.005756 -0.003277
v -0.055457 0.005462 -0.002432
v -0.054329 0.005764 -0.003070
v -0.055741 0.005306 -0.002217
v -0.054647 0.005734 -0.002860
v -0.054961 0.005667 -0.002647
v -0.053808 0.005778 -0.003277
v -0.055267 0.005562 -0.002432
v -0.054124 0.005803 -0.003070
v -0.055559 0.005422 -0.002217
v -0.054443 0.005791 -0.002860
v -0.054760 0.005741 -0.002647
v -0.053603 0.005789 -0.003277
v -0.055071 0.005653 -0.002432
v -0.053917 0.005832 -0.003070
v -0.055371 0.005529 -0.002217
v -0.054236 0.005836 -0.002860
v -0.054556 0.005803 -0.002647
v -0.054871 0.005733 -0.002432
v -0.053709 0.005849 -0.003070
v -0.055177 0.005625 -0.002217
v -0.054027 0.005871 -0.002860
v -0.054349 0.005855 -0.002647
v -0.054667 0.005801 -0.002432
v -0.054978 0.00571 -0.002217
v -0.053817 0.005894 -0.002860
v -0.054139 0.005895 -0.002647
v -0.054460 0.005859 -0.002432
v -0.054775 0.005785 -0.002217
v -0.053606 0.005905 -0.002860
v -0.053927 0.005924 -0.002647
v -0.054249 0.005905 -0.002432
v -0.054569 0.005849 -0.002217
v -0.053714 0.005942 -0.002647
v -0.054037 0.00594 -0.002432
v -0.054359 0.005901 -0.002217
v -0.053823 0.005963 -0.002432
v -0.054146 0.005942 -0.002217
v -0.053608 0.005975 -0.002432
v -0.053932 0.005971 -0.002217
v -0.053716 0.005988 -0.002217
v -0.053500 0.002 0.006000
v -0.053733 0.002 0.005993
v -0.053964 0.002 0.005973
v -0.054195 0.002 0.005939
v -0.054422 0.002 0.005892
v -0.054647 0.002 0.005832
v -0.054868 0.002 0.005759
v -0.055084 0.002 0.005673
v -0.055295 0.002 0.005575
v -0.055500 0.002 0.005464
v -0.055698 0.002 0.005342
v -0.055889 0.002 0.005208
v -0.056071 0.002 0.005064
v -0.056245 0.002 0.004909
v -0.056409 0.002 0.004745
v -0.056564 0.002 0.004571
v -0.056708 0.002 0.004389
v -0.056842 0.002 0.004198
v -0.056964 0.002 0.004000
v -0.057075 0.002 0.003795
v -0.057173 0.002 0.003584
v -0.057259 0.002 0.003368
v -0.057332 0.002 0.003147
v -0.057392 0.002 0.002922
v -0.057439 0.002 0.002695
v -0.057473 0.002 0.002464
v -0.057493 0.002 0.002233
v -0.057500 0.002 0.002000
v -0.053500 0.002 0.006000
v -0.053500 0.002233 0.005993
v -0.053500 0.002464 0.005973
v -0.053500 0.002695 0.005939
v -0.053500 0.002922 0.005892
v -0.053500 0.003147 0.005832
v -0.053500 0.003368 0.005759
v -0.053500 0.003584 0.005673
v -0.053500 0.003795 0.005575
v -0.053500 0.004 0.005464
v -0.053500 0.004198 0.005342
v -0.053500 0.004389 0.005208
v -0.053500 0.004571 0.005064
v -0.053500 0.004745 0.004909
v -0.053500 0.004909 0.004745
v -0.053500 0.005064 0.004571
v -0.053500 0.005208 0.004389
v -0.053500 0.005342 0.004198
v -0.053500 0.005464 0.004000
v -0.053500 0.005575 0.003795
v -0.053500 0.005673 0.003584
v -0.053500 0.005759 0.003368
v -0.053500 0.005832 0.003147
v -0.053500 0.005892 0.002922
v -0.053500 0.005939 0.002695
v -0.053500 0.005973 0.002464
v -0.053500 0.005993 0.002233
v -0.053500 0.006 0.002000
v -0.057493 0.002233 0.002000
v -0.057473 0.002464 0.002000
v -0.057439 0.002695 0.002000
v -0.057392 0.002922 0.002000
v -0.057332 0.003147 0.002000
v -0.057259 0.003368 0.002000
v -0.057173 0.003584 0.002000
v -0.057075 0.003795 0.002000
v -0.056964 0.004 0.002000
v -0.056842 0.004198 0.002000
v -0.056708 0.004389 0.002000
v -0.056564 0.004571 0.002000
v -0.056409 0.004745 0.002000
v -0.056245 0.004909 0.002000
v -0.056071 0.005064 0.002000
v -0.055889 0.005208 0.002000
v -0.055698 0.005342 0.002000
v -0.055500 0.005464 0.002000
v -0.055295 0.005575 0.002000
v -0.055084 0.005673 0.002000
v -0.054868 0.005759 0.002000
v -0.054647 0.005832 0.002000
v -0.054422 0.005892 0.002000
v -0.054195 0.005939 0.002000
v -0.053964 0.005973 0.002000
v -0.053733 0.005993 0.002000
v -0.053716 0.002006 0.005994
v -0.053716 0.002018 0.005994
v -0.053715 0.002029 0.005994
v -0.053932 0.002023 0.005977
v -0.053713 0.002041 0.005994
v -0.053930 0.002047 0.005977
v -0.054147 0.002018 0.005947
v -0.053710 0.002052 0.005994
v -0.053927 0.00207 0.005977
v -0.054145 0.002053 0.005947
v -0.053707 0.002064 0.005994
v -0.053922 0.002093 0.005977
v -0.054141 0.002087 0.005947
v -0.054359 0.002047 0.005906
v -0.053703 0.002075 0.005994
v -0.053917 0.002116 0.005977
v -0.054136 0.002122 0.005947
v -0.054355 0.002093 0.005906
v -0.053699 0.002086 0.005994
v -0.054570 0.002029 0.005854
v -0.053910 0.002138 0.005977
v -0.054128 0.002156 0.005947
v -0.054349 0.002139 0.005906
v -0.053694 0.002096 0.005994
v -0.054567 0.002087 0.005854
v -0.053902 0.00216 0.005977
v -0.054119 0.00219 0.005947
v -0.054340 0.002185 0.005906
v -0.053689 0.002107 0.005994
v -0.054560 0.002144 0.005854
v -0.053893 0.002182 0.005977
v -0.054775 0.002069 0.005791
v -0.054107 0.002223 0.005947
v -0.054329 0.00223 0.005906
v -0.053682 0.002117 0.005994
v -0.054551 0.002202 0.005854
v -0.053882 0.002203 0.005977
v -0.054770 0.002138 0.005791
v -0.054094 0.002256 0.005947
v -0.054980 0.00204 0.005716
v -0.054315 0.002275 0.005906
v -0.053676 0.002126 0.005994
v -0.054538 0.002258 0.005854
v -0.053871 0.002223 0.005977
v -0.054760 0.002207 0.005791
v -0.054080 0.002288 0.005947
v -0.054976 0.00212 0.005716
v -0.054299 0.002318 0.005906
v -0.053669 0.002136 0.005994
v -0.054523 0.002314 0.005854
v -0.053858 0.002243 0.005977
v -0.054747 0.002275 0.005791
v -0.054063 0.002318 0.005947
v -0.054967 0.0022 0.005716
v -0.054280 0.002361 0.005906
v -0.055177 0.002091 0.005630
v -0.053661 0.002145 0.005994
v -0.054504 0.002369 0.005854
v -0.053844 0.002262 0.005977
v -0.054731 0.002342 0.005791
v -0.054045 0.002349 0.005947
v -0.054954 0.002279 0.005716
v -0.054260 0.002403 0.005906
v -0.055170 0.002182 0.005630
v -0.053653 0.002153 0.005994
v -0.054483 0.002423 0.005854
v -0.055373 0.002051 0.005534
v -0.053830 0.00228 0.005977
v -0.054710 0.002408 0.005791
v -0.054026 0.002378 0.005947
v -0.054937 0.002357 0.005716
v -0.054237 0.002443 0.005906
v -0.055157 0.002272 0.005630
v -0.053645 0.002161 0.005994
v -0.054459 0.002475 0.005854
v -0.055367 0.002152 0.005534
v -0.053814 0.002297 0.005977
v -0.054686 0.002473 0.005791
v -0.054004 0.002405 0.005947
v -0.054915 0.002435 0.005716
v -0.054212 0.002483 0.005906
v -0.055140 0.002361 0.005630
v -0.053636 0.002169 0.005994
v -0.054432 0.002527 0.005854
v -0.055356 0.002253 0.005534
v -0.053797 0.002314 0.005977
v -0.054659 0.002536 0.005791
v -0.055559 0.002112 0.005427
v -0.053982 0.002432 0.005947
v -0.054890 0.002511 0.005716
v -0.054185 0.00252 0.005906
v -0.055118 0.002449 0.005630
v -0.053626 0.002176 0.005994
v -0.054402 0.002576 0.005854
v -0.055340 0.002353 0.005534
v -0.053780 0.00233 0.005977
v -0.054628 0.002598 0.005791
v -0.055550 0.002223 0.005427
v -0.053958 0.002458 0.005947
v -0.054860 0.002585 0.005716
v -0.055744 0.002061 0.005311
v -0.054155 0.002557 0.005906
v -0.055092 0.002536 0.005630
v -0.053617 0.002182 0.005994
v -0.054369 0.002624 0.005854
v -0.055318 0.002452 0.005534
v -0.053762 0.002344 0.005977
v -0.054594 0.002658 0.005791
v -0.055535 0.002334 0.005427
v -0.053932 0.002482 0.005947
v -0.054826 0.002658 0.005716
v -0.055737 0.002182 0.005311
v -0.054124 0.002591 0.005906
v -0.055060 0.002622 0.005630
v -0.053607 0.002189 0.005994
v -0.054334 0.00267 0.005854
v -0.055291 0.00255 0.005534
v -0.053743 0.002358 0.005977
v -0.054557 0.002717 0.005791
v -0.055514 0.002443 0.005427
v -0.053905 0.002504 0.005947
v -0.054789 0.002729 0.005716
v -0.055724 0.002303 0.005311
v -0.054091 0.002624 0.005906
v -0.055024 0.002705 0.005630
v -0.055917 0.002131 0.005184
v -0.053596 0.002194 0.005994
v -0.054297 0.002715 0.005854
v -0.055259 0.002646 0.005534
v -0.053723 0.002371 0.005977
v -0.054517 0.002773 0.005791
v -0.055487 0.002552 0.005427
v -0.053878 0.002526 0.005947
v -0.054747 0.002797 0.005716
v -0.055705 0.002423 0.005311
v -0.054057 0.002655 0.005906
v -0.054984 0.002787 0.005630
v -0.055907 0.002262 0.005184
v -0.053586 0.002199 0.005994
v -0.054257 0.002757 0.005854
v -0.055221 0.00274 0.005534
v -0.056089 0.00207 0.005049
v -0.053703 0.002382 0.005977
v -0.054473 0.002827 0.005791
v -0.055454 0.002658 0.005427
v -0.053849 0.002545 0.005947
v -0.054702 0.002864 0.005716
v -0.055678 0.002542 0.005311
v -0.054020 0.002685 0.005906
v -0.054939 0.002866 0.005630
v -0.055889 0.002392 0.005184
v -0.053575 0.002203 0.005994
v -0.054215 0.002797 0.005854
v -0.055179 0.002832 0.005534
v -0.056081 0.00221 0.005049
v -0.053682 0.002393 0.005977
v -0.054427 0.002878 0.005791
v -0.055416 0.002763 0.005427
v -0.053818 0.002563 0.005947
v -0.054654 0.002928 0.005716
v -0.055646 0.002659 0.005311
v -0.053983 0.002712 0.005906
v -0.054890 0.002943 0.005630
v -0.055864 0.00252 0.005184
v -0.053564 0.002207 0.005994
v -0.054170 0.002834 0.005854
v -0.055131 0.002922 0.005534
v -0.056066 0.00235 0.005049
v -0.053660 0.002402 0.005977
v -0.054378 0.002927 0.005791
v -0.055372 0.002866 0.005427
v -0.056247 0.002149 0.004904
v -0.053788 0.00258 0.005947
v -0.054602 0.002989 0.005716
v -0.055607 0.002774 0.005311
v -0.053943 0.002737 0.005906
v -0.054837 0.003016 0.005630
v -0.055832 0.002648 0.005184
v -0.053552 0.00221 0.005994
v -0.054124 0.002869 0.005854
v -0.055079 0.003009 0.005534
v -0.056043 0.002488 0.005049
v -0.053638 0.00241 0.005977
v -0.054327 0.002973 0.005791
v -0.055322 0.002966 0.005427
v -0.056235 0.002297 0.004904
v -0.053756 0.002594 0.005947
v -0.054547 0.003047 0.005716
v -0.055562 0.002887 0.005311
v -0.056403 0.002079 0.004751
v -0.053903 0.00276 0.005906
v -0.054780 0.003087 0.005630
v -0.055794 0.002773 0.005184
v -0.053541 0.002213 0.005994
v -0.054076 0.002902 0.005854
v -0.055022 0.003093 0.005534
v -0.056013 0.002625 0.005049
v -0.053616 0.002417 0.005977
v -0.054273 0.003017 0.005791
v -0.055267 0.003063 0.005427
v -0.056215 0.002445 0.004904
v -0.053723 0.002607 0.005947
v -0.054489 0.003102 0.005716
v -0.055511 0.002997 0.005311
v -0.056394 0.002236 0.004751
v -0.053861 0.00278 0.005906
v -0.054719 0.003155 0.005630
v -0.055749 0.002896 0.005184
v -0.053529 0.002215 0.005994
v -0.054027 0.002932 0.005854
v -0.054960 0.003174 0.005534
v -0.055975 0.00276 0.005049
v -0.053593 0.002422 0.005977
v -0.054217 0.003057 0.005791
v -0.055207 0.003157 0.005427
v -0.056186 0.002591 0.004904
v -0.053690 0.002619 0.005947
v -0.054428 0.003154 0.005716
v -0.055454 0.003105 0.005311
v -0.056377 0.002392 0.004751
v -0.053818 0.002799 0.005906
v -0.054655 0.003219 0.005630
v -0.055697 0.003016 0.005184
v -0.056544 0.002165 0.004590
v -0.053518 0.002216 0.005994
v -0.053975 0.002959 0.005854
v -0.054895 0.003251 0.005534
v -0.055931 0.002893 0.005049
v -0.053570 0.002427 0.005977
v -0.054158 0.003094 0.005791
v -0.055142 0.003248 0.005427
v -0.056151 0.002736 0.004904
v -0.053656 0.002628 0.005947
v -0.054364 0.003202 0.005716
v -0.055391 0.003209 0.005311
v -0.056352 0.002547 0.004751
v -0.053775 0.002815 0.005906
v -0.054587 0.00328 0.005630
v -0.055639 0.003134 0.005184
v -0.056531 0.00233 0.004590
v -0.053506 0.002216 0.005994
v -0.053923 0.002983 0.005854
v -0.054825 0.003325 0.005534
v -0.055879 0.003023 0.005049
v -0.056683 0.002086 0.004421
v -0.053547 0.00243 0.005977
v -0.054098 0.003128 0.005791
v -0.055072 0.003335 0.005427
v -0.056107 0.002878 0.004904
v -0.053622 0.002636 0.005947
v -0.054297 0.003247 0.005716
v -0.055323 0.00331 0.005311
v -0.056318 0.002701 0.004751
v -0.053730 0.002829 0.005906
v -0.054516 0.003337 0.005630
v -0.055574 0.003248 0.005184
v -0.056508 0.002493 0.004590
v -0.053869 0.003004 0.005854
v -0.054751 0.003395 0.005534
v -0.055820 0.003151 0.005049
v -0.056674 0.002258 0.004421
v -0.053523 0.002432 0.005977
v -0.054036 0.003159 0.005791
v -0.054997 0.003418 0.005427
v -0.056055 0.003018 0.004904
v -0.053587 0.002641 0.005947
v -0.054229 0.003289 0.005716
v -0.055250 0.003406 0.005311
v -0.056276 0.002852 0.004751
v -0.053685 0.00284 0.005906
v -0.054443 0.00339 0.005630
v -0.055504 0.003358 0.005184
v -0.056477 0.002655 0.004590
v -0.053814 0.003023 0.005854
v -0.054674 0.00346 0.005534
v -0.055754 0.003274 0.005049
v -0.056655 0.00243 0.004421
v -0.053973 0.003186 0.005791
v -0.054918 0.003497 0.005427
v -0.055997 0.003155 0.004904
v -0.056806 0.002179 0.004245
v -0.053553 0.002645 0.005947
v -0.054158 0.003326 0.005716
v -0.055171 0.003499 0.005311
v -0.056226 0.003001 0.004751
v -0.053639 0.002849 0.005906
v -0.054366 0.003439 0.005630
v -0.055427 0.003465 0.005184
v -0.056438 0.002816 0.004590
v -0.053758 0.003038 0.005854
v -0.054593 0.003522 0.005534
v -0.055682 0.003395 0.005049
v -0.056627 0.0026 0.004421
v -0.053908 0.00321 0.005791
v -0.054835 0.003572 0.005427
v -0.055930 0.003288 0.004904
v -0.056791 0.002358 0.004245
v -0.053518 0.002647 0.005947
v -0.054085 0.00336 0.005716
v -0.055087 0.003587 0.005311
v -0.056168 0.003148 0.004751
v -0.056926 0.002093 0.004062
v -0.053593 0.002855 0.005906
v -0.054287 0.003484 0.005630
v -0.055345 0.003567 0.005184
v -0.056389 0.002973 0.004590
v -0.053702 0.003051 0.005854
v -0.054509 0.003579 0.005534
v -0.055603 0.003511 0.005049
v -0.056590 0.002769 0.004421
v -0.053842 0.003231 0.005791
v -0.054748 0.003642 0.005427
v -0.055857 0.003418 0.004904
v -0.056767 0.002536 0.004245
v -0.054011 0.00339 0.005716
v -0.054999 0.003671 0.005311
v -0.056102 0.00329 0.004751
v -0.056916 0.002278 0.004062
v -0.053547 0.002859 0.005906
v -0.054205 0.003524 0.005630
v -0.055257 0.003665 0.005184
v -0.056332 0.003128 0.004590
v -0.053644 0.00306 0.005854
v -0.054422 0.003631 0.005534
v -0.055518 0.003622 0.005049
v -0.056544 0.002935 0.004421
v -0.053775 0.003247 0.005791
v -0.054657 0.003707 0.005427
v -0.055777 0.003544 0.004904
v -0.056733 0.002712 0.004245
v -0.053935 0.003415 0.005716
v -0.054906 0.00375 0.005311
v -0.056028 0.003429 0.004751
v -0.056896 0.002463 0.004062
v -0.054122 0.00356 0.005630
v -0.055165 0.003757 0.005184
v -0.056267 0.00328 0.004590
v -0.057029 0.002191 0.003874
v -0.053587 0.003067 0.005854
v -0.054332 0.003679 0.005534
v -0.055428 0.003729 0.005049
v -0.056489 0.003098 0.004421
v -0.053707 0.00326 0.005791
v -0.054563 0.003767 0.005427
v -0.055690 0.003665 0.004904
v -0.056690 0.002886 0.004245
v -0.053857 0.003437 0.005716
v -0.054810 0.003823 0.005311
v -0.055947 0.003564 0.004751
v -0.056866 0.002646 0.004062
v -0.054036 0.003592 0.005630
v -0.055067 0.003845 0.005184
v -0.056194 0.003428 0.004590
v -0.057013 0.002382 0.003874
v -0.053529 0.00307 0.005854
v -0.054240 0.003721 0.005534
v -0.055331 0.003831 0.005049
v -0.056425 0.003258 0.004421
v -0.057129 0.002098 0.003680
v -0.053638 0.00327 0.005791
v -0.054466 0.003822 0.005427
v -0.055597 0.003781 0.004904
v -0.056637 0.003057 0.004245
v -0.053779 0.003454 0.005716
v -0.054709 0.003891 0.005311
v -0.055859 0.003694 0.004751
v -0.056826 0.002827 0.004062
v -0.053949 0.003618 0.005630
v -0.054965 0.003927 0.005184
v -0.056112 0.003572 0.004590
v -0.056987 0.002572 0.003874
v -0.054146 0.003759 0.005534
v -0.055229 0.003928 0.005049
v -0.056353 0.003415 0.004421
v -0.057118 0.002295 0.003680
v -0.053569 0.003275 0.005791
v -0.054366 0.003872 0.005427
v -0.055497 0.003892 0.004904
v -0.056576 0.003225 0.004245
v -0.053700 0.003467 0.005716
v -0.054605 0.003954 0.005311
v -0.055763 0.003819 0.004751
v -0.056776 0.003006 0.004062
v -0.053861 0.00364 0.005630
v -0.054858 0.004004 0.005184
v -0.056023 0.003711 0.004590
v -0.056951 0.00276 0.003874
v -0.054050 0.003791 0.005534
v -0.055122 0.004018 0.005049
v -0.056272 0.003567 0.004421
v -0.057097 0.00249 0.003680
v -0.054263 0.003916 0.005427
v -0.055392 0.003997 0.004904
v -0.056505 0.00339 0.004245
v -0.057210 0.002201 0.003481
v -0.053620 0.003476 0.005716
v -0.054497 0.004011 0.005311
v -0.055662 0.003939 0.004751
v -0.056717 0.003182 0.004062
v -0.053772 0.003657 0.005630
v -0.054748 0.004074 0.005184
v -0.055927 0.003845 0.004590
v -0.056905 0.002945 0.003874
v -0.053952 0.003818 0.005534
v -0.055011 0.004103 0.005049
v -0.056183 0.003715 0.004421
v -0.057065 0.002684 0.003680
v -0.054158 0.003954 0.005427
v -0.055281 0.004097 0.004904
v -0.056425 0.003551 0.004245
v -0.057194 0.002402 0.003481
v -0.053540 0.00348 0.005716
v -0.054387 0.004062 0.005311
v -0.055553 0.004053 0.004751
v -0.056648 0.003354 0.004062
v -0.057289 0.002103 0.003277
v -0.053682 0.00367 0.005630
v -0.054634 0.004139 0.005184
v -0.055824 0.003974 0.004590
v -0.056849 0.003128 0.003874
v -0.053853 0.00384 0.005534
v -0.054895 0.004182 0.005049
v -0.056086 0.003858 0.004421
v -0.057023 0.002876 0.003680
v -0.054052 0.003987 0.005427
v -0.055165 0.00419 0.004904
v -0.056337 0.003707 0.004245
v -0.057167 0.002601 0.003481
v -0.054274 0.004107 0.005311
v -0.055439 0.004162 0.004751
v -0.056571 0.003523 0.004062
v -0.057278 0.002308 0.003277
v -0.053591 0.003677 0.005630
v -0.054516 0.004197 0.005184
v -0.055713 0.004097 0.004590
v -0.056783 0.003308 0.003874
v -0.053753 0.003856 0.005534
v -0.054774 0.004254 0.005049
v -0.055982 0.003995 0.004421
v -0.056970 0.003066 0.003680
v -0.053943 0.004014 0.005427
v -0.055044 0.004277 0.004904
v -0.056240 0.003858 0.004245
v -0.057129 0.002799 0.003481
v -0.054159 0.004146 0.005311
v -0.055319 0.004263 0.004751
v -0.056484 0.003687 0.004062
v -0.057256 0.002512 0.003277
v -0.054396 0.004249 0.005184
v -0.055597 0.004213 0.004590
v -0.056707 0.003484 0.003874
v -0.057349 0.002209 0.003070
v -0.053652 0.003867 0.005534
v -0.054651 0.00432 0.005049
v -0.055870 0.004126 0.004421
v -0.056908 0.003252 0.003680
v -0.053834 0.004035 0.005427
v -0.054918 0.004357 0.004904
v -0.056136 0.004004 0.004245
v -0.057080 0.002994 0.003481
v -0.054042 0.004178 0.005311
v -0.055194 0.004359 0.004751
v -0.056388 0.003846 0.004062
v -0.057223 0.002714 0.003277
v -0.054273 0.004294 0.005184
v -0.055474 0.004324 0.004590
v -0.056622 0.003655 0.003874
v -0.057332 0.002417 0.003070
v -0.053551 0.003873 0.005534
v -0.054523 0.004379 0.005049
v -0.055752 0.004252 0.004421
v -0.056835 0.003435 0.003680
v -0.057405 0.002106 0.002860
v -0.053723 0.00405 0.005427
v -0.054788 0.00443 0.004904
v -0.056023 0.004143 0.004245
v -0.057021 0.003186 0.003481
v -0.053923 0.004205 0.005311
v -0.055064 0.004447 0.004751
v -0.056284 0.004 0.004062
v -0.057179 0.002915 0.003277
v -0.054148 0.004332 0.005184
v -0.055345 0.004427 0.004590
v -0.056528 0.003822 0.003874
v -0.057303 0.002624 0.003070
v -0.054393 0.004431 0.005049
v -0.055626 0.00437 0.004421
v -0.056752 0.003613 0.003680
v -0.057394 0.002317 0.002860
v -0.053612 0.004059 0.005427
v -0.054655 0.004497 0.004904
v -0.055904 0.004277 0.004245
v -0.056952 0.003375 0.003481
v -0.053803 0.004224 0.005311
v -0.054929 0.004528 0.004751
v -0.056171 0.004147 0.004062
v -0.057124 0.003113 0.003277
v -0.054020 0.004364 0.005184
v -0.055211 0.004523 0.004590
v -0.056425 0.003983 0.003874
v -0.057264 0.002829 0.003070
v -0.054260 0.004475 0.005049
v -0.055495 0.004482 0.004421
v -0.056660 0.003787 0.003680
v -0.057371 0.002527 0.002860
v -0.054518 0.004555 0.004904
v -0.055777 0.004404 0.004245
v -0.056872 0.00356 0.003481
v -0.057442 0.002214 0.002647
v -0.053682 0.004237 0.005311
v -0.054790 0.004602 0.004751
v -0.056051 0.004289 0.004062
v -0.057058 0.003307 0.003277
v -0.053892 0.004389 0.005184
v -0.055072 0.004612 0.004590
v -0.056313 0.004139 0.003874
v -0.057214 0.003031 0.003070
v -0.054125 0.004513 0.005049
v -0.055358 0.004586 0.004421
v -0.056559 0.003955 0.003680
v -0.057336 0.002736 0.002860
v -0.054378 0.004607 0.004904
v -0.055643 0.004523 0.004245
v -0.056783 0.003741 0.003481
v -0.057424 0.002427 0.002647
v -0.053561 0.004244 0.005311
v -0.054648 0.004668 0.004751
v -0.055924 0.004424 0.004062
v -0.056982 0.003498 0.003277
v -0.057475 0.002108 0.002432
v -0.053762 0.004407 0.005184
v -0.054928 0.004694 0.004590
v -0.056194 0.004288 0.003874
v -0.057152 0.003231 0.003070
v -0.053988 0.004543 0.005049
v -0.055215 0.004683 0.004421
v -0.056448 0.004118 0.003680
v -0.057291 0.002943 0.002860
v -0.054236 0.004651 0.004904
v -0.055504 0.004636 0.004245
v -0.056684 0.003916 0.003481
v -0.057395 0.002639 0.002647
v -0.054501 0.004726 0.004751
v -0.055789 0.004551 0.004062
v -0.056896 0.003684 0.003277
v -0.057463 0.002323 0.002432
v -0.053631 0.004417 0.005184
v -0.054780 0.004767 0.004590
v -0.056066 0.00443 0.003874
v -0.057080 0.003427 0.003070
v -0.053850 0.004566 0.005049
v -0.055067 0.004772 0.004421
v -0.056330 0.004274 0.003680
v -0.057234 0.003147 0.002860
v -0.054091 0.004686 0.004904
v -0.055358 0.00474 0.004245
v -0.056576 0.004085 0.003481
v -0.057355 0.002849 0.002647
v -0.054352 0.004776 0.004751
v -0.055647 0.004671 0.004062
v -0.056800 0.003866 0.003277
v -0.057440 0.002537 0.002432
v -0.054628 0.004832 0.004590
v -0.055930 0.004566 0.003874
v -0.056998 0.003618 0.003070
v -0.057488 0.002216 0.002217
v -0.053710 0.004581 0.005049
v -0.054915 0.004853 0.004421
v -0.056202 0.004424 0.003680
v -0.057167 0.003347 0.002860
v -0.053945 0.004715 0.004904
v -0.055207 0.004837 0.004245
v -0.056458 0.004249 0.003481
v -0.057303 0.003056 0.002647
v -0.054201 0.004818 0.004751
v -0.055500 0.004784 0.004062
v -0.056694 0.004042 0.003277
v -0.057405 0.002749 0.002432
v -0.054473 0.004889 0.004590
v -0.055788 0.004694 0.003874
v -0.056905 0.003805 0.003070
v -0.057471 0.002432 0.002217
v -0.053570 0.004589 0.005049
v -0.054758 0.004925 0.004421
v -0.056067 0.004567 0.003680
v -0.057089 0.003544 0.002860
v -0.053797 0.004735 0.004904
v -0.055051 0.004925 0.004245
v -0.056332 0.004406 0.003481
v -0.057241 0.00326 0.002647
v -0.054047 0.004852 0.004751
v -0.055346 0.004888 0.004062
v -0.056579 0.004211 0.003277
v -0.057359 0.00296 0.002432
v -0.054316 0.004938 0.004590
v -0.055639 0.004813 0.003874
v -0.056802 0.003987 0.003070
v -0.057442 0.002646 0.002217
v -0.054598 0.004989 0.004421
v -0.055924 0.004702 0.003680
v -0.057000 0.003736 0.002860
v -0.053649 0.004747 0.004904
v -0.054890 0.005005 0.004245
v -0.056198 0.004555 0.003481
v -0.057167 0.003461 0.002647
v -0.053892 0.004877 0.004751
v -0.055187 0.004984 0.004062
v -0.056454 0.004375 0.003277
v -0.057301 0.003167 0.002432
v -0.054155 0.004977 0.004590
v -0.055483 0.004925 0.003874
v -0.056690 0.004163 0.003070
v -0.057401 0.002859 0.002217
v -0.054435 0.005044 0.004421
v -0.055774 0.00483 0.003680
v -0.056901 0.003923 0.002860
v -0.054725 0.005076 0.004245
v -0.056055 0.004698 0.003481
v -0.057082 0.003657 0.002647
v -0.053736 0.004894 0.004751
v -0.055023 0.005071 0.004062
v -0.056322 0.004531 0.003277
v -0.057233 0.003371 0.002432
v -0.053993 0.005008 0.004590
v -0.055322 0.005028 0.003874
v -0.056568 0.004332 0.003070
v -0.057349 0.003069 0.002217
v -0.054269 0.00509 0.004421
v -0.055618 0.004948 0.003680
v -0.056792 0.004104 0.002860
v -0.054557 0.005137 0.004245
v -0.055906 0.004832 0.003481
v -0.056987 0.003849 0.002647
v -0.053579 0.004903 0.004751
v -0.054854 0.005148 0.004062
v -0.056180 0.00468 0.003277
v -0.057153 0.003571 0.002432
v -0.053830 0.005031 0.004590
v -0.055155 0.005122 0.003874
v -0.056438 0.004495 0.003070
v -0.057285 0.003275 0.002217
v -0.054100 0.005127 0.004421
v -0.055455 0.005059 0.003680
v -0.056673 0.004279 0.002860
v -0.054386 0.00519 0.004245
v -0.055749 0.004958 0.003481
v -0.056882 0.004035 0.002647
v -0.054682 0.005217 0.004062
v -0.056031 0.004822 0.003277
v -0.057062 0.003767 0.002432
v -0.053665 0.005044 0.004590
v -0.054984 0.005207 0.003874
v -0.056298 0.004651 0.003070
v -0.057210 0.003478 0.002217
v -0.053930 0.005155 0.004421
v -0.055287 0.00516 0.003680
v -0.056545 0.004447 0.002860
v -0.054212 0.005233 0.004245
v -0.055585 0.005076 0.003481
v -0.056767 0.004215 0.002647
v -0.054506 0.005276 0.004062
v -0.055875 0.004954 0.003277
v -0.056962 0.003957 0.002432
v -0.054808 0.005283 0.003874
v -0.056151 0.004798 0.003070
v -0.057125 0.003677 0.002217
v -0.053758 0.005174 0.004421
v -0.055113 0.005252 0.003680
v -0.056408 0.004609 0.002860
v -0.054036 0.005267 0.004245
v -0.055416 0.005184 0.003481
v -0.056642 0.004389 0.002647
v -0.054327 0.005326 0.004062
v -0.055711 0.005079 0.003277
v -0.056851 0.004142 0.002432
v -0.054628 0.005349 0.003874
v -0.055995 0.004938 0.003070
v -0.057029 0.003871 0.002217
v -0.053586 0.005183 0.004421
v -0.054935 0.005335 0.003680
v -0.056262 0.004762 0.002860
v -0.053858 0.005291 0.004245
v -0.055241 0.005283 0.003481
v -0.056508 0.004555 0.002647
v -0.054146 0.005366 0.004062
v -0.055542 0.005194 0.003277
v -0.056730 0.00432 0.002432
v -0.054445 0.005405 0.003874
v -0.055832 0.005068 0.003070
v -0.056922 0.004059 0.002217
v -0.054752 0.005408 0.003680
v -0.056109 0.004908 0.002860
v -0.053679 0.005306 0.004245
v -0.055060 0.005372 0.003481
v -0.056366 0.004715 0.002647
v -0.053963 0.005396 0.004062
v -0.055366 0.0053 0.003277
v -0.056599 0.004491 0.002432
v -0.054260 0.005451 0.003874
v -0.055663 0.00519 0.003070
v -0.056806 0.004241 0.002217
v -0.054566 0.00547 0.003680
v -0.055947 0.005045 0.002860
v -0.054875 0.005452 0.003481
v -0.056215 0.004866 0.002647
v -0.053778 0.005416 0.004062
v -0.055184 0.005396 0.003277
v -0.056460 0.004655 0.002432
v -0.054072 0.005487 0.003874
v -0.055487 0.005302 0.003070
v -0.056680 0.004417 0.002217
v -0.054376 0.005523 0.003680
v -0.055779 0.005173 0.002860
v -0.054686 0.005521 0.003481
v -0.056055 0.005008 0.002647
v -0.053593 0.005426 0.004062
v -0.054998 0.005482 0.003277
v -0.056312 0.004812 0.002432
v -0.053882 0.005513 0.003874
v -0.055305 0.005405 0.003070
v -0.056544 0.004586 0.002217
v -0.054184 0.005565 0.003680
v -0.055604 0.005292 0.002860
v -0.054494 0.00558 0.003481
v -0.055889 0.005142 0.002647
v -0.054807 0.005558 0.003277
v -0.056155 0.00496 0.002432
v -0.053691 0.005529 0.003874
v -0.055118 0.005498 0.003070
v -0.056400 0.004747 0.002217
v -0.053990 0.005597 0.003680
v -0.055423 0.005401 0.002860
v -0.054299 0.005629 0.003481
v -0.055715 0.005267 0.002647
v -0.054613 0.005624 0.003277
v -0.055991 0.005099 0.002432
v -0.054927 0.00558 0.003070
v -0.056247 0.0049 0.002217
v -0.053795 0.005618 0.003680
v -0.055236 0.0055 0.002860
v -0.054101 0.005667 0.003481
v -0.055535 0.005382 0.002647
v -0.054415 0.005679 0.003277
v -0.055820 0.00523 0.002432
v -0.054731 0.005652 0.003070
v -0.056086 0.005044 0.002217
v -0.053598 0.005629 0.003680
v -0.055044 0.005589 0.002860
v -0.053902 0.005694 0.003481
v -0.055349 0.005487 0.002647
v -0.054214 0.005723 0.003277
v -0.055642 0.005351 0.002432
v -0.054531 0.005714 0.003070
v -0.055917 0.00518 0.002217
v -0.054847 0.005667 0.002860
v -0.053701 0.00571 0.003481
v -0.055157 0.005582 0.002647
v -0.054012 0.005756 0.003277
v -0.055457 0.005462 0.002432
v -0.054329 0.005764 0.003070
v -0.055741 0.005306 0.002217
v -0.054647 0.005734 0.002860
v -0.054961 0.005667 0.002647
v -0.053808 0.005778 0.003277
v -0.055267 0.005562 0.002432
v -0.054124 0.005803 0.003070
v -0.055559 0.005422 0.002217
v -0.054443 0.005791 0.002860
v -0.054760 0.005741 0.002647
v -0.053603 0.005789 0.003277
v -0.055071 0.005653 0.002432
v -0.053917 0.005832 0.003070
v -0.055371 0.005529 0.002217
v -0.054236 0.005836 0.002860
v -0.054556 0.005803 0.002647
v -0.054871 0.005733 0.002432
v -0.053709 0.005849 0.003070
v -0.055177 0.005625 0.002217
v -0.054027 0.005871 0.002860
v -0.054349 0.005855 0.002647
v -0.054667 0.005801 0.002432
v -0.054978 0.00571 0.002217
v -0.053817 0.005894 0.002860
v -0.054139 0.005895 0.002647
v -0.054460 0.005859 0.002432
v -0.054775 0.005785 0.002217
v -0.053606 0.005905 0.002860
v -0.053927 0.005924 0.002647
v -0.054249 0.005905 0.002432
v -0.054569 0.005849 0.002217
v -0.053714 0.005942 0.002647
v -0.054037 0.00594 0.002432
v -0.054359 0.005901 0.002217
v -0.053823 0.005963 0.002432
v -0.054146 0.005942 0.002217
v -0.053608 0.005975 0.002432
v -0.053932 0.005971 0.002217
v -0.053716 0.005988 0.002217
v -0.053500 0.006 -0.002000
v -0.053500 0.006 0.002000
v 0.053500 0.006 0.002000
v 0.053500 0.006 -0.002000
v -0.053500 0.002 -0.006000
v -0.053500 -0.002 -0.006000
v 0.053500 0.002 -0.006000
v 0.053500 -0.002 -0.006000
v -0.053500 -0.002 -0.006000
v -0.053733 -0.002 -0.005993
v -0.053964 -0.002 -0.005973
v -0.054195 -0.002 -0.005939
v -0.054422 -0.002 -0.005892
v -0.054647 -0.002 -0.005832
v -0.054868 -0.002 -0.005759
v -0.055084 -0.002 -0.005673
v -0.055295 -0.002 -0.005575
v -0.055500 -0.002 -0.005464
v -0.055698 -0.002 -0.005342
v -0.055889 -0.002 -0.005208
v -0.056071 -0.002 -0.005064
v -0.056245 -0.002 -0.004909
v -0.056409 -0.002 -0.004745
v -0.056564 -0.002 -0.004571
v -0.056708 -0.002 -0.004389
v -0.056842 -0.002 -0.004198
v -0.056964 -0.002 -0.004000
v -0.057075 -0.002 -0.003795
v -0.057173 -0.002 -0.003584
v -0.057259 -0.002 -0.003368
v -0.057332 -0.002 -0.003147
v -0.057392 -0.002 -0.002922
v -0.057439 -0.002 -0.002695
v -0.057473 -0.002 -0.002464
v -0.057493 -0.002 -0.002233
v -0.057500 -0.002 -0.002000
v -0.053500 -0.002 -0.006000
v -0.053500 -0.002233 -0.005993
v -0.053500 -0.002464 -0.005973
v -0.053500 -0.002695 -0.005939
v -0.053500 -0.002922 -0.005892
v -0.053500 -0.003147 -0.005832
v -0.053500 -0.003368 -0.005759
v -0.053500 -0.003584 -0.005673
v -0.053500 -0.003795 -0.005575
v -0.053500 -0.004 -0.005464
v -0.053500 -0.004198 -0.005342
v -0.053500 -0.004389 -0.005208
v -0.053500 -0.004571 -0.005064
v -0.053500 -0.004745 -0.004909
v -0.053500 -0.004909 -0.004745
v -0.053500 -0.005064 -0.004571
v -0.053500 -0.005208 -0.004389
v -0.053500 -0.005342 -0.004198
v -0.053500 -0.005464 -0.004000
v -0.053500 -0.005575 -0.003795
v -0.053500 -0.005673 -0.003584
v -0.053500 -0.005759 -0.003368
v -0.053500 -0.005832 -0.003147
v -0.053500 -0.005892 -0.002922
v -0.053500 -0.005939 -0.002695
v -0.053500 -0.005973 -0.002464
v -0.053500 -0.005993 -0.002233
v -0.053500 -0.006 -0.002000
v -0.057493 -0.002233 -0.002000
v -0.057473 -0.002464 -0.002000
v -0.057439 -0.002695 -0.002000
v -0.057392 -0.002922 -0.002000
v -0.057332 -0.003147 -0.002000
v -0.057259 -0.003368 -0.002000
v -0.057173 -0.003584 -0.002000
v -0.057075 -0.003795 -0.002000
v -0.056964 -0.004 -0.002000
v -0.056842 -0.004198 -0.002000
v -0.056708 -0.004389 -0.002000
v -0.056564 -0.004571 -0.002000
v -0.056409 -0.004745 -0.002000
v -0.056245 -0.004909 -0.002000
v -0.056071 -0.005064 -0.002000
v -0.055889 -0.005208 -0.002000
v -0.055698 -0.005342 -0.002000
v -0.055500 -0.005464 -0.002000
v -0.055295 -0.005575 -0.002000
v -0.055084 -0.005673 -0.002000
v -0.054868 -0.005759 -0.002000
v -0.054647 -0.005832 -0.002000
v -0.054422 -0.005892 -0.002000
v -0.054195 -0.005939 -0.002000
v -0.053964 -0.005973 -0.002000
v -0.053733 -0.005993 -0.002000
v -0.053716 -0.002006 -0.005994
v -0.053716 -0.002018 -0.005994
v -0.053715 -0.002029 -0.005994
v -0.053932 -0.002023 -0.005977
v -0.053713 -0.002041 -0.005994
v -0.053930 -0.002047 -0.005977
v -0.054147 -0.002018 -0.005947
v -0.053710 -0.002052 -0.005994
v -0.053927 -0.00207 -0.005977
v -0.054145 -0.002053 -0.005947
v -0.053707 -0.002064 -0.005994
v -0.053922 -0.002093 -0.005977
v -0.054141 -0.002087 -0.005947
v -0.054359 -0.002047 -0.005906
v -0.053703 -0.002075 -0.005994
v -0.053917 -0.002116 -0.005977
v -0.054136 -0.002122 -0.005947
v -0.054355 -0.002093 -0.005906
v -0.053699 -0.002086 -0.005994
v -0.054570 -0.002029 -0.005854
v -0.053910 -0.002138 -0.005977
v -0.054128 -0.002156 -0.005947
v -0.054349 -0.002139 -0.005906
v -0.053694 -0.002096 -0.005994
v -0.054567 -0.002087 -0.005854
v -0.053902 -0.00216 -0.005977
v -0.054119 -0.00219 -0.005947
v -0.054340 -0.002185 -0.005906
v -0.053689 -0.002107 -0.005994
v -0.054560 -0.002144 -0.005854
v -0.053893 -0.002182 -0.005977
v -0.054775 -0.002069 -0.005791
v -0.054107 -0.002223 -0.005947
v -0.054329 -0.00223 -0.005906
v -0.053682 -0.002117 -0.005994
v -0.054551 -0.002202 -0.005854
v -0.053882 -0.002203 -0.005977
v -0.054770 -0.002138 -0.005791
v -0.054094 -0.002256 -0.005947
v -0.054980 -0.00204 -0.005716
v -0.054315 -0.002275 -0.005906
v -0.053676 -0.002126 -0.005994
v -0.054538 -0.002258 -0.005854
v -0.053871 -0.002223 -0.005977
v -0.054760 -0.002207 -0.005791
v -0.054080 -0.002288 -0.005947
v -0.054976 -0.00212 -0.005716
v -0.054299 -0.002318 -0.005906
v -0.053669 -0.002136 -0.005994
v -0.054523 -0.002314 -0.005854
v -0.053858 -0.002243 -0.005977
v -0.054747 -0.002275 -0.005791
v -0.054063 -0.002318 -0.005947
v -0.054967 -0.0022 -0.005716
v -0.054280 -0.002361 -0.005906
v -0.055177 -0.002091 -0.005630
v -0.053661 -0.002145 -0.005994
v -0.054504 -0.002369 -0.005854
v -0.053844 -0.002262 -0.005977
v -0.054731 -0.002342 -0.005791
v -0.054045 -0.002349 -0.005947
v -0.054954 -0.002279 -0.005716
v -0.054260 -0.002403 -0.005906
v -0.055170 -0.002182 -0.005630
v -0.053653 -0.002153 -0.005994
v -0.054483 -0.002423 -0.005854
v -0.055373 -0.002051 -0.005534
v -0.053830 -0.00228 -0.005977
v -0.054710 -0.002408 -0.005791
v -0.054026 -0.002378 -0.005947
v -0.054937 -0.002357 -0.005716
v -0.054237 -0.002443 -0.005906
v -0.055157 -0.002272 -0.005630
v -0.053645 -0.002161 -0.005994
v -0.054459 -0.002475 -0.005854
v -0.055367 -0.002152 -0.005534
v -0.053814 -0.002297 -0.005977
v -0.054686 -0.002473 -0.005791
v -0.054004 -0.002405 -0.005947
v -0.054915 -0.002435 -0.005716
v -0.054212 -0.002483 -0.005906
v -0.055140 -0.002361 -0.005630
v -0.053636 -0.002169 -0.005994
v -0.054432 -0.002527 -0.005854
v -0.055356 -0.002253 -0.005534
v -0.053797 -0.002314 -0.005977
v -0.054659 -0.002536 -0.005791
v -0.055559 -0.002112 -0.005427
v -0.053982 -0.002432 -0.005947
v -0.054890 -0.002511 -0.005716
v -0.054185 -0.00252 -0.005906
v -0.055118 -0.002449 -0.005630
v -0.053626 -0.002176 -0.005994
v -0.054402 -0.002576 -0.005854
v -0.055340 -0.002353 -0.005534
v -0.053780 -0.00233 -0.005977
v -0.054628 -0.002598 -0.005791
v -0.055550 -0.002223 -0.005427
v -0.053958 -0.002458 -0.005947
v -0.054860 -0.002585 -0.005716
v -0.055744 -0.002061 -0.005311
v -0.054155 -0.002557 -0.005906
v -0.055092 -0.002536 -0.005630
v -0.053617 -0.002182 -0.005994
v -0.054369 -0.002624 -0.005854
v -0.055318 -0.002452 -0.005534
v -0.053762 -0.002344 -0.005977
v -0.054594 -0.002658 -0.005791
v -0.055535 -0.002334 -0.005427
v -0.053932 -0.002482 -0.005947
v -0.054826 -0.002658 -0.005716
v -0.055737 -0.002182 -0.005311
v -0.054124 -0.002591 -0.005906
v -0.055060 -0.002622 -0.005630
v -0.053607 -0.002189 -0.005994
v -0.054334 -0.00267 -0.005854
v -0.055291 -0.00255 -0.005534
v -0.053743 -0.002358 -0.005977
v -0.054557 -0.002717 -0.005791
v -0.055514 -0.002443 -0.005427
v -0.053905 -0.002504 -0.005947
v -0.054789 -0.002729 -0.005716
v -0.055724 -0.002303 -0.005311
v -0.054091 -0.002624 -0.005906
v -0.055024 -0.002705 -0.005630
v -0.055917 -0.002131 -0.005184
v -0.053596 -0.002194 -0.005994
v -0.054297 -0.002715 -0.005854
v -0.055259 -0.002646 -0.005534
v -0.053723 -0.002371 -0.005977
v -0.054517 -0.002773 -0.005791
v -0.055487 -0.002552 -0.005427
v -0.053878 -0.002526 -0.005947
v -0.054747 -0.002797 -0.005716
v -0.055705 -0.002423 -0.005311
v -0.054057 -0.002655 -0.005906
v -0.054984 -0.002787 -0.005630
v -0.055907 -0.002262 -0.005184
v -0.053586 -0.002199 -0.005994
v -0.054257 -0.002757 -0.005854
v -0.055221 -0.00274 -0.005534
v -0.056089 -0.00207 -0.005049
v -0.053703 -0.002382 -0.005977
v -0.054473 -0.002827 -0.005791
v -0.055454 -0.002658 -0.005427
v -0.053849 -0.002545 -0.005947
v -0.054702 -0.002864 -0.005716
v -0.055678 -0.002542 -0.005311
v -0.054020 -0.002685 -0.005906
v -0.054939 -0.002866 -0.005630
v -0.055889 -0.002392 -0.005184
v -0.053575 -0.002203 -0.005994
v -0.054215 -0.002797 -0.005854
v -0.055179 -0.002832 -0.005534
v -0.056081 -0.00221 -0.005049
v -0.053682 -0.002393 -0.005977
v -0.054427 -0.002878 -0.005791
v -0.055416 -0.002763 -0.005427
v -0.053818 -0.002563 -0.005947
v -0.054654 -0.002928 -0.005716
v -0.055646 -0.002659 -0.005311
v -0.053983 -0.002712 -0.005906
v -0.054890 -0.002943 -0.005630
v -0.055864 -0.00252 -0.005184
v -0.053564 -0.002207 -0.005994
v -0.054170 -0.002834 -0.005854
v -0.055131 -0.002922 -0.005534
v -0.056066 -0.00235 -0.005049
v -0.053660 -0.002402 -0.005977
v -0.054378 -0.002927 -0.005791
v -0.055372 -0.002866 -0.005427
v -0.056247 -0.002149 -0.004904
v -0.053788 -0.00258 -0.005947
v -0.054602 -0.002989 -0.005716
v -0.055607 -0.002774 -0.005311
v -0.053943 -0.002737 -0.005906
v -0.054837 -0.003016 -0.005630
v -0.055832 -0.002648 -0.005184
v -0.053552 -0.00221 -0.005994
v -0.054124 -0.002869 -0.005854
v -0.055079 -0.003009 -0.005534
v -0.056043 -0.002488 -0.005049
v -0.053638 -0.00241 -0.005977
v -0.054327 -0.002973 -0.005791
v -0.055322 -0.002966 -0.005427
v -0.056235 -0.002297 -0.004904
v -0.053756 -0.002594 -0.005947
v -0.054547 -0.003047 -0.005716
v -0.055562 -0.002887 -0.005311
v -0.056403 -0.002079 -0.004751
v -0.053903 -0.00276 -0.005906
v -0.054780 -0.003087 -0.005630
v -0.055794 -0.002773 -0.005184
v -0.053541 -0.002213 -0.005994
v -0.054076 -0.002902 -0.005854
v -0.055022 -0.003093 -0.005534
v -0.056013 -0.002625 -0.005049
v -0.053616 -0.002417 -0.005977
v -0.054273 -0.003017 -0.005791
v -0.055267 -0.003063 -0.005427
v -0.056215 -0.002445 -0.004904
v -0.053723 -0.002607 -0.005947
v -0.054489 -0.003102 -0.005716
v -0.055511 -0.002997 -0.005311
v -0.056394 -0.002236 -0.004751
v -0.053861 -0.00278 -0.005906
v -0.054719 -0.003155 -0.005630
v -0.055749 -0.002896 -0.005184
v -0.053529 -0.002215 -0.005994
v -0.054027 -0.002932 -0.005854
v -0.054960 -0.003174 -0.005534
v -0.055975 -0.00276 -0.005049
v -0.053593 -0.002422 -0.005977
v -0.054217 -0.003057 -0.005791
v -0.055207 -0.003157 -0.005427
v -0.056186 -0.002591 -0.004904
v -0.053690 -0.002619 -0.005947
v -0.054428 -0.003154 -0.005716
v -0.055454 -0.003105 -0.005311
v -0.056377 -0.002392 -0.004751
v -0.053818 -0.002799 -0.005906
v -0.054655 -0.003219 -0.005630
v -0.055697 -0.003016 -0.005184
v -0.056544 -0.002165 -0.004590
v -0.053518 -0.002216 -0.005994
v -0.053975 -0.002959 -0.005854
v -0.054895 -0.003251 -0.005534
v -0.055931 -0.002893 -0.005049
v -0.053570 -0.002427 -0.005977
v -0.054158 -0.003094 -0.005791
v -0.055142 -0.003248 -0.005427
v -0.056151 -0.002736 -0.004904
v -0.053656 -0.002628 -0.005947
v -0.054364 -0.003202 -0.005716
v -0.055391 -0.003209 -0.005311
v -0.056352 -0.002547 -0.004751
v -0.053775 -0.002815 -0.005906
v -0.054587 -0.00328 -0.005630
v -0.055639 -0.003134 -0.005184
v -0.056531 -0.00233 -0.004590
v -0.053506 -0.002216 -0.005994
v -0.053923 -0.002983 -0.005854
v -0.054825 -0.003325 -0.005534
v -0.055879 -0.003023 -0.005049
v -0.056683 -0.002086 -0.004421
v -0.053547 -0.00243 -0.005977
v -0.054098 -0.003128 -0.005791
v -0.055072 -0.003335 -0.005427
v -0.056107 -0.002878 -0.004904
v -0.053622 -0.002636 -0.005947
v -0.054297 -0.003247 -0.005716
v -0.055323 -0.00331 -0.005311
v -0.056318 -0.002701 -0.004751
v -0.053730 -0.002829 -0.005906
v -0.054516 -0.003337 -0.005630
v -0.055574 -0.003248 -0.005184
v -0.056508 -0.002493 -0.004590
v -0.053869 -0.003004 -0.005854
v -0.054751 -0.003395 -0.005534
v -0.055820 -0.003151 -0.005049
v -0.056674 -0.002258 -0.004421
v -0.053523 -0.002432 -0.005977
v -0.054036 -0.003159 -0.005791
v -0.054997 -0.003418 -0.005427
v -0.056055 -0.003018 -0.004904
v -0.053587 -0.002641 -0.005947
v -0.054229 -0.003289 -0.005716
v -0.055250 -0.003406 -0.005311
v -0.056276 -0.002852 -0.004751
v -0.053685 -0.00284 -0.005906
v -0.054443 -0.00339 -0.005630
v -0.055504 -0.003358 -0.005184
v -0.056477 -0.002655 -0.004590
v -0.053814 -0.003023 -0.005854
v -0.054674 -0.00346 -0.005534
v -0.055754 -0.003274 -0.005049
v -0.056655 -0.00243 -0.004421
v -0.053973 -0.003186 -0.005791
v -0.054918 -0.003497 -0.005427
v -0.055997 -0.003155 -0.004904
v -0.056806 -0.002179 -0.004245
v -0.053553 -0.002645 -0.005947
v -0.054158 -0.003326 -0.005716
v -0.055171 -0.003499 -0.005311
v -0.056226 -0.003001 -0.004751
v -0.053639 -0.002849 -0.005906
v -0.054366 -0.003439 -0.005630
v -0.055427 -0.003465 -0.005184
v -0.056438 -0.002816 -0.004590
v -0.053758 -0.003038 -0.005854
v -0.054593 -0.003522 -0.005534
v -0.055682 -0.003395 -0.005049
v -0.056627 -0.0026 -0.004421
v -0.053908 -0.00321 -0.005791
v -0.054835 -0.003572 -0.005427
v -0.055930 -0.003288 -0.004904
v -0.056791 -0.002358 -0.004245
v -0.053518 -0.002647 -0.005947
v -0.054085 -0.00336 -0.005716
v -0.055087 -0.003587 -0.005311
v -0.056168 -0.003148 -0.004751
v -0.056926 -0.002093 -0.004062
v -0.053593 -0.002855 -0.005906
v -0.054287 -0.003484 -0.005630
v -0.055345 -0.003567 -0.005184
v -0.056389 -0.002973 -0.004590
v -0.053702 -0.003051 -0.005854
v -0.054509 -0.003579 -0.005534
v -0.055603 -0.003511 -0.005049
v -0.056590 -0.002769 -0.004421
v -0.053842 -0.003231 -0.005791
v -0.054748 -0.003642 -0.005427
v -0.055857 -0.003418 -0.004904
v -0.056767 -0.002536 -0.004245
v -0.054011 -0.00339 -0.005716
v -0.054999 -0.003671 -0.005311
v -0.056102 -0.00329 -0.004751
v -0.056916 -0.002278 -0.004062
v -0.053547 -0.002859 -0.005906
v -0.054205 -0.003524 -0.005630
v -0.055257 -0.003665 -0.005184
v -0.056332 -0.003128 -0.004590
v -0.053644 -0.00306 -0.005854
v -0.054422 -0.003631 -0.005534
v -0.055518 -0.003622 -0.005049
v -0.056544 -0.002935 -0.004421
v -0.053775 -0.003247 -0.005791
v -0.054657 -0.003707 -0.005427
v -0.055777 -0.003544 -0.004904
v -0.056733 -0.002712 -0.004245
v -0.053935 -0.003415 -0.005716
v -0.054906 -0.00375 -0.005311
v -0.056028 -0.003429 -0.004751
v -0.056896 -0.002463 -0.004062
v -0.054122 -0.00356 -0.005630
v -0.055165 -0.003757 -0.005184
v -0.056267 -0.00328 -0.004590
v -0.057029 -0.002191 -0.003874
v -0.053587 -0.003067 -0.005854
v -0.054332 -0.003679 -0.005534
v -0.055428 -0.003729 -0.005049
v -0.056489 -0.003098 -0.004421
v -0.053707 -0.00326 -0.005791
v -0.054563 -0.003767 -0.005427
v -0.055690 -0.003665 -0.004904
v -0.056690 -0.002886 -0.004245
v -0.053857 -0.003437 -0.005716
v -0.054810 -0.003823 -0.005311
v -0.055947 -0.003564 -0.004751
v -0.056866 -0.002646 -0.004062
v -0.054036 -0.003592 -0.005630
v -0.055067 -0.003845 -0.005184
v -0.056194 -0.003428 -0.004590
v -0.057013 -0.002382 -0.003874
v -0.053529 -0.00307 -0.005854
v -0.054240 -0.003721 -0.005534
v -0.055331 -0.003831 -0.005049
v -0.056425 -0.003258 -0.004421
v -0.057129 -0.002098 -0.003680
v -0.053638 -0.00327 -0.005791
v -0.054466 -0.003822 -0.005427
v -0.055597 -0.003781 -0.004904
v -0.056637 -0.003057 -0.004245
v -0.053779 -0.003454 -0.005716
v -0.054709 -0.003891 -0.005311
v -0.055859 -0.003694 -0.004751
v -0.056826 -0.002827 -0.004062
v -0.053949 -0.003618 -0.005630
v -0.054965 -0.003927 -0.005184
v -0.056112 -0.003572 -0.004590
v -0.056987 -0.002572 -0.003874
v -0.054146 -0.003759 -0.005534
v -0.055229 -0.003928 -0.005049
v -0.056353 -0.003415 -0.004421
v -0.057118 -0.002295 -0.003680
v -0.053569 -0.003275 -0.005791
v -0.054366 -0.003872 -0.005427
v -0.055497 -0.003892 -0.004904
v -0.056576 -0.003225 -0.004245
v -0.053700 -0.003467 -0.005716
v -0.054605 -0.003954 -0.005311
v -0.055763 -0.003819 -0.004751
v -0.056776 -0.003006 -0.004062
v -0.053861 -0.00364 -0.005630
v -0.054858 -0.004004 -0.005184
v -0.056023 -0.003711 -0.004590
v -0.056951 -0.00276 -0.003874
v -0.054050 -0.003791 -0.005534
v -0.055122 -0.004018 -0.005049
v -0.056272 -0.003567 -0.004421
v -0.057097 -0.00249 -0.003680
v -0.054263 -0.003916 -0.005427
v -0.055392 -0.003997 -0.004904
v -0.056505 -0.00339 -0.004245
v -0.057210 -0.002201 -0.003481
v -0.053620 -0.003476 -0.005716
v -0.054497 -0.004011 -0.005311
v -0.055662 -0.003939 -0.004751
v -0.056717 -0.003182 -0.004062
v -0.053772 -0.003657 -0.005630
v -0.054748 -0.004074 -0.005184
v -0.055927 -0.003845 -0.004590
v -0.056905 -0.002945 -0.003874
v -0.053952 -0.003818 -0.005534
v -0.055011 -0.004103 -0.005049
v -0.056183 -0.003715 -0.004421
v -0.057065 -0.002684 -0.003680
v -0.054158 -0.003954 -0.005427
v -0.055281 -0.004097 -0.004904
v -0.056425 -0.003551 -0.004245
v -0.057194 -0.002402 -0.003481
v -0.053540 -0.00348 -0.005716
v -0.054387 -0.004062 -0.005311
v -0.055553 -0.004053 -0.004751
v -0.056648 -0.003354 -0.004062
v -0.057289 -0.002103 -0.003277
v -0.053682 -0.00367 -0.005630
v -0.054634 -0.004139 -0.005184
v -0.055824 -0.003974 -0.004590
v -0.056849 -0.003128 -0.003874
v -0.053853 -0.00384 -0.005534
v -0.054895 -0.004182 -0.005049
v -0.056086 -0.003858 -0.004421
v -0.057023 -0.002876 -0.003680
v -0.054052 -0.003987 -0.005427
v -0.055165 -0.00419 -0.004904
v -0.056337 -0.003707 -0.004245
v -0.057167 -0.002601 -0.003481
v -0.054274 -0.004107 -0.005311
v -0.055439 -0.004162 -0.004751
v -0.056571 -0.003523 -0.004062
v -0.057278 -0.002308 -0.003277
v -0.053591 -0.003677 -0.005630
v -0.054516 -0.004197 -0.005184
v -0.055713 -0.004097 -0.004590
v -0.056783 -0.003308 -0.003874
v -0.053753 -0.003856 -0.005534
v -0.054774 -0.004254 -0.005049
v -0.055982 -0.003995 -0.004421
v -0.056970 -0.003066 -0.003680
v -0.053943 -0.004014 -0.005427
v -0.055044 -0.004277 -0.004904
v -0.056240 -0.003858 -0.004245
v -0.057129 -0.002799 -0.003481
v -0.054159 -0.004146 -0.005311
v -0.055319 -0.004263 -0.004751
v -0.056484 -0.003687 -0.004062
v -0.057256 -0.002512 -0.003277
v -0.054396 -0.004249 -0.005184
v -0.055597 -0.004213 -0.004590
v -0.056707 -0.003484 -0.003874
v -0.057349 -0.002209 -0.003070
v -0.053652 -0.003867 -0.005534
v -0.054651 -0.00432 -0.005049
v -0.055870 -0.004126 -0.004421
v -0.056908 -0.003252 -0.003680
v -0.053834 -0.004035 -0.005427
v -0.054918 -0.004357 -0.004904
v -0.056136 -0.004004 -0.004245
v -0.057080 -0.002994 -0.003481
v -0.054042 -0.004178 -0.005311
v -0.055194 -0.004359 -0.004751
v -0.056388 -0.003846 -0.004062
v -0.057223 -0.002714 -0.003277
v -0.054273 -0.004294 -0.005184
v -0.055474 -0.004324 -0.004590
v -0.056622 -0.003655 -0.003874
v -0.057332 -0.002417 -0.003070
v -0.053551 -0.003873 -0.005534
v -0.054523 -0.004379 -0.005049
v -0.055752 -0.004252 -0.004421
v -0.056835 -0.003435 -0.003680
v -0.057405 -0.002106 -0.002860
v -0.053723 -0.00405 -0.005427
v -0.054788 -0.00443 -0.004904
v -0.056023 -0.004143 -0.004245
v -0.057021 -0.003186 -0.003481
v -0.053923 -0.004205 -0.005311
v -0.055064 -0.004447 -0.004751
v -0.056284 -0.004 -0.004062
v -0.057179 -0.002915 -0.003277
v -0.054148 -0.004332 -0.005184
v -0.055345 -0.004427 -0.004590
v -0.056528 -0.003822 -0.003874
v -0.057303 -0.002624 -0.003070
v -0.054393 -0.004431 -0.005049
v -0.055626 -0.00437 -0.004421
v -0.056752 -0.003613 -0.003680
v -0.057394 -0.002317 -0.002860
v -0.053612 -0.004059 -0.005427
v -0.054655 -0.004497 -0.004904
v -0.055904 -0.004277 -0.004245
v -0.056952 -0.003375 -0.003481
v -0.053803 -0.004224 -0.005311
v -0.054929 -0.004528 -0.004751
v -0.056171 -0.004147 -0.004062
v -0.057124 -0.003113 -0.003277
v -0.054020 -0.004364 -0.005184
v -0.055211 -0.004523 -0.004590
v -0.056425 -0.003983 -0.003874
v -0.057264 -0.002829 -0.003070
v -0.054260 -0.004475 -0.005049
v -0.055495 -0.004482 -0.004421
v -0.056660 -0.003787 -0.003680
v -0.057371 -0.002527 -0.002860
v -0.054518 -0.004555 -0.004904
v -0.055777 -0.004404 -0.004245
v -0.056872 -0.00356 -0.003481
v -0.057442 -0.002214 -0.002647
v -0.053682 -0.004237 -0.005311
v -0.054790 -0.004602 -0.004751
v -0.056051 -0.004289 -0.004062
v -0.057058 -0.003307 -0.003277
v -0.053892 -0.004389 -0.005184
v -0.055072 -0.004612 -0.004590
v -0.056313 -0.004139 -0.003874
v -0.057214 -0.003031 -0.003070
v -0.054125 -0.004513 -0.005049
v -0.055358 -0.004586 -0.004421
v -0.056559 -0.003955 -0.003680
v -0.057336 -0.002736 -0.002860
v -0.054378 -0.004607 -0.004904
v -0.055643 -0.004523 -0.004245
v -0.056783 -0.003741 -0.003481
v -0.057424 -0.002427 -0.002647
v -0.053561 -0.004244 -0.005311
v -0.054648 -0.004668 -0.004751
v -0.055924 -0.004424 -0.004062
v -0.056982 -0.003498 -0.003277
v -0.057475 -0.002108 -0.002432
v -0.053762 -0.004407 -0.005184
v -0.054928 -0.004694 -0.004590
v -0.056194 -0.004288 -0.003874
v -0.057152 -0.003231 -0.003070
v -0.053988 -0.004543 -0.005049
v -0.055215 -0.004683 -0.004421
v -0.056448 -0.004118 -0.003680
v -0.057291 -0.002943 -0.002860
v -0.054236 -0.004651 -0.004904
v -0.055504 -0.004636 -0.004245
v -0.056684 -0.003916 -0.003481
v -0.057395 -0.002639 -0.002647
v -0.054501 -0.004726 -0.004751
v -0.055789 -0.004551 -0.004062
v -0.056896 -0.003684 -0.003277
v -0.057463 -0.002323 -0.002432
v -0.053631 -0.004417 -0.005184
v -0.054780 -0.004767 -0.004590
v -0.056066 -0.00443 -0.003874
v -0.057080 -0.003427 -0.003070
v -0.053850 -0.004566 -0.005049
v -0.055067 -0.004772 -0.004421
v -0.056330 -0.004274 -0.003680
v -0.057234 -0.003147 -0.002860
v -0.054091 -0.004686 -0.004904
v -0.055358 -0.00474 -0.004245
v -0.056576 -0.004085 -0.003481
v -0.057355 -0.002849 -0.002647
v -0.054352 -0.004776 -0.004751
v -0.055647 -0.004671 -0.004062
v -0.056800 -0.003866 -0.003277
v -0.057440 -0.002537 -0.002432
v -0.054628 -0.004832 -0.004590
v -0.055930 -0.004566 -0.003874
v -0.056998 -0.003618 -0.003070
v -0.057488 -0.002216 -0.002217
v -0.053710 -0.004581 -0.005049
v -0.054915 -0.004853 -0.004421
v -0.056202 -0.004424 -0.003680
v -0.057167 -0.003347 -0.002860
v -0.053945 -0.004715 -0.004904
v -0.055207 -0.004837 -0.004245
v -0.056458 -0.004249 -0.003481
v -0.057303 -0.003056 -0.002647
v -0.054201 -0.004818 -0.004751
v -0.055500 -0.004784 -0.004062
v -0.056694 -0.004042 -0.003277
v -0.057405 -0.002749 -0.002432
v -0.054473 -0.004889 -0.004590
v -0.055788 -0.004694 -0.003874
v -0.056905 -0.003805 -0.003070
v -0.057471 -0.002432 -0.002217
v -0.053570 -0.004589 -0.005049
v -0.054758 -0.004925 -0.004421
v -0.056067 -0.004567 -0.003680
v -0.057089 -0.003544 -0.002860
v -0.053797 -0.004735 -0.004904
v -0.055051 -0.004925 -0.004245
v -0.056332 -0.004406 -0.003481
v -0.057241 -0.00326 -0.002647
v -0.054047 -0.004852 -0.004751
v -0.055346 -0.004888 -0.004062
v -0.056579 -0.004211 -0.003277
v -0.057359 -0.00296 -0.002432
v -0.054316 -0.004938 -0.004590
v -0.055639 -0.004813 -0.003874
v -0.056802 -0.003987 -0.003070
v -0.057442 -0.002646 -0.002217
v -0.054598 -0.004989 -0.004421
v -0.055924 -0.004702 -0.003680
v -0.057000 -0.003736 -0.002860
v -0.053649 -0.004747 -0.004904
v -0.054890 -0.005005 -0.004245
v -0.056198 -0.004555 -0.003481
v -0.057167 -0.003461 -0.002647
v -0.053892 -0.004877 -0.004751
v -0.055187 -0.004984 -0.004062
v -0.056454 -0.004375 -0.003277
v -0.057301 -0.003167 -0.002432
v -0.054155 -0.004977 -0.004590
v -0.055483 -0.004925 -0.003874
v -0.056690 -0.004163 -0.003070
v -0.057401 -0.002859 -0.002217
v -0.054435 -0.005044 -0.004421
v -0.055774 -0.00483 -0.003680
v -0.056901 -0.003923 -0.002860
v -0.054725 -0.005076 -0.004245
v -0.056055 -0.004698 -0.003481
v -0.057082 -0.003657 -0.002647
v -0.053736 -0.004894 -0.004751
v -0.055023 -0.005071 -0.004062
v -0.056322 -0.004531 -0.003277
v -0.057233 -0.003371 -0.002432
v -0.053993 -0.005008 -0.004590
v -0.055322 -0.005028 -0.003874
v -0.056568 -0.004332 -0.003070
v -0.057349 -0.003069 -0.002217
v -0.054269 -0.00509 -0.004421
v -0.055618 -0.004948 -0.003680
v -0.056792 -0.004104 -0.002860
v -0.054557 -0.005137 -0.004245
v -0.055906 -0.004832 -0.003481
v -0.056987 -0.003849 -0.002647
v -0.053579 -0.004903 -0.004751
v -0.054854 -0.005148 -0.004062
v -0.056180 -0.00468 -0.003277
v -0.057153 -0.003571 -0.002432
v -0.053830 -0.005031 -0.004590
v -0.055155 -0.005122 -0.003874
v -0.056438 -0.004495 -0.003070
v -0.057285 -0.003275 -0.002217
v -0.054100 -0.005127 -0.004421
v -0.055455 -0.005059 -0.003680
v -0.056673 -0.004279 -0.002860
v -0.054386 -0.00519 -0.004245
v -0.055749 -0.004958 -0.003481
v -0.056882 -0.004035 -0.002647
v -0.054682 -0.005217 -0.004062
v -0.056031 -0.004822 -0.003277
v -0.057062 -0.003767 -0.002432
v -0.053665 -0.005044 -0.004590
v -0.054984 -0.005207 -0.003874
v -0.056298 -0.004651 -0.003070
v -0.057210 -0.003478 -0.002217
v -0.053930 -0.005155 -0.004421
v -0.055287 -0.00516 -0.003680
v -0.056545 -0.004447 -0.002860
v -0.054212 -0.005233 -0.004245
v -0.055585 -0.005076 -0.003481
v -0.056767 -0.004215 -0.002647
v -0.054506 -0.005276 -0.004062
v -0.055875 -0.004954 -0.003277
v -0.056962 -0.003957 -0.002432
v -0.054808 -0.005283 -0.003874
v -0.056151 -0.004798 -0.003070
v -0.057125 -0.003677 -0.002217
v -0.053758 -0.005174 -0.004421
v -0.055113 -0.005252 -0.003680
v -0.056408 -0.004609 -0.002860
v -0.054036 -0.005267 -0.004245
v -0.055416 -0.005184 -0.003481
v -0.056642 -0.004389 -0.002647
v -0.054327 -0.005326 -0.004062
v -0.055711 -0.005079 -0.003277
v -0.056851 -0.004142 -0.002432
v -0.054628 -0.005349 -0.003874
v -0.055995 -0.004938 -0.003070
v -0.057029 -0.003871 -0.002217
v -0.053586 -0.005183 -0.004421
v -0.054935 -0.005335 -0.003680
v -0.056262 -0.004762 -0.002860
v -0.053858 -0.005291 -0.004245
v -0.055241 -0.005283 -0.003481
v -0.056508 -0.004555 -0.002647
v -0.054146 -0.005366 -0.004062
v -0.055542 -0.005194 -0.003277
v -0.056730 -0.00432 -0.002432
v -0.054445 -0.005405 -0.003874
v -0.055832 -0.005068 -0.003070
v -0.056922 -0.004059 -0.002217
v -0.054752 -0.005408 -0.003680
v -0.056109 -0.004908 -0.002860
v -0.053679 -0.005306 -0.004245
v -0.055060 -0.005372 -0.003481
v -0.056366 -0.004715 -0.002647
v -0.053963 -0.005396 -0.004062
v -0.055366 -0.0053 -0.003277
v -0.056599 -0.004491 -0.002432
v -0.054260 -0.005451 -0.003874
v -0.055663 -0.00519 -0.003070
v -0.056806 -0.004241 -0.002217
v -0.054566 -0.00547 -0.003680
v -0.055947 -0.005045 -0.002860
v -0.054875 -0.005452 -0.003481
v -0.056215 -0.004866 -0.002647
v -0.053778 -0.005416 -0.004062
v -0.055184 -0.005396 -0.003277
v -0.056460 -0.004655 -0.002432
v -0.054072 -0.005487 -0.003874
v -0.055487 -0.005302 -0.003070
v -0.056680 -0.004417 -0.002217
v -0.054376 -0.005523 -0.003680
v -0.055779 -0.005173 -0.002860
v -0.054686 -0.005521 -0.003481
v -0.056055 -0.005008 -0.002647
v -0.053593 -0.005426 -0.004062
v -0.054998 -0.005482 -0.003277
v -0.056312 -0.004812 -0.002432
v -0.053882 -0.005513 -0.003874
v -0.055305 -0.005405 -0.003070
v -0.056544 -0.004586 -0.002217
v -0.054184 -0.005565 -0.003680
v -0.055604 -0.005292 -0.002860
v -0.054494 -0.00558 -0.003481
v -0.055889 -0.005142 -0.002647
v -0.054807 -0.005558 -0.003277
v -0.056155 -0.00496 -0.002432
v -0.053691 -0.005529 -0.003874
v -0.055118 -0.005498 -0.003070
v -0.056400 -0.004747 -0.002217
v -0.053990 -0.005597 -0.003680
v -0.055423 -0.005401 -0.002860
v -0.054299 -0.005629 -0.003481
v -0.055715 -0.005267 -0.002647
v -0.054613 -0.005624 -0.003277
v -0.055991 -0.005099 -0.002432
v -0.054927 -0.00558 -0.003070
v -0.056247 -0.0049 -0.002217
v -0.053795 -0.005618 -0.003680
v -0.055236 -0.0055 -0.002860
v -0.054101 -0.005667 -0.003481
v -0.055535 -0.005382 -0.002647
v -0.054415 -0.005679 -0.003277
v -0.055820 -0.00523 -0.002432
v -0.054731 -0.005652 -0.003070
v -0.056086 -0.005044 -0.002217
v -0.053598 -0.005629 -0.003680
v -0.055044 -0.005589 -0.002860
v -0.053902 -0.005694 -0.003481
v -0.055349 -0.005487 -0.002647
v -0.054214 -0.005723 -0.003277
v -0.055642 -0.005351 -0.002432
v -0.054531 -0.005714 -0.003070
v -0.055917 -0.00518 -0.002217
v -0.054847 -0.005667 -0.002860
v -0.053701 -0.00571 -0.003481
v -0.055157 -0.005582 -0.002647
v -0.054012 -0.005756 -0.003277
v -0.055457 -0.005462 -0.002432
v -0.054329 -0.005764 -0.003070
v -0.055741 -0.005306 -0.002217
v -0.054647 -0.005734 -0.002860
v -0.054961 -0.005667 -0.002647
v -0.053808 -0.005778 -0.003277
v -0.055267 -0.005562 -0.002432
v -0.054124 -0.005803 -0.003070
v -0.055559 -0.005422 -0.002217
v -0.054443 -0.005791 -0.002860
v -0.054760 -0.005741 -0.002647
v -0.053603 -0.005789 -0.003277
v -0.055071 -0.005653 -0.002432
v -0.053917 -0.005832 -0.003070
v -0.055371 -0.005529 -0.002217
v -0.054236 -0.005836 -0.002860
v -0.054556 -0.005803 -0.002647
v -0.054871 -0.005733 -0.002432
v -0.053709 -0.005849 -0.003070
v -0.055177 -0.005625 -0.002217
v -0.054027 -0.005871 -0.002860
v -0.054349 -0.005855 -0.002647
v -0.054667 -0.005801 -0.002432
v -0.054978 -0.00571 -0.002217
v -0.053817 -0.005894 -0.002860
v -0.054139 -0.005895 -0.002647
v -0.054460 -0.005859 -0.002432
v -0.054775 -0.005785 -0.002217
v -0.053606 -0.005905 -0.002860
v -0.053927 -0.005924 -0.002647
v -0.054249 -0.005905 -0.002432
v -0.054569 -0.005849 -0.002217
v -0.053714 -0.005942 -0.002647
v -0.054037 -0.00594 -0.002432
v -0.054359 -0.005901 -0.002217
v -0.053823 -0.005963 -0.002432
v -0.054146 -0.005942 -0.002217
v -0.053608 -0.005975 -0.002432
v -0.053932 -0.005971 -0.002217
v -0.053716 -0.005988 -0.002217
v -0.053500 0.002 0.006000
v -0.053500 -0.002 0.006000
v 0.053500 0.002 0.006000
v 0.053500 -0.002 0.006000
v -0.053500 -0.006 0.002000
v -0.053733 -0.005993 0.002000
v -0.053964 -0.005973 0.002000
v -0.054195 -0.005939 0.002000
v -0.054422 -0.005892 0.002000
v -0.054647 -0.005832 0.002000
v -0.054868 -0.005759 0.002000
v -0.055084 -0.005673 0.002000
v -0.055295 -0.005575 0.002000
v -0.055500 -0.005464 0.002000
v -0.055698 -0.005342 0.002000
v -0.055889 -0.005208 0.002000
v -0.056071 -0.005064 0.002000
v -0.056245 -0.004909 0.002000
v -0.056409 -0.004745 0.002000
v -0.056564 -0.004571 0.002000
v -0.056708 -0.004389 0.002000
v -0.056842 -0.004198 0.002000
v -0.056964 -0.004 0.002000
v -0.057075 -0.003795 0.002000
v -0.057173 -0.003584 0.002000
v -0.057259 -0.003368 0.002000
v -0.057332 -0.003147 0.002000
v -0.057392 -0.002922 0.002000
v -0.057439 -0.002695 0.002000
v -0.057473 -0.002464 0.002000
v -0.057493 -0.002233 0.002000
v -0.057500 -0.002 0.002000
v -0.053500 -0.006 0.002000
v -0.053500 -0.005993 0.002233
v -0.053500 -0.005973 0.002464
v -0.053500 -0.005939 0.002695
v -0.053500 -0.005892 0.002922
v -0.053500 -0.005832 0.003147
v -0.053500 -0.005759 0.003368
v -0.053500 -0.005673 0.003584
v -0.053500 -0.005575 0.003795
v -0.053500 -0.005464 0.004000
v -0.053500 -0.005342 0.004198
v -0.053500 -0.005208 0.004389
v -0.053500 -0.005064 0.004571
v -0.053500 -0.004909 0.004745
v -0.053500 -0.004745 0.004909
v -0.053500 -0.004571 0.005064
v -0.053500 -0.004389 0.005208
v -0.053500 -0.004198 0.005342
v -0.053500 -0.004 0.005464
v -0.053500 -0.003795 0.005575
v -0.053500 -0.003584 0.005673
v -0.053500 -0.003368 0.005759
v -0.053500 -0.003147 0.005832
v -0.053500 -0.002922 0.005892
v -0.053500 -0.002695 0.005939
v -0.053500 -0.002464 0.005973
v -0.053500 -0.002233 0.005993
v -0.053500 -0.002 0.006000
v -0.057493 -0.002 0.002233
v -0.057473 -0.002 0.002464
v -0.057439 -0.002 0.002695
v -0.057392 -0.002 0.002922
v -0.057332 -0.002 0.003147
v -0.057259 -0.002 0.003368
v -0.057173 -0.002 0.003584
v -0.057075 -0.002 0.003795
v -0.056964 -0.002 0.004000
v -0.056842 -0.002 0.004198
v -0.056708 -0.002 0.004389
v -0.056564 -0.002 0.004571
v -0.056409 -0.002 0.004745
v -0.056245 -0.002 0.004909
v -0.056071 -0.002 0.005064
v -0.055889 -0.002 0.005208
v -0.055698 -0.002 0.005342
v -0.055500 -0.002 0.005464
v -0.055295 -0.002 0.005575
v -0.055084 -0.002 0.005673
v -0.054868 -0.002 0.005759
v -0.054647 -0.002 0.005832
v -0.054422 -0.002 0.005892
v -0.054195 -0.002 0.005939
v -0.053964 -0.002 0.005973
v -0.053733 -0.002 0.005993
v -0.053716 -0.005994 0.002006
v -0.053716 -0.005994 0.002018
v -0.053715 -0.005994 0.002029
v -0.053932 -0.005977 0.002023
v -0.053713 -0.005994 0.002041
v -0.053930 -0.005977 0.002047
v -0.054147 -0.005947 0.002018
v -0.053710 -0.005994 0.002052
v -0.053927 -0.005977 0.002070
v -0.054145 -0.005947 0.002053
v -0.053707 -0.005994 0.002064
v -0.053922 -0.005977 0.002093
v -0.054141 -0.005947 0.002087
v -0.054359 -0.005906 0.002047
v -0.053703 -0.005994 0.002075
v -0.053917 -0.005977 0.002116
v -0.054136 -0.005947 0.002122
v -0.054355 -0.005906 0.002093
v -0.053699 -0.005994 0.002086
v -0.054570 -0.005854 0.002029
v -0.053910 -0.005977 0.002138
v -0.054128 -0.005947 0.002156
v -0.054349 -0.005906 0.002139
v -0.053694 -0.005994 0.002096
v -0.054567 -0.005854 0.002087
v -0.053902 -0.005977 0.002160
v -0.054119 -0.005947 0.002190
v -0.054340 -0.005906 0.002185
v -0.053689 -0.005994 0.002107
v -0.054560 -0.005854 0.002144
v -0.053893 -0.005977 0.002182
v -0.054775 -0.005791 0.002069
v -0.054107 -0.005947 0.002223
v -0.054329 -0.005906 0.002230
v -0.053682 -0.005994 0.002117
v -0.054551 -0.005854 0.002202
v -0.053882 -0.005977 0.002203
v -0.054770 -0.005791 0.002138
v -0.054094 -0.005947 0.002256
v -0.054980 -0.005716 0.002040
v -0.054315 -0.005906 0.002275
v -0.053676 -0.005994 0.002126
v -0.054538 -0.005854 0.002258
v -0.053871 -0.005977 0.002223
v -0.054760 -0.005791 0.002207
v -0.054080 -0.005947 0.002288
v -0.054976 -0.005716 0.002120
v -0.054299 -0.005906 0.002318
v -0.053669 -0.005994 0.002136
v -0.054523 -0.005854 0.002314
v -0.053858 -0.005977 0.002243
v -0.054747 -0.005791 0.002275
v -0.054063 -0.005947 0.002318
v -0.054967 -0.005716 0.002200
v -0.054280 -0.005906 0.002361
v -0.055177 -0.00563 0.002091
v -0.053661 -0.005994 0.002145
v -0.054504 -0.005854 0.002369
v -0.053844 -0.005977 0.002262
v -0.054731 -0.005791 0.002342
v -0.054045 -0.005947 0.002349
v -0.054954 -0.005716 0.002279
v -0.054260 -0.005906 0.002403
v -0.055170 -0.00563 0.002182
v -0.053653 -0.005994 0.002153
v -0.054483 -0.005854 0.002423
v -0.055373 -0.005534 0.002051
v -0.053830 -0.005977 0.002280
v -0.054710 -0.005791 0.002408
v -0.054026 -0.005947 0.002378
v -0.054937 -0.005716 0.002357
v -0.054237 -0.005906 0.002443
v -0.055157 -0.00563 0.002272
v -0.053645 -0.005994 0.002161
v -0.054459 -0.005854 0.002475
v -0.055367 -0.005534 0.002152
v -0.053814 -0.005977 0.002297
v -0.054686 -0.005791 0.002473
v -0.054004 -0.005947 0.002405
v -0.054915 -0.005716 0.002435
v -0.054212 -0.005906 0.002483
v -0.055140 -0.00563 0.002361
v -0.053636 -0.005994 0.002169
v -0.054432 -0.005854 0.002527
v -0.055356 -0.005534 0.002253
v -0.053797 -0.005977 0.002314
v -0.054659 -0.005791 0.002536
v -0.055559 -0.005427 0.002112
v -0.053982 -0.005947 0.002432
v -0.054890 -0.005716 0.002511
v -0.054185 -0.005906 0.002520
v -0.055118 -0.00563 0.002449
v -0.053626 -0.005994 0.002176
v -0.054402 -0.005854 0.002576
v -0.055340 -0.005534 0.002353
v -0.053780 -0.005977 0.002330
v -0.054628 -0.005791 0.002598
v -0.055550 -0.005427 0.002223
v -0.053958 -0.005947 0.002458
v -0.054860 -0.005716 0.002585
v -0.055744 -0.005311 0.002061
v -0.054155 -0.005906 0.002557
v -0.055092 -0.00563 0.002536
v -0.053617 -0.005994 0.002182
v -0.054369 -0.005854 0.002624
v -0.055318 -0.005534 0.002452
v -0.053762 -0.005977 0.002344
v -0.054594 -0.005791 0.002658
v -0.055535 -0.005427 0.002334
v -0.053932 -0.005947 0.002482
v -0.054826 -0.005716 0.002658
v -0.055737 -0.005311 0.002182
v -0.054124 -0.005906 0.002591
v -0.055060 -0.00563 0.002622
v -0.053607 -0.005994 0.002189
v -0.054334 -0.005854 0.002670
v -0.055291 -0.005534 0.002550
v -0.053743 -0.005977 0.002358
v -0.054557 -0.005791 0.002717
v -0.055514 -0.005427 0.002443
v -0.053905 -0.005947 0.002504
v -0.054789 -0.005716 0.002729
v -0.055724 -0.005311 0.002303
v -0.054091 -0.005906 0.002624
v -0.055024 -0.00563 0.002705
v -0.055917 -0.005184 0.002131
v -0.053596 -0.005994 0.002194
v -0.054297 -0.005854 0.002715
v -0.055259 -0.005534 0.002646
v -0.053723 -0.005977 0.002371
v -0.054517 -0.005791 0.002773
v -0.055487 -0.005427 0.002552
v -0.053878 -0.005947 0.002526
v -0.054747 -0.005716 0.002797
v -0.055705 -0.005311 0.002423
v -0.054057 -0.005906 0.002655
v -0.054984 -0.00563 0.002787
v -0.055907 -0.005184 0.002262
v -0.053586 -0.005994 0.002199
v -0.054257 -0.005854 0.002757
v -0.055221 -0.005534 0.002740
v -0.056089 -0.005049 0.002070
v -0.053703 -0.005977 0.002382
v -0.054473 -0.005791 0.002827
v -0.055454 -0.005427 0.002658
v -0.053849 -0.005947 0.002545
v -0.054702 -0.005716 0.002864
v -0.055678 -0.005311 0.002542
v -0.054020 -0.005906 0.002685
v -0.054939 -0.00563 0.002866
v -0.055889 -0.005184 0.002392
v -0.053575 -0.005994 0.002203
v -0.054215 -0.005854 0.002797
v -0.055179 -0.005534 0.002832
v -0.056081 -0.005049 0.002210
v -0.053682 -0.005977 0.002393
v -0.054427 -0.005791 0.002878
v -0.055416 -0.005427 0.002763
v -0.053818 -0.005947 0.002563
v -0.054654 -0.005716 0.002928
v -0.055646 -0.005311 0.002659
v -0.053983 -0.005906 0.002712
v -0.054890 -0.00563 0.002943
v -0.055864 -0.005184 0.002520
v -0.053564 -0.005994 0.002207
v -0.054170 -0.005854 0.002834
v -0.055131 -0.005534 0.002922
v -0.056066 -0.005049 0.002350
v -0.053660 -0.005977 0.002402
v -0.054378 -0.005791 0.002927
v -0.055372 -0.005427 0.002866
v -0.056247 -0.004904 0.002149
v -0.053788 -0.005947 0.002580
v -0.054602 -0.005716 0.002989
v -0.055607 -0.005311 0.002774
v -0.053943 -0.005906 0.002737
v -0.054837 -0.00563 0.003016
v -0.055832 -0.005184 0.002648
v -0.053552 -0.005994 0.002210
v -0.054124 -0.005854 0.002869
v -0.055079 -0.005534 0.003009
v -0.056043 -0.005049 0.002488
v -0.053638 -0.005977 0.002410
v -0.054327 -0.005791 0.002973
v -0.055322 -0.005427 0.002966
v -0.056235 -0.004904 0.002297
v -0.053756 -0.005947 0.002594
v -0.054547 -0.005716 0.003047
v -0.055562 -0.005311 0.002887
v -0.056403 -0.004751 0.002079
v -0.053903 -0.005906 0.002760
v -0.054780 -0.00563 0.003087
v -0.055794 -0.005184 0.002773
v -0.053541 -0.005994 0.002213
v -0.054076 -0.005854 0.002902
v -0.055022 -0.005534 0.003093
v -0.056013 -0.005049 0.002625
v -0.053616 -0.005977 0.002417
v -0.054273 -0.005791 0.003017
v -0.055267 -0.005427 0.003063
v -0.056215 -0.004904 0.002445
v -0.053723 -0.005947 0.002607
v -0.054489 -0.005716 0.003102
v -0.055511 -0.005311 0.002997
v -0.056394 -0.004751 0.002236
v -0.053861 -0.005906 0.002780
v -0.054719 -0.00563 0.003155
v -0.055749 -0.005184 0.002896
v -0.053529 -0.005994 0.002215
v -0.054027 -0.005854 0.002932
v -0.054960 -0.005534 0.003174
v -0.055975 -0.005049 0.002760
v -0.053593 -0.005977 0.002422
v -0.054217 -0.005791 0.003057
v -0.055207 -0.005427 0.003157
v -0.056186 -0.004904 0.002591
v -0.053690 -0.005947 0.002619
v -0.054428 -0.005716 0.003154
v -0.055454 -0.005311 0.003105
v -0.056377 -0.004751 0.002392
v -0.053818 -0.005906 0.002799
v -0.054655 -0.00563 0.003219
v -0.055697 -0.005184 0.003016
v -0.056544 -0.00459 0.002165
v -0.053518 -0.005994 0.002216
v -0.053975 -0.005854 0.002959
v -0.054895 -0.005534 0.003251
v -0.055931 -0.005049 0.002893
v -0.053570 -0.005977 0.002427
v -0.054158 -0.005791 0.003094
v -0.055142 -0.005427 0.003248
v -0.056151 -0.004904 0.002736
v -0.053656 -0.005947 0.002628
v -0.054364 -0.005716 0.003202
v -0.055391 -0.005311 0.003209
v -0.056352 -0.004751 0.002547
v -0.053775 -0.005906 0.002815
v -0.054587 -0.00563 0.003280
v -0.055639 -0.005184 0.003134
v -0.056531 -0.00459 0.002330
v -0.053506 -0.005994 0.002216
v -0.053923 -0.005854 0.002983
v -0.054825 -0.005534 0.003325
v -0.055879 -0.005049 0.003023
v -0.056683 -0.004421 0.002086
v -0.053547 -0.005977 0.002430
v -0.054098 -0.005791 0.003128
v -0.055072 -0.005427 0.003335
v -0.056107 -0.004904 0.002878
v -0.053622 -0.005947 0.002636
v -0.054297 -0.005716 0.003247
v -0.055323 -0.005311 0.003310
v -0.056318 -0.004751 0.002701
v -0.053730 -0.005906 0.002829
v -0.054516 -0.00563 0.003337
v -0.055574 -0.005184 0.003248
v -0.056508 -0.00459 0.002493
v -0.053869 -0.005854 0.003004
v -0.054751 -0.005534 0.003395
v -0.055820 -0.005049 0.003151
v -0.056674 -0.004421 0.002258
v -0.053523 -0.005977 0.002432
v -0.054036 -0.005791 0.003159
v -0.054997 -0.005427 0.003418
v -0.056055 -0.004904 0.003018
v -0.053587 -0.005947 0.002641
v -0.054229 -0.005716 0.003289
v -0.055250 -0.005311 0.003406
v -0.056276 -0.004751 0.002852
v -0.053685 -0.005906 0.002840
v -0.054443 -0.00563 0.003390
v -0.055504 -0.005184 0.003358
v -0.056477 -0.00459 0.002655
v -0.053814 -0.005854 0.003023
v -0.054674 -0.005534 0.003460
v -0.055754 -0.005049 0.003274
v -0.056655 -0.004421 0.002430
v -0.053973 -0.005791 0.003186
v -0.054918 -0.005427 0.003497
v -0.055997 -0.004904 0.003155
v -0.056806 -0.004245 0.002179
v -0.053553 -0.005947 0.002645
v -0.054158 -0.005716 0.003326
v -0.055171 -0.005311 0.003499
v -0.056226 -0.004751 0.003001
v -0.053639 -0.005906 0.002849
v -0.054366 -0.00563 0.003439
v -0.055427 -0.005184 0.003465
v -0.056438 -0.00459 0.002816
v -0.053758 -0.005854 0.003038
v -0.054593 -0.005534 0.003522
v -0.055682 -0.005049 0.003395
v -0.056627 -0.004421 0.002600
v -0.053908 -0.005791 0.003210
v -0.054835 -0.005427 0.003572
v -0.055930 -0.004904 0.003288
v -0.056791 -0.004245 0.002358
v -0.053518 -0.005947 0.002647
v -0.054085 -0.005716 0.003360
v -0.055087 -0.005311 0.003587
v -0.056168 -0.004751 0.003148
v -0.056926 -0.004062 0.002093
v -0.053593 -0.005906 0.002855
v -0.054287 -0.00563 0.003484
v -0.055345 -0.005184 0.003567
v -0.056389 -0.00459 0.002973
v -0.053702 -0.005854 0.003051
v -0.054509 -0.005534 0.003579
v -0.055603 -0.005049 0.003511
v -0.056590 -0.004421 0.002769
v -0.053842 -0.005791 0.003231
v -0.054748 -0.005427 0.003642
v -0.055857 -0.004904 0.003418
v -0.056767 -0.004245 0.002536
v -0.054011 -0.005716 0.003390
v -0.054999 -0.005311 0.003671
v -0.056102 -0.004751 0.003290
v -0.056916 -0.004062 0.002278
v -0.053547 -0.005906 0.002859
v -0.054205 -0.00563 0.003524
v -0.055257 -0.005184 0.003665
v -0.056332 -0.00459 0.003128
v -0.053644 -0.005854 0.003060
v -0.054422 -0.005534 0.003631
v -0.055518 -0.005049 0.003622
v -0.056544 -0.004421 0.002935
v -0.053775 -0.005791 0.003247
v -0.054657 -0.005427 0.003707
v -0.055777 -0.004904 0.003544
v -0.056733 -0.004245 0.002712
v -0.053935 -0.005716 0.003415
v -0.054906 -0.005311 0.003750
v -0.056028 -0.004751 0.003429
v -0.056896 -0.004062 0.002463
v -0.054122 -0.00563 0.003560
v -0.055165 -0.005184 0.003757
v -0.056267 -0.00459 0.003280
v -0.057029 -0.003874 0.002191
v -0.053587 -0.005854 0.003067
v -0.054332 -0.005534 0.003679
v -0.055428 -0.005049 0.003729
v -0.056489 -0.004421 0.003098
v -0.053707 -0.005791 0.003260
v -0.054563 -0.005427 0.003767
v -0.055690 -0.004904 0.003665
v -0.056690 -0.004245 0.002886
v -0.053857 -0.005716 0.003437
v -0.054810 -0.005311 0.003823
v -0.055947 -0.004751 0.003564
v -0.056866 -0.004062 0.002646
v -0.054036 -0.00563 0.003592
v -0.055067 -0.005184 0.003845
v -0.056194 -0.00459 0.003428
v -0.057013 -0.003874 0.002382
v -0.053529 -0.005854 0.003070
v -0.054240 -0.005534 0.003721
v -0.055331 -0.005049 0.003831
v -0.056425 -0.004421 0.003258
v -0.057129 -0.00368 0.002098
v -0.053638 -0.005791 0.003270
v -0.054466 -0.005427 0.003822
v -0.055597 -0.004904 0.003781
v -0.056637 -0.004245 0.003057
v -0.053779 -0.005716 0.003454
v -0.054709 -0.005311 0.003891
v -0.055859 -0.004751 0.003694
v -0.056826 -0.004062 0.002827
v -0.053949 -0.00563 0.003618
v -0.054965 -0.005184 0.003927
v -0.056112 -0.00459 0.003572
v -0.056987 -0.003874 0.002572
v -0.054146 -0.005534 0.003759
v -0.055229 -0.005049 0.003928
v -0.056353 -0.004421 0.003415
v -0.057118 -0.00368 0.002295
v -0.053569 -0.005791 0.003275
v -0.054366 -0.005427 0.003872
v -0.055497 -0.004904 0.003892
v -0.056576 -0.004245 0.003225
v -0.053700 -0.005716 0.003467
v -0.054605 -0.005311 0.003954
v -0.055763 -0.004751 0.003819
v -0.056776 -0.004062 0.003006
v -0.053861 -0.00563 0.003640
v -0.054858 -0.005184 0.004004
v -0.056023 -0.00459 0.003711
v -0.056951 -0.003874 0.002760
v -0.054050 -0.005534 0.003791
v -0.055122 -0.005049 0.004018
v -0.056272 -0.004421 0.003567
v -0.057097 -0.00368 0.002490
v -0.054263 -0.005427 0.003916
v -0.055392 -0.004904 0.003997
v -0.056505 -0.004245 0.003390
v -0.057210 -0.003481 0.002201
v -0.053620 -0.005716 0.003476
v -0.054497 -0.005311 0.004011
v -0.055662 -0.004751 0.003939
v -0.056717 -0.004062 0.003182
v -0.053772 -0.00563 0.003657
v -0.054748 -0.005184 0.004074
v -0.055927 -0.00459 0.003845
v -0.056905 -0.003874 0.002945
v -0.053952 -0.005534 0.003818
v -0.055011 -0.005049 0.004103
v -0.056183 -0.004421 0.003715
v -0.057065 -0.00368 0.002684
v -0.054158 -0.005427 0.003954
v -0.055281 -0.004904 0.004097
v -0.056425 -0.004245 0.003551
v -0.057194 -0.003481 0.002402
v -0.053540 -0.005716 0.003480
v -0.054387 -0.005311 0.004062
v -0.055553 -0.004751 0.004053
v -0.056648 -0.004062 0.003354
v -0.057289 -0.003277 0.002103
v -0.053682 -0.00563 0.003670
v -0.054634 -0.005184 0.004139
v -0.055824 -0.00459 0.003974
v -0.056849 -0.003874 0.003128
v -0.053853 -0.005534 0.003840
v -0.054895 -0.005049 0.004182
v -0.056086 -0.004421 0.003858
v -0.057023 -0.00368 0.002876
v -0.054052 -0.005427 0.003987
v -0.055165 -0.004904 0.004190
v -0.056337 -0.004245 0.003707
v -0.057167 -0.003481 0.002601
v -0.054274 -0.005311 0.004107
v -0.055439 -0.004751 0.004162
v -0.056571 -0.004062 0.003523
v -0.057278 -0.003277 0.002308
v -0.053591 -0.00563 0.003677
v -0.054516 -0.005184 0.004197
v -0.055713 -0.00459 0.004097
v -0.056783 -0.003874 0.003308
v -0.053753 -0.005534 0.003856
v -0.054774 -0.005049 0.004254
v -0.055982 -0.004421 0.003995
v -0.056970 -0.00368 0.003066
v -0.053943 -0.005427 0.004014
v -0.055044 -0.004904 0.004277
v -0.056240 -0.004245 0.003858
v -0.057129 -0.003481 0.002799
v -0.054159 -0.005311 0.004146
v -0.055319 -0.004751 0.004263
v -0.056484 -0.004062 0.003687
v -0.057256 -0.003277 0.002512
v -0.054396 -0.005184 0.004249
v -0.055597 -0.00459 0.004213
v -0.056707 -0.003874 0.003484
v -0.057349 -0.00307 0.002209
v -0.053652 -0.005534 0.003867
v -0.054651 -0.005049 0.004320
v -0.055870 -0.004421 0.004126
v -0.056908 -0.00368 0.003252
v -0.053834 -0.005427 0.004035
v -0.054918 -0.004904 0.004357
v -0.056136 -0.004245 0.004004
v -0.057080 -0.003481 0.002994
v -0.054042 -0.005311 0.004178
v -0.055194 -0.004751 0.004359
v -0.056388 -0.004062 0.003846
v -0.057223 -0.003277 0.002714
v -0.054273 -0.005184 0.004294
v -0.055474 -0.00459 0.004324
v -0.056622 -0.003874 0.003655
v -0.057332 -0.00307 0.002417
v -0.053551 -0.005534 0.003873
v -0.054523 -0.005049 0.004379
v -0.055752 -0.004421 0.004252
v -0.056835 -0.00368 0.003435
v -0.057405 -0.00286 0.002106
v -0.053723 -0.005427 0.004050
v -0.054788 -0.004904 0.004430
v -0.056023 -0.004245 0.004143
v -0.057021 -0.003481 0.003186
v -0.053923 -0.005311 0.004205
v -0.055064 -0.004751 0.004447
v -0.056284 -0.004062 0.004000
v -0.057179 -0.003277 0.002915
v -0.054148 -0.005184 0.004332
v -0.055345 -0.00459 0.004427
v -0.056528 -0.003874 0.003822
v -0.057303 -0.00307 0.002624
v -0.054393 -0.005049 0.004431
v -0.055626 -0.004421 0.004370
v -0.056752 -0.00368 0.003613
v -0.057394 -0.00286 0.002317
v -0.053612 -0.005427 0.004059
v -0.054655 -0.004904 0.004497
v -0.055904 -0.004245 0.004277
v -0.056952 -0.003481 0.003375
v -0.053803 -0.005311 0.004224
v -0.054929 -0.004751 0.004528
v -0.056171 -0.004062 0.004147
v -0.057124 -0.003277 0.003113
v -0.054020 -0.005184 0.004364
v -0.055211 -0.00459 0.004523
v -0.056425 -0.003874 0.003983
v -0.057264 -0.00307 0.002829
v -0.054260 -0.005049 0.004475
v -0.055495 -0.004421 0.004482
v -0.056660 -0.00368 0.003787
v -0.057371 -0.00286 0.002527
v -0.054518 -0.004904 0.004555
v -0.055777 -0.004245 0.004404
v -0.056872 -0.003481 0.003560
v -0.057442 -0.002647 0.002214
v -0.053682 -0.005311 0.004237
v -0.054790 -0.004751 0.004602
v -0.056051 -0.004062 0.004289
v -0.057058 -0.003277 0.003307
v -0.053892 -0.005184 0.004389
v -0.055072 -0.00459 0.004612
v -0.056313 -0.003874 0.004139
v -0.057214 -0.00307 0.003031
v -0.054125 -0.005049 0.004513
v -0.055358 -0.004421 0.004586
v -0.056559 -0.00368 0.003955
v -0.057336 -0.00286 0.002736
v -0.054378 -0.004904 0.004607
v -0.055643 -0.004245 0.004523
v -0.056783 -0.003481 0.003741
v -0.057424 -0.002647 0.002427
v -0.053561 -0.005311 0.004244
v -0.054648 -0.004751 0.004668
v -0.055924 -0.004062 0.004424
v -0.056982 -0.003277 0.003498
v -0.057475 -0.002432 0.002108
v -0.053762 -0.005184 0.004407
v -0.054928 -0.00459 0.004694
v -0.056194 -0.003874 0.004288
v -0.057152 -0.00307 0.003231
v -0.053988 -0.005049 0.004543
v -0.055215 -0.004421 0.004683
v -0.056448 -0.00368 0.004118
v -0.057291 -0.00286 0.002943
v -0.054236 -0.004904 0.004651
v -0.055504 -0.004245 0.004636
v -0.056684 -0.003481 0.003916
v -0.057395 -0.002647 0.002639
v -0.054501 -0.004751 0.004726
v -0.055789 -0.004062 0.004551
v -0.056896 -0.003277 0.003684
v -0.057463 -0.002432 0.002323
v -0.053631 -0.005184 0.004417
v -0.054780 -0.00459 0.004767
v -0.056066 -0.003874 0.004430
v -0.057080 -0.00307 0.003427
v -0.053850 -0.005049 0.004566
v -0.055067 -0.004421 0.004772
v -0.056330 -0.00368 0.004274
v -0.057234 -0.00286 0.003147
v -0.054091 -0.004904 0.004686
v -0.055358 -0.004245 0.004740
v -0.056576 -0.003481 0.004085
v -0.057355 -0.002647 0.002849
v -0.054352 -0.004751 0.004776
v -0.055647 -0.004062 0.004671
v -0.056800 -0.003277 0.003866
v -0.057440 -0.002432 0.002537
v -0.054628 -0.00459 0.004832
v -0.055930 -0.003874 0.004566
v -0.056998 -0.00307 0.003618
v -0.057488 -0.002217 0.002216
v -0.053710 -0.005049 0.004581
v -0.054915 -0.004421 0.004853
v -0.056202 -0.00368 0.004424
v -0.057167 -0.00286 0.003347
v -0.053945 -0.004904 0.004715
v -0.055207 -0.004245 0.004837
v -0.056458 -0.003481 0.004249
v -0.057303 -0.002647 0.003056
v -0.054201 -0.004751 0.004818
v -0.055500 -0.004062 0.004784
v -0.056694 -0.003277 0.004042
v -0.057405 -0.002432 0.002749
v -0.054473 -0.00459 0.004889
v -0.055788 -0.003874 0.004694
v -0.056905 -0.00307 0.003805
v -0.057471 -0.002217 0.002432
v -0.053570 -0.005049 0.004589
v -0.054758 -0.004421 0.004925
v -0.056067 -0.00368 0.004567
v -0.057089 -0.00286 0.003544
v -0.053797 -0.004904 0.004735
v -0.055051 -0.004245 0.004925
v -0.056332 -0.003481 0.004406
v -0.057241 -0.002647 0.003260
v -0.054047 -0.004751 0.004852
v -0.055346 -0.004062 0.004888
v -0.056579 -0.003277 0.004211
v -0.057359 -0.002432 0.002960
v -0.054316 -0.00459 0.004938
v -0.055639 -0.003874 0.004813
v -0.056802 -0.00307 0.003987
v -0.057442 -0.002217 0.002646
v -0.054598 -0.004421 0.004989
v -0.055924 -0.00368 0.004702
v -0.057000 -0.00286 0.003736
v -0.053649 -0.004904 0.004747
v -0.054890 -0.004245 0.005005
v -0.056198 -0.003481 0.004555
v -0.057167 -0.002647 0.003461
v -0.053892 -0.004751 0.004877
v -0.055187 -0.004062 0.004984
v -0.056454 -0.003277 0.004375
v -0.057301 -0.002432 0.003167
v -0.054155 -0.00459 0.004977
v -0.055483 -0.003874 0.004925
v -0.056690 -0.00307 0.004163
v -0.057401 -0.002217 0.002859
v -0.054435 -0.004421 0.005044
v -0.055774 -0.00368 0.004830
v -0.056901 -0.00286 0.003923
v -0.054725 -0.004245 0.005076
v -0.056055 -0.003481 0.004698
v -0.057082 -0.002647 0.003657
v -0.053736 -0.004751 0.004894
v -0.055023 -0.004062 0.005071
v -0.056322 -0.003277 0.004531
v -0.057233 -0.002432 0.003371
v -0.053993 -0.00459 0.005008
v -0.055322 -0.003874 0.005028
v -0.056568 -0.00307 0.004332
v -0.057349 -0.002217 0.003069
v -0.054269 -0.004421 0.005090
v -0.055618 -0.00368 0.004948
v -0.056792 -0.00286 0.004104
v -0.054557 -0.004245 0.005137
v -0.055906 -0.003481 0.004832
v -0.056987 -0.002647 0.003849
v -0.053579 -0.004751 0.004903
v -0.054854 -0.004062 0.005148
v -0.056180 -0.003277 0.004680
v -0.057153 -0.002432 0.003571
v -0.053830 -0.00459 0.005031
v -0.055155 -0.003874 0.005122
v -0.056438 -0.00307 0.004495
v -0.057285 -0.002217 0.003275
v -0.054100 -0.004421 0.005127
v -0.055455 -0.00368 0.005059
v -0.056673 -0.00286 0.004279
v -0.054386 -0.004245 0.005190
v -0.055749 -0.003481 0.004958
v -0.056882 -0.002647 0.004035
v -0.054682 -0.004062 0.005217
v -0.056031 -0.003277 0.004822
v -0.057062 -0.002432 0.003767
v -0.053665 -0.00459 0.005044
v -0.054984 -0.003874 0.005207
v -0.056298 -0.00307 0.004651
v -0.057210 -0.002217 0.003478
v -0.053930 -0.004421 0.005155
v -0.055287 -0.00368 0.005160
v -0.056545 -0.00286 0.004447
v -0.054212 -0.004245 0.005233
v -0.055585 -0.003481 0.005076
v -0.056767 -0.002647 0.004215
v -0.054506 -0.004062 0.005276
v -0.055875 -0.003277 0.004954
v -0.056962 -0.002432 0.003957
v -0.054808 -0.003874 0.005283
v -0.056151 -0.00307 0.004798
v -0.057125 -0.002217 0.003677
v -0.053758 -0.004421 0.005174
v -0.055113 -0.00368 0.005252
v -0.056408 -0.00286 0.004609
v -0.054036 -0.004245 0.005267
v -0.055416 -0.003481 0.005184
v -0.056642 -0.002647 0.004389
v -0.054327 -0.004062 0.005326
v -0.055711 -0.003277 0.005079
v -0.056851 -0.002432 0.004142
v -0.054628 -0.003874 0.005349
v -0.055995 -0.00307 0.004938
v -0.057029 -0.002217 0.003871
v -0.053586 -0.004421 0.005183
v -0.054935 -0.00368 0.005335
v -0.056262 -0.00286 0.004762
v -0.053858 -0.004245 0.005291
v -0.055241 -0.003481 0.005283
v -0.056508 -0.002647 0.004555
v -0.054146 -0.004062 0.005366
v -0.055542 -0.003277 0.005194
v -0.056730 -0.002432 0.004320
v -0.054445 -0.003874 0.005405
v -0.055832 -0.00307 0.005068
v -0.056922 -0.002217 0.004059
v -0.054752 -0.00368 0.005408
v -0.056109 -0.00286 0.004908
v -0.053679 -0.004245 0.005306
v -0.055060 -0.003481 0.005372
v -0.056366 -0.002647 0.004715
v -0.053963 -0.004062 0.005396
v -0.055366 -0.003277 0.005300
v -0.056599 -0.002432 0.004491
v -0.054260 -0.003874 0.005451
v -0.055663 -0.00307 0.005190
v -0.056806 -0.002217 0.004241
v -0.054566 -0.00368 0.005470
v -0.055947 -0.00286 0.005045
v -0.054875 -0.003481 0.005452
v -0.056215 -0.002647 0.004866
v -0.053778 -0.004062 0.005416
v -0.055184 -0.003277 0.005396
v -0.056460 -0.002432 0.004655
v -0.054072 -0.003874 0.005487
v -0.055487 -0.00307 0.005302
v -0.056680 -0.002217 0.004417
v -0.054376 -0.00368 0.005523
v -0.055779 -0.00286 0.005173
v -0.054686 -0.003481 0.005521
v -0.056055 -0.002647 0.005008
v -0.053593 -0.004062 0.005426
v -0.054998 -0.003277 0.005482
v -0.056312 -0.002432 0.004812
v -0.053882 -0.003874 0.005513
v -0.055305 -0.00307 0.005405
v -0.056544 -0.002217 0.004586
v -0.054184 -0.00368 0.005565
v -0.055604 -0.00286 0.005292
v -0.054494 -0.003481 0.005580
v -0.055889 -0.002647 0.005142
v -0.054807 -0.003277 0.005558
v -0.056155 -0.002432 0.004960
v -0.053691 -0.003874 0.005529
v -0.055118 -0.00307 0.005498
v -0.056400 -0.002217 0.004747
v -0.053990 -0.00368 0.005597
v -0.055423 -0.00286 0.005401
v -0.054299 -0.003481 0.005629
v -0.055715 -0.002647 0.005267
v -0.054613 -0.003277 0.005624
v -0.055991 -0.002432 0.005099
v -0.054927 -0.00307 0.005580
v -0.056247 -0.002217 0.004900
v -0.053795 -0.00368 0.005618
v -0.055236 -0.00286 0.005500
v -0.054101 -0.003481 0.005667
v -0.055535 -0.002647 0.005382
v -0.054415 -0.003277 0.005679
v -0.055820 -0.002432 0.005230
v -0.054731 -0.00307 0.005652
v -0.056086 -0.002217 0.005044
v -0.053598 -0.00368 0.005629
v -0.055044 -0.00286 0.005589
v -0.053902 -0.003481 0.005694
v -0.055349 -0.002647 0.005487
v -0.054214 -0.003277 0.005723
v -0.055642 -0.002432 0.005351
v -0.054531 -0.00307 0.005714
v -0.055917 -0.002217 0.005180
v -0.054847 -0.00286 0.005667
v -0.053701 -0.003481 0.005710
v -0.055157 -0.002647 0.005582
v -0.054012 -0.003277 0.005756
v -0.055457 -0.002432 0.005462
v -0.054329 -0.00307 0.005764
v -0.055741 -0.002217 0.005306
v -0.054647 -0.00286 0.005734
v -0.054961 -0.002647 0.005667
v -0.053808 -0.003277 0.005778
v -0.055267 -0.002432 0.005562
v -0.054124 -0.00307 0.005803
v -0.055559 -0.002217 0.005422
v -0.054443 -0.00286 0.005791
v -0.054760 -0.002647 0.005741
v -0.053603 -0.003277 0.005789
v -0.055071 -0.002432 0.005653
v -0.053917 -0.00307 0.005832
v -0.055371 -0.002217 0.005529
v -0.054236 -0.00286 0.005836
v -0.054556 -0.002647 0.005803
v -0.054871 -0.002432 0.005733
v -0.053709 -0.00307 0.005849
v -0.055177 -0.002217 0.005625
v -0.054027 -0.00286 0.005871
v -0.054349 -0.002647 0.005855
v -0.054667 -0.002432 0.005801
v -0.054978 -0.002217 0.005710
v -0.053817 -0.00286 0.005894
v -0.054139 -0.002647 0.005895
v -0.054460 -0.002432 0.005859
v -0.054775 -0.002217 0.005785
v -0.053606 -0.00286 0.005905
v -0.053927 -0.002647 0.005924
v -0.054249 -0.002432 0.005905
v -0.054569 -0.002217 0.005849
v -0.053714 -0.002647 0.005942
v -0.054037 -0.002432 0.005940
v -0.054359 -0.002217 0.005901
v -0.053823 -0.002432 0.005963
v -0.054146 -0.002217 0.005942
v -0.053608 -0.002432 0.005975
v -0.053932 -0.002217 0.005971
v -0.053716 -0.002217 0.005988
v -0.053500 -0.006 -0.002000
v -0.053500 -0.006 0.002000
v 0.053500 -0.006 0.002000
v 0.053500 -0.006 -0.002000
v -0.053500 0.002 -0.006000
v -0.053500 0.002233 -0.005993
v -0.053500 0.002464 -0.005973
v -0.053500 0.002695 -0.005939
v -0.053500 0.002922 -0.005892
v -0.053500 0.003147 -0.005832
v -0.053500 0.003368 -0.005759
v -0.053500 0.003584 -0.005673
v -0.053500 0.003795 -0.005575
v -0.053500 0.004 -0.005464
v -0.053500 0.004198 -0.005342
v -0.053500 0.004389 -0.005208
v -0.053500 0.004571 -0.005064
v -0.053500 0.004745 -0.004909
v -0.053500 0.004909 -0.004745
v -0.053500 0.005064 -0.004571
v -0.053500 0.005208 -0.004389
v -0.053500 0.005342 -0.004198
v -0.053500 0.005464 -0.004000
v -0.053500 0.005575 -0.003795
v -0.053500 0.005673 -0.003584
v -0.053500 0.005759 -0.003368
v -0.053500 0.005832 -0.003147
v -0.053500 0.005892 -0.002922
v -0.053500 0.005939 -0.002695
v -0.053500 0.005973 -0.002464
v -0.053500 0.005993 -0.002233
v -0.053500 0.006 -0.002000
v 0.053500 0.002 -0.006000
v 0.053500 0.002233 -0.005993
v 0.053500 0.002464 -0.005973
v 0.053500 0.002695 -0.005939
v 0.053500 0.002922 -0.005892
v 0.053500 0.003147 -0.005832
v 0.053500 0.003368 -0.005759
v 0.053500 0.003584 -0.005673
v 0.053500 0.003795 -0.005575
v 0.053500 0.004 -0.005464
v 0.053500 0.004198 -0.005342
v 0.053500 0.004389 -0.005208
v 0.053500 0.004571 -0.005064
v 0.053500 0.004745 -0.004909
v 0.053500 0.004909 -0.004745
v 0.053500 0.005064 -0.004571
v 0.053500 0.005208 -0.004389
v 0.053500 0.005342 -0.004198
v 0.053500 0.005464 -0.004000
v 0.053500 0.005575 -0.003795
v 0.053500 0.005673 -0.003584
v 0.053500 0.005759 -0.003368
v 0.053500 0.005832 -0.003147
v 0.053500 0.005892 -0.002922
v 0.053500 0.005939 -0.002695
v 0.053500 0.005973 -0.002464
v 0.053500 0.005993 -0.002233
v 0.053500 0.006 -0.002000
v -0.053500 0.002 0.006000
v -0.053500 0.002233 0.005993
v -0.053500 0.002464 0.005973
v -0.053500 0.002695 0.005939
v -0.053500 0.002922 0.005892
v -0.053500 0.003147 0.005832
v -0.053500 0.003368 0.005759
v -0.053500 0.003584 0.005673
v -0.053500 0.003795 0.005575
v -0.053500 0.004 0.005464
v -0.053500 0.004198 0.005342
v -0.053500 0.004389 0.005208
v -0.053500 0.004571 0.005064
v -0.053500 0.004745 0.004909
v -0.053500 0.004909 0.004745
v -0.053500 0.005064 0.004571
v -0.053500 0.005208 0.004389
v -0.053500 0.005342 0.004198
v -0.053500 0.005464 0.004000
v -0.053500 0.005575 0.003795
v -0.053500 0.005673 0.003584
v -0.053500 0.005759 0.003368
v -0.053500 0.005832 0.003147
v -0.053500 0.005892 0.002922
v -0.053500 0.005939 0.002695
v -0.053500 0.005973 0.002464
v -0.053500 0.005993 0.002233
v -0.053500 0.006 0.002000
v 0.053500 0.002 0.006000
v 0.053500 0.002233 0.005993
v 0.053500 0.002464 0.005973
v 0.053500 0.002695 0.005939
v 0.053500 0.002922 0.005892
v 0.053500 0.003147 0.005832
v 0.053500 0.003368 0.005759
v 0.053500 0.003584 0.005673
v 0.053500 0.003795 0.005575
v 0.053500 0.004 0.005464
v 0.053500 0.004198 0.005342
v 0.053500 0.004389 0.005208
v 0.053500 0.004571 0.005064
v 0.053500 0.004745 0.004909
v 0.053500 0.004909 0.004745
v 0.053500 0.005064 0.004571
v 0.053500 0.005208 0.004389
v 0.053500 0.005342 0.004198
v 0.053500 0.005464 0.004000
v 0.053500 0.005575 0.003795
v 0.053500 0.005673 0.003584
v 0.053500 0.005759 0.003368
v 0.053500 0.005832 0.003147
v 0.053500 0.005892 0.002922
v 0.053500 0.005939 0.002695
v 0.053500 0.005973 0.002464
v 0.053500 0.005993 0.002233
v 0.053500 0.006 0.002000
v 0.057500 0.002 -0.002000
v 0.057500 0.002 0.002000
v 0.057493 0.002233 -0.002000
v 0.057473 0.002464 -0.002000
v 0.057439 0.002695 -0.002000
v 0.057392 0.002922 -0.002000
v 0.057332 0.003147 -0.002000
v 0.057259 0.003368 -0.002000
v 0.057173 0.003584 -0.002000
v 0.057075 0.003795 -0.002000
v 0.056964 0.004 -0.002000
v 0.056842 0.004198 -0.002000
v 0.056708 0.004389 -0.002000
v 0.056564 0.004571 -0.002000
v 0.056409 0.004745 -0.002000
v 0.056245 0.004909 -0.002000
v 0.056071 0.005064 -0.002000
v 0.055889 0.005208 -0.002000
v 0.055698 0.005342 -0.002000
v 0.055500 0.005464 -0.002000
v 0.055295 0.005575 -0.002000
v 0.055084 0.005673 -0.002000
v 0.054868 0.005759 -0.002000
v 0.054647 0.005832 -0.002000
v 0.054422 0.005892 -0.002000
v 0.054195 0.005939 -0.002000
v 0.053964 0.005973 -0.002000
v 0.053733 0.005993 -0.002000
v 0.053500 0.006 -0.002000
v 0.053500 0.006 0.002000
v 0.057493 0.002233 0.002000
v 0.057473 0.002464 0.002000
v 0.057439 0.002695 0.002000
v 0.057392 0.002922 0.002000
v 0.057332 0.003147 0.002000
v 0.057259 0.003368 0.002000
v 0.057173 0.003584 0.002000
v 0.057075 0.003795 0.002000
v 0.056964 0.004 0.002000
v 0.056842 0.004198 0.002000
v 0.056708 0.004389 0.002000
v 0.056564 0.004571 0.002000
v 0.056409 0.004745 0.002000
v 0.056245 0.004909 0.002000
v 0.056071 0.005064 0.002000
v 0.055889 0.005208 0.002000
v 0.055698 0.005342 0.002000
v 0.055500 0.005464 0.002000
v 0.055295 0.005575 0.002000
v 0.055084 0.005673 0.002000
v 0.054868 0.005759 0.002000
v 0.054647 0.005832 0.002000
v 0.054422 0.005892 0.002000
v 0.054195 0.005939 0.002000
v 0.053964 0.005973 0.002000
v 0.053733 0.005993 0.002000
v -0.053500 -0.002 -0.006000
v -0.053500 -0.002233 -0.005993
v -0.053500 -0.002464 -0.005973
v -0.053500 -0.002695 -0.005939
v -0.053500 -0.002922 -0.005892
v -0.053500 -0.003147 -0.005832
v -0.053500 -0.003368 -0.005759
v -0.053500 -0.003584 -0.005673
v -0.053500 -0.003795 -0.005575
v -0.053500 -0.004 -0.005464
v -0.053500 -0.004198 -0.005342
v -0.053500 -0.004389 -0.005208
v -0.053500 -0.004571 -0.005064
v -0.053500 -0.004745 -0.004909
v -0.053500 -0.004909 -0.004745
v -0.053500 -0.005064 -0.004571
v -0.053500 -0.005208 -0.004389
v -0.053500 -0.005342 -0.004198
v -0.053500 -0.005464 -0.004000
v -0.053500 -0.005575 -0.003795
v -0.053500 -0.005673 -0.003584
v -0.053500 -0.005759 -0.003368
v -0.053500 -0.005832 -0.003147
v -0.053500 -0.005892 -0.002922
v -0.053500 -0.005939 -0.002695
v -0.053500 -0.005973 -0.002464
v -0.053500 -0.005993 -0.002233
v -0.053500 -0.006 -0.002000
v 0.053500 -0.002 -0.006000
v 0.053500 -0.002233 -0.005993
v 0.053500 -0.002464 -0.005973
v 0.053500 -0.002695 -0.005939
v 0.053500 -0.002922 -0.005892
v 0.053500 -0.003147 -0.005832
v 0.053500 -0.003368 -0.005759
v 0.053500 -0.003584 -0.005673
v 0.053500 -0.003795 -0.005575
v 0.053500 -0.004 -0.005464
v 0.053500 -0.004198 -0.005342
v 0.053500 -0.004389 -0.005208
v 0.053500 -0.004571 -0.005064
v 0.053500 -0.004745 -0.004909
v 0.053500 -0.004909 -0.004745
v 0.053500 -0.005064 -0.004571
v 0.053500 -0.005208 -0.004389
v 0.053500 -0.005342 -0.004198
v 0.053500 -0.005464 -0.004000
v 0.053500 -0.005575 -0.003795
v 0.053500 -0.005673 -0.003584
v 0.053500 -0.005759 -0.003368
v 0.053500 -0.005832 -0.003147
v 0.053500 -0.005892 -0.002922
v 0.053500 -0.005939 -0.002695
v 0.053500 -0.005973 -0.002464
v 0.053500 -0.005993 -0.002233
v 0.053500 -0.006 -0.002000
v 0.053500 0.002 -0.006000
v 0.053733 0.002 -0.005993
v 0.053964 0.002 -0.005973
v 0.054195 0.002 -0.005939
v 0.054422 0.002 -0.005892
v 0.054647 0.002 -0.005832
v 0.054868 0.002 -0.005759
v 0.055084 0.002 -0.005673
v 0.055295 0.002 -0.005575
v 0.055500 0.002 -0.005464
v 0.055698 0.002 -0.005342
v 0.055889 0.002 -0.005208
v 0.056071 0.002 -0.005064
v 0.056245 0.002 -0.004909
v 0.056409 0.002 -0.004745
v 0.056564 0.002 -0.004571
v 0.056708 0.002 -0.004389
v 0.056842 0.002 -0.004198
v 0.056964 0.002 -0.004000
v 0.057075 0.002 -0.003795
v 0.057173 0.002 -0.003584
v 0.057259 0.002 -0.003368
v 0.057332 0.002 -0.003147
v 0.057392 0.002 -0.002922
v 0.057439 0.002 -0.002695
v 0.057473 0.002 -0.002464
v 0.057493 0.002 -0.002233
v 0.057500 0.002 -0.002000
v 0.053500 -0.002 -0.006000
v 0.053733 -0.002 -0.005993
v 0.053964 -0.002 -0.005973
v 0.054195 -0.002 -0.005939
v 0.054422 -0.002 -0.005892
v 0.054647 -0.002 -0.005832
v 0.054868 -0.002 -0.005759
v 0.055084 -0.002 -0.005673
v 0.055295 -0.002 -0.005575
v 0.055500 -0.002 -0.005464
v 0.055698 -0.002 -0.005342
v 0.055889 -0.002 -0.005208
v 0.056071 -0.002 -0.005064
v 0.056245 -0.002 -0.004909
v 0.056409 -0.002 -0.004745
v 0.056564 -0.002 -0.004571
v 0.056708 -0.002 -0.004389
v 0.056842 -0.002 -0.004198
v 0.056964 -0.002 -0.004000
v 0.057075 -0.002 -0.003795
v 0.057173 -0.002 -0.003584
v 0.057259 -0.002 -0.003368
v 0.057332 -0.002 -0.003147
v 0.057392 -0.002 -0.002922
v 0.057439 -0.002 -0.002695
v 0.057473 -0.002 -0.002464
v 0.057493 -0.002 -0.002233
v 0.057500 -0.002 -0.002000
v -0.053500 -0.006 0.002000
v -0.053500 -0.005993 0.002233
v -0.053500 -0.005973 0.002464
v -0.053500 -0.005939 0.002695
v -0.053500 -0.005892 0.002922
v -0.053500 -0.005832 0.003147
v -0.053500 -0.005759 0.003368
v -0.053500 -0.005673 0.003584
v -0.053500 -0.005575 0.003795
v -0.053500 -0.005464 0.004000
v -0.053500 -0.005342 0.004198
v -0.053500 -0.005208 0.004389
v -0.053500 -0.005064 0.004571
v -0.053500 -0.004909 0.004745
v -0.053500 -0.004745 0.004909
v -0.053500 -0.004571 0.005064
v -0.053500 -0.004389 0.005208
v -0.053500 -0.004198 0.005342
v -0.053500 -0.004 0.005464
v -0.053500 -0.003795 0.005575
v -0.053500 -0.003584 0.005673
v -0.053500 -0.003368 0.005759
v -0.053500 -0.003147 0.005832
v -0.053500 -0.002922 0.005892
v -0.053500 -0.002695 0.005939
v -0.053500 -0.002464 0.005973
v -0.053500 -0.002233 0.005993
v -0.053500 -0.002 0.006000
v 0.053500 -0.002 0.006000
v 0.053500 -0.006 0.002000
v 0.053500 -0.005993 0.002233
v 0.053500 -0.005973 0.002464
v 0.053500 -0.005939 0.002695
v 0.053500 -0.005892 0.002922
v 0.053500 -0.005832 0.003147
v 0.053500 -0.005759 0.003368
v 0.053500 -0.005673 0.003584
v 0.053500 -0.005575 0.003795
v 0.053500 -0.005464 0.004000
v 0.053500 -0.005342 0.004198
v 0.053500 -0.005208 0.004389
v 0.053500 -0.005064 0.004571
v 0.053500 -0.004909 0.004745
v 0.053500 -0.004745 0.004909
v 0.053500 -0.004571 0.005064
v 0.053500 -0.004389 0.005208
v 0.053500 -0.004198 0.005342
v 0.053500 -0.004 0.005464
v 0.053500 -0.003795 0.005575
v 0.053500 -0.003584 0.005673
v 0.053500 -0.003368 0.005759
v 0.053500 -0.003147 0.005832
v 0.053500 -0.002922 0.005892
v 0.053500 -0.002695 0.005939
v 0.053500 -0.002464 0.005973
v 0.053500 -0.002233 0.005993
v 0.053500 0.002 0.006000
v 0.053733 0.002 0.005993
v 0.053964 0.002 0.005973
v 0.054195 0.002 0.005939
v 0.054422 0.002 0.005892
v 0.054647 0.002 0.005832
v 0.054868 0.002 0.005759
v 0.055084 0.002 0.005673
v 0.055295 0.002 0.005575
v 0.055500 0.002 0.005464
v 0.055698 0.002 0.005342
v 0.055889 0.002 0.005208
v 0.056071 0.002 0.005064
v 0.056245 0.002 0.004909
v 0.056409 0.002 0.004745
v 0.056564 0.002 0.004571
v 0.056708 0.002 0.004389
v 0.056842 0.002 0.004198
v 0.056964 0.002 0.004000
v 0.057075 0.002 0.003795
v 0.057173 0.002 0.003584
v 0.057259 0.002 0.003368
v 0.057332 0.002 0.003147
v 0.057392 0.002 0.002922
v 0.057439 0.002 0.002695
v 0.057473 0.002 0.002464
v 0.057493 0.002 0.002233
v 0.057500 0.002 0.002000
v 0.053500 -0.002 0.006000
v 0.057500 -0.002 0.002000
v 0.057493 -0.002 0.002233
v 0.057473 -0.002 0.002464
v 0.057439 -0.002 0.002695
v 0.057392 -0.002 0.002922
v 0.057332 -0.002 0.003147
v 0.057259 -0.002 0.003368
v 0.057173 -0.002 0.003584
v 0.057075 -0.002 0.003795
v 0.056964 -0.002 0.004000
v 0.056842 -0.002 0.004198
v 0.056708 -0.002 0.004389
v 0.056564 -0.002 0.004571
v 0.056409 -0.002 0.004745
v 0.056245 -0.002 0.004909
v 0.056071 -0.002 0.005064
v 0.055889 -0.002 0.005208
v 0.055698 -0.002 0.005342
v 0.055500 -0.002 0.005464
v 0.055295 -0.002 0.005575
v 0.055084 -0.002 0.005673
v 0.054868 -0.002 0.005759
v 0.054647 -0.002 0.005832
v 0.054422 -0.002 0.005892
v 0.054195 -0.002 0.005939
v 0.053964 -0.002 0.005973
v 0.053733 -0.002 0.005993
v 0.057500 -0.002 -0.002000
v 0.057500 -0.002 0.002000
v 0.057493 -0.002233 -0.002000
v 0.057473 -0.002464 -0.002000
v 0.057439 -0.002695 -0.002000
v 0.057392 -0.002922 -0.002000
v 0.057332 -0.003147 -0.002000
v 0.057259 -0.003368 -0.002000
v 0.057173 -0.003584 -0.002000
v 0.057075 -0.003795 -0.002000
v 0.056964 -0.004 -0.002000
v 0.056842 -0.004198 -0.002000
v 0.056708 -0.004389 -0.002000
v 0.056564 -0.004571 -0.002000
v 0.056409 -0.004745 -0.002000
v 0.056245 -0.004909 -0.002000
v 0.056071 -0.005064 -0.002000
v 0.055889 -0.005208 -0.002000
v 0.055698 -0.005342 -0.002000
v 0.055500 -0.005464 -0.002000
v 0.055295 -0.005575 -0.002000
v 0.055084 -0.005673 -0.002000
v 0.054868 -0.005759 -0.002000
v 0.054647 -0.005832 -0.002000
v 0.054422 -0.005892 -0.002000
v 0.054195 -0.005939 -0.002000
v 0.053964 -0.005973 -0.002000
v 0.053733 -0.005993 -0.002000
v 0.053500 -0.006 -0.002000
v 0.053500 -0.006 0.002000
v 0.053733 -0.005993 0.002000
v 0.053964 -0.005973 0.002000
v 0.054195 -0.005939 0.002000
v 0.054422 -0.005892 0.002000
v 0.054647 -0.005832 0.002000
v 0.054868 -0.005759 0.002000
v 0.055084 -0.005673 0.002000
v 0.055295 -0.005575 0.002000
v 0.055500 -0.005464 0.002000
v 0.055698 -0.005342 0.002000
v 0.055889 -0.005208 0.002000
v 0.056071 -0.005064 0.002000
v 0.056245 -0.004909 0.002000
v 0.056409 -0.004745 0.002000
v 0.056564 -0.004571 0.002000
v 0.056708 -0.004389 0.002000
v 0.056842 -0.004198 0.002000
v 0.056964 -0.004 0.002000
v 0.057075 -0.003795 0.002000
v 0.057173 -0.003584 0.002000
v 0.057259 -0.003368 0.002000
v 0.057332 -0.003147 0.002000
v 0.057392 -0.002922 0.002000
v 0.057439 -0.002695 0.002000
v 0.057473 -0.002464 0.002000
v 0.057493 -0.002233 0.002000
v 0.053500 0.002 -0.006000
v 0.053733 0.002 -0.005993
v 0.053964 0.002 -0.005973
v 0.054195 0.002 -0.005939
v 0.054422 0.002 -0.005892
v 0.054647 0.002 -0.005832
v 0.054868 0.002 -0.005759
v 0.055084 0.002 -0.005673
v 0.055295 0.002 -0.005575
v 0.055500 0.002 -0.005464
v 0.055698 0.002 -0.005342
v 0.055889 0.002 -0.005208
v 0.056071 0.002 -0.005064
v 0.056245 0.002 -0.004909
v 0.056409 0.002 -0.004745
v 0.056564 0.002 -0.004571
v 0.056708 0.002 -0.004389
v 0.056842 0.002 -0.004198
v 0.056964 0.002 -0.004000
v 0.057075 0.002 -0.003795
v 0.057173 0.002 -0.003584
v 0.057259 0.002 -0.003368
v 0.057332 0.002 -0.003147
v 0.057392 0.002 -0.002922
v 0.057439 0.002 -0.002695
v 0.057473 0.002 -0.002464
v 0.057493 0.002 -0.002233
v 0.057500 0.002 -0.002000
v 0.053500 0.002 -0.006000
v 0.053500 0.002233 -0.005993
v 0.053500 0.002464 -0.005973
v 0.053500 0.002695 -0.005939
v 0.053500 0.002922 -0.005892
v 0.053500 0.003147 -0.005832
v 0.053500 0.003368 -0.005759
v 0.053500 0.003584 -0.005673
v 0.053500 0.003795 -0.005575
v 0.053500 0.004 -0.005464
v 0.053500 0.004198 -0.005342
v 0.053500 0.004389 -0.005208
v 0.053500 0.004571 -0.005064
v 0.053500 0.004745 -0.004909
v 0.053500 0.004909 -0.004745
v 0.053500 0.005064 -0.004571
v 0.053500 0.005208 -0.004389
v 0.053500 0.005342 -0.004198
v 0.053500 0.005464 -0.004000
v 0.053500 0.005575 -0.003795
v 0.053500 0.005673 -0.003584
v 0.053500 0.005759 -0.003368
v 0.053500 0.005832 -0.003147
v 0.053500 0.005892 -0.002922
v 0.053500 0.005939 -0.002695
v 0.053500 0.005973 -0.002464
v 0.053500 0.005993 -0.002233
v 0.053500 0.006 -0.002000
v 0.057493 0.002233 -0.002000
v 0.057473 0.002464 -0.002000
v 0.057439 0.002695 -0.002000
v 0.057392 0.002922 -0.002000
v 0.057332 0.003147 -0.002000
v 0.057259 0.003368 -0.002000
v 0.057173 0.003584 -0.002000
v 0.057075 0.003795 -0.002000
v 0.056964 0.004 -0.002000
v 0.056842 0.004198 -0.002000
v 0.056708 0.004389 -0.002000
v 0.056564 0.004571 -0.002000
v 0.056409 0.004745 -0.002000
v 0.056245 0.004909 -0.002000
v 0.056071 0.005064 -0.002000
v 0.055889 0.005208 -0.002000
v 0.055698 0.005342 -0.002000
v 0.055500 0.005464 -0.002000
v 0.055295 0.005575 -0.002000
v 0.055084 0.005673 -0.002000
v 0.054868 0.005759 -0.002000
v 0.054647 0.005832 -0.002000
v 0.054422 0.005892 -0.002000
v 0.054195 0.005939 -0.002000
v 0.053964 0.005973 -0.002000
v 0.053733 0.005993 -0.002000
v 0.053716 0.002006 -0.005994
v 0.053716 0.002018 -0.005994
v 0.053715 0.002029 -0.005994
v 0.053932 0.002023 -0.005977
v 0.053713 0.002041 -0.005994
v 0.053930 0.002047 -0.005977
v 0.054147 0.002018 -0.005947
v 0.053710 0.002052 -0.005994
v 0.053927 0.00207 -0.005977
v 0.054145 0.002053 -0.005947
v 0.053707 0.002064 -0.005994
v 0.053922 0.002093 -0.005977
v 0.054141 0.002087 -0.005947
v 0.054359 0.002047 -0.005906
v 0.053703 0.002075 -0.005994
v 0.053917 0.002116 -0.005977
v 0.054136 0.002122 -0.005947
v 0.054355 0.002093 -0.005906
v 0.053699 0.002086 -0.005994
v 0.054570 0.002029 -0.005854
v 0.053910 0.002138 -0.005977
v 0.054128 0.002156 -0.005947
v 0.054349 0.002139 -0.005906
v 0.053694 0.002096 -0.005994
v 0.054567 0.002087 -0.005854
v 0.053902 0.00216 -0.005977
v 0.054119 0.00219 -0.005947
v 0.054340 0.002185 -0.005906
v 0.053689 0.002107 -0.005994
v 0.054560 0.002144 -0.005854
v 0.053893 0.002182 -0.005977
v 0.054775 0.002069 -0.005791
v 0.054107 0.002223 -0.005947
v 0.054329 0.00223 -0.005906
v 0.053682 0.002117 -0.005994
v 0.054551 0.002202 -0.005854
v 0.053882 0.002203 -0.005977
v 0.054770 0.002138 -0.005791
v 0.054094 0.002256 -0.005947
v 0.054980 0.00204 -0.005716
v 0.054315 0.002275 -0.005906
v 0.053676 0.002126 -0.005994
v 0.054538 0.002258 -0.005854
v 0.053871 0.002223 -0.005977
v 0.054760 0.002207 -0.005791
v 0.054080 0.002288 -0.005947
v 0.054976 0.00212 -0.005716
v 0.054299 0.002318 -0.005906
v 0.053669 0.002136 -0.005994
v 0.054523 0.002314 -0.005854
v 0.053858 0.002243 -0.005977
v 0.054747 0.002275 -0.005791
v 0.054063 0.002318 -0.005947
v 0.054967 0.0022 -0.005716
v 0.054280 0.002361 -0.005906
v 0.055177 0.002091 -0.005630
v 0.053661 0.002145 -0.005994
v 0.054504 0.002369 -0.005854
v 0.053844 0.002262 -0.005977
v 0.054731 0.002342 -0.005791
v 0.054045 0.002349 -0.005947
v 0.054954 0.002279 -0.005716
v 0.054260 0.002403 -0.005906
v 0.055170 0.002182 -0.005630
v 0.053653 0.002153 -0.005994
v 0.054483 0.002423 -0.005854
v 0.055373 0.002051 -0.005534
v 0.053830 0.00228 -0.005977
v 0.054710 0.002408 -0.005791
v 0.054026 0.002378 -0.005947
v 0.054937 0.002357 -0.005716
v 0.054237 0.002443 -0.005906
v 0.055157 0.002272 -0.005630
v 0.053645 0.002161 -0.005994
v 0.054459 0.002475 -0.005854
v 0.055367 0.002152 -0.005534
v 0.053814 0.002297 -0.005977
v 0.054686 0.002473 -0.005791
v 0.054004 0.002405 -0.005947
v 0.054915 0.002435 -0.005716
v 0.054212 0.002483 -0.005906
v 0.055140 0.002361 -0.005630
v 0.053636 0.002169 -0.005994
v 0.054432 0.002527 -0.005854
v 0.055356 0.002253 -0.005534
v 0.053797 0.002314 -0.005977
v 0.054659 0.002536 -0.005791
v 0.055559 0.002112 -0.005427
v 0.053982 0.002432 -0.005947
v 0.054890 0.002511 -0.005716
v 0.054185 0.00252 -0.005906
v 0.055118 0.002449 -0.005630
v 0.053626 0.002176 -0.005994
v 0.054402 0.002576 -0.005854
v 0.055340 0.002353 -0.005534
v 0.053780 0.00233 -0.005977
v 0.054628 0.002598 -0.005791
v 0.055550 0.002223 -0.005427
v 0.053958 0.002458 -0.005947
v 0.054860 0.002585 -0.005716
v 0.055744 0.002061 -0.005311
v 0.054155 0.002557 -0.005906
v 0.055092 0.002536 -0.005630
v 0.053617 0.002182 -0.005994
v 0.054369 0.002624 -0.005854
v 0.055318 0.002452 -0.005534
v 0.053762 0.002344 -0.005977
v 0.054594 0.002658 -0.005791
v 0.055535 0.002334 -0.005427
v 0.053932 0.002482 -0.005947
v 0.054826 0.002658 -0.005716
v 0.055737 0.002182 -0.005311
v 0.054124 0.002591 -0.005906
v 0.055060 0.002622 -0.005630
v 0.053607 0.002189 -0.005994
v 0.054334 0.00267 -0.005854
v 0.055291 0.00255 -0.005534
v 0.053743 0.002358 -0.005977
v 0.054557 0.002717 -0.005791
v 0.055514 0.002443 -0.005427
v 0.053905 0.002504 -0.005947
v 0.054789 0.002729 -0.005716
v 0.055724 0.002303 -0.005311
v 0.054091 0.002624 -0.005906
v 0.055024 0.002705 -0.005630
v 0.055917 0.002131 -0.005184
v 0.053596 0.002194 -0.005994
v 0.054297 0.002715 -0.005854
v 0.055259 0.002646 -0.005534
v 0.053723 0.002371 -0.005977
v 0.054517 0.002773 -0.005791
v 0.055487 0.002552 -0.005427
v 0.053878 0.002526 -0.005947
v 0.054747 0.002797 -0.005716
v 0.055705 0.002423 -0.005311
v 0.054057 0.002655 -0.005906
v 0.054984 0.002787 -0.005630
v 0.055907 0.002262 -0.005184
v 0.053586 0.002199 -0.005994
v 0.054257 0.002757 -0.005854
v 0.055221 0.00274 -0.005534
v 0.056089 0.00207 -0.005049
v 0.053703 0.002382 -0.005977
v 0.054473 0.002827 -0.005791
v 0.055454 0.002658 -0.005427
v 0.053849 0.002545 -0.005947
v 0.054702 0.002864 -0.005716
v 0.055678 0.002542 -0.005311
v 0.054020 0.002685 -0.005906
v 0.054939 0.002866 -0.005630
v 0.055889 0.002392 -0.005184
v 0.053575 0.002203 -0.005994
v 0.054215 0.002797 -0.005854
v 0.055179 0.002832 -0.005534
v 0.056081 0.00221 -0.005049
v 0.053682 0.002393 -0.005977
v 0.054427 0.002878 -0.005791
v 0.055416 0.002763 -0.005427
v 0.053818 0.002563 -0.005947
v 0.054654 0.002928 -0.005716
v 0.055646 0.002659 -0.005311
v 0.053983 0.002712 -0.005906
v 0.054890 0.002943 -0.005630
v 0.055864 0.00252 -0.005184
v 0.053564 0.002207 -0.005994
v 0.054170 0.002834 -0.005854
v 0.055131 0.002922 -0.005534
v 0.056066 0.00235 -0.005049
v 0.053660 0.002402 -0.005977
v 0.054378 0.002927 -0.005791
v 0.055372 0.002866 -0.005427
v 0.056247 0.002149 -0.004904
v 0.053788 0.00258 -0.005947
v 0.054602 0.002989 -0.005716
v 0.055607 0.002774 -0.005311
v 0.053943 0.002737 -0.005906
v 0.054837 0.003016 -0.005630
v 0.055832 0.002648 -0.005184
v 0.053552 0.00221 -0.005994
v 0.054124 0.002869 -0.005854
v 0.055079 0.003009 -0.005534
v 0.056043 0.002488 -0.005049
v 0.053638 0.00241 -0.005977
v 0.054327 0.002973 -0.005791
v 0.055322 0.002966 -0.005427
v 0.056235 0.002297 -0.004904
v 0.053756 0.002594 -0.005947
v 0.054547 0.003047 -0.005716
v 0.055562 0.002887 -0.005311
v 0.056403 0.002079 -0.004751
v 0.053903 0.00276 -0.005906
v 0.054780 0.003087 -0.005630
v 0.055794 0.002773 -0.005184
v 0.053541 0.002213 -0.005994
v 0.054076 0.002902 -0.005854
v 0.055022 0.003093 -0.005534
v 0.056013 0.002625 -0.005049
v 0.053616 0.002417 -0.005977
v 0.054273 0.003017 -0.005791
v 0.055267 0.003063 -0.005427
v 0.056215 0.002445 -0.004904
v 0.053723 0.002607 -0.005947
v 0.054489 0.003102 -0.005716
v 0.055511 0.002997 -0.005311
v 0.056394 0.002236 -0.004751
v 0.053861 0.00278 -0.005906
v 0.054719 0.003155 -0.005630
v 0.055749 0.002896 -0.005184
v 0.053529 0.002215 -0.005994
v 0.054027 0.002932 -0.005854
v 0.054960 0.003174 -0.005534
v 0.055975 0.00276 -0.005049
v 0.053593 0.002422 -0.005977
v 0.054217 0.003057 -0.005791
v 0.055207 0.003157 -0.005427
v 0.056186 0.002591 -0.004904
v 0.053690 0.002619 -0.005947
v 0.054428 0.003154 -0.005716
v 0.055454 0.003105 -0.005311
v 0.056377 0.002392 -0.004751
v 0.053818 0.002799 -0.005906
v 0.054655 0.003219 -0.005630
v 0.055697 0.003016 -0.005184
v 0.056544 0.002165 -0.004590
v 0.053518 0.002216 -0.005994
v 0.053975 0.002959 -0.005854
v 0.054895 0.003251 -0.005534
v 0.055931 0.002893 -0.005049
v 0.053570 0.002427 -0.005977
v 0.054158 0.003094 -0.005791
v 0.055142 0.003248 -0.005427
v 0.056151 0.002736 -0.004904
v 0.053656 0.002628 -0.005947
v 0.054364 0.003202 -0.005716
v 0.055391 0.003209 -0.005311
v 0.056352 0.002547 -0.004751
v 0.053775 0.002815 -0.005906
v 0.054587 0.00328 -0.005630
v 0.055639 0.003134 -0.005184
v 0.056531 0.00233 -0.004590
v 0.053506 0.002216 -0.005994
v 0.053923 0.002983 -0.005854
v 0.054825 0.003325 -0.005534
v 0.055879 0.003023 -0.005049
v 0.056683 0.002086 -0.004421
v 0.053547 0.00243 -0.005977
v 0.054098 0.003128 -0.005791
v 0.055072 0.003335 -0.005427
v 0.056107 0.002878 -0.004904
v 0.053622 0.002636 -0.005947
v 0.054297 0.003247 -0.005716
v 0.055323 0.00331 -0.005311
v 0.056318 0.002701 -0.004751
v 0.053730 0.002829 -0.005906
v 0.054516 0.003337 -0.005630
v 0.055574 0.003248 -0.005184
v 0.056508 0.002493 -0.004590
v 0.053869 0.003004 -0.005854
v 0.054751 0.003395 -0.005534
v 0.055820 0.003151 -0.005049
v 0.056674 0.002258 -0.004421
v 0.053523 0.002432 -0.005977
v 0.054036 0.003159 -0.005791
v 0.054997 0.003418 -0.005427
v 0.056055 0.003018 -0.004904
v 0.053587 0.002641 -0.005947
v 0.054229 0.003289 -0.005716
v 0.055250 0.003406 -0.005311
v 0.056276 0.002852 -0.004751
v 0.053685 0.00284 -0.005906
v 0.054443 0.00339 -0.005630
v 0.055504 0.003358 -0.005184
v 0.056477 0.002655 -0.004590
v 0.053814 0.003023 -0.005854
v 0.054674 0.00346 -0.005534
v 0.055754 0.003274 -0.005049
v 0.056655 0.00243 -0.004421
v 0.053973 0.003186 -0.005791
v 0.054918 0.003497 -0.005427
v 0.055997 0.003155 -0.004904
v 0.056806 0.002179 -0.004245
v 0.053553 0.002645 -0.005947
v 0.054158 0.003326 -0.005716
v 0.055171 0.003499 -0.005311
v 0.056226 0.003001 -0.004751
v 0.053639 0.002849 -0.005906
v 0.054366 0.003439 -0.005630
v 0.055427 0.003465 -0.005184
v 0.056438 0.002816 -0.004590
v 0.053758 0.003038 -0.005854
v 0.054593 0.003522 -0.005534
v 0.055682 0.003395 -0.005049
v 0.056627 0.0026 -0.004421
v 0.053908 0.00321 -0.005791
v 0.054835 0.003572 -0.005427
v 0.055930 0.003288 -0.004904
v 0.056791 0.002358 -0.004245
v 0.053518 0.002647 -0.005947
v 0.054085 0.00336 -0.005716
v 0.055087 0.003587 -0.005311
v 0.056168 0.003148 -0.004751
v 0.056926 0.002093 -0.004062
v 0.053593 0.002855 -0.005906
v 0.054287 0.003484 -0.005630
v 0.055345 0.003567 -0.005184
v 0.056389 0.002973 -0.004590
v 0.053702 0.003051 -0.005854
v 0.054509 0.003579 -0.005534
v 0.055603 0.003511 -0.005049
v 0.056590 0.002769 -0.004421
v 0.053842 0.003231 -0.005791
v 0.054748 0.003642 -0.005427
v 0.055857 0.003418 -0.004904
v 0.056767 0.002536 -0.004245
v 0.054011 0.00339 -0.005716
v 0.054999 0.003671 -0.005311
v 0.056102 0.00329 -0.004751
v 0.056916 0.002278 -0.004062
v 0.053547 0.002859 -0.005906
v 0.054205 0.003524 -0.005630
v 0.055257 0.003665 -0.005184
v 0.056332 0.003128 -0.004590
v 0.053644 0.00306 -0.005854
v 0.054422 0.003631 -0.005534
v 0.055518 0.003622 -0.005049
v 0.056544 0.002935 -0.004421
v 0.053775 0.003247 -0.005791
v 0.054657 0.003707 -0.005427
v 0.055777 0.003544 -0.004904
v 0.056733 0.002712 -0.004245
v 0.053935 0.003415 -0.005716
v 0.054906 0.00375 -0.005311
v 0.056028 0.003429 -0.004751
v 0.056896 0.002463 -0.004062
v 0.054122 0.00356 -0.005630
v 0.055165 0.003757 -0.005184
v 0.056267 0.00328 -0.004590
v 0.057029 0.002191 -0.003874
v 0.053587 0.003067 -0.005854
v 0.054332 0.003679 -0.005534
v 0.055428 0.003729 -0.005049
v 0.056489 0.003098 -0.004421
v 0.053707 0.00326 -0.005791
v 0.054563 0.003767 -0.005427
v 0.055690 0.003665 -0.004904
v 0.056690 0.002886 -0.004245
v 0.053857 0.003437 -0.005716
v 0.054810 0.003823 -0.005311
v 0.055947 0.003564 -0.004751
v 0.056866 0.002646 -0.004062
v 0.054036 0.003592 -0.005630
v 0.055067 0.003845 -0.005184
v 0.056194 0.003428 -0.004590
v 0.057013 0.002382 -0.003874
v 0.053529 0.00307 -0.005854
v 0.054240 0.003721 -0.005534
v 0.055331 0.003831 -0.005049
v 0.056425 0.003258 -0.004421
v 0.057129 0.002098 -0.003680
v 0.053638 0.00327 -0.005791
v 0.054466 0.003822 -0.005427
v 0.055597 0.003781 -0.004904
v 0.056637 0.003057 -0.004245
v 0.053779 0.003454 -0.005716
v 0.054709 0.003891 -0.005311
v 0.055859 0.003694 -0.004751
v 0.056826 0.002827 -0.004062
v 0.053949 0.003618 -0.005630
v 0.054965 0.003927 -0.005184
v 0.056112 0.003572 -0.004590
v 0.056987 0.002572 -0.003874
v 0.054146 0.003759 -0.005534
v 0.055229 0.003928 -0.005049
v 0.056353 0.003415 -0.004421
v 0.057118 0.002295 -0.003680
v 0.053569 0.003275 -0.005791
v 0.054366 0.003872 -0.005427
v 0.055497 0.003892 -0.004904
v 0.056576 0.003225 -0.004245
v 0.053700 0.003467 -0.005716
v 0.054605 0.003954 -0.005311
v 0.055763 0.003819 -0.004751
v 0.056776 0.003006 -0.004062
v 0.053861 0.00364 -0.005630
v 0.054858 0.004004 -0.005184
v 0.056023 0.003711 -0.004590
v 0.056951 0.00276 -0.003874
v 0.054050 0.003791 -0.005534
v 0.055122 0.004018 -0.005049
v 0.056272 0.003567 -0.004421
v 0.057097 0.00249 -0.003680
v 0.054263 0.003916 -0.005427
v 0.055392 0.003997 -0.004904
v 0.056505 0.00339 -0.004245
v 0.057210 0.002201 -0.003481
v 0.053620 0.003476 -0.005716
v 0.054497 0.004011 -0.005311
v 0.055662 0.003939 -0.004751
v 0.056717 0.003182 -0.004062
v 0.053772 0.003657 -0.005630
v 0.054748 0.004074 -0.005184
v 0.055927 0.003845 -0.004590
v 0.056905 0.002945 -0.003874
v 0.053952 0.003818 -0.005534
v 0.055011 0.004103 -0.005049
v 0.056183 0.003715 -0.004421
v 0.057065 0.002684 -0.003680
v 0.054158 0.003954 -0.005427
v 0.055281 0.004097 -0.004904
v 0.056425 0.003551 -0.004245
v 0.057194 0.002402 -0.003481
v 0.053540 0.00348 -0.005716
v 0.054387 0.004062 -0.005311
v 0.055553 0.004053 -0.004751
v 0.056648 0.003354 -0.004062
v 0.057289 0.002103 -0.003277
v 0.053682 0.00367 -0.005630
v 0.054634 0.004139 -0.005184
v 0.055824 0.003974 -0.004590
v 0.056849 0.003128 -0.003874
v 0.053853 0.00384 -0.005534
v 0.054895 0.004182 -0.005049
v 0.056086 0.003858 -0.004421
v 0.057023 0.002876 -0.003680
v 0.054052 0.003987 -0.005427
v 0.055165 0.00419 -0.004904
v 0.056337 0.003707 -0.004245
v 0.057167 0.002601 -0.003481
v 0.054274 0.004107 -0.005311
v 0.055439 0.004162 -0.004751
v 0.056571 0.003523 -0.004062
v 0.057278 0.002308 -0.003277
v 0.053591 0.003677 -0.005630
v 0.054516 0.004197 -0.005184
v 0.055713 0.004097 -0.004590
v 0.056783 0.003308 -0.003874
v 0.053753 0.003856 -0.005534
v 0.054774 0.004254 -0.005049
v 0.055982 0.003995 -0.004421
v 0.056970 0.003066 -0.003680
v 0.053943 0.004014 -0.005427
v 0.055044 0.004277 -0.004904
v 0.056240 0.003858 -0.004245
v 0.057129 0.002799 -0.003481
v 0.054159 0.004146 -0.005311
v 0.055319 0.004263 -0.004751
v 0.056484 0.003687 -0.004062
v 0.057256 0.002512 -0.003277
v 0.054396 0.004249 -0.005184
v 0.055597 0.004213 -0.004590
v 0.056707 0.003484 -0.003874
v 0.057349 0.002209 -0.003070
v 0.053652 0.003867 -0.005534
v 0.054651 0.00432 -0.005049
v 0.055870 0.004126 -0.004421
v 0.056908 0.003252 -0.003680
v 0.053834 0.004035 -0.005427
v 0.054918 0.004357 -0.004904
v 0.056136 0.004004 -0.004245
v 0.057080 0.002994 -0.003481
v 0.054042 0.004178 -0.005311
v 0.055194 0.004359 -0.004751
v 0.056388 0.003846 -0.004062
v 0.057223 0.002714 -0.003277
v 0.054273 0.004294 -0.005184
v 0.055474 0.004324 -0.004590
v 0.056622 0.003655 -0.003874
v 0.057332 0.002417 -0.003070
v 0.053551 0.003873 -0.005534
v 0.054523 0.004379 -0.005049
v 0.055752 0.004252 -0.004421
v 0.056835 0.003435 -0.003680
v 0.057405 0.002106 -0.002860
v 0.053723 0.00405 -0.005427
v 0.054788 0.00443 -0.004904
v 0.056023 0.004143 -0.004245
v 0.057021 0.003186 -0.003481
v 0.053923 0.004205 -0.005311
v 0.055064 0.004447 -0.004751
v 0.056284 0.004 -0.004062
v 0.057179 0.002915 -0.003277
v 0.054148 0.004332 -0.005184
v 0.055345 0.004427 -0.004590
v 0.056528 0.003822 -0.003874
v 0.057303 0.002624 -0.003070
v 0.054393 0.004431 -0.005049
v 0.055626 0.00437 -0.004421
v 0.056752 0.003613 -0.003680
v 0.057394 0.002317 -0.002860
v 0.053612 0.004059 -0.005427
v 0.054655 0.004497 -0.004904
v 0.055904 0.004277 -0.004245
v 0.056952 0.003375 -0.003481
v 0.053803 0.004224 -0.005311
v 0.054929 0.004528 -0.004751
v 0.056171 0.004147 -0.004062
v 0.057124 0.003113 -0.003277
v 0.054020 0.004364 -0.005184
v 0.055211 0.004523 -0.004590
v 0.056425 0.003983 -0.003874
v 0.057264 0.002829 -0.003070
v 0.054260 0.004475 -0.005049
v 0.055495 0.004482 -0.004421
v 0.056660 0.003787 -0.003680
v 0.057371 0.002527 -0.002860
v 0.054518 0.004555 -0.004904
v 0.055777 0.004404 -0.004245
v 0.056872 0.00356 -0.003481
v 0.057442 0.002214 -0.002647
v 0.053682 0.004237 -0.005311
v 0.054790 0.004602 -0.004751
v 0.056051 0.004289 -0.004062
v 0.057058 0.003307 -0.003277
v 0.053892 0.004389 -0.005184
v 0.055072 0.004612 -0.004590
v 0.056313 0.004139 -0.003874
v 0.057214 0.003031 -0.003070
v 0.054125 0.004513 -0.005049
v 0.055358 0.004586 -0.004421
v 0.056559 0.003955 -0.003680
v 0.057336 0.002736 -0.002860
v 0.054378 0.004607 -0.004904
v 0.055643 0.004523 -0.004245
v 0.056783 0.003741 -0.003481
v 0.057424 0.002427 -0.002647
v 0.053561 0.004244 -0.005311
v 0.054648 0.004668 -0.004751
v 0.055924 0.004424 -0.004062
v 0.056982 0.003498 -0.003277
v 0.057475 0.002108 -0.002432
v 0.053762 0.004407 -0.005184
v 0.054928 0.004694 -0.004590
v 0.056194 0.004288 -0.003874
v 0.057152 0.003231 -0.003070
v 0.053988 0.004543 -0.005049
v 0.055215 0.004683 -0.004421
v 0.056448 0.004118 -0.003680
v 0.057291 0.002943 -0.002860
v 0.054236 0.004651 -0.004904
v 0.055504 0.004636 -0.004245
v 0.056684 0.003916 -0.003481
v 0.057395 0.002639 -0.002647
v 0.054501 0.004726 -0.004751
v 0.055789 0.004551 -0.004062
v 0.056896 0.003684 -0.003277
v 0.057463 0.002323 -0.002432
v 0.053631 0.004417 -0.005184
v 0.054780 0.004767 -0.004590
v 0.056066 0.00443 -0.003874
v 0.057080 0.003427 -0.003070
v 0.053850 0.004566 -0.005049
v 0.055067 0.004772 -0.004421
v 0.056330 0.004274 -0.003680
v 0.057234 0.003147 -0.002860
v 0.054091 0.004686 -0.004904
v 0.055358 0.00474 -0.004245
v 0.056576 0.004085 -0.003481
v 0.057355 0.002849 -0.002647
v 0.054352 0.004776 -0.004751
v 0.055647 0.004671 -0.004062
v 0.056800 0.003866 -0.003277
v 0.057440 0.002537 -0.002432
v 0.054628 0.004832 -0.004590
v 0.055930 0.004566 -0.003874
v 0.056998 0.003618 -0.003070
v 0.057488 0.002216 -0.002217
v 0.053710 0.004581 -0.005049
v 0.054915 0.004853 -0.004421
v 0.056202 0.004424 -0.003680
v 0.057167 0.003347 -0.002860
v 0.053945 0.004715 -0.004904
v 0.055207 0.004837 -0.004245
v 0.056458 0.004249 -0.003481
v 0.057303 0.003056 -0.002647
v 0.054201 0.004818 -0.004751
v 0.055500 0.004784 -0.004062
v 0.056694 0.004042 -0.003277
v 0.057405 0.002749 -0.002432
v 0.054473 0.004889 -0.004590
v 0.055788 0.004694 -0.003874
v 0.056905 0.003805 -0.003070
v 0.057471 0.002432 -0.002217
v 0.053570 0.004589 -0.005049
v 0.054758 0.004925 -0.004421
v 0.056067 0.004567 -0.003680
v 0.057089 0.003544 -0.002860
v 0.053797 0.004735 -0.004904
v 0.055051 0.004925 -0.004245
v 0.056332 0.004406 -0.003481
v 0.057241 0.00326 -0.002647
v 0.054047 0.004852 -0.004751
v 0.055346 0.004888 -0.004062
v 0.056579 0.004211 -0.003277
v 0.057359 0.00296 -0.002432
v 0.054316 0.004938 -0.004590
v 0.055639 0.004813 -0.003874
v 0.056802 0.003987 -0.003070
v 0.057442 0.002646 -0.002217
v 0.054598 0.004989 -0.004421
v 0.055924 0.004702 -0.003680
v 0.057000 0.003736 -0.002860
v 0.053649 0.004747 -0.004904
v 0.054890 0.005005 -0.004245
v 0.056198 0.004555 -0.003481
v 0.057167 0.003461 -0.002647
v 0.053892 0.004877 -0.004751
v 0.055187 0.004984 -0.004062
v 0.056454 0.004375 -0.003277
v 0.057301 0.003167 -0.002432
v 0.054155 0.004977 -0.004590
v 0.055483 0.004925 -0.003874
v 0.056690 0.004163 -0.003070
v 0.057401 0.002859 -0.002217
v 0.054435 0.005044 -0.004421
v 0.055774 0.00483 -0.003680
v 0.056901 0.003923 -0.002860
v 0.054725 0.005076 -0.004245
v 0.056055 0.004698 -0.003481
v 0.057082 0.003657 -0.002647
v 0.053736 0.004894 -0.004751
v 0.055023 0.005071 -0.004062
v 0.056322 0.004531 -0.003277
v 0.057233 0.003371 -0.002432
v 0.053993 0.005008 -0.004590
v 0.055322 0.005028 -0.003874
v 0.056568 0.004332 -0.003070
v 0.057349 0.003069 -0.002217
v 0.054269 0.00509 -0.004421
v 0.055618 0.004948 -0.003680
v 0.056792 0.004104 -0.002860
v 0.054557 0.005137 -0.004245
v 0.055906 0.004832 -0.003481
v 0.056987 0.003849 -0.002647
v 0.053579 0.004903 -0.004751
v 0.054854 0.005148 -0.004062
v 0.056180 0.00468 -0.003277
v 0.057153 0.003571 -0.002432
v 0.053830 0.005031 -0.004590
v 0.055155 0.005122 -0.003874
v 0.056438 0.004495 -0.003070
v 0.057285 0.003275 -0.002217
v 0.054100 0.005127 -0.004421
v 0.055455 0.005059 -0.003680
v 0.056673 0.004279 -0.002860
v 0.054386 0.00519 -0.004245
v 0.055749 0.004958 -0.003481
v 0.056882 0.004035 -0.002647
v 0.054682 0.005217 -0.004062
v 0.056031 0.004822 -0.003277
v 0.057062 0.003767 -0.002432
v 0.053665 0.005044 -0.004590
v 0.054984 0.005207 -0.003874
v 0.056298 0.004651 -0.003070
v 0.057210 0.003478 -0.002217
v 0.053930 0.005155 -0.004421
v 0.055287 0.00516 -0.003680
v 0.056545 0.004447 -0.002860
v 0.054212 0.005233 -0.004245
v 0.055585 0.005076 -0.003481
v 0.056767 0.004215 -0.002647
v 0.054506 0.005276 -0.004062
v 0.055875 0.004954 -0.003277
v 0.056962 0.003957 -0.002432
v 0.054808 0.005283 -0.003874
v 0.056151 0.004798 -0.003070
v 0.057125 0.003677 -0.002217
v 0.053758 0.005174 -0.004421
v 0.055113 0.005252 -0.003680
v 0.056408 0.004609 -0.002860
v 0.054036 0.005267 -0.004245
v 0.055416 0.005184 -0.003481
v 0.056642 0.004389 -0.002647
v 0.054327 0.005326 -0.004062
v 0.055711 0.005079 -0.003277
v 0.056851 0.004142 -0.002432
v 0.054628 0.005349 -0.003874
v 0.055995 0.004938 -0.003070
v 0.057029 0.003871 -0.002217
v 0.053586 0.005183 -0.004421
v 0.054935 0.005335 -0.003680
v 0.056262 0.004762 -0.002860
v 0.053858 0.005291 -0.004245
v 0.055241 0.005283 -0.003481
v 0.056508 0.004555 -0.002647
v 0.054146 0.005366 -0.004062
v 0.055542 0.005194 -0.003277
v 0.056730 0.00432 -0.002432
v 0.054445 0.005405 -0.003874
v 0.055832 0.005068 -0.003070
v 0.056922 0.004059 -0.002217
v 0.054752 0.005408 -0.003680
v 0.056109 0.004908 -0.002860
v 0.053679 0.005306 -0.004245
v 0.055060 0.005372 -0.003481
v 0.056366 0.004715 -0.002647
v 0.053963 0.005396 -0.004062
v 0.055366 0.0053 -0.003277
v 0.056599 0.004491 -0.002432
v 0.054260 0.005451 -0.003874
v 0.055663 0.00519 -0.003070
v 0.056806 0.004241 -0.002217
v 0.054566 0.00547 -0.003680
v 0.055947 0.005045 -0.002860
v 0.054875 0.005452 -0.003481
v 0.056215 0.004866 -0.002647
v 0.053778 0.005416 -0.004062
v 0.055184 0.005396 -0.003277
v 0.056460 0.004655 -0.002432
v 0.054072 0.005487 -0.003874
v 0.055487 0.005302 -0.003070
v 0.056680 0.004417 -0.002217
v 0.054376 0.005523 -0.003680
v 0.055779 0.005173 -0.002860
v 0.054686 0.005521 -0.003481
v 0.056055 0.005008 -0.002647
v 0.053593 0.005426 -0.004062
v 0.054998 0.005482 -0.003277
v 0.056312 0.004812 -0.002432
v 0.053882 0.005513 -0.003874
v 0.055305 0.005405 -0.003070
v 0.056544 0.004586 -0.002217
v 0.054184 0.005565 -0.003680
v 0.055604 0.005292 -0.002860
v 0.054494 0.00558 -0.003481
v 0.055889 0.005142 -0.002647
v 0.054807 0.005558 -0.003277
v 0.056155 0.00496 -0.002432
v 0.053691 0.005529 -0.003874
v 0.055118 0.005498 -0.003070
v 0.056400 0.004747 -0.002217
v 0.053990 0.005597 -0.003680
v 0.055423 0.005401 -0.002860
v 0.054299 0.005629 -0.003481
v 0.055715 0.005267 -0.002647
v 0.054613 0.005624 -0.003277
v 0.055991 0.005099 -0.002432
v 0.054927 0.00558 -0.003070
v 0.056247 0.0049 -0.002217
v 0.053795 0.005618 -0.003680
v 0.055236 0.0055 -0.002860
v 0.054101 0.005667 -0.003481
v 0.055535 0.005382 -0.002647
v 0.054415 0.005679 -0.003277
v 0.055820 0.00523 -0.002432
v 0.054731 0.005652 -0.003070
v 0.056086 0.005044 -0.002217
v 0.053598 0.005629 -0.003680
v 0.055044 0.005589 -0.002860
v 0.053902 0.005694 -0.003481
v 0.055349 0.005487 -0.002647
v 0.054214 0.005723 -0.003277
v 0.055642 0.005351 -0.002432
v 0.054531 0.005714 -0.003070
v 0.055917 0.00518 -0.002217
v 0.054847 0.005667 -0.002860
v 0.053701 0.00571 -0.003481
v 0.055157 0.005582 -0.002647
v 0.054012 0.005756 -0.003277
v 0.055457 0.005462 -0.002432
v 0.054329 0.005764 -0.003070
v 0.055741 0.005306 -0.002217
v 0.054647 0.005734 -0.002860
v 0.054961 0.005667 -0.002647
v 0.053808 0.005778 -0.003277
v 0.055267 0.005562 -0.002432
v 0.054124 0.005803 -0.003070
v 0.055559 0.005422 -0.002217
v 0.054443 0.005791 -0.002860
v 0.054760 0.005741 -0.002647
v 0.053603 0.005789 -0.003277
v 0.055071 0.005653 -0.002432
v 0.053917 0.005832 -0.003070
v 0.055371 0.005529 -0.002217
v 0.054236 0.005836 -0.002860
v 0.054556 0.005803 -0.002647
v 0.054871 0.005733 -0.002432
v 0.053709 0.005849 -0.003070
v 0.055177 0.005625 -0.002217
v 0.054027 0.005871 -0.002860
v 0.054349 0.005855 -0.002647
v 0.054667 0.005801 -0.002432
v 0.054978 0.00571 -0.002217
v 0.053817 0.005894 -0.002860
v 0.054139 0.005895 -0.002647
v 0.054460 0.005859 -0.002432
v 0.054775 0.005785 -0.002217
v 0.053606 0.005905 -0.002860
v 0.053927 0.005924 -0.002647
v 0.054249 0.005905 -0.002432
v 0.054569 0.005849 -0.002217
v 0.053714 0.005942 -0.002647
v 0.054037 0.00594 -0.002432
v 0.054359 0.005901 -0.002217
v 0.053823 0.005963 -0.002432
v 0.054146 0.005942 -0.002217
v 0.053608 0.005975 -0.002432
v 0.053932 0.005971 -0.002217
v 0.053716 0.005988 -0.002217
v 0.053500 0.002 0.006000
v 0.053733 0.002 0.005993
v 0.053964 0.002 0.005973
v 0.054195 0.002 0.005939
v 0.054422 0.002 0.005892
v 0.054647 0.002 0.005832
v 0.054868 0.002 0.005759
v 0.055084 0.002 0.005673
v 0.055295 0.002 0.005575
v 0.055500 0.002 0.005464
v 0.055698 0.002 0.005342
v 0.055889 0.002 0.005208
v 0.056071 0.002 0.005064
v 0.056245 0.002 0.004909
v 0.056409 0.002 0.004745
v 0.056564 0.002 0.004571
v 0.056708 0.002 0.004389
v 0.056842 0.002 0.004198
v 0.056964 0.002 0.004000
v 0.057075 0.002 0.003795
v 0.057173 0.002 0.003584
v 0.057259 0.002 0.003368
v 0.057332 0.002 0.003147
v 0.057392 0.002 0.002922
v 0.057439 0.002 0.002695
v 0.057473 0.002 0.002464
v 0.057493 0.002 0.002233
v 0.057500 0.002 0.002000
v 0.053500 0.002 0.006000
v 0.053500 0.002233 0.005993
v 0.053500 0.002464 0.005973
v 0.053500 0.002695 0.005939
v 0.053500 0.002922 0.005892
v 0.053500 0.003147 0.005832
v 0.053500 0.003368 0.005759
v 0.053500 0.003584 0.005673
v 0.053500 0.003795 0.005575
v 0.053500 0.004 0.005464
v 0.053500 0.004198 0.005342
v 0.053500 0.004389 0.005208
v 0.053500 0.004571 0.005064
v 0.053500 0.004745 0.004909
v 0.053500 0.004909 0.004745
v 0.053500 0.005064 0.004571
v 0.053500 0.005208 0.004389
v 0.053500 0.005342 0.004198
v 0.053500 0.005464 0.004000
v 0.053500 0.005575 0.003795
v 0.053500 0.005673 0.003584
v 0.053500 0.005759 0.003368
v 0.053500 0.005832 0.003147
v 0.053500 0.005892 0.002922
v 0.053500 0.005939 0.002695
v 0.053500 0.005973 0.002464
v 0.053500 0.005993 0.002233
v 0.053500 0.006 0.002000
v 0.057493 0.002233 0.002000
v 0.057473 0.002464 0.002000
v 0.057439 0.002695 0.002000
v 0.057392 0.002922 0.002000
v 0.057332 0.003147 0.002000
v 0.057259 0.003368 0.002000
v 0.057173 0.003584 0.002000
v 0.057075 0.003795 0.002000
v 0.056964 0.004 0.002000
v 0.056842 0.004198 0.002000
v 0.056708 0.004389 0.002000
v 0.056564 0.004571 0.002000
v 0.056409 0.004745 0.002000
v 0.056245 0.004909 0.002000
v 0.056071 0.005064 0.002000
v 0.055889 0.005208 0.002000
v 0.055698 0.005342 0.002000
v 0.055500 0.005464 0.002000
v 0.055295 0.005575 0.002000
v 0.055084 0.005673 0.002000
v 0.054868 0.005759 0.002000
v 0.054647 0.005832 0.002000
v 0.054422 0.005892 0.002000
v 0.054195 0.005939 0.002000
v 0.053964 0.005973 0.002000
v 0.053733 0.005993 0.002000
v 0.053716 0.002006 0.005994
v 0.053716 0.002018 0.005994
v 0.053715 0.002029 0.005994
v 0.053932 0.002023 0.005977
v 0.053713 0.002041 0.005994
v 0.053930 0.002047 0.005977
v 0.054147 0.002018 0.005947
v 0.053710 0.002052 0.005994
v 0.053927 0.00207 0.005977
v 0.054145 0.002053 0.005947
v 0.053707 0.002064 0.005994
v 0.053922 0.002093 0.005977
v 0.054141 0.002087 0.005947
v 0.054359 0.002047 0.005906
v 0.053703 0.002075 0.005994
v 0.053917 0.002116 0.005977
v 0.054136 0.002122 0.005947
v 0.054355 0.002093 0.005906
v 0.053699 0.002086 0.005994
v 0.054570 0.002029 0.005854
v 0.053910 0.002138 0.005977
v 0.054128 0.002156 0.005947
v 0.054349 0.002139 0.005906
v 0.053694 0.002096 0.005994
v 0.054567 0.002087 0.005854
v 0.053902 0.00216 0.005977
v 0.054119 0.00219 0.005947
v 0.054340 0.002185 0.005906
v 0.053689 0.002107 0.005994
v 0.054560 0.002144 0.005854
v 0.053893 0.002182 0.005977
v 0.054775 0.002069 0.005791
v 0.054107 0.002223 0.005947
v 0.054329 0.00223 0.005906
v 0.053682 0.002117 0.005994
v 0.054551 0.002202 0.005854
v 0.053882 0.002203 0.005977
v 0.054770 0.002138 0.005791
v 0.054094 0.002256 0.005947
v 0.054980 0.00204 0.005716
v 0.054315 0.002275 0.005906
v 0.053676 0.002126 0.005994
v 0.054538 0.002258 0.005854
v 0.053871 0.002223 0.005977
v 0.054760 0.002207 0.005791
v 0.054080 0.002288 0.005947
v 0.054976 0.00212 0.005716
v 0.054299 0.002318 0.005906
v 0.053669 0.002136 0.005994
v 0.054523 0.002314 0.005854
v 0.053858 0.002243 0.005977
v 0.054747 0.002275 0.005791
v 0.054063 0.002318 0.005947
v 0.054967 0.0022 0.005716
v 0.054280 0.002361 0.005906
v 0.055177 0.002091 0.005630
v 0.053661 0.002145 0.005994
v 0.054504 0.002369 0.005854
v 0.053844 0.002262 0.005977
v 0.054731 0.002342 0.005791
v 0.054045 0.002349 0.005947
v 0.054954 0.002279 0.005716
v 0.054260 0.002403 0.005906
v 0.055170 0.002182 0.005630
v 0.053653 0.002153 0.005994
v 0.054483 0.002423 0.005854
v 0.055373 0.002051 0.005534
v 0.053830 0.00228 0.005977
v 0.054710 0.002408 0.005791
v 0.054026 0.002378 0.005947
v 0.054937 0.002357 0.005716
v 0.054237 0.002443 0.005906
v 0.055157 0.002272 0.005630
v 0.053645 0.002161 0.005994
v 0.054459 0.002475 0.005854
v 0.055367 0.002152 0.005534
v 0.053814 0.002297 0.005977
v 0.054686 0.002473 0.005791
v 0.054004 0.002405 0.005947
v 0.054915 0.002435 0.005716
v 0.054212 0.002483 0.005906
v 0.055140 0.002361 0.005630
v 0.053636 0.002169 0.005994
v 0.054432 0.002527 0.005854
v 0.055356 0.002253 0.005534
v 0.053797 0.002314 0.005977
v 0.054659 0.002536 0.005791
v 0.055559 0.002112 0.005427
v 0.053982 0.002432 0.005947
v 0.054890 0.002511 0.005716
v 0.054185 0.00252 0.005906
v 0.055118 0.002449 0.005630
v 0.053626 0.002176 0.005994
v 0.054402 0.002576 0.005854
v 0.055340 0.002353 0.005534
v 0.053780 0.00233 0.005977
v 0.054628 0.002598 0.005791
v 0.055550 0.002223 0.005427
v 0.053958 0.002458 0.005947
v 0.054860 0.002585 0.005716
v 0.055744 0.002061 0.005311
v 0.054155 0.002557 0.005906
v 0.055092 0.002536 0.005630
v 0.053617 0.002182 0.005994
v 0.054369 0.002624 0.005854
v 0.055318 0.002452 0.005534
v 0.053762 0.002344 0.005977
v 0.054594 0.002658 0.005791
v 0.055535 0.002334 0.005427
v 0.053932 0.002482 0.005947
v 0.054826 0.002658 0.005716
v 0.055737 0.002182 0.005311
v 0.054124 0.002591 0.005906
v 0.055060 0.002622 0.005630
v 0.053607 0.002189 0.005994
v 0.054334 0.00267 0.005854
v 0.055291 0.00255 0.005534
v 0.053743 0.002358 0.005977
v 0.054557 0.002717 0.005791
v 0.055514 0.002443 0.005427
v 0.053905 0.002504 0.005947
v 0.054789 0.002729 0.005716
v 0.055724 0.002303 0.005311
v 0.054091 0.002624 0.005906
v 0.055024 0.002705 0.005630
v 0.055917 0.002131 0.005184
v 0.053596 0.002194 0.005994
v 0.054297 0.002715 0.005854
v 0.055259 0.002646 0.005534
v 0.053723 0.002371 0.005977
v 0.054517 0.002773 0.005791
v 0.055487 0.002552 0.005427
v 0.053878 0.002526 0.005947
v 0.054747 0.002797 0.005716
v 0.055705 0.002423 0.005311
v 0.054057 0.002655 0.005906
v 0.054984 0.002787 0.005630
v 0.055907 0.002262 0.005184
v 0.053586 0.002199 0.005994
v 0.054257 0.002757 0.005854
v 0.055221 0.00274 0.005534
v 0.056089 0.00207 0.005049
v 0.053703 0.002382 0.005977
v 0.054473 0.002827 0.005791
v 0.055454 0.002658 0.005427
v 0.053849 0.002545 0.005947
v 0.054702 0.002864 0.005716
v 0.055678 0.002542 0.005311
v 0.054020 0.002685 0.005906
v 0.054939 0.002866 0.005630
v 0.055889 0.002392 0.005184
v 0.053575 0.002203 0.005994
v 0.054215 0.002797 0.005854
v 0.055179 0.002832 0.005534
v 0.056081 0.00221 0.005049
v 0.053682 0.002393 0.005977
v 0.054427 0.002878 0.005791
v 0.055416 0.002763 0.005427
v 0.053818 0.002563 0.005947
v 0.054654 0.002928 0.005716
v 0.055646 0.002659 0.005311
v 0.053983 0.002712 0.005906
v 0.054890 0.002943 0.005630
v 0.055864 0.00252 0.005184
v 0.053564 0.002207 0.005994
v 0.054170 0.002834 0.005854
v 0.055131 0.002922 0.005534
v 0.056066 0.00235 0.005049
v 0.053660 0.002402 0.005977
v 0.054378 0.002927 0.005791
v 0.055372 0.002866 0.005427
v 0.056247 0.002149 0.004904
v 0.053788 0.00258 0.005947
v 0.054602 0.002989 0.005716
v 0.055607 0.002774 0.005311
v 0.053943 0.002737 0.005906
v 0.054837 0.003016 0.005630
v 0.055832 0.002648 0.005184
v 0.053552 0.00221 0.005994
v 0.054124 0.002869 0.005854
v 0.055079 0.003009 0.005534
v 0.056043 0.002488 0.005049
v 0.053638 0.00241 0.005977
v 0.054327 0.002973 0.005791
v 0.055322 0.002966 0.005427
v 0.056235 0.002297 0.004904
v 0.053756 0.002594 0.005947
v 0.054547 0.003047 0.005716
v 0.055562 0.002887 0.005311
v 0.056403 0.002079 0.004751
v 0.053903 0.00276 0.005906
v 0.054780 0.003087 0.005630
v 0.055794 0.002773 0.005184
v 0.053541 0.002213 0.005994
v 0.054076 0.002902 0.005854
v 0.055022 0.003093 0.005534
v 0.056013 0.002625 0.005049
v 0.053616 0.002417 0.005977
v 0.054273 0.003017 0.005791
v 0.055267 0.003063 0.005427
v 0.056215 0.002445 0.004904
v 0.053723 0.002607 0.005947
v 0.054489 0.003102 0.005716
v 0.055511 0.002997 0.005311
v 0.056394 0.002236 0.004751
v 0.053861 0.00278 0.005906
v 0.054719 0.003155 0.005630
v 0.055749 0.002896 0.005184
v 0.053529 0.002215 0.005994
v 0.054027 0.002932 0.005854
v 0.054960 0.003174 0.005534
v 0.055975 0.00276 0.005049
v 0.053593 0.002422 0.005977
v 0.054217 0.003057 0.005791
v 0.055207 0.003157 0.005427
v 0.056186 0.002591 0.004904
v 0.053690 0.002619 0.005947
v 0.054428 0.003154 0.005716
v 0.055454 0.003105 0.005311
v 0.056377 0.002392 0.004751
v 0.053818 0.002799 0.005906
v 0.054655 0.003219 0.005630
v 0.055697 0.003016 0.005184
v 0.056544 0.002165 0.004590
v 0.053518 0.002216 0.005994
v 0.053975 0.002959 0.005854
v 0.054895 0.003251 0.005534
v 0.055931 0.002893 0.005049
v 0.053570 0.002427 0.005977
v 0.054158 0.003094 0.005791
v 0.055142 0.003248 0.005427
v 0.056151 0.002736 0.004904
v 0.053656 0.002628 0.005947
v 0.054364 0.003202 0.005716
v 0.055391 0.003209 0.005311
v 0.056352 0.002547 0.004751
v 0.053775 0.002815 0.005906
v 0.054587 0.00328 0.005630
v 0.055639 0.003134 0.005184
v 0.056531 0.00233 0.004590
v 0.053506 0.002216 0.005994
v 0.053923 0.002983 0.005854
v 0.054825 0.003325 0.005534
v 0.055879 0.003023 0.005049
v 0.056683 0.002086 0.004421
v 0.053547 0.00243 0.005977
v 0.054098 0.003128 0.005791
v 0.055072 0.003335 0.005427
v 0.056107 0.002878 0.004904
v 0.053622 0.002636 0.005947
v 0.054297 0.003247 0.005716
v 0.055323 0.00331 0.005311
v 0.056318 0.002701 0.004751
v 0.053730 0.002829 0.005906
v 0.054516 0.003337 0.005630
v 0.055574 0.003248 0.005184
v 0.056508 0.002493 0.004590
v 0.053869 0.003004 0.005854
v 0.054751 0.003395 0.005534
v 0.055820 0.003151 0.005049
v 0.056674 0.002258 0.004421
v 0.053523 0.002432 0.005977
v 0.054036 0.003159 0.005791
v 0.054997 0.003418 0.005427
v 0.056055 0.003018 0.004904
v 0.053587 0.002641 0.005947
v 0.054229 0.003289 0.005716
v 0.055250 0.003406 0.005311
v 0.056276 0.002852 0.004751
v 0.053685 0.00284 0.005906
v 0.054443 0.00339 0.005630
v 0.055504 0.003358 0.005184
v 0.056477 0.002655 0.004590
v 0.053814 0.003023 0.005854
v 0.054674 0.00346 0.005534
v 0.055754 0.003274 0.005049
v 0.056655 0.00243 0.004421
v 0.053973 0.003186 0.005791
v 0.054918 0.003497 0.005427
v 0.055997 0.003155 0.004904
v 0.056806 0.002179 0.004245
v 0.053553 0.002645 0.005947
v 0.054158 0.003326 0.005716
v 0.055171 0.003499 0.005311
v 0.056226 0.003001 0.004751
v 0.053639 0.002849 0.005906
v 0.054366 0.003439 0.005630
v 0.055427 0.003465 0.005184
v 0.056438 0.002816 0.004590
v 0.053758 0.003038 0.005854
v 0.054593 0.003522 0.005534
v 0.055682 0.003395 0.005049
v 0.056627 0.0026 0.004421
v 0.053908 0.00321 0.005791
v 0.054835 0.003572 0.005427
v 0.055930 0.003288 0.004904
v 0.056791 0.002358 0.004245
v 0.053518 0.002647 0.005947
v 0.054085 0.00336 0.005716
v 0.055087 0.003587 0.005311
v 0.056168 0.003148 0.004751
v 0.056926 0.002093 0.004062
v 0.053593 0.002855 0.005906
v 0.054287 0.003484 0.005630
v 0.055345 0.003567 0.005184
v 0.056389 0.002973 0.004590
v 0.053702 0.003051 0.005854
v 0.054509 0.003579 0.005534
v 0.055603 0.003511 0.005049
v 0.056590 0.002769 0.004421
v 0.053842 0.003231 0.005791
v 0.054748 0.003642 0.005427
v 0.055857 0.003418 0.004904
v 0.056767 0.002536 0.004245
v 0.054011 0.00339 0.005716
v 0.054999 0.003671 0.005311
v 0.056102 0.00329 0.004751
v 0.056916 0.002278 0.004062
v 0.053547 0.002859 0.005906
v 0.054205 0.003524 0.005630
v 0.055257 0.003665 0.005184
v 0.056332 0.003128 0.004590
v 0.053644 0.00306 0.005854
v 0.054422 0.003631 0.005534
v 0.055518 0.003622 0.005049
v 0.056544 0.002935 0.004421
v 0.053775 0.003247 0.005791
v 0.054657 0.003707 0.005427
v 0.055777 0.003544 0.004904
v 0.056733 0.002712 0.004245
v 0.053935 0.003415 0.005716
v 0.054906 0.00375 0.005311
v 0.056028 0.003429 0.004751
v 0.056896 0.002463 0.004062
v 0.054122 0.00356 0.005630
v 0.055165 0.003757 0.005184
v 0.056267 0.00328 0.004590
v 0.057029 0.002191 0.003874
v 0.053587 0.003067 0.005854
v 0.054332 0.003679 0.005534
v 0.055428 0.003729 0.005049
v 0.056489 0.003098 0.004421
v 0.053707 0.00326 0.005791
v 0.054563 0.003767 0.005427
v 0.055690 0.003665 0.004904
v 0.056690 0.002886 0.004245
v 0.053857 0.003437 0.005716
v 0.054810 0.003823 0.005311
v 0.055947 0.003564 0.004751
v 0.056866 0.002646 0.004062
v 0.054036 0.003592 0.005630
v 0.055067 0.003845 0.005184
v 0.056194 0.003428 0.004590
v 0.057013 0.002382 0.003874
v 0.053529 0.00307 0.005854
v 0.054240 0.003721 0.005534
v 0.055331 0.003831 0.005049
v 0.056425 0.003258 0.004421
v 0.057129 0.002098 0.003680
v 0.053638 0.00327 0.005791
v 0.054466 0.003822 0.005427
v 0.055597 0.003781 0.004904
v 0.056637 0.003057 0.004245
v 0.053779 0.003454 0.005716
v 0.054709 0.003891 0.005311
v 0.055859 0.003694 0.004751
v 0.056826 0.002827 0.004062
v 0.053949 0.003618 0.005630
v 0.054965 0.003927 0.005184
v 0.056112 0.003572 0.004590
v 0.056987 0.002572 0.003874
v 0.054146 0.003759 0.005534
v 0.055229 0.003928 0.005049
v 0.056353 0.003415 0.004421
v 0.057118 0.002295 0.003680
v 0.053569 0.003275 0.005791
v 0.054366 0.003872 0.005427
v 0.055497 0.003892 0.004904
v 0.056576 0.003225 0.004245
v 0.053700 0.003467 0.005716
v 0.054605 0.003954 0.005311
v 0.055763 0.003819 0.004751
v 0.056776 0.003006 0.004062
v 0.053861 0.00364 0.005630
v 0.054858 0.004004 0.005184
v 0.056023 0.003711 0.004590
v 0.056951 0.00276 0.003874
v 0.054050 0.003791 0.005534
v 0.055122 0.004018 0.005049
v 0.056272 0.003567 0.004421
v 0.057097 0.00249 0.003680
v 0.054263 0.003916 0.005427
v 0.055392 0.003997 0.004904
v 0.056505 0.00339 0.004245
v 0.057210 0.002201 0.003481
v 0.053620 0.003476 0.005716
v 0.054497 0.004011 0.005311
v 0.055662 0.003939 0.004751
v 0.056717 0.003182 0.004062
v 0.053772 0.003657 0.005630
v 0.054748 0.004074 0.005184
v 0.055927 0.003845 0.004590
v 0.056905 0.002945 0.003874
v 0.053952 0.003818 0.005534
v 0.055011 0.004103 0.005049
v 0.056183 0.003715 0.004421
v 0.057065 0.002684 0.003680
v 0.054158 0.003954 0.005427
v 0.055281 0.004097 0.004904
v 0.056425 0.003551 0.004245
v 0.057194 0.002402 0.003481
v 0.053540 0.00348 0.005716
v 0.054387 0.004062 0.005311
v 0.055553 0.004053 0.004751
v 0.056648 0.003354 0.004062
v 0.057289 0.002103 0.003277
v 0.053682 0.00367 0.005630
v 0.054634 0.004139 0.005184
v 0.055824 0.003974 0.004590
v 0.056849 0.003128 0.003874
v 0.053853 0.00384 0.005534
v 0.054895 0.004182 0.005049
v 0.056086 0.003858 0.004421
v 0.057023 0.002876 0.003680
v 0.054052 0.003987 0.005427
v 0.055165 0.00419 0.004904
v 0.056337 0.003707 0.004245
v 0.057167 0.002601 0.003481
v 0.054274 0.004107 0.005311
v 0.055439 0.004162 0.004751
v 0.056571 0.003523 0.004062
v 0.057278 0.002308 0.003277
v 0.053591 0.003677 0.005630
v 0.054516 0.004197 0.005184
v 0.055713 0.004097 0.004590
v 0.056783 0.003308 0.003874
v 0.053753 0.003856 0.005534
v 0.054774 0.004254 0.005049
v 0.055982 0.003995 0.004421
v 0.056970 0.003066 0.003680
v 0.053943 0.004014 0.005427
v 0.055044 0.004277 0.004904
v 0.056240 0.003858 0.004245
v 0.057129 0.002799 0.003481
v 0.054159 0.004146 0.005311
v 0.055319 0.004263 0.004751
v 0.056484 0.003687 0.004062
v 0.057256 0.002512 0.003277
v 0.054396 0.004249 0.005184
v 0.055597 0.004213 0.004590
v 0.056707 0.003484 0.003874
v 0.057349 0.002209 0.003070
v 0.053652 0.003867 0.005534
v 0.054651 0.00432 0.005049
v 0.055870 0.004126 0.004421
v 0.056908 0.003252 0.003680
v 0.053834 0.004035 0.005427
v 0.054918 0.004357 0.004904
v 0.056136 0.004004 0.004245
v 0.057080 0.002994 0.003481
v 0.054042 0.004178 0.005311
v 0.055194 0.004359 0.004751
v 0.056388 0.003846 0.004062
v 0.057223 0.002714 0.003277
v 0.054273 0.004294 0.005184
v 0.055474 0.004324 0.004590
v 0.056622 0.003655 0.003874
v 0.057332 0.002417 0.003070
v 0.053551 0.003873 0.005534
v 0.054523 0.004379 0.005049
v 0.055752 0.004252 0.004421
v 0.056835 0.003435 0.003680
v 0.057405 0.002106 0.002860
v 0.053723 0.00405 0.005427
v 0.054788 0.00443 0.004904
v 0.056023 0.004143 0.004245
v 0.057021 0.003186 0.003481
v 0.053923 0.004205 0.005311
v 0.055064 0.004447 0.004751
v 0.056284 0.004 0.004062
v 0.057179 0.002915 0.003277
v 0.054148 0.004332 0.005184
v 0.055345 0.004427 0.004590
v 0.056528 0.003822 0.003874
v 0.057303 0.002624 0.003070
v 0.054393 0.004431 0.005049
v 0.055626 0.00437 0.004421
v 0.056752 0.003613 0.003680
v 0.057394 0.002317 0.002860
v 0.053612 0.004059 0.005427
v 0.054655 0.004497 0.004904
v 0.055904 0.004277 0.004245
v 0.056952 0.003375 0.003481
v 0.053803 0.004224 0.005311
v 0.054929 0.004528 0.004751
v 0.056171 0.004147 0.004062
v 0.057124 0.003113 0.003277
v 0.054020 0.004364 0.005184
v 0.055211 0.004523 0.004590
v 0.056425 0.003983 0.003874
v 0.057264 0.002829 0.003070
v 0.054260 0.004475 0.005049
v 0.055495 0.004482 0.004421
v 0.056660 0.003787 0.003680
v 0.057371 0.002527 0.002860
v 0.054518 0.004555 0.004904
v 0.055777 0.004404 0.004245
v 0.056872 0.00356 0.003481
v 0.057442 0.002214 0.002647
v 0.053682 0.004237 0.005311
v 0.054790 0.004602 0.004751
v 0.056051 0.004289 0.004062
v 0.057058 0.003307 0.003277
v 0.053892 0.004389 0.005184
v 0.055072 0.004612 0.004590
v 0.056313 0.004139 0.003874
v 0.057214 0.003031 0.003070
v 0.054125 0.004513 0.005049
v 0.055358 0.004586 0.004421
v 0.056559 0.003955 0.003680
v 0.057336 0.002736 0.002860
v 0.054378 0.004607 0.004904
v 0.055643 0.004523 0.004245
v 0.056783 0.003741 0.003481
v 0.057424 0.002427 0.002647
v 0.053561 0.004244 0.005311
v 0.054648 0.004668 0.004751
v 0.055924 0.004424 0.004062
v 0.056982 0.003498 0.003277
v 0.057475 0.002108 0.002432
v 0.053762 0.004407 0.005184
v 0.054928 0.004694 0.004590
v 0.056194 0.004288 0.003874
v 0.057152 0.003231 0.003070
v 0.053988 0.004543 0.005049
v 0.055215 0.004683 0.004421
v 0.056448 0.004118 0.003680
v 0.057291 0.002943 0.002860
v 0.054236 0.004651 0.004904
v 0.055504 0.004636 0.004245
v 0.056684 0.003916 0.003481
v 0.057395 0.002639 0.002647
v 0.054501 0.004726 0.004751
v 0.055789 0.004551 0.004062
v 0.056896 0.003684 0.003277
v 0.057463 0.002323 0.002432
v 0.053631 0.004417 0.005184
v 0.054780 0.004767 0.004590
v 0.056066 0.00443 0.003874
v 0.057080 0.003427 0.003070
v 0.053850 0.004566 0.005049
v 0.055067 0.004772 0.004421
v 0.056330 0.004274 0.003680
v 0.057234 0.003147 0.002860
v 0.054091 0.004686 0.004904
v 0.055358 0.00474 0.004245
v 0.056576 0.004085 0.003481
v 0.057355 0.002849 0.002647
v 0.054352 0.004776 0.004751
v 0.055647 0.004671 0.004062
v 0.056800 0.003866 0.003277
v 0.057440 0.002537 0.002432
v 0.054628 0.004832 0.004590
v 0.055930 0.004566 0.003874
v 0.056998 0.003618 0.003070
v 0.057488 0.002216 0.002217
v 0.053710 0.004581 0.005049
v 0.054915 0.004853 0.004421
v 0.056202 0.004424 0.003680
v 0.057167 0.003347 0.002860
v 0.053945 0.004715 0.004904
v 0.055207 0.004837 0.004245
v 0.056458 0.004249 0.003481
v 0.057303 0.003056 0.002647
v 0.054201 0.004818 0.004751
v 0.055500 0.004784 0.004062
v 0.056694 0.004042 0.003277
v 0.057405 0.002749 0.002432
v 0.054473 0.004889 0.004590
v 0.055788 0.004694 0.003874
v 0.056905 0.003805 0.003070
v 0.057471 0.002432 0.002217
v 0.053570 0.004589 0.005049
v 0.054758 0.004925 0.004421
v 0.056067 0.004567 0.003680
v 0.057089 0.003544 0.002860
v 0.053797 0.004735 0.004904
v 0.055051 0.004925 0.004245
v 0.056332 0.004406 0.003481
v 0.057241 0.00326 0.002647
v 0.054047 0.004852 0.004751
v 0.055346 0.004888 0.004062
v 0.056579 0.004211 0.003277
v 0.057359 0.00296 0.002432
v 0.054316 0.004938 0.004590
v 0.055639 0.004813 0.003874
v 0.056802 0.003987 0.003070
v 0.057442 0.002646 0.002217
v 0.054598 0.004989 0.004421
v 0.055924 0.004702 0.003680
v 0.057000 0.003736 0.002860
v 0.053649 0.004747 0.004904
v 0.054890 0.005005 0.004245
v 0.056198 0.004555 0.003481
v 0.057167 0.003461 0.002647
v 0.053892 0.004877 0.004751
v 0.055187 0.004984 0.004062
v 0.056454 0.004375 0.003277
v 0.057301 0.003167 0.002432
v 0.054155 0.004977 0.004590
v 0.055483 0.004925 0.003874
v 0.056690 0.004163 0.003070
v 0.057401 0.002859 0.002217
v 0.054435 0.005044 0.004421
v 0.055774 0.00483 0.003680
v 0.056901 0.003923 0.002860
v 0.054725 0.005076 0.004245
v 0.056055 0.004698 0.003481
v 0.057082 0.003657 0.002647
v 0.053736 0.004894 0.004751
v 0.055023 0.005071 0.004062
v 0.056322 0.004531 0.003277
v 0.057233 0.003371 0.002432
v 0.053993 0.005008 0.004590
v 0.055322 0.005028 0.003874
v 0.056568 0.004332 0.003070
v 0.057349 0.003069 0.002217
v 0.054269 0.00509 0.004421
v 0.055618 0.004948 0.003680
v 0.056792 0.004104 0.002860
v 0.054557 0.005137 0.004245
v 0.055906 0.004832 0.003481
v 0.056987 0.003849 0.002647
v 0.053579 0.004903 0.004751
v 0.054854 0.005148 0.004062
v 0.056180 0.00468 0.003277
v 0.057153 0.003571 0.002432
v 0.053830 0.005031 0.004590
v 0.055155 0.005122 0.003874
v 0.056438 0.004495 0.003070
v 0.057285 0.003275 0.002217
v 0.054100 0.005127 0.004421
v 0.055455 0.005059 0.003680
v 0.056673 0.004279 0.002860
v 0.054386 0.00519 0.004245
v 0.055749 0.004958 0.003481
v 0.056882 0.004035 0.002647
v 0.054682 0.005217 0.004062
v 0.056031 0.004822 0.003277
v 0.057062 0.003767 0.002432
v 0.053665 0.005044 0.004590
v 0.054984 0.005207 0.003874
v 0.056298 0.004651 0.003070
v 0.057210 0.003478 0.002217
v 0.053930 0.005155 0.004421
v 0.055287 0.00516 0.003680
v 0.056545 0.004447 0.002860
v 0.054212 0.005233 0.004245
v 0.055585 0.005076 0.003481
v 0.056767 0.004215 0.002647
v 0.054506 0.005276 0.004062
v 0.055875 0.004954 0.003277
v 0.056962 0.003957 0.002432
v 0.054808 0.005283 0.003874
v 0.056151 0.004798 0.003070
v 0.057125 0.003677 0.002217
v 0.053758 0.005174 0.004421
v 0.055113 0.005252 0.003680
v 0.056408 0.004609 0.002860
v 0.054036 0.005267 0.004245
v 0.055416 0.005184 0.003481
v 0.056642 0.004389 0.002647
v 0.054327 0.005326 0.004062
v 0.055711 0.005079 0.003277
v 0.056851 0.004142 0.002432
v 0.054628 0.005349 0.003874
v 0.055995 0.004938 0.003070
v 0.057029 0.003871 0.002217
v 0.053586 0.005183 0.004421
v 0.054935 0.005335 0.003680
v 0.056262 0.004762 0.002860
v 0.053858 0.005291 0.004245
v 0.055241 0.005283 0.003481
v 0.056508 0.004555 0.002647
v 0.054146 0.005366 0.004062
v 0.055542 0.005194 0.003277
v 0.056730 0.00432 0.002432
v 0.054445 0.005405 0.003874
v 0.055832 0.005068 0.003070
v 0.056922 0.004059 0.002217
v 0.054752 0.005408 0.003680
v 0.056109 0.004908 0.002860
v 0.053679 0.005306 0.004245
v 0.055060 0.005372 0.003481
v 0.056366 0.004715 0.002647
v 0.053963 0.005396 0.004062
v 0.055366 0.0053 0.003277
v 0.056599 0.004491 0.002432
v 0.054260 0.005451 0.003874
v 0.055663 0.00519 0.003070
v 0.056806 0.004241 0.002217
v 0.054566 0.00547 0.003680
v 0.055947 0.005045 0.002860
v 0.054875 0.005452 0.003481
v 0.056215 0.004866 0.002647
v 0.053778 0.005416 0.004062
v 0.055184 0.005396 0.003277
v 0.056460 0.004655 0.002432
v 0.054072 0.005487 0.003874
v 0.055487 0.005302 0.003070
v 0.056680 0.004417 0.002217
v 0.054376 0.005523 0.003680
v 0.055779 0.005173 0.002860
v 0.054686 0.005521 0.003481
v 0.056055 0.005008 0.002647
v 0.053593 0.005426 0.004062
v 0.054998 0.005482 0.003277
v 0.056312 0.004812 0.002432
v 0.053882 0.005513 0.003874
v 0.055305 0.005405 0.003070
v 0.056544 0.004586 0.002217
v 0.054184 0.005565 0.003680
v 0.055604 0.005292 0.002860
v 0.054494 0.00558 0.003481
v 0.055889 0.005142 0.002647
v 0.054807 0.005558 0.003277
v 0.056155 0.00496 0.002432
v 0.053691 0.005529 0.003874
v 0.055118 0.005498 0.003070
v 0.056400 0.004747 0.002217
v 0.053990 0.005597 0.003680
v 0.055423 0.005401 0.002860
v 0.054299 0.005629 0.003481
v 0.055715 0.005267 0.002647
v 0.054613 0.005624 0.003277
v 0.055991 0.005099 0.002432
v 0.054927 0.00558 0.003070
v 0.056247 0.0049 0.002217
v 0.053795 0.005618 0.003680
v 0.055236 0.0055 0.002860
v 0.054101 0.005667 0.003481
v 0.055535 0.005382 0.002647
v 0.054415 0.005679 0.003277
v 0.055820 0.00523 0.002432
v 0.054731 0.005652 0.003070
v 0.056086 0.005044 0.002217
v 0.053598 0.005629 0.003680
v 0.055044 0.005589 0.002860
v 0.053902 0.005694 0.003481
v 0.055349 0.005487 0.002647
v 0.054214 0.005723 0.003277
v 0.055642 0.005351 0.002432
v 0.054531 0.005714 0.003070
v 0.055917 0.00518 0.002217
v 0.054847 0.005667 0.002860
v 0.053701 0.00571 0.003481
v 0.055157 0.005582 0.002647
v 0.054012 0.005756 0.003277
v 0.055457 0.005462 0.002432
v 0.054329 0.005764 0.003070
v 0.055741 0.005306 0.002217
v 0.054647 0.005734 0.002860
v 0.054961 0.005667 0.002647
v 0.053808 0.005778 0.003277
v 0.055267 0.005562 0.002432
v 0.054124 0.005803 0.003070
v 0.055559 0.005422 0.002217
v 0.054443 0.005791 0.002860
v 0.054760 0.005741 0.002647
v 0.053603 0.005789 0.003277
v 0.055071 0.005653 0.002432
v 0.053917 0.005832 0.003070
v 0.055371 0.005529 0.002217
v 0.054236 0.005836 0.002860
v 0.054556 0.005803 0.002647
v 0.054871 0.005733 0.002432
v 0.053709 0.005849 0.003070
v 0.055177 0.005625 0.002217
v 0.054027 0.005871 0.002860
v 0.054349 0.005855 0.002647
v 0.054667 0.005801 0.002432
v 0.054978 0.00571 0.002217
v 0.053817 0.005894 0.002860
v 0.054139 0.005895 0.002647
v 0.054460 0.005859 0.002432
v 0.054775 0.005785 0.002217
v 0.053606 0.005905 0.002860
v 0.053927 0.005924 0.002647
v 0.054249 0.005905 0.002432
v 0.054569 0.005849 0.002217
v 0.053714 0.005942 0.002647
v 0.054037 0.00594 0.002432
v 0.054359 0.005901 0.002217
v 0.053823 0.005963 0.002432
v 0.054146 0.005942 0.002217
v 0.053608 0.005975 0.002432
v 0.053932 0.005971 0.002217
v 0.053716 0.005988 0.002217
v 0.057500 0.002 -0.002000
v 0.057500 0.002 0.002000
v 0.057500 -0.002 -0.002000
v 0.057500 -0.002 0.002000
v 0.053500 -0.002 -0.006000
v 0.053733 -0.002 -0.005993
v 0.053964 -0.002 -0.005973
v 0.054195 -0.002 -0.005939
v 0.054422 -0.002 -0.005892
v 0.054647 -0.002 -0.005832
v 0.054868 -0.002 -0.005759
v 0.055084 -0.002 -0.005673
v 0.055295 -0.002 -0.005575
v 0.055500 -0.002 -0.005464
v 0.055698 -0.002 -0.005342
v 0.055889 -0.002 -0.005208
v 0.056071 -0.002 -0.005064
v 0.056245 -0.002 -0.004909
v 0.056409 -0.002 -0.004745
v 0.056564 -0.002 -0.004571
v 0.056708 -0.002 -0.004389
v 0.056842 -0.002 -0.004198
v 0.056964 -0.002 -0.004000
v 0.057075 -0.002 -0.003795
v 0.057173 -0.002 -0.003584
v 0.057259 -0.002 -0.003368
v 0.057332 -0.002 -0.003147
v 0.057392 -0.002 -0.002922
v 0.057439 -0.002 -0.002695
v 0.057473 -0.002 -0.002464
v 0.057493 -0.002 -0.002233
v 0.057500 -0.002 -0.002000
v 0.053500 -0.002 -0.006000
v 0.053500 -0.002233 -0.005993
v 0.053500 -0.002464 -0.005973
v 0.053500 -0.002695 -0.005939
v 0.053500 -0.002922 -0.005892
v 0.053500 -0.003147 -0.005832
v 0.053500 -0.003368 -0.005759
v 0.053500 -0.003584 -0.005673
v 0.053500 -0.003795 -0.005575
v 0.053500 -0.004 -0.005464
v 0.053500 -0.004198 -0.005342
v 0.053500 -0.004389 -0.005208
v 0.053500 -0.004571 -0.005064
v 0.053500 -0.004745 -0.004909
v 0.053500 -0.004909 -0.004745
v 0.053500 -0.005064 -0.004571
v 0.053500 -0.005208 -0.004389
v 0.053500 -0.005342 -0.004198
v 0.053500 -0.005464 -0.004000
v 0.053500 -0.005575 -0.003795
v 0.053500 -0.005673 -0.003584
v 0.053500 -0.005759 -0.003368
v 0.053500 -0.005832 -0.003147
v 0.053500 -0.005892 -0.002922
v 0.053500 -0.005939 -0.002695
v 0.053500 -0.005973 -0.002464
v 0.053500 -0.005993 -0.002233
v 0.053500 -0.006 -0.002000
v 0.057493 -0.002233 -0.002000
v 0.057473 -0.002464 -0.002000
v 0.057439 -0.002695 -0.002000
v 0.057392 -0.002922 -0.002000
v 0.057332 -0.003147 -0.002000
v 0.057259 -0.003368 -0.002000
v 0.057173 -0.003584 -0.002000
v 0.057075 -0.003795 -0.002000
v 0.056964 -0.004 -0.002000
v 0.056842 -0.004198 -0.002000
v 0.056708 -0.004389 -0.002000
v 0.056564 -0.004571 -0.002000
v 0.056409 -0.004745 -0.002000
v 0.056245 -0.004909 -0.002000
v 0.056071 -0.005064 -0.002000
v 0.055889 -0.005208 -0.002000
v 0.055698 -0.005342 -0.002000
v 0.055500 -0.005464 -0.002000
v 0.055295 -0.005575 -0.002000
v 0.055084 -0.005673 -0.002000
v 0.054868 -0.005759 -0.002000
v 0.054647 -0.005832 -0.002000
v 0.054422 -0.005892 -0.002000
v 0.054195 -0.005939 -0.002000
v 0.053964 -0.005973 -0.002000
v 0.053733 -0.005993 -0.002000
v 0.053716 -0.002006 -0.005994
v 0.053716 -0.002018 -0.005994
v 0.053715 -0.002029 -0.005994
v 0.053932 -0.002023 -0.005977
v 0.053713 -0.002041 -0.005994
v 0.053930 -0.002047 -0.005977
v 0.054147 -0.002018 -0.005947
v 0.053710 -0.002052 -0.005994
v 0.053927 -0.00207 -0.005977
v 0.054145 -0.002053 -0.005947
v 0.053707 -0.002064 -0.005994
v 0.053922 -0.002093 -0.005977
v 0.054141 -0.002087 -0.005947
v 0.054359 -0.002047 -0.005906
v 0.053703 -0.002075 -0.005994
v 0.053917 -0.002116 -0.005977
v 0.054136 -0.002122 -0.005947
v 0.054355 -0.002093 -0.005906
v 0.053699 -0.002086 -0.005994
v 0.054570 -0.002029 -0.005854
v 0.053910 -0.002138 -0.005977
v 0.054128 -0.002156 -0.005947
v 0.054349 -0.002139 -0.005906
v 0.053694 -0.002096 -0.005994
v 0.054567 -0.002087 -0.005854
v 0.053902 -0.00216 -0.005977
v 0.054119 -0.00219 -0.005947
v 0.054340 -0.002185 -0.005906
v 0.053689 -0.002107 -0.005994
v 0.054560 -0.002144 -0.005854
v 0.053893 -0.002182 -0.005977
v 0.054775 -0.002069 -0.005791
v 0.054107 -0.002223 -0.005947
v 0.054329 -0.00223 -0.005906
v 0.053682 -0.002117 -0.005994
v 0.054551 -0.002202 -0.005854
v 0.053882 -0.002203 -0.005977
v 0.054770 -0.002138 -0.005791
v 0.054094 -0.002256 -0.005947
v 0.054980 -0.00204 -0.005716
v 0.054315 -0.002275 -0.005906
v 0.053676 -0.002126 -0.005994
v 0.054538 -0.002258 -0.005854
v 0.053871 -0.002223 -0.005977
v 0.054760 -0.002207 -0.005791
v 0.054080 -0.002288 -0.005947
v 0.054976 -0.00212 -0.005716
v 0.054299 -0.002318 -0.005906
v 0.053669 -0.002136 -0.005994
v 0.054523 -0.002314 -0.005854
v 0.053858 -0.002243 -0.005977
v 0.054747 -0.002275 -0.005791
v 0.054063 -0.002318 -0.005947
v 0.054967 -0.0022 -0.005716
v 0.054280 -0.002361 -0.005906
v 0.055177 -0.002091 -0.005630
v 0.053661 -0.002145 -0.005994
v 0.054504 -0.002369 -0.005854
v 0.053844 -0.002262 -0.005977
v 0.054731 -0.002342 -0.005791
v 0.054045 -0.002349 -0.005947
v 0.054954 -0.002279 -0.005716
v 0.054260 -0.002403 -0.005906
v 0.055170 -0.002182 -0.005630
v 0.053653 -0.002153 -0.005994
v 0.054483 -0.002423 -0.005854
v 0.055373 -0.002051 -0.005534
v 0.053830 -0.00228 -0.005977
v 0.054710 -0.002408 -0.005791
v 0.054026 -0.002378 -0.005947
v 0.054937 -0.002357 -0.005716
v 0.054237 -0.002443 -0.005906
v 0.055157 -0.002272 -0.005630
v 0.053645 -0.002161 -0.005994
v 0.054459 -0.002475 -0.005854
v 0.055367 -0.002152 -0.005534
v 0.053814 -0.002297 -0.005977
v 0.054686 -0.002473 -0.005791
v 0.054004 -0.002405 -0.005947
v 0.054915 -0.002435 -0.005716
v 0.054212 -0.002483 -0.005906
v 0.055140 -0.002361 -0.005630
v 0.053636 -0.002169 -0.005994
v 0.054432 -0.002527 -0.005854
v 0.055356 -0.002253 -0.005534
v 0.053797 -0.002314 -0.005977
v 0.054659 -0.002536 -0.005791
v 0.055559 -0.002112 -0.005427
v 0.053982 -0.002432 -0.005947
v 0.054890 -0.002511 -0.005716
v 0.054185 -0.00252 -0.005906
v 0.055118 -0.002449 -0.005630
v 0.053626 -0.002176 -0.005994
v 0.054402 -0.002576 -0.005854
v 0.055340 -0.002353 -0.005534
v 0.053780 -0.00233 -0.005977
v 0.054628 -0.002598 -0.005791
v 0.055550 -0.002223 -0.005427
v 0.053958 -0.002458 -0.005947
v 0.054860 -0.002585 -0.005716
v 0.055744 -0.002061 -0.005311
v 0.054155 -0.002557 -0.005906
v 0.055092 -0.002536 -0.005630
v 0.053617 -0.002182 -0.005994
v 0.054369 -0.002624 -0.005854
v 0.055318 -0.002452 -0.005534
v 0.053762 -0.002344 -0.005977
v 0.054594 -0.002658 -0.005791
v 0.055535 -0.002334 -0.005427
v 0.053932 -0.002482 -0.005947
v 0.054826 -0.002658 -0.005716
v 0.055737 -0.002182 -0.005311
v 0.054124 -0.002591 -0.005906
v 0.055060 -0.002622 -0.005630
v 0.053607 -0.002189 -0.005994
v 0.054334 -0.00267 -0.005854
v 0.055291 -0.00255 -0.005534
v 0.053743 -0.002358 -0.005977
v 0.054557 -0.002717 -0.005791
v 0.055514 -0.002443 -0.005427
v 0.053905 -0.002504 -0.005947
v 0.054789 -0.002729 -0.005716
v 0.055724 -0.002303 -0.005311
v 0.054091 -0.002624 -0.005906
v 0.055024 -0.002705 -0.005630
v 0.055917 -0.002131 -0.005184
v 0.053596 -0.002194 -0.005994
v 0.054297 -0.002715 -0.005854
v 0.055259 -0.002646 -0.005534
v 0.053723 -0.002371 -0.005977
v 0.054517 -0.002773 -0.005791
v 0.055487 -0.002552 -0.005427
v 0.053878 -0.002526 -0.005947
v 0.054747 -0.002797 -0.005716
v 0.055705 -0.002423 -0.005311
v 0.054057 -0.002655 -0.005906
v 0.054984 -0.002787 -0.005630
v 0.055907 -0.002262 -0.005184
v 0.053586 -0.002199 -0.005994
v 0.054257 -0.002757 -0.005854
v 0.055221 -0.00274 -0.005534
v 0.056089 -0.00207 -0.005049
v 0.053703 -0.002382 -0.005977
v 0.054473 -0.002827 -0.005791
v 0.055454 -0.002658 -0.005427
v 0.053849 -0.002545 -0.005947
v 0.054702 -0.002864 -0.005716
v 0.055678 -0.002542 -0.005311
v 0.054020 -0.002685 -0.005906
v 0.054939 -0.002866 -0.005630
v 0.055889 -0.002392 -0.005184
v 0.053575 -0.002203 -0.005994
v 0.054215 -0.002797 -0.005854
v 0.055179 -0.002832 -0.005534
v 0.056081 -0.00221 -0.005049
v 0.053682 -0.002393 -0.005977
v 0.054427 -0.002878 -0.005791
v 0.055416 -0.002763 -0.005427
v 0.053818 -0.002563 -0.005947
v 0.054654 -0.002928 -0.005716
v 0.055646 -0.002659 -0.005311
v 0.053983 -0.002712 -0.005906
v 0.054890 -0.002943 -0.005630
v 0.055864 -0.00252 -0.005184
v 0.053564 -0.002207 -0.005994
v 0.054170 -0.002834 -0.005854
v 0.055131 -0.002922 -0.005534
v 0.056066 -0.00235 -0.005049
v 0.053660 -0.002402 -0.005977
v 0.054378 -0.002927 -0.005791
v 0.055372 -0.002866 -0.005427
v 0.056247 -0.002149 -0.004904
v 0.053788 -0.00258 -0.005947
v 0.054602 -0.002989 -0.005716
v 0.055607 -0.002774 -0.005311
v 0.053943 -0.002737 -0.005906
v 0.054837 -0.003016 -0.005630
v 0.055832 -0.002648 -0.005184
v 0.053552 -0.00221 -0.005994
v 0.054124 -0.002869 -0.005854
v 0.055079 -0.003009 -0.005534
v 0.056043 -0.002488 -0.005049
v 0.053638 -0.00241 -0.005977
v 0.054327 -0.002973 -0.005791
v 0.055322 -0.002966 -0.005427
v 0.056235 -0.002297 -0.004904
v 0.053756 -0.002594 -0.005947
v 0.054547 -0.003047 -0.005716
v 0.055562 -0.002887 -0.005311
v 0.056403 -0.002079 -0.004751
v 0.053903 -0.00276 -0.005906
v 0.054780 -0.003087 -0.005630
v 0.055794 -0.002773 -0.005184
v 0.053541 -0.002213 -0.005994
v 0.054076 -0.002902 -0.005854
v 0.055022 -0.003093 -0.005534
v 0.056013 -0.002625 -0.005049
v 0.053616 -0.002417 -0.005977
v 0.054273 -0.003017 -0.005791
v 0.055267 -0.003063 -0.005427
v 0.056215 -0.002445 -0.004904
v 0.053723 -0.002607 -0.005947
v 0.054489 -0.003102 -0.005716
v 0.055511 -0.002997 -0.005311
v 0.056394 -0.002236 -0.004751
v 0.053861 -0.00278 -0.005906
v 0.054719 -0.003155 -0.005630
v 0.055749 -0.002896 -0.005184
v 0.053529 -0.002215 -0.005994
v 0.054027 -0.002932 -0.005854
v 0.054960 -0.003174 -0.005534
v 0.055975 -0.00276 -0.005049
v 0.053593 -0.002422 -0.005977
v 0.054217 -0.003057 -0.005791
v 0.055207 -0.003157 -0.005427
v 0.056186 -0.002591 -0.004904
v 0.053690 -0.002619 -0.005947
v 0.054428 -0.003154 -0.005716
v 0.055454 -0.003105 -0.005311
v 0.056377 -0.002392 -0.004751
v 0.053818 -0.002799 -0.005906
v 0.054655 -0.003219 -0.005630
v 0.055697 -0.003016 -0.005184
v 0.056544 -0.002165 -0.004590
v 0.053518 -0.002216 -0.005994
v 0.053975 -0.002959 -0.005854
v 0.054895 -0.003251 -0.005534
v 0.055931 -0.002893 -0.005049
v 0.053570 -0.002427 -0.005977
v 0.054158 -0.003094 -0.005791
v 0.055142 -0.003248 -0.005427
v 0.056151 -0.002736 -0.004904
v 0.053656 -0.002628 -0.005947
v 0.054364 -0.003202 -0.005716
v 0.055391 -0.003209 -0.005311
v 0.056352 -0.002547 -0.004751
v 0.053775 -0.002815 -0.005906
v 0.054587 -0.00328 -0.005630
v 0.055639 -0.003134 -0.005184
v 0.056531 -0.00233 -0.004590
v 0.053506 -0.002216 -0.005994
v 0.053923 -0.002983 -0.005854
v 0.054825 -0.003325 -0.005534
v 0.055879 -0.003023 -0.005049
v 0.056683 -0.002086 -0.004421
v 0.053547 -0.00243 -0.005977
v 0.054098 -0.003128 -0.005791
v 0.055072 -0.003335 -0.005427
v 0.056107 -0.002878 -0.004904
v 0.053622 -0.002636 -0.005947
v 0.054297 -0.003247 -0.005716
v 0.055323 -0.00331 -0.005311
v 0.056318 -0.002701 -0.004751
v 0.053730 -0.002829 -0.005906
v 0.054516 -0.003337 -0.005630
v 0.055574 -0.003248 -0.005184
v 0.056508 -0.002493 -0.004590
v 0.053869 -0.003004 -0.005854
v 0.054751 -0.003395 -0.005534
v 0.055820 -0.003151 -0.005049
v 0.056674 -0.002258 -0.004421
v 0.053523 -0.002432 -0.005977
v 0.054036 -0.003159 -0.005791
v 0.054997 -0.003418 -0.005427
v 0.056055 -0.003018 -0.004904
v 0.053587 -0.002641 -0.005947
v 0.054229 -0.003289 -0.005716
v 0.055250 -0.003406 -0.005311
v 0.056276 -0.002852 -0.004751
v 0.053685 -0.00284 -0.005906
v 0.054443 -0.00339 -0.005630
v 0.055504 -0.003358 -0.005184
v 0.056477 -0.002655 -0.004590
v 0.053814 -0.003023 -0.005854
v 0.054674 -0.00346 -0.005534
v 0.055754 -0.003274 -0.005049
v 0.056655 -0.00243 -0.004421
v 0.053973 -0.003186 -0.005791
v 0.054918 -0.003497 -0.005427
v 0.055997 -0.003155 -0.004904
v 0.056806 -0.002179 -0.004245
v 0.053553 -0.002645 -0.005947
v 0.054158 -0.003326 -0.005716
v 0.055171 -0.003499 -0.005311
v 0.056226 -0.003001 -0.004751
v 0.053639 -0.002849 -0.005906
v 0.054366 -0.003439 -0.005630
v 0.055427 -0.003465 -0.005184
v 0.056438 -0.002816 -0.004590
v 0.053758 -0.003038 -0.005854
v 0.054593 -0.003522 -0.005534
v 0.055682 -0.003395 -0.005049
v 0.056627 -0.0026 -0.004421
v 0.053908 -0.00321 -0.005791
v 0.054835 -0.003572 -0.005427
v 0.055930 -0.003288 -0.004904
v 0.056791 -0.002358 -0.004245
v 0.053518 -0.002647 -0.005947
v 0.054085 -0.00336 -0.005716
v 0.055087 -0.003587 -0.005311
v 0.056168 -0.003148 -0.004751
v 0.056926 -0.002093 -0.004062
v 0.053593 -0.002855 -0.005906
v 0.054287 -0.003484 -0.005630
v 0.055345 -0.003567 -0.005184
v 0.056389 -0.002973 -0.004590
v 0.053702 -0.003051 -0.005854
v 0.054509 -0.003579 -0.005534
v 0.055603 -0.003511 -0.005049
v 0.056590 -0.002769 -0.004421
v 0.053842 -0.003231 -0.005791
v 0.054748 -0.003642 -0.005427
v 0.055857 -0.003418 -0.004904
v 0.056767 -0.002536 -0.004245
v 0.054011 -0.00339 -0.005716
v 0.054999 -0.003671 -0.005311
v 0.056102 -0.00329 -0.004751
v 0.056916 -0.002278 -0.004062
v 0.053547 -0.002859 -0.005906
v 0.054205 -0.003524 -0.005630
v 0.055257 -0.003665 -0.005184
v 0.056332 -0.003128 -0.004590
v 0.053644 -0.00306 -0.005854
v 0.054422 -0.003631 -0.005534
v 0.055518 -0.003622 -0.005049
v 0.056544 -0.002935 -0.004421
v 0.053775 -0.003247 -0.005791
v 0.054657 -0.003707 -0.005427
v 0.055777 -0.003544 -0.004904
v 0.056733 -0.002712 -0.004245
v 0.053935 -0.003415 -0.005716
v 0.054906 -0.00375 -0.005311
v 0.056028 -0.003429 -0.004751
v 0.056896 -0.002463 -0.004062
v 0.054122 -0.00356 -0.005630
v 0.055165 -0.003757 -0.005184
v 0.056267 -0.00328 -0.004590
v 0.057029 -0.002191 -0.003874
v 0.053587 -0.003067 -0.005854
v 0.054332 -0.003679 -0.005534
v 0.055428 -0.003729 -0.005049
v 0.056489 -0.003098 -0.004421
v 0.053707 -0.00326 -0.005791
v 0.054563 -0.003767 -0.005427
v 0.055690 -0.003665 -0.004904
v 0.056690 -0.002886 -0.004245
v 0.053857 -0.003437 -0.005716
v 0.054810 -0.003823 -0.005311
v 0.055947 -0.003564 -0.004751
v 0.056866 -0.002646 -0.004062
v 0.054036 -0.003592 -0.005630
v 0.055067 -0.003845 -0.005184
v 0.056194 -0.003428 -0.004590
v 0.057013 -0.002382 -0.003874
v 0.053529 -0.00307 -0.005854
v 0.054240 -0.003721 -0.005534
v 0.055331 -0.003831 -0.005049
v 0.056425 -0.003258 -0.004421
v 0.057129 -0.002098 -0.003680
v 0.053638 -0.00327 -0.005791
v 0.054466 -0.003822 -0.005427
v 0.055597 -0.003781 -0.004904
v 0.056637 -0.003057 -0.004245
v 0.053779 -0.003454 -0.005716
v 0.054709 -0.003891 -0.005311
v 0.055859 -0.003694 -0.004751
v 0.056826 -0.002827 -0.004062
v 0.053949 -0.003618 -0.005630
v 0.054965 -0.003927 -0.005184
v 0.056112 -0.003572 -0.004590
v 0.056987 -0.002572 -0.003874
v 0.054146 -0.003759 -0.005534
v 0.055229 -0.003928 -0.005049
v 0.056353 -0.003415 -0.004421
v 0.057118 -0.002295 -0.003680
v 0.053569 -0.003275 -0.005791
v 0.054366 -0.003872 -0.005427
v 0.055497 -0.003892 -0.004904
v 0.056576 -0.003225 -0.004245
v 0.053700 -0.003467 -0.005716
v 0.054605 -0.003954 -0.005311
v 0.055763 -0.003819 -0.004751
v 0.056776 -0.003006 -0.004062
v 0.053861 -0.00364 -0.005630
v 0.054858 -0.004004 -0.005184
v 0.056023 -0.003711 -0.004590
v 0.056951 -0.00276 -0.003874
v 0.054050 -0.003791 -0.005534
v 0.055122 -0.004018 -0.005049
v 0.056272 -0.003567 -0.004421
v 0.057097 -0.00249 -0.003680
v 0.054263 -0.003916 -0.005427
v 0.055392 -0.003997 -0.004904
v 0.056505 -0.00339 -0.004245
v 0.057210 -0.002201 -0.003481
v 0.053620 -0.003476 -0.005716
v 0.054497 -0.004011 -0.005311
v 0.055662 -0.003939 -0.004751
v 0.056717 -0.003182 -0.004062
v 0.053772 -0.003657 -0.005630
v 0.054748 -0.004074 -0.005184
v 0.055927 -0.003845 -0.004590
v 0.056905 -0.002945 -0.003874
v 0.053952 -0.003818 -0.005534
v 0.055011 -0.004103 -0.005049
v 0.056183 -0.003715 -0.004421
v 0.057065 -0.002684 -0.003680
v 0.054158 -0.003954 -0.005427
v 0.055281 -0.004097 -0.004904
v 0.056425 -0.003551 -0.004245
v 0.057194 -0.002402 -0.003481
v 0.053540 -0.00348 -0.005716
v 0.054387 -0.004062 -0.005311
v 0.055553 -0.004053 -0.004751
v 0.056648 -0.003354 -0.004062
v 0.057289 -0.002103 -0.003277
v 0.053682 -0.00367 -0.005630
v 0.054634 -0.004139 -0.005184
v 0.055824 -0.003974 -0.004590
v 0.056849 -0.003128 -0.003874
v 0.053853 -0.00384 -0.005534
v 0.054895 -0.004182 -0.005049
v 0.056086 -0.003858 -0.004421
v 0.057023 -0.002876 -0.003680
v 0.054052 -0.003987 -0.005427
v 0.055165 -0.00419 -0.004904
v 0.056337 -0.003707 -0.004245
v 0.057167 -0.002601 -0.003481
v 0.054274 -0.004107 -0.005311
v 0.055439 -0.004162 -0.004751
v 0.056571 -0.003523 -0.004062
v 0.057278 -0.002308 -0.003277
v 0.053591 -0.003677 -0.005630
v 0.054516 -0.004197 -0.005184
v 0.055713 -0.004097 -0.004590
v 0.056783 -0.003308 -0.003874
v 0.053753 -0.003856 -0.005534
v 0.054774 -0.004254 -0.005049
v 0.055982 -0.003995 -0.004421
v 0.056970 -0.003066 -0.003680
v 0.053943 -0.004014 -0.005427
v 0.055044 -0.004277 -0.004904
v 0.056240 -0.003858 -0.004245
v 0.057129 -0.002799 -0.003481
v 0.054159 -0.004146 -0.005311
v 0.055319 -0.004263 -0.004751
v 0.056484 -0.003687 -0.004062
v 0.057256 -0.002512 -0.003277
v 0.054396 -0.004249 -0.005184
v 0.055597 -0.004213 -0.004590
v 0.056707 -0.003484 -0.003874
v 0.057349 -0.002209 -0.003070
v 0.053652 -0.003867 -0.005534
v 0.054651 -0.00432 -0.005049
v 0.055870 -0.004126 -0.004421
v 0.056908 -0.003252 -0.003680
v 0.053834 -0.004035 -0.005427
v 0.054918 -0.004357 -0.004904
v 0.056136 -0.004004 -0.004245
v 0.057080 -0.002994 -0.003481
v 0.054042 -0.004178 -0.005311
v 0.055194 -0.004359 -0.004751
v 0.056388 -0.003846 -0.004062
v 0.057223 -0.002714 -0.003277
v 0.054273 -0.004294 -0.005184
v 0.055474 -0.004324 -0.004590
v 0.056622 -0.003655 -0.003874
v 0.057332 -0.002417 -0.003070
v 0.053551 -0.003873 -0.005534
v 0.054523 -0.004379 -0.005049
v 0.055752 -0.004252 -0.004421
v 0.056835 -0.003435 -0.003680
v 0.057405 -0.002106 -0.002860
v 0.053723 -0.00405 -0.005427
v 0.054788 -0.00443 -0.004904
v 0.056023 -0.004143 -0.004245
v 0.057021 -0.003186 -0.003481
v 0.053923 -0.004205 -0.005311
v 0.055064 -0.004447 -0.004751
v 0.056284 -0.004 -0.004062
v 0.057179 -0.002915 -0.003277
v 0.054148 -0.004332 -0.005184
v 0.055345 -0.004427 -0.004590
v 0.056528 -0.003822 -0.003874
v 0.057303 -0.002624 -0.003070
v 0.054393 -0.004431 -0.005049
v 0.055626 -0.00437 -0.004421
v 0.056752 -0.003613 -0.003680
v 0.057394 -0.002317 -0.002860
v 0.053612 -0.004059 -0.005427
v 0.054655 -0.004497 -0.004904
v 0.055904 -0.004277 -0.004245
v 0.056952 -0.003375 -0.003481
v 0.053803 -0.004224 -0.005311
v 0.054929 -0.004528 -0.004751
v 0.056171 -0.004147 -0.004062
v 0.057124 -0.003113 -0.003277
v 0.054020 -0.004364 -0.005184
v 0.055211 -0.004523 -0.004590
v 0.056425 -0.003983 -0.003874
v 0.057264 -0.002829 -0.003070
v 0.054260 -0.004475 -0.005049
v 0.055495 -0.004482 -0.004421
v 0.056660 -0.003787 -0.003680
v 0.057371 -0.002527 -0.002860
v 0.054518 -0.004555 -0.004904
v 0.055777 -0.004404 -0.004245
v 0.056872 -0.00356 -0.003481
v 0.057442 -0.002214 -0.002647
v 0.053682 -0.004237 -0.005311
v 0.054790 -0.004602 -0.004751
v 0.056051 -0.004289 -0.004062
v 0.057058 -0.003307 -0.003277
v 0.053892 -0.004389 -0.005184
v 0.055072 -0.004612 -0.004590
v 0.056313 -0.004139 -0.003874
v 0.057214 -0.003031 -0.003070
v 0.054125 -0.004513 -0.005049
v 0.055358 -0.004586 -0.004421
v 0.056559 -0.003955 -0.003680
v 0.057336 -0.002736 -0.002860
v 0.054378 -0.004607 -0.004904
v 0.055643 -0.004523 -0.004245
v 0.056783 -0.003741 -0.003481
v 0.057424 -0.002427 -0.002647
v 0.053561 -0.004244 -0.005311
v 0.054648 -0.004668 -0.004751
v 0.055924 -0.004424 -0.004062
v 0.056982 -0.003498 -0.003277
v 0.057475 -0.002108 -0.002432
v 0.053762 -0.004407 -0.005184
v 0.054928 -0.004694 -0.004590
v 0.056194 -0.004288 -0.003874
v 0.057152 -0.003231 -0.003070
v 0.053988 -0.004543 -0.005049
v 0.055215 -0.004683 -0.004421
v 0.056448 -0.004118 -0.003680
v 0.057291 -0.002943 -0.002860
v 0.054236 -0.004651 -0.004904
v 0.055504 -0.004636 -0.004245
v 0.056684 -0.003916 -0.003481
v 0.057395 -0.002639 -0.002647
v 0.054501 -0.004726 -0.004751
v 0.055789 -0.004551 -0.004062
v 0.056896 -0.003684 -0.003277
v 0.057463 -0.002323 -0.002432
v 0.053631 -0.004417 -0.005184
v 0.054780 -0.004767 -0.004590
v 0.056066 -0.00443 -0.003874
v 0.057080 -0.003427 -0.003070
v 0.053850 -0.004566 -0.005049
v 0.055067 -0.004772 -0.004421
v 0.056330 -0.004274 -0.003680
v 0.057234 -0.003147 -0.002860
v 0.054091 -0.004686 -0.004904
v 0.055358 -0.00474 -0.004245
v 0.056576 -0.004085 -0.003481
v 0.057355 -0.002849 -0.002647
v 0.054352 -0.004776 -0.004751
v 0.055647 -0.004671 -0.004062
v 0.056800 -0.003866 -0.003277
v 0.057440 -0.002537 -0.002432
v 0.054628 -0.004832 -0.004590
v 0.055930 -0.004566 -0.003874
v 0.056998 -0.003618 -0.003070
v 0.057488 -0.002216 -0.002217
v 0.053710 -0.004581 -0.005049
v 0.054915 -0.004853 -0.004421
v 0.056202 -0.004424 -0.003680
v 0.057167 -0.003347 -0.002860
v 0.053945 -0.004715 -0.004904
v 0.055207 -0.004837 -0.004245
v 0.056458 -0.004249 -0.003481
v 0.057303 -0.003056 -0.002647
v 0.054201 -0.004818 -0.004751
v 0.055500 -0.004784 -0.004062
v 0.056694 -0.004042 -0.003277
v 0.057405 -0.002749 -0.002432
v 0.054473 -0.004889 -0.004590
v 0.055788 -0.004694 -0.003874
v 0.056905 -0.003805 -0.003070
v 0.057471 -0.002432 -0.002217
v 0.053570 -0.004589 -0.005049
v 0.054758 -0.004925 -0.004421
v 0.056067 -0.004567 -0.003680
v 0.057089 -0.003544 -0.002860
v 0.053797 -0.004735 -0.004904
v 0.055051 -0.004925 -0.004245
v 0.056332 -0.004406 -0.003481
v 0.057241 -0.00326 -0.002647
v 0.054047 -0.004852 -0.004751
v 0.055346 -0.004888 -0.004062
v 0.056579 -0.004211 -0.003277
v 0.057359 -0.00296 -0.002432
v 0.054316 -0.004938 -0.004590
v 0.055639 -0.004813 -0.003874
v 0.056802 -0.003987 -0.003070
v 0.057442 -0.002646 -0.002217
v 0.054598 -0.004989 -0.004421
v 0.055924 -0.004702 -0.003680
v 0.057000 -0.003736 -0.002860
v 0.053649 -0.004747 -0.004904
v 0.054890 -0.005005 -0.004245
v 0.056198 -0.004555 -0.003481
v 0.057167 -0.003461 -0.002647
v 0.053892 -0.004877 -0.004751
v 0.055187 -0.004984 -0.004062
v 0.056454 -0.004375 -0.003277
v 0.057301 -0.003167 -0.002432
v 0.054155 -0.004977 -0.004590
v 0.055483 -0.004925 -0.003874
v 0.056690 -0.004163 -0.003070
v 0.057401 -0.002859 -0.002217
v 0.054435 -0.005044 -0.004421
v 0.055774 -0.00483 -0.003680
v 0.056901 -0.003923 -0.002860
v 0.054725 -0.005076 -0.004245
v 0.056055 -0.004698 -0.003481
v 0.057082 -0.003657 -0.002647
v 0.053736 -0.004894 -0.004751
v 0.055023 -0.005071 -0.004062
v 0.056322 -0.004531 -0.003277
v 0.057233 -0.003371 -0.002432
v 0.053993 -0.005008 -0.004590
v 0.055322 -0.005028 -0.003874
v 0.056568 -0.004332 -0.003070
v 0.057349 -0.003069 -0.002217
v 0.054269 -0.00509 -0.004421
v 0.055618 -0.004948 -0.003680
v 0.056792 -0.004104 -0.002860
v 0.054557 -0.005137 -0.004245
v 0.055906 -0.004832 -0.003481
v 0.056987 -0.003849 -0.002647
v 0.053579 -0.004903 -0.004751
v 0.054854 -0.005148 -0.004062
v 0.056180 -0.00468 -0.003277
v 0.057153 -0.003571 -0.002432
v 0.053830 -0.005031 -0.004590
v 0.055155 -0.005122 -0.003874
v 0.056438 -0.004495 -0.003070
v 0.057285 -0.003275 -0.002217
v 0.054100 -0.005127 -0.004421
v 0.055455 -0.005059 -0.003680
v 0.056673 -0.004279 -0.002860
v 0.054386 -0.00519 -0.004245
v 0.055749 -0.004958 -0.003481
v 0.056882 -0.004035 -0.002647
v 0.054682 -0.005217 -0.004062
v 0.056031 -0.004822 -0.003277
v 0.057062 -0.003767 -0.002432
v 0.053665 -0.005044 -0.004590
v 0.054984 -0.005207 -0.003874
v 0.056298 -0.004651 -0.003070
v 0.057210 -0.003478 -0.002217
v 0.053930 -0.005155 -0.004421
v 0.055287 -0.00516 -0.003680
v 0.056545 -0.004447 -0.002860
v 0.054212 -0.005233 -0.004245
v 0.055585 -0.005076 -0.003481
v 0.056767 -0.004215 -0.002647
v 0.054506 -0.005276 -0.004062
v 0.055875 -0.004954 -0.003277
v 0.056962 -0.003957 -0.002432
v 0.054808 -0.005283 -0.003874
v 0.056151 -0.004798 -0.003070
v 0.057125 -0.003677 -0.002217
v 0.053758 -0.005174 -0.004421
v 0.055113 -0.005252 -0.003680
v 0.056408 -0.004609 -0.002860
v 0.054036 -0.005267 -0.004245
v 0.055416 -0.005184 -0.003481
v 0.056642 -0.004389 -0.002647
v 0.054327 -0.005326 -0.004062
v 0.055711 -0.005079 -0.003277
v 0.056851 -0.004142 -0.002432
v 0.054628 -0.005349 -0.003874
v 0.055995 -0.004938 -0.003070
v 0.057029 -0.003871 -0.002217
v 0.053586 -0.005183 -0.004421
v 0.054935 -0.005335 -0.003680
v 0.056262 -0.004762 -0.002860
v 0.053858 -0.005291 -0.004245
v 0.055241 -0.005283 -0.003481
v 0.056508 -0.004555 -0.002647
v 0.054146 -0.005366 -0.004062
v 0.055542 -0.005194 -0.003277
v 0.056730 -0.00432 -0.002432
v 0.054445 -0.005405 -0.003874
v 0.055832 -0.005068 -0.003070
v 0.056922 -0.004059 -0.002217
v 0.054752 -0.005408 -0.003680
v 0.056109 -0.004908 -0.002860
v 0.053679 -0.005306 -0.004245
v 0.055060 -0.005372 -0.003481
v 0.056366 -0.004715 -0.002647
v 0.053963 -0.005396 -0.004062
v 0.055366 -0.0053 -0.003277
v 0.056599 -0.004491 -0.002432
v 0.054260 -0.005451 -0.003874
v 0.055663 -0.00519 -0.003070
v 0.056806 -0.004241 -0.002217
v 0.054566 -0.00547 -0.003680
v 0.055947 -0.005045 -0.002860
v 0.054875 -0.005452 -0.003481
v 0.056215 -0.004866 -0.002647
v 0.053778 -0.005416 -0.004062
v 0.055184 -0.005396 -0.003277
v 0.056460 -0.004655 -0.002432
v 0.054072 -0.005487 -0.003874
v 0.055487 -0.005302 -0.003070
v 0.056680 -0.004417 -0.002217
v 0.054376 -0.005523 -0.003680
v 0.055779 -0.005173 -0.002860
v 0.054686 -0.005521 -0.003481
v 0.056055 -0.005008 -0.002647
v 0.053593 -0.005426 -0.004062
v 0.054998 -0.005482 -0.003277
v 0.056312 -0.004812 -0.002432
v 0.053882 -0.005513 -0.003874
v 0.055305 -0.005405 -0.003070
v 0.056544 -0.004586 -0.002217
v 0.054184 -0.005565 -0.003680
v 0.055604 -0.005292 -0.002860
v 0.054494 -0.00558 -0.003481
v 0.055889 -0.005142 -0.002647
v 0.054807 -0.005558 -0.003277
v 0.056155 -0.00496 -0.002432
v 0.053691 -0.005529 -0.003874
v 0.055118 -0.005498 -0.003070
v 0.056400 -0.004747 -0.002217
v 0.053990 -0.005597 -0.003680
v 0.055423 -0.005401 -0.002860
v 0.054299 -0.005629 -0.003481
v 0.055715 -0.005267 -0.002647
v 0.054613 -0.005624 -0.003277
v 0.055991 -0.005099 -0.002432
v 0.054927 -0.00558 -0.003070
v 0.056247 -0.0049 -0.002217
v 0.053795 -0.005618 -0.003680
v 0.055236 -0.0055 -0.002860
v 0.054101 -0.005667 -0.003481
v 0.055535 -0.005382 -0.002647
v 0.054415 -0.005679 -0.003277
v 0.055820 -0.00523 -0.002432
v 0.054731 -0.005652 -0.003070
v 0.056086 -0.005044 -0.002217
v 0.053598 -0.005629 -0.003680
v 0.055044 -0.005589 -0.002860
v 0.053902 -0.005694 -0.003481
v 0.055349 -0.005487 -0.002647
v 0.054214 -0.005723 -0.003277
v 0.055642 -0.005351 -0.002432
v 0.054531 -0.005714 -0.003070
v 0.055917 -0.00518 -0.002217
v 0.054847 -0.005667 -0.002860
v 0.053701 -0.00571 -0.003481
v 0.055157 -0.005582 -0.002647
v 0.054012 -0.005756 -0.003277
v 0.055457 -0.005462 -0.002432
v 0.054329 -0.005764 -0.003070
v 0.055741 -0.005306 -0.002217
v 0.054647 -0.005734 -0.002860
v 0.054961 -0.005667 -0.002647
v 0.053808 -0.005778 -0.003277
v 0.055267 -0.005562 -0.002432
v 0.054124 -0.005803 -0.003070
v 0.055559 -0.005422 -0.002217
v 0.054443 -0.005791 -0.002860
v 0.054760 -0.005741 -0.002647
v 0.053603 -0.005789 -0.003277
v 0.055071 -0.005653 -0.002432
v 0.053917 -0.005832 -0.003070
v 0.055371 -0.005529 -0.002217
v 0.054236 -0.005836 -0.002860
v 0.054556 -0.005803 -0.002647
v 0.054871 -0.005733 -0.002432
v 0.053709 -0.005849 -0.003070
v 0.055177 -0.005625 -0.002217
v 0.054027 -0.005871 -0.002860
v 0.054349 -0.005855 -0.002647
v 0.054667 -0.005801 -0.002432
v 0.054978 -0.00571 -0.002217
v 0.053817 -0.005894 -0.002860
v 0.054139 -0.005895 -0.002647
v 0.054460 -0.005859 -0.002432
v 0.054775 -0.005785 -0.002217
v 0.053606 -0.005905 -0.002860
v 0.053927 -0.005924 -0.002647
v 0.054249 -0.005905 -0.002432
v 0.054569 -0.005849 -0.002217
v 0.053714 -0.005942 -0.002647
v 0.054037 -0.00594 -0.002432
v 0.054359 -0.005901 -0.002217
v 0.053823 -0.005963 -0.002432
v 0.054146 -0.005942 -0.002217
v 0.053608 -0.005975 -0.002432
v 0.053932 -0.005971 -0.002217
v 0.053716 -0.005988 -0.002217
v 0.053500 -0.006 0.002000
v 0.053733 -0.005993 0.002000
v 0.053964 -0.005973 0.002000
v 0.054195 -0.005939 0.002000
v 0.054422 -0.005892 0.002000
v 0.054647 -0.005832 0.002000
v 0.054868 -0.005759 0.002000
v 0.055084 -0.005673 0.002000
v 0.055295 -0.005575 0.002000
v 0.055500 -0.005464 0.002000
v 0.055698 -0.005342 0.002000
v 0.055889 -0.005208 0.002000
v 0.056071 -0.005064 0.002000
v 0.056245 -0.004909 0.002000
v 0.056409 -0.004745 0.002000
v 0.056564 -0.004571 0.002000
v 0.056708 -0.004389 0.002000
v 0.056842 -0.004198 0.002000
v 0.056964 -0.004 0.002000
v 0.057075 -0.003795 0.002000
v 0.057173 -0.003584 0.002000
v 0.057259 -0.003368 0.002000
v 0.057332 -0.003147 0.002000
v 0.057392 -0.002922 0.002000
v 0.057439 -0.002695 0.002000
v 0.057473 -0.002464 0.002000
v 0.057493 -0.002233 0.002000
v 0.057500 -0.002 0.002000
v 0.053500 -0.006 0.002000
v 0.053500 -0.005993 0.002233
v 0.053500 -0.005973 0.002464
v 0.053500 -0.005939 0.002695
v 0.053500 -0.005892 0.002922
v 0.053500 -0.005832 0.003147
v 0.053500 -0.005759 0.003368
v 0.053500 -0.005673 0.003584
v 0.053500 -0.005575 0.003795
v 0.053500 -0.005464 0.004000
v 0.053500 -0.005342 0.004198
v 0.053500 -0.005208 0.004389
v 0.053500 -0.005064 0.004571
v 0.053500 -0.004909 0.004745
v 0.053500 -0.004745 0.004909
v 0.053500 -0.004571 0.005064
v 0.053500 -0.004389 0.005208
v 0.053500 -0.004198 0.005342
v 0.053500 -0.004 0.005464
v 0.053500 -0.003795 0.005575
v 0.053500 -0.003584 0.005673
v 0.053500 -0.003368 0.005759
v 0.053500 -0.003147 0.005832
v 0.053500 -0.002922 0.005892
v 0.053500 -0.002695 0.005939
v 0.053500 -0.002464 0.005973
v 0.053500 -0.002233 0.005993
v 0.053500 -0.002 0.006000
v 0.057493 -0.002 0.002233
v 0.057473 -0.002 0.002464
v 0.057439 -0.002 0.002695
v 0.057392 -0.002 0.002922
v 0.057332 -0.002 0.003147
v 0.057259 -0.002 0.003368
v 0.057173 -0.002 0.003584
v 0.057075 -0.002 0.003795
v 0.056964 -0.002 0.004000
v 0.056842 -0.002 0.004198
v 0.056708 -0.002 0.004389
v 0.056564 -0.002 0.004571
v 0.056409 -0.002 0.004745
v 0.056245 -0.002 0.004909
v 0.056071 -0.002 0.005064
v 0.055889 -0.002 0.005208
v 0.055698 -0.002 0.005342
v 0.055500 -0.002 0.005464
v 0.055295 -0.002 0.005575
v 0.055084 -0.002 0.005673
v 0.054868 -0.002 0.005759
v 0.054647 -0.002 0.005832
v 0.054422 -0.002 0.005892
v 0.054195 -0.002 0.005939
v 0.053964 -0.002 0.005973
v 0.053733 -0.002 0.005993
v 0.053716 -0.005994 0.002006
v 0.053716 -0.005994 0.002018
v 0.053715 -0.005994 0.002029
v 0.053932 -0.005977 0.002023
v 0.053713 -0.005994 0.002041
v 0.053930 -0.005977 0.002047
v 0.054147 -0.005947 0.002018
v 0.053710 -0.005994 0.002052
v 0.053927 -0.005977 0.002070
v 0.054145 -0.005947 0.002053
v 0.053707 -0.005994 0.002064
v 0.053922 -0.005977 0.002093
v 0.054141 -0.005947 0.002087
v 0.054359 -0.005906 0.002047
v 0.053703 -0.005994 0.002075
v 0.053917 -0.005977 0.002116
v 0.054136 -0.005947 0.002122
v 0.054355 -0.005906 0.002093
v 0.053699 -0.005994 0.002086
v 0.054570 -0.005854 0.002029
v 0.053910 -0.005977 0.002138
v 0.054128 -0.005947 0.002156
v 0.054349 -0.005906 0.002139
v 0.053694 -0.005994 0.002096
v 0.054567 -0.005854 0.002087
v 0.053902 -0.005977 0.002160
v 0.054119 -0.005947 0.002190
v 0.054340 -0.005906 0.002185
v 0.053689 -0.005994 0.002107
v 0.054560 -0.005854 0.002144
v 0.053893 -0.005977 0.002182
v 0.054775 -0.005791 0.002069
v 0.054107 -0.005947 0.002223
v 0.054329 -0.005906 0.002230
v 0.053682 -0.005994 0.002117
v 0.054551 -0.005854 0.002202
v 0.053882 -0.005977 0.002203
v 0.054770 -0.005791 0.002138
v 0.054094 -0.005947 0.002256
v 0.054980 -0.005716 0.002040
v 0.054315 -0.005906 0.002275
v 0.053676 -0.005994 0.002126
v 0.054538 -0.005854 0.002258
v 0.053871 -0.005977 0.002223
v 0.054760 -0.005791 0.002207
v 0.054080 -0.005947 0.002288
v 0.054976 -0.005716 0.002120
v 0.054299 -0.005906 0.002318
v 0.053669 -0.005994 0.002136
v 0.054523 -0.005854 0.002314
v 0.053858 -0.005977 0.002243
v 0.054747 -0.005791 0.002275
v 0.054063 -0.005947 0.002318
v 0.054967 -0.005716 0.002200
v 0.054280 -0.005906 0.002361
v 0.055177 -0.00563 0.002091
v 0.053661 -0.005994 0.002145
v 0.054504 -0.005854 0.002369
v 0.053844 -0.005977 0.002262
v 0.054731 -0.005791 0.002342
v 0.054045 -0.005947 0.002349
v 0.054954 -0.005716 0.002279
v 0.054260 -0.005906 0.002403
v 0.055170 -0.00563 0.002182
v 0.053653 -0.005994 0.002153
v 0.054483 -0.005854 0.002423
v 0.055373 -0.005534 0.002051
v 0.053830 -0.005977 0.002280
v 0.054710 -0.005791 0.002408
v 0.054026 -0.005947 0.002378
v 0.054937 -0.005716 0.002357
v 0.054237 -0.005906 0.002443
v 0.055157 -0.00563 0.002272
v 0.053645 -0.005994 0.002161
v 0.054459 -0.005854 0.002475
v 0.055367 -0.005534 0.002152
v 0.053814 -0.005977 0.002297
v 0.054686 -0.005791 0.002473
v 0.054004 -0.005947 0.002405
v 0.054915 -0.005716 0.002435
v 0.054212 -0.005906 0.002483
v 0.055140 -0.00563 0.002361
v 0.053636 -0.005994 0.002169
v 0.054432 -0.005854 0.002527
v 0.055356 -0.005534 0.002253
v 0.053797 -0.005977 0.002314
v 0.054659 -0.005791 0.002536
v 0.055559 -0.005427 0.002112
v 0.053982 -0.005947 0.002432
v 0.054890 -0.005716 0.002511
v 0.054185 -0.005906 0.002520
v 0.055118 -0.00563 0.002449
v 0.053626 -0.005994 0.002176
v 0.054402 -0.005854 0.002576
v 0.055340 -0.005534 0.002353
v 0.053780 -0.005977 0.002330
v 0.054628 -0.005791 0.002598
v 0.055550 -0.005427 0.002223
v 0.053958 -0.005947 0.002458
v 0.054860 -0.005716 0.002585
v 0.055744 -0.005311 0.002061
v 0.054155 -0.005906 0.002557
v 0.055092 -0.00563 0.002536
v 0.053617 -0.005994 0.002182
v 0.054369 -0.005854 0.002624
v 0.055318 -0.005534 0.002452
v 0.053762 -0.005977 0.002344
v 0.054594 -0.005791 0.002658
v 0.055535 -0.005427 0.002334
v 0.053932 -0.005947 0.002482
v 0.054826 -0.005716 0.002658
v 0.055737 -0.005311 0.002182
v 0.054124 -0.005906 0.002591
v 0.055060 -0.00563 0.002622
v 0.053607 -0.005994 0.002189
v 0.054334 -0.005854 0.002670
v 0.055291 -0.005534 0.002550
v 0.053743 -0.005977 0.002358
v 0.054557 -0.005791 0.002717
v 0.055514 -0.005427 0.002443
v 0.053905 -0.005947 0.002504
v 0.054789 -0.005716 0.002729
v 0.055724 -0.005311 0.002303
v 0.054091 -0.005906 0.002624
v 0.055024 -0.00563 0.002705
v 0.055917 -0.005184 0.002131
v 0.053596 -0.005994 0.002194
v 0.054297 -0.005854 0.002715
v 0.055259 -0.005534 0.002646
v 0.053723 -0.005977 0.002371
v 0.054517 -0.005791 0.002773
v 0.055487 -0.005427 0.002552
v 0.053878 -0.005947 0.002526
v 0.054747 -0.005716 0.002797
v 0.055705 -0.005311 0.002423
v 0.054057 -0.005906 0.002655
v 0.054984 -0.00563 0.002787
v 0.055907 -0.005184 0.002262
v 0.053586 -0.005994 0.002199
v 0.054257 -0.005854 0.002757
v 0.055221 -0.005534 0.002740
v 0.056089 -0.005049 0.002070
v 0.053703 -0.005977 0.002382
v 0.054473 -0.005791 0.002827
v 0.055454 -0.005427 0.002658
v 0.053849 -0.005947 0.002545
v 0.054702 -0.005716 0.002864
v 0.055678 -0.005311 0.002542
v 0.054020 -0.005906 0.002685
v 0.054939 -0.00563 0.002866
v 0.055889 -0.005184 0.002392
v 0.053575 -0.005994 0.002203
v 0.054215 -0.005854 0.002797
v 0.055179 -0.005534 0.002832
v 0.056081 -0.005049 0.002210
v 0.053682 -0.005977 0.002393
v 0.054427 -0.005791 0.002878
v 0.055416 -0.005427 0.002763
v 0.053818 -0.005947 0.002563
v 0.054654 -0.005716 0.002928
v 0.055646 -0.005311 0.002659
v 0.053983 -0.005906 0.002712
v 0.054890 -0.00563 0.002943
v 0.055864 -0.005184 0.002520
v 0.053564 -0.005994 0.002207
v 0.054170 -0.005854 0.002834
v 0.055131 -0.005534 0.002922
v 0.056066 -0.005049 0.002350
v 0.053660 -0.005977 0.002402
v 0.054378 -0.005791 0.002927
v 0.055372 -0.005427 0.002866
v 0.056247 -0.004904 0.002149
v 0.053788 -0.005947 0.002580
v 0.054602 -0.005716 0.002989
v 0.055607 -0.005311 0.002774
v 0.053943 -0.005906 0.002737
v 0.054837 -0.00563 0.003016
v 0.055832 -0.005184 0.002648
v 0.053552 -0.005994 0.002210
v 0.054124 -0.005854 0.002869
v 0.055079 -0.005534 0.003009
v 0.056043 -0.005049 0.002488
v 0.053638 -0.005977 0.002410
v 0.054327 -0.005791 0.002973
v 0.055322 -0.005427 0.002966
v 0.056235 -0.004904 0.002297
v 0.053756 -0.005947 0.002594
v 0.054547 -0.005716 0.003047
v 0.055562 -0.005311 0.002887
v 0.056403 -0.004751 0.002079
v 0.053903 -0.005906 0.002760
v 0.054780 -0.00563 0.003087
v 0.055794 -0.005184 0.002773
v 0.053541 -0.005994 0.002213
v 0.054076 -0.005854 0.002902
v 0.055022 -0.005534 0.003093
v 0.056013 -0.005049 0.002625
v 0.053616 -0.005977 0.002417
v 0.054273 -0.005791 0.003017
v 0.055267 -0.005427 0.003063
v 0.056215 -0.004904 0.002445
v 0.053723 -0.005947 0.002607
v 0.054489 -0.005716 0.003102
v 0.055511 -0.005311 0.002997
v 0.056394 -0.004751 0.002236
v 0.053861 -0.005906 0.002780
v 0.054719 -0.00563 0.003155
v 0.055749 -0.005184 0.002896
v 0.053529 -0.005994 0.002215
v 0.054027 -0.005854 0.002932
v 0.054960 -0.005534 0.003174
v 0.055975 -0.005049 0.002760
v 0.053593 -0.005977 0.002422
v 0.054217 -0.005791 0.003057
v 0.055207 -0.005427 0.003157
v 0.056186 -0.004904 0.002591
v 0.053690 -0.005947 0.002619
v 0.054428 -0.005716 0.003154
v 0.055454 -0.005311 0.003105
v 0.056377 -0.004751 0.002392
v 0.053818 -0.005906 0.002799
v 0.054655 -0.00563 0.003219
v 0.055697 -0.005184 0.003016
v 0.056544 -0.00459 0.002165
v 0.053518 -0.005994 0.002216
v 0.053975 -0.005854 0.002959
v 0.054895 -0.005534 0.003251
v 0.055931 -0.005049 0.002893
v 0.053570 -0.005977 0.002427
v 0.054158 -0.005791 0.003094
v 0.055142 -0.005427 0.003248
v 0.056151 -0.004904 0.002736
v 0.053656 -0.005947 0.002628
v 0.054364 -0.005716 0.003202
v 0.055391 -0.005311 0.003209
v 0.056352 -0.004751 0.002547
v 0.053775 -0.005906 0.002815
v 0.054587 -0.00563 0.003280
v 0.055639 -0.005184 0.003134
v 0.056531 -0.00459 0.002330
v 0.053506 -0.005994 0.002216
v 0.053923 -0.005854 0.002983
v 0.054825 -0.005534 0.003325
v 0.055879 -0.005049 0.003023
v 0.056683 -0.004421 0.002086
v 0.053547 -0.005977 0.002430
v 0.054098 -0.005791 0.003128
v 0.055072 -0.005427 0.003335
v 0.056107 -0.004904 0.002878
v 0.053622 -0.005947 0.002636
v 0.054297 -0.005716 0.003247
v 0.055323 -0.005311 0.003310
v 0.056318 -0.004751 0.002701
v 0.053730 -0.005906 0.002829
v 0.054516 -0.00563 0.003337
v 0.055574 -0.005184 0.003248
v 0.056508 -0.00459 0.002493
v 0.053869 -0.005854 0.003004
v 0.054751 -0.005534 0.003395
v 0.055820 -0.005049 0.003151
v 0.056674 -0.004421 0.002258
v 0.053523 -0.005977 0.002432
v 0.054036 -0.005791 0.003159
v 0.054997 -0.005427 0.003418
v 0.056055 -0.004904 0.003018
v 0.053587 -0.005947 0.002641
v 0.054229 -0.005716 0.003289
v 0.055250 -0.005311 0.003406
v 0.056276 -0.004751 0.002852
v 0.053685 -0.005906 0.002840
v 0.054443 -0.00563 0.003390
v 0.055504 -0.005184 0.003358
v 0.056477 -0.00459 0.002655
v 0.053814 -0.005854 0.003023
v 0.054674 -0.005534 0.003460
v 0.055754 -0.005049 0.003274
v 0.056655 -0.004421 0.002430
v 0.053973 -0.005791 0.003186
v 0.054918 -0.005427 0.003497
v 0.055997 -0.004904 0.003155
v 0.056806 -0.004245 0.002179
v 0.053553 -0.005947 0.002645
v 0.054158 -0.005716 0.003326
v 0.055171 -0.005311 0.003499
v 0.056226 -0.004751 0.003001
v 0.053639 -0.005906 0.002849
v 0.054366 -0.00563 0.003439
v 0.055427 -0.005184 0.003465
v 0.056438 -0.00459 0.002816
v 0.053758 -0.005854 0.003038
v 0.054593 -0.005534 0.003522
v 0.055682 -0.005049 0.003395
v 0.056627 -0.004421 0.002600
v 0.053908 -0.005791 0.003210
v 0.054835 -0.005427 0.003572
v 0.055930 -0.004904 0.003288
v 0.056791 -0.004245 0.002358
v 0.053518 -0.005947 0.002647
v 0.054085 -0.005716 0.003360
v 0.055087 -0.005311 0.003587
v 0.056168 -0.004751 0.003148
v 0.056926 -0.004062 0.002093
v 0.053593 -0.005906 0.002855
v 0.054287 -0.00563 0.003484
v 0.055345 -0.005184 0.003567
v 0.056389 -0.00459 0.002973
v 0.053702 -0.005854 0.003051
v 0.054509 -0.005534 0.003579
v 0.055603 -0.005049 0.003511
v 0.056590 -0.004421 0.002769
v 0.053842 -0.005791 0.003231
v 0.054748 -0.005427 0.003642
v 0.055857 -0.004904 0.003418
v 0.056767 -0.004245 0.002536
v 0.054011 -0.005716 0.003390
v 0.054999 -0.005311 0.003671
v 0.056102 -0.004751 0.003290
v 0.056916 -0.004062 0.002278
v 0.053547 -0.005906 0.002859
v 0.054205 -0.00563 0.003524
v 0.055257 -0.005184 0.003665
v 0.056332 -0.00459 0.003128
v 0.053644 -0.005854 0.003060
v 0.054422 -0.005534 0.003631
v 0.055518 -0.005049 0.003622
v 0.056544 -0.004421 0.002935
v 0.053775 -0.005791 0.003247
v 0.054657 -0.005427 0.003707
v 0.055777 -0.004904 0.003544
v 0.056733 -0.004245 0.002712
v 0.053935 -0.005716 0.003415
v 0.054906 -0.005311 0.003750
v 0.056028 -0.004751 0.003429
v 0.056896 -0.004062 0.002463
v 0.054122 -0.00563 0.003560
v 0.055165 -0.005184 0.003757
v 0.056267 -0.00459 0.003280
v 0.057029 -0.003874 0.002191
v 0.053587 -0.005854 0.003067
v 0.054332 -0.005534 0.003679
v 0.055428 -0.005049 0.003729
v 0.056489 -0.004421 0.003098
v 0.053707 -0.005791 0.003260
v 0.054563 -0.005427 0.003767
v 0.055690 -0.004904 0.003665
v 0.056690 -0.004245 0.002886
v 0.053857 -0.005716 0.003437
v 0.054810 -0.005311 0.003823
v 0.055947 -0.004751 0.003564
v 0.056866 -0.004062 0.002646
v 0.054036 -0.00563 0.003592
v 0.055067 -0.005184 0.003845
v 0.056194 -0.00459 0.003428
v 0.057013 -0.003874 0.002382
v 0.053529 -0.005854 0.003070
v 0.054240 -0.005534 0.003721
v 0.055331 -0.005049 0.003831
v 0.056425 -0.004421 0.003258
v 0.057129 -0.00368 0.002098
v 0.053638 -0.005791 0.003270
v 0.054466 -0.005427 0.003822
v 0.055597 -0.004904 0.003781
v 0.056637 -0.004245 0.003057
v 0.053779 -0.005716 0.003454
v 0.054709 -0.005311 0.003891
v 0.055859 -0.004751 0.003694
v 0.056826 -0.004062 0.002827
v 0.053949 -0.00563 0.003618
v 0.054965 -0.005184 0.003927
v 0.056112 -0.00459 0.003572
v 0.056987 -0.003874 0.002572
v 0.054146 -0.005534 0.003759
v 0.055229 -0.005049 0.003928
v 0.056353 -0.004421 0.003415
v 0.057118 -0.00368 0.002295
v 0.053569 -0.005791 0.003275
v 0.054366 -0.005427 0.003872
v 0.055497 -0.004904 0.003892
v 0.056576 -0.004245 0.003225
v 0.053700 -0.005716 0.003467
v 0.054605 -0.005311 0.003954
v 0.055763 -0.004751 0.003819
v 0.056776 -0.004062 0.003006
v 0.053861 -0.00563 0.003640
v 0.054858 -0.005184 0.004004
v 0.056023 -0.00459 0.003711
v 0.056951 -0.003874 0.002760
v 0.054050 -0.005534 0.003791
v 0.055122 -0.005049 0.004018
v 0.056272 -0.004421 0.003567
v 0.057097 -0.00368 0.002490
v 0.054263 -0.005427 0.003916
v 0.055392 -0.004904 0.003997
v 0.056505 -0.004245 0.003390
v 0.057210 -0.003481 0.002201
v 0.053620 -0.005716 0.003476
v 0.054497 -0.005311 0.004011
v 0.055662 -0.004751 0.003939
v 0.056717 -0.004062 0.003182
v 0.053772 -0.00563 0.003657
v 0.054748 -0.005184 0.004074
v 0.055927 -0.00459 0.003845
v 0.056905 -0.003874 0.002945
v 0.053952 -0.005534 0.003818
v 0.055011 -0.005049 0.004103
v 0.056183 -0.004421 0.003715
v 0.057065 -0.00368 0.002684
v 0.054158 -0.005427 0.003954
v 0.055281 -0.004904 0.004097
v 0.056425 -0.004245 0.003551
v 0.057194 -0.003481 0.002402
v 0.053540 -0.005716 0.003480
v 0.054387 -0.005311 0.004062
v 0.055553 -0.004751 0.004053
v 0.056648 -0.004062 0.003354
v 0.057289 -0.003277 0.002103
v 0.053682 -0.00563 0.003670
v 0.054634 -0.005184 0.004139
v 0.055824 -0.00459 0.003974
v 0.056849 -0.003874 0.003128
v 0.053853 -0.005534 0.003840
v 0.054895 -0.005049 0.004182
v 0.056086 -0.004421 0.003858
v 0.057023 -0.00368 0.002876
v 0.054052 -0.005427 0.003987
v 0.055165 -0.004904 0.004190
v 0.056337 -0.004245 0.003707
v 0.057167 -0.003481 0.002601
v 0.054274 -0.005311 0.004107
v 0.055439 -0.004751 0.004162
v 0.056571 -0.004062 0.003523
v 0.057278 -0.003277 0.002308
v 0.053591 -0.00563 0.003677
v 0.054516 -0.005184 0.004197
v 0.055713 -0.00459 0.004097
v 0.056783 -0.003874 0.003308
v 0.053753 -0.005534 0.003856
v 0.054774 -0.005049 0.004254
v 0.055982 -0.004421 0.003995
v 0.056970 -0.00368 0.003066
v 0.053943 -0.005427 0.004014
v 0.055044 -0.004904 0.004277
v 0.056240 -0.004245 0.003858
v 0.057129 -0.003481 0.002799
v 0.054159 -0.005311 0.004146
v 0.055319 -0.004751 0.004263
v 0.056484 -0.004062 0.003687
v 0.057256 -0.003277 0.002512
v 0.054396 -0.005184 0.004249
v 0.055597 -0.00459 0.004213
v 0.056707 -0.003874 0.003484
v 0.057349 -0.00307 0.002209
v 0.053652 -0.005534 0.003867
v 0.054651 -0.005049 0.004320
v 0.055870 -0.004421 0.004126
v 0.056908 -0.00368 0.003252
v 0.053834 -0.005427 0.004035
v 0.054918 -0.004904 0.004357
v 0.056136 -0.004245 0.004004
v 0.057080 -0.003481 0.002994
v 0.054042 -0.005311 0.004178
v 0.055194 -0.004751 0.004359
v 0.056388 -0.004062 0.003846
v 0.057223 -0.003277 0.002714
v 0.054273 -0.005184 0.004294
v 0.055474 -0.00459 0.004324
v 0.056622 -0.003874 0.003655
v 0.057332 -0.00307 0.002417
v 0.053551 -0.005534 0.003873
v 0.054523 -0.005049 0.004379
v 0.055752 -0.004421 0.004252
v 0.056835 -0.00368 0.003435
v 0.057405 -0.00286 0.002106
v 0.053723 -0.005427 0.004050
v 0.054788 -0.004904 0.004430
v 0.056023 -0.004245 0.004143
v 0.057021 -0.003481 0.003186
v 0.053923 -0.005311 0.004205
v 0.055064 -0.004751 0.004447
v 0.056284 -0.004062 0.004000
v 0.057179 -0.003277 0.002915
v 0.054148 -0.005184 0.004332
v 0.055345 -0.00459 0.004427
v 0.056528 -0.003874 0.003822
v 0.057303 -0.00307 0.002624
v 0.054393 -0.005049 0.004431
v 0.055626 -0.004421 0.004370
v 0.056752 -0.00368 0.003613
v 0.057394 -0.00286 0.002317
v 0.053612 -0.005427 0.004059
v 0.054655 -0.004904 0.004497
v 0.055904 -0.004245 0.004277
v 0.056952 -0.003481 0.003375
v 0.053803 -0.005311 0.004224
v 0.054929 -0.004751 0.004528
v 0.056171 -0.004062 0.004147
v 0.057124 -0.003277 0.003113
v 0.054020 -0.005184 0.004364
v 0.055211 -0.00459 0.004523
v 0.056425 -0.003874 0.003983
v 0.057264 -0.00307 0.002829
v 0.054260 -0.005049 0.004475
v 0.055495 -0.004421 0.004482
v 0.056660 -0.00368 0.003787
v 0.057371 -0.00286 0.002527
v 0.054518 -0.004904 0.004555
v 0.055777 -0.004245 0.004404
v 0.056872 -0.003481 0.003560
v 0.057442 -0.002647 0.002214
v 0.053682 -0.005311 0.004237
v 0.054790 -0.004751 0.004602
v 0.056051 -0.004062 0.004289
v 0.057058 -0.003277 0.003307
v 0.053892 -0.005184 0.004389
v 0.055072 -0.00459 0.004612
v 0.056313 -0.003874 0.004139
v 0.057214 -0.00307 0.003031
v 0.054125 -0.005049 0.004513
v 0.055358 -0.004421 0.004586
v 0.056559 -0.00368 0.003955
v 0.057336 -0.00286 0.002736
v 0.054378 -0.004904 0.004607
v 0.055643 -0.004245 0.004523
v 0.056783 -0.003481 0.003741
v 0.057424 -0.002647 0.002427
v 0.053561 -0.005311 0.004244
v 0.054648 -0.004751 0.004668
v 0.055924 -0.004062 0.004424
v 0.056982 -0.003277 0.003498
v 0.057475 -0.002432 0.002108
v 0.053762 -0.005184 0.004407
v 0.054928 -0.00459 0.004694
v 0.056194 -0.003874 0.004288
v 0.057152 -0.00307 0.003231
v 0.053988 -0.005049 0.004543
v 0.055215 -0.004421 0.004683
v 0.056448 -0.00368 0.004118
v 0.057291 -0.00286 0.002943
v 0.054236 -0.004904 0.004651
v 0.055504 -0.004245 0.004636
v 0.056684 -0.003481 0.003916
v 0.057395 -0.002647 0.002639
v 0.054501 -0.004751 0.004726
v 0.055789 -0.004062 0.004551
v 0.056896 -0.003277 0.003684
v 0.057463 -0.002432 0.002323
v 0.053631 -0.005184 0.004417
v 0.054780 -0.00459 0.004767
v 0.056066 -0.003874 0.004430
v 0.057080 -0.00307 0.003427
v 0.053850 -0.005049 0.004566
v 0.055067 -0.004421 0.004772
v 0.056330 -0.00368 0.004274
v 0.057234 -0.00286 0.003147
v 0.054091 -0.004904 0.004686
v 0.055358 -0.004245 0.004740
v 0.056576 -0.003481 0.004085
v 0.057355 -0.002647 0.002849
v 0.054352 -0.004751 0.004776
v 0.055647 -0.004062 0.004671
v 0.056800 -0.003277 0.003866
v 0.057440 -0.002432 0.002537
v 0.054628 -0.00459 0.004832
v 0.055930 -0.003874 0.004566
v 0.056998 -0.00307 0.003618
v 0.057488 -0.002217 0.002216
v 0.053710 -0.005049 0.004581
v 0.054915 -0.004421 0.004853
v 0.056202 -0.00368 0.004424
v 0.057167 -0.00286 0.003347
v 0.053945 -0.004904 0.004715
v 0.055207 -0.004245 0.004837
v 0.056458 -0.003481 0.004249
v 0.057303 -0.002647 0.003056
v 0.054201 -0.004751 0.004818
v 0.055500 -0.004062 0.004784
v 0.056694 -0.003277 0.004042
v 0.057405 -0.002432 0.002749
v 0.054473 -0.00459 0.004889
v 0.055788 -0.003874 0.004694
v 0.056905 -0.00307 0.003805
v 0.057471 -0.002217 0.002432
v 0.053570 -0.005049 0.004589
v 0.054758 -0.004421 0.004925
v 0.056067 -0.00368 0.004567
v 0.057089 -0.00286 0.003544
v 0.053797 -0.004904 0.004735
v 0.055051 -0.004245 0.004925
v 0.056332 -0.003481 0.004406
v 0.057241 -0.002647 0.003260
v 0.054047 -0.004751 0.004852
v 0.055346 -0.004062 0.004888
v 0.056579 -0.003277 0.004211
v 0.057359 -0.002432 0.002960
v 0.054316 -0.00459 0.004938
v 0.055639 -0.003874 0.004813
v 0.056802 -0.00307 0.003987
v 0.057442 -0.002217 0.002646
v 0.054598 -0.004421 0.004989
v 0.055924 -0.00368 0.004702
v 0.057000 -0.00286 0.003736
v 0.053649 -0.004904 0.004747
v 0.054890 -0.004245 0.005005
v 0.056198 -0.003481 0.004555
v 0.057167 -0.002647 0.003461
v 0.053892 -0.004751 0.004877
v 0.055187 -0.004062 0.004984
v 0.056454 -0.003277 0.004375
v 0.057301 -0.002432 0.003167
v 0.054155 -0.00459 0.004977
v 0.055483 -0.003874 0.004925
v 0.056690 -0.00307 0.004163
v 0.057401 -0.002217 0.002859
v 0.054435 -0.004421 0.005044
v 0.055774 -0.00368 0.004830
v 0.056901 -0.00286 0.003923
v 0.054725 -0.004245 0.005076
v 0.056055 -0.003481 0.004698
v 0.057082 -0.002647 0.003657
v 0.053736 -0.004751 0.004894
v 0.055023 -0.004062 0.005071
v 0.056322 -0.003277 0.004531
v 0.057233 -0.002432 0.003371
v 0.053993 -0.00459 0.005008
v 0.055322 -0.003874 0.005028
v 0.056568 -0.00307 0.004332
v 0.057349 -0.002217 0.003069
v 0.054269 -0.004421 0.005090
v 0.055618 -0.00368 0.004948
v 0.056792 -0.00286 0.004104
v 0.054557 -0.004245 0.005137
v 0.055906 -0.003481 0.004832
v 0.056987 -0.002647 0.003849
v 0.053579 -0.004751 0.004903
v 0.054854 -0.004062 0.005148
v 0.056180 -0.003277 0.004680
v 0.057153 -0.002432 0.003571
v 0.053830 -0.00459 0.005031
v 0.055155 -0.003874 0.005122
v 0.056438 -0.00307 0.004495
v 0.057285 -0.002217 0.003275
v 0.054100 -0.004421 0.005127
v 0.055455 -0.00368 0.005059
v 0.056673 -0.00286 0.004279
v 0.054386 -0.004245 0.005190
v 0.055749 -0.003481 0.004958
v 0.056882 -0.002647 0.004035
v 0.054682 -0.004062 0.005217
v 0.056031 -0.003277 0.004822
v 0.057062 -0.002432 0.003767
v 0.053665 -0.00459 0.005044
v 0.054984 -0.003874 0.005207
v 0.056298 -0.00307 0.004651
v 0.057210 -0.002217 0.003478
v 0.053930 -0.004421 0.005155
v 0.055287 -0.00368 0.005160
v 0.056545 -0.00286 0.004447
v 0.054212 -0.004245 0.005233
v 0.055585 -0.003481 0.005076
v 0.056767 -0.002647 0.004215
v 0.054506 -0.004062 0.005276
v 0.055875 -0.003277 0.004954
v 0.056962 -0.002432 0.003957
v 0.054808 -0.003874 0.005283
v 0.056151 -0.00307 0.004798
v 0.057125 -0.002217 0.003677
v 0.053758 -0.004421 0.005174
v 0.055113 -0.00368 0.005252
v 0.056408 -0.00286 0.004609
v 0.054036 -0.004245 0.005267
v 0.055416 -0.003481 0.005184
v 0.056642 -0.002647 0.004389
v 0.054327 -0.004062 0.005326
v 0.055711 -0.003277 0.005079
v 0.056851 -0.002432 0.004142
v 0.054628 -0.003874 0.005349
v 0.055995 -0.00307 0.004938
v 0.057029 -0.002217 0.003871
v 0.053586 -0.004421 0.005183
v 0.054935 -0.00368 0.005335
v 0.056262 -0.00286 0.004762
v 0.053858 -0.004245 0.005291
v 0.055241 -0.003481 0.005283
v 0.056508 -0.002647 0.004555
v 0.054146 -0.004062 0.005366
v 0.055542 -0.003277 0.005194
v 0.056730 -0.002432 0.004320
v 0.054445 -0.003874 0.005405
v 0.055832 -0.00307 0.005068
v 0.056922 -0.002217 0.004059
v 0.054752 -0.00368 0.005408
v 0.056109 -0.00286 0.004908
v 0.053679 -0.004245 0.005306
v 0.055060 -0.003481 0.005372
v 0.056366 -0.002647 0.004715
v 0.053963 -0.004062 0.005396
v 0.055366 -0.003277 0.005300
v 0.056599 -0.002432 0.004491
v 0.054260 -0.003874 0.005451
v 0.055663 -0.00307 0.005190
v 0.056806 -0.002217 0.004241
v 0.054566 -0.00368 0.005470
v 0.055947 -0.00286 0.005045
v 0.054875 -0.003481 0.005452
v 0.056215 -0.002647 0.004866
v 0.053778 -0.004062 0.005416
v 0.055184 -0.003277 0.005396
v 0.056460 -0.002432 0.004655
v 0.054072 -0.003874 0.005487
v 0.055487 -0.00307 0.005302
v 0.056680 -0.002217 0.004417
v 0.054376 -0.00368 0.005523
v 0.055779 -0.00286 0.005173
v 0.054686 -0.003481 0.005521
v 0.056055 -0.002647 0.005008
v 0.053593 -0.004062 0.005426
v 0.054998 -0.003277 0.005482
v 0.056312 -0.002432 0.004812
v 0.053882 -0.003874 0.005513
v 0.055305 -0.00307 0.005405
v 0.056544 -0.002217 0.004586
v 0.054184 -0.00368 0.005565
v 0.055604 -0.00286 0.005292
v 0.054494 -0.003481 0.005580
v 0.055889 -0.002647 0.005142
v 0.054807 -0.003277 0.005558
v 0.056155 -0.002432 0.004960
v 0.053691 -0.003874 0.005529
v 0.055118 -0.00307 0.005498
v 0.056400 -0.002217 0.004747
v 0.053990 -0.00368 0.005597
v 0.055423 -0.00286 0.005401
v 0.054299 -0.003481 0.005629
v 0.055715 -0.002647 0.005267
v 0.054613 -0.003277 0.005624
v 0.055991 -0.002432 0.005099
v 0.054927 -0.00307 0.005580
v 0.056247 -0.002217 0.004900
v 0.053795 -0.00368 0.005618
v 0.055236 -0.00286 0.005500
v 0.054101 -0.003481 0.005667
v 0.055535 -0.002647 0.005382
v 0.054415 -0.003277 0.005679
v 0.055820 -0.002432 0.005230
v 0.054731 -0.00307 0.005652
v 0.056086 -0.002217 0.005044
v 0.053598 -0.00368 0.005629
v 0.055044 -0.00286 0.005589
v 0.053902 -0.003481 0.005694
v 0.055349 -0.002647 0.005487
v 0.054214 -0.003277 0.005723
v 0.055642 -0.002432 0.005351
v 0.054531 -0.00307 0.005714
v 0.055917 -0.002217 0.005180
v 0.054847 -0.00286 0.005667
v 0.053701 -0.003481 0.005710
v 0.055157 -0.002647 0.005582
v 0.054012 -0.003277 0.005756
v 0.055457 -0.002432 0.005462
v 0.054329 -0.00307 0.005764
v 0.055741 -0.002217 0.005306
v 0.054647 -0.00286 0.005734
v 0.054961 -0.002647 0.005667
v 0.053808 -0.003277 0.005778
v 0.055267 -0.002432 0.005562
v 0.054124 -0.00307 0.005803
v 0.055559 -0.002217 0.005422
v 0.054443 -0.00286 0.005791
v 0.054760 -0.002647 0.005741
v 0.053603 -0.003277 0.005789
v 0.055071 -0.002432 0.005653
v 0.053917 -0.00307 0.005832
v 0.055371 -0.002217 0.005529
v 0.054236 -0.00286 0.005836
v 0.054556 -0.002647 0.005803
v 0.054871 -0.002432 0.005733
v 0.053709 -0.00307 0.005849
v 0.055177 -0.002217 0.005625
v 0.054027 -0.00286 0.005871
v 0.054349 -0.002647 0.005855
v 0.054667 -0.002432 0.005801
v 0.054978 -0.002217 0.005710
v 0.053817 -0.00286 0.005894
v 0.054139 -0.002647 0.005895
v 0.054460 -0.002432 0.005859
v 0.054775 -0.002217 0.005785
v 0.053606 -0.00286 0.005905
v 0.053927 -0.002647 0.005924
v 0.054249 -0.002432 0.005905
v 0.054569 -0.002217 0.005849
v 0.053714 -0.002647 0.005942
v 0.054037 -0.002432 0.005940
v 0.054359 -0.002217 0.005901
v 0.053823 -0.002432 0.005963
v 0.054146 -0.002217 0.005942
v 0.053608 -0.002432 0.005975
v 0.053932 -0.002217 0.005971
v 0.053716 -0.002217 0.005988
f 1 3 2
f 3 4 2
f 5 6 35
f 7 5 35
f 8 7 36
f 7 35 36
f 9 8 37
f 8 36 37
f 10 9 38
f 9 37 38
f 11 10 39
f 10 38 39
f 12 11 40
f 11 39 40
f 13 12 41
f 12 40 41
f 14 13 42
f 13 41 42
f 15 14 43
f 14 42 43
f 16 15 44
f 15 43 44
f 16 44 45
f 17 16 45
f 17 45 46
f 18 17 46
f 18 46 47
f 19 18 47
f 20 19 48
f 19 47 48
f 20 48 49
f 21 20 49
f 22 21 50
f 21 49 50
f 23 22 51
f 22 50 51
f 24 23 52
f 23 51 52
f 25 24 53
f 24 52 53
f 26 25 54
f 25 53 54
f 27 26 55
f 26 54 55
f 28 27 56
f 27 55 56
f 29 28 57
f 28 56 57
f 30 29 58
f 29 57 58
f 31 30 59
f 30 58 59
f 32 31 60
f 31 59 60
f 33 32 34
f 32 60 34
f 88 87 115
f 116 88 115
f 87 86 114
f 115 87 114
f 86 85 113
f 114 86 113
f 85 84 112
f 113 85 112
f 84 83 111
f 112 84 111
f 83 82 110
f 111 83 110
f 82 81 109
f 110 82 109
f 81 80 108
f 109 81 108
f 80 79 107
f 108 80 107
f 79 78 106
f 107 79 106
f 78 77 105
f 106 78 105
f 105 77 104
f 77 76 104
f 104 76 103
f 76 75 103
f 75 74 102
f 103 75 102
f 102 74 101
f 74 73 101
f 73 72 100
f 101 73 100
f 72 71 99
f 100 72 99
f 71 70 98
f 99 71 98
f 70 69 97
f 98 70 97
f 69 68 96
f 97 69 96
f 68 67 95
f 96 68 95
f 67 66 94
f 95 67 94
f 66 65 93
f 94 66 93
f 65 64 92
f 93 65 92
f 64 63 91
f 92 64 91
f 63 62 90
f 91 63 90
f 62 61 89
f 90 62 89
f 143 144 147
f 144 146 147
f 142 143 148
f 143 147 148
f 141 142 149
f 142 148 149
f 140 141 150
f 141 149 150
f 139 140 151
f 140 150 151
f 138 139 152
f 139 151 152
f 137 138 153
f 138 152 153
f 136 137 154
f 137 153 154
f 135 136 155
f 136 154 155
f 134 135 156
f 135 155 156
f 133 134 157
f 134 156 157
f 133 157 158
f 132 133 158
f 132 158 159
f 131 132 159
f 130 131 160
f 131 159 160
f 130 160 161
f 129 130 161
f 128 129 162
f 129 161 162
f 127 128 163
f 128 162 163
f 126 127 164
f 127 163 164
f 125 126 165
f 126 164 165
f 124 125 166
f 125 165 166
f 123 124 167
f 124 166 167
f 122 123 168
f 123 167 168
f 121 122 169
f 122 168 169
f 120 121 170
f 121 169 170
f 119 120 171
f 120 170 171
f 118 119 172
f 119 171 172
f 117 118 145
f 118 172 145
f 174 173 228
f 173 175 228
f 175 176 227
f 228 175 227
f 176 177 226
f 227 176 226
f 177 178 225
f 226 177 225
f 178 179 224
f 225 178 224
f 179 180 223
f 224 179 223
f 180 181 222
f 223 180 222
f 181 182 221
f 222 181 221
f 182 183 220
f 221 182 220
f 183 184 219
f 220 183 219
f 219 184 218
f 184 185 218
f 218 185 217
f 185 186 217
f 217 186 216
f 186 187 216
f 187 188 215
f 216 187 215
f 215 188 214
f 188 189 214
f 189 190 213
f 214 189 213
f 190 191 212
f 213 190 212
f 191 192 211
f 212 191 211
f 192 193 210
f 211 192 210
f 193 194 209
f 210 193 209
f 194 195 208
f 209 194 208
f 195 196 207
f 208 195 207
f 196 197 206
f 207 196 206
f 197 198 205
f 206 197 205
f 198 199 204
f 205 198 204
f 199 200 203
f 204 199 203
f 200 201 202
f 203 200 202
f 229 230 311
f 229 311 312
f 229 312 313
f 230 231 314
f 312 311 314
f 311 230 314
f 229 313 315
f 313 312 316
f 312 314 316
f 231 232 317
f 314 231 317
f 229 315 318
f 315 313 319
f 313 316 319
f 316 314 320
f 314 317 320
f 229 318 321
f 318 315 322
f 315 319 322
f 316 320 323
f 319 316 323
f 232 233 324
f 317 232 324
f 320 317 324
f 229 321 325
f 318 322 326
f 321 318 326
f 319 323 327
f 322 319 327
f 323 320 328
f 320 324 328
f 229 325 329
f 233 234 330
f 324 233 330
f 325 321 331
f 321 326 331
f 322 327 332
f 326 322 332
f 323 328 333
f 327 323 333
f 229 329 334
f 328 324 335
f 324 330 335
f 329 325 336
f 325 331 336
f 331 326 337
f 326 332 337
f 332 327 338
f 327 333 338
f 229 334 339
f 333 328 340
f 328 335 340
f 329 336 341
f 334 329 341
f 234 235 342
f 335 330 342
f 330 234 342
f 331 337 343
f 336 331 343
f 332 338 344
f 337 332 344
f 229 339 345
f 333 340 346
f 338 333 346
f 339 334 347
f 334 341 347
f 340 335 348
f 335 342 348
f 341 336 349
f 336 343 349
f 235 236 350
f 342 235 350
f 337 344 351
f 343 337 351
f 229 345 352
f 338 346 353
f 344 338 353
f 345 339 354
f 339 347 354
f 346 340 355
f 340 348 355
f 347 341 356
f 341 349 356
f 348 342 357
f 342 350 357
f 349 343 358
f 343 351 358
f 229 352 359
f 351 344 360
f 344 353 360
f 345 354 361
f 352 345 361
f 346 355 362
f 353 346 362
f 354 347 363
f 347 356 363
f 355 348 364
f 348 357 364
f 349 358 365
f 356 349 365
f 236 237 366
f 357 350 366
f 350 236 366
f 229 359 367
f 351 360 368
f 358 351 368
f 359 352 369
f 352 361 369
f 353 362 370
f 360 353 370
f 361 354 371
f 354 363 371
f 362 355 372
f 355 364 372
f 363 356 373
f 356 365 373
f 364 357 374
f 357 366 374
f 257 229 375
f 229 367 375
f 358 368 376
f 365 358 376
f 237 238 377
f 366 237 377
f 367 359 378
f 359 369 378
f 360 370 379
f 368 360 379
f 361 371 380
f 369 361 380
f 370 362 381
f 362 372 381
f 363 373 382
f 371 363 382
f 364 374 383
f 372 364 383
f 257 375 384
f 373 365 385
f 365 376 385
f 374 366 386
f 366 377 386
f 367 378 387
f 375 367 387
f 376 368 388
f 368 379 388
f 378 369 389
f 369 380 389
f 379 370 390
f 370 381 390
f 380 371 391
f 371 382 391
f 381 372 392
f 372 383 392
f 257 384 393
f 373 385 394
f 382 373 394
f 383 374 395
f 374 386 395
f 384 375 396
f 375 387 396
f 385 376 397
f 376 388 397
f 238 239 398
f 377 238 398
f 386 377 398
f 378 389 399
f 387 378 399
f 388 379 400
f 379 390 400
f 389 380 401
f 380 391 401
f 381 392 402
f 390 381 402
f 257 393 403
f 391 382 404
f 382 394 404
f 392 383 405
f 383 395 405
f 393 384 406
f 384 396 406
f 385 397 407
f 394 385 407
f 395 386 408
f 386 398 408
f 387 399 409
f 396 387 409
f 397 388 410
f 388 400 410
f 239 240 411
f 398 239 411
f 399 389 412
f 389 401 412
f 400 390 413
f 390 402 413
f 257 403 414
f 391 404 415
f 401 391 415
f 402 392 416
f 392 405 416
f 393 406 417
f 403 393 417
f 394 407 418
f 404 394 418
f 395 408 419
f 405 395 419
f 406 396 420
f 396 409 420
f 407 397 421
f 397 410 421
f 408 398 422
f 398 411 422
f 399 412 423
f 409 399 423
f 400 413 424
f 410 400 424
f 257 414 425
f 412 401 426
f 401 415 426
f 402 416 427
f 413 402 427
f 414 403 428
f 403 417 428
f 415 404 429
f 404 418 429
f 416 405 430
f 405 419 430
f 417 406 431
f 406 420 431
f 407 421 432
f 418 407 432
f 419 408 433
f 408 422 433
f 420 409 434
f 409 423 434
f 421 410 435
f 410 424 435
f 240 241 436
f 411 240 436
f 422 411 436
f 257 425 437
f 423 412 438
f 412 426 438
f 424 413 439
f 413 427 439
f 414 428 440
f 425 414 440
f 415 429 441
f 426 415 441
f 427 416 442
f 416 430 442
f 417 431 443
f 428 417 443
f 418 432 444
f 429 418 444
f 430 419 445
f 419 433 445
f 431 420 446
f 420 434 446
f 432 421 447
f 421 435 447
f 433 422 448
f 422 436 448
f 257 437 449
f 423 438 450
f 434 423 450
f 435 424 451
f 424 439 451
f 241 242 452
f 436 241 452
f 425 440 453
f 437 425 453
f 438 426 454
f 426 441 454
f 439 427 455
f 427 442 455
f 440 428 456
f 428 443 456
f 441 429 457
f 429 444 457
f 442 430 458
f 430 445 458
f 443 431 459
f 431 446 459
f 444 432 460
f 432 447 460
f 445 433 461
f 433 448 461
f 257 449 462
f 446 434 463
f 434 450 463
f 447 435 464
f 435 451 464
f 448 436 465
f 436 452 465
f 449 437 466
f 437 453 466
f 438 454 467
f 450 438 467
f 451 439 468
f 439 455 468
f 453 440 469
f 440 456 469
f 454 441 470
f 441 457 470
f 442 458 471
f 455 442 471
f 443 459 472
f 456 443 472
f 444 460 473
f 457 444 473
f 445 461 474
f 458 445 474
f 257 462 475
f 459 446 476
f 446 463 476
f 447 464 477
f 460 447 477
f 461 448 478
f 448 465 478
f 462 449 479
f 449 466 479
f 463 450 480
f 450 467 480
f 451 468 481
f 464 451 481
f 465 452 482
f 452 242 482
f 466 453 483
f 453 469 483
f 467 454 484
f 454 470 484
f 468 455 485
f 455 471 485
f 456 472 486
f 469 456 486
f 470 457 487
f 457 473 487
f 458 474 488
f 471 458 488
f 257 475 489
f 472 459 490
f 459 476 490
f 473 460 491
f 460 477 491
f 461 478 492
f 474 461 492
f 475 462 493
f 462 479 493
f 463 480 494
f 476 463 494
f 477 464 495
f 464 481 495
f 478 465 496
f 465 482 496
f 466 483 497
f 479 466 497
f 467 484 498
f 480 467 498
f 468 485 499
f 481 468 499
f 242 243 500
f 482 242 500
f 483 469 501
f 469 486 501
f 470 487 502
f 484 470 502
f 485 471 503
f 471 488 503
f 257 489 504
f 486 472 505
f 472 490 505
f 487 473 506
f 473 491 506
f 488 474 507
f 474 492 507
f 489 475 508
f 475 493 508
f 476 494 509
f 490 476 509
f 477 495 510
f 491 477 510
f 478 496 511
f 492 478 511
f 493 479 512
f 479 497 512
f 494 480 513
f 480 498 513
f 481 499 514
f 495 481 514
f 496 482 515
f 482 500 515
f 483 501 516
f 497 483 516
f 484 502 517
f 498 484 517
f 499 485 518
f 485 503 518
f 257 504 519
f 501 486 520
f 486 505 520
f 487 506 521
f 502 487 521
f 503 488 522
f 488 507 522
f 489 508 523
f 504 489 523
f 505 490 524
f 490 509 524
f 506 491 525
f 491 510 525
f 492 511 526
f 507 492 526
f 493 512 527
f 508 493 527
f 494 513 528
f 509 494 528
f 495 514 529
f 510 495 529
f 496 515 530
f 511 496 530
f 497 516 531
f 512 497 531
f 498 517 532
f 513 498 532
f 514 499 533
f 499 518 533
f 243 244 534
f 500 243 534
f 515 500 534
f 257 519 535
f 516 501 536
f 501 520 536
f 502 521 537
f 517 502 537
f 518 503 538
f 503 522 538
f 519 504 539
f 504 523 539
f 505 524 540
f 520 505 540
f 521 506 541
f 506 525 541
f 507 526 542
f 522 507 542
f 508 527 543
f 523 508 543
f 509 528 544
f 524 509 544
f 510 529 545
f 525 510 545
f 511 530 546
f 526 511 546
f 512 531 547
f 527 512 547
f 513 532 548
f 528 513 548
f 514 533 549
f 529 514 549
f 515 534 550
f 530 515 550
f 258 257 551
f 257 535 551
f 516 536 552
f 531 516 552
f 517 537 553
f 532 517 553
f 533 518 554
f 518 538 554
f 244 245 555
f 534 244 555
f 535 519 556
f 519 539 556
f 536 520 557
f 520 540 557
f 521 541 558
f 537 521 558
f 538 522 559
f 522 542 559
f 523 543 560
f 539 523 560
f 524 544 561
f 540 524 561
f 525 545 562
f 541 525 562
f 526 546 563
f 542 526 563
f 543 527 564
f 527 547 564
f 544 528 565
f 528 548 565
f 545 529 566
f 529 549 566
f 546 530 567
f 530 550 567
f 547 531 568
f 531 552 568
f 548 532 569
f 532 553 569
f 549 533 570
f 533 554 570
f 550 534 571
f 534 555 571
f 259 258 572
f 551 535 572
f 258 551 572
f 535 556 572
f 552 536 573
f 536 557 573
f 553 537 574
f 537 558 574
f 538 559 575
f 554 538 575
f 539 560 576
f 556 539 576
f 540 561 577
f 557 540 577
f 558 541 578
f 541 562 578
f 542 563 579
f 559 542 579
f 543 564 580
f 560 543 580
f 544 565 581
f 561 544 581
f 562 545 582
f 545 566 582
f 546 567 583
f 563 546 583
f 564 547 584
f 547 568 584
f 565 548 585
f 548 569 585
f 566 549 586
f 549 570 586
f 567 550 587
f 550 571 587
f 568 552 588
f 552 573 588
f 569 553 589
f 553 574 589
f 570 554 590
f 554 575 590
f 555 245 591
f 245 246 591
f 571 555 591
f 572 556 592
f 556 576 592
f 573 557 593
f 557 577 593
f 574 558 594
f 558 578 594
f 559 579 595
f 575 559 595
f 576 560 596
f 560 580 596
f 561 581 597
f 577 561 597
f 562 582 598
f 578 562 598
f 563 583 599
f 579 563 599
f 580 564 600
f 564 584 600
f 565 585 601
f 581 565 601
f 582 566 602
f 566 586 602
f 583 567 603
f 567 587 603
f 568 588 604
f 584 568 604
f 569 589 605
f 585 569 605
f 570 590 606
f 586 570 606
f 587 571 607
f 571 591 607
f 260 259 608
f 259 572 608
f 572 592 608
f 588 573 609
f 573 593 609
f 589 574 610
f 574 594 610
f 575 595 611
f 590 575 611
f 591 246 612
f 246 247 612
f 576 596 613
f 592 576 613
f 577 597 614
f 593 577 614
f 594 578 615
f 578 598 615
f 579 599 616
f 595 579 616
f 596 580 617
f 580 600 617
f 581 601 618
f 597 581 618
f 582 602 619
f 598 582 619
f 583 603 620
f 599 583 620
f 600 584 621
f 584 604 621
f 601 585 622
f 585 605 622
f 586 606 623
f 602 586 623
f 587 607 624
f 603 587 624
f 588 609 625
f 604 588 625
f 589 610 626
f 605 589 626
f 590 611 627
f 606 590 627
f 607 591 628
f 591 612 628
f 592 613 629
f 261 260 629
f 608 592 629
f 260 608 629
f 609 593 630
f 593 614 630
f 594 615 631
f 610 594 631
f 611 595 632
f 595 616 632
f 613 596 633
f 596 617 633
f 597 618 634
f 614 597 634
f 598 619 635
f 615 598 635
f 616 599 636
f 599 620 636
f 617 600 637
f 600 621 637
f 601 622 638
f 618 601 638
f 619 602 639
f 602 623 639
f 620 603 640
f 603 624 640
f 621 604 641
f 604 625 641
f 622 605 642
f 605 626 642
f 606 627 643
f 623 606 643
f 624 607 644
f 607 628 644
f 609 630 645
f 625 609 645
f 610 631 646
f 626 610 646
f 627 611 647
f 611 632 647
f 628 612 648
f 247 248 648
f 612 247 648
f 613 633 649
f 629 613 649
f 630 614 650
f 614 634 650
f 615 635 651
f 631 615 651
f 616 636 652
f 632 616 652
f 633 617 653
f 617 637 653
f 618 638 654
f 634 618 654
f 635 619 655
f 619 639 655
f 620 640 656
f 636 620 656
f 637 621 657
f 621 641 657
f 638 622 658
f 622 642 658
f 623 643 659
f 639 623 659
f 624 644 660
f 640 624 660
f 625 645 661
f 641 625 661
f 642 626 662
f 626 646 662
f 643 627 663
f 627 647 663
f 644 628 664
f 628 648 664
f 261 629 665
f 629 649 665
f 262 261 665
f 645 630 666
f 630 650 666
f 646 631 667
f 631 651 667
f 647 632 668
f 632 652 668
f 248 249 669
f 648 248 669
f 649 633 670
f 633 653 670
f 650 634 671
f 634 654 671
f 635 655 672
f 651 635 672
f 636 656 673
f 652 636 673
f 637 657 674
f 653 637 674
f 654 638 675
f 638 658 675
f 655 639 676
f 639 659 676
f 656 640 677
f 640 660 677
f 641 661 678
f 657 641 678
f 642 662 679
f 658 642 679
f 643 663 680
f 659 643 680
f 660 644 681
f 644 664 681
f 645 666 682
f 661 645 682
f 662 646 683
f 646 667 683
f 663 647 684
f 647 668 684
f 664 648 685
f 648 669 685
f 665 649 686
f 262 665 686
f 649 670 686
f 263 262 686
f 666 650 687
f 650 671 687
f 667 651 688
f 651 672 688
f 668 652 689
f 652 673 689
f 670 653 690
f 653 674 690
f 671 654 691
f 654 675 691
f 655 676 692
f 672 655 692
f 673 656 693
f 656 677 693
f 657 678 694
f 674 657 694
f 658 679 695
f 675 658 695
f 676 659 696
f 659 680 696
f 660 681 697
f 677 660 697
f 678 661 698
f 661 682 698
f 679 662 699
f 662 683 699
f 663 684 700
f 680 663 700
f 664 685 701
f 681 664 701
f 682 666 702
f 666 687 702
f 667 688 703
f 683 667 703
f 684 668 704
f 668 689 704
f 249 250 705
f 669 249 705
f 685 669 705
f 670 690 706
f 686 670 706
f 671 691 707
f 687 671 707
f 672 692 708
f 688 672 708
f 689 673 709
f 673 693 709
f 690 674 710
f 674 694 710
f 691 675 711
f 675 695 711
f 676 696 712
f 692 676 712
f 677 697 713
f 693 677 713
f 694 678 714
f 678 698 714
f 679 699 715
f 695 679 715
f 696 680 716
f 680 700 716
f 681 701 717
f 697 681 717
f 698 682 718
f 682 702 718
f 699 683 719
f 683 703 719
f 700 684 720
f 684 704 720
f 685 705 721
f 701 685 721
f 264 263 722
f 686 706 722
f 263 686 722
f 702 687 723
f 687 707 723
f 703 688 724
f 688 708 724
f 689 709 725
f 704 689 725
f 250 251 726
f 705 250 726
f 690 710 727
f 706 690 727
f 707 691 728
f 691 711 728
f 708 692 729
f 692 712 729
f 693 713 730
f 709 693 730
f 694 714 731
f 710 694 731
f 711 695 732
f 695 715 732
f 712 696 733
f 696 716 733
f 713 697 734
f 697 717 734
f 714 698 735
f 698 718 735
f 715 699 736
f 699 719 736
f 716 700 737
f 700 720 737
f 701 721 738
f 717 701 738
f 702 723 739
f 718 702 739
f 703 724 740
f 719 703 740
f 720 704 741
f 704 725 741
f 721 705 742
f 705 726 742
f 265 264 743
f 264 722 743
f 722 706 743
f 706 727 743
f 707 728 744
f 723 707 744
f 724 708 745
f 708 729 745
f 709 730 746
f 725 709 746
f 710 731 747
f 727 710 747
f 728 711 748
f 711 732 748
f 729 712 749
f 712 733 749
f 713 734 750
f 730 713 750
f 731 714 751
f 714 735 751
f 732 715 752
f 715 736 752
f 716 737 753
f 733 716 753
f 734 717 754
f 717 738 754
f 718 739 755
f 735 718 755
f 719 740 756
f 736 719 756
f 737 720 757
f 720 741 757
f 738 721 758
f 721 742 758
f 723 744 759
f 739 723 759
f 740 724 760
f 724 745 760
f 741 725 761
f 725 746 761
f 251 252 762
f 742 726 762
f 726 251 762
f 743 727 763
f 727 747 763
f 744 728 764
f 728 748 764
f 745 729 765
f 729 749 765
f 746 730 766
f 730 750 766
f 731 751 767
f 747 731 767
f 748 732 768
f 732 752 768
f 733 753 769
f 749 733 769
f 750 734 770
f 734 754 770
f 735 755 771
f 751 735 771
f 736 756 772
f 752 736 772
f 753 737 773
f 737 757 773
f 754 738 774
f 738 758 774
f 755 739 775
f 739 759 775
f 756 740 776
f 740 760 776
f 757 741 777
f 741 761 777
f 742 762 778
f 758 742 778
f 743 763 779
f 266 265 779
f 265 743 779
f 744 764 780
f 759 744 780
f 745 765 781
f 760 745 781
f 746 766 782
f 761 746 782
f 762 252 783
f 252 253 783
f 763 747 784
f 747 767 784
f 764 748 785
f 748 768 785
f 749 769 786
f 765 749 786
f 750 770 787
f 766 750 787
f 751 771 788
f 767 751 788
f 752 772 789
f 768 752 789
f 769 753 790
f 753 773 790
f 770 754 791
f 754 774 791
f 771 755 792
f 755 775 792
f 772 756 793
f 756 776 793
f 757 777 794
f 773 757 794
f 774 758 795
f 758 778 795
f 759 780 796
f 775 759 796
f 776 760 797
f 760 781 797
f 761 782 798
f 777 761 798
f 778 762 799
f 762 783 799
f 763 784 800
f 267 266 800
f 266 779 800
f 779 763 800
f 780 764 801
f 764 785 801
f 781 765 802
f 765 786 802
f 766 787 803
f 782 766 803
f 784 767 804
f 767 788 804
f 785 768 805
f 768 789 805
f 769 790 806
f 786 769 806
f 770 791 807
f 787 770 807
f 788 771 808
f 771 792 808
f 789 772 809
f 772 793 809
f 790 773 810
f 773 794 810
f 791 774 811
f 774 795 811
f 775 796 812
f 792 775 812
f 793 776 813
f 776 797 813
f 794 777 814
f 777 798 814
f 778 799 815
f 795 778 815
f 796 780 816
f 780 801 816
f 781 802 817
f 797 781 817
f 782 803 818
f 798 782 818
f 253 254 819
f 799 783 819
f 783 253 819
f 784 804 820
f 800 784 820
f 801 785 821
f 785 805 821
f 802 786 822
f 786 806 822
f 803 787 823
f 787 807 823
f 804 788 824
f 788 808 824
f 805 789 825
f 789 809 825
f 806 790 826
f 790 810 826
f 791 811 827
f 807 791 827
f 808 792 828
f 792 812 828
f 809 793 829
f 793 813 829
f 810 794 830
f 794 814 830
f 795 815 831
f 811 795 831
f 812 796 832
f 796 816 832
f 797 817 833
f 813 797 833
f 798 818 834
f 814 798 834
f 815 799 835
f 799 819 835
f 267 800 836
f 268 267 836
f 800 820 836
f 801 821 837
f 816 801 837
f 817 802 838
f 802 822 838
f 803 823 839
f 818 803 839
f 254 255 840
f 819 254 840
f 804 824 841
f 820 804 841
f 805 825 842
f 821 805 842
f 822 806 843
f 806 826 843
f 823 807 844
f 807 827 844
f 824 808 845
f 808 828 845
f 825 809 846
f 809 829 846
f 826 810 847
f 810 830 847
f 827 811 848
f 811 831 848
f 812 832 849
f 828 812 849
f 829 813 850
f 813 833 850
f 830 814 851
f 814 834 851
f 815 835 852
f 831 815 852
f 832 816 853
f 816 837 853
f 817 838 854
f 833 817 854
f 818 839 855
f 834 818 855
f 819 840 856
f 835 819 856
f 268 836 857
f 836 820 857
f 820 841 857
f 269 268 857
f 837 821 858
f 821 842 858
f 822 843 859
f 838 822 859
f 839 823 860
f 823 844 860
f 824 845 861
f 841 824 861
f 842 825 862
f 825 846 862
f 843 826 863
f 826 847 863
f 844 827 864
f 827 848 864
f 845 828 865
f 828 849 865
f 829 850 866
f 846 829 866
f 830 851 867
f 847 830 867
f 848 831 868
f 831 852 868
f 849 832 869
f 832 853 869
f 850 833 870
f 833 854 870
f 834 855 871
f 851 834 871
f 852 835 872
f 835 856 872
f 853 837 873
f 837 858 873
f 838 859 874
f 854 838 874
f 855 839 875
f 839 860 875
f 255 256 876
f 256 285 876
f 856 840 876
f 840 255 876
f 857 841 877
f 841 861 877
f 858 842 878
f 842 862 878
f 843 863 879
f 859 843 879
f 844 864 880
f 860 844 880
f 861 845 881
f 845 865 881
f 846 866 882
f 862 846 882
f 847 867 883
f 863 847 883
f 864 848 884
f 848 868 884
f 865 849 885
f 849 869 885
f 850 870 886
f 866 850 886
f 867 851 887
f 851 871 887
f 868 852 888
f 852 872 888
f 869 853 889
f 853 873 889
f 870 854 890
f 854 874 890
f 855 875 891
f 871 855 891
f 856 876 892
f 285 286 892
f 876 285 892
f 872 856 892
f 270 269 893
f 857 877 893
f 269 857 893
f 873 858 894
f 858 878 894
f 874 859 895
f 859 879 895
f 875 860 896
f 860 880 896
f 877 861 897
f 861 881 897
f 878 862 898
f 862 882 898
f 879 863 899
f 863 883 899
f 880 864 900
f 864 884 900
f 865 885 901
f 881 865 901
f 866 886 902
f 882 866 902
f 867 887 903
f 883 867 903
f 884 868 904
f 868 888 904
f 869 889 905
f 885 869 905
f 870 890 906
f 886 870 906
f 871 891 907
f 887 871 907
f 286 287 908
f 888 872 908
f 892 286 908
f 872 892 908
f 873 894 909
f 889 873 909
f 874 895 910
f 890 874 910
f 891 875 911
f 875 896 911
f 877 897 912
f 270 893 912
f 893 877 912
f 878 898 913
f 894 878 913
f 895 879 914
f 879 899 914
f 880 900 915
f 896 880 915
f 897 881 916
f 881 901 916
f 882 902 917
f 898 882 917
f 899 883 918
f 883 903 918
f 884 904 919
f 900 884 919
f 901 885 920
f 885 905 920
f 902 886 921
f 886 906 921
f 887 907 922
f 903 887 922
f 904 888 923
f 908 287 923
f 287 288 923
f 888 908 923
f 905 889 924
f 889 909 924
f 890 910 925
f 906 890 925
f 907 891 926
f 891 911 926
f 894 913 927
f 909 894 927
f 895 914 928
f 910 895 928
f 911 896 929
f 896 915 929
f 912 897 930
f 897 916 930
f 913 898 931
f 898 917 931
f 914 899 932
f 899 918 932
f 900 919 933
f 915 900 933
f 901 920 934
f 916 901 934
f 917 902 935
f 902 921 935
f 918 903 936
f 903 922 936
f 919 904 937
f 288 289 937
f 904 923 937
f 923 288 937
f 905 924 938
f 920 905 938
f 921 906 939
f 906 925 939
f 922 907 940
f 907 926 940
f 924 909 941
f 909 927 941
f 925 910 942
f 910 928 942
f 926 911 943
f 911 929 943
f 271 270 944
f 270 912 944
f 912 930 944
f 913 931 945
f 927 913 945
f 928 914 946
f 914 932 946
f 929 915 947
f 915 933 947
f 930 916 948
f 916 934 948
f 931 917 949
f 917 935 949
f 932 918 950
f 918 936 950
f 933 919 951
f 937 289 951
f 289 290 951
f 919 937 951
f 920 938 952
f 934 920 952
f 921 939 953
f 935 921 953
f 936 922 954
f 922 940 954
f 924 941 955
f 938 924 955
f 939 925 956
f 925 942 956
f 926 943 957
f 940 926 957
f 941 927 958
f 927 945 958
f 928 946 959
f 942 928 959
f 929 947 960
f 943 929 960
f 271 944 961
f 272 271 961
f 944 930 961
f 930 948 961
f 931 949 962
f 945 931 962
f 946 932 963
f 932 950 963
f 947 933 964
f 290 291 964
f 951 290 964
f 933 951 964
f 948 934 965
f 934 952 965
f 935 953 966
f 949 935 966
f 936 954 967
f 950 936 967
f 938 955 968
f 952 938 968
f 939 956 969
f 953 939 969
f 954 940 970
f 940 957 970
f 941 958 971
f 955 941 971
f 942 959 972
f 956 942 972
f 957 943 973
f 943 960 973
f 958 945 974
f 945 962 974
f 959 946 975
f 946 963 975
f 960 947 976
f 947 964 976
f 964 291 976
f 291 292 976
f 961 948 977
f 948 965 977
f 949 966 978
f 962 949 978
f 950 967 979
f 963 950 979
f 965 952 980
f 952 968 980
f 953 969 981
f 966 953 981
f 967 954 982
f 954 970 982
f 968 955 983
f 955 971 983
f 969 956 984
f 956 972 984
f 970 957 985
f 957 973 985
f 971 958 986
f 958 974 986
f 959 975 987
f 972 959 987
f 960 976 988
f 973 960 988
f 976 292 988
f 292 293 988
f 961 977 989
f 273 272 989
f 272 961 989
f 974 962 990
f 962 978 990
f 975 963 991
f 963 979 991
f 977 965 992
f 965 980 992
f 966 981 993
f 978 966 993
f 967 982 994
f 979 967 994
f 968 983 995
f 980 968 995
f 981 969 996
f 969 984 996
f 970 985 997
f 982 970 997
f 971 986 998
f 983 971 998
f 972 987 999
f 984 972 999
f 973 988 1000
f 293 294 1000
f 988 293 1000
f 985 973 1000
f 986 974 1001
f 974 990 1001
f 987 975 1002
f 975 991 1002
f 977 992 1003
f 274 273 1003
f 989 977 1003
f 273 989 1003
f 990 978 1004
f 978 993 1004
f 979 994 1005
f 991 979 1005
f 992 980 1006
f 980 995 1006
f 981 996 1007
f 993 981 1007
f 994 982 1008
f 982 997 1008
f 983 998 1009
f 995 983 1009
f 996 984 1010
f 984 999 1010
f 1000 294 1011
f 997 985 1011
f 294 295 1011
f 985 1000 1011
f 986 1001 1012
f 998 986 1012
f 987 1002 1013
f 999 987 1013
f 990 1004 1014
f 1001 990 1014
f 991 1005 1015
f 1002 991 1015
f 1003 992 1016
f 992 1006 1016
f 1004 993 1017
f 993 1007 1017
f 994 1008 1018
f 1005 994 1018
f 995 1009 1019
f 1006 995 1019
f 1007 996 1020
f 996 1010 1020
f 997 1011 1021
f 1008 997 1021
f 1011 295 1021
f 295 296 1021
f 1009 998 1022
f 998 1012 1022
f 1010 999 1023
f 999 1013 1023
f 1012 1001 1024
f 1001 1014 1024
f 1013 1002 1025
f 1002 1015 1025
f 274 1003 1026
f 275 274 1026
f 1003 1016 1026
f 1004 1017 1027
f 1014 1004 1027
f 1005 1018 1028
f 1015 1005 1028
f 1016 1006 1029
f 1006 1019 1029
f 1007 1020 1030
f 1017 1007 1030
f 296 297 1031
f 1008 1021 1031
f 1021 296 1031
f 1018 1008 1031
f 1009 1022 1032
f 1019 1009 1032
f 1020 1010 1033
f 1010 1023 1033
f 1022 1012 1034
f 1012 1024 1034
f 1023 1013 1035
f 1013 1025 1035
f 1024 1014 1036
f 1014 1027 1036
f 1015 1028 1037
f 1025 1015 1037
f 276 275 1038
f 275 1026 1038
f 1026 1016 1038
f 1016 1029 1038
f 1027 1017 1039
f 1017 1030 1039
f 1018 1031 1040
f 1031 297 1040
f 1028 1018 1040
f 1029 1019 1041
f 1019 1032 1041
f 1030 1020 1042
f 1020 1033 1042
f 1032 1022 1043
f 1022 1034 1043
f 1033 1023 1044
f 1023 1035 1044
f 1034 1024 1045
f 1024 1036 1045
f 1025 1037 1046
f 1035 1025 1046
f 1036 1027 1047
f 1027 1039 1047
f 1037 1028 1048
f 1040 297 1048
f 297 298 1048
f 1028 1040 1048
f 1029 1041 1049
f 1038 1029 1049
f 1030 1042 1050
f 1039 1030 1050
f 1041 1032 1051
f 1032 1043 1051
f 1033 1044 1052
f 1042 1033 1052
f 1034 1045 1053
f 1043 1034 1053
f 1044 1035 1054
f 1035 1046 1054
f 1036 1047 1055
f 1045 1036 1055
f 1037 1048 1056
f 1048 298 1056
f 298 299 1056
f 1046 1037 1056
f 276 1038 1057
f 1038 1049 1057
f 277 276 1057
f 1039 1050 1058
f 1047 1039 1058
f 1049 1041 1059
f 1041 1051 1059
f 1050 1042 1060
f 1042 1052 1060
f 1051 1043 1061
f 1043 1053 1061
f 1052 1044 1062
f 1044 1054 1062
f 1045 1055 1063
f 1053 1045 1063
f 299 300 1064
f 1056 299 1064
f 1046 1056 1064
f 1054 1046 1064
f 1055 1047 1065
f 1047 1058 1065
f 278 277 1066
f 1049 1059 1066
f 1057 1049 1066
f 277 1057 1066
f 1058 1050 1067
f 1050 1060 1067
f 1051 1061 1068
f 1059 1051 1068
f 1052 1062 1069
f 1060 1052 1069
f 1061 1053 1070
f 1053 1063 1070
f 1064 300 1071
f 1062 1054 1071
f 1054 1064 1071
f 300 301 1071
f 1063 1055 1072
f 1055 1065 1072
f 1065 1058 1073
f 1058 1067 1073
f 1066 1059 1074
f 1059 1068 1074
f 1067 1060 1075
f 1060 1069 1075
f 1068 1061 1076
f 1061 1070 1076
f 1062 1071 1077
f 1071 301 1077
f 301 302 1077
f 1069 1062 1077
f 1070 1063 1078
f 1063 1072 1078
f 1065 1073 1079
f 1072 1065 1079
f 279 278 1080
f 278 1066 1080
f 1066 1074 1080
f 1067 1075 1081
f 1073 1067 1081
f 1074 1068 1082
f 1068 1076 1082
f 1075 1069 1083
f 1069 1077 1083
f 1077 302 1083
f 302 303 1083
f 1076 1070 1084
f 1070 1078 1084
f 1072 1079 1085
f 1078 1072 1085
f 1073 1081 1086
f 1079 1073 1086
f 279 1080 1087
f 1074 1082 1087
f 1080 1074 1087
f 280 279 1087
f 1081 1075 1088
f 1083 303 1088
f 303 304 1088
f 1075 1083 1088
f 1076 1084 1089
f 1082 1076 1089
f 1078 1085 1090
f 1084 1078 1090
f 1085 1079 1091
f 1079 1086 1091
f 1086 1081 1092
f 1081 1088 1092
f 1088 304 1092
f 304 305 1092
f 1087 1082 1093
f 1082 1089 1093
f 1084 1090 1094
f 1089 1084 1094
f 1085 1091 1095
f 1090 1085 1095
f 1086 1092 1096
f 1091 1086 1096
f 305 306 1096
f 1092 305 1096
f 281 280 1097
f 280 1087 1097
f 1087 1093 1097
f 1093 1089 1098
f 1089 1094 1098
f 1094 1090 1099
f 1090 1095 1099
f 1096 306 1100
f 306 307 1100
f 1095 1091 1100
f 1091 1096 1100
f 282 281 1101
f 281 1097 1101
f 1097 1093 1101
f 1093 1098 1101
f 1094 1099 1102
f 1098 1094 1102
f 1099 1095 1103
f 1100 307 1103
f 307 308 1103
f 1095 1100 1103
f 1101 1098 1104
f 1098 1102 1104
f 1103 308 1105
f 1099 1103 1105
f 1102 1099 1105
f 308 309 1105
f 1101 1104 1106
f 283 282 1106
f 282 1101 1106
f 1102 1105 1107
f 1104 1102 1107
f 1105 309 1107
f 309 310 1107
f 1104 1107 1108
f 1106 1104 1108
f 283 1106 1108
f 1107 310 1108
f 284 283 1108
f 310 284 1108
f 1110 1109 1191
f 1191 1109 1192
f 1192 1109 1193
f 1111 1110 1194
f 1191 1192 1194
f 1110 1191 1194
f 1193 1109 1195
f 1192 1193 1196
f 1194 1192 1196
f 1112 1111 1197
f 1111 1194 1197
f 1195 1109 1198
f 1193 1195 1199
f 1196 1193 1199
f 1194 1196 1200
f 1197 1194 1200
f 1198 1109 1201
f 1195 1198 1202
f 1199 1195 1202
f 1200 1196 1203
f 1196 1199 1203
f 1113 1112 1204
f 1112 1197 1204
f 1197 1200 1204
f 1201 1109 1205
f 1202 1198 1206
f 1198 1201 1206
f 1203 1199 1207
f 1199 1202 1207
f 1200 1203 1208
f 1204 1200 1208
f 1205 1109 1209
f 1114 1113 1210
f 1113 1204 1210
f 1201 1205 1211
f 1206 1201 1211
f 1207 1202 1212
f 1202 1206 1212
f 1208 1203 1213
f 1203 1207 1213
f 1209 1109 1214
f 1204 1208 1215
f 1210 1204 1215
f 1205 1209 1216
f 1211 1205 1216
f 1206 1211 1217
f 1212 1206 1217
f 1207 1212 1218
f 1213 1207 1218
f 1214 1109 1219
f 1208 1213 1220
f 1215 1208 1220
f 1216 1209 1221
f 1209 1214 1221
f 1115 1114 1222
f 1210 1215 1222
f 1114 1210 1222
f 1217 1211 1223
f 1211 1216 1223
f 1218 1212 1224
f 1212 1217 1224
f 1219 1109 1225
f 1220 1213 1226
f 1213 1218 1226
f 1214 1219 1227
f 1221 1214 1227
f 1215 1220 1228
f 1222 1215 1228
f 1216 1221 1229
f 1223 1216 1229
f 1116 1115 1230
f 1115 1222 1230
f 1224 1217 1231
f 1217 1223 1231
f 1225 1109 1232
f 1226 1218 1233
f 1218 1224 1233
f 1219 1225 1234
f 1227 1219 1234
f 1220 1226 1235
f 1228 1220 1235
f 1221 1227 1236
f 1229 1221 1236
f 1222 1228 1237
f 1230 1222 1237
f 1223 1229 1238
f 1231 1223 1238
f 1232 1109 1239
f 1224 1231 1240
f 1233 1224 1240
f 1234 1225 1241
f 1225 1232 1241
f 1235 1226 1242
f 1226 1233 1242
f 1227 1234 1243
f 1236 1227 1243
f 1228 1235 1244
f 1237 1228 1244
f 1238 1229 1245
f 1229 1236 1245
f 1117 1116 1246
f 1230 1237 1246
f 1116 1230 1246
f 1239 1109 1247
f 1240 1231 1248
f 1231 1238 1248
f 1232 1239 1249
f 1241 1232 1249
f 1242 1233 1250
f 1233 1240 1250
f 1234 1241 1251
f 1243 1234 1251
f 1235 1242 1252
f 1244 1235 1252
f 1236 1243 1253
f 1245 1236 1253
f 1237 1244 1254
f 1246 1237 1254
f 1109 1137 1255
f 1247 1109 1255
f 1248 1238 1256
f 1238 1245 1256
f 1118 1117 1257
f 1117 1246 1257
f 1239 1247 1258
f 1249 1239 1258
f 1250 1240 1259
f 1240 1248 1259
f 1251 1241 1260
f 1241 1249 1260
f 1242 1250 1261
f 1252 1242 1261
f 1253 1243 1262
f 1243 1251 1262
f 1254 1244 1263
f 1244 1252 1263
f 1255 1137 1264
f 1245 1253 1265
f 1256 1245 1265
f 1246 1254 1266
f 1257 1246 1266
f 1258 1247 1267
f 1247 1255 1267
f 1248 1256 1268
f 1259 1248 1268
f 1249 1258 1269
f 1260 1249 1269
f 1250 1259 1270
f 1261 1250 1270
f 1251 1260 1271
f 1262 1251 1271
f 1252 1261 1272
f 1263 1252 1272
f 1264 1137 1273
f 1265 1253 1274
f 1253 1262 1274
f 1254 1263 1275
f 1266 1254 1275
f 1255 1264 1276
f 1267 1255 1276
f 1256 1265 1277
f 1268 1256 1277
f 1119 1118 1278
f 1118 1257 1278
f 1257 1266 1278
f 1269 1258 1279
f 1258 1267 1279
f 1259 1268 1280
f 1270 1259 1280
f 1260 1269 1281
f 1271 1260 1281
f 1272 1261 1282
f 1261 1270 1282
f 1273 1137 1283
f 1262 1271 1284
f 1274 1262 1284
f 1263 1272 1285
f 1275 1263 1285
f 1264 1273 1286
f 1276 1264 1286
f 1277 1265 1287
f 1265 1274 1287
f 1266 1275 1288
f 1278 1266 1288
f 1279 1267 1289
f 1267 1276 1289
f 1268 1277 1290
f 1280 1268 1290
f 1120 1119 1291
f 1119 1278 1291
f 1269 1279 1292
f 1281 1269 1292
f 1270 1280 1293
f 1282 1270 1293
f 1283 1137 1294
f 1284 1271 1295
f 1271 1281 1295
f 1272 1282 1296
f 1285 1272 1296
f 1286 1273 1297
f 1273 1283 1297
f 1287 1274 1298
f 1274 1284 1298
f 1288 1275 1299
f 1275 1285 1299
f 1276 1286 1300
f 1289 1276 1300
f 1277 1287 1301
f 1290 1277 1301
f 1278 1288 1302
f 1291 1278 1302
f 1292 1279 1303
f 1279 1289 1303
f 1293 1280 1304
f 1280 1290 1304
f 1294 1137 1305
f 1281 1292 1306
f 1295 1281 1306
f 1296 1282 1307
f 1282 1293 1307
f 1283 1294 1308
f 1297 1283 1308
f 1284 1295 1309
f 1298 1284 1309
f 1285 1296 1310
f 1299 1285 1310
f 1286 1297 1311
f 1300 1286 1311
f 1301 1287 1312
f 1287 1298 1312
f 1288 1299 1313
f 1302 1288 1313
f 1289 1300 1314
f 1303 1289 1314
f 1290 1301 1315
f 1304 1290 1315
f 1121 1120 1316
f 1120 1291 1316
f 1291 1302 1316
f 1305 1137 1317
f 1292 1303 1318
f 1306 1292 1318
f 1293 1304 1319
f 1307 1293 1319
f 1308 1294 1320
f 1294 1305 1320
f 1309 1295 1321
f 1295 1306 1321
f 1296 1307 1322
f 1310 1296 1322
f 1311 1297 1323
f 1297 1308 1323
f 1312 1298 1324
f 1298 1309 1324
f 1299 1310 1325
f 1313 1299 1325
f 1300 1311 1326
f 1314 1300 1326
f 1301 1312 1327
f 1315 1301 1327
f 1302 1313 1328
f 1316 1302 1328
f 1317 1137 1329
f 1318 1303 1330
f 1303 1314 1330
f 1304 1315 1331
f 1319 1304 1331
f 1122 1121 1332
f 1121 1316 1332
f 1320 1305 1333
f 1305 1317 1333
f 1306 1318 1334
f 1321 1306 1334
f 1307 1319 1335
f 1322 1307 1335
f 1308 1320 1336
f 1323 1308 1336
f 1309 1321 1337
f 1324 1309 1337
f 1310 1322 1338
f 1325 1310 1338
f 1311 1323 1339
f 1326 1311 1339
f 1312 1324 1340
f 1327 1312 1340
f 1313 1325 1341
f 1328 1313 1341
f 1329 1137 1342
f 1314 1326 1343
f 1330 1314 1343
f 1315 1327 1344
f 1331 1315 1344
f 1316 1328 1345
f 1332 1316 1345
f 1317 1329 1346
f 1333 1317 1346
f 1334 1318 1347
f 1318 1330 1347
f 1319 1331 1348
f 1335 1319 1348
f 1320 1333 1349
f 1336 1320 1349
f 1321 1334 1350
f 1337 1321 1350
f 1338 1322 1351
f 1322 1335 1351
f 1339 1323 1352
f 1323 1336 1352
f 1340 1324 1353
f 1324 1337 1353
f 1341 1325 1354
f 1325 1338 1354
f 1342 1137 1355
f 1326 1339 1356
f 1343 1326 1356
f 1344 1327 1357
f 1327 1340 1357
f 1328 1341 1358
f 1345 1328 1358
f 1329 1342 1359
f 1346 1329 1359
f 1330 1343 1360
f 1347 1330 1360
f 1348 1331 1361
f 1331 1344 1361
f 1332 1345 1362
f 1122 1332 1362
f 1333 1346 1363
f 1349 1333 1363
f 1334 1347 1364
f 1350 1334 1364
f 1335 1348 1365
f 1351 1335 1365
f 1352 1336 1366
f 1336 1349 1366
f 1337 1350 1367
f 1353 1337 1367
f 1354 1338 1368
f 1338 1351 1368
f 1355 1137 1369
f 1339 1352 1370
f 1356 1339 1370
f 1340 1353 1371
f 1357 1340 1371
f 1358 1341 1372
f 1341 1354 1372
f 1342 1355 1373
f 1359 1342 1373
f 1360 1343 1374
f 1343 1356 1374
f 1344 1357 1375
f 1361 1344 1375
f 1345 1358 1376
f 1362 1345 1376
f 1363 1346 1377
f 1346 1359 1377
f 1364 1347 1378
f 1347 1360 1378
f 1365 1348 1379
f 1348 1361 1379
f 1123 1122 1380
f 1122 1362 1380
f 1349 1363 1381
f 1366 1349 1381
f 1367 1350 1382
f 1350 1364 1382
f 1351 1365 1383
f 1368 1351 1383
f 1369 1137 1384
f 1352 1366 1385
f 1370 1352 1385
f 1353 1367 1386
f 1371 1353 1386
f 1354 1368 1387
f 1372 1354 1387
f 1355 1369 1388
f 1373 1355 1388
f 1374 1356 1389
f 1356 1370 1389
f 1375 1357 1390
f 1357 1371 1390
f 1376 1358 1391
f 1358 1372 1391
f 1359 1373 1392
f 1377 1359 1392
f 1360 1374 1393
f 1378 1360 1393
f 1379 1361 1394
f 1361 1375 1394
f 1362 1376 1395
f 1380 1362 1395
f 1381 1363 1396
f 1363 1377 1396
f 1382 1364 1397
f 1364 1378 1397
f 1365 1379 1398
f 1383 1365 1398
f 1384 1137 1399
f 1366 1381 1400
f 1385 1366 1400
f 1386 1367 1401
f 1367 1382 1401
f 1368 1383 1402
f 1387 1368 1402
f 1388 1369 1403
f 1369 1384 1403
f 1370 1385 1404
f 1389 1370 1404
f 1371 1386 1405
f 1390 1371 1405
f 1391 1372 1406
f 1372 1387 1406
f 1392 1373 1407
f 1373 1388 1407
f 1393 1374 1408
f 1374 1389 1408
f 1394 1375 1409
f 1375 1390 1409
f 1395 1376 1410
f 1376 1391 1410
f 1396 1377 1411
f 1377 1392 1411
f 1397 1378 1412
f 1378 1393 1412
f 1379 1394 1413
f 1398 1379 1413
f 1124 1123 1414
f 1123 1380 1414
f 1380 1395 1414
f 1399 1137 1415
f 1381 1396 1416
f 1400 1381 1416
f 1401 1382 1417
f 1382 1397 1417
f 1383 1398 1418
f 1402 1383 1418
f 1384 1399 1419
f 1403 1384 1419
f 1404 1385 1420
f 1385 1400 1420
f 1386 1401 1421
f 1405 1386 1421
f 1406 1387 1422
f 1387 1402 1422
f 1407 1388 1423
f 1388 1403 1423
f 1408 1389 1424
f 1389 1404 1424
f 1409 1390 1425
f 1390 1405 1425
f 1410 1391 1426
f 1391 1406 1426
f 1411 1392 1427
f 1392 1407 1427
f 1412 1393 1428
f 1393 1408 1428
f 1413 1394 1429
f 1394 1409 1429
f 1414 1395 1430
f 1395 1410 1430
f 1137 1138 1431
f 1415 1137 1431
f 1416 1396 1432
f 1396 1411 1432
f 1417 1397 1433
f 1397 1412 1433
f 1398 1413 1434
f 1418 1398 1434
f 1125 1124 1435
f 1124 1414 1435
f 1399 1415 1436
f 1419 1399 1436
f 1400 1416 1437
f 1420 1400 1437
f 1421 1401 1438
f 1401 1417 1438
f 1402 1418 1439
f 1422 1402 1439
f 1423 1403 1440
f 1403 1419 1440
f 1424 1404 1441
f 1404 1420 1441
f 1425 1405 1442
f 1405 1421 1442
f 1426 1406 1443
f 1406 1422 1443
f 1407 1423 1444
f 1427 1407 1444
f 1408 1424 1445
f 1428 1408 1445
f 1409 1425 1446
f 1429 1409 1446
f 1410 1426 1447
f 1430 1410 1447
f 1411 1427 1448
f 1432 1411 1448
f 1412 1428 1449
f 1433 1412 1449
f 1413 1429 1450
f 1434 1413 1450
f 1414 1430 1451
f 1435 1414 1451
f 1138 1139 1452
f 1415 1431 1452
f 1431 1138 1452
f 1436 1415 1452
f 1416 1432 1453
f 1437 1416 1453
f 1417 1433 1454
f 1438 1417 1454
f 1439 1418 1455
f 1418 1434 1455
f 1440 1419 1456
f 1419 1436 1456
f 1441 1420 1457
f 1420 1437 1457
f 1421 1438 1458
f 1442 1421 1458
f 1443 1422 1459
f 1422 1439 1459
f 1444 1423 1460
f 1423 1440 1460
f 1445 1424 1461
f 1424 1441 1461
f 1425 1442 1462
f 1446 1425 1462
f 1447 1426 1463
f 1426 1443 1463
f 1427 1444 1464
f 1448 1427 1464
f 1428 1445 1465
f 1449 1428 1465
f 1429 1446 1466
f 1450 1429 1466
f 1430 1447 1467
f 1451 1430 1467
f 1432 1448 1468
f 1453 1432 1468
f 1433 1449 1469
f 1454 1433 1469
f 1434 1450 1470
f 1455 1434 1470
f 1125 1435 1471
f 1126 1125 1471
f 1435 1451 1471
f 1436 1452 1472
f 1456 1436 1472
f 1437 1453 1473
f 1457 1437 1473
f 1438 1454 1474
f 1458 1438 1474
f 1459 1439 1475
f 1439 1455 1475
f 1440 1456 1476
f 1460 1440 1476
f 1461 1441 1477
f 1441 1457 1477
f 1462 1442 1478
f 1442 1458 1478
f 1463 1443 1479
f 1443 1459 1479
f 1444 1460 1480
f 1464 1444 1480
f 1465 1445 1481
f 1445 1461 1481
f 1446 1462 1482
f 1466 1446 1482
f 1447 1463 1483
f 1467 1447 1483
f 1468 1448 1484
f 1448 1464 1484
f 1469 1449 1485
f 1449 1465 1485
f 1470 1450 1486
f 1450 1466 1486
f 1451 1467 1487
f 1471 1451 1487
f 1139 1140 1488
f 1452 1139 1488
f 1472 1452 1488
f 1453 1468 1489
f 1473 1453 1489
f 1454 1469 1490
f 1474 1454 1490
f 1475 1455 1491
f 1455 1470 1491
f 1126 1471 1492
f 1127 1126 1492
f 1476 1456 1493
f 1456 1472 1493
f 1477 1457 1494
f 1457 1473 1494
f 1458 1474 1495
f 1478 1458 1495
f 1479 1459 1496
f 1459 1475 1496
f 1460 1476 1497
f 1480 1460 1497
f 1481 1461 1498
f 1461 1477 1498
f 1482 1462 1499
f 1462 1478 1499
f 1483 1463 1500
f 1463 1479 1500
f 1464 1480 1501
f 1484 1464 1501
f 1465 1481 1502
f 1485 1465 1502
f 1486 1466 1503
f 1466 1482 1503
f 1487 1467 1504
f 1467 1483 1504
f 1489 1468 1505
f 1468 1484 1505
f 1490 1469 1506
f 1469 1485 1506
f 1491 1470 1507
f 1470 1486 1507
f 1471 1487 1508
f 1492 1471 1508
f 1493 1472 1509
f 1140 1141 1509
f 1472 1488 1509
f 1488 1140 1509
f 1473 1489 1510
f 1494 1473 1510
f 1495 1474 1511
f 1474 1490 1511
f 1475 1491 1512
f 1496 1475 1512
f 1476 1493 1513
f 1497 1476 1513
f 1498 1477 1514
f 1477 1494 1514
f 1499 1478 1515
f 1478 1495 1515
f 1479 1496 1516
f 1500 1479 1516
f 1480 1497 1517
f 1501 1480 1517
f 1502 1481 1518
f 1481 1498 1518
f 1482 1499 1519
f 1503 1482 1519
f 1483 1500 1520
f 1504 1483 1520
f 1484 1501 1521
f 1505 1484 1521
f 1485 1502 1522
f 1506 1485 1522
f 1507 1486 1523
f 1486 1503 1523
f 1487 1504 1524
f 1508 1487 1524
f 1510 1489 1525
f 1489 1505 1525
f 1511 1490 1526
f 1490 1506 1526
f 1491 1507 1527
f 1512 1491 1527
f 1492 1508 1528
f 1128 1127 1528
f 1127 1492 1528
f 1513 1493 1529
f 1493 1509 1529
f 1494 1510 1530
f 1514 1494 1530
f 1515 1495 1531
f 1495 1511 1531
f 1516 1496 1532
f 1496 1512 1532
f 1497 1513 1533
f 1517 1497 1533
f 1518 1498 1534
f 1498 1514 1534
f 1499 1515 1535
f 1519 1499 1535
f 1520 1500 1536
f 1500 1516 1536
f 1501 1517 1537
f 1521 1501 1537
f 1502 1518 1538
f 1522 1502 1538
f 1523 1503 1539
f 1503 1519 1539
f 1524 1504 1540
f 1504 1520 1540
f 1525 1505 1541
f 1505 1521 1541
f 1506 1522 1542
f 1526 1506 1542
f 1507 1523 1543
f 1527 1507 1543
f 1508 1524 1544
f 1528 1508 1544
f 1509 1141 1545
f 1529 1509 1545
f 1141 1142 1545
f 1510 1525 1546
f 1530 1510 1546
f 1511 1526 1547
f 1531 1511 1547
f 1512 1527 1548
f 1532 1512 1548
f 1129 1128 1549
f 1128 1528 1549
f 1513 1529 1550
f 1533 1513 1550
f 1514 1530 1551
f 1534 1514 1551
f 1535 1515 1552
f 1515 1531 1552
f 1536 1516 1553
f 1516 1532 1553
f 1537 1517 1554
f 1517 1533 1554
f 1518 1534 1555
f 1538 1518 1555
f 1519 1535 1556
f 1539 1519 1556
f 1520 1536 1557
f 1540 1520 1557
f 1541 1521 1558
f 1521 1537 1558
f 1542 1522 1559
f 1522 1538 1559
f 1543 1523 1560
f 1523 1539 1560
f 1524 1540 1561
f 1544 1524 1561
f 1546 1525 1562
f 1525 1541 1562
f 1526 1542 1563
f 1547 1526 1563
f 1527 1543 1564
f 1548 1527 1564
f 1528 1544 1565
f 1549 1528 1565
f 1529 1545 1566
f 1545 1142 1566
f 1550 1529 1566
f 1142 1143 1566
f 1530 1546 1567
f 1551 1530 1567
f 1531 1547 1568
f 1552 1531 1568
f 1532 1548 1569
f 1553 1532 1569
f 1533 1550 1570
f 1554 1533 1570
f 1534 1551 1571
f 1555 1534 1571
f 1556 1535 1572
f 1535 1552 1572
f 1536 1553 1573
f 1557 1536 1573
f 1558 1537 1574
f 1537 1554 1574
f 1559 1538 1575
f 1538 1555 1575
f 1539 1556 1576
f 1560 1539 1576
f 1561 1540 1577
f 1540 1557 1577
f 1541 1558 1578
f 1562 1541 1578
f 1542 1559 1579
f 1563 1542 1579
f 1564 1543 1580
f 1543 1560 1580
f 1565 1544 1581
f 1544 1561 1581
f 1546 1562 1582
f 1567 1546 1582
f 1568 1547 1583
f 1547 1563 1583
f 1548 1564 1584
f 1569 1548 1584
f 1130 1129 1585
f 1129 1549 1585
f 1549 1565 1585
f 1570 1550 1586
f 1550 1566 1586
f 1571 1551 1587
f 1551 1567 1587
f 1572 1552 1588
f 1552 1568 1588
f 1553 1569 1589
f 1573 1553 1589
f 1554 1570 1590
f 1574 1554 1590
f 1555 1571 1591
f 1575 1555 1591
f 1576 1556 1592
f 1556 1572 1592
f 1577 1557 1593
f 1557 1573 1593
f 1558 1574 1594
f 1578 1558 1594
f 1579 1559 1595
f 1559 1575 1595
f 1560 1576 1596
f 1580 1560 1596
f 1581 1561 1597
f 1561 1577 1597
f 1562 1578 1598
f 1582 1562 1598
f 1563 1579 1599
f 1583 1563 1599
f 1564 1580 1600
f 1584 1564 1600
f 1585 1565 1601
f 1565 1581 1601
f 1143 1144 1602
f 1586 1566 1602
f 1566 1143 1602
f 1567 1582 1603
f 1587 1567 1603
f 1568 1583 1604
f 1588 1568 1604
f 1589 1569 1605
f 1569 1584 1605
f 1131 1130 1606
f 1130 1585 1606
f 1590 1570 1607
f 1570 1586 1607
f 1571 1587 1608
f 1591 1571 1608
f 1572 1588 1609
f 1592 1572 1609
f 1593 1573 1610
f 1573 1589 1610
f 1594 1574 1611
f 1574 1590 1611
f 1575 1591 1612
f 1595 1575 1612
f 1576 1592 1613
f 1596 1576 1613
f 1577 1593 1614
f 1597 1577 1614
f 1578 1594 1615
f 1598 1578 1615
f 1579 1595 1616
f 1599 1579 1616
f 1580 1596 1617
f 1600 1580 1617
f 1601 1581 1618
f 1581 1597 1618
f 1603 1582 1619
f 1582 1598 1619
f 1604 1583 1620
f 1583 1599 1620
f 1584 1600 1621
f 1605 1584 1621
f 1585 1601 1622
f 1606 1585 1622
f 1144 1145 1623
f 1602 1144 1623
f 1586 1602 1623
f 1607 1586 1623
f 1608 1587 1624
f 1587 1603 1624
f 1588 1604 1625
f 1609 1588 1625
f 1610 1589 1626
f 1589 1605 1626
f 1611 1590 1627
f 1590 1607 1627
f 1591 1608 1628
f 1612 1591 1628
f 1592 1609 1629
f 1613 1592 1629
f 1614 1593 1630
f 1593 1610 1630
f 1594 1611 1631
f 1615 1594 1631
f 1595 1612 1632
f 1616 1595 1632
f 1617 1596 1633
f 1596 1613 1633
f 1597 1614 1634
f 1618 1597 1634
f 1619 1598 1635
f 1598 1615 1635
f 1620 1599 1636
f 1599 1616 1636
f 1600 1617 1637
f 1621 1600 1637
f 1601 1618 1638
f 1622 1601 1638
f 1624 1603 1639
f 1603 1619 1639
f 1604 1620 1640
f 1625 1604 1640
f 1605 1621 1641
f 1626 1605 1641
f 1132 1131 1642
f 1606 1622 1642
f 1131 1606 1642
f 1607 1623 1643
f 1627 1607 1643
f 1608 1624 1644
f 1628 1608 1644
f 1609 1625 1645
f 1629 1609 1645
f 1610 1626 1646
f 1630 1610 1646
f 1631 1611 1647
f 1611 1627 1647
f 1612 1628 1648
f 1632 1612 1648
f 1633 1613 1649
f 1613 1629 1649
f 1614 1630 1650
f 1634 1614 1650
f 1635 1615 1651
f 1615 1631 1651
f 1636 1616 1652
f 1616 1632 1652
f 1617 1633 1653
f 1637 1617 1653
f 1618 1634 1654
f 1638 1618 1654
f 1619 1635 1655
f 1639 1619 1655
f 1620 1636 1656
f 1640 1620 1656
f 1621 1637 1657
f 1641 1621 1657
f 1642 1622 1658
f 1622 1638 1658
f 1643 1623 1659
f 1145 1146 1659
f 1623 1145 1659
f 1644 1624 1660
f 1624 1639 1660
f 1645 1625 1661
f 1625 1640 1661
f 1646 1626 1662
f 1626 1641 1662
f 1132 1642 1663
f 1133 1132 1663
f 1627 1643 1664
f 1647 1627 1664
f 1628 1644 1665
f 1648 1628 1665
f 1649 1629 1666
f 1629 1645 1666
f 1650 1630 1667
f 1630 1646 1667
f 1651 1631 1668
f 1631 1647 1668
f 1652 1632 1669
f 1632 1648 1669
f 1633 1649 1670
f 1653 1633 1670
f 1634 1650 1671
f 1654 1634 1671
f 1635 1651 1672
f 1655 1635 1672
f 1636 1652 1673
f 1656 1636 1673
f 1657 1637 1674
f 1637 1653 1674
f 1638 1654 1675
f 1658 1638 1675
f 1660 1639 1676
f 1639 1655 1676
f 1640 1656 1677
f 1661 1640 1677
f 1662 1641 1678
f 1641 1657 1678
f 1642 1658 1679
f 1663 1642 1679
f 1664 1643 1680
f 1146 1147 1680
f 1659 1146 1680
f 1643 1659 1680
f 1644 1660 1681
f 1665 1644 1681
f 1645 1661 1682
f 1666 1645 1682
f 1667 1646 1683
f 1646 1662 1683
f 1647 1664 1684
f 1668 1647 1684
f 1648 1665 1685
f 1669 1648 1685
f 1670 1649 1686
f 1649 1666 1686
f 1671 1650 1687
f 1650 1667 1687
f 1651 1668 1688
f 1672 1651 1688
f 1652 1669 1689
f 1673 1652 1689
f 1653 1670 1690
f 1674 1653 1690
f 1654 1671 1691
f 1675 1654 1691
f 1676 1655 1692
f 1655 1672 1692
f 1656 1673 1693
f 1677 1656 1693
f 1657 1674 1694
f 1678 1657 1694
f 1679 1658 1695
f 1658 1675 1695
f 1660 1676 1696
f 1681 1660 1696
f 1682 1661 1697
f 1661 1677 1697
f 1683 1662 1698
f 1662 1678 1698
f 1134 1133 1699
f 1663 1679 1699
f 1133 1663 1699
f 1684 1664 1700
f 1664 1680 1700
f 1665 1681 1701
f 1685 1665 1701
f 1666 1682 1702
f 1686 1666 1702
f 1667 1683 1703
f 1687 1667 1703
f 1668 1684 1704
f 1688 1668 1704
f 1669 1685 1705
f 1689 1669 1705
f 1670 1686 1706
f 1690 1670 1706
f 1691 1671 1707
f 1671 1687 1707
f 1672 1688 1708
f 1692 1672 1708
f 1673 1689 1709
f 1693 1673 1709
f 1674 1690 1710
f 1694 1674 1710
f 1695 1675 1711
f 1675 1691 1711
f 1676 1692 1712
f 1696 1676 1712
f 1697 1677 1713
f 1677 1693 1713
f 1698 1678 1714
f 1678 1694 1714
f 1679 1695 1715
f 1699 1679 1715
f 1680 1147 1716
f 1147 1148 1716
f 1700 1680 1716
f 1701 1681 1717
f 1681 1696 1717
f 1682 1697 1718
f 1702 1682 1718
f 1703 1683 1719
f 1683 1698 1719
f 1135 1134 1720
f 1134 1699 1720
f 1704 1684 1721
f 1684 1700 1721
f 1705 1685 1722
f 1685 1701 1722
f 1686 1702 1723
f 1706 1686 1723
f 1687 1703 1724
f 1707 1687 1724
f 1688 1704 1725
f 1708 1688 1725
f 1689 1705 1726
f 1709 1689 1726
f 1690 1706 1727
f 1710 1690 1727
f 1691 1707 1728
f 1711 1691 1728
f 1712 1692 1729
f 1692 1708 1729
f 1693 1709 1730
f 1713 1693 1730
f 1694 1710 1731
f 1714 1694 1731
f 1715 1695 1732
f 1695 1711 1732
f 1696 1712 1733
f 1717 1696 1733
f 1718 1697 1734
f 1697 1713 1734
f 1719 1698 1735
f 1698 1714 1735
f 1720 1699 1736
f 1699 1715 1736
f 1716 1148 1737
f 1700 1716 1737
f 1721 1700 1737
f 1148 1149 1737
f 1701 1717 1738
f 1722 1701 1738
f 1723 1702 1739
f 1702 1718 1739
f 1703 1719 1740
f 1724 1703 1740
f 1725 1704 1741
f 1704 1721 1741
f 1705 1722 1742
f 1726 1705 1742
f 1706 1723 1743
f 1727 1706 1743
f 1707 1724 1744
f 1728 1707 1744
f 1708 1725 1745
f 1729 1708 1745
f 1730 1709 1746
f 1709 1726 1746
f 1731 1710 1747
f 1710 1727 1747
f 1711 1728 1748
f 1732 1711 1748
f 1712 1729 1749
f 1733 1712 1749
f 1713 1730 1750
f 1734 1713 1750
f 1735 1714 1751
f 1714 1731 1751
f 1715 1732 1752
f 1736 1715 1752
f 1717 1733 1753
f 1738 1717 1753
f 1739 1718 1754
f 1718 1734 1754
f 1719 1735 1755
f 1740 1719 1755
f 1136 1135 1756
f 1165 1136 1756
f 1720 1736 1756
f 1135 1720 1756
f 1721 1737 1757
f 1741 1721 1757
f 1722 1738 1758
f 1742 1722 1758
f 1743 1723 1759
f 1723 1739 1759
f 1744 1724 1760
f 1724 1740 1760
f 1725 1741 1761
f 1745 1725 1761
f 1746 1726 1762
f 1726 1742 1762
f 1747 1727 1763
f 1727 1743 1763
f 1728 1744 1764
f 1748 1728 1764
f 1729 1745 1765
f 1749 1729 1765
f 1750 1730 1766
f 1730 1746 1766
f 1731 1747 1767
f 1751 1731 1767
f 1732 1748 1768
f 1752 1732 1768
f 1733 1749 1769
f 1753 1733 1769
f 1734 1750 1770
f 1754 1734 1770
f 1755 1735 1771
f 1735 1751 1771
f 1756 1736 1772
f 1166 1165 1772
f 1165 1756 1772
f 1736 1752 1772
f 1149 1150 1773
f 1757 1737 1773
f 1737 1149 1773
f 1738 1753 1774
f 1758 1738 1774
f 1739 1754 1775
f 1759 1739 1775
f 1740 1755 1776
f 1760 1740 1776
f 1741 1757 1777
f 1761 1741 1777
f 1742 1758 1778
f 1762 1742 1778
f 1743 1759 1779
f 1763 1743 1779
f 1744 1760 1780
f 1764 1744 1780
f 1765 1745 1781
f 1745 1761 1781
f 1766 1746 1782
f 1746 1762 1782
f 1767 1747 1783
f 1747 1763 1783
f 1748 1764 1784
f 1768 1748 1784
f 1769 1749 1785
f 1749 1765 1785
f 1770 1750 1786
f 1750 1766 1786
f 1771 1751 1787
f 1751 1767 1787
f 1167 1166 1788
f 1752 1768 1788
f 1166 1772 1788
f 1772 1752 1788
f 1774 1753 1789
f 1753 1769 1789
f 1775 1754 1790
f 1754 1770 1790
f 1755 1771 1791
f 1776 1755 1791
f 1777 1757 1792
f 1773 1150 1792
f 1757 1773 1792
f 1778 1758 1793
f 1758 1774 1793
f 1759 1775 1794
f 1779 1759 1794
f 1780 1760 1795
f 1760 1776 1795
f 1761 1777 1796
f 1781 1761 1796
f 1782 1762 1797
f 1762 1778 1797
f 1763 1779 1798
f 1783 1763 1798
f 1784 1764 1799
f 1764 1780 1799
f 1765 1781 1800
f 1785 1765 1800
f 1766 1782 1801
f 1786 1766 1801
f 1787 1767 1802
f 1767 1783 1802
f 1768 1784 1803
f 1167 1788 1803
f 1168 1167 1803
f 1788 1768 1803
f 1769 1785 1804
f 1789 1769 1804
f 1790 1770 1805
f 1770 1786 1805
f 1771 1787 1806
f 1791 1771 1806
f 1793 1774 1807
f 1774 1789 1807
f 1794 1775 1808
f 1775 1790 1808
f 1776 1791 1809
f 1795 1776 1809
f 1777 1792 1810
f 1796 1777 1810
f 1778 1793 1811
f 1797 1778 1811
f 1779 1794 1812
f 1798 1779 1812
f 1799 1780 1813
f 1780 1795 1813
f 1800 1781 1814
f 1781 1796 1814
f 1782 1797 1815
f 1801 1782 1815
f 1783 1798 1816
f 1802 1783 1816
f 1784 1799 1817
f 1169 1168 1817
f 1803 1784 1817
f 1168 1803 1817
f 1804 1785 1818
f 1785 1800 1818
f 1786 1801 1819
f 1805 1786 1819
f 1787 1802 1820
f 1806 1787 1820
f 1789 1804 1821
f 1807 1789 1821
f 1790 1805 1822
f 1808 1790 1822
f 1791 1806 1823
f 1809 1791 1823
f 1150 1151 1824
f 1792 1150 1824
f 1810 1792 1824
f 1811 1793 1825
f 1793 1807 1825
f 1794 1808 1826
f 1812 1794 1826
f 1795 1809 1827
f 1813 1795 1827
f 1796 1810 1828
f 1814 1796 1828
f 1797 1811 1829
f 1815 1797 1829
f 1798 1812 1830
f 1816 1798 1830
f 1799 1813 1831
f 1169 1817 1831
f 1170 1169 1831
f 1817 1799 1831
f 1818 1800 1832
f 1800 1814 1832
f 1819 1801 1833
f 1801 1815 1833
f 1802 1816 1834
f 1820 1802 1834
f 1821 1804 1835
f 1804 1818 1835
f 1805 1819 1836
f 1822 1805 1836
f 1823 1806 1837
f 1806 1820 1837
f 1807 1821 1838
f 1825 1807 1838
f 1826 1808 1839
f 1808 1822 1839
f 1827 1809 1840
f 1809 1823 1840
f 1824 1151 1841
f 1151 1152 1841
f 1810 1824 1841
f 1828 1810 1841
f 1829 1811 1842
f 1811 1825 1842
f 1812 1826 1843
f 1830 1812 1843
f 1813 1827 1844
f 1171 1170 1844
f 1170 1831 1844
f 1831 1813 1844
f 1814 1828 1845
f 1832 1814 1845
f 1833 1815 1846
f 1815 1829 1846
f 1834 1816 1847
f 1816 1830 1847
f 1835 1818 1848
f 1818 1832 1848
f 1836 1819 1849
f 1819 1833 1849
f 1820 1834 1850
f 1837 1820 1850
f 1838 1821 1851
f 1821 1835 1851
f 1839 1822 1852
f 1822 1836 1852
f 1823 1837 1853
f 1840 1823 1853
f 1825 1838 1854
f 1842 1825 1854
f 1826 1839 1855
f 1843 1826 1855
f 1827 1840 1856
f 1844 1827 1856
f 1171 1844 1856
f 1172 1171 1856
f 1828 1841 1857
f 1845 1828 1857
f 1846 1829 1858
f 1829 1842 1858
f 1847 1830 1859
f 1830 1843 1859
f 1832 1845 1860
f 1848 1832 1860
f 1849 1833 1861
f 1833 1846 1861
f 1834 1847 1862
f 1850 1834 1862
f 1835 1848 1863
f 1851 1835 1863
f 1836 1849 1864
f 1852 1836 1864
f 1837 1850 1865
f 1853 1837 1865
f 1838 1851 1866
f 1854 1838 1866
f 1855 1839 1867
f 1839 1852 1867
f 1856 1840 1868
f 1840 1853 1868
f 1172 1856 1868
f 1173 1172 1868
f 1857 1841 1869
f 1152 1153 1869
f 1841 1152 1869
f 1842 1854 1870
f 1858 1842 1870
f 1843 1855 1871
f 1859 1843 1871
f 1845 1857 1872
f 1860 1845 1872
f 1861 1846 1873
f 1846 1858 1873
f 1862 1847 1874
f 1847 1859 1874
f 1863 1848 1875
f 1848 1860 1875
f 1849 1861 1876
f 1864 1849 1876
f 1865 1850 1877
f 1850 1862 1877
f 1866 1851 1878
f 1851 1863 1878
f 1867 1852 1879
f 1852 1864 1879
f 1868 1853 1880
f 1174 1173 1880
f 1173 1868 1880
f 1853 1865 1880
f 1854 1866 1881
f 1870 1854 1881
f 1855 1867 1882
f 1871 1855 1882
f 1872 1857 1883
f 1153 1154 1883
f 1857 1869 1883
f 1869 1153 1883
f 1858 1870 1884
f 1873 1858 1884
f 1874 1859 1885
f 1859 1871 1885
f 1860 1872 1886
f 1875 1860 1886
f 1876 1861 1887
f 1861 1873 1887
f 1862 1874 1888
f 1877 1862 1888
f 1878 1863 1889
f 1863 1875 1889
f 1864 1876 1890
f 1879 1864 1890
f 1174 1880 1891
f 1865 1877 1891
f 1175 1174 1891
f 1880 1865 1891
f 1881 1866 1892
f 1866 1878 1892
f 1882 1867 1893
f 1867 1879 1893
f 1884 1870 1894
f 1870 1881 1894
f 1885 1871 1895
f 1871 1882 1895
f 1872 1883 1896
f 1886 1872 1896
f 1873 1884 1897
f 1887 1873 1897
f 1888 1874 1898
f 1874 1885 1898
f 1889 1875 1899
f 1875 1886 1899
f 1876 1887 1900
f 1890 1876 1900
f 1891 1877 1901
f 1877 1888 1901
f 1175 1891 1901
f 1176 1175 1901
f 1878 1889 1902
f 1892 1878 1902
f 1879 1890 1903
f 1893 1879 1903
f 1881 1892 1904
f 1894 1881 1904
f 1882 1893 1905
f 1895 1882 1905
f 1883 1154 1906
f 1154 1155 1906
f 1896 1883 1906
f 1897 1884 1907
f 1884 1894 1907
f 1898 1885 1908
f 1885 1895 1908
f 1886 1896 1909
f 1899 1886 1909
f 1900 1887 1910
f 1887 1897 1910
f 1177 1176 1911
f 1901 1888 1911
f 1176 1901 1911
f 1888 1898 1911
f 1902 1889 1912
f 1889 1899 1912
f 1890 1900 1913
f 1903 1890 1913
f 1892 1902 1914
f 1904 1892 1914
f 1893 1903 1915
f 1905 1893 1915
f 1894 1904 1916
f 1907 1894 1916
f 1908 1895 1917
f 1895 1905 1917
f 1155 1156 1918
f 1906 1155 1918
f 1896 1906 1918
f 1909 1896 1918
f 1897 1907 1919
f 1910 1897 1919
f 1911 1898 1920
f 1177 1911 1920
f 1898 1908 1920
f 1899 1909 1921
f 1912 1899 1921
f 1900 1910 1922
f 1913 1900 1922
f 1902 1912 1923
f 1914 1902 1923
f 1903 1913 1924
f 1915 1903 1924
f 1904 1914 1925
f 1916 1904 1925
f 1917 1905 1926
f 1905 1915 1926
f 1907 1916 1927
f 1919 1907 1927
f 1908 1917 1928
f 1177 1920 1928
f 1178 1177 1928
f 1920 1908 1928
f 1921 1909 1929
f 1909 1918 1929
f 1922 1910 1930
f 1910 1919 1930
f 1912 1921 1931
f 1923 1912 1931
f 1924 1913 1932
f 1913 1922 1932
f 1925 1914 1933
f 1914 1923 1933
f 1915 1924 1934
f 1926 1915 1934
f 1927 1916 1935
f 1916 1925 1935
f 1928 1917 1936
f 1178 1928 1936
f 1179 1178 1936
f 1917 1926 1936
f 1918 1156 1937
f 1929 1918 1937
f 1156 1157 1937
f 1930 1919 1938
f 1919 1927 1938
f 1921 1929 1939
f 1931 1921 1939
f 1922 1930 1940
f 1932 1922 1940
f 1923 1931 1941
f 1933 1923 1941
f 1924 1932 1942
f 1934 1924 1942
f 1935 1925 1943
f 1925 1933 1943
f 1180 1179 1944
f 1179 1936 1944
f 1936 1926 1944
f 1926 1934 1944
f 1927 1935 1945
f 1938 1927 1945
f 1157 1158 1946
f 1939 1929 1946
f 1929 1937 1946
f 1937 1157 1946
f 1930 1938 1947
f 1940 1930 1947
f 1941 1931 1948
f 1931 1939 1948
f 1942 1932 1949
f 1932 1940 1949
f 1933 1941 1950
f 1943 1933 1950
f 1180 1944 1951
f 1934 1942 1951
f 1944 1934 1951
f 1181 1180 1951
f 1935 1943 1952
f 1945 1935 1952
f 1938 1945 1953
f 1947 1938 1953
f 1939 1946 1954
f 1948 1939 1954
f 1940 1947 1955
f 1949 1940 1955
f 1941 1948 1956
f 1950 1941 1956
f 1951 1942 1957
f 1181 1951 1957
f 1182 1181 1957
f 1942 1949 1957
f 1943 1950 1958
f 1952 1943 1958
f 1953 1945 1959
f 1945 1952 1959
f 1158 1159 1960
f 1946 1158 1960
f 1954 1946 1960
f 1955 1947 1961
f 1947 1953 1961
f 1948 1954 1962
f 1956 1948 1962
f 1949 1955 1963
f 1957 1949 1963
f 1182 1957 1963
f 1183 1182 1963
f 1950 1956 1964
f 1958 1950 1964
f 1959 1952 1965
f 1952 1958 1965
f 1961 1953 1966
f 1953 1959 1966
f 1960 1159 1967
f 1962 1954 1967
f 1954 1960 1967
f 1159 1160 1967
f 1955 1961 1968
f 1183 1963 1968
f 1184 1183 1968
f 1963 1955 1968
f 1964 1956 1969
f 1956 1962 1969
f 1965 1958 1970
f 1958 1964 1970
f 1959 1965 1971
f 1966 1959 1971
f 1961 1966 1972
f 1968 1961 1972
f 1184 1968 1972
f 1185 1184 1972
f 1962 1967 1973
f 1969 1962 1973
f 1970 1964 1974
f 1964 1969 1974
f 1971 1965 1975
f 1965 1970 1975
f 1972 1966 1976
f 1966 1971 1976
f 1186 1185 1976
f 1185 1972 1976
f 1160 1161 1977
f 1967 1160 1977
f 1973 1967 1977
f 1969 1973 1978
f 1974 1969 1978
f 1970 1974 1979
f 1975 1970 1979
f 1186 1976 1980
f 1187 1186 1980
f 1971 1975 1980
f 1976 1971 1980
f 1161 1162 1981
f 1977 1161 1981
f 1973 1977 1981
f 1978 1973 1981
f 1979 1974 1982
f 1974 1978 1982
f 1975 1979 1983
f 1187 1980 1983
f 1188 1187 1983
f 1980 1975 1983
f 1978 1981 1984
f 1982 1978 1984
f 1188 1983 1985
f 1983 1979 1985
f 1979 1982 1985
f 1189 1188 1985
f 1984 1981 1986
f 1162 1163 1986
f 1981 1162 1986
f 1985 1982 1987
f 1982 1984 1987
f 1189 1985 1987
f 1190 1189 1987
f 1987 1984 1988
f 1984 1986 1988
f 1986 1163 1988
f 1190 1987 1988
f 1163 1164 1988
f 1164 1190 1988
f 1989 1990 1991
f 1992 1989 1991
f 1994 1993 1996
f 1993 1995 1996
f 1998 1997 2079
f 2079 1997 2080
f 2080 1997 2081
f 1999 1998 2082
f 2079 2080 2082
f 1998 2079 2082
f 2081 1997 2083
f 2080 2081 2084
f 2082 2080 2084
f 2000 1999 2085
f 1999 2082 2085
f 2083 1997 2086
f 2081 2083 2087
f 2084 2081 2087
f 2082 2084 2088
f 2085 2082 2088
f 2086 1997 2089
f 2083 2086 2090
f 2087 2083 2090
f 2088 2084 2091
f 2084 2087 2091
f 2001 2000 2092
f 2000 2085 2092
f 2085 2088 2092
f 2089 1997 2093
f 2090 2086 2094
f 2086 2089 2094
f 2091 2087 2095
f 2087 2090 2095
f 2088 2091 2096
f 2092 2088 2096
f 2093 1997 2097
f 2002 2001 2098
f 2001 2092 2098
f 2089 2093 2099
f 2094 2089 2099
f 2095 2090 2100
f 2090 2094 2100
f 2096 2091 2101
f 2091 2095 2101
f 2097 1997 2102
f 2092 2096 2103
f 2098 2092 2103
f 2093 2097 2104
f 2099 2093 2104
f 2094 2099 2105
f 2100 2094 2105
f 2095 2100 2106
f 2101 2095 2106
f 2102 1997 2107
f 2096 2101 2108
f 2103 2096 2108
f 2104 2097 2109
f 2097 2102 2109
f 2003 2002 2110
f 2098 2103 2110
f 2002 2098 2110
f 2105 2099 2111
f 2099 2104 2111
f 2106 2100 2112
f 2100 2105 2112
f 2107 1997 2113
f 2108 2101 2114
f 2101 2106 2114
f 2102 2107 2115
f 2109 2102 2115
f 2103 2108 2116
f 2110 2103 2116
f 2104 2109 2117
f 2111 2104 2117
f 2004 2003 2118
f 2003 2110 2118
f 2112 2105 2119
f 2105 2111 2119
f 2113 1997 2120
f 2114 2106 2121
f 2106 2112 2121
f 2107 2113 2122
f 2115 2107 2122
f 2108 2114 2123
f 2116 2108 2123
f 2109 2115 2124
f 2117 2109 2124
f 2110 2116 2125
f 2118 2110 2125
f 2111 2117 2126
f 2119 2111 2126
f 2120 1997 2127
f 2112 2119 2128
f 2121 2112 2128
f 2122 2113 2129
f 2113 2120 2129
f 2123 2114 2130
f 2114 2121 2130
f 2115 2122 2131
f 2124 2115 2131
f 2116 2123 2132
f 2125 2116 2132
f 2126 2117 2133
f 2117 2124 2133
f 2005 2004 2134
f 2118 2125 2134
f 2004 2118 2134
f 2127 1997 2135
f 2128 2119 2136
f 2119 2126 2136
f 2120 2127 2137
f 2129 2120 2137
f 2130 2121 2138
f 2121 2128 2138
f 2122 2129 2139
f 2131 2122 2139
f 2123 2130 2140
f 2132 2123 2140
f 2124 2131 2141
f 2133 2124 2141
f 2125 2132 2142
f 2134 2125 2142
f 1997 2025 2143
f 2135 1997 2143
f 2136 2126 2144
f 2126 2133 2144
f 2006 2005 2145
f 2005 2134 2145
f 2127 2135 2146
f 2137 2127 2146
f 2138 2128 2147
f 2128 2136 2147
f 2139 2129 2148
f 2129 2137 2148
f 2130 2138 2149
f 2140 2130 2149
f 2141 2131 2150
f 2131 2139 2150
f 2142 2132 2151
f 2132 2140 2151
f 2143 2025 2152
f 2133 2141 2153
f 2144 2133 2153
f 2134 2142 2154
f 2145 2134 2154
f 2146 2135 2155
f 2135 2143 2155
f 2136 2144 2156
f 2147 2136 2156
f 2137 2146 2157
f 2148 2137 2157
f 2138 2147 2158
f 2149 2138 2158
f 2139 2148 2159
f 2150 2139 2159
f 2140 2149 2160
f 2151 2140 2160
f 2152 2025 2161
f 2153 2141 2162
f 2141 2150 2162
f 2142 2151 2163
f 2154 2142 2163
f 2143 2152 2164
f 2155 2143 2164
f 2144 2153 2165
f 2156 2144 2165
f 2007 2006 2166
f 2006 2145 2166
f 2145 2154 2166
f 2157 2146 2167
f 2146 2155 2167
f 2147 2156 2168
f 2158 2147 2168
f 2148 2157 2169
f 2159 2148 2169
f 2160 2149 2170
f 2149 2158 2170
f 2161 2025 2171
f 2150 2159 2172
f 2162 2150 2172
f 2151 2160 2173
f 2163 2151 2173
f 2152 2161 2174
f 2164 2152 2174
f 2165 2153 2175
f 2153 2162 2175
f 2154 2163 2176
f 2166 2154 2176
f 2167 2155 2177
f 2155 2164 2177
f 2156 2165 2178
f 2168 2156 2178
f 2008 2007 2179
f 2007 2166 2179
f 2157 2167 2180
f 2169 2157 2180
f 2158 2168 2181
f 2170 2158 2181
f 2171 2025 2182
f 2172 2159 2183
f 2159 2169 2183
f 2160 2170 2184
f 2173 2160 2184
f 2174 2161 2185
f 2161 2171 2185
f 2175 2162 2186
f 2162 2172 2186
f 2176 2163 2187
f 2163 2173 2187
f 2164 2174 2188
f 2177 2164 2188
f 2165 2175 2189
f 2178 2165 2189
f 2166 2176 2190
f 2179 2166 2190
f 2180 2167 2191
f 2167 2177 2191
f 2181 2168 2192
f 2168 2178 2192
f 2182 2025 2193
f 2169 2180 2194
f 2183 2169 2194
f 2184 2170 2195
f 2170 2181 2195
f 2171 2182 2196
f 2185 2171 2196
f 2172 2183 2197
f 2186 2172 2197
f 2173 2184 2198
f 2187 2173 2198
f 2174 2185 2199
f 2188 2174 2199
f 2189 2175 2200
f 2175 2186 2200
f 2176 2187 2201
f 2190 2176 2201
f 2177 2188 2202
f 2191 2177 2202
f 2178 2189 2203
f 2192 2178 2203
f 2009 2008 2204
f 2008 2179 2204
f 2179 2190 2204
f 2193 2025 2205
f 2180 2191 2206
f 2194 2180 2206
f 2181 2192 2207
f 2195 2181 2207
f 2196 2182 2208
f 2182 2193 2208
f 2197 2183 2209
f 2183 2194 2209
f 2184 2195 2210
f 2198 2184 2210
f 2199 2185 2211
f 2185 2196 2211
f 2200 2186 2212
f 2186 2197 2212
f 2187 2198 2213
f 2201 2187 2213
f 2188 2199 2214
f 2202 2188 2214
f 2189 2200 2215
f 2203 2189 2215
f 2190 2201 2216
f 2204 2190 2216
f 2205 2025 2217
f 2206 2191 2218
f 2191 2202 2218
f 2192 2203 2219
f 2207 2192 2219
f 2010 2009 2220
f 2009 2204 2220
f 2208 2193 2221
f 2193 2205 2221
f 2194 2206 2222
f 2209 2194 2222
f 2195 2207 2223
f 2210 2195 2223
f 2196 2208 2224
f 2211 2196 2224
f 2197 2209 2225
f 2212 2197 2225
f 2198 2210 2226
f 2213 2198 2226
f 2199 2211 2227
f 2214 2199 2227
f 2200 2212 2228
f 2215 2200 2228
f 2201 2213 2229
f 2216 2201 2229
f 2217 2025 2230
f 2202 2214 2231
f 2218 2202 2231
f 2203 2215 2232
f 2219 2203 2232
f 2204 2216 2233
f 2220 2204 2233
f 2205 2217 2234
f 2221 2205 2234
f 2222 2206 2235
f 2206 2218 2235
f 2207 2219 2236
f 2223 2207 2236
f 2208 2221 2237
f 2224 2208 2237
f 2209 2222 2238
f 2225 2209 2238
f 2226 2210 2239
f 2210 2223 2239
f 2227 2211 2240
f 2211 2224 2240
f 2228 2212 2241
f 2212 2225 2241
f 2229 2213 2242
f 2213 2226 2242
f 2230 2025 2243
f 2214 2227 2244
f 2231 2214 2244
f 2232 2215 2245
f 2215 2228 2245
f 2216 2229 2246
f 2233 2216 2246
f 2217 2230 2247
f 2234 2217 2247
f 2218 2231 2248
f 2235 2218 2248
f 2236 2219 2249
f 2219 2232 2249
f 2220 2233 2250
f 2010 2220 2250
f 2221 2234 2251
f 2237 2221 2251
f 2222 2235 2252
f 2238 2222 2252
f 2223 2236 2253
f 2239 2223 2253
f 2240 2224 2254
f 2224 2237 2254
f 2225 2238 2255
f 2241 2225 2255
f 2242 2226 2256
f 2226 2239 2256
f 2243 2025 2257
f 2227 2240 2258
f 2244 2227 2258
f 2228 2241 2259
f 2245 2228 2259
f 2246 2229 2260
f 2229 2242 2260
f 2230 2243 2261
f 2247 2230 2261
f 2248 2231 2262
f 2231 2244 2262
f 2232 2245 2263
f 2249 2232 2263
f 2233 2246 2264
f 2250 2233 2264
f 2251 2234 2265
f 2234 2247 2265
f 2252 2235 2266
f 2235 2248 2266
f 2253 2236 2267
f 2236 2249 2267
f 2011 2010 2268
f 2010 2250 2268
f 2237 2251 2269
f 2254 2237 2269
f 2255 2238 2270
f 2238 2252 2270
f 2239 2253 2271
f 2256 2239 2271
f 2257 2025 2272
f 2240 2254 2273
f 2258 2240 2273
f 2241 2255 2274
f 2259 2241 2274
f 2242 2256 2275
f 2260 2242 2275
f 2243 2257 2276
f 2261 2243 2276
f 2262 2244 2277
f 2244 2258 2277
f 2263 2245 2278
f 2245 2259 2278
f 2264 2246 2279
f 2246 2260 2279
f 2247 2261 2280
f 2265 2247 2280
f 2248 2262 2281
f 2266 2248 2281
f 2267 2249 2282
f 2249 2263 2282
f 2250 2264 2283
f 2268 2250 2283
f 2269 2251 2284
f 2251 2265 2284
f 2270 2252 2285
f 2252 2266 2285
f 2253 2267 2286
f 2271 2253 2286
f 2272 2025 2287
f 2254 2269 2288
f 2273 2254 2288
f 2274 2255 2289
f 2255 2270 2289
f 2256 2271 2290
f 2275 2256 2290
f 2276 2257 2291
f 2257 2272 2291
f 2258 2273 2292
f 2277 2258 2292
f 2259 2274 2293
f 2278 2259 2293
f 2279 2260 2294
f 2260 2275 2294
f 2280 2261 2295
f 2261 2276 2295
f 2281 2262 2296
f 2262 2277 2296
f 2282 2263 2297
f 2263 2278 2297
f 2283 2264 2298
f 2264 2279 2298
f 2284 2265 2299
f 2265 2280 2299
f 2285 2266 2300
f 2266 2281 2300
f 2267 2282 2301
f 2286 2267 2301
f 2012 2011 2302
f 2011 2268 2302
f 2268 2283 2302
f 2287 2025 2303
f 2269 2284 2304
f 2288 2269 2304
f 2289 2270 2305
f 2270 2285 2305
f 2271 2286 2306
f 2290 2271 2306
f 2272 2287 2307
f 2291 2272 2307
f 2292 2273 2308
f 2273 2288 2308
f 2274 2289 2309
f 2293 2274 2309
f 2294 2275 2310
f 2275 2290 2310
f 2295 2276 2311
f 2276 2291 2311
f 2296 2277 2312
f 2277 2292 2312
f 2297 2278 2313
f 2278 2293 2313
f 2298 2279 2314
f 2279 2294 2314
f 2299 2280 2315
f 2280 2295 2315
f 2300 2281 2316
f 2281 2296 2316
f 2301 2282 2317
f 2282 2297 2317
f 2302 2283 2318
f 2283 2298 2318
f 2025 2026 2319
f 2303 2025 2319
f 2304 2284 2320
f 2284 2299 2320
f 2305 2285 2321
f 2285 2300 2321
f 2286 2301 2322
f 2306 2286 2322
f 2013 2012 2323
f 2012 2302 2323
f 2287 2303 2324
f 2307 2287 2324
f 2288 2304 2325
f 2308 2288 2325
f 2309 2289 2326
f 2289 2305 2326
f 2290 2306 2327
f 2310 2290 2327
f 2311 2291 2328
f 2291 2307 2328
f 2312 2292 2329
f 2292 2308 2329
f 2313 2293 2330
f 2293 2309 2330
f 2314 2294 2331
f 2294 2310 2331
f 2295 2311 2332
f 2315 2295 2332
f 2296 2312 2333
f 2316 2296 2333
f 2297 2313 2334
f 2317 2297 2334
f 2298 2314 2335
f 2318 2298 2335
f 2299 2315 2336
f 2320 2299 2336
f 2300 2316 2337
f 2321 2300 2337
f 2301 2317 2338
f 2322 2301 2338
f 2302 2318 2339
f 2323 2302 2339
f 2026 2027 2340
f 2303 2319 2340
f 2319 2026 2340
f 2324 2303 2340
f 2304 2320 2341
f 2325 2304 2341
f 2305 2321 2342
f 2326 2305 2342
f 2327 2306 2343
f 2306 2322 2343
f 2328 2307 2344
f 2307 2324 2344
f 2329 2308 2345
f 2308 2325 2345
f 2309 2326 2346
f 2330 2309 2346
f 2331 2310 2347
f 2310 2327 2347
f 2332 2311 2348
f 2311 2328 2348
f 2333 2312 2349
f 2312 2329 2349
f 2313 2330 2350
f 2334 2313 2350
f 2335 2314 2351
f 2314 2331 2351
f 2315 2332 2352
f 2336 2315 2352
f 2316 2333 2353
f 2337 2316 2353
f 2317 2334 2354
f 2338 2317 2354
f 2318 2335 2355
f 2339 2318 2355
f 2320 2336 2356
f 2341 2320 2356
f 2321 2337 2357
f 2342 2321 2357
f 2322 2338 2358
f 2343 2322 2358
f 2013 2323 2359
f 2014 2013 2359
f 2323 2339 2359
f 2324 2340 2360
f 2344 2324 2360
f 2325 2341 2361
f 2345 2325 2361
f 2326 2342 2362
f 2346 2326 2362
f 2347 2327 2363
f 2327 2343 2363
f 2328 2344 2364
f 2348 2328 2364
f 2349 2329 2365
f 2329 2345 2365
f 2350 2330 2366
f 2330 2346 2366
f 2351 2331 2367
f 2331 2347 2367
f 2332 2348 2368
f 2352 2332 2368
f 2353 2333 2369
f 2333 2349 2369
f 2334 2350 2370
f 2354 2334 2370
f 2335 2351 2371
f 2355 2335 2371
f 2356 2336 2372
f 2336 2352 2372
f 2357 2337 2373
f 2337 2353 2373
f 2358 2338 2374
f 2338 2354 2374
f 2339 2355 2375
f 2359 2339 2375
f 2027 2028 2376
f 2340 2027 2376
f 2360 2340 2376
f 2341 2356 2377
f 2361 2341 2377
f 2342 2357 2378
f 2362 2342 2378
f 2363 2343 2379
f 2343 2358 2379
f 2014 2359 2380
f 2015 2014 2380
f 2364 2344 2381
f 2344 2360 2381
f 2365 2345 2382
f 2345 2361 2382
f 2346 2362 2383
f 2366 2346 2383
f 2367 2347 2384
f 2347 2363 2384
f 2348 2364 2385
f 2368 2348 2385
f 2369 2349 2386
f 2349 2365 2386
f 2370 2350 2387
f 2350 2366 2387
f 2371 2351 2388
f 2351 2367 2388
f 2352 2368 2389
f 2372 2352 2389
f 2353 2369 2390
f 2373 2353 2390
f 2374 2354 2391
f 2354 2370 2391
f 2375 2355 2392
f 2355 2371 2392
f 2377 2356 2393
f 2356 2372 2393
f 2378 2357 2394
f 2357 2373 2394
f 2379 2358 2395
f 2358 2374 2395
f 2359 2375 2396
f 2380 2359 2396
f 2381 2360 2397
f 2028 2029 2397
f 2360 2376 2397
f 2376 2028 2397
f 2361 2377 2398
f 2382 2361 2398
f 2383 2362 2399
f 2362 2378 2399
f 2363 2379 2400
f 2384 2363 2400
f 2364 2381 2401
f 2385 2364 2401
f 2386 2365 2402
f 2365 2382 2402
f 2387 2366 2403
f 2366 2383 2403
f 2367 2384 2404
f 2388 2367 2404
f 2368 2385 2405
f 2389 2368 2405
f 2390 2369 2406
f 2369 2386 2406
f 2370 2387 2407
f 2391 2370 2407
f 2371 2388 2408
f 2392 2371 2408
f 2372 2389 2409
f 2393 2372 2409
f 2373 2390 2410
f 2394 2373 2410
f 2395 2374 2411
f 2374 2391 2411
f 2375 2392 2412
f 2396 2375 2412
f 2398 2377 2413
f 2377 2393 2413
f 2399 2378 2414
f 2378 2394 2414
f 2379 2395 2415
f 2400 2379 2415
f 2380 2396 2416
f 2016 2015 2416
f 2015 2380 2416
f 2401 2381 2417
f 2381 2397 2417
f 2382 2398 2418
f 2402 2382 2418
f 2403 2383 2419
f 2383 2399 2419
f 2404 2384 2420
f 2384 2400 2420
f 2385 2401 2421
f 2405 2385 2421
f 2406 2386 2422
f 2386 2402 2422
f 2387 2403 2423
f 2407 2387 2423
f 2408 2388 2424
f 2388 2404 2424
f 2389 2405 2425
f 2409 2389 2425
f 2390 2406 2426
f 2410 2390 2426
f 2411 2391 2427
f 2391 2407 2427
f 2412 2392 2428
f 2392 2408 2428
f 2413 2393 2429
f 2393 2409 2429
f 2394 2410 2430
f 2414 2394 2430
f 2395 2411 2431
f 2415 2395 2431
f 2396 2412 2432
f 2416 2396 2432
f 2397 2029 2433
f 2417 2397 2433
f 2029 2030 2433
f 2398 2413 2434
f 2418 2398 2434
f 2399 2414 2435
f 2419 2399 2435
f 2400 2415 2436
f 2420 2400 2436
f 2017 2016 2437
f 2016 2416 2437
f 2401 2417 2438
f 2421 2401 2438
f 2402 2418 2439
f 2422 2402 2439
f 2423 2403 2440
f 2403 2419 2440
f 2424 2404 2441
f 2404 2420 2441
f 2425 2405 2442
f 2405 2421 2442
f 2406 2422 2443
f 2426 2406 2443
f 2407 2423 2444
f 2427 2407 2444
f 2408 2424 2445
f 2428 2408 2445
f 2429 2409 2446
f 2409 2425 2446
f 2430 2410 2447
f 2410 2426 2447
f 2431 2411 2448
f 2411 2427 2448
f 2412 2428 2449
f 2432 2412 2449
f 2434 2413 2450
f 2413 2429 2450
f 2414 2430 2451
f 2435 2414 2451
f 2415 2431 2452
f 2436 2415 2452
f 2416 2432 2453
f 2437 2416 2453
f 2417 2433 2454
f 2433 2030 2454
f 2438 2417 2454
f 2030 2031 2454
f 2418 2434 2455
f 2439 2418 2455
f 2419 2435 2456
f 2440 2419 2456
f 2420 2436 2457
f 2441 2420 2457
f 2421 2438 2458
f 2442 2421 2458
f 2422 2439 2459
f 2443 2422 2459
f 2444 2423 2460
f 2423 2440 2460
f 2424 2441 2461
f 2445 2424 2461
f 2446 2425 2462
f 2425 2442 2462
f 2447 2426 2463
f 2426 2443 2463
f 2427 2444 2464
f 2448 2427 2464
f 2449 2428 2465
f 2428 2445 2465
f 2429 2446 2466
f 2450 2429 2466
f 2430 2447 2467
f 2451 2430 2467
f 2452 2431 2468
f 2431 2448 2468
f 2453 2432 2469
f 2432 2449 2469
f 2434 2450 2470
f 2455 2434 2470
f 2456 2435 2471
f 2435 2451 2471
f 2436 2452 2472
f 2457 2436 2472
f 2018 2017 2473
f 2017 2437 2473
f 2437 2453 2473
f 2458 2438 2474
f 2438 2454 2474
f 2459 2439 2475
f 2439 2455 2475
f 2460 2440 2476
f 2440 2456 2476
f 2441 2457 2477
f 2461 2441 2477
f 2442 2458 2478
f 2462 2442 2478
f 2443 2459 2479
f 2463 2443 2479
f 2464 2444 2480
f 2444 2460 2480
f 2465 2445 2481
f 2445 2461 2481
f 2446 2462 2482
f 2466 2446 2482
f 2467 2447 2483
f 2447 2463 2483
f 2448 2464 2484
f 2468 2448 2484
f 2469 2449 2485
f 2449 2465 2485
f 2450 2466 2486
f 2470 2450 2486
f 2451 2467 2487
f 2471 2451 2487
f 2452 2468 2488
f 2472 2452 2488
f 2473 2453 2489
f 2453 2469 2489
f 2031 2032 2490
f 2474 2454 2490
f 2454 2031 2490
f 2455 2470 2491
f 2475 2455 2491
f 2456 2471 2492
f 2476 2456 2492
f 2477 2457 2493
f 2457 2472 2493
f 2019 2018 2494
f 2018 2473 2494
f 2478 2458 2495
f 2458 2474 2495
f 2459 2475 2496
f 2479 2459 2496
f 2460 2476 2497
f 2480 2460 2497
f 2481 2461 2498
f 2461 2477 2498
f 2482 2462 2499
f 2462 2478 2499
f 2463 2479 2500
f 2483 2463 2500
f 2464 2480 2501
f 2484 2464 2501
f 2465 2481 2502
f 2485 2465 2502
f 2466 2482 2503
f 2486 2466 2503
f 2467 2483 2504
f 2487 2467 2504
f 2468 2484 2505
f 2488 2468 2505
f 2489 2469 2506
f 2469 2485 2506
f 2491 2470 2507
f 2470 2486 2507
f 2492 2471 2508
f 2471 2487 2508
f 2472 2488 2509
f 2493 2472 2509
f 2473 2489 2510
f 2494 2473 2510
f 2032 2033 2511
f 2490 2032 2511
f 2474 2490 2511
f 2495 2474 2511
f 2496 2475 2512
f 2475 2491 2512
f 2476 2492 2513
f 2497 2476 2513
f 2498 2477 2514
f 2477 2493 2514
f 2499 2478 2515
f 2478 2495 2515
f 2479 2496 2516
f 2500 2479 2516
f 2480 2497 2517
f 2501 2480 2517
f 2502 2481 2518
f 2481 2498 2518
f 2482 2499 2519
f 2503 2482 2519
f 2483 2500 2520
f 2504 2483 2520
f 2505 2484 2521
f 2484 2501 2521
f 2485 2502 2522
f 2506 2485 2522
f 2507 2486 2523
f 2486 2503 2523
f 2508 2487 2524
f 2487 2504 2524
f 2488 2505 2525
f 2509 2488 2525
f 2489 2506 2526
f 2510 2489 2526
f 2512 2491 2527
f 2491 2507 2527
f 2492 2508 2528
f 2513 2492 2528
f 2493 2509 2529
f 2514 2493 2529
f 2020 2019 2530
f 2494 2510 2530
f 2019 2494 2530
f 2495 2511 2531
f 2515 2495 2531
f 2496 2512 2532
f 2516 2496 2532
f 2497 2513 2533
f 2517 2497 2533
f 2498 2514 2534
f 2518 2498 2534
f 2519 2499 2535
f 2499 2515 2535
f 2500 2516 2536
f 2520 2500 2536
f 2521 2501 2537
f 2501 2517 2537
f 2502 2518 2538
f 2522 2502 2538
f 2523 2503 2539
f 2503 2519 2539
f 2524 2504 2540
f 2504 2520 2540
f 2505 2521 2541
f 2525 2505 2541
f 2506 2522 2542
f 2526 2506 2542
f 2507 2523 2543
f 2527 2507 2543
f 2508 2524 2544
f 2528 2508 2544
f 2509 2525 2545
f 2529 2509 2545
f 2530 2510 2546
f 2510 2526 2546
f 2531 2511 2547
f 2033 2034 2547
f 2511 2033 2547
f 2532 2512 2548
f 2512 2527 2548
f 2533 2513 2549
f 2513 2528 2549
f 2534 2514 2550
f 2514 2529 2550
f 2020 2530 2551
f 2021 2020 2551
f 2515 2531 2552
f 2535 2515 2552
f 2516 2532 2553
f 2536 2516 2553
f 2537 2517 2554
f 2517 2533 2554
f 2538 2518 2555
f 2518 2534 2555
f 2539 2519 2556
f 2519 2535 2556
f 2540 2520 2557
f 2520 2536 2557
f 2521 2537 2558
f 2541 2521 2558
f 2522 2538 2559
f 2542 2522 2559
f 2523 2539 2560
f 2543 2523 2560
f 2524 2540 2561
f 2544 2524 2561
f 2545 2525 2562
f 2525 2541 2562
f 2526 2542 2563
f 2546 2526 2563
f 2548 2527 2564
f 2527 2543 2564
f 2528 2544 2565
f 2549 2528 2565
f 2550 2529 2566
f 2529 2545 2566
f 2530 2546 2567
f 2551 2530 2567
f 2552 2531 2568
f 2034 2035 2568
f 2547 2034 2568
f 2531 2547 2568
f 2532 2548 2569
f 2553 2532 2569
f 2533 2549 2570
f 2554 2533 2570
f 2555 2534 2571
f 2534 2550 2571
f 2535 2552 2572
f 2556 2535 2572
f 2536 2553 2573
f 2557 2536 2573
f 2558 2537 2574
f 2537 2554 2574
f 2559 2538 2575
f 2538 2555 2575
f 2539 2556 2576
f 2560 2539 2576
f 2540 2557 2577
f 2561 2540 2577
f 2541 2558 2578
f 2562 2541 2578
f 2542 2559 2579
f 2563 2542 2579
f 2564 2543 2580
f 2543 2560 2580
f 2544 2561 2581
f 2565 2544 2581
f 2545 2562 2582
f 2566 2545 2582
f 2567 2546 2583
f 2546 2563 2583
f 2548 2564 2584
f 2569 2548 2584
f 2570 2549 2585
f 2549 2565 2585
f 2571 2550 2586
f 2550 2566 2586
f 2022 2021 2587
f 2551 2567 2587
f 2021 2551 2587
f 2572 2552 2588
f 2552 2568 2588
f 2553 2569 2589
f 2573 2553 2589
f 2554 2570 2590
f 2574 2554 2590
f 2555 2571 2591
f 2575 2555 2591
f 2556 2572 2592
f 2576 2556 2592
f 2557 2573 2593
f 2577 2557 2593
f 2558 2574 2594
f 2578 2558 2594
f 2579 2559 2595
f 2559 2575 2595
f 2560 2576 2596
f 2580 2560 2596
f 2561 2577 2597
f 2581 2561 2597
f 2562 2578 2598
f 2582 2562 2598
f 2583 2563 2599
f 2563 2579 2599
f 2564 2580 2600
f 2584 2564 2600
f 2585 2565 2601
f 2565 2581 2601
f 2586 2566 2602
f 2566 2582 2602
f 2567 2583 2603
f 2587 2567 2603
f 2568 2035 2604
f 2035 2036 2604
f 2588 2568 2604
f 2589 2569 2605
f 2569 2584 2605
f 2570 2585 2606
f 2590 2570 2606
f 2591 2571 2607
f 2571 2586 2607
f 2023 2022 2608
f 2022 2587 2608
f 2592 2572 2609
f 2572 2588 2609
f 2593 2573 2610
f 2573 2589 2610
f 2574 2590 2611
f 2594 2574 2611
f 2575 2591 2612
f 2595 2575 2612
f 2576 2592 2613
f 2596 2576 2613
f 2577 2593 2614
f 2597 2577 2614
f 2578 2594 2615
f 2598 2578 2615
f 2579 2595 2616
f 2599 2579 2616
f 2600 2580 2617
f 2580 2596 2617
f 2581 2597 2618
f 2601 2581 2618
f 2582 2598 2619
f 2602 2582 2619
f 2603 2583 2620
f 2583 2599 2620
f 2584 2600 2621
f 2605 2584 2621
f 2606 2585 2622
f 2585 2601 2622
f 2607 2586 2623
f 2586 2602 2623
f 2608 2587 2624
f 2587 2603 2624
f 2604 2036 2625
f 2588 2604 2625
f 2609 2588 2625
f 2036 2037 2625
f 2589 2605 2626
f 2610 2589 2626
f 2611 2590 2627
f 2590 2606 2627
f 2591 2607 2628
f 2612 2591 2628
f 2613 2592 2629
f 2592 2609 2629
f 2593 2610 2630
f 2614 2593 2630
f 2594 2611 2631
f 2615 2594 2631
f 2595 2612 2632
f 2616 2595 2632
f 2596 2613 2633
f 2617 2596 2633
f 2618 2597 2634
f 2597 2614 2634
f 2619 2598 2635
f 2598 2615 2635
f 2599 2616 2636
f 2620 2599 2636
f 2600 2617 2637
f 2621 2600 2637
f 2601 2618 2638
f 2622 2601 2638
f 2623 2602 2639
f 2602 2619 2639
f 2603 2620 2640
f 2624 2603 2640
f 2605 2621 2641
f 2626 2605 2641
f 2627 2606 2642
f 2606 2622 2642
f 2607 2623 2643
f 2628 2607 2643
f 2024 2023 2644
f 2053 2024 2644
f 2608 2624 2644
f 2023 2608 2644
f 2609 2625 2645
f 2629 2609 2645
f 2610 2626 2646
f 2630 2610 2646
f 2631 2611 2647
f 2611 2627 2647
f 2632 2612 2648
f 2612 2628 2648
f 2613 2629 2649
f 2633 2613 2649
f 2634 2614 2650
f 2614 2630 2650
f 2635 2615 2651
f 2615 2631 2651
f 2616 2632 2652
f 2636 2616 2652
f 2617 2633 2653
f 2637 2617 2653
f 2638 2618 2654
f 2618 2634 2654
f 2619 2635 2655
f 2639 2619 2655
f 2620 2636 2656
f 2640 2620 2656
f 2621 2637 2657
f 2641 2621 2657
f 2622 2638 2658
f 2642 2622 2658
f 2643 2623 2659
f 2623 2639 2659
f 2644 2624 2660
f 2054 2053 2660
f 2053 2644 2660
f 2624 2640 2660
f 2037 2038 2661
f 2645 2625 2661
f 2625 2037 2661
f 2626 2641 2662
f 2646 2626 2662
f 2627 2642 2663
f 2647 2627 2663
f 2628 2643 2664
f 2648 2628 2664
f 2629 2645 2665
f 2649 2629 2665
f 2630 2646 2666
f 2650 2630 2666
f 2631 2647 2667
f 2651 2631 2667
f 2632 2648 2668
f 2652 2632 2668
f 2653 2633 2669
f 2633 2649 2669
f 2654 2634 2670
f 2634 2650 2670
f 2655 2635 2671
f 2635 2651 2671
f 2636 2652 2672
f 2656 2636 2672
f 2657 2637 2673
f 2637 2653 2673
f 2658 2638 2674
f 2638 2654 2674
f 2659 2639 2675
f 2639 2655 2675
f 2055 2054 2676
f 2640 2656 2676
f 2054 2660 2676
f 2660 2640 2676
f 2662 2641 2677
f 2641 2657 2677
f 2663 2642 2678
f 2642 2658 2678
f 2643 2659 2679
f 2664 2643 2679
f 2665 2645 2680
f 2661 2038 2680
f 2645 2661 2680
f 2666 2646 2681
f 2646 2662 2681
f 2647 2663 2682
f 2667 2647 2682
f 2668 2648 2683
f 2648 2664 2683
f 2649 2665 2684
f 2669 2649 2684
f 2670 2650 2685
f 2650 2666 2685
f 2651 2667 2686
f 2671 2651 2686
f 2672 2652 2687
f 2652 2668 2687
f 2653 2669 2688
f 2673 2653 2688
f 2654 2670 2689
f 2674 2654 2689
f 2675 2655 2690
f 2655 2671 2690
f 2656 2672 2691
f 2055 2676 2691
f 2056 2055 2691
f 2676 2656 2691
f 2657 2673 2692
f 2677 2657 2692
f 2678 2658 2693
f 2658 2674 2693
f 2659 2675 2694
f 2679 2659 2694
f 2681 2662 2695
f 2662 2677 2695
f 2682 2663 2696
f 2663 2678 2696
f 2664 2679 2697
f 2683 2664 2697
f 2665 2680 2698
f 2684 2665 2698
f 2666 2681 2699
f 2685 2666 2699
f 2667 2682 2700
f 2686 2667 2700
f 2687 2668 2701
f 2668 2683 2701
f 2688 2669 2702
f 2669 2684 2702
f 2670 2685 2703
f 2689 2670 2703
f 2671 2686 2704
f 2690 2671 2704
f 2672 2687 2705
f 2057 2056 2705
f 2691 2672 2705
f 2056 2691 2705
f 2692 2673 2706
f 2673 2688 2706
f 2674 2689 2707
f 2693 2674 2707
f 2675 2690 2708
f 2694 2675 2708
f 2677 2692 2709
f 2695 2677 2709
f 2678 2693 2710
f 2696 2678 2710
f 2679 2694 2711
f 2697 2679 2711
f 2038 2039 2712
f 2680 2038 2712
f 2698 2680 2712
f 2699 2681 2713
f 2681 2695 2713
f 2682 2696 2714
f 2700 2682 2714
f 2683 2697 2715
f 2701 2683 2715
f 2684 2698 2716
f 2702 2684 2716
f 2685 2699 2717
f 2703 2685 2717
f 2686 2700 2718
f 2704 2686 2718
f 2687 2701 2719
f 2057 2705 2719
f 2058 2057 2719
f 2705 2687 2719
f 2706 2688 2720
f 2688 2702 2720
f 2707 2689 2721
f 2689 2703 2721
f 2690 2704 2722
f 2708 2690 2722
f 2709 2692 2723
f 2692 2706 2723
f 2693 2707 2724
f 2710 2693 2724
f 2711 2694 2725
f 2694 2708 2725
f 2695 2709 2726
f 2713 2695 2726
f 2714 2696 2727
f 2696 2710 2727
f 2715 2697 2728
f 2697 2711 2728
f 2712 2039 2729
f 2039 2040 2729
f 2698 2712 2729
f 2716 2698 2729
f 2717 2699 2730
f 2699 2713 2730
f 2700 2714 2731
f 2718 2700 2731
f 2701 2715 2732
f 2059 2058 2732
f 2058 2719 2732
f 2719 2701 2732
f 2702 2716 2733
f 2720 2702 2733
f 2721 2703 2734
f 2703 2717 2734
f 2722 2704 2735
f 2704 2718 2735
f 2723 2706 2736
f 2706 2720 2736
f 2724 2707 2737
f 2707 2721 2737
f 2708 2722 2738
f 2725 2708 2738
f 2726 2709 2739
f 2709 2723 2739
f 2727 2710 2740
f 2710 2724 2740
f 2711 2725 2741
f 2728 2711 2741
f 2713 2726 2742
f 2730 2713 2742
f 2714 2727 2743
f 2731 2714 2743
f 2715 2728 2744
f 2732 2715 2744
f 2059 2732 2744
f 2060 2059 2744
f 2716 2729 2745
f 2733 2716 2745
f 2734 2717 2746
f 2717 2730 2746
f 2735 2718 2747
f 2718 2731 2747
f 2720 2733 2748
f 2736 2720 2748
f 2737 2721 2749
f 2721 2734 2749
f 2722 2735 2750
f 2738 2722 2750
f 2723 2736 2751
f 2739 2723 2751
f 2724 2737 2752
f 2740 2724 2752
f 2725 2738 2753
f 2741 2725 2753
f 2726 2739 2754
f 2742 2726 2754
f 2743 2727 2755
f 2727 2740 2755
f 2744 2728 2756
f 2728 2741 2756
f 2060 2744 2756
f 2061 2060 2756
f 2745 2729 2757
f 2040 2041 2757
f 2729 2040 2757
f 2730 2742 2758
f 2746 2730 2758
f 2731 2743 2759
f 2747 2731 2759
f 2733 2745 2760
f 2748 2733 2760
f 2749 2734 2761
f 2734 2746 2761
f 2750 2735 2762
f 2735 2747 2762
f 2751 2736 2763
f 2736 2748 2763
f 2737 2749 2764
f 2752 2737 2764
f 2753 2738 2765
f 2738 2750 2765
f 2754 2739 2766
f 2739 2751 2766
f 2755 2740 2767
f 2740 2752 2767
f 2756 2741 2768
f 2062 2061 2768
f 2061 2756 2768
f 2741 2753 2768
f 2742 2754 2769
f 2758 2742 2769
f 2743 2755 2770
f 2759 2743 2770
f 2760 2745 2771
f 2041 2042 2771
f 2745 2757 2771
f 2757 2041 2771
f 2746 2758 2772
f 2761 2746 2772
f 2762 2747 2773
f 2747 2759 2773
f 2748 2760 2774
f 2763 2748 2774
f 2764 2749 2775
f 2749 2761 2775
f 2750 2762 2776
f 2765 2750 2776
f 2766 2751 2777
f 2751 2763 2777
f 2752 2764 2778
f 2767 2752 2778
f 2062 2768 2779
f 2753 2765 2779
f 2063 2062 2779
f 2768 2753 2779
f 2769 2754 2780
f 2754 2766 2780
f 2770 2755 2781
f 2755 2767 2781
f 2772 2758 2782
f 2758 2769 2782
f 2773 2759 2783
f 2759 2770 2783
f 2760 2771 2784
f 2774 2760 2784
f 2761 2772 2785
f 2775 2761 2785
f 2776 2762 2786
f 2762 2773 2786
f 2777 2763 2787
f 2763 2774 2787
f 2764 2775 2788
f 2778 2764 2788
f 2779 2765 2789
f 2765 2776 2789
f 2063 2779 2789
f 2064 2063 2789
f 2766 2777 2790
f 2780 2766 2790
f 2767 2778 2791
f 2781 2767 2791
f 2769 2780 2792
f 2782 2769 2792
f 2770 2781 2793
f 2783 2770 2793
f 2771 2042 2794
f 2042 2043 2794
f 2784 2771 2794
f 2785 2772 2795
f 2772 2782 2795
f 2786 2773 2796
f 2773 2783 2796
f 2774 2784 2797
f 2787 2774 2797
f 2788 2775 2798
f 2775 2785 2798
f 2065 2064 2799
f 2789 2776 2799
f 2064 2789 2799
f 2776 2786 2799
f 2790 2777 2800
f 2777 2787 2800
f 2778 2788 2801
f 2791 2778 2801
f 2780 2790 2802
f 2792 2780 2802
f 2781 2791 2803
f 2793 2781 2803
f 2782 2792 2804
f 2795 2782 2804
f 2796 2783 2805
f 2783 2793 2805
f 2043 2044 2806
f 2794 2043 2806
f 2784 2794 2806
f 2797 2784 2806
f 2785 2795 2807
f 2798 2785 2807
f 2799 2786 2808
f 2065 2799 2808
f 2786 2796 2808
f 2787 2797 2809
f 2800 2787 2809
f 2788 2798 2810
f 2801 2788 2810
f 2790 2800 2811
f 2802 2790 2811
f 2791 2801 2812
f 2803 2791 2812
f 2792 2802 2813
f 2804 2792 2813
f 2805 2793 2814
f 2793 2803 2814
f 2795 2804 2815
f 2807 2795 2815
f 2796 2805 2816
f 2065 2808 2816
f 2066 2065 2816
f 2808 2796 2816
f 2809 2797 2817
f 2797 2806 2817
f 2810 2798 2818
f 2798 2807 2818
f 2800 2809 2819
f 2811 2800 2819
f 2812 2801 2820
f 2801 2810 2820
f 2813 2802 2821
f 2802 2811 2821
f 2803 2812 2822
f 2814 2803 2822
f 2815 2804 2823
f 2804 2813 2823
f 2816 2805 2824
f 2066 2816 2824
f 2067 2066 2824
f 2805 2814 2824
f 2806 2044 2825
f 2817 2806 2825
f 2044 2045 2825
f 2818 2807 2826
f 2807 2815 2826
f 2809 2817 2827
f 2819 2809 2827
f 2810 2818 2828
f 2820 2810 2828
f 2811 2819 2829
f 2821 2811 2829
f 2812 2820 2830
f 2822 2812 2830
f 2823 2813 2831
f 2813 2821 2831
f 2068 2067 2832
f 2067 2824 2832
f 2824 2814 2832
f 2814 2822 2832
f 2815 2823 2833
f 2826 2815 2833
f 2045 2046 2834
f 2827 2817 2834
f 2817 2825 2834
f 2825 2045 2834
f 2818 2826 2835
f 2828 2818 2835
f 2829 2819 2836
f 2819 2827 2836
f 2830 2820 2837
f 2820 2828 2837
f 2821 2829 2838
f 2831 2821 2838
f 2068 2832 2839
f 2822 2830 2839
f 2832 2822 2839
f 2069 2068 2839
f 2823 2831 2840
f 2833 2823 2840
f 2826 2833 2841
f 2835 2826 2841
f 2827 2834 2842
f 2836 2827 2842
f 2828 2835 2843
f 2837 2828 2843
f 2829 2836 2844
f 2838 2829 2844
f 2839 2830 2845
f 2069 2839 2845
f 2070 2069 2845
f 2830 2837 2845
f 2831 2838 2846
f 2840 2831 2846
f 2841 2833 2847
f 2833 2840 2847
f 2046 2047 2848
f 2834 2046 2848
f 2842 2834 2848
f 2843 2835 2849
f 2835 2841 2849
f 2836 2842 2850
f 2844 2836 2850
f 2837 2843 2851
f 2845 2837 2851
f 2070 2845 2851
f 2071 2070 2851
f 2838 2844 2852
f 2846 2838 2852
f 2847 2840 2853
f 2840 2846 2853
f 2849 2841 2854
f 2841 2847 2854
f 2848 2047 2855
f 2850 2842 2855
f 2842 2848 2855
f 2047 2048 2855
f 2843 2849 2856
f 2071 2851 2856
f 2072 2071 2856
f 2851 2843 2856
f 2852 2844 2857
f 2844 2850 2857
f 2853 2846 2858
f 2846 2852 2858
f 2847 2853 2859
f 2854 2847 2859
f 2849 2854 2860
f 2856 2849 2860
f 2072 2856 2860
f 2073 2072 2860
f 2850 2855 2861
f 2857 2850 2861
f 2858 2852 2862
f 2852 2857 2862
f 2859 2853 2863
f 2853 2858 2863
f 2860 2854 2864
f 2854 2859 2864
f 2074 2073 2864
f 2073 2860 2864
f 2048 2049 2865
f 2855 2048 2865
f 2861 2855 2865
f 2857 2861 2866
f 2862 2857 2866
f 2858 2862 2867
f 2863 2858 2867
f 2074 2864 2868
f 2075 2074 2868
f 2859 2863 2868
f 2864 2859 2868
f 2049 2050 2869
f 2865 2049 2869
f 2861 2865 2869
f 2866 2861 2869
f 2867 2862 2870
f 2862 2866 2870
f 2863 2867 2871
f 2075 2868 2871
f 2076 2075 2871
f 2868 2863 2871
f 2866 2869 2872
f 2870 2866 2872
f 2076 2871 2873
f 2871 2867 2873
f 2867 2870 2873
f 2077 2076 2873
f 2872 2869 2874
f 2050 2051 2874
f 2869 2050 2874
f 2873 2870 2875
f 2870 2872 2875
f 2077 2873 2875
f 2078 2077 2875
f 2875 2872 2876
f 2872 2874 2876
f 2874 2051 2876
f 2078 2875 2876
f 2051 2052 2876
f 2052 2078 2876
f 2877 2878 2880
f 2879 2877 2880
f 2882 2881 2963
f 2963 2881 2964
f 2964 2881 2965
f 2883 2882 2966
f 2963 2964 2966
f 2882 2963 2966
f 2965 2881 2967
f 2964 2965 2968
f 2966 2964 2968
f 2884 2883 2969
f 2883 2966 2969
f 2967 2881 2970
f 2965 2967 2971
f 2968 2965 2971
f 2966 2968 2972
f 2969 2966 2972
f 2970 2881 2973
f 2967 2970 2974
f 2971 2967 2974
f 2972 2968 2975
f 2968 2971 2975
f 2885 2884 2976
f 2884 2969 2976
f 2969 2972 2976
f 2973 2881 2977
f 2974 2970 2978
f 2970 2973 2978
f 2975 2971 2979
f 2971 2974 2979
f 2972 2975 2980
f 2976 2972 2980
f 2977 2881 2981
f 2886 2885 2982
f 2885 2976 2982
f 2973 2977 2983
f 2978 2973 2983
f 2979 2974 2984
f 2974 2978 2984
f 2980 2975 2985
f 2975 2979 2985
f 2981 2881 2986
f 2976 2980 2987
f 2982 2976 2987
f 2977 2981 2988
f 2983 2977 2988
f 2978 2983 2989
f 2984 2978 2989
f 2979 2984 2990
f 2985 2979 2990
f 2986 2881 2991
f 2980 2985 2992
f 2987 2980 2992
f 2988 2981 2993
f 2981 2986 2993
f 2887 2886 2994
f 2982 2987 2994
f 2886 2982 2994
f 2989 2983 2995
f 2983 2988 2995
f 2990 2984 2996
f 2984 2989 2996
f 2991 2881 2997
f 2992 2985 2998
f 2985 2990 2998
f 2986 2991 2999
f 2993 2986 2999
f 2987 2992 3000
f 2994 2987 3000
f 2988 2993 3001
f 2995 2988 3001
f 2888 2887 3002
f 2887 2994 3002
f 2996 2989 3003
f 2989 2995 3003
f 2997 2881 3004
f 2998 2990 3005
f 2990 2996 3005
f 2991 2997 3006
f 2999 2991 3006
f 2992 2998 3007
f 3000 2992 3007
f 2993 2999 3008
f 3001 2993 3008
f 2994 3000 3009
f 3002 2994 3009
f 2995 3001 3010
f 3003 2995 3010
f 3004 2881 3011
f 2996 3003 3012
f 3005 2996 3012
f 3006 2997 3013
f 2997 3004 3013
f 3007 2998 3014
f 2998 3005 3014
f 2999 3006 3015
f 3008 2999 3015
f 3000 3007 3016
f 3009 3000 3016
f 3010 3001 3017
f 3001 3008 3017
f 2889 2888 3018
f 3002 3009 3018
f 2888 3002 3018
f 3011 2881 3019
f 3012 3003 3020
f 3003 3010 3020
f 3004 3011 3021
f 3013 3004 3021
f 3014 3005 3022
f 3005 3012 3022
f 3006 3013 3023
f 3015 3006 3023
f 3007 3014 3024
f 3016 3007 3024
f 3008 3015 3025
f 3017 3008 3025
f 3009 3016 3026
f 3018 3009 3026
f 2881 2909 3027
f 3019 2881 3027
f 3020 3010 3028
f 3010 3017 3028
f 2890 2889 3029
f 2889 3018 3029
f 3011 3019 3030
f 3021 3011 3030
f 3022 3012 3031
f 3012 3020 3031
f 3023 3013 3032
f 3013 3021 3032
f 3014 3022 3033
f 3024 3014 3033
f 3025 3015 3034
f 3015 3023 3034
f 3026 3016 3035
f 3016 3024 3035
f 3027 2909 3036
f 3017 3025 3037
f 3028 3017 3037
f 3018 3026 3038
f 3029 3018 3038
f 3030 3019 3039
f 3019 3027 3039
f 3020 3028 3040
f 3031 3020 3040
f 3021 3030 3041
f 3032 3021 3041
f 3022 3031 3042
f 3033 3022 3042
f 3023 3032 3043
f 3034 3023 3043
f 3024 3033 3044
f 3035 3024 3044
f 3036 2909 3045
f 3037 3025 3046
f 3025 3034 3046
f 3026 3035 3047
f 3038 3026 3047
f 3027 3036 3048
f 3039 3027 3048
f 3028 3037 3049
f 3040 3028 3049
f 2891 2890 3050
f 2890 3029 3050
f 3029 3038 3050
f 3041 3030 3051
f 3030 3039 3051
f 3031 3040 3052
f 3042 3031 3052
f 3032 3041 3053
f 3043 3032 3053
f 3044 3033 3054
f 3033 3042 3054
f 3045 2909 3055
f 3034 3043 3056
f 3046 3034 3056
f 3035 3044 3057
f 3047 3035 3057
f 3036 3045 3058
f 3048 3036 3058
f 3049 3037 3059
f 3037 3046 3059
f 3038 3047 3060
f 3050 3038 3060
f 3051 3039 3061
f 3039 3048 3061
f 3040 3049 3062
f 3052 3040 3062
f 2892 2891 3063
f 2891 3050 3063
f 3041 3051 3064
f 3053 3041 3064
f 3042 3052 3065
f 3054 3042 3065
f 3055 2909 3066
f 3056 3043 3067
f 3043 3053 3067
f 3044 3054 3068
f 3057 3044 3068
f 3058 3045 3069
f 3045 3055 3069
f 3059 3046 3070
f 3046 3056 3070
f 3060 3047 3071
f 3047 3057 3071
f 3048 3058 3072
f 3061 3048 3072
f 3049 3059 3073
f 3062 3049 3073
f 3050 3060 3074
f 3063 3050 3074
f 3064 3051 3075
f 3051 3061 3075
f 3065 3052 3076
f 3052 3062 3076
f 3066 2909 3077
f 3053 3064 3078
f 3067 3053 3078
f 3068 3054 3079
f 3054 3065 3079
f 3055 3066 3080
f 3069 3055 3080
f 3056 3067 3081
f 3070 3056 3081
f 3057 3068 3082
f 3071 3057 3082
f 3058 3069 3083
f 3072 3058 3083
f 3073 3059 3084
f 3059 3070 3084
f 3060 3071 3085
f 3074 3060 3085
f 3061 3072 3086
f 3075 3061 3086
f 3062 3073 3087
f 3076 3062 3087
f 2893 2892 3088
f 2892 3063 3088
f 3063 3074 3088
f 3077 2909 3089
f 3064 3075 3090
f 3078 3064 3090
f 3065 3076 3091
f 3079 3065 3091
f 3080 3066 3092
f 3066 3077 3092
f 3081 3067 3093
f 3067 3078 3093
f 3068 3079 3094
f 3082 3068 3094
f 3083 3069 3095
f 3069 3080 3095
f 3084 3070 3096
f 3070 3081 3096
f 3071 3082 3097
f 3085 3071 3097
f 3072 3083 3098
f 3086 3072 3098
f 3073 3084 3099
f 3087 3073 3099
f 3074 3085 3100
f 3088 3074 3100
f 3089 2909 3101
f 3090 3075 3102
f 3075 3086 3102
f 3076 3087 3103
f 3091 3076 3103
f 2894 2893 3104
f 2893 3088 3104
f 3092 3077 3105
f 3077 3089 3105
f 3078 3090 3106
f 3093 3078 3106
f 3079 3091 3107
f 3094 3079 3107
f 3080 3092 3108
f 3095 3080 3108
f 3081 3093 3109
f 3096 3081 3109
f 3082 3094 3110
f 3097 3082 3110
f 3083 3095 3111
f 3098 3083 3111
f 3084 3096 3112
f 3099 3084 3112
f 3085 3097 3113
f 3100 3085 3113
f 3101 2909 3114
f 3086 3098 3115
f 3102 3086 3115
f 3087 3099 3116
f 3103 3087 3116
f 3088 3100 3117
f 3104 3088 3117
f 3089 3101 3118
f 3105 3089 3118
f 3106 3090 3119
f 3090 3102 3119
f 3091 3103 3120
f 3107 3091 3120
f 3092 3105 3121
f 3108 3092 3121
f 3093 3106 3122
f 3109 3093 3122
f 3110 3094 3123
f 3094 3107 3123
f 3111 3095 3124
f 3095 3108 3124
f 3112 3096 3125
f 3096 3109 3125
f 3113 3097 3126
f 3097 3110 3126
f 3114 2909 3127
f 3098 3111 3128
f 3115 3098 3128
f 3116 3099 3129
f 3099 3112 3129
f 3100 3113 3130
f 3117 3100 3130
f 3101 3114 3131
f 3118 3101 3131
f 3102 3115 3132
f 3119 3102 3132
f 3120 3103 3133
f 3103 3116 3133
f 3104 3117 3134
f 2894 3104 3134
f 3105 3118 3135
f 3121 3105 3135
f 3106 3119 3136
f 3122 3106 3136
f 3107 3120 3137
f 3123 3107 3137
f 3124 3108 3138
f 3108 3121 3138
f 3109 3122 3139
f 3125 3109 3139
f 3126 3110 3140
f 3110 3123 3140
f 3127 2909 3141
f 3111 3124 3142
f 3128 3111 3142
f 3112 3125 3143
f 3129 3112 3143
f 3130 3113 3144
f 3113 3126 3144
f 3114 3127 3145
f 3131 3114 3145
f 3132 3115 3146
f 3115 3128 3146
f 3116 3129 3147
f 3133 3116 3147
f 3117 3130 3148
f 3134 3117 3148
f 3135 3118 3149
f 3118 3131 3149
f 3136 3119 3150
f 3119 3132 3150
f 3137 3120 3151
f 3120 3133 3151
f 2895 2894 3152
f 2894 3134 3152
f 3121 3135 3153
f 3138 3121 3153
f 3139 3122 3154
f 3122 3136 3154
f 3123 3137 3155
f 3140 3123 3155
f 3141 2909 3156
f 3124 3138 3157
f 3142 3124 3157
f 3125 3139 3158
f 3143 3125 3158
f 3126 3140 3159
f 3144 3126 3159
f 3127 3141 3160
f 3145 3127 3160
f 3146 3128 3161
f 3128 3142 3161
f 3147 3129 3162
f 3129 3143 3162
f 3148 3130 3163
f 3130 3144 3163
f 3131 3145 3164
f 3149 3131 3164
f 3132 3146 3165
f 3150 3132 3165
f 3151 3133 3166
f 3133 3147 3166
f 3134 3148 3167
f 3152 3134 3167
f 3153 3135 3168
f 3135 3149 3168
f 3154 3136 3169
f 3136 3150 3169
f 3137 3151 3170
f 3155 3137 3170
f 3156 2909 3171
f 3138 3153 3172
f 3157 3138 3172
f 3158 3139 3173
f 3139 3154 3173
f 3140 3155 3174
f 3159 3140 3174
f 3160 3141 3175
f 3141 3156 3175
f 3142 3157 3176
f 3161 3142 3176
f 3143 3158 3177
f 3162 3143 3177
f 3163 3144 3178
f 3144 3159 3178
f 3164 3145 3179
f 3145 3160 3179
f 3165 3146 3180
f 3146 3161 3180
f 3166 3147 3181
f 3147 3162 3181
f 3167 3148 3182
f 3148 3163 3182
f 3168 3149 3183
f 3149 3164 3183
f 3169 3150 3184
f 3150 3165 3184
f 3151 3166 3185
f 3170 3151 3185
f 2896 2895 3186
f 2895 3152 3186
f 3152 3167 3186
f 3171 2909 3187
f 3153 3168 3188
f 3172 3153 3188
f 3173 3154 3189
f 3154 3169 3189
f 3155 3170 3190
f 3174 3155 3190
f 3156 3171 3191
f 3175 3156 3191
f 3176 3157 3192
f 3157 3172 3192
f 3158 3173 3193
f 3177 3158 3193
f 3178 3159 3194
f 3159 3174 3194
f 3179 3160 3195
f 3160 3175 3195
f 3180 3161 3196
f 3161 3176 3196
f 3181 3162 3197
f 3162 3177 3197
f 3182 3163 3198
f 3163 3178 3198
f 3183 3164 3199
f 3164 3179 3199
f 3184 3165 3200
f 3165 3180 3200
f 3185 3166 3201
f 3166 3181 3201
f 3186 3167 3202
f 3167 3182 3202
f 2909 2910 3203
f 3187 2909 3203
f 3188 3168 3204
f 3168 3183 3204
f 3189 3169 3205
f 3169 3184 3205
f 3170 3185 3206
f 3190 3170 3206
f 2897 2896 3207
f 2896 3186 3207
f 3171 3187 3208
f 3191 3171 3208
f 3172 3188 3209
f 3192 3172 3209
f 3193 3173 3210
f 3173 3189 3210
f 3174 3190 3211
f 3194 3174 3211
f 3195 3175 3212
f 3175 3191 3212
f 3196 3176 3213
f 3176 3192 3213
f 3197 3177 3214
f 3177 3193 3214
f 3198 3178 3215
f 3178 3194 3215
f 3179 3195 3216
f 3199 3179 3216
f 3180 3196 3217
f 3200 3180 3217
f 3181 3197 3218
f 3201 3181 3218
f 3182 3198 3219
f 3202 3182 3219
f 3183 3199 3220
f 3204 3183 3220
f 3184 3200 3221
f 3205 3184 3221
f 3185 3201 3222
f 3206 3185 3222
f 3186 3202 3223
f 3207 3186 3223
f 2910 2911 3224
f 3187 3203 3224
f 3203 2910 3224
f 3208 3187 3224
f 3188 3204 3225
f 3209 3188 3225
f 3189 3205 3226
f 3210 3189 3226
f 3211 3190 3227
f 3190 3206 3227
f 3212 3191 3228
f 3191 3208 3228
f 3213 3192 3229
f 3192 3209 3229
f 3193 3210 3230
f 3214 3193 3230
f 3215 3194 3231
f 3194 3211 3231
f 3216 3195 3232
f 3195 3212 3232
f 3217 3196 3233
f 3196 3213 3233
f 3197 3214 3234
f 3218 3197 3234
f 3219 3198 3235
f 3198 3215 3235
f 3199 3216 3236
f 3220 3199 3236
f 3200 3217 3237
f 3221 3200 3237
f 3201 3218 3238
f 3222 3201 3238
f 3202 3219 3239
f 3223 3202 3239
f 3204 3220 3240
f 3225 3204 3240
f 3205 3221 3241
f 3226 3205 3241
f 3206 3222 3242
f 3227 3206 3242
f 2897 3207 3243
f 2898 2897 3243
f 3207 3223 3243
f 3208 3224 3244
f 3228 3208 3244
f 3209 3225 3245
f 3229 3209 3245
f 3210 3226 3246
f 3230 3210 3246
f 3231 3211 3247
f 3211 3227 3247
f 3212 3228 3248
f 3232 3212 3248
f 3233 3213 3249
f 3213 3229 3249
f 3234 3214 3250
f 3214 3230 3250
f 3235 3215 3251
f 3215 3231 3251
f 3216 3232 3252
f 3236 3216 3252
f 3237 3217 3253
f 3217 3233 3253
f 3218 3234 3254
f 3238 3218 3254
f 3219 3235 3255
f 3239 3219 3255
f 3240 3220 3256
f 3220 3236 3256
f 3241 3221 3257
f 3221 3237 3257
f 3242 3222 3258
f 3222 3238 3258
f 3223 3239 3259
f 3243 3223 3259
f 2911 2912 3260
f 3224 2911 3260
f 3244 3224 3260
f 3225 3240 3261
f 3245 3225 3261
f 3226 3241 3262
f 3246 3226 3262
f 3247 3227 3263
f 3227 3242 3263
f 2898 3243 3264
f 2899 2898 3264
f 3248 3228 3265
f 3228 3244 3265
f 3249 3229 3266
f 3229 3245 3266
f 3230 3246 3267
f 3250 3230 3267
f 3251 3231 3268
f 3231 3247 3268
f 3232 3248 3269
f 3252 3232 3269
f 3253 3233 3270
f 3233 3249 3270
f 3254 3234 3271
f 3234 3250 3271
f 3255 3235 3272
f 3235 3251 3272
f 3236 3252 3273
f 3256 3236 3273
f 3237 3253 3274
f 3257 3237 3274
f 3258 3238 3275
f 3238 3254 3275
f 3259 3239 3276
f 3239 3255 3276
f 3261 3240 3277
f 3240 3256 3277
f 3262 3241 3278
f 3241 3257 3278
f 3263 3242 3279
f 3242 3258 3279
f 3243 3259 3280
f 3264 3243 3280
f 3265 3244 3281
f 2912 2913 3281
f 3244 3260 3281
f 3260 2912 3281
f 3245 3261 3282
f 3266 3245 3282
f 3267 3246 3283
f 3246 3262 3283
f 3247 3263 3284
f 3268 3247 3284
f 3248 3265 3285
f 3269 3248 3285
f 3270 3249 3286
f 3249 3266 3286
f 3271 3250 3287
f 3250 3267 3287
f 3251 3268 3288
f 3272 3251 3288
f 3252 3269 3289
f 3273 3252 3289
f 3274 3253 3290
f 3253 3270 3290
f 3254 3271 3291
f 3275 3254 3291
f 3255 3272 3292
f 3276 3255 3292
f 3256 3273 3293
f 3277 3256 3293
f 3257 3274 3294
f 3278 3257 3294
f 3279 3258 3295
f 3258 3275 3295
f 3259 3276 3296
f 3280 3259 3296
f 3282 3261 3297
f 3261 3277 3297
f 3283 3262 3298
f 3262 3278 3298
f 3263 3279 3299
f 3284 3263 3299
f 3264 3280 3300
f 2900 2899 3300
f 2899 3264 3300
f 3285 3265 3301
f 3265 3281 3301
f 3266 3282 3302
f 3286 3266 3302
f 3287 3267 3303
f 3267 3283 3303
f 3288 3268 3304
f 3268 3284 3304
f 3269 3285 3305
f 3289 3269 3305
f 3290 3270 3306
f 3270 3286 3306
f 3271 3287 3307
f 3291 3271 3307
f 3292 3272 3308
f 3272 3288 3308
f 3273 3289 3309
f 3293 3273 3309
f 3274 3290 3310
f 3294 3274 3310
f 3295 3275 3311
f 3275 3291 3311
f 3296 3276 3312
f 3276 3292 3312
f 3297 3277 3313
f 3277 3293 3313
f 3278 3294 3314
f 3298 3278 3314
f 3279 3295 3315
f 3299 3279 3315
f 3280 3296 3316
f 3300 3280 3316
f 3281 2913 3317
f 3301 3281 3317
f 2913 2914 3317
f 3282 3297 3318
f 3302 3282 3318
f 3283 3298 3319
f 3303 3283 3319
f 3284 3299 3320
f 3304 3284 3320
f 2901 2900 3321
f 2900 3300 3321
f 3285 3301 3322
f 3305 3285 3322
f 3286 3302 3323
f 3306 3286 3323
f 3307 3287 3324
f 3287 3303 3324
f 3308 3288 3325
f 3288 3304 3325
f 3309 3289 3326
f 3289 3305 3326
f 3290 3306 3327
f 3310 3290 3327
f 3291 3307 3328
f 3311 3291 3328
f 3292 3308 3329
f 3312 3292 3329
f 3313 3293 3330
f 3293 3309 3330
f 3314 3294 3331
f 3294 3310 3331
f 3315 3295 3332
f 3295 3311 3332
f 3296 3312 3333
f 3316 3296 3333
f 3318 3297 3334
f 3297 3313 3334
f 3298 3314 3335
f 3319 3298 3335
f 3299 3315 3336
f 3320 3299 3336
f 3300 3316 3337
f 3321 3300 3337
f 3301 3317 3338
f 3317 2914 3338
f 3322 3301 3338
f 2914 2915 3338
f 3302 3318 3339
f 3323 3302 3339
f 3303 3319 3340
f 3324 3303 3340
f 3304 3320 3341
f 3325 3304 3341
f 3305 3322 3342
f 3326 3305 3342
f 3306 3323 3343
f 3327 3306 3343
f 3328 3307 3344
f 3307 3324 3344
f 3308 3325 3345
f 3329 3308 3345
f 3330 3309 3346
f 3309 3326 3346
f 3331 3310 3347
f 3310 3327 3347
f 3311 3328 3348
f 3332 3311 3348
f 3333 3312 3349
f 3312 3329 3349
f 3313 3330 3350
f 3334 3313 3350
f 3314 3331 3351
f 3335 3314 3351
f 3336 3315 3352
f 3315 3332 3352
f 3337 3316 3353
f 3316 3333 3353
f 3318 3334 3354
f 3339 3318 3354
f 3340 3319 3355
f 3319 3335 3355
f 3320 3336 3356
f 3341 3320 3356
f 2902 2901 3357
f 2901 3321 3357
f 3321 3337 3357
f 3342 3322 3358
f 3322 3338 3358
f 3343 3323 3359
f 3323 3339 3359
f 3344 3324 3360
f 3324 3340 3360
f 3325 3341 3361
f 3345 3325 3361
f 3326 3342 3362
f 3346 3326 3362
f 3327 3343 3363
f 3347 3327 3363
f 3348 3328 3364
f 3328 3344 3364
f 3349 3329 3365
f 3329 3345 3365
f 3330 3346 3366
f 3350 3330 3366
f 3351 3331 3367
f 3331 3347 3367
f 3332 3348 3368
f 3352 3332 3368
f 3353 3333 3369
f 3333 3349 3369
f 3334 3350 3370
f 3354 3334 3370
f 3335 3351 3371
f 3355 3335 3371
f 3336 3352 3372
f 3356 3336 3372
f 3357 3337 3373
f 3337 3353 3373
f 2915 2916 3374
f 3358 3338 3374
f 3338 2915 3374
f 3339 3354 3375
f 3359 3339 3375
f 3340 3355 3376
f 3360 3340 3376
f 3361 3341 3377
f 3341 3356 3377
f 2903 2902 3378
f 2902 3357 3378
f 3362 3342 3379
f 3342 3358 3379
f 3343 3359 3380
f 3363 3343 3380
f 3344 3360 3381
f 3364 3344 3381
f 3365 3345 3382
f 3345 3361 3382
f 3366 3346 3383
f 3346 3362 3383
f 3347 3363 3384
f 3367 3347 3384
f 3348 3364 3385
f 3368 3348 3385
f 3349 3365 3386
f 3369 3349 3386
f 3350 3366 3387
f 3370 3350 3387
f 3351 3367 3388
f 3371 3351 3388
f 3352 3368 3389
f 3372 3352 3389
f 3373 3353 3390
f 3353 3369 3390
f 3375 3354 3391
f 3354 3370 3391
f 3376 3355 3392
f 3355 3371 3392
f 3356 3372 3393
f 3377 3356 3393
f 3357 3373 3394
f 3378 3357 3394
f 2916 2917 3395
f 3374 2916 3395
f 3358 3374 3395
f 3379 3358 3395
f 3380 3359 3396
f 3359 3375 3396
f 3360 3376 3397
f 3381 3360 3397
f 3382 3361 3398
f 3361 3377 3398
f 3383 3362 3399
f 3362 3379 3399
f 3363 3380 3400
f 3384 3363 3400
f 3364 3381 3401
f 3385 3364 3401
f 3386 3365 3402
f 3365 3382 3402
f 3366 3383 3403
f 3387 3366 3403
f 3367 3384 3404
f 3388 3367 3404
f 3389 3368 3405
f 3368 3385 3405
f 3369 3386 3406
f 3390 3369 3406
f 3391 3370 3407
f 3370 3387 3407
f 3392 3371 3408
f 3371 3388 3408
f 3372 3389 3409
f 3393 3372 3409
f 3373 3390 3410
f 3394 3373 3410
f 3396 3375 3411
f 3375 3391 3411
f 3376 3392 3412
f 3397 3376 3412
f 3377 3393 3413
f 3398 3377 3413
f 2904 2903 3414
f 3378 3394 3414
f 2903 3378 3414
f 3379 3395 3415
f 3399 3379 3415
f 3380 3396 3416
f 3400 3380 3416
f 3381 3397 3417
f 3401 3381 3417
f 3382 3398 3418
f 3402 3382 3418
f 3403 3383 3419
f 3383 3399 3419
f 3384 3400 3420
f 3404 3384 3420
f 3405 3385 3421
f 3385 3401 3421
f 3386 3402 3422
f 3406 3386 3422
f 3407 3387 3423
f 3387 3403 3423
f 3408 3388 3424
f 3388 3404 3424
f 3389 3405 3425
f 3409 3389 3425
f 3390 3406 3426
f 3410 3390 3426
f 3391 3407 3427
f 3411 3391 3427
f 3392 3408 3428
f 3412 3392 3428
f 3393 3409 3429
f 3413 3393 3429
f 3414 3394 3430
f 3394 3410 3430
f 3415 3395 3431
f 2917 2918 3431
f 3395 2917 3431
f 3416 3396 3432
f 3396 3411 3432
f 3417 3397 3433
f 3397 3412 3433
f 3418 3398 3434
f 3398 3413 3434
f 2904 3414 3435
f 2905 2904 3435
f 3399 3415 3436
f 3419 3399 3436
f 3400 3416 3437
f 3420 3400 3437
f 3421 3401 3438
f 3401 3417 3438
f 3422 3402 3439
f 3402 3418 3439
f 3423 3403 3440
f 3403 3419 3440
f 3424 3404 3441
f 3404 3420 3441
f 3405 3421 3442
f 3425 3405 3442
f 3406 3422 3443
f 3426 3406 3443
f 3407 3423 3444
f 3427 3407 3444
f 3408 3424 3445
f 3428 3408 3445
f 3429 3409 3446
f 3409 3425 3446
f 3410 3426 3447
f 3430 3410 3447
f 3432 3411 3448
f 3411 3427 3448
f 3412 3428 3449
f 3433 3412 3449
f 3434 3413 3450
f 3413 3429 3450
f 3414 3430 3451
f 3435 3414 3451
f 3436 3415 3452
f 2918 2919 3452
f 3431 2918 3452
f 3415 3431 3452
f 3416 3432 3453
f 3437 3416 3453
f 3417 3433 3454
f 3438 3417 3454
f 3439 3418 3455
f 3418 3434 3455
f 3419 3436 3456
f 3440 3419 3456
f 3420 3437 3457
f 3441 3420 3457
f 3442 3421 3458
f 3421 3438 3458
f 3443 3422 3459
f 3422 3439 3459
f 3423 3440 3460
f 3444 3423 3460
f 3424 3441 3461
f 3445 3424 3461
f 3425 3442 3462
f 3446 3425 3462
f 3426 3443 3463
f 3447 3426 3463
f 3448 3427 3464
f 3427 3444 3464
f 3428 3445 3465
f 3449 3428 3465
f 3429 3446 3466
f 3450 3429 3466
f 3451 3430 3467
f 3430 3447 3467
f 3432 3448 3468
f 3453 3432 3468
f 3454 3433 3469
f 3433 3449 3469
f 3455 3434 3470
f 3434 3450 3470
f 2906 2905 3471
f 3435 3451 3471
f 2905 3435 3471
f 3456 3436 3472
f 3436 3452 3472
f 3437 3453 3473
f 3457 3437 3473
f 3438 3454 3474
f 3458 3438 3474
f 3439 3455 3475
f 3459 3439 3475
f 3440 3456 3476
f 3460 3440 3476
f 3441 3457 3477
f 3461 3441 3477
f 3442 3458 3478
f 3462 3442 3478
f 3463 3443 3479
f 3443 3459 3479
f 3444 3460 3480
f 3464 3444 3480
f 3445 3461 3481
f 3465 3445 3481
f 3446 3462 3482
f 3466 3446 3482
f 3467 3447 3483
f 3447 3463 3483
f 3448 3464 3484
f 3468 3448 3484
f 3469 3449 3485
f 3449 3465 3485
f 3470 3450 3486
f 3450 3466 3486
f 3451 3467 3487
f 3471 3451 3487
f 3452 2919 3488
f 2919 2920 3488
f 3472 3452 3488
f 3473 3453 3489
f 3453 3468 3489
f 3454 3469 3490
f 3474 3454 3490
f 3475 3455 3491
f 3455 3470 3491
f 2907 2906 3492
f 2906 3471 3492
f 3476 3456 3493
f 3456 3472 3493
f 3477 3457 3494
f 3457 3473 3494
f 3458 3474 3495
f 3478 3458 3495
f 3459 3475 3496
f 3479 3459 3496
f 3460 3476 3497
f 3480 3460 3497
f 3461 3477 3498
f 3481 3461 3498
f 3462 3478 3499
f 3482 3462 3499
f 3463 3479 3500
f 3483 3463 3500
f 3484 3464 3501
f 3464 3480 3501
f 3465 3481 3502
f 3485 3465 3502
f 3466 3482 3503
f 3486 3466 3503
f 3487 3467 3504
f 3467 3483 3504
f 3468 3484 3505
f 3489 3468 3505
f 3490 3469 3506
f 3469 3485 3506
f 3491 3470 3507
f 3470 3486 3507
f 3492 3471 3508
f 3471 3487 3508
f 3488 2920 3509
f 3472 3488 3509
f 3493 3472 3509
f 2920 2921 3509
f 3473 3489 3510
f 3494 3473 3510
f 3495 3474 3511
f 3474 3490 3511
f 3475 3491 3512
f 3496 3475 3512
f 3497 3476 3513
f 3476 3493 3513
f 3477 3494 3514
f 3498 3477 3514
f 3478 3495 3515
f 3499 3478 3515
f 3479 3496 3516
f 3500 3479 3516
f 3480 3497 3517
f 3501 3480 3517
f 3502 3481 3518
f 3481 3498 3518
f 3503 3482 3519
f 3482 3499 3519
f 3483 3500 3520
f 3504 3483 3520
f 3484 3501 3521
f 3505 3484 3521
f 3485 3502 3522
f 3506 3485 3522
f 3507 3486 3523
f 3486 3503 3523
f 3487 3504 3524
f 3508 3487 3524
f 3489 3505 3525
f 3510 3489 3525
f 3511 3490 3526
f 3490 3506 3526
f 3491 3507 3527
f 3512 3491 3527
f 2908 2907 3528
f 2937 2908 3528
f 3492 3508 3528
f 2907 3492 3528
f 3493 3509 3529
f 3513 3493 3529
f 3494 3510 3530
f 3514 3494 3530
f 3515 3495 3531
f 3495 3511 3531
f 3516 3496 3532
f 3496 3512 3532
f 3497 3513 3533
f 3517 3497 3533
f 3518 3498 3534
f 3498 3514 3534
f 3519 3499 3535
f 3499 3515 3535
f 3500 3516 3536
f 3520 3500 3536
f 3501 3517 3537
f 3521 3501 3537
f 3522 3502 3538
f 3502 3518 3538
f 3503 3519 3539
f 3523 3503 3539
f 3504 3520 3540
f 3524 3504 3540
f 3505 3521 3541
f 3525 3505 3541
f 3506 3522 3542
f 3526 3506 3542
f 3527 3507 3543
f 3507 3523 3543
f 3528 3508 3544
f 2938 2937 3544
f 2937 3528 3544
f 3508 3524 3544
f 2921 2922 3545
f 3529 3509 3545
f 3509 2921 3545
f 3510 3525 3546
f 3530 3510 3546
f 3511 3526 3547
f 3531 3511 3547
f 3512 3527 3548
f 3532 3512 3548
f 3513 3529 3549
f 3533 3513 3549
f 3514 3530 3550
f 3534 3514 3550
f 3515 3531 3551
f 3535 3515 3551
f 3516 3532 3552
f 3536 3516 3552
f 3537 3517 3553
f 3517 3533 3553
f 3538 3518 3554
f 3518 3534 3554
f 3539 3519 3555
f 3519 3535 3555
f 3520 3536 3556
f 3540 3520 3556
f 3541 3521 3557
f 3521 3537 3557
f 3542 3522 3558
f 3522 3538 3558
f 3543 3523 3559
f 3523 3539 3559
f 2939 2938 3560
f 3524 3540 3560
f 2938 3544 3560
f 3544 3524 3560
f 3546 3525 3561
f 3525 3541 3561
f 3547 3526 3562
f 3526 3542 3562
f 3527 3543 3563
f 3548 3527 3563
f 3549 3529 3564
f 3545 2922 3564
f 3529 3545 3564
f 3550 3530 3565
f 3530 3546 3565
f 3531 3547 3566
f 3551 3531 3566
f 3552 3532 3567
f 3532 3548 3567
f 3533 3549 3568
f 3553 3533 3568
f 3554 3534 3569
f 3534 3550 3569
f 3535 3551 3570
f 3555 3535 3570
f 3556 3536 3571
f 3536 3552 3571
f 3537 3553 3572
f 3557 3537 3572
f 3538 3554 3573
f 3558 3538 3573
f 3559 3539 3574
f 3539 3555 3574
f 3540 3556 3575
f 2939 3560 3575
f 2940 2939 3575
f 3560 3540 3575
f 3541 3557 3576
f 3561 3541 3576
f 3562 3542 3577
f 3542 3558 3577
f 3543 3559 3578
f 3563 3543 3578
f 3565 3546 3579
f 3546 3561 3579
f 3566 3547 3580
f 3547 3562 3580
f 3548 3563 3581
f 3567 3548 3581
f 3549 3564 3582
f 3568 3549 3582
f 3550 3565 3583
f 3569 3550 3583
f 3551 3566 3584
f 3570 3551 3584
f 3571 3552 3585
f 3552 3567 3585
f 3572 3553 3586
f 3553 3568 3586
f 3554 3569 3587
f 3573 3554 3587
f 3555 3570 3588
f 3574 3555 3588
f 3556 3571 3589
f 2941 2940 3589
f 3575 3556 3589
f 2940 3575 3589
f 3576 3557 3590
f 3557 3572 3590
f 3558 3573 3591
f 3577 3558 3591
f 3559 3574 3592
f 3578 3559 3592
f 3561 3576 3593
f 3579 3561 3593
f 3562 3577 3594
f 3580 3562 3594
f 3563 3578 3595
f 3581 3563 3595
f 2922 2923 3596
f 3564 2922 3596
f 3582 3564 3596
f 3583 3565 3597
f 3565 3579 3597
f 3566 3580 3598
f 3584 3566 3598
f 3567 3581 3599
f 3585 3567 3599
f 3568 3582 3600
f 3586 3568 3600
f 3569 3583 3601
f 3587 3569 3601
f 3570 3584 3602
f 3588 3570 3602
f 3571 3585 3603
f 2941 3589 3603
f 2942 2941 3603
f 3589 3571 3603
f 3590 3572 3604
f 3572 3586 3604
f 3591 3573 3605
f 3573 3587 3605
f 3574 3588 3606
f 3592 3574 3606
f 3593 3576 3607
f 3576 3590 3607
f 3577 3591 3608
f 3594 3577 3608
f 3595 3578 3609
f 3578 3592 3609
f 3579 3593 3610
f 3597 3579 3610
f 3598 3580 3611
f 3580 3594 3611
f 3599 3581 3612
f 3581 3595 3612
f 3596 2923 3613
f 2923 2924 3613
f 3582 3596 3613
f 3600 3582 3613
f 3601 3583 3614
f 3583 3597 3614
f 3584 3598 3615
f 3602 3584 3615
f 3585 3599 3616
f 2943 2942 3616
f 2942 3603 3616
f 3603 3585 3616
f 3586 3600 3617
f 3604 3586 3617
f 3605 3587 3618
f 3587 3601 3618
f 3606 3588 3619
f 3588 3602 3619
f 3607 3590 3620
f 3590 3604 3620
f 3608 3591 3621
f 3591 3605 3621
f 3592 3606 3622
f 3609 3592 3622
f 3610 3593 3623
f 3593 3607 3623
f 3611 3594 3624
f 3594 3608 3624
f 3595 3609 3625
f 3612 3595 3625
f 3597 3610 3626
f 3614 3597 3626
f 3598 3611 3627
f 3615 3598 3627
f 3599 3612 3628
f 3616 3599 3628
f 2943 3616 3628
f 2944 2943 3628
f 3600 3613 3629
f 3617 3600 3629
f 3618 3601 3630
f 3601 3614 3630
f 3619 3602 3631
f 3602 3615 3631
f 3604 3617 3632
f 3620 3604 3632
f 3621 3605 3633
f 3605 3618 3633
f 3606 3619 3634
f 3622 3606 3634
f 3607 3620 3635
f 3623 3607 3635
f 3608 3621 3636
f 3624 3608 3636
f 3609 3622 3637
f 3625 3609 3637
f 3610 3623 3638
f 3626 3610 3638
f 3627 3611 3639
f 3611 3624 3639
f 3628 3612 3640
f 3612 3625 3640
f 2944 3628 3640
f 2945 2944 3640
f 3629 3613 3641
f 2924 2925 3641
f 3613 2924 3641
f 3614 3626 3642
f 3630 3614 3642
f 3615 3627 3643
f 3631 3615 3643
f 3617 3629 3644
f 3632 3617 3644
f 3633 3618 3645
f 3618 3630 3645
f 3634 3619 3646
f 3619 3631 3646
f 3635 3620 3647
f 3620 3632 3647
f 3621 3633 3648
f 3636 3621 3648
f 3637 3622 3649
f 3622 3634 3649
f 3638 3623 3650
f 3623 3635 3650
f 3639 3624 3651
f 3624 3636 3651
f 3640 3625 3652
f 2946 2945 3652
f 2945 3640 3652
f 3625 3637 3652
f 3626 3638 3653
f 3642 3626 3653
f 3627 3639 3654
f 3643 3627 3654
f 3644 3629 3655
f 2925 2926 3655
f 3629 3641 3655
f 3641 2925 3655
f 3630 3642 3656
f 3645 3630 3656
f 3646 3631 3657
f 3631 3643 3657
f 3632 3644 3658
f 3647 3632 3658
f 3648 3633 3659
f 3633 3645 3659
f 3634 3646 3660
f 3649 3634 3660
f 3650 3635 3661
f 3635 3647 3661
f 3636 3648 3662
f 3651 3636 3662
f 2946 3652 3663
f 3637 3649 3663
f 2947 2946 3663
f 3652 3637 3663
f 3653 3638 3664
f 3638 3650 3664
f 3654 3639 3665
f 3639 3651 3665
f 3656 3642 3666
f 3642 3653 3666
f 3657 3643 3667
f 3643 3654 3667
f 3644 3655 3668
f 3658 3644 3668
f 3645 3656 3669
f 3659 3645 3669
f 3660 3646 3670
f 3646 3657 3670
f 3661 3647 3671
f 3647 3658 3671
f 3648 3659 3672
f 3662 3648 3672
f 3663 3649 3673
f 3649 3660 3673
f 2947 3663 3673
f 2948 2947 3673
f 3650 3661 3674
f 3664 3650 3674
f 3651 3662 3675
f 3665 3651 3675
f 3653 3664 3676
f 3666 3653 3676
f 3654 3665 3677
f 3667 3654 3677
f 3655 2926 3678
f 2926 2927 3678
f 3668 3655 3678
f 3669 3656 3679
f 3656 3666 3679
f 3670 3657 3680
f 3657 3667 3680
f 3658 3668 3681
f 3671 3658 3681
f 3672 3659 3682
f 3659 3669 3682
f 2949 2948 3683
f 3673 3660 3683
f 2948 3673 3683
f 3660 3670 3683
f 3674 3661 3684
f 3661 3671 3684
f 3662 3672 3685
f 3675 3662 3685
f 3664 3674 3686
f 3676 3664 3686
f 3665 3675 3687
f 3677 3665 3687
f 3666 3676 3688
f 3679 3666 3688
f 3680 3667 3689
f 3667 3677 3689
f 2927 2928 3690
f 3678 2927 3690
f 3668 3678 3690
f 3681 3668 3690
f 3669 3679 3691
f 3682 3669 3691
f 3683 3670 3692
f 2949 3683 3692
f 3670 3680 3692
f 3671 3681 3693
f 3684 3671 3693
f 3672 3682 3694
f 3685 3672 3694
f 3674 3684 3695
f 3686 3674 3695
f 3675 3685 3696
f 3687 3675 3696
f 3676 3686 3697
f 3688 3676 3697
f 3689 3677 3698
f 3677 3687 3698
f 3679 3688 3699
f 3691 3679 3699
f 3680 3689 3700
f 2949 3692 3700
f 2950 2949 3700
f 3692 3680 3700
f 3693 3681 3701
f 3681 3690 3701
f 3694 3682 3702
f 3682 3691 3702
f 3684 3693 3703
f 3695 3684 3703
f 3696 3685 3704
f 3685 3694 3704
f 3697 3686 3705
f 3686 3695 3705
f 3687 3696 3706
f 3698 3687 3706
f 3699 3688 3707
f 3688 3697 3707
f 3700 3689 3708
f 2950 3700 3708
f 2951 2950 3708
f 3689 3698 3708
f 3690 2928 3709
f 3701 3690 3709
f 2928 2929 3709
f 3702 3691 3710
f 3691 3699 3710
f 3693 3701 3711
f 3703 3693 3711
f 3694 3702 3712
f 3704 3694 3712
f 3695 3703 3713
f 3705 3695 3713
f 3696 3704 3714
f 3706 3696 3714
f 3707 3697 3715
f 3697 3705 3715
f 2952 2951 3716
f 2951 3708 3716
f 3708 3698 3716
f 3698 3706 3716
f 3699 3707 3717
f 3710 3699 3717
f 2929 2930 3718
f 3711 3701 3718
f 3701 3709 3718
f 3709 2929 3718
f 3702 3710 3719
f 3712 3702 3719
f 3713 3703 3720
f 3703 3711 3720
f 3714 3704 3721
f 3704 3712 3721
f 3705 3713 3722
f 3715 3705 3722
f 2952 3716 3723
f 3706 3714 3723
f 3716 3706 3723
f 2953 2952 3723
f 3707 3715 3724
f 3717 3707 3724
f 3710 3717 3725
f 3719 3710 3725
f 3711 3718 3726
f 3720 3711 3726
f 3712 3719 3727
f 3721 3712 3727
f 3713 3720 3728
f 3722 3713 3728
f 3723 3714 3729
f 2953 3723 3729
f 2954 2953 3729
f 3714 3721 3729
f 3715 3722 3730
f 3724 3715 3730
f 3725 3717 3731
f 3717 3724 3731
f 2930 2931 3732
f 3718 2930 3732
f 3726 3718 3732
f 3727 3719 3733
f 3719 3725 3733
f 3720 3726 3734
f 3728 3720 3734
f 3721 3727 3735
f 3729 3721 3735
f 2954 3729 3735
f 2955 2954 3735
f 3722 3728 3736
f 3730 3722 3736
f 3731 3724 3737
f 3724 3730 3737
f 3733 3725 3738
f 3725 3731 3738
f 3732 2931 3739
f 3734 3726 3739
f 3726 3732 3739
f 2931 2932 3739
f 3727 3733 3740
f 2955 3735 3740
f 2956 2955 3740
f 3735 3727 3740
f 3736 3728 3741
f 3728 3734 3741
f 3737 3730 3742
f 3730 3736 3742
f 3731 3737 3743
f 3738 3731 3743
f 3733 3738 3744
f 3740 3733 3744
f 2956 3740 3744
f 2957 2956 3744
f 3734 3739 3745
f 3741 3734 3745
f 3742 3736 3746
f 3736 3741 3746
f 3743 3737 3747
f 3737 3742 3747
f 3744 3738 3748
f 3738 3743 3748
f 2958 2957 3748
f 2957 3744 3748
f 2932 2933 3749
f 3739 2932 3749
f 3745 3739 3749
f 3741 3745 3750
f 3746 3741 3750
f 3742 3746 3751
f 3747 3742 3751
f 2958 3748 3752
f 2959 2958 3752
f 3743 3747 3752
f 3748 3743 3752
f 2933 2934 3753
f 3749 2933 3753
f 3745 3749 3753
f 3750 3745 3753
f 3751 3746 3754
f 3746 3750 3754
f 3747 3751 3755
f 2959 3752 3755
f 2960 2959 3755
f 3752 3747 3755
f 3750 3753 3756
f 3754 3750 3756
f 2960 3755 3757
f 3755 3751 3757
f 3751 3754 3757
f 2961 2960 3757
f 3756 3753 3758
f 2934 2935 3758
f 3753 2934 3758
f 3757 3754 3759
f 3754 3756 3759
f 2961 3757 3759
f 2962 2961 3759
f 3759 3756 3760
f 3756 3758 3760
f 3758 2935 3760
f 2962 3759 3760
f 2935 2936 3760
f 2936 2962 3760
f 3762 3761 3763
f 3761 3764 3763
f 3791 3792 3819
f 3792 3820 3819
f 3790 3791 3818
f 3791 3819 3818
f 3789 3790 3817
f 3790 3818 3817
f 3788 3789 3816
f 3789 3817 3816
f 3787 3788 3815
f 3788 3816 3815
f 3786 3787 3814
f 3787 3815 3814
f 3785 3786 3813
f 3786 3814 3813
f 3784 3785 3812
f 3785 3813 3812
f 3783 3784 3811
f 3784 3812 3811
f 3783 3811 3810
f 3782 3783 3810
f 3782 3810 3809
f 3781 3782 3809
f 3781 3809 3808
f 3780 3781 3808
f 3779 3780 3807
f 3780 3808 3807
f 3778 3779 3806
f 3779 3807 3806
f 3777 3778 3805
f 3778 3806 3805
f 3776 3777 3804
f 3777 3805 3804
f 3775 3776 3803
f 3776 3804 3803
f 3774 3775 3802
f 3775 3803 3802
f 3773 3774 3801
f 3774 3802 3801
f 3772 3773 3800
f 3773 3801 3800
f 3771 3772 3799
f 3772 3800 3799
f 3770 3771 3798
f 3771 3799 3798
f 3769 3770 3797
f 3770 3798 3797
f 3768 3769 3796
f 3769 3797 3796
f 3767 3768 3795
f 3768 3796 3795
f 3766 3767 3794
f 3767 3795 3794
f 3765 3766 3793
f 3766 3794 3793
f 3848 3847 3875
f 3876 3848 3875
f 3847 3846 3874
f 3875 3847 3874
f 3846 3845 3873
f 3874 3846 3873
f 3845 3844 3872
f 3873 3845 3872
f 3844 3843 3871
f 3872 3844 3871
f 3843 3842 3870
f 3871 3843 3870
f 3842 3841 3869
f 3870 3842 3869
f 3841 3840 3868
f 3869 3841 3868
f 3840 3839 3867
f 3868 3840 3867
f 3867 3839 3866
f 3839 3838 3866
f 3866 3838 3865
f 3838 3837 3865
f 3865 3837 3864
f 3837 3836 3864
f 3836 3835 3863
f 3864 3836 3863
f 3835 3834 3862
f 3863 3835 3862
f 3834 3833 3861
f 3862 3834 3861
f 3833 3832 3860
f 3861 3833 3860
f 3832 3831 3859
f 3860 3832 3859
f 3831 3830 3858
f 3859 3831 3858
f 3830 3829 3857
f 3858 3830 3857
f 3829 3828 3856
f 3857 3829 3856
f 3828 3827 3855
f 3856 3828 3855
f 3827 3826 3854
f 3855 3827 3854
f 3826 3825 3853
f 3854 3826 3853
f 3825 3824 3852
f 3853 3825 3852
f 3824 3823 3851
f 3852 3824 3851
f 3823 3822 3850
f 3851 3823 3850
f 3822 3821 3849
f 3850 3822 3849
f 3878 3877 3907
f 3877 3879 3907
f 3879 3880 3908
f 3907 3879 3908
f 3880 3881 3909
f 3908 3880 3909
f 3881 3882 3910
f 3909 3881 3910
f 3882 3883 3911
f 3910 3882 3911
f 3883 3884 3912
f 3911 3883 3912
f 3884 3885 3913
f 3912 3884 3913
f 3885 3886 3914
f 3913 3885 3914
f 3886 3887 3915
f 3914 3886 3915
f 3887 3888 3916
f 3915 3887 3916
f 3916 3888 3917
f 3888 3889 3917
f 3917 3889 3918
f 3889 3890 3918
f 3918 3890 3919
f 3890 3891 3919
f 3891 3892 3920
f 3919 3891 3920
f 3920 3892 3921
f 3892 3893 3921
f 3893 3894 3922
f 3921 3893 3922
f 3894 3895 3923
f 3922 3894 3923
f 3895 3896 3924
f 3923 3895 3924
f 3896 3897 3925
f 3924 3896 3925
f 3897 3898 3926
f 3925 3897 3926
f 3898 3899 3927
f 3926 3898 3927
f 3899 3900 3928
f 3927 3899 3928
f 3900 3901 3929
f 3928 3900 3929
f 3901 3902 3930
f 3929 3901 3930
f 3902 3903 3931
f 3930 3902 3931
f 3903 3904 3932
f 3931 3903 3932
f 3904 3905 3906
f 3932 3904 3906
f 3960 3959 3987
f 3988 3960 3987
f 3959 3958 3986
f 3987 3959 3986
f 3958 3957 3985
f 3986 3958 3985
f 3957 3956 3984
f 3985 3957 3984
f 3956 3955 3983
f 3984 3956 3983
f 3955 3954 3982
f 3983 3955 3982
f 3954 3953 3981
f 3982 3954 3981
f 3953 3952 3980
f 3981 3953 3980
f 3952 3951 3979
f 3980 3952 3979
f 3979 3951 3978
f 3951 3950 3978
f 3978 3950 3977
f 3950 3949 3977
f 3977 3949 3976
f 3949 3948 3976
f 3948 3947 3975
f 3976 3948 3975
f 3947 3946 3974
f 3975 3947 3974
f 3946 3945 3973
f 3974 3946 3973
f 3945 3944 3972
f 3973 3945 3972
f 3944 3943 3971
f 3972 3944 3971
f 3943 3942 3970
f 3971 3943 3970
f 3942 3941 3969
f 3970 3942 3969
f 3941 3940 3968
f 3969 3941 3968
f 3940 3939 3967
f 3968 3940 3967
f 3939 3938 3966
f 3967 3939 3966
f 3938 3937 3965
f 3966 3938 3965
f 3937 3936 3964
f 3965 3937 3964
f 3936 3935 3963
f 3964 3936 3963
f 3935 3934 3962
f 3963 3935 3962
f 3934 3933 3961
f 3962 3934 3961
f 4015 4016 4043
f 4016 4044 4043
f 4014 4015 4042
f 4015 4043 4042
f 4013 4014 4041
f 4014 4042 4041
f 4012 4013 4040
f 4013 4041 4040
f 4011 4012 4039
f 4012 4040 4039
f 4010 4011 4038
f 4011 4039 4038
f 4009 4010 4037
f 4010 4038 4037
f 4008 4009 4036
f 4009 4037 4036
f 4007 4008 4035
f 4008 4036 4035
f 4006 4007 4034
f 4007 4035 4034
f 4005 4006 4033
f 4006 4034 4033
f 4005 4033 4032
f 4004 4005 4032
f 4004 4032 4031
f 4003 4004 4031
f 4002 4003 4030
f 4003 4031 4030
f 4002 4030 4029
f 4001 4002 4029
f 4000 4001 4028
f 4001 4029 4028
f 3999 4000 4027
f 4000 4028 4027
f 3998 3999 4026
f 3999 4027 4026
f 3997 3998 4025
f 3998 4026 4025
f 3996 3997 4024
f 3997 4025 4024
f 3995 3996 4023
f 3996 4024 4023
f 3994 3995 4022
f 3995 4023 4022
f 3993 3994 4021
f 3994 4022 4021
f 3992 3993 4020
f 3993 4021 4020
f 3991 3992 4019
f 3992 4020 4019
f 3990 3991 4018
f 3991 4019 4018
f 3989 3990 4017
f 3990 4018 4017
f 4046 4045 4075
f 4045 4074 4075
f 4047 4046 4076
f 4046 4075 4076
f 4048 4047 4077
f 4047 4076 4077
f 4049 4048 4078
f 4048 4077 4078
f 4050 4049 4079
f 4049 4078 4079
f 4051 4050 4080
f 4050 4079 4080
f 4052 4051 4081
f 4051 4080 4081
f 4053 4052 4082
f 4052 4081 4082
f 4054 4053 4083
f 4053 4082 4083
f 4054 4083 4084
f 4055 4054 4084
f 4055 4084 4085
f 4056 4055 4085
f 4056 4085 4086
f 4057 4056 4086
f 4058 4057 4087
f 4057 4086 4087
f 4059 4058 4088
f 4058 4087 4088
f 4060 4059 4089
f 4059 4088 4089
f 4061 4060 4090
f 4060 4089 4090
f 4062 4061 4091
f 4061 4090 4091
f 4063 4062 4092
f 4062 4091 4092
f 4064 4063 4093
f 4063 4092 4093
f 4065 4064 4094
f 4064 4093 4094
f 4066 4065 4095
f 4065 4094 4095
f 4067 4066 4096
f 4066 4095 4096
f 4068 4067 4097
f 4067 4096 4097
f 4069 4068 4098
f 4068 4097 4098
f 4070 4069 4099
f 4069 4098 4099
f 4071 4070 4100
f 4070 4099 4100
f 4071 4100 4073
f 4072 4071 4073
f 4128 4127 4131
f 4130 4128 4131
f 4127 4126 4132
f 4131 4127 4132
f 4126 4125 4133
f 4132 4126 4133
f 4125 4124 4134
f 4133 4125 4134
f 4124 4123 4135
f 4134 4124 4135
f 4123 4122 4136
f 4135 4123 4136
f 4122 4121 4137
f 4136 4122 4137
f 4121 4120 4138
f 4137 4121 4138
f 4120 4119 4139
f 4138 4120 4139
f 4119 4118 4140
f 4139 4119 4140
f 4118 4117 4141
f 4140 4118 4141
f 4141 4117 4142
f 4117 4116 4142
f 4142 4116 4143
f 4116 4115 4143
f 4115 4114 4144
f 4143 4115 4144
f 4144 4114 4145
f 4114 4113 4145
f 4113 4112 4146
f 4145 4113 4146
f 4112 4111 4147
f 4146 4112 4147
f 4111 4110 4148
f 4147 4111 4148
f 4110 4109 4149
f 4148 4110 4149
f 4109 4108 4150
f 4149 4109 4150
f 4108 4107 4151
f 4150 4108 4151
f 4107 4106 4152
f 4151 4107 4152
f 4106 4105 4153
f 4152 4106 4153
f 4105 4104 4154
f 4153 4105 4154
f 4104 4103 4155
f 4154 4104 4155
f 4103 4102 4156
f 4155 4103 4156
f 4102 4101 4129
f 4156 4102 4129
f 4157 4158 4212
f 4159 4157 4212
f 4160 4159 4211
f 4159 4212 4211
f 4161 4160 4210
f 4160 4211 4210
f 4162 4161 4209
f 4161 4210 4209
f 4163 4162 4208
f 4162 4209 4208
f 4164 4163 4207
f 4163 4208 4207
f 4165 4164 4206
f 4164 4207 4206
f 4166 4165 4205
f 4165 4206 4205
f 4167 4166 4204
f 4166 4205 4204
f 4168 4167 4203
f 4167 4204 4203
f 4168 4203 4202
f 4169 4168 4202
f 4169 4202 4201
f 4170 4169 4201
f 4170 4201 4200
f 4171 4170 4200
f 4172 4171 4199
f 4171 4200 4199
f 4172 4199 4198
f 4173 4172 4198
f 4174 4173 4197
f 4173 4198 4197
f 4175 4174 4196
f 4174 4197 4196
f 4176 4175 4195
f 4175 4196 4195
f 4177 4176 4194
f 4176 4195 4194
f 4178 4177 4193
f 4177 4194 4193
f 4179 4178 4192
f 4178 4193 4192
f 4180 4179 4191
f 4179 4192 4191
f 4181 4180 4190
f 4180 4191 4190
f 4182 4181 4189
f 4181 4190 4189
f 4183 4182 4188
f 4182 4189 4188
f 4184 4183 4187
f 4183 4188 4187
f 4185 4184 4186
f 4184 4187 4186
f 4214 4213 4295
f 4295 4213 4296
f 4296 4213 4297
f 4215 4214 4298
f 4295 4296 4298
f 4214 4295 4298
f 4297 4213 4299
f 4296 4297 4300
f 4298 4296 4300
f 4216 4215 4301
f 4215 4298 4301
f 4299 4213 4302
f 4297 4299 4303
f 4300 4297 4303
f 4298 4300 4304
f 4301 4298 4304
f 4302 4213 4305
f 4299 4302 4306
f 4303 4299 4306
f 4304 4300 4307
f 4300 4303 4307
f 4217 4216 4308
f 4216 4301 4308
f 4301 4304 4308
f 4305 4213 4309
f 4306 4302 4310
f 4302 4305 4310
f 4307 4303 4311
f 4303 4306 4311
f 4304 4307 4312
f 4308 4304 4312
f 4309 4213 4313
f 4218 4217 4314
f 4217 4308 4314
f 4305 4309 4315
f 4310 4305 4315
f 4311 4306 4316
f 4306 4310 4316
f 4312 4307 4317
f 4307 4311 4317
f 4313 4213 4318
f 4308 4312 4319
f 4314 4308 4319
f 4309 4313 4320
f 4315 4309 4320
f 4310 4315 4321
f 4316 4310 4321
f 4311 4316 4322
f 4317 4311 4322
f 4318 4213 4323
f 4312 4317 4324
f 4319 4312 4324
f 4320 4313 4325
f 4313 4318 4325
f 4219 4218 4326
f 4314 4319 4326
f 4218 4314 4326
f 4321 4315 4327
f 4315 4320 4327
f 4322 4316 4328
f 4316 4321 4328
f 4323 4213 4329
f 4324 4317 4330
f 4317 4322 4330
f 4318 4323 4331
f 4325 4318 4331
f 4319 4324 4332
f 4326 4319 4332
f 4320 4325 4333
f 4327 4320 4333
f 4220 4219 4334
f 4219 4326 4334
f 4328 4321 4335
f 4321 4327 4335
f 4329 4213 4336
f 4330 4322 4337
f 4322 4328 4337
f 4323 4329 4338
f 4331 4323 4338
f 4324 4330 4339
f 4332 4324 4339
f 4325 4331 4340
f 4333 4325 4340
f 4326 4332 4341
f 4334 4326 4341
f 4327 4333 4342
f 4335 4327 4342
f 4336 4213 4343
f 4328 4335 4344
f 4337 4328 4344
f 4338 4329 4345
f 4329 4336 4345
f 4339 4330 4346
f 4330 4337 4346
f 4331 4338 4347
f 4340 4331 4347
f 4332 4339 4348
f 4341 4332 4348
f 4342 4333 4349
f 4333 4340 4349
f 4221 4220 4350
f 4334 4341 4350
f 4220 4334 4350
f 4343 4213 4351
f 4344 4335 4352
f 4335 4342 4352
f 4336 4343 4353
f 4345 4336 4353
f 4346 4337 4354
f 4337 4344 4354
f 4338 4345 4355
f 4347 4338 4355
f 4339 4346 4356
f 4348 4339 4356
f 4340 4347 4357
f 4349 4340 4357
f 4341 4348 4358
f 4350 4341 4358
f 4213 4241 4359
f 4351 4213 4359
f 4352 4342 4360
f 4342 4349 4360
f 4222 4221 4361
f 4221 4350 4361
f 4343 4351 4362
f 4353 4343 4362
f 4354 4344 4363
f 4344 4352 4363
f 4355 4345 4364
f 4345 4353 4364
f 4346 4354 4365
f 4356 4346 4365
f 4357 4347 4366
f 4347 4355 4366
f 4358 4348 4367
f 4348 4356 4367
f 4359 4241 4368
f 4349 4357 4369
f 4360 4349 4369
f 4350 4358 4370
f 4361 4350 4370
f 4362 4351 4371
f 4351 4359 4371
f 4352 4360 4372
f 4363 4352 4372
f 4353 4362 4373
f 4364 4353 4373
f 4354 4363 4374
f 4365 4354 4374
f 4355 4364 4375
f 4366 4355 4375
f 4356 4365 4376
f 4367 4356 4376
f 4368 4241 4377
f 4369 4357 4378
f 4357 4366 4378
f 4358 4367 4379
f 4370 4358 4379
f 4359 4368 4380
f 4371 4359 4380
f 4360 4369 4381
f 4372 4360 4381
f 4223 4222 4382
f 4222 4361 4382
f 4361 4370 4382
f 4373 4362 4383
f 4362 4371 4383
f 4363 4372 4384
f 4374 4363 4384
f 4364 4373 4385
f 4375 4364 4385
f 4376 4365 4386
f 4365 4374 4386
f 4377 4241 4387
f 4366 4375 4388
f 4378 4366 4388
f 4367 4376 4389
f 4379 4367 4389
f 4368 4377 4390
f 4380 4368 4390
f 4381 4369 4391
f 4369 4378 4391
f 4370 4379 4392
f 4382 4370 4392
f 4383 4371 4393
f 4371 4380 4393
f 4372 4381 4394
f 4384 4372 4394
f 4224 4223 4395
f 4223 4382 4395
f 4373 4383 4396
f 4385 4373 4396
f 4374 4384 4397
f 4386 4374 4397
f 4387 4241 4398
f 4388 4375 4399
f 4375 4385 4399
f 4376 4386 4400
f 4389 4376 4400
f 4390 4377 4401
f 4377 4387 4401
f 4391 4378 4402
f 4378 4388 4402
f 4392 4379 4403
f 4379 4389 4403
f 4380 4390 4404
f 4393 4380 4404
f 4381 4391 4405
f 4394 4381 4405
f 4382 4392 4406
f 4395 4382 4406
f 4396 4383 4407
f 4383 4393 4407
f 4397 4384 4408
f 4384 4394 4408
f 4398 4241 4409
f 4385 4396 4410
f 4399 4385 4410
f 4400 4386 4411
f 4386 4397 4411
f 4387 4398 4412
f 4401 4387 4412
f 4388 4399 4413
f 4402 4388 4413
f 4389 4400 4414
f 4403 4389 4414
f 4390 4401 4415
f 4404 4390 4415
f 4405 4391 4416
f 4391 4402 4416
f 4392 4403 4417
f 4406 4392 4417
f 4393 4404 4418
f 4407 4393 4418
f 4394 4405 4419
f 4408 4394 4419
f 4225 4224 4420
f 4224 4395 4420
f 4395 4406 4420
f 4409 4241 4421
f 4396 4407 4422
f 4410 4396 4422
f 4397 4408 4423
f 4411 4397 4423
f 4412 4398 4424
f 4398 4409 4424
f 4413 4399 4425
f 4399 4410 4425
f 4400 4411 4426
f 4414 4400 4426
f 4415 4401 4427
f 4401 4412 4427
f 4416 4402 4428
f 4402 4413 4428
f 4403 4414 4429
f 4417 4403 4429
f 4404 4415 4430
f 4418 4404 4430
f 4405 4416 4431
f 4419 4405 4431
f 4406 4417 4432
f 4420 4406 4432
f 4421 4241 4433
f 4422 4407 4434
f 4407 4418 4434
f 4408 4419 4435
f 4423 4408 4435
f 4226 4225 4436
f 4225 4420 4436
f 4424 4409 4437
f 4409 4421 4437
f 4410 4422 4438
f 4425 4410 4438
f 4411 4423 4439
f 4426 4411 4439
f 4412 4424 4440
f 4427 4412 4440
f 4413 4425 4441
f 4428 4413 4441
f 4414 4426 4442
f 4429 4414 4442
f 4415 4427 4443
f 4430 4415 4443
f 4416 4428 4444
f 4431 4416 4444
f 4417 4429 4445
f 4432 4417 4445
f 4433 4241 4446
f 4418 4430 4447
f 4434 4418 4447
f 4419 4431 4448
f 4435 4419 4448
f 4420 4432 4449
f 4436 4420 4449
f 4421 4433 4450
f 4437 4421 4450
f 4438 4422 4451
f 4422 4434 4451
f 4423 4435 4452
f 4439 4423 4452
f 4424 4437 4453
f 4440 4424 4453
f 4425 4438 4454
f 4441 4425 4454
f 4442 4426 4455
f 4426 4439 4455
f 4443 4427 4456
f 4427 4440 4456
f 4444 4428 4457
f 4428 4441 4457
f 4445 4429 4458
f 4429 4442 4458
f 4446 4241 4459
f 4430 4443 4460
f 4447 4430 4460
f 4448 4431 4461
f 4431 4444 4461
f 4432 4445 4462
f 4449 4432 4462
f 4433 4446 4463
f 4450 4433 4463
f 4434 4447 4464
f 4451 4434 4464
f 4452 4435 4465
f 4435 4448 4465
f 4436 4449 4466
f 4226 4436 4466
f 4437 4450 4467
f 4453 4437 4467
f 4438 4451 4468
f 4454 4438 4468
f 4439 4452 4469
f 4455 4439 4469
f 4456 4440 4470
f 4440 4453 4470
f 4441 4454 4471
f 4457 4441 4471
f 4458 4442 4472
f 4442 4455 4472
f 4459 4241 4473
f 4443 4456 4474
f 4460 4443 4474
f 4444 4457 4475
f 4461 4444 4475
f 4462 4445 4476
f 4445 4458 4476
f 4446 4459 4477
f 4463 4446 4477
f 4464 4447 4478
f 4447 4460 4478
f 4448 4461 4479
f 4465 4448 4479
f 4449 4462 4480
f 4466 4449 4480
f 4467 4450 4481
f 4450 4463 4481
f 4468 4451 4482
f 4451 4464 4482
f 4469 4452 4483
f 4452 4465 4483
f 4227 4226 4484
f 4226 4466 4484
f 4453 4467 4485
f 4470 4453 4485
f 4471 4454 4486
f 4454 4468 4486
f 4455 4469 4487
f 4472 4455 4487
f 4473 4241 4488
f 4456 4470 4489
f 4474 4456 4489
f 4457 4471 4490
f 4475 4457 4490
f 4458 4472 4491
f 4476 4458 4491
f 4459 4473 4492
f 4477 4459 4492
f 4478 4460 4493
f 4460 4474 4493
f 4479 4461 4494
f 4461 4475 4494
f 4480 4462 4495
f 4462 4476 4495
f 4463 4477 4496
f 4481 4463 4496
f 4464 4478 4497
f 4482 4464 4497
f 4483 4465 4498
f 4465 4479 4498
f 4466 4480 4499
f 4484 4466 4499
f 4485 4467 4500
f 4467 4481 4500
f 4486 4468 4501
f 4468 4482 4501
f 4469 4483 4502
f 4487 4469 4502
f 4488 4241 4503
f 4470 4485 4504
f 4489 4470 4504
f 4490 4471 4505
f 4471 4486 4505
f 4472 4487 4506
f 4491 4472 4506
f 4492 4473 4507
f 4473 4488 4507
f 4474 4489 4508
f 4493 4474 4508
f 4475 4490 4509
f 4494 4475 4509
f 4495 4476 4510
f 4476 4491 4510
f 4496 4477 4511
f 4477 4492 4511
f 4497 4478 4512
f 4478 4493 4512
f 4498 4479 4513
f 4479 4494 4513
f 4499 4480 4514
f 4480 4495 4514
f 4500 4481 4515
f 4481 4496 4515
f 4501 4482 4516
f 4482 4497 4516
f 4483 4498 4517
f 4502 4483 4517
f 4228 4227 4518
f 4227 4484 4518
f 4484 4499 4518
f 4503 4241 4519
f 4485 4500 4520
f 4504 4485 4520
f 4505 4486 4521
f 4486 4501 4521
f 4487 4502 4522
f 4506 4487 4522
f 4488 4503 4523
f 4507 4488 4523
f 4508 4489 4524
f 4489 4504 4524
f 4490 4505 4525
f 4509 4490 4525
f 4510 4491 4526
f 4491 4506 4526
f 4511 4492 4527
f 4492 4507 4527
f 4512 4493 4528
f 4493 4508 4528
f 4513 4494 4529
f 4494 4509 4529
f 4514 4495 4530
f 4495 4510 4530
f 4515 4496 4531
f 4496 4511 4531
f 4516 4497 4532
f 4497 4512 4532
f 4517 4498 4533
f 4498 4513 4533
f 4518 4499 4534
f 4499 4514 4534
f 4241 4242 4535
f 4519 4241 4535
f 4520 4500 4536
f 4500 4515 4536
f 4521 4501 4537
f 4501 4516 4537
f 4502 4517 4538
f 4522 4502 4538
f 4229 4228 4539
f 4228 4518 4539
f 4503 4519 4540
f 4523 4503 4540
f 4504 4520 4541
f 4524 4504 4541
f 4525 4505 4542
f 4505 4521 4542
f 4506 4522 4543
f 4526 4506 4543
f 4527 4507 4544
f 4507 4523 4544
f 4528 4508 4545
f 4508 4524 4545
f 4529 4509 4546
f 4509 4525 4546
f 4530 4510 4547
f 4510 4526 4547
f 4511 4527 4548
f 4531 4511 4548
f 4512 4528 4549
f 4532 4512 4549
f 4513 4529 4550
f 4533 4513 4550
f 4514 4530 4551
f 4534 4514 4551
f 4515 4531 4552
f 4536 4515 4552
f 4516 4532 4553
f 4537 4516 4553
f 4517 4533 4554
f 4538 4517 4554
f 4518 4534 4555
f 4539 4518 4555
f 4242 4243 4556
f 4519 4535 4556
f 4535 4242 4556
f 4540 4519 4556
f 4520 4536 4557
f 4541 4520 4557
f 4521 4537 4558
f 4542 4521 4558
f 4543 4522 4559
f 4522 4538 4559
f 4544 4523 4560
f 4523 4540 4560
f 4545 4524 4561
f 4524 4541 4561
f 4525 4542 4562
f 4546 4525 4562
f 4547 4526 4563
f 4526 4543 4563
f 4548 4527 4564
f 4527 4544 4564
f 4549 4528 4565
f 4528 4545 4565
f 4529 4546 4566
f 4550 4529 4566
f 4551 4530 4567
f 4530 4547 4567
f 4531 4548 4568
f 4552 4531 4568
f 4532 4549 4569
f 4553 4532 4569
f 4533 4550 4570
f 4554 4533 4570
f 4534 4551 4571
f 4555 4534 4571
f 4536 4552 4572
f 4557 4536 4572
f 4537 4553 4573
f 4558 4537 4573
f 4538 4554 4574
f 4559 4538 4574
f 4229 4539 4575
f 4230 4229 4575
f 4539 4555 4575
f 4540 4556 4576
f 4560 4540 4576
f 4541 4557 4577
f 4561 4541 4577
f 4542 4558 4578
f 4562 4542 4578
f 4563 4543 4579
f 4543 4559 4579
f 4544 4560 4580
f 4564 4544 4580
f 4565 4545 4581
f 4545 4561 4581
f 4566 4546 4582
f 4546 4562 4582
f 4567 4547 4583
f 4547 4563 4583
f 4548 4564 4584
f 4568 4548 4584
f 4569 4549 4585
f 4549 4565 4585
f 4550 4566 4586
f 4570 4550 4586
f 4551 4567 4587
f 4571 4551 4587
f 4572 4552 4588
f 4552 4568 4588
f 4573 4553 4589
f 4553 4569 4589
f 4574 4554 4590
f 4554 4570 4590
f 4555 4571 4591
f 4575 4555 4591
f 4243 4244 4592
f 4556 4243 4592
f 4576 4556 4592
f 4557 4572 4593
f 4577 4557 4593
f 4558 4573 4594
f 4578 4558 4594
f 4579 4559 4595
f 4559 4574 4595
f 4230 4575 4596
f 4231 4230 4596
f 4580 4560 4597
f 4560 4576 4597
f 4581 4561 4598
f 4561 4577 4598
f 4562 4578 4599
f 4582 4562 4599
f 4583 4563 4600
f 4563 4579 4600
f 4564 4580 4601
f 4584 4564 4601
f 4585 4565 4602
f 4565 4581 4602
f 4586 4566 4603
f 4566 4582 4603
f 4587 4567 4604
f 4567 4583 4604
f 4568 4584 4605
f 4588 4568 4605
f 4569 4585 4606
f 4589 4569 4606
f 4590 4570 4607
f 4570 4586 4607
f 4591 4571 4608
f 4571 4587 4608
f 4593 4572 4609
f 4572 4588 4609
f 4594 4573 4610
f 4573 4589 4610
f 4595 4574 4611
f 4574 4590 4611
f 4575 4591 4612
f 4596 4575 4612
f 4597 4576 4613
f 4244 4245 4613
f 4576 4592 4613
f 4592 4244 4613
f 4577 4593 4614
f 4598 4577 4614
f 4599 4578 4615
f 4578 4594 4615
f 4579 4595 4616
f 4600 4579 4616
f 4580 4597 4617
f 4601 4580 4617
f 4602 4581 4618
f 4581 4598 4618
f 4603 4582 4619
f 4582 4599 4619
f 4583 4600 4620
f 4604 4583 4620
f 4584 4601 4621
f 4605 4584 4621
f 4606 4585 4622
f 4585 4602 4622
f 4586 4603 4623
f 4607 4586 4623
f 4587 4604 4624
f 4608 4587 4624
f 4588 4605 4625
f 4609 4588 4625
f 4589 4606 4626
f 4610 4589 4626
f 4611 4590 4627
f 4590 4607 4627
f 4591 4608 4628
f 4612 4591 4628
f 4614 4593 4629
f 4593 4609 4629
f 4615 4594 4630
f 4594 4610 4630
f 4595 4611 4631
f 4616 4595 4631
f 4596 4612 4632
f 4232 4231 4632
f 4231 4596 4632
f 4617 4597 4633
f 4597 4613 4633
f 4598 4614 4634
f 4618 4598 4634
f 4619 4599 4635
f 4599 4615 4635
f 4620 4600 4636
f 4600 4616 4636
f 4601 4617 4637
f 4621 4601 4637
f 4622 4602 4638
f 4602 4618 4638
f 4603 4619 4639
f 4623 4603 4639
f 4624 4604 4640
f 4604 4620 4640
f 4605 4621 4641
f 4625 4605 4641
f 4606 4622 4642
f 4626 4606 4642
f 4627 4607 4643
f 4607 4623 4643
f 4628 4608 4644
f 4608 4624 4644
f 4629 4609 4645
f 4609 4625 4645
f 4610 4626 4646
f 4630 4610 4646
f 4611 4627 4647
f 4631 4611 4647
f 4612 4628 4648
f 4632 4612 4648
f 4613 4245 4649
f 4633 4613 4649
f 4245 4246 4649
f 4614 4629 4650
f 4634 4614 4650
f 4615 4630 4651
f 4635 4615 4651
f 4616 4631 4652
f 4636 4616 4652
f 4233 4232 4653
f 4232 4632 4653
f 4617 4633 4654
f 4637 4617 4654
f 4618 4634 4655
f 4638 4618 4655
f 4639 4619 4656
f 4619 4635 4656
f 4640 4620 4657
f 4620 4636 4657
f 4641 4621 4658
f 4621 4637 4658
f 4622 4638 4659
f 4642 4622 4659
f 4623 4639 4660
f 4643 4623 4660
f 4624 4640 4661
f 4644 4624 4661
f 4645 4625 4662
f 4625 4641 4662
f 4646 4626 4663
f 4626 4642 4663
f 4647 4627 4664
f 4627 4643 4664
f 4628 4644 4665
f 4648 4628 4665
f 4650 4629 4666
f 4629 4645 4666
f 4630 4646 4667
f 4651 4630 4667
f 4631 4647 4668
f 4652 4631 4668
f 4632 4648 4669
f 4653 4632 4669
f 4633 4649 4670
f 4649 4246 4670
f 4654 4633 4670
f 4246 4247 4670
f 4634 4650 4671
f 4655 4634 4671
f 4635 4651 4672
f 4656 4635 4672
f 4636 4652 4673
f 4657 4636 4673
f 4637 4654 4674
f 4658 4637 4674
f 4638 4655 4675
f 4659 4638 4675
f 4660 4639 4676
f 4639 4656 4676
f 4640 4657 4677
f 4661 4640 4677
f 4662 4641 4678
f 4641 4658 4678
f 4663 4642 4679
f 4642 4659 4679
f 4643 4660 4680
f 4664 4643 4680
f 4665 4644 4681
f 4644 4661 4681
f 4645 4662 4682
f 4666 4645 4682
f 4646 4663 4683
f 4667 4646 4683
f 4668 4647 4684
f 4647 4664 4684
f 4669 4648 4685
f 4648 4665 4685
f 4650 4666 4686
f 4671 4650 4686
f 4672 4651 4687
f 4651 4667 4687
f 4652 4668 4688
f 4673 4652 4688
f 4234 4233 4689
f 4233 4653 4689
f 4653 4669 4689
f 4674 4654 4690
f 4654 4670 4690
f 4675 4655 4691
f 4655 4671 4691
f 4676 4656 4692
f 4656 4672 4692
f 4657 4673 4693
f 4677 4657 4693
f 4658 4674 4694
f 4678 4658 4694
f 4659 4675 4695
f 4679 4659 4695
f 4680 4660 4696
f 4660 4676 4696
f 4681 4661 4697
f 4661 4677 4697
f 4662 4678 4698
f 4682 4662 4698
f 4683 4663 4699
f 4663 4679 4699
f 4664 4680 4700
f 4684 4664 4700
f 4685 4665 4701
f 4665 4681 4701
f 4666 4682 4702
f 4686 4666 4702
f 4667 4683 4703
f 4687 4667 4703
f 4668 4684 4704
f 4688 4668 4704
f 4689 4669 4705
f 4669 4685 4705
f 4247 4248 4706
f 4690 4670 4706
f 4670 4247 4706
f 4671 4686 4707
f 4691 4671 4707
f 4672 4687 4708
f 4692 4672 4708
f 4693 4673 4709
f 4673 4688 4709
f 4235 4234 4710
f 4234 4689 4710
f 4694 4674 4711
f 4674 4690 4711
f 4675 4691 4712
f 4695 4675 4712
f 4676 4692 4713
f 4696 4676 4713
f 4697 4677 4714
f 4677 4693 4714
f 4698 4678 4715
f 4678 4694 4715
f 4679 4695 4716
f 4699 4679 4716
f 4680 4696 4717
f 4700 4680 4717
f 4681 4697 4718
f 4701 4681 4718
f 4682 4698 4719
f 4702 4682 4719
f 4683 4699 4720
f 4703 4683 4720
f 4684 4700 4721
f 4704 4684 4721
f 4705 4685 4722
f 4685 4701 4722
f 4707 4686 4723
f 4686 4702 4723
f 4708 4687 4724
f 4687 4703 4724
f 4688 4704 4725
f 4709 4688 4725
f 4689 4705 4726
f 4710 4689 4726
f 4248 4249 4727
f 4706 4248 4727
f 4690 4706 4727
f 4711 4690 4727
f 4712 4691 4728
f 4691 4707 4728
f 4692 4708 4729
f 4713 4692 4729
f 4714 4693 4730
f 4693 4709 4730
f 4715 4694 4731
f 4694 4711 4731
f 4695 4712 4732
f 4716 4695 4732
f 4696 4713 4733
f 4717 4696 4733
f 4718 4697 4734
f 4697 4714 4734
f 4698 4715 4735
f 4719 4698 4735
f 4699 4716 4736
f 4720 4699 4736
f 4721 4700 4737
f 4700 4717 4737
f 4701 4718 4738
f 4722 4701 4738
f 4723 4702 4739
f 4702 4719 4739
f 4724 4703 4740
f 4703 4720 4740
f 4704 4721 4741
f 4725 4704 4741
f 4705 4722 4742
f 4726 4705 4742
f 4728 4707 4743
f 4707 4723 4743
f 4708 4724 4744
f 4729 4708 4744
f 4709 4725 4745
f 4730 4709 4745
f 4236 4235 4746
f 4710 4726 4746
f 4235 4710 4746
f 4711 4727 4747
f 4731 4711 4747
f 4712 4728 4748
f 4732 4712 4748
f 4713 4729 4749
f 4733 4713 4749
f 4714 4730 4750
f 4734 4714 4750
f 4735 4715 4751
f 4715 4731 4751
f 4716 4732 4752
f 4736 4716 4752
f 4737 4717 4753
f 4717 4733 4753
f 4718 4734 4754
f 4738 4718 4754
f 4739 4719 4755
f 4719 4735 4755
f 4740 4720 4756
f 4720 4736 4756
f 4721 4737 4757
f 4741 4721 4757
f 4722 4738 4758
f 4742 4722 4758
f 4723 4739 4759
f 4743 4723 4759
f 4724 4740 4760
f 4744 4724 4760
f 4725 4741 4761
f 4745 4725 4761
f 4746 4726 4762
f 4726 4742 4762
f 4747 4727 4763
f 4249 4250 4763
f 4727 4249 4763
f 4748 4728 4764
f 4728 4743 4764
f 4749 4729 4765
f 4729 4744 4765
f 4750 4730 4766
f 4730 4745 4766
f 4236 4746 4767
f 4237 4236 4767
f 4731 4747 4768
f 4751 4731 4768
f 4732 4748 4769
f 4752 4732 4769
f 4753 4733 4770
f 4733 4749 4770
f 4754 4734 4771
f 4734 4750 4771
f 4755 4735 4772
f 4735 4751 4772
f 4756 4736 4773
f 4736 4752 4773
f 4737 4753 4774
f 4757 4737 4774
f 4738 4754 4775
f 4758 4738 4775
f 4739 4755 4776
f 4759 4739 4776
f 4740 4756 4777
f 4760 4740 4777
f 4761 4741 4778
f 4741 4757 4778
f 4742 4758 4779
f 4762 4742 4779
f 4764 4743 4780
f 4743 4759 4780
f 4744 4760 4781
f 4765 4744 4781
f 4766 4745 4782
f 4745 4761 4782
f 4746 4762 4783
f 4767 4746 4783
f 4768 4747 4784
f 4250 4251 4784
f 4763 4250 4784
f 4747 4763 4784
f 4748 4764 4785
f 4769 4748 4785
f 4749 4765 4786
f 4770 4749 4786
f 4771 4750 4787
f 4750 4766 4787
f 4751 4768 4788
f 4772 4751 4788
f 4752 4769 4789
f 4773 4752 4789
f 4774 4753 4790
f 4753 4770 4790
f 4775 4754 4791
f 4754 4771 4791
f 4755 4772 4792
f 4776 4755 4792
f 4756 4773 4793
f 4777 4756 4793
f 4757 4774 4794
f 4778 4757 4794
f 4758 4775 4795
f 4779 4758 4795
f 4780 4759 4796
f 4759 4776 4796
f 4760 4777 4797
f 4781 4760 4797
f 4761 4778 4798
f 4782 4761 4798
f 4783 4762 4799
f 4762 4779 4799
f 4764 4780 4800
f 4785 4764 4800
f 4786 4765 4801
f 4765 4781 4801
f 4787 4766 4802
f 4766 4782 4802
f 4238 4237 4803
f 4767 4783 4803
f 4237 4767 4803
f 4788 4768 4804
f 4768 4784 4804
f 4769 4785 4805
f 4789 4769 4805
f 4770 4786 4806
f 4790 4770 4806
f 4771 4787 4807
f 4791 4771 4807
f 4772 4788 4808
f 4792 4772 4808
f 4773 4789 4809
f 4793 4773 4809
f 4774 4790 4810
f 4794 4774 4810
f 4795 4775 4811
f 4775 4791 4811
f 4776 4792 4812
f 4796 4776 4812
f 4777 4793 4813
f 4797 4777 4813
f 4778 4794 4814
f 4798 4778 4814
f 4799 4779 4815
f 4779 4795 4815
f 4780 4796 4816
f 4800 4780 4816
f 4801 4781 4817
f 4781 4797 4817
f 4802 4782 4818
f 4782 4798 4818
f 4783 4799 4819
f 4803 4783 4819
f 4784 4251 4820
f 4251 4252 4820
f 4804 4784 4820
f 4805 4785 4821
f 4785 4800 4821
f 4786 4801 4822
f 4806 4786 4822
f 4807 4787 4823
f 4787 4802 4823
f 4239 4238 4824
f 4238 4803 4824
f 4808 4788 4825
f 4788 4804 4825
f 4809 4789 4826
f 4789 4805 4826
f 4790 4806 4827
f 4810 4790 4827
f 4791 4807 4828
f 4811 4791 4828
f 4792 4808 4829
f 4812 4792 4829
f 4793 4809 4830
f 4813 4793 4830
f 4794 4810 4831
f 4814 4794 4831
f 4795 4811 4832
f 4815 4795 4832
f 4816 4796 4833
f 4796 4812 4833
f 4797 4813 4834
f 4817 4797 4834
f 4798 4814 4835
f 4818 4798 4835
f 4819 4799 4836
f 4799 4815 4836
f 4800 4816 4837
f 4821 4800 4837
f 4822 4801 4838
f 4801 4817 4838
f 4823 4802 4839
f 4802 4818 4839
f 4824 4803 4840
f 4803 4819 4840
f 4820 4252 4841
f 4804 4820 4841
f 4825 4804 4841
f 4252 4253 4841
f 4805 4821 4842
f 4826 4805 4842
f 4827 4806 4843
f 4806 4822 4843
f 4807 4823 4844
f 4828 4807 4844
f 4829 4808 4845
f 4808 4825 4845
f 4809 4826 4846
f 4830 4809 4846
f 4810 4827 4847
f 4831 4810 4847
f 4811 4828 4848
f 4832 4811 4848
f 4812 4829 4849
f 4833 4812 4849
f 4834 4813 4850
f 4813 4830 4850
f 4835 4814 4851
f 4814 4831 4851
f 4815 4832 4852
f 4836 4815 4852
f 4816 4833 4853
f 4837 4816 4853
f 4817 4834 4854
f 4838 4817 4854
f 4839 4818 4855
f 4818 4835 4855
f 4819 4836 4856
f 4840 4819 4856
f 4821 4837 4857
f 4842 4821 4857
f 4843 4822 4858
f 4822 4838 4858
f 4823 4839 4859
f 4844 4823 4859
f 4240 4239 4860
f 4269 4240 4860
f 4824 4840 4860
f 4239 4824 4860
f 4825 4841 4861
f 4845 4825 4861
f 4826 4842 4862
f 4846 4826 4862
f 4847 4827 4863
f 4827 4843 4863
f 4848 4828 4864
f 4828 4844 4864
f 4829 4845 4865
f 4849 4829 4865
f 4850 4830 4866
f 4830 4846 4866
f 4851 4831 4867
f 4831 4847 4867
f 4832 4848 4868
f 4852 4832 4868
f 4833 4849 4869
f 4853 4833 4869
f 4854 4834 4870
f 4834 4850 4870
f 4835 4851 4871
f 4855 4835 4871
f 4836 4852 4872
f 4856 4836 4872
f 4837 4853 4873
f 4857 4837 4873
f 4838 4854 4874
f 4858 4838 4874
f 4859 4839 4875
f 4839 4855 4875
f 4860 4840 4876
f 4270 4269 4876
f 4269 4860 4876
f 4840 4856 4876
f 4253 4254 4877
f 4861 4841 4877
f 4841 4253 4877
f 4842 4857 4878
f 4862 4842 4878
f 4843 4858 4879
f 4863 4843 4879
f 4844 4859 4880
f 4864 4844 4880
f 4845 4861 4881
f 4865 4845 4881
f 4846 4862 4882
f 4866 4846 4882
f 4847 4863 4883
f 4867 4847 4883
f 4848 4864 4884
f 4868 4848 4884
f 4869 4849 4885
f 4849 4865 4885
f 4870 4850 4886
f 4850 4866 4886
f 4871 4851 4887
f 4851 4867 4887
f 4852 4868 4888
f 4872 4852 4888
f 4873 4853 4889
f 4853 4869 4889
f 4874 4854 4890
f 4854 4870 4890
f 4875 4855 4891
f 4855 4871 4891
f 4271 4270 4892
f 4856 4872 4892
f 4270 4876 4892
f 4876 4856 4892
f 4878 4857 4893
f 4857 4873 4893
f 4879 4858 4894
f 4858 4874 4894
f 4859 4875 4895
f 4880 4859 4895
f 4881 4861 4896
f 4877 4254 4896
f 4861 4877 4896
f 4882 4862 4897
f 4862 4878 4897
f 4863 4879 4898
f 4883 4863 4898
f 4884 4864 4899
f 4864 4880 4899
f 4865 4881 4900
f 4885 4865 4900
f 4886 4866 4901
f 4866 4882 4901
f 4867 4883 4902
f 4887 4867 4902
f 4888 4868 4903
f 4868 4884 4903
f 4869 4885 4904
f 4889 4869 4904
f 4870 4886 4905
f 4890 4870 4905
f 4891 4871 4906
f 4871 4887 4906
f 4872 4888 4907
f 4271 4892 4907
f 4272 4271 4907
f 4892 4872 4907
f 4873 4889 4908
f 4893 4873 4908
f 4894 4874 4909
f 4874 4890 4909
f 4875 4891 4910
f 4895 4875 4910
f 4897 4878 4911
f 4878 4893 4911
f 4898 4879 4912
f 4879 4894 4912
f 4880 4895 4913
f 4899 4880 4913
f 4881 4896 4914
f 4900 4881 4914
f 4882 4897 4915
f 4901 4882 4915
f 4883 4898 4916
f 4902 4883 4916
f 4903 4884 4917
f 4884 4899 4917
f 4904 4885 4918
f 4885 4900 4918
f 4886 4901 4919
f 4905 4886 4919
f 4887 4902 4920
f 4906 4887 4920
f 4888 4903 4921
f 4273 4272 4921
f 4907 4888 4921
f 4272 4907 4921
f 4908 4889 4922
f 4889 4904 4922
f 4890 4905 4923
f 4909 4890 4923
f 4891 4906 4924
f 4910 4891 4924
f 4893 4908 4925
f 4911 4893 4925
f 4894 4909 4926
f 4912 4894 4926
f 4895 4910 4927
f 4913 4895 4927
f 4254 4255 4928
f 4896 4254 4928
f 4914 4896 4928
f 4915 4897 4929
f 4897 4911 4929
f 4898 4912 4930
f 4916 4898 4930
f 4899 4913 4931
f 4917 4899 4931
f 4900 4914 4932
f 4918 4900 4932
f 4901 4915 4933
f 4919 4901 4933
f 4902 4916 4934
f 4920 4902 4934
f 4903 4917 4935
f 4273 4921 4935
f 4274 4273 4935
f 4921 4903 4935
f 4922 4904 4936
f 4904 4918 4936
f 4923 4905 4937
f 4905 4919 4937
f 4906 4920 4938
f 4924 4906 4938
f 4925 4908 4939
f 4908 4922 4939
f 4909 4923 4940
f 4926 4909 4940
f 4927 4910 4941
f 4910 4924 4941
f 4911 4925 4942
f 4929 4911 4942
f 4930 4912 4943
f 4912 4926 4943
f 4931 4913 4944
f 4913 4927 4944
f 4928 4255 4945
f 4255 4256 4945
f 4914 4928 4945
f 4932 4914 4945
f 4933 4915 4946
f 4915 4929 4946
f 4916 4930 4947
f 4934 4916 4947
f 4917 4931 4948
f 4275 4274 4948
f 4274 4935 4948
f 4935 4917 4948
f 4918 4932 4949
f 4936 4918 4949
f 4937 4919 4950
f 4919 4933 4950
f 4938 4920 4951
f 4920 4934 4951
f 4939 4922 4952
f 4922 4936 4952
f 4940 4923 4953
f 4923 4937 4953
f 4924 4938 4954
f 4941 4924 4954
f 4942 4925 4955
f 4925 4939 4955
f 4943 4926 4956
f 4926 4940 4956
f 4927 4941 4957
f 4944 4927 4957
f 4929 4942 4958
f 4946 4929 4958
f 4930 4943 4959
f 4947 4930 4959
f 4931 4944 4960
f 4948 4931 4960
f 4275 4948 4960
f 4276 4275 4960
f 4932 4945 4961
f 4949 4932 4961
f 4950 4933 4962
f 4933 4946 4962
f 4951 4934 4963
f 4934 4947 4963
f 4936 4949 4964
f 4952 4936 4964
f 4953 4937 4965
f 4937 4950 4965
f 4938 4951 4966
f 4954 4938 4966
f 4939 4952 4967
f 4955 4939 4967
f 4940 4953 4968
f 4956 4940 4968
f 4941 4954 4969
f 4957 4941 4969
f 4942 4955 4970
f 4958 4942 4970
f 4959 4943 4971
f 4943 4956 4971
f 4960 4944 4972
f 4944 4957 4972
f 4276 4960 4972
f 4277 4276 4972
f 4961 4945 4973
f 4256 4257 4973
f 4945 4256 4973
f 4946 4958 4974
f 4962 4946 4974
f 4947 4959 4975
f 4963 4947 4975
f 4949 4961 4976
f 4964 4949 4976
f 4965 4950 4977
f 4950 4962 4977
f 4966 4951 4978
f 4951 4963 4978
f 4967 4952 4979
f 4952 4964 4979
f 4953 4965 4980
f 4968 4953 4980
f 4969 4954 4981
f 4954 4966 4981
f 4970 4955 4982
f 4955 4967 4982
f 4971 4956 4983
f 4956 4968 4983
f 4972 4957 4984
f 4278 4277 4984
f 4277 4972 4984
f 4957 4969 4984
f 4958 4970 4985
f 4974 4958 4985
f 4959 4971 4986
f 4975 4959 4986
f 4976 4961 4987
f 4257 4258 4987
f 4961 4973 4987
f 4973 4257 4987
f 4962 4974 4988
f 4977 4962 4988
f 4978 4963 4989
f 4963 4975 4989
f 4964 4976 4990
f 4979 4964 4990
f 4980 4965 4991
f 4965 4977 4991
f 4966 4978 4992
f 4981 4966 4992
f 4982 4967 4993
f 4967 4979 4993
f 4968 4980 4994
f 4983 4968 4994
f 4278 4984 4995
f 4969 4981 4995
f 4279 4278 4995
f 4984 4969 4995
f 4985 4970 4996
f 4970 4982 4996
f 4986 4971 4997
f 4971 4983 4997
f 4988 4974 4998
f 4974 4985 4998
f 4989 4975 4999
f 4975 4986 4999
f 4976 4987 5000
f 4990 4976 5000
f 4977 4988 5001
f 4991 4977 5001
f 4992 4978 5002
f 4978 4989 5002
f 4993 4979 5003
f 4979 4990 5003
f 4980 4991 5004
f 4994 4980 5004
f 4995 4981 5005
f 4981 4992 5005
f 4279 4995 5005
f 4280 4279 5005
f 4982 4993 5006
f 4996 4982 5006
f 4983 4994 5007
f 4997 4983 5007
f 4985 4996 5008
f 4998 4985 5008
f 4986 4997 5009
f 4999 4986 5009
f 4987 4258 5010
f 4258 4259 5010
f 5000 4987 5010
f 5001 4988 5011
f 4988 4998 5011
f 5002 4989 5012
f 4989 4999 5012
f 4990 5000 5013
f 5003 4990 5013
f 5004 4991 5014
f 4991 5001 5014
f 4281 4280 5015
f 5005 4992 5015
f 4280 5005 5015
f 4992 5002 5015
f 5006 4993 5016
f 4993 5003 5016
f 4994 5004 5017
f 5007 4994 5017
f 4996 5006 5018
f 5008 4996 5018
f 4997 5007 5019
f 5009 4997 5019
f 4998 5008 5020
f 5011 4998 5020
f 5012 4999 5021
f 4999 5009 5021
f 4259 4260 5022
f 5010 4259 5022
f 5000 5010 5022
f 5013 5000 5022
f 5001 5011 5023
f 5014 5001 5023
f 5015 5002 5024
f 4281 5015 5024
f 5002 5012 5024
f 5003 5013 5025
f 5016 5003 5025
f 5004 5014 5026
f 5017 5004 5026
f 5006 5016 5027
f 5018 5006 5027
f 5007 5017 5028
f 5019 5007 5028
f 5008 5018 5029
f 5020 5008 5029
f 5021 5009 5030
f 5009 5019 5030
f 5011 5020 5031
f 5023 5011 5031
f 5012 5021 5032
f 4281 5024 5032
f 4282 4281 5032
f 5024 5012 5032
f 5025 5013 5033
f 5013 5022 5033
f 5026 5014 5034
f 5014 5023 5034
f 5016 5025 5035
f 5027 5016 5035
f 5028 5017 5036
f 5017 5026 5036
f 5029 5018 5037
f 5018 5027 5037
f 5019 5028 5038
f 5030 5019 5038
f 5031 5020 5039
f 5020 5029 5039
f 5032 5021 5040
f 4282 5032 5040
f 4283 4282 5040
f 5021 5030 5040
f 5022 4260 5041
f 5033 5022 5041
f 4260 4261 5041
f 5034 5023 5042
f 5023 5031 5042
f 5025 5033 5043
f 5035 5025 5043
f 5026 5034 5044
f 5036 5026 5044
f 5027 5035 5045
f 5037 5027 5045
f 5028 5036 5046
f 5038 5028 5046
f 5039 5029 5047
f 5029 5037 5047
f 4284 4283 5048
f 4283 5040 5048
f 5040 5030 5048
f 5030 5038 5048
f 5031 5039 5049
f 5042 5031 5049
f 4261 4262 5050
f 5043 5033 5050
f 5033 5041 5050
f 5041 4261 5050
f 5034 5042 5051
f 5044 5034 5051
f 5045 5035 5052
f 5035 5043 5052
f 5046 5036 5053
f 5036 5044 5053
f 5037 5045 5054
f 5047 5037 5054
f 4284 5048 5055
f 5038 5046 5055
f 5048 5038 5055
f 4285 4284 5055
f 5039 5047 5056
f 5049 5039 5056
f 5042 5049 5057
f 5051 5042 5057
f 5043 5050 5058
f 5052 5043 5058
f 5044 5051 5059
f 5053 5044 5059
f 5045 5052 5060
f 5054 5045 5060
f 5055 5046 5061
f 4285 5055 5061
f 4286 4285 5061
f 5046 5053 5061
f 5047 5054 5062
f 5056 5047 5062
f 5057 5049 5063
f 5049 5056 5063
f 4262 4263 5064
f 5050 4262 5064
f 5058 5050 5064
f 5059 5051 5065
f 5051 5057 5065
f 5052 5058 5066
f 5060 5052 5066
f 5053 5059 5067
f 5061 5053 5067
f 4286 5061 5067
f 4287 4286 5067
f 5054 5060 5068
f 5062 5054 5068
f 5063 5056 5069
f 5056 5062 5069
f 5065 5057 5070
f 5057 5063 5070
f 5064 4263 5071
f 5066 5058 5071
f 5058 5064 5071
f 4263 4264 5071
f 5059 5065 5072
f 4287 5067 5072
f 4288 4287 5072
f 5067 5059 5072
f 5068 5060 5073
f 5060 5066 5073
f 5069 5062 5074
f 5062 5068 5074
f 5063 5069 5075
f 5070 5063 5075
f 5065 5070 5076
f 5072 5065 5076
f 4288 5072 5076
f 4289 4288 5076
f 5066 5071 5077
f 5073 5066 5077
f 5074 5068 5078
f 5068 5073 5078
f 5075 5069 5079
f 5069 5074 5079
f 5076 5070 5080
f 5070 5075 5080
f 4290 4289 5080
f 4289 5076 5080
f 4264 4265 5081
f 5071 4264 5081
f 5077 5071 5081
f 5073 5077 5082
f 5078 5073 5082
f 5074 5078 5083
f 5079 5074 5083
f 4290 5080 5084
f 4291 4290 5084
f 5075 5079 5084
f 5080 5075 5084
f 4265 4266 5085
f 5081 4265 5085
f 5077 5081 5085
f 5082 5077 5085
f 5083 5078 5086
f 5078 5082 5086
f 5079 5083 5087
f 4291 5084 5087
f 4292 4291 5087
f 5084 5079 5087
f 5082 5085 5088
f 5086 5082 5088
f 4292 5087 5089
f 5087 5083 5089
f 5083 5086 5089
f 4293 4292 5089
f 5088 5085 5090
f 4266 4267 5090
f 5085 4266 5090
f 5089 5086 5091
f 5086 5088 5091
f 4293 5089 5091
f 4294 4293 5091
f 5091 5088 5092
f 5088 5090 5092
f 5090 4267 5092
f 4294 5091 5092
f 4267 4268 5092
f 4268 4294 5092
f 5093 5094 5175
f 5093 5175 5176
f 5093 5176 5177
f 5094 5095 5178
f 5176 5175 5178
f 5175 5094 5178
f 5093 5177 5179
f 5177 5176 5180
f 5176 5178 5180
f 5095 5096 5181
f 5178 5095 5181
f 5093 5179 5182
f 5179 5177 5183
f 5177 5180 5183
f 5180 5178 5184
f 5178 5181 5184
f 5093 5182 5185
f 5182 5179 5186
f 5179 5183 5186
f 5180 5184 5187
f 5183 5180 5187
f 5096 5097 5188
f 5181 5096 5188
f 5184 5181 5188
f 5093 5185 5189
f 5182 5186 5190
f 5185 5182 5190
f 5183 5187 5191
f 5186 5183 5191
f 5187 5184 5192
f 5184 5188 5192
f 5093 5189 5193
f 5097 5098 5194
f 5188 5097 5194
f 5189 5185 5195
f 5185 5190 5195
f 5186 5191 5196
f 5190 5186 5196
f 5187 5192 5197
f 5191 5187 5197
f 5093 5193 5198
f 5192 5188 5199
f 5188 5194 5199
f 5193 5189 5200
f 5189 5195 5200
f 5195 5190 5201
f 5190 5196 5201
f 5196 5191 5202
f 5191 5197 5202
f 5093 5198 5203
f 5197 5192 5204
f 5192 5199 5204
f 5193 5200 5205
f 5198 5193 5205
f 5098 5099 5206
f 5199 5194 5206
f 5194 5098 5206
f 5195 5201 5207
f 5200 5195 5207
f 5196 5202 5208
f 5201 5196 5208
f 5093 5203 5209
f 5197 5204 5210
f 5202 5197 5210
f 5203 5198 5211
f 5198 5205 5211
f 5204 5199 5212
f 5199 5206 5212
f 5205 5200 5213
f 5200 5207 5213
f 5099 5100 5214
f 5206 5099 5214
f 5201 5208 5215
f 5207 5201 5215
f 5093 5209 5216
f 5202 5210 5217
f 5208 5202 5217
f 5209 5203 5218
f 5203 5211 5218
f 5210 5204 5219
f 5204 5212 5219
f 5211 5205 5220
f 5205 5213 5220
f 5212 5206 5221
f 5206 5214 5221
f 5213 5207 5222
f 5207 5215 5222
f 5093 5216 5223
f 5215 5208 5224
f 5208 5217 5224
f 5209 5218 5225
f 5216 5209 5225
f 5210 5219 5226
f 5217 5210 5226
f 5218 5211 5227
f 5211 5220 5227
f 5219 5212 5228
f 5212 5221 5228
f 5213 5222 5229
f 5220 5213 5229
f 5100 5101 5230
f 5221 5214 5230
f 5214 5100 5230
f 5093 5223 5231
f 5215 5224 5232
f 5222 5215 5232
f 5223 5216 5233
f 5216 5225 5233
f 5217 5226 5234
f 5224 5217 5234
f 5225 5218 5235
f 5218 5227 5235
f 5226 5219 5236
f 5219 5228 5236
f 5227 5220 5237
f 5220 5229 5237
f 5228 5221 5238
f 5221 5230 5238
f 5121 5093 5239
f 5093 5231 5239
f 5222 5232 5240
f 5229 5222 5240
f 5101 5102 5241
f 5230 5101 5241
f 5231 5223 5242
f 5223 5233 5242
f 5224 5234 5243
f 5232 5224 5243
f 5225 5235 5244
f 5233 5225 5244
f 5234 5226 5245
f 5226 5236 5245
f 5227 5237 5246
f 5235 5227 5246
f 5228 5238 5247
f 5236 5228 5247
f 5121 5239 5248
f 5237 5229 5249
f 5229 5240 5249
f 5238 5230 5250
f 5230 5241 5250
f 5231 5242 5251
f 5239 5231 5251
f 5240 5232 5252
f 5232 5243 5252
f 5242 5233 5253
f 5233 5244 5253
f 5243 5234 5254
f 5234 5245 5254
f 5244 5235 5255
f 5235 5246 5255
f 5245 5236 5256
f 5236 5247 5256
f 5121 5248 5257
f 5237 5249 5258
f 5246 5237 5258
f 5247 5238 5259
f 5238 5250 5259
f 5248 5239 5260
f 5239 5251 5260
f 5249 5240 5261
f 5240 5252 5261
f 5102 5103 5262
f 5241 5102 5262
f 5250 5241 5262
f 5242 5253 5263
f 5251 5242 5263
f 5252 5243 5264
f 5243 5254 5264
f 5253 5244 5265
f 5244 5255 5265
f 5245 5256 5266
f 5254 5245 5266
f 5121 5257 5267
f 5255 5246 5268
f 5246 5258 5268
f 5256 5247 5269
f 5247 5259 5269
f 5257 5248 5270
f 5248 5260 5270
f 5249 5261 5271
f 5258 5249 5271
f 5259 5250 5272
f 5250 5262 5272
f 5251 5263 5273
f 5260 5251 5273
f 5261 5252 5274
f 5252 5264 5274
f 5103 5104 5275
f 5262 5103 5275
f 5263 5253 5276
f 5253 5265 5276
f 5264 5254 5277
f 5254 5266 5277
f 5121 5267 5278
f 5255 5268 5279
f 5265 5255 5279
f 5266 5256 5280
f 5256 5269 5280
f 5257 5270 5281
f 5267 5257 5281
f 5258 5271 5282
f 5268 5258 5282
f 5259 5272 5283
f 5269 5259 5283
f 5270 5260 5284
f 5260 5273 5284
f 5271 5261 5285
f 5261 5274 5285
f 5272 5262 5286
f 5262 5275 5286
f 5263 5276 5287
f 5273 5263 5287
f 5264 5277 5288
f 5274 5264 5288
f 5121 5278 5289
f 5276 5265 5290
f 5265 5279 5290
f 5266 5280 5291
f 5277 5266 5291
f 5278 5267 5292
f 5267 5281 5292
f 5279 5268 5293
f 5268 5282 5293
f 5280 5269 5294
f 5269 5283 5294
f 5281 5270 5295
f 5270 5284 5295
f 5271 5285 5296
f 5282 5271 5296
f 5283 5272 5297
f 5272 5286 5297
f 5284 5273 5298
f 5273 5287 5298
f 5285 5274 5299
f 5274 5288 5299
f 5104 5105 5300
f 5275 5104 5300
f 5286 5275 5300
f 5121 5289 5301
f 5287 5276 5302
f 5276 5290 5302
f 5288 5277 5303
f 5277 5291 5303
f 5278 5292 5304
f 5289 5278 5304
f 5279 5293 5305
f 5290 5279 5305
f 5291 5280 5306
f 5280 5294 5306
f 5281 5295 5307
f 5292 5281 5307
f 5282 5296 5308
f 5293 5282 5308
f 5294 5283 5309
f 5283 5297 5309
f 5295 5284 5310
f 5284 5298 5310
f 5296 5285 5311
f 5285 5299 5311
f 5297 5286 5312
f 5286 5300 5312
f 5121 5301 5313
f 5287 5302 5314
f 5298 5287 5314
f 5299 5288 5315
f 5288 5303 5315
f 5105 5106 5316
f 5300 5105 5316
f 5289 5304 5317
f 5301 5289 5317
f 5302 5290 5318
f 5290 5305 5318
f 5303 5291 5319
f 5291 5306 5319
f 5304 5292 5320
f 5292 5307 5320
f 5305 5293 5321
f 5293 5308 5321
f 5306 5294 5322
f 5294 5309 5322
f 5307 5295 5323
f 5295 5310 5323
f 5308 5296 5324
f 5296 5311 5324
f 5309 5297 5325
f 5297 5312 5325
f 5121 5313 5326
f 5310 5298 5327
f 5298 5314 5327
f 5311 5299 5328
f 5299 5315 5328
f 5312 5300 5329
f 5300 5316 5329
f 5313 5301 5330
f 5301 5317 5330
f 5302 5318 5331
f 5314 5302 5331
f 5315 5303 5332
f 5303 5319 5332
f 5317 5304 5333
f 5304 5320 5333
f 5318 5305 5334
f 5305 5321 5334
f 5306 5322 5335
f 5319 5306 5335
f 5307 5323 5336
f 5320 5307 5336
f 5308 5324 5337
f 5321 5308 5337
f 5309 5325 5338
f 5322 5309 5338
f 5121 5326 5339
f 5323 5310 5340
f 5310 5327 5340
f 5311 5328 5341
f 5324 5311 5341
f 5325 5312 5342
f 5312 5329 5342
f 5326 5313 5343
f 5313 5330 5343
f 5327 5314 5344
f 5314 5331 5344
f 5315 5332 5345
f 5328 5315 5345
f 5329 5316 5346
f 5316 5106 5346
f 5330 5317 5347
f 5317 5333 5347
f 5331 5318 5348
f 5318 5334 5348
f 5332 5319 5349
f 5319 5335 5349
f 5320 5336 5350
f 5333 5320 5350
f 5334 5321 5351
f 5321 5337 5351
f 5322 5338 5352
f 5335 5322 5352
f 5121 5339 5353
f 5336 5323 5354
f 5323 5340 5354
f 5337 5324 5355
f 5324 5341 5355
f 5325 5342 5356
f 5338 5325 5356
f 5339 5326 5357
f 5326 5343 5357
f 5327 5344 5358
f 5340 5327 5358
f 5341 5328 5359
f 5328 5345 5359
f 5342 5329 5360
f 5329 5346 5360
f 5330 5347 5361
f 5343 5330 5361
f 5331 5348 5362
f 5344 5331 5362
f 5332 5349 5363
f 5345 5332 5363
f 5106 5107 5364
f 5346 5106 5364
f 5347 5333 5365
f 5333 5350 5365
f 5334 5351 5366
f 5348 5334 5366
f 5349 5335 5367
f 5335 5352 5367
f 5121 5353 5368
f 5350 5336 5369
f 5336 5354 5369
f 5351 5337 5370
f 5337 5355 5370
f 5352 5338 5371
f 5338 5356 5371
f 5353 5339 5372
f 5339 5357 5372
f 5340 5358 5373
f 5354 5340 5373
f 5341 5359 5374
f 5355 5341 5374
f 5342 5360 5375
f 5356 5342 5375
f 5357 5343 5376
f 5343 5361 5376
f 5358 5344 5377
f 5344 5362 5377
f 5345 5363 5378
f 5359 5345 5378
f 5360 5346 5379
f 5346 5364 5379
f 5347 5365 5380
f 5361 5347 5380
f 5348 5366 5381
f 5362 5348 5381
f 5363 5349 5382
f 5349 5367 5382
f 5121 5368 5383
f 5365 5350 5384
f 5350 5369 5384
f 5351 5370 5385
f 5366 5351 5385
f 5367 5352 5386
f 5352 5371 5386
f 5353 5372 5387
f 5368 5353 5387
f 5369 5354 5388
f 5354 5373 5388
f 5370 5355 5389
f 5355 5374 5389
f 5356 5375 5390
f 5371 5356 5390
f 5357 5376 5391
f 5372 5357 5391
f 5358 5377 5392
f 5373 5358 5392
f 5359 5378 5393
f 5374 5359 5393
f 5360 5379 5394
f 5375 5360 5394
f 5361 5380 5395
f 5376 5361 5395
f 5362 5381 5396
f 5377 5362 5396
f 5378 5363 5397
f 5363 5382 5397
f 5107 5108 5398
f 5364 5107 5398
f 5379 5364 5398
f 5121 5383 5399
f 5380 5365 5400
f 5365 5384 5400
f 5366 5385 5401
f 5381 5366 5401
f 5382 5367 5402
f 5367 5386 5402
f 5383 5368 5403
f 5368 5387 5403
f 5369 5388 5404
f 5384 5369 5404
f 5385 5370 5405
f 5370 5389 5405
f 5371 5390 5406
f 5386 5371 5406
f 5372 5391 5407
f 5387 5372 5407
f 5373 5392 5408
f 5388 5373 5408
f 5374 5393 5409
f 5389 5374 5409
f 5375 5394 5410
f 5390 5375 5410
f 5376 5395 5411
f 5391 5376 5411
f 5377 5396 5412
f 5392 5377 5412
f 5378 5397 5413
f 5393 5378 5413
f 5379 5398 5414
f 5394 5379 5414
f 5122 5121 5415
f 5121 5399 5415
f 5380 5400 5416
f 5395 5380 5416
f 5381 5401 5417
f 5396 5381 5417
f 5397 5382 5418
f 5382 5402 5418
f 5108 5109 5419
f 5398 5108 5419
f 5399 5383 5420
f 5383 5403 5420
f 5400 5384 5421
f 5384 5404 5421
f 5385 5405 5422
f 5401 5385 5422
f 5402 5386 5423
f 5386 5406 5423
f 5387 5407 5424
f 5403 5387 5424
f 5388 5408 5425
f 5404 5388 5425
f 5389 5409 5426
f 5405 5389 5426
f 5390 5410 5427
f 5406 5390 5427
f 5407 5391 5428
f 5391 5411 5428
f 5408 5392 5429
f 5392 5412 5429
f 5409 5393 5430
f 5393 5413 5430
f 5410 5394 5431
f 5394 5414 5431
f 5411 5395 5432
f 5395 5416 5432
f 5412 5396 5433
f 5396 5417 5433
f 5413 5397 5434
f 5397 5418 5434
f 5414 5398 5435
f 5398 5419 5435
f 5123 5122 5436
f 5415 5399 5436
f 5122 5415 5436
f 5399 5420 5436
f 5416 5400 5437
f 5400 5421 5437
f 5417 5401 5438
f 5401 5422 5438
f 5402 5423 5439
f 5418 5402 5439
f 5403 5424 5440
f 5420 5403 5440
f 5404 5425 5441
f 5421 5404 5441
f 5422 5405 5442
f 5405 5426 5442
f 5406 5427 5443
f 5423 5406 5443
f 5407 5428 5444
f 5424 5407 5444
f 5408 5429 5445
f 5425 5408 5445
f 5426 5409 5446
f 5409 5430 5446
f 5410 5431 5447
f 5427 5410 5447
f 5428 5411 5448
f 5411 5432 5448
f 5429 5412 5449
f 5412 5433 5449
f 5430 5413 5450
f 5413 5434 5450
f 5431 5414 5451
f 5414 5435 5451
f 5432 5416 5452
f 5416 5437 5452
f 5433 5417 5453
f 5417 5438 5453
f 5434 5418 5454
f 5418 5439 5454
f 5419 5109 5455
f 5109 5110 5455
f 5435 5419 5455
f 5436 5420 5456
f 5420 5440 5456
f 5437 5421 5457
f 5421 5441 5457
f 5438 5422 5458
f 5422 5442 5458
f 5423 5443 5459
f 5439 5423 5459
f 5440 5424 5460
f 5424 5444 5460
f 5425 5445 5461
f 5441 5425 5461
f 5426 5446 5462
f 5442 5426 5462
f 5427 5447 5463
f 5443 5427 5463
f 5444 5428 5464
f 5428 5448 5464
f 5429 5449 5465
f 5445 5429 5465
f 5446 5430 5466
f 5430 5450 5466
f 5447 5431 5467
f 5431 5451 5467
f 5432 5452 5468
f 5448 5432 5468
f 5433 5453 5469
f 5449 5433 5469
f 5434 5454 5470
f 5450 5434 5470
f 5451 5435 5471
f 5435 5455 5471
f 5124 5123 5472
f 5123 5436 5472
f 5436 5456 5472
f 5452 5437 5473
f 5437 5457 5473
f 5453 5438 5474
f 5438 5458 5474
f 5439 5459 5475
f 5454 5439 5475
f 5455 5110 5476
f 5110 5111 5476
f 5440 5460 5477
f 5456 5440 5477
f 5441 5461 5478
f 5457 5441 5478
f 5458 5442 5479
f 5442 5462 5479
f 5443 5463 5480
f 5459 5443 5480
f 5460 5444 5481
f 5444 5464 5481
f 5445 5465 5482
f 5461 5445 5482
f 5446 5466 5483
f 5462 5446 5483
f 5447 5467 5484
f 5463 5447 5484
f 5464 5448 5485
f 5448 5468 5485
f 5465 5449 5486
f 5449 5469 5486
f 5450 5470 5487
f 5466 5450 5487
f 5451 5471 5488
f 5467 5451 5488
f 5452 5473 5489
f 5468 5452 5489
f 5453 5474 5490
f 5469 5453 5490
f 5454 5475 5491
f 5470 5454 5491
f 5471 5455 5492
f 5455 5476 5492
f 5456 5477 5493
f 5125 5124 5493
f 5472 5456 5493
f 5124 5472 5493
f 5473 5457 5494
f 5457 5478 5494
f 5458 5479 5495
f 5474 5458 5495
f 5475 5459 5496
f 5459 5480 5496
f 5477 5460 5497
f 5460 5481 5497
f 5461 5482 5498
f 5478 5461 5498
f 5462 5483 5499
f 5479 5462 5499
f 5480 5463 5500
f 5463 5484 5500
f 5481 5464 5501
f 5464 5485 5501
f 5465 5486 5502
f 5482 5465 5502
f 5483 5466 5503
f 5466 5487 5503
f 5484 5467 5504
f 5467 5488 5504
f 5485 5468 5505
f 5468 5489 5505
f 5486 5469 5506
f 5469 5490 5506
f 5470 5491 5507
f 5487 5470 5507
f 5488 5471 5508
f 5471 5492 5508
f 5473 5494 5509
f 5489 5473 5509
f 5474 5495 5510
f 5490 5474 5510
f 5491 5475 5511
f 5475 5496 5511
f 5492 5476 5512
f 5111 5112 5512
f 5476 5111 5512
f 5477 5497 5513
f 5493 5477 5513
f 5494 5478 5514
f 5478 5498 5514
f 5479 5499 5515
f 5495 5479 5515
f 5480 5500 5516
f 5496 5480 5516
f 5497 5481 5517
f 5481 5501 5517
f 5482 5502 5518
f 5498 5482 5518
f 5499 5483 5519
f 5483 5503 5519
f 5484 5504 5520
f 5500 5484 5520
f 5501 5485 5521
f 5485 5505 5521
f 5502 5486 5522
f 5486 5506 5522
f 5487 5507 5523
f 5503 5487 5523
f 5488 5508 5524
f 5504 5488 5524
f 5489 5509 5525
f 5505 5489 5525
f 5506 5490 5526
f 5490 5510 5526
f 5507 5491 5527
f 5491 5511 5527
f 5508 5492 5528
f 5492 5512 5528
f 5125 5493 5529
f 5493 5513 5529
f 5126 5125 5529
f 5509 5494 5530
f 5494 5514 5530
f 5510 5495 5531
f 5495 5515 5531
f 5511 5496 5532
f 5496 5516 5532
f 5112 5113 5533
f 5512 5112 5533
f 5513 5497 5534
f 5497 5517 5534
f 5514 5498 5535
f 5498 5518 5535
f 5499 5519 5536
f 5515 5499 5536
f 5500 5520 5537
f 5516 5500 5537
f 5501 5521 5538
f 5517 5501 5538
f 5518 5502 5539
f 5502 5522 5539
f 5519 5503 5540
f 5503 5523 5540
f 5520 5504 5541
f 5504 5524 5541
f 5505 5525 5542
f 5521 5505 5542
f 5506 5526 5543
f 5522 5506 5543
f 5507 5527 5544
f 5523 5507 5544
f 5524 5508 5545
f 5508 5528 5545
f 5509 5530 5546
f 5525 5509 5546
f 5526 5510 5547
f 5510 5531 5547
f 5527 5511 5548
f 5511 5532 5548
f 5528 5512 5549
f 5512 5533 5549
f 5529 5513 5550
f 5126 5529 5550
f 5513 5534 5550
f 5127 5126 5550
f 5530 5514 5551
f 5514 5535 5551
f 5531 5515 5552
f 5515 5536 5552
f 5532 5516 5553
f 5516 5537 5553
f 5534 5517 5554
f 5517 5538 5554
f 5535 5518 5555
f 5518 5539 5555
f 5519 5540 5556
f 5536 5519 5556
f 5537 5520 5557
f 5520 5541 5557
f 5521 5542 5558
f 5538 5521 5558
f 5522 5543 5559
f 5539 5522 5559
f 5540 5523 5560
f 5523 5544 5560
f 5524 5545 5561
f 5541 5524 5561
f 5542 5525 5562
f 5525 5546 5562
f 5543 5526 5563
f 5526 5547 5563
f 5527 5548 5564
f 5544 5527 5564
f 5528 5549 5565
f 5545 5528 5565
f 5546 5530 5566
f 5530 5551 5566
f 5531 5552 5567
f 5547 5531 5567
f 5548 5532 5568
f 5532 5553 5568
f 5113 5114 5569
f 5533 5113 5569
f 5549 5533 5569
f 5534 5554 5570
f 5550 5534 5570
f 5535 5555 5571
f 5551 5535 5571
f 5536 5556 5572
f 5552 5536 5572
f 5553 5537 5573
f 5537 5557 5573
f 5554 5538 5574
f 5538 5558 5574
f 5555 5539 5575
f 5539 5559 5575
f 5540 5560 5576
f 5556 5540 5576
f 5541 5561 5577
f 5557 5541 5577
f 5558 5542 5578
f 5542 5562 5578
f 5543 5563 5579
f 5559 5543 5579
f 5560 5544 5580
f 5544 5564 5580
f 5545 5565 5581
f 5561 5545 5581
f 5562 5546 5582
f 5546 5566 5582
f 5563 5547 5583
f 5547 5567 5583
f 5564 5548 5584
f 5548 5568 5584
f 5549 5569 5585
f 5565 5549 5585
f 5128 5127 5586
f 5550 5570 5586
f 5127 5550 5586
f 5566 5551 5587
f 5551 5571 5587
f 5567 5552 5588
f 5552 5572 5588
f 5553 5573 5589
f 5568 5553 5589
f 5114 5115 5590
f 5569 5114 5590
f 5554 5574 5591
f 5570 5554 5591
f 5571 5555 5592
f 5555 5575 5592
f 5572 5556 5593
f 5556 5576 5593
f 5557 5577 5594
f 5573 5557 5594
f 5558 5578 5595
f 5574 5558 5595
f 5575 5559 5596
f 5559 5579 5596
f 5576 5560 5597
f 5560 5580 5597
f 5577 5561 5598
f 5561 5581 5598
f 5578 5562 5599
f 5562 5582 5599
f 5579 5563 5600
f 5563 5583 5600
f 5580 5564 5601
f 5564 5584 5601
f 5565 5585 5602
f 5581 5565 5602
f 5566 5587 5603
f 5582 5566 5603
f 5567 5588 5604
f 5583 5567 5604
f 5584 5568 5605
f 5568 5589 5605
f 5585 5569 5606
f 5569 5590 5606
f 5129 5128 5607
f 5128 5586 5607
f 5586 5570 5607
f 5570 5591 5607
f 5571 5592 5608
f 5587 5571 5608
f 5588 5572 5609
f 5572 5593 5609
f 5573 5594 5610
f 5589 5573 5610
f 5574 5595 5611
f 5591 5574 5611
f 5592 5575 5612
f 5575 5596 5612
f 5593 5576 5613
f 5576 5597 5613
f 5577 5598 5614
f 5594 5577 5614
f 5595 5578 5615
f 5578 5599 5615
f 5596 5579 5616
f 5579 5600 5616
f 5580 5601 5617
f 5597 5580 5617
f 5598 5581 5618
f 5581 5602 5618
f 5582 5603 5619
f 5599 5582 5619
f 5583 5604 5620
f 5600 5583 5620
f 5601 5584 5621
f 5584 5605 5621
f 5602 5585 5622
f 5585 5606 5622
f 5587 5608 5623
f 5603 5587 5623
f 5604 5588 5624
f 5588 5609 5624
f 5605 5589 5625
f 5589 5610 5625
f 5115 5116 5626
f 5606 5590 5626
f 5590 5115 5626
f 5607 5591 5627
f 5591 5611 5627
f 5608 5592 5628
f 5592 5612 5628
f 5609 5593 5629
f 5593 5613 5629
f 5610 5594 5630
f 5594 5614 5630
f 5595 5615 5631
f 5611 5595 5631
f 5612 5596 5632
f 5596 5616 5632
f 5597 5617 5633
f 5613 5597 5633
f 5614 5598 5634
f 5598 5618 5634
f 5599 5619 5635
f 5615 5599 5635
f 5600 5620 5636
f 5616 5600 5636
f 5617 5601 5637
f 5601 5621 5637
f 5618 5602 5638
f 5602 5622 5638
f 5619 5603 5639
f 5603 5623 5639
f 5620 5604 5640
f 5604 5624 5640
f 5621 5605 5641
f 5605 5625 5641
f 5606 5626 5642
f 5622 5606 5642
f 5607 5627 5643
f 5130 5129 5643
f 5129 5607 5643
f 5608 5628 5644
f 5623 5608 5644
f 5609 5629 5645
f 5624 5609 5645
f 5610 5630 5646
f 5625 5610 5646
f 5626 5116 5647
f 5116 5117 5647
f 5627 5611 5648
f 5611 5631 5648
f 5628 5612 5649
f 5612 5632 5649
f 5613 5633 5650
f 5629 5613 5650
f 5614 5634 5651
f 5630 5614 5651
f 5615 5635 5652
f 5631 5615 5652
f 5616 5636 5653
f 5632 5616 5653
f 5633 5617 5654
f 5617 5637 5654
f 5634 5618 5655
f 5618 5638 5655
f 5635 5619 5656
f 5619 5639 5656
f 5636 5620 5657
f 5620 5640 5657
f 5621 5641 5658
f 5637 5621 5658
f 5638 5622 5659
f 5622 5642 5659
f 5623 5644 5660
f 5639 5623 5660
f 5640 5624 5661
f 5624 5645 5661
f 5625 5646 5662
f 5641 5625 5662
f 5642 5626 5663
f 5626 5647 5663
f 5627 5648 5664
f 5131 5130 5664
f 5130 5643 5664
f 5643 5627 5664
f 5644 5628 5665
f 5628 5649 5665
f 5645 5629 5666
f 5629 5650 5666
f 5630 5651 5667
f 5646 5630 5667
f 5648 5631 5668
f 5631 5652 5668
f 5649 5632 5669
f 5632 5653 5669
f 5633 5654 5670
f 5650 5633 5670
f 5634 5655 5671
f 5651 5634 5671
f 5652 5635 5672
f 5635 5656 5672
f 5653 5636 5673
f 5636 5657 5673
f 5654 5637 5674
f 5637 5658 5674
f 5655 5638 5675
f 5638 5659 5675
f 5639 5660 5676
f 5656 5639 5676
f 5657 5640 5677
f 5640 5661 5677
f 5658 5641 5678
f 5641 5662 5678
f 5642 5663 5679
f 5659 5642 5679
f 5660 5644 5680
f 5644 5665 5680
f 5645 5666 5681
f 5661 5645 5681
f 5646 5667 5682
f 5662 5646 5682
f 5117 5118 5683
f 5663 5647 5683
f 5647 5117 5683
f 5648 5668 5684
f 5664 5648 5684
f 5665 5649 5685
f 5649 5669 5685
f 5666 5650 5686
f 5650 5670 5686
f 5667 5651 5687
f 5651 5671 5687
f 5668 5652 5688
f 5652 5672 5688
f 5669 5653 5689
f 5653 5673 5689
f 5670 5654 5690
f 5654 5674 5690
f 5655 5675 5691
f 5671 5655 5691
f 5672 5656 5692
f 5656 5676 5692
f 5673 5657 5693
f 5657 5677 5693
f 5674 5658 5694
f 5658 5678 5694
f 5659 5679 5695
f 5675 5659 5695
f 5676 5660 5696
f 5660 5680 5696
f 5661 5681 5697
f 5677 5661 5697
f 5662 5682 5698
f 5678 5662 5698
f 5679 5663 5699
f 5663 5683 5699
f 5131 5664 5700
f 5132 5131 5700
f 5664 5684 5700
f 5665 5685 5701
f 5680 5665 5701
f 5681 5666 5702
f 5666 5686 5702
f 5667 5687 5703
f 5682 5667 5703
f 5118 5119 5704
f 5683 5118 5704
f 5668 5688 5705
f 5684 5668 5705
f 5669 5689 5706
f 5685 5669 5706
f 5686 5670 5707
f 5670 5690 5707
f 5687 5671 5708
f 5671 5691 5708
f 5688 5672 5709
f 5672 5692 5709
f 5689 5673 5710
f 5673 5693 5710
f 5690 5674 5711
f 5674 5694 5711
f 5691 5675 5712
f 5675 5695 5712
f 5676 5696 5713
f 5692 5676 5713
f 5693 5677 5714
f 5677 5697 5714
f 5694 5678 5715
f 5678 5698 5715
f 5679 5699 5716
f 5695 5679 5716
f 5696 5680 5717
f 5680 5701 5717
f 5681 5702 5718
f 5697 5681 5718
f 5682 5703 5719
f 5698 5682 5719
f 5683 5704 5720
f 5699 5683 5720
f 5132 5700 5721
f 5700 5684 5721
f 5684 5705 5721
f 5133 5132 5721
f 5701 5685 5722
f 5685 5706 5722
f 5686 5707 5723
f 5702 5686 5723
f 5703 5687 5724
f 5687 5708 5724
f 5688 5709 5725
f 5705 5688 5725
f 5706 5689 5726
f 5689 5710 5726
f 5707 5690 5727
f 5690 5711 5727
f 5708 5691 5728
f 5691 5712 5728
f 5709 5692 5729
f 5692 5713 5729
f 5693 5714 5730
f 5710 5693 5730
f 5694 5715 5731
f 5711 5694 5731
f 5712 5695 5732
f 5695 5716 5732
f 5713 5696 5733
f 5696 5717 5733
f 5714 5697 5734
f 5697 5718 5734
f 5698 5719 5735
f 5715 5698 5735
f 5716 5699 5736
f 5699 5720 5736
f 5717 5701 5737
f 5701 5722 5737
f 5702 5723 5738
f 5718 5702 5738
f 5719 5703 5739
f 5703 5724 5739
f 5119 5120 5740
f 5120 5149 5740
f 5720 5704 5740
f 5704 5119 5740
f 5721 5705 5741
f 5705 5725 5741
f 5722 5706 5742
f 5706 5726 5742
f 5707 5727 5743
f 5723 5707 5743
f 5708 5728 5744
f 5724 5708 5744
f 5725 5709 5745
f 5709 5729 5745
f 5710 5730 5746
f 5726 5710 5746
f 5711 5731 5747
f 5727 5711 5747
f 5728 5712 5748
f 5712 5732 5748
f 5729 5713 5749
f 5713 5733 5749
f 5714 5734 5750
f 5730 5714 5750
f 5731 5715 5751
f 5715 5735 5751
f 5732 5716 5752
f 5716 5736 5752
f 5733 5717 5753
f 5717 5737 5753
f 5734 5718 5754
f 5718 5738 5754
f 5719 5739 5755
f 5735 5719 5755
f 5720 5740 5756
f 5149 5150 5756
f 5740 5149 5756
f 5736 5720 5756
f 5134 5133 5757
f 5721 5741 5757
f 5133 5721 5757
f 5737 5722 5758
f 5722 5742 5758
f 5738 5723 5759
f 5723 5743 5759
f 5739 5724 5760
f 5724 5744 5760
f 5741 5725 5761
f 5725 5745 5761
f 5742 5726 5762
f 5726 5746 5762
f 5743 5727 5763
f 5727 5747 5763
f 5744 5728 5764
f 5728 5748 5764
f 5729 5749 5765
f 5745 5729 5765
f 5730 5750 5766
f 5746 5730 5766
f 5731 5751 5767
f 5747 5731 5767
f 5748 5732 5768
f 5732 5752 5768
f 5733 5753 5769
f 5749 5733 5769
f 5734 5754 5770
f 5750 5734 5770
f 5735 5755 5771
f 5751 5735 5771
f 5150 5151 5772
f 5752 5736 5772
f 5756 5150 5772
f 5736 5756 5772
f 5737 5758 5773
f 5753 5737 5773
f 5738 5759 5774
f 5754 5738 5774
f 5755 5739 5775
f 5739 5760 5775
f 5741 5761 5776
f 5134 5757 5776
f 5757 5741 5776
f 5742 5762 5777
f 5758 5742 5777
f 5759 5743 5778
f 5743 5763 5778
f 5744 5764 5779
f 5760 5744 5779
f 5761 5745 5780
f 5745 5765 5780
f 5746 5766 5781
f 5762 5746 5781
f 5763 5747 5782
f 5747 5767 5782
f 5748 5768 5783
f 5764 5748 5783
f 5765 5749 5784
f 5749 5769 5784
f 5766 5750 5785
f 5750 5770 5785
f 5751 5771 5786
f 5767 5751 5786
f 5768 5752 5787
f 5772 5151 5787
f 5151 5152 5787
f 5752 5772 5787
f 5769 5753 5788
f 5753 5773 5788
f 5754 5774 5789
f 5770 5754 5789
f 5771 5755 5790
f 5755 5775 5790
f 5758 5777 5791
f 5773 5758 5791
f 5759 5778 5792
f 5774 5759 5792
f 5775 5760 5793
f 5760 5779 5793
f 5776 5761 5794
f 5761 5780 5794
f 5777 5762 5795
f 5762 5781 5795
f 5778 5763 5796
f 5763 5782 5796
f 5764 5783 5797
f 5779 5764 5797
f 5765 5784 5798
f 5780 5765 5798
f 5781 5766 5799
f 5766 5785 5799
f 5782 5767 5800
f 5767 5786 5800
f 5783 5768 5801
f 5152 5153 5801
f 5768 5787 5801
f 5787 5152 5801
f 5769 5788 5802
f 5784 5769 5802
f 5785 5770 5803
f 5770 5789 5803
f 5786 5771 5804
f 5771 5790 5804
f 5788 5773 5805
f 5773 5791 5805
f 5789 5774 5806
f 5774 5792 5806
f 5790 5775 5807
f 5775 5793 5807
f 5135 5134 5808
f 5134 5776 5808
f 5776 5794 5808
f 5777 5795 5809
f 5791 5777 5809
f 5792 5778 5810
f 5778 5796 5810
f 5793 5779 5811
f 5779 5797 5811
f 5794 5780 5812
f 5780 5798 5812
f 5795 5781 5813
f 5781 5799 5813
f 5796 5782 5814
f 5782 5800 5814
f 5797 5783 5815
f 5801 5153 5815
f 5153 5154 5815
f 5783 5801 5815
f 5784 5802 5816
f 5798 5784 5816
f 5785 5803 5817
f 5799 5785 5817
f 5800 5786 5818
f 5786 5804 5818
f 5788 5805 5819
f 5802 5788 5819
f 5803 5789 5820
f 5789 5806 5820
f 5790 5807 5821
f 5804 5790 5821
f 5805 5791 5822
f 5791 5809 5822
f 5792 5810 5823
f 5806 5792 5823
f 5793 5811 5824
f 5807 5793 5824
f 5135 5808 5825
f 5136 5135 5825
f 5808 5794 5825
f 5794 5812 5825
f 5795 5813 5826
f 5809 5795 5826
f 5810 5796 5827
f 5796 5814 5827
f 5811 5797 5828
f 5154 5155 5828
f 5815 5154 5828
f 5797 5815 5828
f 5812 5798 5829
f 5798 5816 5829
f 5799 5817 5830
f 5813 5799 5830
f 5800 5818 5831
f 5814 5800 5831
f 5802 5819 5832
f 5816 5802 5832
f 5803 5820 5833
f 5817 5803 5833
f 5818 5804 5834
f 5804 5821 5834
f 5805 5822 5835
f 5819 5805 5835
f 5806 5823 5836
f 5820 5806 5836
f 5821 5807 5837
f 5807 5824 5837
f 5822 5809 5838
f 5809 5826 5838
f 5823 5810 5839
f 5810 5827 5839
f 5824 5811 5840
f 5811 5828 5840
f 5828 5155 5840
f 5155 5156 5840
f 5825 5812 5841
f 5812 5829 5841
f 5813 5830 5842
f 5826 5813 5842
f 5814 5831 5843
f 5827 5814 5843
f 5829 5816 5844
f 5816 5832 5844
f 5817 5833 5845
f 5830 5817 5845
f 5831 5818 5846
f 5818 5834 5846
f 5832 5819 5847
f 5819 5835 5847
f 5833 5820 5848
f 5820 5836 5848
f 5834 5821 5849
f 5821 5837 5849
f 5835 5822 5850
f 5822 5838 5850
f 5823 5839 5851
f 5836 5823 5851
f 5824 5840 5852
f 5837 5824 5852
f 5840 5156 5852
f 5156 5157 5852
f 5825 5841 5853
f 5137 5136 5853
f 5136 5825 5853
f 5838 5826 5854
f 5826 5842 5854
f 5839 5827 5855
f 5827 5843 5855
f 5841 5829 5856
f 5829 5844 5856
f 5830 5845 5857
f 5842 5830 5857
f 5831 5846 5858
f 5843 5831 5858
f 5832 5847 5859
f 5844 5832 5859
f 5845 5833 5860
f 5833 5848 5860
f 5834 5849 5861
f 5846 5834 5861
f 5835 5850 5862
f 5847 5835 5862
f 5836 5851 5863
f 5848 5836 5863
f 5837 5852 5864
f 5157 5158 5864
f 5852 5157 5864
f 5849 5837 5864
f 5850 5838 5865
f 5838 5854 5865
f 5851 5839 5866
f 5839 5855 5866
f 5841 5856 5867
f 5138 5137 5867
f 5853 5841 5867
f 5137 5853 5867
f 5854 5842 5868
f 5842 5857 5868
f 5843 5858 5869
f 5855 5843 5869
f 5856 5844 5870
f 5844 5859 5870
f 5845 5860 5871
f 5857 5845 5871
f 5858 5846 5872
f 5846 5861 5872
f 5847 5862 5873
f 5859 5847 5873
f 5860 5848 5874
f 5848 5863 5874
f 5864 5158 5875
f 5861 5849 5875
f 5158 5159 5875
f 5849 5864 5875
f 5850 5865 5876
f 5862 5850 5876
f 5851 5866 5877
f 5863 5851 5877
f 5854 5868 5878
f 5865 5854 5878
f 5855 5869 5879
f 5866 5855 5879
f 5867 5856 5880
f 5856 5870 5880
f 5868 5857 5881
f 5857 5871 5881
f 5858 5872 5882
f 5869 5858 5882
f 5859 5873 5883
f 5870 5859 5883
f 5871 5860 5884
f 5860 5874 5884
f 5861 5875 5885
f 5872 5861 5885
f 5875 5159 5885
f 5159 5160 5885
f 5873 5862 5886
f 5862 5876 5886
f 5874 5863 5887
f 5863 5877 5887
f 5876 5865 5888
f 5865 5878 5888
f 5877 5866 5889
f 5866 5879 5889
f 5138 5867 5890
f 5139 5138 5890
f 5867 5880 5890
f 5868 5881 5891
f 5878 5868 5891
f 5869 5882 5892
f 5879 5869 5892
f 5880 5870 5893
f 5870 5883 5893
f 5871 5884 5894
f 5881 5871 5894
f 5160 5161 5895
f 5872 5885 5895
f 5885 5160 5895
f 5882 5872 5895
f 5873 5886 5896
f 5883 5873 5896
f 5884 5874 5897
f 5874 5887 5897
f 5886 5876 5898
f 5876 5888 5898
f 5887 5877 5899
f 5877 5889 5899
f 5888 5878 5900
f 5878 5891 5900
f 5879 5892 5901
f 5889 5879 5901
f 5140 5139 5902
f 5139 5890 5902
f 5890 5880 5902
f 5880 5893 5902
f 5891 5881 5903
f 5881 5894 5903
f 5882 5895 5904
f 5895 5161 5904
f 5892 5882 5904
f 5893 5883 5905
f 5883 5896 5905
f 5894 5884 5906
f 5884 5897 5906
f 5896 5886 5907
f 5886 5898 5907
f 5897 5887 5908
f 5887 5899 5908
f 5898 5888 5909
f 5888 5900 5909
f 5889 5901 5910
f 5899 5889 5910
f 5900 5891 5911
f 5891 5903 5911
f 5901 5892 5912
f 5904 5161 5912
f 5161 5162 5912
f 5892 5904 5912
f 5893 5905 5913
f 5902 5893 5913
f 5894 5906 5914
f 5903 5894 5914
f 5905 5896 5915
f 5896 5907 5915
f 5897 5908 5916
f 5906 5897 5916
f 5898 5909 5917
f 5907 5898 5917
f 5908 5899 5918
f 5899 5910 5918
f 5900 5911 5919
f 5909 5900 5919
f 5901 5912 5920
f 5912 5162 5920
f 5162 5163 5920
f 5910 5901 5920
f 5140 5902 5921
f 5902 5913 5921
f 5141 5140 5921
f 5903 5914 5922
f 5911 5903 5922
f 5913 5905 5923
f 5905 5915 5923
f 5914 5906 5924
f 5906 5916 5924
f 5915 5907 5925
f 5907 5917 5925
f 5916 5908 5926
f 5908 5918 5926
f 5909 5919 5927
f 5917 5909 5927
f 5163 5164 5928
f 5920 5163 5928
f 5910 5920 5928
f 5918 5910 5928
f 5919 5911 5929
f 5911 5922 5929
f 5142 5141 5930
f 5913 5923 5930
f 5921 5913 5930
f 5141 5921 5930
f 5922 5914 5931
f 5914 5924 5931
f 5915 5925 5932
f 5923 5915 5932
f 5916 5926 5933
f 5924 5916 5933
f 5925 5917 5934
f 5917 5927 5934
f 5928 5164 5935
f 5926 5918 5935
f 5918 5928 5935
f 5164 5165 5935
f 5927 5919 5936
f 5919 5929 5936
f 5929 5922 5937
f 5922 5931 5937
f 5930 5923 5938
f 5923 5932 5938
f 5931 5924 5939
f 5924 5933 5939
f 5932 5925 5940
f 5925 5934 5940
f 5926 5935 5941
f 5935 5165 5941
f 5165 5166 5941
f 5933 5926 5941
f 5934 5927 5942
f 5927 5936 5942
f 5929 5937 5943
f 5936 5929 5943
f 5143 5142 5944
f 5142 5930 5944
f 5930 5938 5944
f 5931 5939 5945
f 5937 5931 5945
f 5938 5932 5946
f 5932 5940 5946
f 5939 5933 5947
f 5933 5941 5947
f 5941 5166 5947
f 5166 5167 5947
f 5940 5934 5948
f 5934 5942 5948
f 5936 5943 5949
f 5942 5936 5949
f 5937 5945 5950
f 5943 5937 5950
f 5143 5944 5951
f 5938 5946 5951
f 5944 5938 5951
f 5144 5143 5951
f 5945 5939 5952
f 5947 5167 5952
f 5167 5168 5952
f 5939 5947 5952
f 5940 5948 5953
f 5946 5940 5953
f 5942 5949 5954
f 5948 5942 5954
f 5949 5943 5955
f 5943 5950 5955
f 5950 5945 5956
f 5945 5952 5956
f 5952 5168 5956
f 5168 5169 5956
f 5951 5946 5957
f 5946 5953 5957
f 5948 5954 5958
f 5953 5948 5958
f 5949 5955 5959
f 5954 5949 5959
f 5950 5956 5960
f 5955 5950 5960
f 5169 5170 5960
f 5956 5169 5960
f 5145 5144 5961
f 5144 5951 5961
f 5951 5957 5961
f 5957 5953 5962
f 5953 5958 5962
f 5958 5954 5963
f 5954 5959 5963
f 5960 5170 5964
f 5170 5171 5964
f 5959 5955 5964
f 5955 5960 5964
f 5146 5145 5965
f 5145 5961 5965
f 5961 5957 5965
f 5957 5962 5965
f 5958 5963 5966
f 5962 5958 5966
f 5963 5959 5967
f 5964 5171 5967
f 5171 5172 5967
f 5959 5964 5967
f 5965 5962 5968
f 5962 5966 5968
f 5967 5172 5969
f 5963 5967 5969
f 5966 5963 5969
f 5172 5173 5969
f 5965 5968 5970
f 5147 5146 5970
f 5146 5965 5970
f 5966 5969 5971
f 5968 5966 5971
f 5969 5173 5971
f 5173 5174 5971
f 5968 5971 5972
f 5970 5968 5972
f 5147 5970 5972
f 5971 5174 5972
f 5148 5147 5972
f 5174 5148 5972
f 5975 5973 5974
f 5976 5975 5974
f 5977 5978 6059
f 5977 6059 6060
f 5977 6060 6061
f 5978 5979 6062
f 6060 6059 6062
f 6059 5978 6062
f 5977 6061 6063
f 6061 6060 6064
f 6060 6062 6064
f 5979 5980 6065
f 6062 5979 6065
f 5977 6063 6066
f 6063 6061 6067
f 6061 6064 6067
f 6064 6062 6068
f 6062 6065 6068
f 5977 6066 6069
f 6066 6063 6070
f 6063 6067 6070
f 6064 6068 6071
f 6067 6064 6071
f 5980 5981 6072
f 6065 5980 6072
f 6068 6065 6072
f 5977 6069 6073
f 6066 6070 6074
f 6069 6066 6074
f 6067 6071 6075
f 6070 6067 6075
f 6071 6068 6076
f 6068 6072 6076
f 5977 6073 6077
f 5981 5982 6078
f 6072 5981 6078
f 6073 6069 6079
f 6069 6074 6079
f 6070 6075 6080
f 6074 6070 6080
f 6071 6076 6081
f 6075 6071 6081
f 5977 6077 6082
f 6076 6072 6083
f 6072 6078 6083
f 6077 6073 6084
f 6073 6079 6084
f 6079 6074 6085
f 6074 6080 6085
f 6080 6075 6086
f 6075 6081 6086
f 5977 6082 6087
f 6081 6076 6088
f 6076 6083 6088
f 6077 6084 6089
f 6082 6077 6089
f 5982 5983 6090
f 6083 6078 6090
f 6078 5982 6090
f 6079 6085 6091
f 6084 6079 6091
f 6080 6086 6092
f 6085 6080 6092
f 5977 6087 6093
f 6081 6088 6094
f 6086 6081 6094
f 6087 6082 6095
f 6082 6089 6095
f 6088 6083 6096
f 6083 6090 6096
f 6089 6084 6097
f 6084 6091 6097
f 5983 5984 6098
f 6090 5983 6098
f 6085 6092 6099
f 6091 6085 6099
f 5977 6093 6100
f 6086 6094 6101
f 6092 6086 6101
f 6093 6087 6102
f 6087 6095 6102
f 6094 6088 6103
f 6088 6096 6103
f 6095 6089 6104
f 6089 6097 6104
f 6096 6090 6105
f 6090 6098 6105
f 6097 6091 6106
f 6091 6099 6106
f 5977 6100 6107
f 6099 6092 6108
f 6092 6101 6108
f 6093 6102 6109
f 6100 6093 6109
f 6094 6103 6110
f 6101 6094 6110
f 6102 6095 6111
f 6095 6104 6111
f 6103 6096 6112
f 6096 6105 6112
f 6097 6106 6113
f 6104 6097 6113
f 5984 5985 6114
f 6105 6098 6114
f 6098 5984 6114
f 5977 6107 6115
f 6099 6108 6116
f 6106 6099 6116
f 6107 6100 6117
f 6100 6109 6117
f 6101 6110 6118
f 6108 6101 6118
f 6109 6102 6119
f 6102 6111 6119
f 6110 6103 6120
f 6103 6112 6120
f 6111 6104 6121
f 6104 6113 6121
f 6112 6105 6122
f 6105 6114 6122
f 6005 5977 6123
f 5977 6115 6123
f 6106 6116 6124
f 6113 6106 6124
f 5985 5986 6125
f 6114 5985 6125
f 6115 6107 6126
f 6107 6117 6126
f 6108 6118 6127
f 6116 6108 6127
f 6109 6119 6128
f 6117 6109 6128
f 6118 6110 6129
f 6110 6120 6129
f 6111 6121 6130
f 6119 6111 6130
f 6112 6122 6131
f 6120 6112 6131
f 6005 6123 6132
f 6121 6113 6133
f 6113 6124 6133
f 6122 6114 6134
f 6114 6125 6134
f 6115 6126 6135
f 6123 6115 6135
f 6124 6116 6136
f 6116 6127 6136
f 6126 6117 6137
f 6117 6128 6137
f 6127 6118 6138
f 6118 6129 6138
f 6128 6119 6139
f 6119 6130 6139
f 6129 6120 6140
f 6120 6131 6140
f 6005 6132 6141
f 6121 6133 6142
f 6130 6121 6142
f 6131 6122 6143
f 6122 6134 6143
f 6132 6123 6144
f 6123 6135 6144
f 6133 6124 6145
f 6124 6136 6145
f 5986 5987 6146
f 6125 5986 6146
f 6134 6125 6146
f 6126 6137 6147
f 6135 6126 6147
f 6136 6127 6148
f 6127 6138 6148
f 6137 6128 6149
f 6128 6139 6149
f 6129 6140 6150
f 6138 6129 6150
f 6005 6141 6151
f 6139 6130 6152
f 6130 6142 6152
f 6140 6131 6153
f 6131 6143 6153
f 6141 6132 6154
f 6132 6144 6154
f 6133 6145 6155
f 6142 6133 6155
f 6143 6134 6156
f 6134 6146 6156
f 6135 6147 6157
f 6144 6135 6157
f 6145 6136 6158
f 6136 6148 6158
f 5987 5988 6159
f 6146 5987 6159
f 6147 6137 6160
f 6137 6149 6160
f 6148 6138 6161
f 6138 6150 6161
f 6005 6151 6162
f 6139 6152 6163
f 6149 6139 6163
f 6150 6140 6164
f 6140 6153 6164
f 6141 6154 6165
f 6151 6141 6165
f 6142 6155 6166
f 6152 6142 6166
f 6143 6156 6167
f 6153 6143 6167
f 6154 6144 6168
f 6144 6157 6168
f 6155 6145 6169
f 6145 6158 6169
f 6156 6146 6170
f 6146 6159 6170
f 6147 6160 6171
f 6157 6147 6171
f 6148 6161 6172
f 6158 6148 6172
f 6005 6162 6173
f 6160 6149 6174
f 6149 6163 6174
f 6150 6164 6175
f 6161 6150 6175
f 6162 6151 6176
f 6151 6165 6176
f 6163 6152 6177
f 6152 6166 6177
f 6164 6153 6178
f 6153 6167 6178
f 6165 6154 6179
f 6154 6168 6179
f 6155 6169 6180
f 6166 6155 6180
f 6167 6156 6181
f 6156 6170 6181
f 6168 6157 6182
f 6157 6171 6182
f 6169 6158 6183
f 6158 6172 6183
f 5988 5989 6184
f 6159 5988 6184
f 6170 6159 6184
f 6005 6173 6185
f 6171 6160 6186
f 6160 6174 6186
f 6172 6161 6187
f 6161 6175 6187
f 6162 6176 6188
f 6173 6162 6188
f 6163 6177 6189
f 6174 6163 6189
f 6175 6164 6190
f 6164 6178 6190
f 6165 6179 6191
f 6176 6165 6191
f 6166 6180 6192
f 6177 6166 6192
f 6178 6167 6193
f 6167 6181 6193
f 6179 6168 6194
f 6168 6182 6194
f 6180 6169 6195
f 6169 6183 6195
f 6181 6170 6196
f 6170 6184 6196
f 6005 6185 6197
f 6171 6186 6198
f 6182 6171 6198
f 6183 6172 6199
f 6172 6187 6199
f 5989 5990 6200
f 6184 5989 6200
f 6173 6188 6201
f 6185 6173 6201
f 6186 6174 6202
f 6174 6189 6202
f 6187 6175 6203
f 6175 6190 6203
f 6188 6176 6204
f 6176 6191 6204
f 6189 6177 6205
f 6177 6192 6205
f 6190 6178 6206
f 6178 6193 6206
f 6191 6179 6207
f 6179 6194 6207
f 6192 6180 6208
f 6180 6195 6208
f 6193 6181 6209
f 6181 6196 6209
f 6005 6197 6210
f 6194 6182 6211
f 6182 6198 6211
f 6195 6183 6212
f 6183 6199 6212
f 6196 6184 6213
f 6184 6200 6213
f 6197 6185 6214
f 6185 6201 6214
f 6186 6202 6215
f 6198 6186 6215
f 6199 6187 6216
f 6187 6203 6216
f 6201 6188 6217
f 6188 6204 6217
f 6202 6189 6218
f 6189 6205 6218
f 6190 6206 6219
f 6203 6190 6219
f 6191 6207 6220
f 6204 6191 6220
f 6192 6208 6221
f 6205 6192 6221
f 6193 6209 6222
f 6206 6193 6222
f 6005 6210 6223
f 6207 6194 6224
f 6194 6211 6224
f 6195 6212 6225
f 6208 6195 6225
f 6209 6196 6226
f 6196 6213 6226
f 6210 6197 6227
f 6197 6214 6227
f 6211 6198 6228
f 6198 6215 6228
f 6199 6216 6229
f 6212 6199 6229
f 6213 6200 6230
f 6200 5990 6230
f 6214 6201 6231
f 6201 6217 6231
f 6215 6202 6232
f 6202 6218 6232
f 6216 6203 6233
f 6203 6219 6233
f 6204 6220 6234
f 6217 6204 6234
f 6218 6205 6235
f 6205 6221 6235
f 6206 6222 6236
f 6219 6206 6236
f 6005 6223 6237
f 6220 6207 6238
f 6207 6224 6238
f 6221 6208 6239
f 6208 6225 6239
f 6209 6226 6240
f 6222 6209 6240
f 6223 6210 6241
f 6210 6227 6241
f 6211 6228 6242
f 6224 6211 6242
f 6225 6212 6243
f 6212 6229 6243
f 6226 6213 6244
f 6213 6230 6244
f 6214 6231 6245
f 6227 6214 6245
f 6215 6232 6246
f 6228 6215 6246
f 6216 6233 6247
f 6229 6216 6247
f 5990 5991 6248
f 6230 5990 6248
f 6231 6217 6249
f 6217 6234 6249
f 6218 6235 6250
f 6232 6218 6250
f 6233 6219 6251
f 6219 6236 6251
f 6005 6237 6252
f 6234 6220 6253
f 6220 6238 6253
f 6235 6221 6254
f 6221 6239 6254
f 6236 6222 6255
f 6222 6240 6255
f 6237 6223 6256
f 6223 6241 6256
f 6224 6242 6257
f 6238 6224 6257
f 6225 6243 6258
f 6239 6225 6258
f 6226 6244 6259
f 6240 6226 6259
f 6241 6227 6260
f 6227 6245 6260
f 6242 6228 6261
f 6228 6246 6261
f 6229 6247 6262
f 6243 6229 6262
f 6244 6230 6263
f 6230 6248 6263
f 6231 6249 6264
f 6245 6231 6264
f 6232 6250 6265
f 6246 6232 6265
f 6247 6233 6266
f 6233 6251 6266
f 6005 6252 6267
f 6249 6234 6268
f 6234 6253 6268
f 6235 6254 6269
f 6250 6235 6269
f 6251 6236 6270
f 6236 6255 6270
f 6237 6256 6271
f 6252 6237 6271
f 6253 6238 6272
f 6238 6257 6272
f 6254 6239 6273
f 6239 6258 6273
f 6240 6259 6274
f 6255 6240 6274
f 6241 6260 6275
f 6256 6241 6275
f 6242 6261 6276
f 6257 6242 6276
f 6243 6262 6277
f 6258 6243 6277
f 6244 6263 6278
f 6259 6244 6278
f 6245 6264 6279
f 6260 6245 6279
f 6246 6265 6280
f 6261 6246 6280
f 6262 6247 6281
f 6247 6266 6281
f 5991 5992 6282
f 6248 5991 6282
f 6263 6248 6282
f 6005 6267 6283
f 6264 6249 6284
f 6249 6268 6284
f 6250 6269 6285
f 6265 6250 6285
f 6266 6251 6286
f 6251 6270 6286
f 6267 6252 6287
f 6252 6271 6287
f 6253 6272 6288
f 6268 6253 6288
f 6269 6254 6289
f 6254 6273 6289
f 6255 6274 6290
f 6270 6255 6290
f 6256 6275 6291
f 6271 6256 6291
f 6257 6276 6292
f 6272 6257 6292
f 6258 6277 6293
f 6273 6258 6293
f 6259 6278 6294
f 6274 6259 6294
f 6260 6279 6295
f 6275 6260 6295
f 6261 6280 6296
f 6276 6261 6296
f 6262 6281 6297
f 6277 6262 6297
f 6263 6282 6298
f 6278 6263 6298
f 6006 6005 6299
f 6005 6283 6299
f 6264 6284 6300
f 6279 6264 6300
f 6265 6285 6301
f 6280 6265 6301
f 6281 6266 6302
f 6266 6286 6302
f 5992 5993 6303
f 6282 5992 6303
f 6283 6267 6304
f 6267 6287 6304
f 6284 6268 6305
f 6268 6288 6305
f 6269 6289 6306
f 6285 6269 6306
f 6286 6270 6307
f 6270 6290 6307
f 6271 6291 6308
f 6287 6271 6308
f 6272 6292 6309
f 6288 6272 6309
f 6273 6293 6310
f 6289 6273 6310
f 6274 6294 6311
f 6290 6274 6311
f 6291 6275 6312
f 6275 6295 6312
f 6292 6276 6313
f 6276 6296 6313
f 6293 6277 6314
f 6277 6297 6314
f 6294 6278 6315
f 6278 6298 6315
f 6295 6279 6316
f 6279 6300 6316
f 6296 6280 6317
f 6280 6301 6317
f 6297 6281 6318
f 6281 6302 6318
f 6298 6282 6319
f 6282 6303 6319
f 6007 6006 6320
f 6299 6283 6320
f 6006 6299 6320
f 6283 6304 6320
f 6300 6284 6321
f 6284 6305 6321
f 6301 6285 6322
f 6285 6306 6322
f 6286 6307 6323
f 6302 6286 6323
f 6287 6308 6324
f 6304 6287 6324
f 6288 6309 6325
f 6305 6288 6325
f 6306 6289 6326
f 6289 6310 6326
f 6290 6311 6327
f 6307 6290 6327
f 6291 6312 6328
f 6308 6291 6328
f 6292 6313 6329
f 6309 6292 6329
f 6310 6293 6330
f 6293 6314 6330
f 6294 6315 6331
f 6311 6294 6331
f 6312 6295 6332
f 6295 6316 6332
f 6313 6296 6333
f 6296 6317 6333
f 6314 6297 6334
f 6297 6318 6334
f 6315 6298 6335
f 6298 6319 6335
f 6316 6300 6336
f 6300 6321 6336
f 6317 6301 6337
f 6301 6322 6337
f 6318 6302 6338
f 6302 6323 6338
f 6303 5993 6339
f 5993 5994 6339
f 6319 6303 6339
f 6320 6304 6340
f 6304 6324 6340
f 6321 6305 6341
f 6305 6325 6341
f 6322 6306 6342
f 6306 6326 6342
f 6307 6327 6343
f 6323 6307 6343
f 6324 6308 6344
f 6308 6328 6344
f 6309 6329 6345
f 6325 6309 6345
f 6310 6330 6346
f 6326 6310 6346
f 6311 6331 6347
f 6327 6311 6347
f 6328 6312 6348
f 6312 6332 6348
f 6313 6333 6349
f 6329 6313 6349
f 6330 6314 6350
f 6314 6334 6350
f 6331 6315 6351
f 6315 6335 6351
f 6316 6336 6352
f 6332 6316 6352
f 6317 6337 6353
f 6333 6317 6353
f 6318 6338 6354
f 6334 6318 6354
f 6335 6319 6355
f 6319 6339 6355
f 6008 6007 6356
f 6007 6320 6356
f 6320 6340 6356
f 6336 6321 6357
f 6321 6341 6357
f 6337 6322 6358
f 6322 6342 6358
f 6323 6343 6359
f 6338 6323 6359
f 6339 5994 6360
f 5994 5995 6360
f 6324 6344 6361
f 6340 6324 6361
f 6325 6345 6362
f 6341 6325 6362
f 6342 6326 6363
f 6326 6346 6363
f 6327 6347 6364
f 6343 6327 6364
f 6344 6328 6365
f 6328 6348 6365
f 6329 6349 6366
f 6345 6329 6366
f 6330 6350 6367
f 6346 6330 6367
f 6331 6351 6368
f 6347 6331 6368
f 6348 6332 6369
f 6332 6352 6369
f 6349 6333 6370
f 6333 6353 6370
f 6334 6354 6371
f 6350 6334 6371
f 6335 6355 6372
f 6351 6335 6372
f 6336 6357 6373
f 6352 6336 6373
f 6337 6358 6374
f 6353 6337 6374
f 6338 6359 6375
f 6354 6338 6375
f 6355 6339 6376
f 6339 6360 6376
f 6340 6361 6377
f 6009 6008 6377
f 6356 6340 6377
f 6008 6356 6377
f 6357 6341 6378
f 6341 6362 6378
f 6342 6363 6379
f 6358 6342 6379
f 6359 6343 6380
f 6343 6364 6380
f 6361 6344 6381
f 6344 6365 6381
f 6345 6366 6382
f 6362 6345 6382
f 6346 6367 6383
f 6363 6346 6383
f 6364 6347 6384
f 6347 6368 6384
f 6365 6348 6385
f 6348 6369 6385
f 6349 6370 6386
f 6366 6349 6386
f 6367 6350 6387
f 6350 6371 6387
f 6368 6351 6388
f 6351 6372 6388
f 6369 6352 6389
f 6352 6373 6389
f 6370 6353 6390
f 6353 6374 6390
f 6354 6375 6391
f 6371 6354 6391
f 6372 6355 6392
f 6355 6376 6392
f 6357 6378 6393
f 6373 6357 6393
f 6358 6379 6394
f 6374 6358 6394
f 6375 6359 6395
f 6359 6380 6395
f 6376 6360 6396
f 5995 5996 6396
f 6360 5995 6396
f 6361 6381 6397
f 6377 6361 6397
f 6378 6362 6398
f 6362 6382 6398
f 6363 6383 6399
f 6379 6363 6399
f 6364 6384 6400
f 6380 6364 6400
f 6381 6365 6401
f 6365 6385 6401
f 6366 6386 6402
f 6382 6366 6402
f 6383 6367 6403
f 6367 6387 6403
f 6368 6388 6404
f 6384 6368 6404
f 6385 6369 6405
f 6369 6389 6405
f 6386 6370 6406
f 6370 6390 6406
f 6371 6391 6407
f 6387 6371 6407
f 6372 6392 6408
f 6388 6372 6408
f 6373 6393 6409
f 6389 6373 6409
f 6390 6374 6410
f 6374 6394 6410
f 6391 6375 6411
f 6375 6395 6411
f 6392 6376 6412
f 6376 6396 6412
f 6009 6377 6413
f 6377 6397 6413
f 6010 6009 6413
f 6393 6378 6414
f 6378 6398 6414
f 6394 6379 6415
f 6379 6399 6415
f 6395 6380 6416
f 6380 6400 6416
f 5996 5997 6417
f 6396 5996 6417
f 6397 6381 6418
f 6381 6401 6418
f 6398 6382 6419
f 6382 6402 6419
f 6383 6403 6420
f 6399 6383 6420
f 6384 6404 6421
f 6400 6384 6421
f 6385 6405 6422
f 6401 6385 6422
f 6402 6386 6423
f 6386 6406 6423
f 6403 6387 6424
f 6387 6407 6424
f 6404 6388 6425
f 6388 6408 6425
f 6389 6409 6426
f 6405 6389 6426
f 6390 6410 6427
f 6406 6390 6427
f 6391 6411 6428
f 6407 6391 6428
f 6408 6392 6429
f 6392 6412 6429
f 6393 6414 6430
f 6409 6393 6430
f 6410 6394 6431
f 6394 6415 6431
f 6411 6395 6432
f 6395 6416 6432
f 6412 6396 6433
f 6396 6417 6433
f 6413 6397 6434
f 6010 6413 6434
f 6397 6418 6434
f 6011 6010 6434
f 6414 6398 6435
f 6398 6419 6435
f 6415 6399 6436
f 6399 6420 6436
f 6416 6400 6437
f 6400 6421 6437
f 6418 6401 6438
f 6401 6422 6438
f 6419 6402 6439
f 6402 6423 6439
f 6403 6424 6440
f 6420 6403 6440
f 6421 6404 6441
f 6404 6425 6441
f 6405 6426 6442
f 6422 6405 6442
f 6406 6427 6443
f 6423 6406 6443
f 6424 6407 6444
f 6407 6428 6444
f 6408 6429 6445
f 6425 6408 6445
f 6426 6409 6446
f 6409 6430 6446
f 6427 6410 6447
f 6410 6431 6447
f 6411 6432 6448
f 6428 6411 6448
f 6412 6433 6449
f 6429 6412 6449
f 6430 6414 6450
f 6414 6435 6450
f 6415 6436 6451
f 6431 6415 6451
f 6432 6416 6452
f 6416 6437 6452
f 5997 5998 6453
f 6417 5997 6453
f 6433 6417 6453
f 6418 6438 6454
f 6434 6418 6454
f 6419 6439 6455
f 6435 6419 6455
f 6420 6440 6456
f 6436 6420 6456
f 6437 6421 6457
f 6421 6441 6457
f 6438 6422 6458
f 6422 6442 6458
f 6439 6423 6459
f 6423 6443 6459
f 6424 6444 6460
f 6440 6424 6460
f 6425 6445 6461
f 6441 6425 6461
f 6442 6426 6462
f 6426 6446 6462
f 6427 6447 6463
f 6443 6427 6463
f 6444 6428 6464
f 6428 6448 6464
f 6429 6449 6465
f 6445 6429 6465
f 6446 6430 6466
f 6430 6450 6466
f 6447 6431 6467
f 6431 6451 6467
f 6448 6432 6468
f 6432 6452 6468
f 6433 6453 6469
f 6449 6433 6469
f 6012 6011 6470
f 6434 6454 6470
f 6011 6434 6470
f 6450 6435 6471
f 6435 6455 6471
f 6451 6436 6472
f 6436 6456 6472
f 6437 6457 6473
f 6452 6437 6473
f 5998 5999 6474
f 6453 5998 6474
f 6438 6458 6475
f 6454 6438 6475
f 6455 6439 6476
f 6439 6459 6476
f 6456 6440 6477
f 6440 6460 6477
f 6441 6461 6478
f 6457 6441 6478
f 6442 6462 6479
f 6458 6442 6479
f 6459 6443 6480
f 6443 6463 6480
f 6460 6444 6481
f 6444 6464 6481
f 6461 6445 6482
f 6445 6465 6482
f 6462 6446 6483
f 6446 6466 6483
f 6463 6447 6484
f 6447 6467 6484
f 6464 6448 6485
f 6448 6468 6485
f 6449 6469 6486
f 6465 6449 6486
f 6450 6471 6487
f 6466 6450 6487
f 6451 6472 6488
f 6467 6451 6488
f 6468 6452 6489
f 6452 6473 6489
f 6469 6453 6490
f 6453 6474 6490
f 6013 6012 6491
f 6012 6470 6491
f 6470 6454 6491
f 6454 6475 6491
f 6455 6476 6492
f 6471 6455 6492
f 6472 6456 6493
f 6456 6477 6493
f 6457 6478 6494
f 6473 6457 6494
f 6458 6479 6495
f 6475 6458 6495
f 6476 6459 6496
f 6459 6480 6496
f 6477 6460 6497
f 6460 6481 6497
f 6461 6482 6498
f 6478 6461 6498
f 6479 6462 6499
f 6462 6483 6499
f 6480 6463 6500
f 6463 6484 6500
f 6464 6485 6501
f 6481 6464 6501
f 6482 6465 6502
f 6465 6486 6502
f 6466 6487 6503
f 6483 6466 6503
f 6467 6488 6504
f 6484 6467 6504
f 6485 6468 6505
f 6468 6489 6505
f 6486 6469 6506
f 6469 6490 6506
f 6471 6492 6507
f 6487 6471 6507
f 6488 6472 6508
f 6472 6493 6508
f 6489 6473 6509
f 6473 6494 6509
f 5999 6000 6510
f 6490 6474 6510
f 6474 5999 6510
f 6491 6475 6511
f 6475 6495 6511
f 6492 6476 6512
f 6476 6496 6512
f 6493 6477 6513
f 6477 6497 6513
f 6494 6478 6514
f 6478 6498 6514
f 6479 6499 6515
f 6495 6479 6515
f 6496 6480 6516
f 6480 6500 6516
f 6481 6501 6517
f 6497 6481 6517
f 6498 6482 6518
f 6482 6502 6518
f 6483 6503 6519
f 6499 6483 6519
f 6484 6504 6520
f 6500 6484 6520
f 6501 6485 6521
f 6485 6505 6521
f 6502 6486 6522
f 6486 6506 6522
f 6503 6487 6523
f 6487 6507 6523
f 6504 6488 6524
f 6488 6508 6524
f 6505 6489 6525
f 6489 6509 6525
f 6490 6510 6526
f 6506 6490 6526
f 6491 6511 6527
f 6014 6013 6527
f 6013 6491 6527
f 6492 6512 6528
f 6507 6492 6528
f 6493 6513 6529
f 6508 6493 6529
f 6494 6514 6530
f 6509 6494 6530
f 6510 6000 6531
f 6000 6001 6531
f 6511 6495 6532
f 6495 6515 6532
f 6512 6496 6533
f 6496 6516 6533
f 6497 6517 6534
f 6513 6497 6534
f 6498 6518 6535
f 6514 6498 6535
f 6499 6519 6536
f 6515 6499 6536
f 6500 6520 6537
f 6516 6500 6537
f 6517 6501 6538
f 6501 6521 6538
f 6518 6502 6539
f 6502 6522 6539
f 6519 6503 6540
f 6503 6523 6540
f 6520 6504 6541
f 6504 6524 6541
f 6505 6525 6542
f 6521 6505 6542
f 6522 6506 6543
f 6506 6526 6543
f 6507 6528 6544
f 6523 6507 6544
f 6524 6508 6545
f 6508 6529 6545
f 6509 6530 6546
f 6525 6509 6546
f 6526 6510 6547
f 6510 6531 6547
f 6511 6532 6548
f 6015 6014 6548
f 6014 6527 6548
f 6527 6511 6548
f 6528 6512 6549
f 6512 6533 6549
f 6529 6513 6550
f 6513 6534 6550
f 6514 6535 6551
f 6530 6514 6551
f 6532 6515 6552
f 6515 6536 6552
f 6533 6516 6553
f 6516 6537 6553
f 6517 6538 6554
f 6534 6517 6554
f 6518 6539 6555
f 6535 6518 6555
f 6536 6519 6556
f 6519 6540 6556
f 6537 6520 6557
f 6520 6541 6557
f 6538 6521 6558
f 6521 6542 6558
f 6539 6522 6559
f 6522 6543 6559
f 6523 6544 6560
f 6540 6523 6560
f 6541 6524 6561
f 6524 6545 6561
f 6542 6525 6562
f 6525 6546 6562
f 6526 6547 6563
f 6543 6526 6563
f 6544 6528 6564
f 6528 6549 6564
f 6529 6550 6565
f 6545 6529 6565
f 6530 6551 6566
f 6546 6530 6566
f 6001 6002 6567
f 6547 6531 6567
f 6531 6001 6567
f 6532 6552 6568
f 6548 6532 6568
f 6549 6533 6569
f 6533 6553 6569
f 6550 6534 6570
f 6534 6554 6570
f 6551 6535 6571
f 6535 6555 6571
f 6552 6536 6572
f 6536 6556 6572
f 6553 6537 6573
f 6537 6557 6573
f 6554 6538 6574
f 6538 6558 6574
f 6539 6559 6575
f 6555 6539 6575
f 6556 6540 6576
f 6540 6560 6576
f 6557 6541 6577
f 6541 6561 6577
f 6558 6542 6578
f 6542 6562 6578
f 6543 6563 6579
f 6559 6543 6579
f 6560 6544 6580
f 6544 6564 6580
f 6545 6565 6581
f 6561 6545 6581
f 6546 6566 6582
f 6562 6546 6582
f 6563 6547 6583
f 6547 6567 6583
f 6015 6548 6584
f 6016 6015 6584
f 6548 6568 6584
f 6549 6569 6585
f 6564 6549 6585
f 6565 6550 6586
f 6550 6570 6586
f 6551 6571 6587
f 6566 6551 6587
f 6002 6003 6588
f 6567 6002 6588
f 6552 6572 6589
f 6568 6552 6589
f 6553 6573 6590
f 6569 6553 6590
f 6570 6554 6591
f 6554 6574 6591
f 6571 6555 6592
f 6555 6575 6592
f 6572 6556 6593
f 6556 6576 6593
f 6573 6557 6594
f 6557 6577 6594
f 6574 6558 6595
f 6558 6578 6595
f 6575 6559 6596
f 6559 6579 6596
f 6560 6580 6597
f 6576 6560 6597
f 6577 6561 6598
f 6561 6581 6598
f 6578 6562 6599
f 6562 6582 6599
f 6563 6583 6600
f 6579 6563 6600
f 6580 6564 6601
f 6564 6585 6601
f 6565 6586 6602
f 6581 6565 6602
f 6566 6587 6603
f 6582 6566 6603
f 6567 6588 6604
f 6583 6567 6604
f 6016 6584 6605
f 6584 6568 6605
f 6568 6589 6605
f 6017 6016 6605
f 6585 6569 6606
f 6569 6590 6606
f 6570 6591 6607
f 6586 6570 6607
f 6587 6571 6608
f 6571 6592 6608
f 6572 6593 6609
f 6589 6572 6609
f 6590 6573 6610
f 6573 6594 6610
f 6591 6574 6611
f 6574 6595 6611
f 6592 6575 6612
f 6575 6596 6612
f 6593 6576 6613
f 6576 6597 6613
f 6577 6598 6614
f 6594 6577 6614
f 6578 6599 6615
f 6595 6578 6615
f 6596 6579 6616
f 6579 6600 6616
f 6597 6580 6617
f 6580 6601 6617
f 6598 6581 6618
f 6581 6602 6618
f 6582 6603 6619
f 6599 6582 6619
f 6600 6583 6620
f 6583 6604 6620
f 6601 6585 6621
f 6585 6606 6621
f 6586 6607 6622
f 6602 6586 6622
f 6603 6587 6623
f 6587 6608 6623
f 6003 6004 6624
f 6004 6033 6624
f 6604 6588 6624
f 6588 6003 6624
f 6605 6589 6625
f 6589 6609 6625
f 6606 6590 6626
f 6590 6610 6626
f 6591 6611 6627
f 6607 6591 6627
f 6592 6612 6628
f 6608 6592 6628
f 6609 6593 6629
f 6593 6613 6629
f 6594 6614 6630
f 6610 6594 6630
f 6595 6615 6631
f 6611 6595 6631
f 6612 6596 6632
f 6596 6616 6632
f 6613 6597 6633
f 6597 6617 6633
f 6598 6618 6634
f 6614 6598 6634
f 6615 6599 6635
f 6599 6619 6635
f 6616 6600 6636
f 6600 6620 6636
f 6617 6601 6637
f 6601 6621 6637
f 6618 6602 6638
f 6602 6622 6638
f 6603 6623 6639
f 6619 6603 6639
f 6604 6624 6640
f 6033 6034 6640
f 6624 6033 6640
f 6620 6604 6640
f 6018 6017 6641
f 6605 6625 6641
f 6017 6605 6641
f 6621 6606 6642
f 6606 6626 6642
f 6622 6607 6643
f 6607 6627 6643
f 6623 6608 6644
f 6608 6628 6644
f 6625 6609 6645
f 6609 6629 6645
f 6626 6610 6646
f 6610 6630 6646
f 6627 6611 6647
f 6611 6631 6647
f 6628 6612 6648
f 6612 6632 6648
f 6613 6633 6649
f 6629 6613 6649
f 6614 6634 6650
f 6630 6614 6650
f 6615 6635 6651
f 6631 6615 6651
f 6632 6616 6652
f 6616 6636 6652
f 6617 6637 6653
f 6633 6617 6653
f 6618 6638 6654
f 6634 6618 6654
f 6619 6639 6655
f 6635 6619 6655
f 6034 6035 6656
f 6636 6620 6656
f 6640 6034 6656
f 6620 6640 6656
f 6621 6642 6657
f 6637 6621 6657
f 6622 6643 6658
f 6638 6622 6658
f 6639 6623 6659
f 6623 6644 6659
f 6625 6645 6660
f 6018 6641 6660
f 6641 6625 6660
f 6626 6646 6661
f 6642 6626 6661
f 6643 6627 6662
f 6627 6647 6662
f 6628 6648 6663
f 6644 6628 6663
f 6645 6629 6664
f 6629 6649 6664
f 6630 6650 6665
f 6646 6630 6665
f 6647 6631 6666
f 6631 6651 6666
f 6632 6652 6667
f 6648 6632 6667
f 6649 6633 6668
f 6633 6653 6668
f 6650 6634 6669
f 6634 6654 6669
f 6635 6655 6670
f 6651 6635 6670
f 6652 6636 6671
f 6656 6035 6671
f 6035 6036 6671
f 6636 6656 6671
f 6653 6637 6672
f 6637 6657 6672
f 6638 6658 6673
f 6654 6638 6673
f 6655 6639 6674
f 6639 6659 6674
f 6642 6661 6675
f 6657 6642 6675
f 6643 6662 6676
f 6658 6643 6676
f 6659 6644 6677
f 6644 6663 6677
f 6660 6645 6678
f 6645 6664 6678
f 6661 6646 6679
f 6646 6665 6679
f 6662 6647 6680
f 6647 6666 6680
f 6648 6667 6681
f 6663 6648 6681
f 6649 6668 6682
f 6664 6649 6682
f 6665 6650 6683
f 6650 6669 6683
f 6666 6651 6684
f 6651 6670 6684
f 6667 6652 6685
f 6036 6037 6685
f 6652 6671 6685
f 6671 6036 6685
f 6653 6672 6686
f 6668 6653 6686
f 6669 6654 6687
f 6654 6673 6687
f 6670 6655 6688
f 6655 6674 6688
f 6672 6657 6689
f 6657 6675 6689
f 6673 6658 6690
f 6658 6676 6690
f 6674 6659 6691
f 6659 6677 6691
f 6019 6018 6692
f 6018 6660 6692
f 6660 6678 6692
f 6661 6679 6693
f 6675 6661 6693
f 6676 6662 6694
f 6662 6680 6694
f 6677 6663 6695
f 6663 6681 6695
f 6678 6664 6696
f 6664 6682 6696
f 6679 6665 6697
f 6665 6683 6697
f 6680 6666 6698
f 6666 6684 6698
f 6681 6667 6699
f 6685 6037 6699
f 6037 6038 6699
f 6667 6685 6699
f 6668 6686 6700
f 6682 6668 6700
f 6669 6687 6701
f 6683 6669 6701
f 6684 6670 6702
f 6670 6688 6702
f 6672 6689 6703
f 6686 6672 6703
f 6687 6673 6704
f 6673 6690 6704
f 6674 6691 6705
f 6688 6674 6705
f 6689 6675 6706
f 6675 6693 6706
f 6676 6694 6707
f 6690 6676 6707
f 6677 6695 6708
f 6691 6677 6708
f 6019 6692 6709
f 6020 6019 6709
f 6692 6678 6709
f 6678 6696 6709
f 6679 6697 6710
f 6693 6679 6710
f 6694 6680 6711
f 6680 6698 6711
f 6695 6681 6712
f 6038 6039 6712
f 6699 6038 6712
f 6681 6699 6712
f 6696 6682 6713
f 6682 6700 6713
f 6683 6701 6714
f 6697 6683 6714
f 6684 6702 6715
f 6698 6684 6715
f 6686 6703 6716
f 6700 6686 6716
f 6687 6704 6717
f 6701 6687 6717
f 6702 6688 6718
f 6688 6705 6718
f 6689 6706 6719
f 6703 6689 6719
f 6690 6707 6720
f 6704 6690 6720
f 6705 6691 6721
f 6691 6708 6721
f 6706 6693 6722
f 6693 6710 6722
f 6707 6694 6723
f 6694 6711 6723
f 6708 6695 6724
f 6695 6712 6724
f 6712 6039 6724
f 6039 6040 6724
f 6709 6696 6725
f 6696 6713 6725
f 6697 6714 6726
f 6710 6697 6726
f 6698 6715 6727
f 6711 6698 6727
f 6713 6700 6728
f 6700 6716 6728
f 6701 6717 6729
f 6714 6701 6729
f 6715 6702 6730
f 6702 6718 6730
f 6716 6703 6731
f 6703 6719 6731
f 6717 6704 6732
f 6704 6720 6732
f 6718 6705 6733
f 6705 6721 6733
f 6719 6706 6734
f 6706 6722 6734
f 6707 6723 6735
f 6720 6707 6735
f 6708 6724 6736
f 6721 6708 6736
f 6724 6040 6736
f 6040 6041 6736
f 6709 6725 6737
f 6021 6020 6737
f 6020 6709 6737
f 6722 6710 6738
f 6710 6726 6738
f 6723 6711 6739
f 6711 6727 6739
f 6725 6713 6740
f 6713 6728 6740
f 6714 6729 6741
f 6726 6714 6741
f 6715 6730 6742
f 6727 6715 6742
f 6716 6731 6743
f 6728 6716 6743
f 6729 6717 6744
f 6717 6732 6744
f 6718 6733 6745
f 6730 6718 6745
f 6719 6734 6746
f 6731 6719 6746
f 6720 6735 6747
f 6732 6720 6747
f 6721 6736 6748
f 6041 6042 6748
f 6736 6041 6748
f 6733 6721 6748
f 6734 6722 6749
f 6722 6738 6749
f 6735 6723 6750
f 6723 6739 6750
f 6725 6740 6751
f 6022 6021 6751
f 6737 6725 6751
f 6021 6737 6751
f 6738 6726 6752
f 6726 6741 6752
f 6727 6742 6753
f 6739 6727 6753
f 6740 6728 6754
f 6728 6743 6754
f 6729 6744 6755
f 6741 6729 6755
f 6742 6730 6756
f 6730 6745 6756
f 6731 6746 6757
f 6743 6731 6757
f 6744 6732 6758
f 6732 6747 6758
f 6748 6042 6759
f 6745 6733 6759
f 6042 6043 6759
f 6733 6748 6759
f 6734 6749 6760
f 6746 6734 6760
f 6735 6750 6761
f 6747 6735 6761
f 6738 6752 6762
f 6749 6738 6762
f 6739 6753 6763
f 6750 6739 6763
f 6751 6740 6764
f 6740 6754 6764
f 6752 6741 6765
f 6741 6755 6765
f 6742 6756 6766
f 6753 6742 6766
f 6743 6757 6767
f 6754 6743 6767
f 6755 6744 6768
f 6744 6758 6768
f 6745 6759 6769
f 6756 6745 6769
f 6759 6043 6769
f 6043 6044 6769
f 6757 6746 6770
f 6746 6760 6770
f 6758 6747 6771
f 6747 6761 6771
f 6760 6749 6772
f 6749 6762 6772
f 6761 6750 6773
f 6750 6763 6773
f 6022 6751 6774
f 6023 6022 6774
f 6751 6764 6774
f 6752 6765 6775
f 6762 6752 6775
f 6753 6766 6776
f 6763 6753 6776
f 6764 6754 6777
f 6754 6767 6777
f 6755 6768 6778
f 6765 6755 6778
f 6044 6045 6779
f 6756 6769 6779
f 6769 6044 6779
f 6766 6756 6779
f 6757 6770 6780
f 6767 6757 6780
f 6768 6758 6781
f 6758 6771 6781
f 6770 6760 6782
f 6760 6772 6782
f 6771 6761 6783
f 6761 6773 6783
f 6772 6762 6784
f 6762 6775 6784
f 6763 6776 6785
f 6773 6763 6785
f 6024 6023 6786
f 6023 6774 6786
f 6774 6764 6786
f 6764 6777 6786
f 6775 6765 6787
f 6765 6778 6787
f 6766 6779 6788
f 6779 6045 6788
f 6776 6766 6788
f 6777 6767 6789
f 6767 6780 6789
f 6778 6768 6790
f 6768 6781 6790
f 6780 6770 6791
f 6770 6782 6791
f 6781 6771 6792
f 6771 6783 6792
f 6782 6772 6793
f 6772 6784 6793
f 6773 6785 6794
f 6783 6773 6794
f 6784 6775 6795
f 6775 6787 6795
f 6785 6776 6796
f 6788 6045 6796
f 6045 6046 6796
f 6776 6788 6796
f 6777 6789 6797
f 6786 6777 6797
f 6778 6790 6798
f 6787 6778 6798
f 6789 6780 6799
f 6780 6791 6799
f 6781 6792 6800
f 6790 6781 6800
f 6782 6793 6801
f 6791 6782 6801
f 6792 6783 6802
f 6783 6794 6802
f 6784 6795 6803
f 6793 6784 6803
f 6785 6796 6804
f 6796 6046 6804
f 6046 6047 6804
f 6794 6785 6804
f 6024 6786 6805
f 6786 6797 6805
f 6025 6024 6805
f 6787 6798 6806
f 6795 6787 6806
f 6797 6789 6807
f 6789 6799 6807
f 6798 6790 6808
f 6790 6800 6808
f 6799 6791 6809
f 6791 6801 6809
f 6800 6792 6810
f 6792 6802 6810
f 6793 6803 6811
f 6801 6793 6811
f 6047 6048 6812
f 6804 6047 6812
f 6794 6804 6812
f 6802 6794 6812
f 6803 6795 6813
f 6795 6806 6813
f 6026 6025 6814
f 6797 6807 6814
f 6805 6797 6814
f 6025 6805 6814
f 6806 6798 6815
f 6798 6808 6815
f 6799 6809 6816
f 6807 6799 6816
f 6800 6810 6817
f 6808 6800 6817
f 6809 6801 6818
f 6801 6811 6818
f 6812 6048 6819
f 6810 6802 6819
f 6802 6812 6819
f 6048 6049 6819
f 6811 6803 6820
f 6803 6813 6820
f 6813 6806 6821
f 6806 6815 6821
f 6814 6807 6822
f 6807 6816 6822
f 6815 6808 6823
f 6808 6817 6823
f 6816 6809 6824
f 6809 6818 6824
f 6810 6819 6825
f 6819 6049 6825
f 6049 6050 6825
f 6817 6810 6825
f 6818 6811 6826
f 6811 6820 6826
f 6813 6821 6827
f 6820 6813 6827
f 6027 6026 6828
f 6026 6814 6828
f 6814 6822 6828
f 6815 6823 6829
f 6821 6815 6829
f 6822 6816 6830
f 6816 6824 6830
f 6823 6817 6831
f 6817 6825 6831
f 6825 6050 6831
f 6050 6051 6831
f 6824 6818 6832
f 6818 6826 6832
f 6820 6827 6833
f 6826 6820 6833
f 6821 6829 6834
f 6827 6821 6834
f 6027 6828 6835
f 6822 6830 6835
f 6828 6822 6835
f 6028 6027 6835
f 6829 6823 6836
f 6831 6051 6836
f 6051 6052 6836
f 6823 6831 6836
f 6824 6832 6837
f 6830 6824 6837
f 6826 6833 6838
f 6832 6826 6838
f 6833 6827 6839
f 6827 6834 6839
f 6834 6829 6840
f 6829 6836 6840
f 6836 6052 6840
f 6052 6053 6840
f 6835 6830 6841
f 6830 6837 6841
f 6832 6838 6842
f 6837 6832 6842
f 6833 6839 6843
f 6838 6833 6843
f 6834 6840 6844
f 6839 6834 6844
f 6053 6054 6844
f 6840 6053 6844
f 6029 6028 6845
f 6028 6835 6845
f 6835 6841 6845
f 6841 6837 6846
f 6837 6842 6846
f 6842 6838 6847
f 6838 6843 6847
f 6844 6054 6848
f 6054 6055 6848
f 6843 6839 6848
f 6839 6844 6848
f 6030 6029 6849
f 6029 6845 6849
f 6845 6841 6849
f 6841 6846 6849
f 6842 6847 6850
f 6846 6842 6850
f 6847 6843 6851
f 6848 6055 6851
f 6055 6056 6851
f 6843 6848 6851
f 6849 6846 6852
f 6846 6850 6852
f 6851 6056 6853
f 6847 6851 6853
f 6850 6847 6853
f 6056 6057 6853
f 6849 6852 6854
f 6031 6030 6854
f 6030 6849 6854
f 6850 6853 6855
f 6852 6850 6855
f 6853 6057 6855
f 6057 6058 6855
f 6852 6855 6856
f 6854 6852 6856
f 6031 6854 6856
f 6855 6058 6856
f 6032 6031 6856
f 6058 6032 6856
f 6857 6858 6939
f 6857 6939 6940
f 6857 6940 6941
f 6858 6859 6942
f 6940 6939 6942
f 6939 6858 6942
f 6857 6941 6943
f 6941 6940 6944
f 6940 6942 6944
f 6859 6860 6945
f 6942 6859 6945
f 6857 6943 6946
f 6943 6941 6947
f 6941 6944 6947
f 6944 6942 6948
f 6942 6945 6948
f 6857 6946 6949
f 6946 6943 6950
f 6943 6947 6950
f 6944 6948 6951
f 6947 6944 6951
f 6860 6861 6952
f 6945 6860 6952
f 6948 6945 6952
f 6857 6949 6953
f 6946 6950 6954
f 6949 6946 6954
f 6947 6951 6955
f 6950 6947 6955
f 6951 6948 6956
f 6948 6952 6956
f 6857 6953 6957
f 6861 6862 6958
f 6952 6861 6958
f 6953 6949 6959
f 6949 6954 6959
f 6950 6955 6960
f 6954 6950 6960
f 6951 6956 6961
f 6955 6951 6961
f 6857 6957 6962
f 6956 6952 6963
f 6952 6958 6963
f 6957 6953 6964
f 6953 6959 6964
f 6959 6954 6965
f 6954 6960 6965
f 6960 6955 6966
f 6955 6961 6966
f 6857 6962 6967
f 6961 6956 6968
f 6956 6963 6968
f 6957 6964 6969
f 6962 6957 6969
f 6862 6863 6970
f 6963 6958 6970
f 6958 6862 6970
f 6959 6965 6971
f 6964 6959 6971
f 6960 6966 6972
f 6965 6960 6972
f 6857 6967 6973
f 6961 6968 6974
f 6966 6961 6974
f 6967 6962 6975
f 6962 6969 6975
f 6968 6963 6976
f 6963 6970 6976
f 6969 6964 6977
f 6964 6971 6977
f 6863 6864 6978
f 6970 6863 6978
f 6965 6972 6979
f 6971 6965 6979
f 6857 6973 6980
f 6966 6974 6981
f 6972 6966 6981
f 6973 6967 6982
f 6967 6975 6982
f 6974 6968 6983
f 6968 6976 6983
f 6975 6969 6984
f 6969 6977 6984
f 6976 6970 6985
f 6970 6978 6985
f 6977 6971 6986
f 6971 6979 6986
f 6857 6980 6987
f 6979 6972 6988
f 6972 6981 6988
f 6973 6982 6989
f 6980 6973 6989
f 6974 6983 6990
f 6981 6974 6990
f 6982 6975 6991
f 6975 6984 6991
f 6983 6976 6992
f 6976 6985 6992
f 6977 6986 6993
f 6984 6977 6993
f 6864 6865 6994
f 6985 6978 6994
f 6978 6864 6994
f 6857 6987 6995
f 6979 6988 6996
f 6986 6979 6996
f 6987 6980 6997
f 6980 6989 6997
f 6981 6990 6998
f 6988 6981 6998
f 6989 6982 6999
f 6982 6991 6999
f 6990 6983 7000
f 6983 6992 7000
f 6991 6984 7001
f 6984 6993 7001
f 6992 6985 7002
f 6985 6994 7002
f 6885 6857 7003
f 6857 6995 7003
f 6986 6996 7004
f 6993 6986 7004
f 6865 6866 7005
f 6994 6865 7005
f 6995 6987 7006
f 6987 6997 7006
f 6988 6998 7007
f 6996 6988 7007
f 6989 6999 7008
f 6997 6989 7008
f 6998 6990 7009
f 6990 7000 7009
f 6991 7001 7010
f 6999 6991 7010
f 6992 7002 7011
f 7000 6992 7011
f 6885 7003 7012
f 7001 6993 7013
f 6993 7004 7013
f 7002 6994 7014
f 6994 7005 7014
f 6995 7006 7015
f 7003 6995 7015
f 7004 6996 7016
f 6996 7007 7016
f 7006 6997 7017
f 6997 7008 7017
f 7007 6998 7018
f 6998 7009 7018
f 7008 6999 7019
f 6999 7010 7019
f 7009 7000 7020
f 7000 7011 7020
f 6885 7012 7021
f 7001 7013 7022
f 7010 7001 7022
f 7011 7002 7023
f 7002 7014 7023
f 7012 7003 7024
f 7003 7015 7024
f 7013 7004 7025
f 7004 7016 7025
f 6866 6867 7026
f 7005 6866 7026
f 7014 7005 7026
f 7006 7017 7027
f 7015 7006 7027
f 7016 7007 7028
f 7007 7018 7028
f 7017 7008 7029
f 7008 7019 7029
f 7009 7020 7030
f 7018 7009 7030
f 6885 7021 7031
f 7019 7010 7032
f 7010 7022 7032
f 7020 7011 7033
f 7011 7023 7033
f 7021 7012 7034
f 7012 7024 7034
f 7013 7025 7035
f 7022 7013 7035
f 7023 7014 7036
f 7014 7026 7036
f 7015 7027 7037
f 7024 7015 7037
f 7025 7016 7038
f 7016 7028 7038
f 6867 6868 7039
f 7026 6867 7039
f 7027 7017 7040
f 7017 7029 7040
f 7028 7018 7041
f 7018 7030 7041
f 6885 7031 7042
f 7019 7032 7043
f 7029 7019 7043
f 7030 7020 7044
f 7020 7033 7044
f 7021 7034 7045
f 7031 7021 7045
f 7022 7035 7046
f 7032 7022 7046
f 7023 7036 7047
f 7033 7023 7047
f 7034 7024 7048
f 7024 7037 7048
f 7035 7025 7049
f 7025 7038 7049
f 7036 7026 7050
f 7026 7039 7050
f 7027 7040 7051
f 7037 7027 7051
f 7028 7041 7052
f 7038 7028 7052
f 6885 7042 7053
f 7040 7029 7054
f 7029 7043 7054
f 7030 7044 7055
f 7041 7030 7055
f 7042 7031 7056
f 7031 7045 7056
f 7043 7032 7057
f 7032 7046 7057
f 7044 7033 7058
f 7033 7047 7058
f 7045 7034 7059
f 7034 7048 7059
f 7035 7049 7060
f 7046 7035 7060
f 7047 7036 7061
f 7036 7050 7061
f 7048 7037 7062
f 7037 7051 7062
f 7049 7038 7063
f 7038 7052 7063
f 6868 6869 7064
f 7039 6868 7064
f 7050 7039 7064
f 6885 7053 7065
f 7051 7040 7066
f 7040 7054 7066
f 7052 7041 7067
f 7041 7055 7067
f 7042 7056 7068
f 7053 7042 7068
f 7043 7057 7069
f 7054 7043 7069
f 7055 7044 7070
f 7044 7058 7070
f 7045 7059 7071
f 7056 7045 7071
f 7046 7060 7072
f 7057 7046 7072
f 7058 7047 7073
f 7047 7061 7073
f 7059 7048 7074
f 7048 7062 7074
f 7060 7049 7075
f 7049 7063 7075
f 7061 7050 7076
f 7050 7064 7076
f 6885 7065 7077
f 7051 7066 7078
f 7062 7051 7078
f 7063 7052 7079
f 7052 7067 7079
f 6869 6870 7080
f 7064 6869 7080
f 7053 7068 7081
f 7065 7053 7081
f 7066 7054 7082
f 7054 7069 7082
f 7067 7055 7083
f 7055 7070 7083
f 7068 7056 7084
f 7056 7071 7084
f 7069 7057 7085
f 7057 7072 7085
f 7070 7058 7086
f 7058 7073 7086
f 7071 7059 7087
f 7059 7074 7087
f 7072 7060 7088
f 7060 7075 7088
f 7073 7061 7089
f 7061 7076 7089
f 6885 7077 7090
f 7074 7062 7091
f 7062 7078 7091
f 7075 7063 7092
f 7063 7079 7092
f 7076 7064 7093
f 7064 7080 7093
f 7077 7065 7094
f 7065 7081 7094
f 7066 7082 7095
f 7078 7066 7095
f 7079 7067 7096
f 7067 7083 7096
f 7081 7068 7097
f 7068 7084 7097
f 7082 7069 7098
f 7069 7085 7098
f 7070 7086 7099
f 7083 7070 7099
f 7071 7087 7100
f 7084 7071 7100
f 7072 7088 7101
f 7085 7072 7101
f 7073 7089 7102
f 7086 7073 7102
f 6885 7090 7103
f 7087 7074 7104
f 7074 7091 7104
f 7075 7092 7105
f 7088 7075 7105
f 7089 7076 7106
f 7076 7093 7106
f 7090 7077 7107
f 7077 7094 7107
f 7091 7078 7108
f 7078 7095 7108
f 7079 7096 7109
f 7092 7079 7109
f 7093 7080 7110
f 7080 6870 7110
f 7094 7081 7111
f 7081 7097 7111
f 7095 7082 7112
f 7082 7098 7112
f 7096 7083 7113
f 7083 7099 7113
f 7084 7100 7114
f 7097 7084 7114
f 7098 7085 7115
f 7085 7101 7115
f 7086 7102 7116
f 7099 7086 7116
f 6885 7103 7117
f 7100 7087 7118
f 7087 7104 7118
f 7101 7088 7119
f 7088 7105 7119
f 7089 7106 7120
f 7102 7089 7120
f 7103 7090 7121
f 7090 7107 7121
f 7091 7108 7122
f 7104 7091 7122
f 7105 7092 7123
f 7092 7109 7123
f 7106 7093 7124
f 7093 7110 7124
f 7094 7111 7125
f 7107 7094 7125
f 7095 7112 7126
f 7108 7095 7126
f 7096 7113 7127
f 7109 7096 7127
f 6870 6871 7128
f 7110 6870 7128
f 7111 7097 7129
f 7097 7114 7129
f 7098 7115 7130
f 7112 7098 7130
f 7113 7099 7131
f 7099 7116 7131
f 6885 7117 7132
f 7114 7100 7133
f 7100 7118 7133
f 7115 7101 7134
f 7101 7119 7134
f 7116 7102 7135
f 7102 7120 7135
f 7117 7103 7136
f 7103 7121 7136
f 7104 7122 7137
f 7118 7104 7137
f 7105 7123 7138
f 7119 7105 7138
f 7106 7124 7139
f 7120 7106 7139
f 7121 7107 7140
f 7107 7125 7140
f 7122 7108 7141
f 7108 7126 7141
f 7109 7127 7142
f 7123 7109 7142
f 7124 7110 7143
f 7110 7128 7143
f 7111 7129 7144
f 7125 7111 7144
f 7112 7130 7145
f 7126 7112 7145
f 7127 7113 7146
f 7113 7131 7146
f 6885 7132 7147
f 7129 7114 7148
f 7114 7133 7148
f 7115 7134 7149
f 7130 7115 7149
f 7131 7116 7150
f 7116 7135 7150
f 7117 7136 7151
f 7132 7117 7151
f 7133 7118 7152
f 7118 7137 7152
f 7134 7119 7153
f 7119 7138 7153
f 7120 7139 7154
f 7135 7120 7154
f 7121 7140 7155
f 7136 7121 7155
f 7122 7141 7156
f 7137 7122 7156
f 7123 7142 7157
f 7138 7123 7157
f 7124 7143 7158
f 7139 7124 7158
f 7125 7144 7159
f 7140 7125 7159
f 7126 7145 7160
f 7141 7126 7160
f 7142 7127 7161
f 7127 7146 7161
f 6871 6872 7162
f 7128 6871 7162
f 7143 7128 7162
f 6885 7147 7163
f 7144 7129 7164
f 7129 7148 7164
f 7130 7149 7165
f 7145 7130 7165
f 7146 7131 7166
f 7131 7150 7166
f 7147 7132 7167
f 7132 7151 7167
f 7133 7152 7168
f 7148 7133 7168
f 7149 7134 7169
f 7134 7153 7169
f 7135 7154 7170
f 7150 7135 7170
f 7136 7155 7171
f 7151 7136 7171
f 7137 7156 7172
f 7152 7137 7172
f 7138 7157 7173
f 7153 7138 7173
f 7139 7158 7174
f 7154 7139 7174
f 7140 7159 7175
f 7155 7140 7175
f 7141 7160 7176
f 7156 7141 7176
f 7142 7161 7177
f 7157 7142 7177
f 7143 7162 7178
f 7158 7143 7178
f 6886 6885 7179
f 6885 7163 7179
f 7144 7164 7180
f 7159 7144 7180
f 7145 7165 7181
f 7160 7145 7181
f 7161 7146 7182
f 7146 7166 7182
f 6872 6873 7183
f 7162 6872 7183
f 7163 7147 7184
f 7147 7167 7184
f 7164 7148 7185
f 7148 7168 7185
f 7149 7169 7186
f 7165 7149 7186
f 7166 7150 7187
f 7150 7170 7187
f 7151 7171 7188
f 7167 7151 7188
f 7152 7172 7189
f 7168 7152 7189
f 7153 7173 7190
f 7169 7153 7190
f 7154 7174 7191
f 7170 7154 7191
f 7171 7155 7192
f 7155 7175 7192
f 7172 7156 7193
f 7156 7176 7193
f 7173 7157 7194
f 7157 7177 7194
f 7174 7158 7195
f 7158 7178 7195
f 7175 7159 7196
f 7159 7180 7196
f 7176 7160 7197
f 7160 7181 7197
f 7177 7161 7198
f 7161 7182 7198
f 7178 7162 7199
f 7162 7183 7199
f 6887 6886 7200
f 7179 7163 7200
f 6886 7179 7200
f 7163 7184 7200
f 7180 7164 7201
f 7164 7185 7201
f 7181 7165 7202
f 7165 7186 7202
f 7166 7187 7203
f 7182 7166 7203
f 7167 7188 7204
f 7184 7167 7204
f 7168 7189 7205
f 7185 7168 7205
f 7186 7169 7206
f 7169 7190 7206
f 7170 7191 7207
f 7187 7170 7207
f 7171 7192 7208
f 7188 7171 7208
f 7172 7193 7209
f 7189 7172 7209
f 7190 7173 7210
f 7173 7194 7210
f 7174 7195 7211
f 7191 7174 7211
f 7192 7175 7212
f 7175 7196 7212
f 7193 7176 7213
f 7176 7197 7213
f 7194 7177 7214
f 7177 7198 7214
f 7195 7178 7215
f 7178 7199 7215
f 7196 7180 7216
f 7180 7201 7216
f 7197 7181 7217
f 7181 7202 7217
f 7198 7182 7218
f 7182 7203 7218
f 7183 6873 7219
f 6873 6874 7219
f 7199 7183 7219
f 7200 7184 7220
f 7184 7204 7220
f 7201 7185 7221
f 7185 7205 7221
f 7202 7186 7222
f 7186 7206 7222
f 7187 7207 7223
f 7203 7187 7223
f 7204 7188 7224
f 7188 7208 7224
f 7189 7209 7225
f 7205 7189 7225
f 7190 7210 7226
f 7206 7190 7226
f 7191 7211 7227
f 7207 7191 7227
f 7208 7192 7228
f 7192 7212 7228
f 7193 7213 7229
f 7209 7193 7229
f 7210 7194 7230
f 7194 7214 7230
f 7211 7195 7231
f 7195 7215 7231
f 7196 7216 7232
f 7212 7196 7232
f 7197 7217 7233
f 7213 7197 7233
f 7198 7218 7234
f 7214 7198 7234
f 7215 7199 7235
f 7199 7219 7235
f 6888 6887 7236
f 6887 7200 7236
f 7200 7220 7236
f 7216 7201 7237
f 7201 7221 7237
f 7217 7202 7238
f 7202 7222 7238
f 7203 7223 7239
f 7218 7203 7239
f 7219 6874 7240
f 6874 6875 7240
f 7204 7224 7241
f 7220 7204 7241
f 7205 7225 7242
f 7221 7205 7242
f 7222 7206 7243
f 7206 7226 7243
f 7207 7227 7244
f 7223 7207 7244
f 7224 7208 7245
f 7208 7228 7245
f 7209 7229 7246
f 7225 7209 7246
f 7210 7230 7247
f 7226 7210 7247
f 7211 7231 7248
f 7227 7211 7248
f 7228 7212 7249
f 7212 7232 7249
f 7229 7213 7250
f 7213 7233 7250
f 7214 7234 7251
f 7230 7214 7251
f 7215 7235 7252
f 7231 7215 7252
f 7216 7237 7253
f 7232 7216 7253
f 7217 7238 7254
f 7233 7217 7254
f 7218 7239 7255
f 7234 7218 7255
f 7235 7219 7256
f 7219 7240 7256
f 7220 7241 7257
f 6889 6888 7257
f 7236 7220 7257
f 6888 7236 7257
f 7237 7221 7258
f 7221 7242 7258
f 7222 7243 7259
f 7238 7222 7259
f 7239 7223 7260
f 7223 7244 7260
f 7241 7224 7261
f 7224 7245 7261
f 7225 7246 7262
f 7242 7225 7262
f 7226 7247 7263
f 7243 7226 7263
f 7244 7227 7264
f 7227 7248 7264
f 7245 7228 7265
f 7228 7249 7265
f 7229 7250 7266
f 7246 7229 7266
f 7247 7230 7267
f 7230 7251 7267
f 7248 7231 7268
f 7231 7252 7268
f 7249 7232 7269
f 7232 7253 7269
f 7250 7233 7270
f 7233 7254 7270
f 7234 7255 7271
f 7251 7234 7271
f 7252 7235 7272
f 7235 7256 7272
f 7237 7258 7273
f 7253 7237 7273
f 7238 7259 7274
f 7254 7238 7274
f 7255 7239 7275
f 7239 7260 7275
f 7256 7240 7276
f 6875 6876 7276
f 7240 6875 7276
f 7241 7261 7277
f 7257 7241 7277
f 7258 7242 7278
f 7242 7262 7278
f 7243 7263 7279
f 7259 7243 7279
f 7244 7264 7280
f 7260 7244 7280
f 7261 7245 7281
f 7245 7265 7281
f 7246 7266 7282
f 7262 7246 7282
f 7263 7247 7283
f 7247 7267 7283
f 7248 7268 7284
f 7264 7248 7284
f 7265 7249 7285
f 7249 7269 7285
f 7266 7250 7286
f 7250 7270 7286
f 7251 7271 7287
f 7267 7251 7287
f 7252 7272 7288
f 7268 7252 7288
f 7253 7273 7289
f 7269 7253 7289
f 7270 7254 7290
f 7254 7274 7290
f 7271 7255 7291
f 7255 7275 7291
f 7272 7256 7292
f 7256 7276 7292
f 6889 7257 7293
f 7257 7277 7293
f 6890 6889 7293
f 7273 7258 7294
f 7258 7278 7294
f 7274 7259 7295
f 7259 7279 7295
f 7275 7260 7296
f 7260 7280 7296
f 6876 6877 7297
f 7276 6876 7297
f 7277 7261 7298
f 7261 7281 7298
f 7278 7262 7299
f 7262 7282 7299
f 7263 7283 7300
f 7279 7263 7300
f 7264 7284 7301
f 7280 7264 7301
f 7265 7285 7302
f 7281 7265 7302
f 7282 7266 7303
f 7266 7286 7303
f 7283 7267 7304
f 7267 7287 7304
f 7284 7268 7305
f 7268 7288 7305
f 7269 7289 7306
f 7285 7269 7306
f 7270 7290 7307
f 7286 7270 7307
f 7271 7291 7308
f 7287 7271 7308
f 7288 7272 7309
f 7272 7292 7309
f 7273 7294 7310
f 7289 7273 7310
f 7290 7274 7311
f 7274 7295 7311
f 7291 7275 7312
f 7275 7296 7312
f 7292 7276 7313
f 7276 7297 7313
f 7293 7277 7314
f 6890 7293 7314
f 7277 7298 7314
f 6891 6890 7314
f 7294 7278 7315
f 7278 7299 7315
f 7295 7279 7316
f 7279 7300 7316
f 7296 7280 7317
f 7280 7301 7317
f 7298 7281 7318
f 7281 7302 7318
f 7299 7282 7319
f 7282 7303 7319
f 7283 7304 7320
f 7300 7283 7320
f 7301 7284 7321
f 7284 7305 7321
f 7285 7306 7322
f 7302 7285 7322
f 7286 7307 7323
f 7303 7286 7323
f 7304 7287 7324
f 7287 7308 7324
f 7288 7309 7325
f 7305 7288 7325
f 7306 7289 7326
f 7289 7310 7326
f 7307 7290 7327
f 7290 7311 7327
f 7291 7312 7328
f 7308 7291 7328
f 7292 7313 7329
f 7309 7292 7329
f 7310 7294 7330
f 7294 7315 7330
f 7295 7316 7331
f 7311 7295 7331
f 7312 7296 7332
f 7296 7317 7332
f 6877 6878 7333
f 7297 6877 7333
f 7313 7297 7333
f 7298 7318 7334
f 7314 7298 7334
f 7299 7319 7335
f 7315 7299 7335
f 7300 7320 7336
f 7316 7300 7336
f 7317 7301 7337
f 7301 7321 7337
f 7318 7302 7338
f 7302 7322 7338
f 7319 7303 7339
f 7303 7323 7339
f 7304 7324 7340
f 7320 7304 7340
f 7305 7325 7341
f 7321 7305 7341
f 7322 7306 7342
f 7306 7326 7342
f 7307 7327 7343
f 7323 7307 7343
f 7324 7308 7344
f 7308 7328 7344
f 7309 7329 7345
f 7325 7309 7345
f 7326 7310 7346
f 7310 7330 7346
f 7327 7311 7347
f 7311 7331 7347
f 7328 7312 7348
f 7312 7332 7348
f 7313 7333 7349
f 7329 7313 7349
f 6892 6891 7350
f 7314 7334 7350
f 6891 7314 7350
f 7330 7315 7351
f 7315 7335 7351
f 7331 7316 7352
f 7316 7336 7352
f 7317 7337 7353
f 7332 7317 7353
f 6878 6879 7354
f 7333 6878 7354
f 7318 7338 7355
f 7334 7318 7355
f 7335 7319 7356
f 7319 7339 7356
f 7336 7320 7357
f 7320 7340 7357
f 7321 7341 7358
f 7337 7321 7358
f 7322 7342 7359
f 7338 7322 7359
f 7339 7323 7360
f 7323 7343 7360
f 7340 7324 7361
f 7324 7344 7361
f 7341 7325 7362
f 7325 7345 7362
f 7342 7326 7363
f 7326 7346 7363
f 7343 7327 7364
f 7327 7347 7364
f 7344 7328 7365
f 7328 7348 7365
f 7329 7349 7366
f 7345 7329 7366
f 7330 7351 7367
f 7346 7330 7367
f 7331 7352 7368
f 7347 7331 7368
f 7348 7332 7369
f 7332 7353 7369
f 7349 7333 7370
f 7333 7354 7370
f 6893 6892 7371
f 6892 7350 7371
f 7350 7334 7371
f 7334 7355 7371
f 7335 7356 7372
f 7351 7335 7372
f 7352 7336 7373
f 7336 7357 7373
f 7337 7358 7374
f 7353 7337 7374
f 7338 7359 7375
f 7355 7338 7375
f 7356 7339 7376
f 7339 7360 7376
f 7357 7340 7377
f 7340 7361 7377
f 7341 7362 7378
f 7358 7341 7378
f 7359 7342 7379
f 7342 7363 7379
f 7360 7343 7380
f 7343 7364 7380
f 7344 7365 7381
f 7361 7344 7381
f 7362 7345 7382
f 7345 7366 7382
f 7346 7367 7383
f 7363 7346 7383
f 7347 7368 7384
f 7364 7347 7384
f 7365 7348 7385
f 7348 7369 7385
f 7366 7349 7386
f 7349 7370 7386
f 7351 7372 7387
f 7367 7351 7387
f 7368 7352 7388
f 7352 7373 7388
f 7369 7353 7389
f 7353 7374 7389
f 6879 6880 7390
f 7370 7354 7390
f 7354 6879 7390
f 7371 7355 7391
f 7355 7375 7391
f 7372 7356 7392
f 7356 7376 7392
f 7373 7357 7393
f 7357 7377 7393
f 7374 7358 7394
f 7358 7378 7394
f 7359 7379 7395
f 7375 7359 7395
f 7376 7360 7396
f 7360 7380 7396
f 7361 7381 7397
f 7377 7361 7397
f 7378 7362 7398
f 7362 7382 7398
f 7363 7383 7399
f 7379 7363 7399
f 7364 7384 7400
f 7380 7364 7400
f 7381 7365 7401
f 7365 7385 7401
f 7382 7366 7402
f 7366 7386 7402
f 7383 7367 7403
f 7367 7387 7403
f 7384 7368 7404
f 7368 7388 7404
f 7385 7369 7405
f 7369 7389 7405
f 7370 7390 7406
f 7386 7370 7406
f 7371 7391 7407
f 6894 6893 7407
f 6893 7371 7407
f 7372 7392 7408
f 7387 7372 7408
f 7373 7393 7409
f 7388 7373 7409
f 7374 7394 7410
f 7389 7374 7410
f 7390 6880 7411
f 6880 6881 7411
f 7391 7375 7412
f 7375 7395 7412
f 7392 7376 7413
f 7376 7396 7413
f 7377 7397 7414
f 7393 7377 7414
f 7378 7398 7415
f 7394 7378 7415
f 7379 7399 7416
f 7395 7379 7416
f 7380 7400 7417
f 7396 7380 7417
f 7397 7381 7418
f 7381 7401 7418
f 7398 7382 7419
f 7382 7402 7419
f 7399 7383 7420
f 7383 7403 7420
f 7400 7384 7421
f 7384 7404 7421
f 7385 7405 7422
f 7401 7385 7422
f 7402 7386 7423
f 7386 7406 7423
f 7387 7408 7424
f 7403 7387 7424
f 7404 7388 7425
f 7388 7409 7425
f 7389 7410 7426
f 7405 7389 7426
f 7406 7390 7427
f 7390 7411 7427
f 7391 7412 7428
f 6895 6894 7428
f 6894 7407 7428
f 7407 7391 7428
f 7408 7392 7429
f 7392 7413 7429
f 7409 7393 7430
f 7393 7414 7430
f 7394 7415 7431
f 7410 7394 7431
f 7412 7395 7432
f 7395 7416 7432
f 7413 7396 7433
f 7396 7417 7433
f 7397 7418 7434
f 7414 7397 7434
f 7398 7419 7435
f 7415 7398 7435
f 7416 7399 7436
f 7399 7420 7436
f 7417 7400 7437
f 7400 7421 7437
f 7418 7401 7438
f 7401 7422 7438
f 7419 7402 7439
f 7402 7423 7439
f 7403 7424 7440
f 7420 7403 7440
f 7421 7404 7441
f 7404 7425 7441
f 7422 7405 7442
f 7405 7426 7442
f 7406 7427 7443
f 7423 7406 7443
f 7424 7408 7444
f 7408 7429 7444
f 7409 7430 7445
f 7425 7409 7445
f 7410 7431 7446
f 7426 7410 7446
f 6881 6882 7447
f 7427 7411 7447
f 7411 6881 7447
f 7412 7432 7448
f 7428 7412 7448
f 7429 7413 7449
f 7413 7433 7449
f 7430 7414 7450
f 7414 7434 7450
f 7431 7415 7451
f 7415 7435 7451
f 7432 7416 7452
f 7416 7436 7452
f 7433 7417 7453
f 7417 7437 7453
f 7434 7418 7454
f 7418 7438 7454
f 7419 7439 7455
f 7435 7419 7455
f 7436 7420 7456
f 7420 7440 7456
f 7437 7421 7457
f 7421 7441 7457
f 7438 7422 7458
f 7422 7442 7458
f 7423 7443 7459
f 7439 7423 7459
f 7440 7424 7460
f 7424 7444 7460
f 7425 7445 7461
f 7441 7425 7461
f 7426 7446 7462
f 7442 7426 7462
f 7443 7427 7463
f 7427 7447 7463
f 6895 7428 7464
f 6896 6895 7464
f 7428 7448 7464
f 7429 7449 7465
f 7444 7429 7465
f 7445 7430 7466
f 7430 7450 7466
f 7431 7451 7467
f 7446 7431 7467
f 6882 6883 7468
f 7447 6882 7468
f 7432 7452 7469
f 7448 7432 7469
f 7433 7453 7470
f 7449 7433 7470
f 7450 7434 7471
f 7434 7454 7471
f 7451 7435 7472
f 7435 7455 7472
f 7452 7436 7473
f 7436 7456 7473
f 7453 7437 7474
f 7437 7457 7474
f 7454 7438 7475
f 7438 7458 7475
f 7455 7439 7476
f 7439 7459 7476
f 7440 7460 7477
f 7456 7440 7477
f 7457 7441 7478
f 7441 7461 7478
f 7458 7442 7479
f 7442 7462 7479
f 7443 7463 7480
f 7459 7443 7480
f 7460 7444 7481
f 7444 7465 7481
f 7445 7466 7482
f 7461 7445 7482
f 7446 7467 7483
f 7462 7446 7483
f 7447 7468 7484
f 7463 7447 7484
f 6896 7464 7485
f 7464 7448 7485
f 7448 7469 7485
f 6897 6896 7485
f 7465 7449 7486
f 7449 7470 7486
f 7450 7471 7487
f 7466 7450 7487
f 7467 7451 7488
f 7451 7472 7488
f 7452 7473 7489
f 7469 7452 7489
f 7470 7453 7490
f 7453 7474 7490
f 7471 7454 7491
f 7454 7475 7491
f 7472 7455 7492
f 7455 7476 7492
f 7473 7456 7493
f 7456 7477 7493
f 7457 7478 7494
f 7474 7457 7494
f 7458 7479 7495
f 7475 7458 7495
f 7476 7459 7496
f 7459 7480 7496
f 7477 7460 7497
f 7460 7481 7497
f 7478 7461 7498
f 7461 7482 7498
f 7462 7483 7499
f 7479 7462 7499
f 7480 7463 7500
f 7463 7484 7500
f 7481 7465 7501
f 7465 7486 7501
f 7466 7487 7502
f 7482 7466 7502
f 7483 7467 7503
f 7467 7488 7503
f 6883 6884 7504
f 6884 6913 7504
f 7484 7468 7504
f 7468 6883 7504
f 7485 7469 7505
f 7469 7489 7505
f 7486 7470 7506
f 7470 7490 7506
f 7471 7491 7507
f 7487 7471 7507
f 7472 7492 7508
f 7488 7472 7508
f 7489 7473 7509
f 7473 7493 7509
f 7474 7494 7510
f 7490 7474 7510
f 7475 7495 7511
f 7491 7475 7511
f 7492 7476 7512
f 7476 7496 7512
f 7493 7477 7513
f 7477 7497 7513
f 7478 7498 7514
f 7494 7478 7514
f 7495 7479 7515
f 7479 7499 7515
f 7496 7480 7516
f 7480 7500 7516
f 7497 7481 7517
f 7481 7501 7517
f 7498 7482 7518
f 7482 7502 7518
f 7483 7503 7519
f 7499 7483 7519
f 7484 7504 7520
f 6913 6914 7520
f 7504 6913 7520
f 7500 7484 7520
f 6898 6897 7521
f 7485 7505 7521
f 6897 7485 7521
f 7501 7486 7522
f 7486 7506 7522
f 7502 7487 7523
f 7487 7507 7523
f 7503 7488 7524
f 7488 7508 7524
f 7505 7489 7525
f 7489 7509 7525
f 7506 7490 7526
f 7490 7510 7526
f 7507 7491 7527
f 7491 7511 7527
f 7508 7492 7528
f 7492 7512 7528
f 7493 7513 7529
f 7509 7493 7529
f 7494 7514 7530
f 7510 7494 7530
f 7495 7515 7531
f 7511 7495 7531
f 7512 7496 7532
f 7496 7516 7532
f 7497 7517 7533
f 7513 7497 7533
f 7498 7518 7534
f 7514 7498 7534
f 7499 7519 7535
f 7515 7499 7535
f 6914 6915 7536
f 7516 7500 7536
f 7520 6914 7536
f 7500 7520 7536
f 7501 7522 7537
f 7517 7501 7537
f 7502 7523 7538
f 7518 7502 7538
f 7519 7503 7539
f 7503 7524 7539
f 7505 7525 7540
f 6898 7521 7540
f 7521 7505 7540
f 7506 7526 7541
f 7522 7506 7541
f 7523 7507 7542
f 7507 7527 7542
f 7508 7528 7543
f 7524 7508 7543
f 7525 7509 7544
f 7509 7529 7544
f 7510 7530 7545
f 7526 7510 7545
f 7527 7511 7546
f 7511 7531 7546
f 7512 7532 7547
f 7528 7512 7547
f 7529 7513 7548
f 7513 7533 7548
f 7530 7514 7549
f 7514 7534 7549
f 7515 7535 7550
f 7531 7515 7550
f 7532 7516 7551
f 7536 6915 7551
f 6915 6916 7551
f 7516 7536 7551
f 7533 7517 7552
f 7517 7537 7552
f 7518 7538 7553
f 7534 7518 7553
f 7535 7519 7554
f 7519 7539 7554
f 7522 7541 7555
f 7537 7522 7555
f 7523 7542 7556
f 7538 7523 7556
f 7539 7524 7557
f 7524 7543 7557
f 7540 7525 7558
f 7525 7544 7558
f 7541 7526 7559
f 7526 7545 7559
f 7542 7527 7560
f 7527 7546 7560
f 7528 7547 7561
f 7543 7528 7561
f 7529 7548 7562
f 7544 7529 7562
f 7545 7530 7563
f 7530 7549 7563
f 7546 7531 7564
f 7531 7550 7564
f 7547 7532 7565
f 6916 6917 7565
f 7532 7551 7565
f 7551 6916 7565
f 7533 7552 7566
f 7548 7533 7566
f 7549 7534 7567
f 7534 7553 7567
f 7550 7535 7568
f 7535 7554 7568
f 7552 7537 7569
f 7537 7555 7569
f 7553 7538 7570
f 7538 7556 7570
f 7554 7539 7571
f 7539 7557 7571
f 6899 6898 7572
f 6898 7540 7572
f 7540 7558 7572
f 7541 7559 7573
f 7555 7541 7573
f 7556 7542 7574
f 7542 7560 7574
f 7557 7543 7575
f 7543 7561 7575
f 7558 7544 7576
f 7544 7562 7576
f 7559 7545 7577
f 7545 7563 7577
f 7560 7546 7578
f 7546 7564 7578
f 7561 7547 7579
f 7565 6917 7579
f 6917 6918 7579
f 7547 7565 7579
f 7548 7566 7580
f 7562 7548 7580
f 7549 7567 7581
f 7563 7549 7581
f 7564 7550 7582
f 7550 7568 7582
f 7552 7569 7583
f 7566 7552 7583
f 7567 7553 7584
f 7553 7570 7584
f 7554 7571 7585
f 7568 7554 7585
f 7569 7555 7586
f 7555 7573 7586
f 7556 7574 7587
f 7570 7556 7587
f 7557 7575 7588
f 7571 7557 7588
f 6899 7572 7589
f 6900 6899 7589
f 7572 7558 7589
f 7558 7576 7589
f 7559 7577 7590
f 7573 7559 7590
f 7574 7560 7591
f 7560 7578 7591
f 7575 7561 7592
f 6918 6919 7592
f 7579 6918 7592
f 7561 7579 7592
f 7576 7562 7593
f 7562 7580 7593
f 7563 7581 7594
f 7577 7563 7594
f 7564 7582 7595
f 7578 7564 7595
f 7566 7583 7596
f 7580 7566 7596
f 7567 7584 7597
f 7581 7567 7597
f 7582 7568 7598
f 7568 7585 7598
f 7569 7586 7599
f 7583 7569 7599
f 7570 7587 7600
f 7584 7570 7600
f 7585 7571 7601
f 7571 7588 7601
f 7586 7573 7602
f 7573 7590 7602
f 7587 7574 7603
f 7574 7591 7603
f 7588 7575 7604
f 7575 7592 7604
f 7592 6919 7604
f 6919 6920 7604
f 7589 7576 7605
f 7576 7593 7605
f 7577 7594 7606
f 7590 7577 7606
f 7578 7595 7607
f 7591 7578 7607
f 7593 7580 7608
f 7580 7596 7608
f 7581 7597 7609
f 7594 7581 7609
f 7595 7582 7610
f 7582 7598 7610
f 7596 7583 7611
f 7583 7599 7611
f 7597 7584 7612
f 7584 7600 7612
f 7598 7585 7613
f 7585 7601 7613
f 7599 7586 7614
f 7586 7602 7614
f 7587 7603 7615
f 7600 7587 7615
f 7588 7604 7616
f 7601 7588 7616
f 7604 6920 7616
f 6920 6921 7616
f 7589 7605 7617
f 6901 6900 7617
f 6900 7589 7617
f 7602 7590 7618
f 7590 7606 7618
f 7603 7591 7619
f 7591 7607 7619
f 7605 7593 7620
f 7593 7608 7620
f 7594 7609 7621
f 7606 7594 7621
f 7595 7610 7622
f 7607 7595 7622
f 7596 7611 7623
f 7608 7596 7623
f 7609 7597 7624
f 7597 7612 7624
f 7598 7613 7625
f 7610 7598 7625
f 7599 7614 7626
f 7611 7599 7626
f 7600 7615 7627
f 7612 7600 7627
f 7601 7616 7628
f 6921 6922 7628
f 7616 6921 7628
f 7613 7601 7628
f 7614 7602 7629
f 7602 7618 7629
f 7615 7603 7630
f 7603 7619 7630
f 7605 7620 7631
f 6902 6901 7631
f 7617 7605 7631
f 6901 7617 7631
f 7618 7606 7632
f 7606 7621 7632
f 7607 7622 7633
f 7619 7607 7633
f 7620 7608 7634
f 7608 7623 7634
f 7609 7624 7635
f 7621 7609 7635
f 7622 7610 7636
f 7610 7625 7636
f 7611 7626 7637
f 7623 7611 7637
f 7624 7612 7638
f 7612 7627 7638
f 7628 6922 7639
f 7625 7613 7639
f 6922 6923 7639
f 7613 7628 7639
f 7614 7629 7640
f 7626 7614 7640
f 7615 7630 7641
f 7627 7615 7641
f 7618 7632 7642
f 7629 7618 7642
f 7619 7633 7643
f 7630 7619 7643
f 7631 7620 7644
f 7620 7634 7644
f 7632 7621 7645
f 7621 7635 7645
f 7622 7636 7646
f 7633 7622 7646
f 7623 7637 7647
f 7634 7623 7647
f 7635 7624 7648
f 7624 7638 7648
f 7625 7639 7649
f 7636 7625 7649
f 7639 6923 7649
f 6923 6924 7649
f 7637 7626 7650
f 7626 7640 7650
f 7638 7627 7651
f 7627 7641 7651
f 7640 7629 7652
f 7629 7642 7652
f 7641 7630 7653
f 7630 7643 7653
f 6902 7631 7654
f 6903 6902 7654
f 7631 7644 7654
f 7632 7645 7655
f 7642 7632 7655
f 7633 7646 7656
f 7643 7633 7656
f 7644 7634 7657
f 7634 7647 7657
f 7635 7648 7658
f 7645 7635 7658
f 6924 6925 7659
f 7636 7649 7659
f 7649 6924 7659
f 7646 7636 7659
f 7637 7650 7660
f 7647 7637 7660
f 7648 7638 7661
f 7638 7651 7661
f 7650 7640 7662
f 7640 7652 7662
f 7651 7641 7663
f 7641 7653 7663
f 7652 7642 7664
f 7642 7655 7664
f 7643 7656 7665
f 7653 7643 7665
f 6904 6903 7666
f 6903 7654 7666
f 7654 7644 7666
f 7644 7657 7666
f 7655 7645 7667
f 7645 7658 7667
f 7646 7659 7668
f 7659 6925 7668
f 7656 7646 7668
f 7657 7647 7669
f 7647 7660 7669
f 7658 7648 7670
f 7648 7661 7670
f 7660 7650 7671
f 7650 7662 7671
f 7661 7651 7672
f 7651 7663 7672
f 7662 7652 7673
f 7652 7664 7673
f 7653 7665 7674
f 7663 7653 7674
f 7664 7655 7675
f 7655 7667 7675
f 7665 7656 7676
f 7668 6925 7676
f 6925 6926 7676
f 7656 7668 7676
f 7657 7669 7677
f 7666 7657 7677
f 7658 7670 7678
f 7667 7658 7678
f 7669 7660 7679
f 7660 7671 7679
f 7661 7672 7680
f 7670 7661 7680
f 7662 7673 7681
f 7671 7662 7681
f 7672 7663 7682
f 7663 7674 7682
f 7664 7675 7683
f 7673 7664 7683
f 7665 7676 7684
f 7676 6926 7684
f 6926 6927 7684
f 7674 7665 7684
f 6904 7666 7685
f 7666 7677 7685
f 6905 6904 7685
f 7667 7678 7686
f 7675 7667 7686
f 7677 7669 7687
f 7669 7679 7687
f 7678 7670 7688
f 7670 7680 7688
f 7679 7671 7689
f 7671 7681 7689
f 7680 7672 7690
f 7672 7682 7690
f 7673 7683 7691
f 7681 7673 7691
f 6927 6928 7692
f 7684 6927 7692
f 7674 7684 7692
f 7682 7674 7692
f 7683 7675 7693
f 7675 7686 7693
f 6906 6905 7694
f 7677 7687 7694
f 7685 7677 7694
f 6905 7685 7694
f 7686 7678 7695
f 7678 7688 7695
f 7679 7689 7696
f 7687 7679 7696
f 7680 7690 7697
f 7688 7680 7697
f 7689 7681 7698
f 7681 7691 7698
f 7692 6928 7699
f 7690 7682 7699
f 7682 7692 7699
f 6928 6929 7699
f 7691 7683 7700
f 7683 7693 7700
f 7693 7686 7701
f 7686 7695 7701
f 7694 7687 7702
f 7687 7696 7702
f 7695 7688 7703
f 7688 7697 7703
f 7696 7689 7704
f 7689 7698 7704
f 7690 7699 7705
f 7699 6929 7705
f 6929 6930 7705
f 7697 7690 7705
f 7698 7691 7706
f 7691 7700 7706
f 7693 7701 7707
f 7700 7693 7707
f 6907 6906 7708
f 6906 7694 7708
f 7694 7702 7708
f 7695 7703 7709
f 7701 7695 7709
f 7702 7696 7710
f 7696 7704 7710
f 7703 7697 7711
f 7697 7705 7711
f 7705 6930 7711
f 6930 6931 7711
f 7704 7698 7712
f 7698 7706 7712
f 7700 7707 7713
f 7706 7700 7713
f 7701 7709 7714
f 7707 7701 7714
f 6907 7708 7715
f 7702 7710 7715
f 7708 7702 7715
f 6908 6907 7715
f 7709 7703 7716
f 7711 6931 7716
f 6931 6932 7716
f 7703 7711 7716
f 7704 7712 7717
f 7710 7704 7717
f 7706 7713 7718
f 7712 7706 7718
f 7713 7707 7719
f 7707 7714 7719
f 7714 7709 7720
f 7709 7716 7720
f 7716 6932 7720
f 6932 6933 7720
f 7715 7710 7721
f 7710 7717 7721
f 7712 7718 7722
f 7717 7712 7722
f 7713 7719 7723
f 7718 7713 7723
f 7714 7720 7724
f 7719 7714 7724
f 6933 6934 7724
f 7720 6933 7724
f 6909 6908 7725
f 6908 7715 7725
f 7715 7721 7725
f 7721 7717 7726
f 7717 7722 7726
f 7722 7718 7727
f 7718 7723 7727
f 7724 6934 7728
f 6934 6935 7728
f 7723 7719 7728
f 7719 7724 7728
f 6910 6909 7729
f 6909 7725 7729
f 7725 7721 7729
f 7721 7726 7729
f 7722 7727 7730
f 7726 7722 7730
f 7727 7723 7731
f 7728 6935 7731
f 6935 6936 7731
f 7723 7728 7731
f 7729 7726 7732
f 7726 7730 7732
f 7731 6936 7733
f 7727 7731 7733
f 7730 7727 7733
f 6936 6937 7733
f 7729 7732 7734
f 6911 6910 7734
f 6910 7729 7734
f 7730 7733 7735
f 7732 7730 7735
f 7733 6937 7735
f 6937 6938 7735
f 7732 7735 7736
f 7734 7732 7736
f 6911 7734 7736
f 7735 6938 7736
f 6912 6911 7736
f 6938 6912 7736
