v 0.005000 0.006000 0.000000
v 0.005000 0.006000 0.019220
v 0.005000 0.009000 0.000000
v 0.005000 0.009000 0.095000
v 0.005000 0.006000 0.095000
v 0.005000 0.006000 0.075780
v 0.005000 0.006200 0.075780
v 0.005000 0.006200 0.057660
v 0.005000 0.006000 0.057660
v 0.005000 0.006000 0.037340
v 0.005000 0.006200 0.037340
v 0.005000 0.006200 0.019220
v 0.005000 0.006000 0.095000
v 0.035000 0.006000 0.095000
v 0.035000 0.006000 0.000000
v 0.005000 0.006000 0.000000
v 0.005000 0.006000 0.019220
v 0.006700 0.006000 0.019220
v 0.006700 0.006000 0.037340
v 0.005000 0.006000 0.037340
v 0.005000 0.006000 0.057660
v 0.006700 0.006000 0.057660
v 0.006700 0.006000 0.075780
v 0.005000 0.006000 0.075780
v 0.003700 0.004723 0.019220
v 0.003700 0.006200 0.019220
v 0.004472 0.004000 0.019220
v 0.004570 0.003887 0.019220
v 0.004666 0.003772 0.019220
v 0.004758 0.003655 0.019220
v 0.004848 0.003535 0.019220
v 0.004935 0.003413 0.019220
v 0.005018 0.003289 0.019220
v 0.005099 0.003163 0.019220
v 0.005176 0.003035 0.019220
v 0.005250 0.002905 0.019220
v 0.005321 0.002773 0.019220
v 0.005388 0.002640 0.019220
v 0.005452 0.002505 0.019220
v 0.005513 0.002368 0.019220
v 0.005570 0.002230 0.019220
v 0.005624 0.002090 0.019220
v 0.005674 0.001950 0.019220
v 0.005721 0.001807 0.019220
v 0.005765 0.001664 0.019220
v 0.005804 0.001520 0.019220
v 0.005840 0.001375 0.019220
v 0.005873 0.001229 0.019220
v 0.005902 0.001082 0.019220
v 0.005927 0.000935 0.019220
v 0.005948 0.000787 0.019220
v 0.005966 0.000638 0.019220
v 0.005980 0.000490 0.019220
v 0.005990 0.000340 0.019220
v 0.005997 0.000191 0.019220
v 0.006000 0.000041 0.019220
v 0.005999 -0.000108 0.019220
v 0.005994 -0.000258 0.019220
v 0.005986 -0.000407 0.019220
v 0.005974 -0.000556 0.019220
v 0.005958 -0.000705 0.019220
v 0.005939 -0.000853 0.019220
v 0.005916 -0.001001 0.019220
v 0.005889 -0.001148 0.019220
v 0.005859 -0.001294 0.019220
v 0.005825 -0.001440 0.019220
v 0.005787 -0.001585 0.019220
v 0.005746 -0.001728 0.019220
v 0.005701 -0.001871 0.019220
v 0.005652 -0.002012 0.019220
v 0.005601 -0.002153 0.019220
v 0.005545 -0.002292 0.019220
v 0.005486 -0.002429 0.019220
v 0.005424 -0.002565 0.019220
v 0.005358 -0.002699 0.019220
v 0.005289 -0.002832 0.019220
v 0.005217 -0.002963 0.019220
v 0.005142 -0.003092 0.019220
v 0.005063 -0.003219 0.019220
v 0.004981 -0.003345 0.019220
v 0.004896 -0.003468 0.019220
v 0.004808 -0.003589 0.019220
v 0.004718 -0.003707 0.019220
v 0.004624 -0.003824 0.019220
v 0.004527 -0.003938 0.019220
v 0.004427 -0.004049 0.019220
v 0.004325 -0.004159 0.019220
v 0.004220 -0.004265 0.019220
v 0.004112 -0.004369 0.019220
v 0.004002 -0.004470 0.019220
v 0.003890 -0.004568 0.019220
v 0.003775 -0.004664 0.019220
v 0.003657 -0.004757 0.019220
v 0.003538 -0.004846 0.019220
v 0.003416 -0.004933 0.019220
v 0.003292 -0.005016 0.019220
v 0.003166 -0.005097 0.019220
v 0.003038 -0.005174 0.019220
v 0.002908 -0.005248 0.019220
v 0.002776 -0.005319 0.019220
v 0.002643 -0.005387 0.019220
v 0.002508 -0.005451 0.019220
v 0.002371 -0.005512 0.019220
v 0.002233 -0.005569 0.019220
v 0.002093 -0.005623 0.019220
v 0.001952 -0.005673 0.019220
v 0.001810 -0.005720 0.019220
v 0.001667 -0.005764 0.019220
v 0.001523 -0.005803 0.019220
v 0.001378 -0.005840 0.019220
v 0.001232 -0.005872 0.019220
v 0.001085 -0.005901 0.019220
v 0.000938 -0.005926 0.019220
v 0.000790 -0.005948 0.019220
v 0.000642 -0.005966 0.019220
v 0.000493 -0.005980 0.019220
v 0.000343 -0.005990 0.019220
v 0.000194 -0.005997 0.019220
v 0.000045 -0.006000 0.019220
v -0.000105 -0.005999 0.019220
v -0.000254 -0.005995 0.019220
v -0.000404 -0.005986 0.019220
v -0.000553 -0.005974 0.019220
v -0.000702 -0.005959 0.019220
v -0.000850 -0.005940 0.019220
v -0.000998 -0.005916 0.019220
v -0.001145 -0.005890 0.019220
v -0.001291 -0.005859 0.019220
v -0.001437 -0.005825 0.019220
v -0.001582 -0.005788 0.019220
v -0.001725 -0.005747 0.019220
v -0.001868 -0.005702 0.019220
v -0.002010 -0.005653 0.019220
v -0.002150 -0.005602 0.019220
v -0.002289 -0.005546 0.019220
v -0.002426 -0.005488 0.019220
v -0.002562 -0.005425 0.019220
v -0.002697 -0.005360 0.019220
v -0.002829 -0.005291 0.019220
v -0.002960 -0.005219 0.019220
v -0.003090 -0.005143 0.019220
v -0.003217 -0.005065 0.019220
v -0.003342 -0.004983 0.019220
v -0.003465 -0.004898 0.019220
v -0.003586 -0.004810 0.019220
v -0.003705 -0.004719 0.019220
v -0.003821 -0.004626 0.019220
v -0.003936 -0.004529 0.019220
v -0.004047 -0.004430 0.019220
v -0.004156 -0.004327 0.019220
v -0.004263 -0.004222 0.019220
v -0.004367 -0.004115 0.019220
v -0.004468 -0.004005 0.019220
v -0.004566 -0.003892 0.019220
v -0.004662 -0.003777 0.019220
v -0.004755 -0.003660 0.019220
v -0.004844 -0.003540 0.019220
v -0.004931 -0.003418 0.019220
v -0.005015 -0.003294 0.019220
v -0.005095 -0.003168 0.019220
v -0.005173 -0.003040 0.019220
v -0.005247 -0.002910 0.019220
v -0.005318 -0.002779 0.019220
v -0.005385 -0.002645 0.019220
v -0.005450 -0.002510 0.019220
v -0.005510 -0.002374 0.019220
v -0.005568 -0.002236 0.019220
v -0.005622 -0.002096 0.019220
v -0.005672 -0.001955 0.019220
v -0.005719 -0.001813 0.019220
v -0.005763 -0.001670 0.019220
v -0.005803 -0.001526 0.019220
v -0.005839 -0.001381 0.019220
v -0.005871 -0.001235 0.019220
v -0.005900 -0.001088 0.019220
v -0.005926 -0.000941 0.019220
v -0.005947 -0.000793 0.019220
v -0.005965 -0.000645 0.019220
v -0.005979 -0.000496 0.019220
v -0.005990 -0.000347 0.019220
v -0.005997 -0.000197 0.019220
v -0.006000 -0.000048 0.019220
v -0.005999 0.000102 0.019220
v -0.005995 0.000251 0.019220
v -0.005987 0.000401 0.019220
v -0.005975 0.000550 0.019220
v -0.005959 0.000698 0.019220
v -0.005940 0.000847 0.019220
v -0.005917 0.000995 0.019220
v -0.005890 0.001142 0.019220
v -0.005860 0.001288 0.019220
v -0.005826 0.001434 0.019220
v -0.005789 0.001579 0.019220
v -0.005747 0.001722 0.019220
v -0.005703 0.001865 0.019220
v -0.005655 0.002007 0.019220
v -0.005603 0.002147 0.019220
v -0.005548 0.002286 0.019220
v -0.005489 0.002423 0.019220
v -0.005427 0.002559 0.019220
v -0.005361 0.002694 0.019220
v -0.005292 0.002827 0.019220
v -0.005220 0.002958 0.019220
v -0.005145 0.003087 0.019220
v -0.005066 0.003214 0.019220
v -0.004985 0.003339 0.019220
v -0.004900 0.003463 0.019220
v -0.004812 0.003584 0.019220
v -0.004721 0.003702 0.019220
v -0.004628 0.003819 0.019220
v -0.004531 0.003933 0.019220
v -0.004432 0.004045 0.019220
v -0.004329 0.004154 0.019220
v -0.004225 0.004261 0.019220
v -0.004117 0.004365 0.019220
v -0.004007 0.004466 0.019220
v -0.003894 0.004564 0.019220
v -0.003780 0.004660 0.019220
v -0.003662 0.004753 0.019220
v -0.003543 0.004843 0.019220
v -0.003421 0.004929 0.019220
v -0.003297 0.005013 0.019220
v -0.003171 0.005094 0.019220
v -0.003043 0.005171 0.019220
v -0.002913 0.005245 0.019220
v -0.002782 0.005316 0.019220
v -0.002648 0.005384 0.019220
v -0.002513 0.005448 0.019220
v -0.002377 0.005509 0.019220
v -0.002239 0.005567 0.019220
v -0.002099 0.005621 0.019220
v -0.001958 0.005671 0.019220
v -0.001816 0.005718 0.019220
v -0.001673 0.005762 0.019220
v -0.001529 0.005802 0.019220
v -0.001384 0.005838 0.019220
v -0.001238 0.005871 0.019220
v -0.001092 0.005900 0.019220
v -0.000944 0.005925 0.019220
v -0.000796 0.005947 0.019220
v -0.000648 0.005965 0.019220
v -0.000499 0.005979 0.019220
v -0.000350 0.005990 0.019220
v -0.000200 0.005997 0.019220
v -0.000051 0.006000 0.019220
v 0.000099 0.005999 0.019220
v 0.000248 0.005995 0.019220
v 0.000398 0.005987 0.019220
v 0.000547 0.005975 0.019220
v 0.000695 0.005960 0.019220
v 0.000844 0.005940 0.019220
v 0.000991 0.005918 0.019220
v 0.001139 0.005891 0.019220
v 0.001285 0.005861 0.019220
v 0.001431 0.005827 0.019220
v 0.001576 0.005789 0.019220
v 0.001719 0.005748 0.019220
v 0.001862 0.005704 0.019220
v 0.002004 0.005656 0.019220
v 0.002144 0.005604 0.019220
v 0.002283 0.005549 0.019220
v 0.002421 0.005490 0.019220
v 0.002557 0.005428 0.019220
v 0.002691 0.005363 0.019220
v 0.002824 0.005294 0.019220
v 0.002955 0.005222 0.019220
v 0.003084 0.005147 0.019220
v 0.003211 0.005068 0.019220
v 0.003337 0.004987 0.019220
v 0.003460 0.004902 0.019220
v 0.003581 0.004814 0.019220
v 0.006700 0.004000 0.019220
v 0.006700 0.006000 0.019220
v 0.005000 0.006000 0.019220
v 0.005000 0.006200 0.019220
v 0.003300 0.000000 0.019220
v 0.003299 0.000082 0.019220
v 0.003296 0.000164 0.019220
v 0.003291 0.000247 0.019220
v 0.003284 0.000329 0.019220
v 0.003274 0.000410 0.019220
v 0.003263 0.000492 0.019220
v 0.003250 0.000573 0.019220
v 0.003235 0.000654 0.019220
v 0.003217 0.000734 0.019220
v 0.003198 0.000814 0.019220
v 0.003177 0.000894 0.019220
v 0.003153 0.000973 0.019220
v 0.003128 0.001051 0.019220
v 0.003101 0.001129 0.019220
v 0.003072 0.001206 0.019220
v 0.003041 0.001282 0.019220
v 0.003008 0.001357 0.019220
v 0.002973 0.001432 0.019220
v 0.002937 0.001505 0.019220
v 0.002898 0.001578 0.019220
v 0.002858 0.001650 0.019220
v 0.002816 0.001721 0.019220
v 0.002772 0.001790 0.019220
v 0.002727 0.001859 0.019220
v 0.002679 0.001926 0.019220
v 0.002631 0.001993 0.019220
v 0.002580 0.002058 0.019220
v 0.002528 0.002121 0.019220
v 0.002474 0.002184 0.019220
v 0.002419 0.002245 0.019220
v 0.002362 0.002304 0.019220
v 0.002304 0.002362 0.019220
v 0.002245 0.002419 0.019220
v 0.002184 0.002474 0.019220
v 0.002121 0.002528 0.019220
v 0.002058 0.002580 0.019220
v 0.001993 0.002631 0.019220
v 0.001926 0.002679 0.019220
v 0.001859 0.002727 0.019220
v 0.001790 0.002772 0.019220
v 0.001721 0.002816 0.019220
v 0.001650 0.002858 0.019220
v 0.001578 0.002898 0.019220
v 0.001505 0.002937 0.019220
v 0.001432 0.002973 0.019220
v 0.001357 0.003008 0.019220
v 0.001282 0.003041 0.019220
v 0.001206 0.003072 0.019220
v 0.001129 0.003101 0.019220
v 0.001051 0.003128 0.019220
v 0.000973 0.003153 0.019220
v 0.000894 0.003177 0.019220
v 0.000814 0.003198 0.019220
v 0.000734 0.003217 0.019220
v 0.000654 0.003235 0.019220
v 0.000573 0.003250 0.019220
v 0.000492 0.003263 0.019220
v 0.000410 0.003274 0.019220
v 0.000329 0.003284 0.019220
v 0.000247 0.003291 0.019220
v 0.000164 0.003296 0.019220
v 0.000082 0.003299 0.019220
v 0.000000 0.003300 0.019220
v -0.000082 0.003299 0.019220
v -0.000164 0.003296 0.019220
v -0.000247 0.003291 0.019220
v -0.000329 0.003284 0.019220
v -0.000410 0.003274 0.019220
v -0.000492 0.003263 0.019220
v -0.000573 0.003250 0.019220
v -0.000654 0.003235 0.019220
v -0.000734 0.003217 0.019220
v -0.000814 0.003198 0.019220
v -0.000894 0.003177 0.019220
v -0.000973 0.003153 0.019220
v -0.001051 0.003128 0.019220
v -0.001129 0.003101 0.019220
v -0.001206 0.003072 0.019220
v -0.001282 0.003041 0.019220
v -0.001357 0.003008 0.019220
v -0.001432 0.002973 0.019220
v -0.001505 0.002937 0.019220
v -0.001578 0.002898 0.019220
v -0.001650 0.002858 0.019220
v -0.001721 0.002816 0.019220
v -0.001790 0.002772 0.019220
v -0.001859 0.002727 0.019220
v -0.001926 0.002679 0.019220
v -0.001993 0.002631 0.019220
v -0.002058 0.002580 0.019220
v -0.002121 0.002528 0.019220
v -0.002184 0.002474 0.019220
v -0.002245 0.002419 0.019220
v -0.002304 0.002362 0.019220
v -0.002362 0.002304 0.019220
v -0.002419 0.002245 0.019220
v -0.002474 0.002184 0.019220
v -0.002528 0.002121 0.019220
v -0.002580 0.002058 0.019220
v -0.002631 0.001993 0.019220
v -0.002679 0.001926 0.019220
v -0.002727 0.001859 0.019220
v -0.002772 0.001790 0.019220
v -0.002816 0.001721 0.019220
v -0.002858 0.001650 0.019220
v -0.002898 0.001578 0.019220
v -0.002937 0.001505 0.019220
v -0.002973 0.001432 0.019220
v -0.003008 0.001357 0.019220
v -0.003041 0.001282 0.019220
v -0.003072 0.001206 0.019220
v -0.003101 0.001129 0.019220
v -0.003128 0.001051 0.019220
v -0.003153 0.000973 0.019220
v -0.003177 0.000894 0.019220
v -0.003198 0.000814 0.019220
v -0.003217 0.000734 0.019220
v -0.003235 0.000654 0.019220
v -0.003250 0.000573 0.019220
v -0.003263 0.000492 0.019220
v -0.003274 0.000410 0.019220
v -0.003284 0.000329 0.019220
v -0.003291 0.000247 0.019220
v -0.003296 0.000164 0.019220
v -0.003299 0.000082 0.019220
v -0.003300 -0.000000 0.019220
v -0.003299 -0.000082 0.019220
v -0.003296 -0.000164 0.019220
v -0.003291 -0.000247 0.019220
v -0.003284 -0.000329 0.019220
v -0.003274 -0.000410 0.019220
v -0.003263 -0.000492 0.019220
v -0.003250 -0.000573 0.019220
v -0.003235 -0.000654 0.019220
v -0.003217 -0.000734 0.019220
v -0.003198 -0.000814 0.019220
v -0.003177 -0.000894 0.019220
v -0.003153 -0.000973 0.019220
v -0.003128 -0.001051 0.019220
v -0.003101 -0.001129 0.019220
v -0.003072 -0.001206 0.019220
v -0.003041 -0.001282 0.019220
v -0.003008 -0.001357 0.019220
v -0.002973 -0.001432 0.019220
v -0.002937 -0.001505 0.019220
v -0.002898 -0.001578 0.019220
v -0.002858 -0.001650 0.019220
v -0.002816 -0.001721 0.019220
v -0.002772 -0.001790 0.019220
v -0.002727 -0.001859 0.019220
v -0.002679 -0.001926 0.019220
v -0.002631 -0.001993 0.019220
v -0.002580 -0.002058 0.019220
v -0.002528 -0.002121 0.019220
v -0.002474 -0.002184 0.019220
v -0.002419 -0.002245 0.019220
v -0.002362 -0.002304 0.019220
v -0.002304 -0.002362 0.019220
v -0.002245 -0.002419 0.019220
v -0.002184 -0.002474 0.019220
v -0.002121 -0.002528 0.019220
v -0.002058 -0.002580 0.019220
v -0.001993 -0.002631 0.019220
v -0.001926 -0.002679 0.019220
v -0.001859 -0.002727 0.019220
v -0.001790 -0.002772 0.019220
v -0.001721 -0.002816 0.019220
v -0.001650 -0.002858 0.019220
v -0.001578 -0.002898 0.019220
v -0.001505 -0.002937 0.019220
v -0.001432 -0.002973 0.019220
v -0.001357 -0.003008 0.019220
v -0.001282 -0.003041 0.019220
v -0.001206 -0.003072 0.019220
v -0.001129 -0.003101 0.019220
v -0.001051 -0.003128 0.019220
v -0.000973 -0.003153 0.019220
v -0.000894 -0.003177 0.019220
v -0.000814 -0.003198 0.019220
v -0.000734 -0.003217 0.019220
v -0.000654 -0.003235 0.019220
v -0.000573 -0.003250 0.019220
v -0.000492 -0.003263 0.019220
v -0.000410 -0.003274 0.019220
v -0.000329 -0.003284 0.019220
v -0.000247 -0.003291 0.019220
v -0.000164 -0.003296 0.019220
v -0.000082 -0.003299 0.019220
v 0.000000 -0.003300 0.019220
v 0.000082 -0.003299 0.019220
v 0.000164 -0.003296 0.019220
v 0.000247 -0.003291 0.019220
v 0.000329 -0.003284 0.019220
v 0.000410 -0.003274 0.019220
v 0.000492 -0.003263 0.019220
v 0.000573 -0.003250 0.019220
v 0.000654 -0.003235 0.019220
v 0.000734 -0.003217 0.019220
v 0.000814 -0.003198 0.019220
v 0.000894 -0.003177 0.019220
v 0.000973 -0.003153 0.019220
v 0.001051 -0.003128 0.019220
v 0.001129 -0.003101 0.019220
v 0.001206 -0.003072 0.019220
v 0.001282 -0.003041 0.019220
v 0.001357 -0.003008 0.019220
v 0.001432 -0.002973 0.019220
v 0.001505 -0.002937 0.019220
v 0.001578 -0.002898 0.019220
v 0.001650 -0.002858 0.019220
v 0.001721 -0.002816 0.019220
v 0.001790 -0.002772 0.019220
v 0.001859 -0.002727 0.019220
v 0.001926 -0.002679 0.019220
v 0.001993 -0.002631 0.019220
v 0.002058 -0.002580 0.019220
v 0.002121 -0.002528 0.019220
v 0.002184 -0.002474 0.019220
v 0.002245 -0.002419 0.019220
v 0.002304 -0.002362 0.019220
v 0.002362 -0.002304 0.019220
v 0.002419 -0.002245 0.019220
v 0.002474 -0.002184 0.019220
v 0.002528 -0.002121 0.019220
v 0.002580 -0.002058 0.019220
v 0.002631 -0.001993 0.019220
v 0.002679 -0.001926 0.019220
v 0.002727 -0.001859 0.019220
v 0.002772 -0.001790 0.019220
v 0.002816 -0.001721 0.019220
v 0.002858 -0.001650 0.019220
v 0.002898 -0.001578 0.019220
v 0.002937 -0.001505 0.019220
v 0.002973 -0.001432 0.019220
v 0.003008 -0.001357 0.019220
v 0.003041 -0.001282 0.019220
v 0.003072 -0.001206 0.019220
v 0.003101 -0.001129 0.019220
v 0.003128 -0.001051 0.019220
v 0.003153 -0.000973 0.019220
v 0.003177 -0.000894 0.019220
v 0.003198 -0.000814 0.019220
v 0.003217 -0.000734 0.019220
v 0.003235 -0.000654 0.019220
v 0.003250 -0.000573 0.019220
v 0.003263 -0.000492 0.019220
v 0.003274 -0.000410 0.019220
v 0.003284 -0.000329 0.019220
v 0.003291 -0.000247 0.019220
v 0.003296 -0.000164 0.019220
v 0.003299 -0.000082 0.019220
v 0.003700 0.006200 0.019220
v 0.005000 0.006200 0.019220
v 0.003700 0.006200 0.037340
v 0.005000 0.006200 0.037340
v 0.003700 0.004723 0.037340
v 0.003700 0.006200 0.037340
v 0.003581 0.004814 0.037340
v 0.003460 0.004902 0.037340
v 0.003337 0.004987 0.037340
v 0.003211 0.005068 0.037340
v 0.003084 0.005147 0.037340
v 0.002955 0.005222 0.037340
v 0.002824 0.005294 0.037340
v 0.002691 0.005363 0.037340
v 0.002557 0.005428 0.037340
v 0.002421 0.005490 0.037340
v 0.002283 0.005549 0.037340
v 0.002144 0.005604 0.037340
v 0.002004 0.005656 0.037340
v 0.001862 0.005704 0.037340
v 0.001719 0.005748 0.037340
v 0.001576 0.005789 0.037340
v 0.001431 0.005827 0.037340
v 0.001285 0.005861 0.037340
v 0.001139 0.005891 0.037340
v 0.000991 0.005918 0.037340
v 0.000844 0.005940 0.037340
v 0.000695 0.005960 0.037340
v 0.000547 0.005975 0.037340
v 0.000398 0.005987 0.037340
v 0.000248 0.005995 0.037340
v 0.000099 0.005999 0.037340
v -0.000051 0.006000 0.037340
v -0.000200 0.005997 0.037340
v -0.000350 0.005990 0.037340
v -0.000499 0.005979 0.037340
v -0.000648 0.005965 0.037340
v -0.000796 0.005947 0.037340
v -0.000944 0.005925 0.037340
v -0.001092 0.005900 0.037340
v -0.001238 0.005871 0.037340
v -0.001384 0.005838 0.037340
v -0.001529 0.005802 0.037340
v -0.001673 0.005762 0.037340
v -0.001816 0.005718 0.037340
v -0.001958 0.005671 0.037340
v -0.002099 0.005621 0.037340
v -0.002239 0.005567 0.037340
v -0.002377 0.005509 0.037340
v -0.002513 0.005448 0.037340
v -0.002648 0.005384 0.037340
v -0.002782 0.005316 0.037340
v -0.002913 0.005245 0.037340
v -0.003043 0.005171 0.037340
v -0.003171 0.005094 0.037340
v -0.003297 0.005013 0.037340
v -0.003421 0.004929 0.037340
v -0.003543 0.004843 0.037340
v -0.003662 0.004753 0.037340
v -0.003780 0.004660 0.037340
v -0.003894 0.004564 0.037340
v -0.004007 0.004466 0.037340
v -0.004117 0.004365 0.037340
v -0.004225 0.004261 0.037340
v -0.004329 0.004154 0.037340
v -0.004432 0.004045 0.037340
v -0.004531 0.003933 0.037340
v -0.004628 0.003819 0.037340
v -0.004721 0.003702 0.037340
v -0.004812 0.003584 0.037340
v -0.004900 0.003463 0.037340
v -0.004985 0.003339 0.037340
v -0.005066 0.003214 0.037340
v -0.005145 0.003087 0.037340
v -0.005220 0.002958 0.037340
v -0.005292 0.002827 0.037340
v -0.005361 0.002694 0.037340
v -0.005427 0.002559 0.037340
v -0.005489 0.002423 0.037340
v -0.005548 0.002286 0.037340
v -0.005603 0.002147 0.037340
v -0.005655 0.002007 0.037340
v -0.005703 0.001865 0.037340
v -0.005747 0.001722 0.037340
v -0.005789 0.001579 0.037340
v -0.005826 0.001434 0.037340
v -0.005860 0.001288 0.037340
v -0.005890 0.001142 0.037340
v -0.005917 0.000995 0.037340
v -0.005940 0.000847 0.037340
v -0.005959 0.000698 0.037340
v -0.005975 0.000550 0.037340
v -0.005987 0.000401 0.037340
v -0.005995 0.000251 0.037340
v -0.005999 0.000102 0.037340
v -0.006000 -0.000048 0.037340
v -0.005997 -0.000197 0.037340
v -0.005990 -0.000347 0.037340
v -0.005979 -0.000496 0.037340
v -0.005965 -0.000645 0.037340
v -0.005947 -0.000793 0.037340
v -0.005926 -0.000941 0.037340
v -0.005900 -0.001088 0.037340
v -0.005871 -0.001235 0.037340
v -0.005839 -0.001381 0.037340
v -0.005803 -0.001526 0.037340
v -0.005763 -0.001670 0.037340
v -0.005719 -0.001813 0.037340
v -0.005672 -0.001955 0.037340
v -0.005622 -0.002096 0.037340
v -0.005568 -0.002236 0.037340
v -0.005510 -0.002374 0.037340
v -0.005450 -0.002510 0.037340
v -0.005385 -0.002645 0.037340
v -0.005318 -0.002779 0.037340
v -0.005247 -0.002910 0.037340
v -0.005173 -0.003040 0.037340
v -0.005095 -0.003168 0.037340
v -0.005015 -0.003294 0.037340
v -0.004931 -0.003418 0.037340
v -0.004844 -0.003540 0.037340
v -0.004755 -0.003660 0.037340
v -0.004662 -0.003777 0.037340
v -0.004566 -0.003892 0.037340
v -0.004468 -0.004005 0.037340
v -0.004367 -0.004115 0.037340
v -0.004263 -0.004222 0.037340
v -0.004156 -0.004327 0.037340
v -0.004047 -0.004430 0.037340
v -0.003936 -0.004529 0.037340
v -0.003821 -0.004626 0.037340
v -0.003705 -0.004719 0.037340
v -0.003586 -0.004810 0.037340
v -0.003465 -0.004898 0.037340
v -0.003342 -0.004983 0.037340
v -0.003217 -0.005065 0.037340
v -0.003090 -0.005143 0.037340
v -0.002960 -0.005219 0.037340
v -0.002829 -0.005291 0.037340
v -0.002697 -0.005360 0.037340
v -0.002562 -0.005425 0.037340
v -0.002426 -0.005488 0.037340
v -0.002289 -0.005546 0.037340
v -0.002150 -0.005602 0.037340
v -0.002010 -0.005653 0.037340
v -0.001868 -0.005702 0.037340
v -0.001725 -0.005747 0.037340
v -0.001582 -0.005788 0.037340
v -0.001437 -0.005825 0.037340
v -0.001291 -0.005859 0.037340
v -0.001145 -0.005890 0.037340
v -0.000998 -0.005916 0.037340
v -0.000850 -0.005940 0.037340
v -0.000702 -0.005959 0.037340
v -0.000553 -0.005974 0.037340
v -0.000404 -0.005986 0.037340
v -0.000254 -0.005995 0.037340
v -0.000105 -0.005999 0.037340
v 0.000045 -0.006000 0.037340
v 0.000194 -0.005997 0.037340
v 0.000343 -0.005990 0.037340
v 0.000493 -0.005980 0.037340
v 0.000642 -0.005966 0.037340
v 0.000790 -0.005948 0.037340
v 0.000938 -0.005926 0.037340
v 0.001085 -0.005901 0.037340
v 0.001232 -0.005872 0.037340
v 0.001378 -0.005840 0.037340
v 0.001523 -0.005803 0.037340
v 0.001667 -0.005764 0.037340
v 0.001810 -0.005720 0.037340
v 0.001952 -0.005673 0.037340
v 0.002093 -0.005623 0.037340
v 0.002233 -0.005569 0.037340
v 0.002371 -0.005512 0.037340
v 0.002508 -0.005451 0.037340
v 0.002643 -0.005387 0.037340
v 0.002776 -0.005319 0.037340
v 0.002908 -0.005248 0.037340
v 0.003038 -0.005174 0.037340
v 0.003166 -0.005097 0.037340
v 0.003292 -0.005016 0.037340
v 0.003416 -0.004933 0.037340
v 0.003538 -0.004846 0.037340
v 0.003657 -0.004757 0.037340
v 0.003775 -0.004664 0.037340
v 0.003890 -0.004568 0.037340
v 0.004002 -0.004470 0.037340
v 0.004112 -0.004369 0.037340
v 0.004220 -0.004265 0.037340
v 0.004325 -0.004159 0.037340
v 0.004427 -0.004049 0.037340
v 0.004527 -0.003938 0.037340
v 0.004624 -0.003824 0.037340
v 0.004718 -0.003707 0.037340
v 0.004808 -0.003589 0.037340
v 0.004896 -0.003468 0.037340
v 0.004981 -0.003345 0.037340
v 0.005063 -0.003219 0.037340
v 0.005142 -0.003092 0.037340
v 0.005217 -0.002963 0.037340
v 0.005289 -0.002832 0.037340
v 0.005358 -0.002699 0.037340
v 0.005424 -0.002565 0.037340
v 0.005486 -0.002429 0.037340
v 0.005545 -0.002292 0.037340
v 0.005601 -0.002153 0.037340
v 0.005652 -0.002012 0.037340
v 0.005701 -0.001871 0.037340
v 0.005746 -0.001728 0.037340
v 0.005787 -0.001585 0.037340
v 0.005825 -0.001440 0.037340
v 0.005859 -0.001294 0.037340
v 0.005889 -0.001148 0.037340
v 0.005916 -0.001001 0.037340
v 0.005939 -0.000853 0.037340
v 0.005958 -0.000705 0.037340
v 0.005974 -0.000556 0.037340
v 0.005986 -0.000407 0.037340
v 0.005994 -0.000258 0.037340
v 0.005999 -0.000108 0.037340
v 0.006000 0.000041 0.037340
v 0.005997 0.000191 0.037340
v 0.005990 0.000340 0.037340
v 0.005980 0.000490 0.037340
v 0.005966 0.000638 0.037340
v 0.005948 0.000787 0.037340
v 0.005927 0.000935 0.037340
v 0.005902 0.001082 0.037340
v 0.005873 0.001229 0.037340
v 0.005840 0.001375 0.037340
v 0.005804 0.001520 0.037340
v 0.005765 0.001664 0.037340
v 0.005721 0.001807 0.037340
v 0.005674 0.001950 0.037340
v 0.005624 0.002090 0.037340
v 0.005570 0.002230 0.037340
v 0.005513 0.002368 0.037340
v 0.005452 0.002505 0.037340
v 0.005388 0.002640 0.037340
v 0.005321 0.002773 0.037340
v 0.005250 0.002905 0.037340
v 0.005176 0.003035 0.037340
v 0.005099 0.003163 0.037340
v 0.005018 0.003289 0.037340
v 0.004935 0.003413 0.037340
v 0.004848 0.003535 0.037340
v 0.004758 0.003655 0.037340
v 0.004666 0.003772 0.037340
v 0.004570 0.003887 0.037340
v 0.004472 0.004000 0.037340
v 0.006700 0.004000 0.037340
v 0.006700 0.006000 0.037340
v 0.005000 0.006000 0.037340
v 0.005000 0.006200 0.037340
v 0.003300 0.000000 0.037340
v 0.003299 0.000082 0.037340
v 0.003296 0.000164 0.037340
v 0.003291 0.000247 0.037340
v 0.003284 0.000329 0.037340
v 0.003274 0.000410 0.037340
v 0.003263 0.000492 0.037340
v 0.003250 0.000573 0.037340
v 0.003235 0.000654 0.037340
v 0.003217 0.000734 0.037340
v 0.003198 0.000814 0.037340
v 0.003177 0.000894 0.037340
v 0.003153 0.000973 0.037340
v 0.003128 0.001051 0.037340
v 0.003101 0.001129 0.037340
v 0.003072 0.001206 0.037340
v 0.003041 0.001282 0.037340
v 0.003008 0.001357 0.037340
v 0.002973 0.001432 0.037340
v 0.002937 0.001505 0.037340
v 0.002898 0.001578 0.037340
v 0.002858 0.001650 0.037340
v 0.002816 0.001721 0.037340
v 0.002772 0.001790 0.037340
v 0.002727 0.001859 0.037340
v 0.002679 0.001926 0.037340
v 0.002631 0.001993 0.037340
v 0.002580 0.002058 0.037340
v 0.002528 0.002121 0.037340
v 0.002474 0.002184 0.037340
v 0.002419 0.002245 0.037340
v 0.002362 0.002304 0.037340
v 0.002304 0.002362 0.037340
v 0.002245 0.002419 0.037340
v 0.002184 0.002474 0.037340
v 0.002121 0.002528 0.037340
v 0.002058 0.002580 0.037340
v 0.001993 0.002631 0.037340
v 0.001926 0.002679 0.037340
v 0.001859 0.002727 0.037340
v 0.001790 0.002772 0.037340
v 0.001721 0.002816 0.037340
v 0.001650 0.002858 0.037340
v 0.001578 0.002898 0.037340
v 0.001505 0.002937 0.037340
v 0.001432 0.002973 0.037340
v 0.001357 0.003008 0.037340
v 0.001282 0.003041 0.037340
v 0.001206 0.003072 0.037340
v 0.001129 0.003101 0.037340
v 0.001051 0.003128 0.037340
v 0.000973 0.003153 0.037340
v 0.000894 0.003177 0.037340
v 0.000814 0.003198 0.037340
v 0.000734 0.003217 0.037340
v 0.000654 0.003235 0.037340
v 0.000573 0.003250 0.037340
v 0.000492 0.003263 0.037340
v 0.000410 0.003274 0.037340
v 0.000329 0.003284 0.037340
v 0.000247 0.003291 0.037340
v 0.000164 0.003296 0.037340
v 0.000082 0.003299 0.037340
v 0.000000 0.003300 0.037340
v -0.000082 0.003299 0.037340
v -0.000164 0.003296 0.037340
v -0.000247 0.003291 0.037340
v -0.000329 0.003284 0.037340
v -0.000410 0.003274 0.037340
v -0.000492 0.003263 0.037340
v -0.000573 0.003250 0.037340
v -0.000654 0.003235 0.037340
v -0.000734 0.003217 0.037340
v -0.000814 0.003198 0.037340
v -0.000894 0.003177 0.037340
v -0.000973 0.003153 0.037340
v -0.001051 0.003128 0.037340
v -0.001129 0.003101 0.037340
v -0.001206 0.003072 0.037340
v -0.001282 0.003041 0.037340
v -0.001357 0.003008 0.037340
v -0.001432 0.002973 0.037340
v -0.001505 0.002937 0.037340
v -0.001578 0.002898 0.037340
v -0.001650 0.002858 0.037340
v -0.001721 0.002816 0.037340
v -0.001790 0.002772 0.037340
v -0.001859 0.002727 0.037340
v -0.001926 0.002679 0.037340
v -0.001993 0.002631 0.037340
v -0.002058 0.002580 0.037340
v -0.002121 0.002528 0.037340
v -0.002184 0.002474 0.037340
v -0.002245 0.002419 0.037340
v -0.002304 0.002362 0.037340
v -0.002362 0.002304 0.037340
v -0.002419 0.002245 0.037340
v -0.002474 0.002184 0.037340
v -0.002528 0.002121 0.037340
v -0.002580 0.002058 0.037340
v -0.002631 0.001993 0.037340
v -0.002679 0.001926 0.037340
v -0.002727 0.001859 0.037340
v -0.002772 0.001790 0.037340
v -0.002816 0.001721 0.037340
v -0.002858 0.001650 0.037340
v -0.002898 0.001578 0.037340
v -0.002937 0.001505 0.037340
v -0.002973 0.001432 0.037340
v -0.003008 0.001357 0.037340
v -0.003041 0.001282 0.037340
v -0.003072 0.001206 0.037340
v -0.003101 0.001129 0.037340
v -0.003128 0.001051 0.037340
v -0.003153 0.000973 0.037340
v -0.003177 0.000894 0.037340
v -0.003198 0.000814 0.037340
v -0.003217 0.000734 0.037340
v -0.003235 0.000654 0.037340
v -0.003250 0.000573 0.037340
v -0.003263 0.000492 0.037340
v -0.003274 0.000410 0.037340
v -0.003284 0.000329 0.037340
v -0.003291 0.000247 0.037340
v -0.003296 0.000164 0.037340
v -0.003299 0.000082 0.037340
v -0.003300 -0.000000 0.037340
v -0.003299 -0.000082 0.037340
v -0.003296 -0.000164 0.037340
v -0.003291 -0.000247 0.037340
v -0.003284 -0.000329 0.037340
v -0.003274 -0.000410 0.037340
v -0.003263 -0.000492 0.037340
v -0.003250 -0.000573 0.037340
v -0.003235 -0.000654 0.037340
v -0.003217 -0.000734 0.037340
v -0.003198 -0.000814 0.037340
v -0.003177 -0.000894 0.037340
v -0.003153 -0.000973 0.037340
v -0.003128 -0.001051 0.037340
v -0.003101 -0.001129 0.037340
v -0.003072 -0.001206 0.037340
v -0.003041 -0.001282 0.037340
v -0.003008 -0.001357 0.037340
v -0.002973 -0.001432 0.037340
v -0.002937 -0.001505 0.037340
v -0.002898 -0.001578 0.037340
v -0.002858 -0.001650 0.037340
v -0.002816 -0.001721 0.037340
v -0.002772 -0.001790 0.037340
v -0.002727 -0.001859 0.037340
v -0.002679 -0.001926 0.037340
v -0.002631 -0.001993 0.037340
v -0.002580 -0.002058 0.037340
v -0.002528 -0.002121 0.037340
v -0.002474 -0.002184 0.037340
v -0.002419 -0.002245 0.037340
v -0.002362 -0.002304 0.037340
v -0.002304 -0.002362 0.037340
v -0.002245 -0.002419 0.037340
v -0.002184 -0.002474 0.037340
v -0.002121 -0.002528 0.037340
v -0.002058 -0.002580 0.037340
v -0.001993 -0.002631 0.037340
v -0.001926 -0.002679 0.037340
v -0.001859 -0.002727 0.037340
v -0.001790 -0.002772 0.037340
v -0.001721 -0.002816 0.037340
v -0.001650 -0.002858 0.037340
v -0.001578 -0.002898 0.037340
v -0.001505 -0.002937 0.037340
v -0.001432 -0.002973 0.037340
v -0.001357 -0.003008 0.037340
v -0.001282 -0.003041 0.037340
v -0.001206 -0.003072 0.037340
v -0.001129 -0.003101 0.037340
v -0.001051 -0.003128 0.037340
v -0.000973 -0.003153 0.037340
v -0.000894 -0.003177 0.037340
v -0.000814 -0.003198 0.037340
v -0.000734 -0.003217 0.037340
v -0.000654 -0.003235 0.037340
v -0.000573 -0.003250 0.037340
v -0.000492 -0.003263 0.037340
v -0.000410 -0.003274 0.037340
v -0.000329 -0.003284 0.037340
v -0.000247 -0.003291 0.037340
v -0.000164 -0.003296 0.037340
v -0.000082 -0.003299 0.037340
v 0.000000 -0.003300 0.037340
v 0.000082 -0.003299 0.037340
v 0.000164 -0.003296 0.037340
v 0.000247 -0.003291 0.037340
v 0.000329 -0.003284 0.037340
v 0.000410 -0.003274 0.037340
v 0.000492 -0.003263 0.037340
v 0.000573 -0.003250 0.037340
v 0.000654 -0.003235 0.037340
v 0.000734 -0.003217 0.037340
v 0.000814 -0.003198 0.037340
v 0.000894 -0.003177 0.037340
v 0.000973 -0.003153 0.037340
v 0.001051 -0.003128 0.037340
v 0.001129 -0.003101 0.037340
v 0.001206 -0.003072 0.037340
v 0.001282 -0.003041 0.037340
v 0.001357 -0.003008 0.037340
v 0.001432 -0.002973 0.037340
v 0.001505 -0.002937 0.037340
v 0.001578 -0.002898 0.037340
v 0.001650 -0.002858 0.037340
v 0.001721 -0.002816 0.037340
v 0.001790 -0.002772 0.037340
v 0.001859 -0.002727 0.037340
v 0.001926 -0.002679 0.037340
v 0.001993 -0.002631 0.037340
v 0.002058 -0.002580 0.037340
v 0.002121 -0.002528 0.037340
v 0.002184 -0.002474 0.037340
v 0.002245 -0.002419 0.037340
v 0.002304 -0.002362 0.037340
v 0.002362 -0.002304 0.037340
v 0.002419 -0.002245 0.037340
v 0.002474 -0.002184 0.037340
v 0.002528 -0.002121 0.037340
v 0.002580 -0.002058 0.037340
v 0.002631 -0.001993 0.037340
v 0.002679 -0.001926 0.037340
v 0.002727 -0.001859 0.037340
v 0.002772 -0.001790 0.037340
v 0.002816 -0.001721 0.037340
v 0.002858 -0.001650 0.037340
v 0.002898 -0.001578 0.037340
v 0.002937 -0.001505 0.037340
v 0.002973 -0.001432 0.037340
v 0.003008 -0.001357 0.037340
v 0.003041 -0.001282 0.037340
v 0.003072 -0.001206 0.037340
v 0.003101 -0.001129 0.037340
v 0.003128 -0.001051 0.037340
v 0.003153 -0.000973 0.037340
v 0.003177 -0.000894 0.037340
v 0.003198 -0.000814 0.037340
v 0.003217 -0.000734 0.037340
v 0.003235 -0.000654 0.037340
v 0.003250 -0.000573 0.037340
v 0.003263 -0.000492 0.037340
v 0.003274 -0.000410 0.037340
v 0.003284 -0.000329 0.037340
v 0.003291 -0.000247 0.037340
v 0.003296 -0.000164 0.037340
v 0.003299 -0.000082 0.037340
v 0.003700 0.004723 0.057660
v 0.003700 0.006200 0.057660
v 0.004472 0.004000 0.057660
v 0.004570 0.003887 0.057660
v 0.004666 0.003772 0.057660
v 0.004758 0.003655 0.057660
v 0.004848 0.003535 0.057660
v 0.004935 0.003413 0.057660
v 0.005018 0.003289 0.057660
v 0.005099 0.003163 0.057660
v 0.005176 0.003035 0.057660
v 0.005250 0.002905 0.057660
v 0.005321 0.002773 0.057660
v 0.005388 0.002640 0.057660
v 0.005452 0.002505 0.057660
v 0.005513 0.002368 0.057660
v 0.005570 0.002230 0.057660
v 0.005624 0.002090 0.057660
v 0.005674 0.001950 0.057660
v 0.005721 0.001807 0.057660
v 0.005765 0.001664 0.057660
v 0.005804 0.001520 0.057660
v 0.005840 0.001375 0.057660
v 0.005873 0.001229 0.057660
v 0.005902 0.001082 0.057660
v 0.005927 0.000935 0.057660
v 0.005948 0.000787 0.057660
v 0.005966 0.000638 0.057660
v 0.005980 0.000490 0.057660
v 0.005990 0.000340 0.057660
v 0.005997 0.000191 0.057660
v 0.006000 0.000041 0.057660
v 0.005999 -0.000108 0.057660
v 0.005994 -0.000258 0.057660
v 0.005986 -0.000407 0.057660
v 0.005974 -0.000556 0.057660
v 0.005958 -0.000705 0.057660
v 0.005939 -0.000853 0.057660
v 0.005916 -0.001001 0.057660
v 0.005889 -0.001148 0.057660
v 0.005859 -0.001294 0.057660
v 0.005825 -0.001440 0.057660
v 0.005787 -0.001585 0.057660
v 0.005746 -0.001728 0.057660
v 0.005701 -0.001871 0.057660
v 0.005652 -0.002012 0.057660
v 0.005601 -0.002153 0.057660
v 0.005545 -0.002292 0.057660
v 0.005486 -0.002429 0.057660
v 0.005424 -0.002565 0.057660
v 0.005358 -0.002699 0.057660
v 0.005289 -0.002832 0.057660
v 0.005217 -0.002963 0.057660
v 0.005142 -0.003092 0.057660
v 0.005063 -0.003219 0.057660
v 0.004981 -0.003345 0.057660
v 0.004896 -0.003468 0.057660
v 0.004808 -0.003589 0.057660
v 0.004718 -0.003707 0.057660
v 0.004624 -0.003824 0.057660
v 0.004527 -0.003938 0.057660
v 0.004427 -0.004049 0.057660
v 0.004325 -0.004159 0.057660
v 0.004220 -0.004265 0.057660
v 0.004112 -0.004369 0.057660
v 0.004002 -0.004470 0.057660
v 0.003890 -0.004568 0.057660
v 0.003775 -0.004664 0.057660
v 0.003657 -0.004757 0.057660
v 0.003538 -0.004846 0.057660
v 0.003416 -0.004933 0.057660
v 0.003292 -0.005016 0.057660
v 0.003166 -0.005097 0.057660
v 0.003038 -0.005174 0.057660
v 0.002908 -0.005248 0.057660
v 0.002776 -0.005319 0.057660
v 0.002643 -0.005387 0.057660
v 0.002508 -0.005451 0.057660
v 0.002371 -0.005512 0.057660
v 0.002233 -0.005569 0.057660
v 0.002093 -0.005623 0.057660
v 0.001952 -0.005673 0.057660
v 0.001810 -0.005720 0.057660
v 0.001667 -0.005764 0.057660
v 0.001523 -0.005803 0.057660
v 0.001378 -0.005840 0.057660
v 0.001232 -0.005872 0.057660
v 0.001085 -0.005901 0.057660
v 0.000938 -0.005926 0.057660
v 0.000790 -0.005948 0.057660
v 0.000642 -0.005966 0.057660
v 0.000493 -0.005980 0.057660
v 0.000343 -0.005990 0.057660
v 0.000194 -0.005997 0.057660
v 0.000045 -0.006000 0.057660
v -0.000105 -0.005999 0.057660
v -0.000254 -0.005995 0.057660
v -0.000404 -0.005986 0.057660
v -0.000553 -0.005974 0.057660
v -0.000702 -0.005959 0.057660
v -0.000850 -0.005940 0.057660
v -0.000998 -0.005916 0.057660
v -0.001145 -0.005890 0.057660
v -0.001291 -0.005859 0.057660
v -0.001437 -0.005825 0.057660
v -0.001582 -0.005788 0.057660
v -0.001725 -0.005747 0.057660
v -0.001868 -0.005702 0.057660
v -0.002010 -0.005653 0.057660
v -0.002150 -0.005602 0.057660
v -0.002289 -0.005546 0.057660
v -0.002426 -0.005488 0.057660
v -0.002562 -0.005425 0.057660
v -0.002697 -0.005360 0.057660
v -0.002829 -0.005291 0.057660
v -0.002960 -0.005219 0.057660
v -0.003090 -0.005143 0.057660
v -0.003217 -0.005065 0.057660
v -0.003342 -0.004983 0.057660
v -0.003465 -0.004898 0.057660
v -0.003586 -0.004810 0.057660
v -0.003705 -0.004719 0.057660
v -0.003821 -0.004626 0.057660
v -0.003936 -0.004529 0.057660
v -0.004047 -0.004430 0.057660
v -0.004156 -0.004327 0.057660
v -0.004263 -0.004222 0.057660
v -0.004367 -0.004115 0.057660
v -0.004468 -0.004005 0.057660
v -0.004566 -0.003892 0.057660
v -0.004662 -0.003777 0.057660
v -0.004755 -0.003660 0.057660
v -0.004844 -0.003540 0.057660
v -0.004931 -0.003418 0.057660
v -0.005015 -0.003294 0.057660
v -0.005095 -0.003168 0.057660
v -0.005173 -0.003040 0.057660
v -0.005247 -0.002910 0.057660
v -0.005318 -0.002779 0.057660
v -0.005385 -0.002645 0.057660
v -0.005450 -0.002510 0.057660
v -0.005510 -0.002374 0.057660
v -0.005568 -0.002236 0.057660
v -0.005622 -0.002096 0.057660
v -0.005672 -0.001955 0.057660
v -0.005719 -0.001813 0.057660
v -0.005763 -0.001670 0.057660
v -0.005803 -0.001526 0.057660
v -0.005839 -0.001381 0.057660
v -0.005871 -0.001235 0.057660
v -0.005900 -0.001088 0.057660
v -0.005926 -0.000941 0.057660
v -0.005947 -0.000793 0.057660
v -0.005965 -0.000645 0.057660
v -0.005979 -0.000496 0.057660
v -0.005990 -0.000347 0.057660
v -0.005997 -0.000197 0.057660
v -0.006000 -0.000048 0.057660
v -0.005999 0.000102 0.057660
v -0.005995 0.000251 0.057660
v -0.005987 0.000401 0.057660
v -0.005975 0.000550 0.057660
v -0.005959 0.000698 0.057660
v -0.005940 0.000847 0.057660
v -0.005917 0.000995 0.057660
v -0.005890 0.001142 0.057660
v -0.005860 0.001288 0.057660
v -0.005826 0.001434 0.057660
v -0.005789 0.001579 0.057660
v -0.005747 0.001722 0.057660
v -0.005703 0.001865 0.057660
v -0.005655 0.002007 0.057660
v -0.005603 0.002147 0.057660
v -0.005548 0.002286 0.057660
v -0.005489 0.002423 0.057660
v -0.005427 0.002559 0.057660
v -0.005361 0.002694 0.057660
v -0.005292 0.002827 0.057660
v -0.005220 0.002958 0.057660
v -0.005145 0.003087 0.057660
v -0.005066 0.003214 0.057660
v -0.004985 0.003339 0.057660
v -0.004900 0.003463 0.057660
v -0.004812 0.003584 0.057660
v -0.004721 0.003702 0.057660
v -0.004628 0.003819 0.057660
v -0.004531 0.003933 0.057660
v -0.004432 0.004045 0.057660
v -0.004329 0.004154 0.057660
v -0.004225 0.004261 0.057660
v -0.004117 0.004365 0.057660
v -0.004007 0.004466 0.057660
v -0.003894 0.004564 0.057660
v -0.003780 0.004660 0.057660
v -0.003662 0.004753 0.057660
v -0.003543 0.004843 0.057660
v -0.003421 0.004929 0.057660
v -0.003297 0.005013 0.057660
v -0.003171 0.005094 0.057660
v -0.003043 0.005171 0.057660
v -0.002913 0.005245 0.057660
v -0.002782 0.005316 0.057660
v -0.002648 0.005384 0.057660
v -0.002513 0.005448 0.057660
v -0.002377 0.005509 0.057660
v -0.002239 0.005567 0.057660
v -0.002099 0.005621 0.057660
v -0.001958 0.005671 0.057660
v -0.001816 0.005718 0.057660
v -0.001673 0.005762 0.057660
v -0.001529 0.005802 0.057660
v -0.001384 0.005838 0.057660
v -0.001238 0.005871 0.057660
v -0.001092 0.005900 0.057660
v -0.000944 0.005925 0.057660
v -0.000796 0.005947 0.057660
v -0.000648 0.005965 0.057660
v -0.000499 0.005979 0.057660
v -0.000350 0.005990 0.057660
v -0.000200 0.005997 0.057660
v -0.000051 0.006000 0.057660
v 0.000099 0.005999 0.057660
v 0.000248 0.005995 0.057660
v 0.000398 0.005987 0.057660
v 0.000547 0.005975 0.057660
v 0.000695 0.005960 0.057660
v 0.000844 0.005940 0.057660
v 0.000991 0.005918 0.057660
v 0.001139 0.005891 0.057660
v 0.001285 0.005861 0.057660
v 0.001431 0.005827 0.057660
v 0.001576 0.005789 0.057660
v 0.001719 0.005748 0.057660
v 0.001862 0.005704 0.057660
v 0.002004 0.005656 0.057660
v 0.002144 0.005604 0.057660
v 0.002283 0.005549 0.057660
v 0.002421 0.005490 0.057660
v 0.002557 0.005428 0.057660
v 0.002691 0.005363 0.057660
v 0.002824 0.005294 0.057660
v 0.002955 0.005222 0.057660
v 0.003084 0.005147 0.057660
v 0.003211 0.005068 0.057660
v 0.003337 0.004987 0.057660
v 0.003460 0.004902 0.057660
v 0.003581 0.004814 0.057660
v 0.006700 0.004000 0.057660
v 0.006700 0.006000 0.057660
v 0.005000 0.006000 0.057660
v 0.005000 0.006200 0.057660
v 0.003300 0.000000 0.057660
v 0.003299 0.000082 0.057660
v 0.003296 0.000164 0.057660
v 0.003291 0.000247 0.057660
v 0.003284 0.000329 0.057660
v 0.003274 0.000410 0.057660
v 0.003263 0.000492 0.057660
v 0.003250 0.000573 0.057660
v 0.003235 0.000654 0.057660
v 0.003217 0.000734 0.057660
v 0.003198 0.000814 0.057660
v 0.003177 0.000894 0.057660
v 0.003153 0.000973 0.057660
v 0.003128 0.001051 0.057660
v 0.003101 0.001129 0.057660
v 0.003072 0.001206 0.057660
v 0.003041 0.001282 0.057660
v 0.003008 0.001357 0.057660
v 0.002973 0.001432 0.057660
v 0.002937 0.001505 0.057660
v 0.002898 0.001578 0.057660
v 0.002858 0.001650 0.057660
v 0.002816 0.001721 0.057660
v 0.002772 0.001790 0.057660
v 0.002727 0.001859 0.057660
v 0.002679 0.001926 0.057660
v 0.002631 0.001993 0.057660
v 0.002580 0.002058 0.057660
v 0.002528 0.002121 0.057660
v 0.002474 0.002184 0.057660
v 0.002419 0.002245 0.057660
v 0.002362 0.002304 0.057660
v 0.002304 0.002362 0.057660
v 0.002245 0.002419 0.057660
v 0.002184 0.002474 0.057660
v 0.002121 0.002528 0.057660
v 0.002058 0.002580 0.057660
v 0.001993 0.002631 0.057660
v 0.001926 0.002679 0.057660
v 0.001859 0.002727 0.057660
v 0.001790 0.002772 0.057660
v 0.001721 0.002816 0.057660
v 0.001650 0.002858 0.057660
v 0.001578 0.002898 0.057660
v 0.001505 0.002937 0.057660
v 0.001432 0.002973 0.057660
v 0.001357 0.003008 0.057660
v 0.001282 0.003041 0.057660
v 0.001206 0.003072 0.057660
v 0.001129 0.003101 0.057660
v 0.001051 0.003128 0.057660
v 0.000973 0.003153 0.057660
v 0.000894 0.003177 0.057660
v 0.000814 0.003198 0.057660
v 0.000734 0.003217 0.057660
v 0.000654 0.003235 0.057660
v 0.000573 0.003250 0.057660
v 0.000492 0.003263 0.057660
v 0.000410 0.003274 0.057660
v 0.000329 0.003284 0.057660
v 0.000247 0.003291 0.057660
v 0.000164 0.003296 0.057660
v 0.000082 0.003299 0.057660
v 0.000000 0.003300 0.057660
v -0.000082 0.003299 0.057660
v -0.000164 0.003296 0.057660
v -0.000247 0.003291 0.057660
v -0.000329 0.003284 0.057660
v -0.000410 0.003274 0.057660
v -0.000492 0.003263 0.057660
v -0.000573 0.003250 0.057660
v -0.000654 0.003235 0.057660
v -0.000734 0.003217 0.057660
v -0.000814 0.003198 0.057660
v -0.000894 0.003177 0.057660
v -0.000973 0.003153 0.057660
v -0.001051 0.003128 0.057660
v -0.001129 0.003101 0.057660
v -0.001206 0.003072 0.057660
v -0.001282 0.003041 0.057660
v -0.001357 0.003008 0.057660
v -0.001432 0.002973 0.057660
v -0.001505 0.002937 0.057660
v -0.001578 0.002898 0.057660
v -0.001650 0.002858 0.057660
v -0.001721 0.002816 0.057660
v -0.001790 0.002772 0.057660
v -0.001859 0.002727 0.057660
v -0.001926 0.002679 0.057660
v -0.001993 0.002631 0.057660
v -0.002058 0.002580 0.057660
v -0.002121 0.002528 0.057660
v -0.002184 0.002474 0.057660
v -0.002245 0.002419 0.057660
v -0.002304 0.002362 0.057660
v -0.002362 0.002304 0.057660
v -0.002419 0.002245 0.057660
v -0.002474 0.002184 0.057660
v -0.002528 0.002121 0.057660
v -0.002580 0.002058 0.057660
v -0.002631 0.001993 0.057660
v -0.002679 0.001926 0.057660
v -0.002727 0.001859 0.057660
v -0.002772 0.001790 0.057660
v -0.002816 0.001721 0.057660
v -0.002858 0.001650 0.057660
v -0.002898 0.001578 0.057660
v -0.002937 0.001505 0.057660
v -0.002973 0.001432 0.057660
v -0.003008 0.001357 0.057660
v -0.003041 0.001282 0.057660
v -0.003072 0.001206 0.057660
v -0.003101 0.001129 0.057660
v -0.003128 0.001051 0.057660
v -0.003153 0.000973 0.057660
v -0.003177 0.000894 0.057660
v -0.003198 0.000814 0.057660
v -0.003217 0.000734 0.057660
v -0.003235 0.000654 0.057660
v -0.003250 0.000573 0.057660
v -0.003263 0.000492 0.057660
v -0.003274 0.000410 0.057660
v -0.003284 0.000329 0.057660
v -0.003291 0.000247 0.057660
v -0.003296 0.000164 0.057660
v -0.003299 0.000082 0.057660
v -0.003300 -0.000000 0.057660
v -0.003299 -0.000082 0.057660
v -0.003296 -0.000164 0.057660
v -0.003291 -0.000247 0.057660
v -0.003284 -0.000329 0.057660
v -0.003274 -0.000410 0.057660
v -0.003263 -0.000492 0.057660
v -0.003250 -0.000573 0.057660
v -0.003235 -0.000654 0.057660
v -0.003217 -0.000734 0.057660
v -0.003198 -0.000814 0.057660
v -0.003177 -0.000894 0.057660
v -0.003153 -0.000973 0.057660
v -0.003128 -0.001051 0.057660
v -0.003101 -0.001129 0.057660
v -0.003072 -0.001206 0.057660
v -0.003041 -0.001282 0.057660
v -0.003008 -0.001357 0.057660
v -0.002973 -0.001432 0.057660
v -0.002937 -0.001505 0.057660
v -0.002898 -0.001578 0.057660
v -0.002858 -0.001650 0.057660
v -0.002816 -0.001721 0.057660
v -0.002772 -0.001790 0.057660
v -0.002727 -0.001859 0.057660
v -0.002679 -0.001926 0.057660
v -0.002631 -0.001993 0.057660
v -0.002580 -0.002058 0.057660
v -0.002528 -0.002121 0.057660
v -0.002474 -0.002184 0.057660
v -0.002419 -0.002245 0.057660
v -0.002362 -0.002304 0.057660
v -0.002304 -0.002362 0.057660
v -0.002245 -0.002419 0.057660
v -0.002184 -0.002474 0.057660
v -0.002121 -0.002528 0.057660
v -0.002058 -0.002580 0.057660
v -0.001993 -0.002631 0.057660
v -0.001926 -0.002679 0.057660
v -0.001859 -0.002727 0.057660
v -0.001790 -0.002772 0.057660
v -0.001721 -0.002816 0.057660
v -0.001650 -0.002858 0.057660
v -0.001578 -0.002898 0.057660
v -0.001505 -0.002937 0.057660
v -0.001432 -0.002973 0.057660
v -0.001357 -0.003008 0.057660
v -0.001282 -0.003041 0.057660
v -0.001206 -0.003072 0.057660
v -0.001129 -0.003101 0.057660
v -0.001051 -0.003128 0.057660
v -0.000973 -0.003153 0.057660
v -0.000894 -0.003177 0.057660
v -0.000814 -0.003198 0.057660
v -0.000734 -0.003217 0.057660
v -0.000654 -0.003235 0.057660
v -0.000573 -0.003250 0.057660
v -0.000492 -0.003263 0.057660
v -0.000410 -0.003274 0.057660
v -0.000329 -0.003284 0.057660
v -0.000247 -0.003291 0.057660
v -0.000164 -0.003296 0.057660
v -0.000082 -0.003299 0.057660
v 0.000000 -0.003300 0.057660
v 0.000082 -0.003299 0.057660
v 0.000164 -0.003296 0.057660
v 0.000247 -0.003291 0.057660
v 0.000329 -0.003284 0.057660
v 0.000410 -0.003274 0.057660
v 0.000492 -0.003263 0.057660
v 0.000573 -0.003250 0.057660
v 0.000654 -0.003235 0.057660
v 0.000734 -0.003217 0.057660
v 0.000814 -0.003198 0.057660
v 0.000894 -0.003177 0.057660
v 0.000973 -0.003153 0.057660
v 0.001051 -0.003128 0.057660
v 0.001129 -0.003101 0.057660
v 0.001206 -0.003072 0.057660
v 0.001282 -0.003041 0.057660
v 0.001357 -0.003008 0.057660
v 0.001432 -0.002973 0.057660
v 0.001505 -0.002937 0.057660
v 0.001578 -0.002898 0.057660
v 0.001650 -0.002858 0.057660
v 0.001721 -0.002816 0.057660
v 0.001790 -0.002772 0.057660
v 0.001859 -0.002727 0.057660
v 0.001926 -0.002679 0.057660
v 0.001993 -0.002631 0.057660
v 0.002058 -0.002580 0.057660
v 0.002121 -0.002528 0.057660
v 0.002184 -0.002474 0.057660
v 0.002245 -0.002419 0.057660
v 0.002304 -0.002362 0.057660
v 0.002362 -0.002304 0.057660
v 0.002419 -0.002245 0.057660
v 0.002474 -0.002184 0.057660
v 0.002528 -0.002121 0.057660
v 0.002580 -0.002058 0.057660
v 0.002631 -0.001993 0.057660
v 0.002679 -0.001926 0.057660
v 0.002727 -0.001859 0.057660
v 0.002772 -0.001790 0.057660
v 0.002816 -0.001721 0.057660
v 0.002858 -0.001650 0.057660
v 0.002898 -0.001578 0.057660
v 0.002937 -0.001505 0.057660
v 0.002973 -0.001432 0.057660
v 0.003008 -0.001357 0.057660
v 0.003041 -0.001282 0.057660
v 0.003072 -0.001206 0.057660
v 0.003101 -0.001129 0.057660
v 0.003128 -0.001051 0.057660
v 0.003153 -0.000973 0.057660
v 0.003177 -0.000894 0.057660
v 0.003198 -0.000814 0.057660
v 0.003217 -0.000734 0.057660
v 0.003235 -0.000654 0.057660
v 0.003250 -0.000573 0.057660
v 0.003263 -0.000492 0.057660
v 0.003274 -0.000410 0.057660
v 0.003284 -0.000329 0.057660
v 0.003291 -0.000247 0.057660
v 0.003296 -0.000164 0.057660
v 0.003299 -0.000082 0.057660
v 0.003700 0.006200 0.057660
v 0.005000 0.006200 0.057660
v 0.003700 0.006200 0.075780
v 0.005000 0.006200 0.075780
v 0.003700 0.004723 0.075780
v 0.003700 0.006200 0.075780
v 0.003581 0.004814 0.075780
v 0.003460 0.004902 0.075780
v 0.003337 0.004987 0.075780
v 0.003211 0.005068 0.075780
v 0.003084 0.005147 0.075780
v 0.002955 0.005222 0.075780
v 0.002824 0.005294 0.075780
v 0.002691 0.005363 0.075780
v 0.002557 0.005428 0.075780
v 0.002421 0.005490 0.075780
v 0.002283 0.005549 0.075780
v 0.002144 0.005604 0.075780
v 0.002004 0.005656 0.075780
v 0.001862 0.005704 0.075780
v 0.001719 0.005748 0.075780
v 0.001576 0.005789 0.075780
v 0.001431 0.005827 0.075780
v 0.001285 0.005861 0.075780
v 0.001139 0.005891 0.075780
v 0.000991 0.005918 0.075780
v 0.000844 0.005940 0.075780
v 0.000695 0.005960 0.075780
v 0.000547 0.005975 0.075780
v 0.000398 0.005987 0.075780
v 0.000248 0.005995 0.075780
v 0.000099 0.005999 0.075780
v -0.000051 0.006000 0.075780
v -0.000200 0.005997 0.075780
v -0.000350 0.005990 0.075780
v -0.000499 0.005979 0.075780
v -0.000648 0.005965 0.075780
v -0.000796 0.005947 0.075780
v -0.000944 0.005925 0.075780
v -0.001092 0.005900 0.075780
v -0.001238 0.005871 0.075780
v -0.001384 0.005838 0.075780
v -0.001529 0.005802 0.075780
v -0.001673 0.005762 0.075780
v -0.001816 0.005718 0.075780
v -0.001958 0.005671 0.075780
v -0.002099 0.005621 0.075780
v -0.002239 0.005567 0.075780
v -0.002377 0.005509 0.075780
v -0.002513 0.005448 0.075780
v -0.002648 0.005384 0.075780
v -0.002782 0.005316 0.075780
v -0.002913 0.005245 0.075780
v -0.003043 0.005171 0.075780
v -0.003171 0.005094 0.075780
v -0.003297 0.005013 0.075780
v -0.003421 0.004929 0.075780
v -0.003543 0.004843 0.075780
v -0.003662 0.004753 0.075780
v -0.003780 0.004660 0.075780
v -0.003894 0.004564 0.075780
v -0.004007 0.004466 0.075780
v -0.004117 0.004365 0.075780
v -0.004225 0.004261 0.075780
v -0.004329 0.004154 0.075780
v -0.004432 0.004045 0.075780
v -0.004531 0.003933 0.075780
v -0.004628 0.003819 0.075780
v -0.004721 0.003702 0.075780
v -0.004812 0.003584 0.075780
v -0.004900 0.003463 0.075780
v -0.004985 0.003339 0.075780
v -0.005066 0.003214 0.075780
v -0.005145 0.003087 0.075780
v -0.005220 0.002958 0.075780
v -0.005292 0.002827 0.075780
v -0.005361 0.002694 0.075780
v -0.005427 0.002559 0.075780
v -0.005489 0.002423 0.075780
v -0.005548 0.002286 0.075780
v -0.005603 0.002147 0.075780
v -0.005655 0.002007 0.075780
v -0.005703 0.001865 0.075780
v -0.005747 0.001722 0.075780
v -0.005789 0.001579 0.075780
v -0.005826 0.001434 0.075780
v -0.005860 0.001288 0.075780
v -0.005890 0.001142 0.075780
v -0.005917 0.000995 0.075780
v -0.005940 0.000847 0.075780
v -0.005959 0.000698 0.075780
v -0.005975 0.000550 0.075780
v -0.005987 0.000401 0.075780
v -0.005995 0.000251 0.075780
v -0.005999 0.000102 0.075780
v -0.006000 -0.000048 0.075780
v -0.005997 -0.000197 0.075780
v -0.005990 -0.000347 0.075780
v -0.005979 -0.000496 0.075780
v -0.005965 -0.000645 0.075780
v -0.005947 -0.000793 0.075780
v -0.005926 -0.000941 0.075780
v -0.005900 -0.001088 0.075780
v -0.005871 -0.001235 0.075780
v -0.005839 -0.001381 0.075780
v -0.005803 -0.001526 0.075780
v -0.005763 -0.001670 0.075780
v -0.005719 -0.001813 0.075780
v -0.005672 -0.001955 0.075780
v -0.005622 -0.002096 0.075780
v -0.005568 -0.002236 0.075780
v -0.005510 -0.002374 0.075780
v -0.005450 -0.002510 0.075780
v -0.005385 -0.002645 0.075780
v -0.005318 -0.002779 0.075780
v -0.005247 -0.002910 0.075780
v -0.005173 -0.003040 0.075780
v -0.005095 -0.003168 0.075780
v -0.005015 -0.003294 0.075780
v -0.004931 -0.003418 0.075780
v -0.004844 -0.003540 0.075780
v -0.004755 -0.003660 0.075780
v -0.004662 -0.003777 0.075780
v -0.004566 -0.003892 0.075780
v -0.004468 -0.004005 0.075780
v -0.004367 -0.004115 0.075780
v -0.004263 -0.004222 0.075780
v -0.004156 -0.004327 0.075780
v -0.004047 -0.004430 0.075780
v -0.003936 -0.004529 0.075780
v -0.003821 -0.004626 0.075780
v -0.003705 -0.004719 0.075780
v -0.003586 -0.004810 0.075780
v -0.003465 -0.004898 0.075780
v -0.003342 -0.004983 0.075780
v -0.003217 -0.005065 0.075780
v -0.003090 -0.005143 0.075780
v -0.002960 -0.005219 0.075780
v -0.002829 -0.005291 0.075780
v -0.002697 -0.005360 0.075780
v -0.002562 -0.005425 0.075780
v -0.002426 -0.005488 0.075780
v -0.002289 -0.005546 0.075780
v -0.002150 -0.005602 0.075780
v -0.002010 -0.005653 0.075780
v -0.001868 -0.005702 0.075780
v -0.001725 -0.005747 0.075780
v -0.001582 -0.005788 0.075780
v -0.001437 -0.005825 0.075780
v -0.001291 -0.005859 0.075780
v -0.001145 -0.005890 0.075780
v -0.000998 -0.005916 0.075780
v -0.000850 -0.005940 0.075780
v -0.000702 -0.005959 0.075780
v -0.000553 -0.005974 0.075780
v -0.000404 -0.005986 0.075780
v -0.000254 -0.005995 0.075780
v -0.000105 -0.005999 0.075780
v 0.000045 -0.006000 0.075780
v 0.000194 -0.005997 0.075780
v 0.000343 -0.005990 0.075780
v 0.000493 -0.005980 0.075780
v 0.000642 -0.005966 0.075780
v 0.000790 -0.005948 0.075780
v 0.000938 -0.005926 0.075780
v 0.001085 -0.005901 0.075780
v 0.001232 -0.005872 0.075780
v 0.001378 -0.005840 0.075780
v 0.001523 -0.005803 0.075780
v 0.001667 -0.005764 0.075780
v 0.001810 -0.005720 0.075780
v 0.001952 -0.005673 0.075780
v 0.002093 -0.005623 0.075780
v 0.002233 -0.005569 0.075780
v 0.002371 -0.005512 0.075780
v 0.002508 -0.005451 0.075780
v 0.002643 -0.005387 0.075780
v 0.002776 -0.005319 0.075780
v 0.002908 -0.005248 0.075780
v 0.003038 -0.005174 0.075780
v 0.003166 -0.005097 0.075780
v 0.003292 -0.005016 0.075780
v 0.003416 -0.004933 0.075780
v 0.003538 -0.004846 0.075780
v 0.003657 -0.004757 0.075780
v 0.003775 -0.004664 0.075780
v 0.003890 -0.004568 0.075780
v 0.004002 -0.004470 0.075780
v 0.004112 -0.004369 0.075780
v 0.004220 -0.004265 0.075780
v 0.004325 -0.004159 0.075780
v 0.004427 -0.004049 0.075780
v 0.004527 -0.003938 0.075780
v 0.004624 -0.003824 0.075780
v 0.004718 -0.003707 0.075780
v 0.004808 -0.003589 0.075780
v 0.004896 -0.003468 0.075780
v 0.004981 -0.003345 0.075780
v 0.005063 -0.003219 0.075780
v 0.005142 -0.003092 0.075780
v 0.005217 -0.002963 0.075780
v 0.005289 -0.002832 0.075780
v 0.005358 -0.002699 0.075780
v 0.005424 -0.002565 0.075780
v 0.005486 -0.002429 0.075780
v 0.005545 -0.002292 0.075780
v 0.005601 -0.002153 0.075780
v 0.005652 -0.002012 0.075780
v 0.005701 -0.001871 0.075780
v 0.005746 -0.001728 0.075780
v 0.005787 -0.001585 0.075780
v 0.005825 -0.001440 0.075780
v 0.005859 -0.001294 0.075780
v 0.005889 -0.001148 0.075780
v 0.005916 -0.001001 0.075780
v 0.005939 -0.000853 0.075780
v 0.005958 -0.000705 0.075780
v 0.005974 -0.000556 0.075780
v 0.005986 -0.000407 0.075780
v 0.005994 -0.000258 0.075780
v 0.005999 -0.000108 0.075780
v 0.006000 0.000041 0.075780
v 0.005997 0.000191 0.075780
v 0.005990 0.000340 0.075780
v 0.005980 0.000490 0.075780
v 0.005966 0.000638 0.075780
v 0.005948 0.000787 0.075780
v 0.005927 0.000935 0.075780
v 0.005902 0.001082 0.075780
v 0.005873 0.001229 0.075780
v 0.005840 0.001375 0.075780
v 0.005804 0.001520 0.075780
v 0.005765 0.001664 0.075780
v 0.005721 0.001807 0.075780
v 0.005674 0.001950 0.075780
v 0.005624 0.002090 0.075780
v 0.005570 0.002230 0.075780
v 0.005513 0.002368 0.075780
v 0.005452 0.002505 0.075780
v 0.005388 0.002640 0.075780
v 0.005321 0.002773 0.075780
v 0.005250 0.002905 0.075780
v 0.005176 0.003035 0.075780
v 0.005099 0.003163 0.075780
v 0.005018 0.003289 0.075780
v 0.004935 0.003413 0.075780
v 0.004848 0.003535 0.075780
v 0.004758 0.003655 0.075780
v 0.004666 0.003772 0.075780
v 0.004570 0.003887 0.075780
v 0.004472 0.004000 0.075780
v 0.006700 0.004000 0.075780
v 0.006700 0.006000 0.075780
v 0.005000 0.006000 0.075780
v 0.005000 0.006200 0.075780
v 0.003300 0.000000 0.075780
v 0.003299 0.000082 0.075780
v 0.003296 0.000164 0.075780
v 0.003291 0.000247 0.075780
v 0.003284 0.000329 0.075780
v 0.003274 0.000410 0.075780
v 0.003263 0.000492 0.075780
v 0.003250 0.000573 0.075780
v 0.003235 0.000654 0.075780
v 0.003217 0.000734 0.075780
v 0.003198 0.000814 0.075780
v 0.003177 0.000894 0.075780
v 0.003153 0.000973 0.075780
v 0.003128 0.001051 0.075780
v 0.003101 0.001129 0.075780
v 0.003072 0.001206 0.075780
v 0.003041 0.001282 0.075780
v 0.003008 0.001357 0.075780
v 0.002973 0.001432 0.075780
v 0.002937 0.001505 0.075780
v 0.002898 0.001578 0.075780
v 0.002858 0.001650 0.075780
v 0.002816 0.001721 0.075780
v 0.002772 0.001790 0.075780
v 0.002727 0.001859 0.075780
v 0.002679 0.001926 0.075780
v 0.002631 0.001993 0.075780
v 0.002580 0.002058 0.075780
v 0.002528 0.002121 0.075780
v 0.002474 0.002184 0.075780
v 0.002419 0.002245 0.075780
v 0.002362 0.002304 0.075780
v 0.002304 0.002362 0.075780
v 0.002245 0.002419 0.075780
v 0.002184 0.002474 0.075780
v 0.002121 0.002528 0.075780
v 0.002058 0.002580 0.075780
v 0.001993 0.002631 0.075780
v 0.001926 0.002679 0.075780
v 0.001859 0.002727 0.075780
v 0.001790 0.002772 0.075780
v 0.001721 0.002816 0.075780
v 0.001650 0.002858 0.075780
v 0.001578 0.002898 0.075780
v 0.001505 0.002937 0.075780
v 0.001432 0.002973 0.075780
v 0.001357 0.003008 0.075780
v 0.001282 0.003041 0.075780
v 0.001206 0.003072 0.075780
v 0.001129 0.003101 0.075780
v 0.001051 0.003128 0.075780
v 0.000973 0.003153 0.075780
v 0.000894 0.003177 0.075780
v 0.000814 0.003198 0.075780
v 0.000734 0.003217 0.075780
v 0.000654 0.003235 0.075780
v 0.000573 0.003250 0.075780
v 0.000492 0.003263 0.075780
v 0.000410 0.003274 0.075780
v 0.000329 0.003284 0.075780
v 0.000247 0.003291 0.075780
v 0.000164 0.003296 0.075780
v 0.000082 0.003299 0.075780
v 0.000000 0.003300 0.075780
v -0.000082 0.003299 0.075780
v -0.000164 0.003296 0.075780
v -0.000247 0.003291 0.075780
v -0.000329 0.003284 0.075780
v -0.000410 0.003274 0.075780
v -0.000492 0.003263 0.075780
v -0.000573 0.003250 0.075780
v -0.000654 0.003235 0.075780
v -0.000734 0.003217 0.075780
v -0.000814 0.003198 0.075780
v -0.000894 0.003177 0.075780
v -0.000973 0.003153 0.075780
v -0.001051 0.003128 0.075780
v -0.001129 0.003101 0.075780
v -0.001206 0.003072 0.075780
v -0.001282 0.003041 0.075780
v -0.001357 0.003008 0.075780
v -0.001432 0.002973 0.075780
v -0.001505 0.002937 0.075780
v -0.001578 0.002898 0.075780
v -0.001650 0.002858 0.075780
v -0.001721 0.002816 0.075780
v -0.001790 0.002772 0.075780
v -0.001859 0.002727 0.075780
v -0.001926 0.002679 0.075780
v -0.001993 0.002631 0.075780
v -0.002058 0.002580 0.075780
v -0.002121 0.002528 0.075780
v -0.002184 0.002474 0.075780
v -0.002245 0.002419 0.075780
v -0.002304 0.002362 0.075780
v -0.002362 0.002304 0.075780
v -0.002419 0.002245 0.075780
v -0.002474 0.002184 0.075780
v -0.002528 0.002121 0.075780
v -0.002580 0.002058 0.075780
v -0.002631 0.001993 0.075780
v -0.002679 0.001926 0.075780
v -0.002727 0.001859 0.075780
v -0.002772 0.001790 0.075780
v -0.002816 0.001721 0.075780
v -0.002858 0.001650 0.075780
v -0.002898 0.001578 0.075780
v -0.002937 0.001505 0.075780
v -0.002973 0.001432 0.075780
v -0.003008 0.001357 0.075780
v -0.003041 0.001282 0.075780
v -0.003072 0.001206 0.075780
v -0.003101 0.001129 0.075780
v -0.003128 0.001051 0.075780
v -0.003153 0.000973 0.075780
v -0.003177 0.000894 0.075780
v -0.003198 0.000814 0.075780
v -0.003217 0.000734 0.075780
v -0.003235 0.000654 0.075780
v -0.003250 0.000573 0.075780
v -0.003263 0.000492 0.075780
v -0.003274 0.000410 0.075780
v -0.003284 0.000329 0.075780
v -0.003291 0.000247 0.075780
v -0.003296 0.000164 0.075780
v -0.003299 0.000082 0.075780
v -0.003300 -0.000000 0.075780
v -0.003299 -0.000082 0.075780
v -0.003296 -0.000164 0.075780
v -0.003291 -0.000247 0.075780
v -0.003284 -0.000329 0.075780
v -0.003274 -0.000410 0.075780
v -0.003263 -0.000492 0.075780
v -0.003250 -0.000573 0.075780
v -0.003235 -0.000654 0.075780
v -0.003217 -0.000734 0.075780
v -0.003198 -0.000814 0.075780
v -0.003177 -0.000894 0.075780
v -0.003153 -0.000973 0.075780
v -0.003128 -0.001051 0.075780
v -0.003101 -0.001129 0.075780
v -0.003072 -0.001206 0.075780
v -0.003041 -0.001282 0.075780
v -0.003008 -0.001357 0.075780
v -0.002973 -0.001432 0.075780
v -0.002937 -0.001505 0.075780
v -0.002898 -0.001578 0.075780
v -0.002858 -0.001650 0.075780
v -0.002816 -0.001721 0.075780
v -0.002772 -0.001790 0.075780
v -0.002727 -0.001859 0.075780
v -0.002679 -0.001926 0.075780
v -0.002631 -0.001993 0.075780
v -0.002580 -0.002058 0.075780
v -0.002528 -0.002121 0.075780
v -0.002474 -0.002184 0.075780
v -0.002419 -0.002245 0.075780
v -0.002362 -0.002304 0.075780
v -0.002304 -0.002362 0.075780
v -0.002245 -0.002419 0.075780
v -0.002184 -0.002474 0.075780
v -0.002121 -0.002528 0.075780
v -0.002058 -0.002580 0.075780
v -0.001993 -0.002631 0.075780
v -0.001926 -0.002679 0.075780
v -0.001859 -0.002727 0.075780
v -0.001790 -0.002772 0.075780
v -0.001721 -0.002816 0.075780
v -0.001650 -0.002858 0.075780
v -0.001578 -0.002898 0.075780
v -0.001505 -0.002937 0.075780
v -0.001432 -0.002973 0.075780
v -0.001357 -0.003008 0.075780
v -0.001282 -0.003041 0.075780
v -0.001206 -0.003072 0.075780
v -0.001129 -0.003101 0.075780
v -0.001051 -0.003128 0.075780
v -0.000973 -0.003153 0.075780
v -0.000894 -0.003177 0.075780
v -0.000814 -0.003198 0.075780
v -0.000734 -0.003217 0.075780
v -0.000654 -0.003235 0.075780
v -0.000573 -0.003250 0.075780
v -0.000492 -0.003263 0.075780
v -0.000410 -0.003274 0.075780
v -0.000329 -0.003284 0.075780
v -0.000247 -0.003291 0.075780
v -0.000164 -0.003296 0.075780
v -0.000082 -0.003299 0.075780
v 0.000000 -0.003300 0.075780
v 0.000082 -0.003299 0.075780
v 0.000164 -0.003296 0.075780
v 0.000247 -0.003291 0.075780
v 0.000329 -0.003284 0.075780
v 0.000410 -0.003274 0.075780
v 0.000492 -0.003263 0.075780
v 0.000573 -0.003250 0.075780
v 0.000654 -0.003235 0.075780
v 0.000734 -0.003217 0.075780
v 0.000814 -0.003198 0.075780
v 0.000894 -0.003177 0.075780
v 0.000973 -0.003153 0.075780
v 0.001051 -0.003128 0.075780
v 0.001129 -0.003101 0.075780
v 0.001206 -0.003072 0.075780
v 0.001282 -0.003041 0.075780
v 0.001357 -0.003008 0.075780
v 0.001432 -0.002973 0.075780
v 0.001505 -0.002937 0.075780
v 0.001578 -0.002898 0.075780
v 0.001650 -0.002858 0.075780
v 0.001721 -0.002816 0.075780
v 0.001790 -0.002772 0.075780
v 0.001859 -0.002727 0.075780
v 0.001926 -0.002679 0.075780
v 0.001993 -0.002631 0.075780
v 0.002058 -0.002580 0.075780
v 0.002121 -0.002528 0.075780
v 0.002184 -0.002474 0.075780
v 0.002245 -0.002419 0.075780
v 0.002304 -0.002362 0.075780
v 0.002362 -0.002304 0.075780
v 0.002419 -0.002245 0.075780
v 0.002474 -0.002184 0.075780
v 0.002528 -0.002121 0.075780
v 0.002580 -0.002058 0.075780
v 0.002631 -0.001993 0.075780
v 0.002679 -0.001926 0.075780
v 0.002727 -0.001859 0.075780
v 0.002772 -0.001790 0.075780
v 0.002816 -0.001721 0.075780
v 0.002858 -0.001650 0.075780
v 0.002898 -0.001578 0.075780
v 0.002937 -0.001505 0.075780
v 0.002973 -0.001432 0.075780
v 0.003008 -0.001357 0.075780
v 0.003041 -0.001282 0.075780
v 0.003072 -0.001206 0.075780
v 0.003101 -0.001129 0.075780
v 0.003128 -0.001051 0.075780
v 0.003153 -0.000973 0.075780
v 0.003177 -0.000894 0.075780
v 0.003198 -0.000814 0.075780
v 0.003217 -0.000734 0.075780
v 0.003235 -0.000654 0.075780
v 0.003250 -0.000573 0.075780
v 0.003263 -0.000492 0.075780
v 0.003274 -0.000410 0.075780
v 0.003284 -0.000329 0.075780
v 0.003291 -0.000247 0.075780
v 0.003296 -0.000164 0.075780
v 0.003299 -0.000082 0.075780
v 0.005000 0.006000 0.095000
v 0.005000 0.009000 0.095000
v 0.035000 0.006000 0.095000
v 0.035000 0.009000 0.095000
v 0.005000 0.009000 0.000000
v 0.035000 0.009000 0.000000
v 0.005000 0.009000 0.095000
v 0.035000 0.009000 0.095000
v 0.005000 0.006000 0.000000
v 0.005000 0.009000 0.000000
v 0.035000 0.006000 0.000000
v 0.035000 0.009000 0.000000
v 0.006700 0.004000 0.075780
v 0.006700 0.006000 0.075780
v 0.006700 0.004000 0.057660
v 0.006700 0.006000 0.057660
v 0.006700 0.004000 0.037340
v 0.006700 0.006000 0.037340
v 0.006700 0.004000 0.019220
v 0.006700 0.006000 0.019220
v 0.035000 0.006000 0.000000
v 0.035000 0.006000 0.095000
v 0.035000 0.009000 0.000000
v 0.035000 0.009000 0.095000
v 0.003700 0.004723 0.037340
v 0.003700 0.006200 0.037340
v 0.003700 0.004723 0.019220
v 0.003700 0.006200 0.019220
v 0.003700 0.004723 0.037340
v 0.003581 0.004814 0.037340
v 0.003460 0.004902 0.037340
v 0.003337 0.004987 0.037340
v 0.003211 0.005068 0.037340
v 0.003084 0.005147 0.037340
v 0.002955 0.005222 0.037340
v 0.002824 0.005294 0.037340
v 0.002691 0.005363 0.037340
v 0.002557 0.005428 0.037340
v 0.002421 0.005490 0.037340
v 0.002283 0.005549 0.037340
v 0.002144 0.005604 0.037340
v 0.002004 0.005656 0.037340
v 0.001862 0.005704 0.037340
v 0.001719 0.005748 0.037340
v 0.001576 0.005789 0.037340
v 0.001431 0.005827 0.037340
v 0.001285 0.005861 0.037340
v 0.001139 0.005891 0.037340
v 0.000991 0.005918 0.037340
v 0.000844 0.005940 0.037340
v 0.000695 0.005960 0.037340
v 0.000547 0.005975 0.037340
v 0.000398 0.005987 0.037340
v 0.000248 0.005995 0.037340
v 0.000099 0.005999 0.037340
v -0.000051 0.006000 0.037340
v -0.000200 0.005997 0.037340
v -0.000350 0.005990 0.037340
v -0.000499 0.005979 0.037340
v -0.000648 0.005965 0.037340
v -0.000796 0.005947 0.037340
v -0.000944 0.005925 0.037340
v -0.001092 0.005900 0.037340
v -0.001238 0.005871 0.037340
v -0.001384 0.005838 0.037340
v -0.001529 0.005802 0.037340
v -0.001673 0.005762 0.037340
v -0.001816 0.005718 0.037340
v -0.001958 0.005671 0.037340
v -0.002099 0.005621 0.037340
v -0.002239 0.005567 0.037340
v -0.002377 0.005509 0.037340
v -0.002513 0.005448 0.037340
v -0.002648 0.005384 0.037340
v -0.002782 0.005316 0.037340
v -0.002913 0.005245 0.037340
v -0.003043 0.005171 0.037340
v -0.003171 0.005094 0.037340
v -0.003297 0.005013 0.037340
v -0.003421 0.004929 0.037340
v -0.003543 0.004843 0.037340
v -0.003662 0.004753 0.037340
v -0.003780 0.004660 0.037340
v -0.003894 0.004564 0.037340
v -0.004007 0.004466 0.037340
v -0.004117 0.004365 0.037340
v -0.004225 0.004261 0.037340
v -0.004329 0.004154 0.037340
v -0.004432 0.004045 0.037340
v -0.004531 0.003933 0.037340
v -0.004628 0.003819 0.037340
v -0.004721 0.003702 0.037340
v -0.004812 0.003584 0.037340
v -0.004900 0.003463 0.037340
v -0.004985 0.003339 0.037340
v -0.005066 0.003214 0.037340
v -0.005145 0.003087 0.037340
v -0.005220 0.002958 0.037340
v -0.005292 0.002827 0.037340
v -0.005361 0.002694 0.037340
v -0.005427 0.002559 0.037340
v -0.005489 0.002423 0.037340
v -0.005548 0.002286 0.037340
v -0.005603 0.002147 0.037340
v -0.005655 0.002007 0.037340
v -0.005703 0.001865 0.037340
v -0.005747 0.001722 0.037340
v -0.005789 0.001579 0.037340
v -0.005826 0.001434 0.037340
v -0.005860 0.001288 0.037340
v -0.005890 0.001142 0.037340
v -0.005917 0.000995 0.037340
v -0.005940 0.000847 0.037340
v -0.005959 0.000698 0.037340
v -0.005975 0.000550 0.037340
v -0.005987 0.000401 0.037340
v -0.005995 0.000251 0.037340
v -0.005999 0.000102 0.037340
v -0.006000 -0.000048 0.037340
v -0.005997 -0.000197 0.037340
v -0.005990 -0.000347 0.037340
v -0.005979 -0.000496 0.037340
v -0.005965 -0.000645 0.037340
v -0.005947 -0.000793 0.037340
v -0.005926 -0.000941 0.037340
v -0.005900 -0.001088 0.037340
v -0.005871 -0.001235 0.037340
v -0.005839 -0.001381 0.037340
v -0.005803 -0.001526 0.037340
v -0.005763 -0.001670 0.037340
v -0.005719 -0.001813 0.037340
v -0.005672 -0.001955 0.037340
v -0.005622 -0.002096 0.037340
v -0.005568 -0.002236 0.037340
v -0.005510 -0.002374 0.037340
v -0.005450 -0.002510 0.037340
v -0.005385 -0.002645 0.037340
v -0.005318 -0.002779 0.037340
v -0.005247 -0.002910 0.037340
v -0.005173 -0.003040 0.037340
v -0.005095 -0.003168 0.037340
v -0.005015 -0.003294 0.037340
v -0.004931 -0.003418 0.037340
v -0.004844 -0.003540 0.037340
v -0.004755 -0.003660 0.037340
v -0.004662 -0.003777 0.037340
v -0.004566 -0.003892 0.037340
v -0.004468 -0.004005 0.037340
v -0.004367 -0.004115 0.037340
v -0.004263 -0.004222 0.037340
v -0.004156 -0.004327 0.037340
v -0.004047 -0.004430 0.037340
v -0.003936 -0.004529 0.037340
v -0.003821 -0.004626 0.037340
v -0.003705 -0.004719 0.037340
v -0.003586 -0.004810 0.037340
v -0.003465 -0.004898 0.037340
v -0.003342 -0.004983 0.037340
v -0.003217 -0.005065 0.037340
v -0.003090 -0.005143 0.037340
v -0.002960 -0.005219 0.037340
v -0.002829 -0.005291 0.037340
v -0.002697 -0.005360 0.037340
v -0.002562 -0.005425 0.037340
v -0.002426 -0.005488 0.037340
v -0.002289 -0.005546 0.037340
v -0.002150 -0.005602 0.037340
v -0.002010 -0.005653 0.037340
v -0.001868 -0.005702 0.037340
v -0.001725 -0.005747 0.037340
v -0.001582 -0.005788 0.037340
v -0.001437 -0.005825 0.037340
v -0.001291 -0.005859 0.037340
v -0.001145 -0.005890 0.037340
v -0.000998 -0.005916 0.037340
v -0.000850 -0.005940 0.037340
v -0.000702 -0.005959 0.037340
v -0.000553 -0.005974 0.037340
v -0.000404 -0.005986 0.037340
v -0.000254 -0.005995 0.037340
v -0.000105 -0.005999 0.037340
v 0.000045 -0.006000 0.037340
v 0.000194 -0.005997 0.037340
v 0.000343 -0.005990 0.037340
v 0.000493 -0.005980 0.037340
v 0.000642 -0.005966 0.037340
v 0.000790 -0.005948 0.037340
v 0.000938 -0.005926 0.037340
v 0.001085 -0.005901 0.037340
v 0.001232 -0.005872 0.037340
v 0.001378 -0.005840 0.037340
v 0.001523 -0.005803 0.037340
v 0.001667 -0.005764 0.037340
v 0.001810 -0.005720 0.037340
v 0.001952 -0.005673 0.037340
v 0.002093 -0.005623 0.037340
v 0.002233 -0.005569 0.037340
v 0.002371 -0.005512 0.037340
v 0.002508 -0.005451 0.037340
v 0.002643 -0.005387 0.037340
v 0.002776 -0.005319 0.037340
v 0.002908 -0.005248 0.037340
v 0.003038 -0.005174 0.037340
v 0.003166 -0.005097 0.037340
v 0.003292 -0.005016 0.037340
v 0.003416 -0.004933 0.037340
v 0.003538 -0.004846 0.037340
v 0.003657 -0.004757 0.037340
v 0.003775 -0.004664 0.037340
v 0.003890 -0.004568 0.037340
v 0.004002 -0.004470 0.037340
v 0.004112 -0.004369 0.037340
v 0.004220 -0.004265 0.037340
v 0.004325 -0.004159 0.037340
v 0.004427 -0.004049 0.037340
v 0.004527 -0.003938 0.037340
v 0.004624 -0.003824 0.037340
v 0.004718 -0.003707 0.037340
v 0.004808 -0.003589 0.037340
v 0.004896 -0.003468 0.037340
v 0.004981 -0.003345 0.037340
v 0.005063 -0.003219 0.037340
v 0.005142 -0.003092 0.037340
v 0.005217 -0.002963 0.037340
v 0.005289 -0.002832 0.037340
v 0.005358 -0.002699 0.037340
v 0.005424 -0.002565 0.037340
v 0.005486 -0.002429 0.037340
v 0.005545 -0.002292 0.037340
v 0.005601 -0.002153 0.037340
v 0.005652 -0.002012 0.037340
v 0.005701 -0.001871 0.037340
v 0.005746 -0.001728 0.037340
v 0.005787 -0.001585 0.037340
v 0.005825 -0.001440 0.037340
v 0.005859 -0.001294 0.037340
v 0.005889 -0.001148 0.037340
v 0.005916 -0.001001 0.037340
v 0.005939 -0.000853 0.037340
v 0.005958 -0.000705 0.037340
v 0.005974 -0.000556 0.037340
v 0.005986 -0.000407 0.037340
v 0.005994 -0.000258 0.037340
v 0.005999 -0.000108 0.037340
v 0.006000 0.000041 0.037340
v 0.005997 0.000191 0.037340
v 0.005990 0.000340 0.037340
v 0.005980 0.000490 0.037340
v 0.005966 0.000638 0.037340
v 0.005948 0.000787 0.037340
v 0.005927 0.000935 0.037340
v 0.005902 0.001082 0.037340
v 0.005873 0.001229 0.037340
v 0.005840 0.001375 0.037340
v 0.005804 0.001520 0.037340
v 0.005765 0.001664 0.037340
v 0.005721 0.001807 0.037340
v 0.005674 0.001950 0.037340
v 0.005624 0.002090 0.037340
v 0.005570 0.002230 0.037340
v 0.005513 0.002368 0.037340
v 0.005452 0.002505 0.037340
v 0.005388 0.002640 0.037340
v 0.005321 0.002773 0.037340
v 0.005250 0.002905 0.037340
v 0.005176 0.003035 0.037340
v 0.005099 0.003163 0.037340
v 0.005018 0.003289 0.037340
v 0.004935 0.003413 0.037340
v 0.004848 0.003535 0.037340
v 0.004758 0.003655 0.037340
v 0.004666 0.003772 0.037340
v 0.004570 0.003887 0.037340
v 0.004472 0.004000 0.037340
v 0.004472 0.004000 0.019220
v 0.004570 0.003887 0.019220
v 0.004666 0.003772 0.019220
v 0.004758 0.003655 0.019220
v 0.004848 0.003535 0.019220
v 0.004935 0.003413 0.019220
v 0.005018 0.003289 0.019220
v 0.005099 0.003163 0.019220
v 0.005176 0.003035 0.019220
v 0.005250 0.002905 0.019220
v 0.005321 0.002773 0.019220
v 0.005388 0.002640 0.019220
v 0.005452 0.002505 0.019220
v 0.005513 0.002368 0.019220
v 0.005570 0.002230 0.019220
v 0.005624 0.002090 0.019220
v 0.005674 0.001950 0.019220
v 0.005721 0.001807 0.019220
v 0.005765 0.001664 0.019220
v 0.005804 0.001520 0.019220
v 0.005840 0.001375 0.019220
v 0.005873 0.001229 0.019220
v 0.005902 0.001082 0.019220
v 0.005927 0.000935 0.019220
v 0.005948 0.000787 0.019220
v 0.005966 0.000638 0.019220
v 0.005980 0.000490 0.019220
v 0.005990 0.000340 0.019220
v 0.005997 0.000191 0.019220
v 0.006000 0.000041 0.019220
v 0.005999 -0.000108 0.019220
v 0.005994 -0.000258 0.019220
v 0.005986 -0.000407 0.019220
v 0.005974 -0.000556 0.019220
v 0.005958 -0.000705 0.019220
v 0.005939 -0.000853 0.019220
v 0.005916 -0.001001 0.019220
v 0.005889 -0.001148 0.019220
v 0.005859 -0.001294 0.019220
v 0.005825 -0.001440 0.019220
v 0.005787 -0.001585 0.019220
v 0.005746 -0.001728 0.019220
v 0.005701 -0.001871 0.019220
v 0.005652 -0.002012 0.019220
v 0.005601 -0.002153 0.019220
v 0.005545 -0.002292 0.019220
v 0.005486 -0.002429 0.019220
v 0.005424 -0.002565 0.019220
v 0.005358 -0.002699 0.019220
v 0.005289 -0.002832 0.019220
v 0.005217 -0.002963 0.019220
v 0.005142 -0.003092 0.019220
v 0.005063 -0.003219 0.019220
v 0.004981 -0.003345 0.019220
v 0.004896 -0.003468 0.019220
v 0.004808 -0.003589 0.019220
v 0.004718 -0.003707 0.019220
v 0.004624 -0.003824 0.019220
v 0.004527 -0.003938 0.019220
v 0.004427 -0.004049 0.019220
v 0.004325 -0.004159 0.019220
v 0.004220 -0.004265 0.019220
v 0.004112 -0.004369 0.019220
v 0.004002 -0.004470 0.019220
v 0.003890 -0.004568 0.019220
v 0.003775 -0.004664 0.019220
v 0.003657 -0.004757 0.019220
v 0.003538 -0.004846 0.019220
v 0.003416 -0.004933 0.019220
v 0.003292 -0.005016 0.019220
v 0.003166 -0.005097 0.019220
v 0.003038 -0.005174 0.019220
v 0.002908 -0.005248 0.019220
v 0.002776 -0.005319 0.019220
v 0.002643 -0.005387 0.019220
v 0.002508 -0.005451 0.019220
v 0.002371 -0.005512 0.019220
v 0.002233 -0.005569 0.019220
v 0.002093 -0.005623 0.019220
v 0.001952 -0.005673 0.019220
v 0.001810 -0.005720 0.019220
v 0.001667 -0.005764 0.019220
v 0.001523 -0.005803 0.019220
v 0.001378 -0.005840 0.019220
v 0.001232 -0.005872 0.019220
v 0.001085 -0.005901 0.019220
v 0.000938 -0.005926 0.019220
v 0.000790 -0.005948 0.019220
v 0.000642 -0.005966 0.019220
v 0.000493 -0.005980 0.019220
v 0.000343 -0.005990 0.019220
v 0.000194 -0.005997 0.019220
v 0.000045 -0.006000 0.019220
v -0.000105 -0.005999 0.019220
v -0.000254 -0.005995 0.019220
v -0.000404 -0.005986 0.019220
v -0.000553 -0.005974 0.019220
v -0.000702 -0.005959 0.019220
v -0.000850 -0.005940 0.019220
v -0.000998 -0.005916 0.019220
v -0.001145 -0.005890 0.019220
v -0.001291 -0.005859 0.019220
v -0.001437 -0.005825 0.019220
v -0.001582 -0.005788 0.019220
v -0.001725 -0.005747 0.019220
v -0.001868 -0.005702 0.019220
v -0.002010 -0.005653 0.019220
v -0.002150 -0.005602 0.019220
v -0.002289 -0.005546 0.019220
v -0.002426 -0.005488 0.019220
v -0.002562 -0.005425 0.019220
v -0.002697 -0.005360 0.019220
v -0.002829 -0.005291 0.019220
v -0.002960 -0.005219 0.019220
v -0.003090 -0.005143 0.019220
v -0.003217 -0.005065 0.019220
v -0.003342 -0.004983 0.019220
v -0.003465 -0.004898 0.019220
v -0.003586 -0.004810 0.019220
v -0.003705 -0.004719 0.019220
v -0.003821 -0.004626 0.019220
v -0.003936 -0.004529 0.019220
v -0.004047 -0.004430 0.019220
v -0.004156 -0.004327 0.019220
v -0.004263 -0.004222 0.019220
v -0.004367 -0.004115 0.019220
v -0.004468 -0.004005 0.019220
v -0.004566 -0.003892 0.019220
v -0.004662 -0.003777 0.019220
v -0.004755 -0.003660 0.019220
v -0.004844 -0.003540 0.019220
v -0.004931 -0.003418 0.019220
v -0.005015 -0.003294 0.019220
v -0.005095 -0.003168 0.019220
v -0.005173 -0.003040 0.019220
v -0.005247 -0.002910 0.019220
v -0.005318 -0.002779 0.019220
v -0.005385 -0.002645 0.019220
v -0.005450 -0.002510 0.019220
v -0.005510 -0.002374 0.019220
v -0.005568 -0.002236 0.019220
v -0.005622 -0.002096 0.019220
v -0.005672 -0.001955 0.019220
v -0.005719 -0.001813 0.019220
v -0.005763 -0.001670 0.019220
v -0.005803 -0.001526 0.019220
v -0.005839 -0.001381 0.019220
v -0.005871 -0.001235 0.019220
v -0.005900 -0.001088 0.019220
v -0.005926 -0.000941 0.019220
v -0.005947 -0.000793 0.019220
v -0.005965 -0.000645 0.019220
v -0.005979 -0.000496 0.019220
v -0.005990 -0.000347 0.019220
v -0.005997 -0.000197 0.019220
v -0.006000 -0.000048 0.019220
v -0.005999 0.000102 0.019220
v -0.005995 0.000251 0.019220
v -0.005987 0.000401 0.019220
v -0.005975 0.000550 0.019220
v -0.005959 0.000698 0.019220
v -0.005940 0.000847 0.019220
v -0.005917 0.000995 0.019220
v -0.005890 0.001142 0.019220
v -0.005860 0.001288 0.019220
v -0.005826 0.001434 0.019220
v -0.005789 0.001579 0.019220
v -0.005747 0.001722 0.019220
v -0.005703 0.001865 0.019220
v -0.005655 0.002007 0.019220
v -0.005603 0.002147 0.019220
v -0.005548 0.002286 0.019220
v -0.005489 0.002423 0.019220
v -0.005427 0.002559 0.019220
v -0.005361 0.002694 0.019220
v -0.005292 0.002827 0.019220
v -0.005220 0.002958 0.019220
v -0.005145 0.003087 0.019220
v -0.005066 0.003214 0.019220
v -0.004985 0.003339 0.019220
v -0.004900 0.003463 0.019220
v -0.004812 0.003584 0.019220
v -0.004721 0.003702 0.019220
v -0.004628 0.003819 0.019220
v -0.004531 0.003933 0.019220
v -0.004432 0.004045 0.019220
v -0.004329 0.004154 0.019220
v -0.004225 0.004261 0.019220
v -0.004117 0.004365 0.019220
v -0.004007 0.004466 0.019220
v -0.003894 0.004564 0.019220
v -0.003780 0.004660 0.019220
v -0.003662 0.004753 0.019220
v -0.003543 0.004843 0.019220
v -0.003421 0.004929 0.019220
v -0.003297 0.005013 0.019220
v -0.003171 0.005094 0.019220
v -0.003043 0.005171 0.019220
v -0.002913 0.005245 0.019220
v -0.002782 0.005316 0.019220
v -0.002648 0.005384 0.019220
v -0.002513 0.005448 0.019220
v -0.002377 0.005509 0.019220
v -0.002239 0.005567 0.019220
v -0.002099 0.005621 0.019220
v -0.001958 0.005671 0.019220
v -0.001816 0.005718 0.019220
v -0.001673 0.005762 0.019220
v -0.001529 0.005802 0.019220
v -0.001384 0.005838 0.019220
v -0.001238 0.005871 0.019220
v -0.001092 0.005900 0.019220
v -0.000944 0.005925 0.019220
v -0.000796 0.005947 0.019220
v -0.000648 0.005965 0.019220
v -0.000499 0.005979 0.019220
v -0.000350 0.005990 0.019220
v -0.000200 0.005997 0.019220
v -0.000051 0.006000 0.019220
v 0.000099 0.005999 0.019220
v 0.000248 0.005995 0.019220
v 0.000398 0.005987 0.019220
v 0.000547 0.005975 0.019220
v 0.000695 0.005960 0.019220
v 0.000844 0.005940 0.019220
v 0.000991 0.005918 0.019220
v 0.001139 0.005891 0.019220
v 0.001285 0.005861 0.019220
v 0.001431 0.005827 0.019220
v 0.001576 0.005789 0.019220
v 0.001719 0.005748 0.019220
v 0.001862 0.005704 0.019220
v 0.002004 0.005656 0.019220
v 0.002144 0.005604 0.019220
v 0.002283 0.005549 0.019220
v 0.002421 0.005490 0.019220
v 0.002557 0.005428 0.019220
v 0.002691 0.005363 0.019220
v 0.002824 0.005294 0.019220
v 0.002955 0.005222 0.019220
v 0.003084 0.005147 0.019220
v 0.003211 0.005068 0.019220
v 0.003337 0.004987 0.019220
v 0.003460 0.004902 0.019220
v 0.003581 0.004814 0.019220
v 0.003700 0.004723 0.019220
v 0.004472 0.004000 0.019220
v 0.006700 0.004000 0.019220
v 0.004472 0.004000 0.037340
v 0.006700 0.004000 0.037340
v 0.003300 0.000000 0.019220
v 0.003300 0.000000 0.037340
v 0.003299 0.000082 0.037340
v 0.003296 0.000164 0.037340
v 0.003291 0.000247 0.037340
v 0.003284 0.000329 0.037340
v 0.003274 0.000410 0.037340
v 0.003263 0.000492 0.037340
v 0.003250 0.000573 0.037340
v 0.003235 0.000654 0.037340
v 0.003217 0.000734 0.037340
v 0.003198 0.000814 0.037340
v 0.003177 0.000894 0.037340
v 0.003153 0.000973 0.037340
v 0.003128 0.001051 0.037340
v 0.003101 0.001129 0.037340
v 0.003072 0.001206 0.037340
v 0.003041 0.001282 0.037340
v 0.003008 0.001357 0.037340
v 0.002973 0.001432 0.037340
v 0.002937 0.001505 0.037340
v 0.002898 0.001578 0.037340
v 0.002858 0.001650 0.037340
v 0.002816 0.001721 0.037340
v 0.002772 0.001790 0.037340
v 0.002727 0.001859 0.037340
v 0.002679 0.001926 0.037340
v 0.002631 0.001993 0.037340
v 0.002580 0.002058 0.037340
v 0.002528 0.002121 0.037340
v 0.002474 0.002184 0.037340
v 0.002419 0.002245 0.037340
v 0.002362 0.002304 0.037340
v 0.002304 0.002362 0.037340
v 0.002245 0.002419 0.037340
v 0.002184 0.002474 0.037340
v 0.002121 0.002528 0.037340
v 0.002058 0.002580 0.037340
v 0.001993 0.002631 0.037340
v 0.001926 0.002679 0.037340
v 0.001859 0.002727 0.037340
v 0.001790 0.002772 0.037340
v 0.001721 0.002816 0.037340
v 0.001650 0.002858 0.037340
v 0.001578 0.002898 0.037340
v 0.001505 0.002937 0.037340
v 0.001432 0.002973 0.037340
v 0.001357 0.003008 0.037340
v 0.001282 0.003041 0.037340
v 0.001206 0.003072 0.037340
v 0.001129 0.003101 0.037340
v 0.001051 0.003128 0.037340
v 0.000973 0.003153 0.037340
v 0.000894 0.003177 0.037340
v 0.000814 0.003198 0.037340
v 0.000734 0.003217 0.037340
v 0.000654 0.003235 0.037340
v 0.000573 0.003250 0.037340
v 0.000492 0.003263 0.037340
v 0.000410 0.003274 0.037340
v 0.000329 0.003284 0.037340
v 0.000247 0.003291 0.037340
v 0.000164 0.003296 0.037340
v 0.000082 0.003299 0.037340
v 0.000000 0.003300 0.037340
v -0.000082 0.003299 0.037340
v -0.000164 0.003296 0.037340
v -0.000247 0.003291 0.037340
v -0.000329 0.003284 0.037340
v -0.000410 0.003274 0.037340
v -0.000492 0.003263 0.037340
v -0.000573 0.003250 0.037340
v -0.000654 0.003235 0.037340
v -0.000734 0.003217 0.037340
v -0.000814 0.003198 0.037340
v -0.000894 0.003177 0.037340
v -0.000973 0.003153 0.037340
v -0.001051 0.003128 0.037340
v -0.001129 0.003101 0.037340
v -0.001206 0.003072 0.037340
v -0.001282 0.003041 0.037340
v -0.001357 0.003008 0.037340
v -0.001432 0.002973 0.037340
v -0.001505 0.002937 0.037340
v -0.001578 0.002898 0.037340
v -0.001650 0.002858 0.037340
v -0.001721 0.002816 0.037340
v -0.001790 0.002772 0.037340
v -0.001859 0.002727 0.037340
v -0.001926 0.002679 0.037340
v -0.001993 0.002631 0.037340
v -0.002058 0.002580 0.037340
v -0.002121 0.002528 0.037340
v -0.002184 0.002474 0.037340
v -0.002245 0.002419 0.037340
v -0.002304 0.002362 0.037340
v -0.002362 0.002304 0.037340
v -0.002419 0.002245 0.037340
v -0.002474 0.002184 0.037340
v -0.002528 0.002121 0.037340
v -0.002580 0.002058 0.037340
v -0.002631 0.001993 0.037340
v -0.002679 0.001926 0.037340
v -0.002727 0.001859 0.037340
v -0.002772 0.001790 0.037340
v -0.002816 0.001721 0.037340
v -0.002858 0.001650 0.037340
v -0.002898 0.001578 0.037340
v -0.002937 0.001505 0.037340
v -0.002973 0.001432 0.037340
v -0.003008 0.001357 0.037340
v -0.003041 0.001282 0.037340
v -0.003072 0.001206 0.037340
v -0.003101 0.001129 0.037340
v -0.003128 0.001051 0.037340
v -0.003153 0.000973 0.037340
v -0.003177 0.000894 0.037340
v -0.003198 0.000814 0.037340
v -0.003217 0.000734 0.037340
v -0.003235 0.000654 0.037340
v -0.003250 0.000573 0.037340
v -0.003263 0.000492 0.037340
v -0.003274 0.000410 0.037340
v -0.003284 0.000329 0.037340
v -0.003291 0.000247 0.037340
v -0.003296 0.000164 0.037340
v -0.003299 0.000082 0.037340
v -0.003300 -0.000000 0.037340
v -0.003299 -0.000082 0.037340
v -0.003296 -0.000164 0.037340
v -0.003291 -0.000247 0.037340
v -0.003284 -0.000329 0.037340
v -0.003274 -0.000410 0.037340
v -0.003263 -0.000492 0.037340
v -0.003250 -0.000573 0.037340
v -0.003235 -0.000654 0.037340
v -0.003217 -0.000734 0.037340
v -0.003198 -0.000814 0.037340
v -0.003177 -0.000894 0.037340
v -0.003153 -0.000973 0.037340
v -0.003128 -0.001051 0.037340
v -0.003101 -0.001129 0.037340
v -0.003072 -0.001206 0.037340
v -0.003041 -0.001282 0.037340
v -0.003008 -0.001357 0.037340
v -0.002973 -0.001432 0.037340
v -0.002937 -0.001505 0.037340
v -0.002898 -0.001578 0.037340
v -0.002858 -0.001650 0.037340
v -0.002816 -0.001721 0.037340
v -0.002772 -0.001790 0.037340
v -0.002727 -0.001859 0.037340
v -0.002679 -0.001926 0.037340
v -0.002631 -0.001993 0.037340
v -0.002580 -0.002058 0.037340
v -0.002528 -0.002121 0.037340
v -0.002474 -0.002184 0.037340
v -0.002419 -0.002245 0.037340
v -0.002362 -0.002304 0.037340
v -0.002304 -0.002362 0.037340
v -0.002245 -0.002419 0.037340
v -0.002184 -0.002474 0.037340
v -0.002121 -0.002528 0.037340
v -0.002058 -0.002580 0.037340
v -0.001993 -0.002631 0.037340
v -0.001926 -0.002679 0.037340
v -0.001859 -0.002727 0.037340
v -0.001790 -0.002772 0.037340
v -0.001721 -0.002816 0.037340
v -0.001650 -0.002858 0.037340
v -0.001578 -0.002898 0.037340
v -0.001505 -0.002937 0.037340
v -0.001432 -0.002973 0.037340
v -0.001357 -0.003008 0.037340
v -0.001282 -0.003041 0.037340
v -0.001206 -0.003072 0.037340
v -0.001129 -0.003101 0.037340
v -0.001051 -0.003128 0.037340
v -0.000973 -0.003153 0.037340
v -0.000894 -0.003177 0.037340
v -0.000814 -0.003198 0.037340
v -0.000734 -0.003217 0.037340
v -0.000654 -0.003235 0.037340
v -0.000573 -0.003250 0.037340
v -0.000492 -0.003263 0.037340
v -0.000410 -0.003274 0.037340
v -0.000329 -0.003284 0.037340
v -0.000247 -0.003291 0.037340
v -0.000164 -0.003296 0.037340
v -0.000082 -0.003299 0.037340
v 0.000000 -0.003300 0.037340
v 0.000082 -0.003299 0.037340
v 0.000164 -0.003296 0.037340
v 0.000247 -0.003291 0.037340
v 0.000329 -0.003284 0.037340
v 0.000410 -0.003274 0.037340
v 0.000492 -0.003263 0.037340
v 0.000573 -0.003250 0.037340
v 0.000654 -0.003235 0.037340
v 0.000734 -0.003217 0.037340
v 0.000814 -0.003198 0.037340
v 0.000894 -0.003177 0.037340
v 0.000973 -0.003153 0.037340
v 0.001051 -0.003128 0.037340
v 0.001129 -0.003101 0.037340
v 0.001206 -0.003072 0.037340
v 0.001282 -0.003041 0.037340
v 0.001357 -0.003008 0.037340
v 0.001432 -0.002973 0.037340
v 0.001505 -0.002937 0.037340
v 0.001578 -0.002898 0.037340
v 0.001650 -0.002858 0.037340
v 0.001721 -0.002816 0.037340
v 0.001790 -0.002772 0.037340
v 0.001859 -0.002727 0.037340
v 0.001926 -0.002679 0.037340
v 0.001993 -0.002631 0.037340
v 0.002058 -0.002580 0.037340
v 0.002121 -0.002528 0.037340
v 0.002184 -0.002474 0.037340
v 0.002245 -0.002419 0.037340
v 0.002304 -0.002362 0.037340
v 0.002362 -0.002304 0.037340
v 0.002419 -0.002245 0.037340
v 0.002474 -0.002184 0.037340
v 0.002528 -0.002121 0.037340
v 0.002580 -0.002058 0.037340
v 0.002631 -0.001993 0.037340
v 0.002679 -0.001926 0.037340
v 0.002727 -0.001859 0.037340
v 0.002772 -0.001790 0.037340
v 0.002816 -0.001721 0.037340
v 0.002858 -0.001650 0.037340
v 0.002898 -0.001578 0.037340
v 0.002937 -0.001505 0.037340
v 0.002973 -0.001432 0.037340
v 0.003008 -0.001357 0.037340
v 0.003041 -0.001282 0.037340
v 0.003072 -0.001206 0.037340
v 0.003101 -0.001129 0.037340
v 0.003128 -0.001051 0.037340
v 0.003153 -0.000973 0.037340
v 0.003177 -0.000894 0.037340
v 0.003198 -0.000814 0.037340
v 0.003217 -0.000734 0.037340
v 0.003235 -0.000654 0.037340
v 0.003250 -0.000573 0.037340
v 0.003263 -0.000492 0.037340
v 0.003274 -0.000410 0.037340
v 0.003284 -0.000329 0.037340
v 0.003291 -0.000247 0.037340
v 0.003296 -0.000164 0.037340
v 0.003299 -0.000082 0.037340
v 0.003300 0.000000 0.037340
v 0.003300 0.000000 0.019220
v 0.003299 0.000082 0.019220
v 0.003296 0.000164 0.019220
v 0.003291 0.000247 0.019220
v 0.003284 0.000329 0.019220
v 0.003274 0.000410 0.019220
v 0.003263 0.000492 0.019220
v 0.003250 0.000573 0.019220
v 0.003235 0.000654 0.019220
v 0.003217 0.000734 0.019220
v 0.003198 0.000814 0.019220
v 0.003177 0.000894 0.019220
v 0.003153 0.000973 0.019220
v 0.003128 0.001051 0.019220
v 0.003101 0.001129 0.019220
v 0.003072 0.001206 0.019220
v 0.003041 0.001282 0.019220
v 0.003008 0.001357 0.019220
v 0.002973 0.001432 0.019220
v 0.002937 0.001505 0.019220
v 0.002898 0.001578 0.019220
v 0.002858 0.001650 0.019220
v 0.002816 0.001721 0.019220
v 0.002772 0.001790 0.019220
v 0.002727 0.001859 0.019220
v 0.002679 0.001926 0.019220
v 0.002631 0.001993 0.019220
v 0.002580 0.002058 0.019220
v 0.002528 0.002121 0.019220
v 0.002474 0.002184 0.019220
v 0.002419 0.002245 0.019220
v 0.002362 0.002304 0.019220
v 0.002304 0.002362 0.019220
v 0.002245 0.002419 0.019220
v 0.002184 0.002474 0.019220
v 0.002121 0.002528 0.019220
v 0.002058 0.002580 0.019220
v 0.001993 0.002631 0.019220
v 0.001926 0.002679 0.019220
v 0.001859 0.002727 0.019220
v 0.001790 0.002772 0.019220
v 0.001721 0.002816 0.019220
v 0.001650 0.002858 0.019220
v 0.001578 0.002898 0.019220
v 0.001505 0.002937 0.019220
v 0.001432 0.002973 0.019220
v 0.001357 0.003008 0.019220
v 0.001282 0.003041 0.019220
v 0.001206 0.003072 0.019220
v 0.001129 0.003101 0.019220
v 0.001051 0.003128 0.019220
v 0.000973 0.003153 0.019220
v 0.000894 0.003177 0.019220
v 0.000814 0.003198 0.019220
v 0.000734 0.003217 0.019220
v 0.000654 0.003235 0.019220
v 0.000573 0.003250 0.019220
v 0.000492 0.003263 0.019220
v 0.000410 0.003274 0.019220
v 0.000329 0.003284 0.019220
v 0.000247 0.003291 0.019220
v 0.000164 0.003296 0.019220
v 0.000082 0.003299 0.019220
v 0.000000 0.003300 0.019220
v -0.000082 0.003299 0.019220
v -0.000164 0.003296 0.019220
v -0.000247 0.003291 0.019220
v -0.000329 0.003284 0.019220
v -0.000410 0.003274 0.019220
v -0.000492 0.003263 0.019220
v -0.000573 0.003250 0.019220
v -0.000654 0.003235 0.019220
v -0.000734 0.003217 0.019220
v -0.000814 0.003198 0.019220
v -0.000894 0.003177 0.019220
v -0.000973 0.003153 0.019220
v -0.001051 0.003128 0.019220
v -0.001129 0.003101 0.019220
v -0.001206 0.003072 0.019220
v -0.001282 0.003041 0.019220
v -0.001357 0.003008 0.019220
v -0.001432 0.002973 0.019220
v -0.001505 0.002937 0.019220
v -0.001578 0.002898 0.019220
v -0.001650 0.002858 0.019220
v -0.001721 0.002816 0.019220
v -0.001790 0.002772 0.019220
v -0.001859 0.002727 0.019220
v -0.001926 0.002679 0.019220
v -0.001993 0.002631 0.019220
v -0.002058 0.002580 0.019220
v -0.002121 0.002528 0.019220
v -0.002184 0.002474 0.019220
v -0.002245 0.002419 0.019220
v -0.002304 0.002362 0.019220
v -0.002362 0.002304 0.019220
v -0.002419 0.002245 0.019220
v -0.002474 0.002184 0.019220
v -0.002528 0.002121 0.019220
v -0.002580 0.002058 0.019220
v -0.002631 0.001993 0.019220
v -0.002679 0.001926 0.019220
v -0.002727 0.001859 0.019220
v -0.002772 0.001790 0.019220
v -0.002816 0.001721 0.019220
v -0.002858 0.001650 0.019220
v -0.002898 0.001578 0.019220
v -0.002937 0.001505 0.019220
v -0.002973 0.001432 0.019220
v -0.003008 0.001357 0.019220
v -0.003041 0.001282 0.019220
v -0.003072 0.001206 0.019220
v -0.003101 0.001129 0.019220
v -0.003128 0.001051 0.019220
v -0.003153 0.000973 0.019220
v -0.003177 0.000894 0.019220
v -0.003198 0.000814 0.019220
v -0.003217 0.000734 0.019220
v -0.003235 0.000654 0.019220
v -0.003250 0.000573 0.019220
v -0.003263 0.000492 0.019220
v -0.003274 0.000410 0.019220
v -0.003284 0.000329 0.019220
v -0.003291 0.000247 0.019220
v -0.003296 0.000164 0.019220
v -0.003299 0.000082 0.019220
v -0.003300 -0.000000 0.019220
v -0.003299 -0.000082 0.019220
v -0.003296 -0.000164 0.019220
v -0.003291 -0.000247 0.019220
v -0.003284 -0.000329 0.019220
v -0.003274 -0.000410 0.019220
v -0.003263 -0.000492 0.019220
v -0.003250 -0.000573 0.019220
v -0.003235 -0.000654 0.019220
v -0.003217 -0.000734 0.019220
v -0.003198 -0.000814 0.019220
v -0.003177 -0.000894 0.019220
v -0.003153 -0.000973 0.019220
v -0.003128 -0.001051 0.019220
v -0.003101 -0.001129 0.019220
v -0.003072 -0.001206 0.019220
v -0.003041 -0.001282 0.019220
v -0.003008 -0.001357 0.019220
v -0.002973 -0.001432 0.019220
v -0.002937 -0.001505 0.019220
v -0.002898 -0.001578 0.019220
v -0.002858 -0.001650 0.019220
v -0.002816 -0.001721 0.019220
v -0.002772 -0.001790 0.019220
v -0.002727 -0.001859 0.019220
v -0.002679 -0.001926 0.019220
v -0.002631 -0.001993 0.019220
v -0.002580 -0.002058 0.019220
v -0.002528 -0.002121 0.019220
v -0.002474 -0.002184 0.019220
v -0.002419 -0.002245 0.019220
v -0.002362 -0.002304 0.019220
v -0.002304 -0.002362 0.019220
v -0.002245 -0.002419 0.019220
v -0.002184 -0.002474 0.019220
v -0.002121 -0.002528 0.019220
v -0.002058 -0.002580 0.019220
v -0.001993 -0.002631 0.019220
v -0.001926 -0.002679 0.019220
v -0.001859 -0.002727 0.019220
v -0.001790 -0.002772 0.019220
v -0.001721 -0.002816 0.019220
v -0.001650 -0.002858 0.019220
v -0.001578 -0.002898 0.019220
v -0.001505 -0.002937 0.019220
v -0.001432 -0.002973 0.019220
v -0.001357 -0.003008 0.019220
v -0.001282 -0.003041 0.019220
v -0.001206 -0.003072 0.019220
v -0.001129 -0.003101 0.019220
v -0.001051 -0.003128 0.019220
v -0.000973 -0.003153 0.019220
v -0.000894 -0.003177 0.019220
v -0.000814 -0.003198 0.019220
v -0.000734 -0.003217 0.019220
v -0.000654 -0.003235 0.019220
v -0.000573 -0.003250 0.019220
v -0.000492 -0.003263 0.019220
v -0.000410 -0.003274 0.019220
v -0.000329 -0.003284 0.019220
v -0.000247 -0.003291 0.019220
v -0.000164 -0.003296 0.019220
v -0.000082 -0.003299 0.019220
v 0.000000 -0.003300 0.019220
v 0.000082 -0.003299 0.019220
v 0.000164 -0.003296 0.019220
v 0.000247 -0.003291 0.019220
v 0.000329 -0.003284 0.019220
v 0.000410 -0.003274 0.019220
v 0.000492 -0.003263 0.019220
v 0.000573 -0.003250 0.019220
v 0.000654 -0.003235 0.019220
v 0.000734 -0.003217 0.019220
v 0.000814 -0.003198 0.019220
v 0.000894 -0.003177 0.019220
v 0.000973 -0.003153 0.019220
v 0.001051 -0.003128 0.019220
v 0.001129 -0.003101 0.019220
v 0.001206 -0.003072 0.019220
v 0.001282 -0.003041 0.019220
v 0.001357 -0.003008 0.019220
v 0.001432 -0.002973 0.019220
v 0.001505 -0.002937 0.019220
v 0.001578 -0.002898 0.019220
v 0.001650 -0.002858 0.019220
v 0.001721 -0.002816 0.019220
v 0.001790 -0.002772 0.019220
v 0.001859 -0.002727 0.019220
v 0.001926 -0.002679 0.019220
v 0.001993 -0.002631 0.019220
v 0.002058 -0.002580 0.019220
v 0.002121 -0.002528 0.019220
v 0.002184 -0.002474 0.019220
v 0.002245 -0.002419 0.019220
v 0.002304 -0.002362 0.019220
v 0.002362 -0.002304 0.019220
v 0.002419 -0.002245 0.019220
v 0.002474 -0.002184 0.019220
v 0.002528 -0.002121 0.019220
v 0.002580 -0.002058 0.019220
v 0.002631 -0.001993 0.019220
v 0.002679 -0.001926 0.019220
v 0.002727 -0.001859 0.019220
v 0.002772 -0.001790 0.019220
v 0.002816 -0.001721 0.019220
v 0.002858 -0.001650 0.019220
v 0.002898 -0.001578 0.019220
v 0.002937 -0.001505 0.019220
v 0.002973 -0.001432 0.019220
v 0.003008 -0.001357 0.019220
v 0.003041 -0.001282 0.019220
v 0.003072 -0.001206 0.019220
v 0.003101 -0.001129 0.019220
v 0.003128 -0.001051 0.019220
v 0.003153 -0.000973 0.019220
v 0.003177 -0.000894 0.019220
v 0.003198 -0.000814 0.019220
v 0.003217 -0.000734 0.019220
v 0.003235 -0.000654 0.019220
v 0.003250 -0.000573 0.019220
v 0.003263 -0.000492 0.019220
v 0.003274 -0.000410 0.019220
v 0.003284 -0.000329 0.019220
v 0.003291 -0.000247 0.019220
v 0.003296 -0.000164 0.019220
v 0.003299 -0.000082 0.019220
v 0.003700 0.004723 0.075780
v 0.003700 0.006200 0.075780
v 0.003700 0.004723 0.057660
v 0.003700 0.006200 0.057660
v 0.004472 0.004000 0.057660
v 0.006700 0.004000 0.057660
v 0.004472 0.004000 0.075780
v 0.006700 0.004000 0.075780
v 0.003700 0.004723 0.075780
v 0.003581 0.004814 0.075780
v 0.003460 0.004902 0.075780
v 0.003337 0.004987 0.075780
v 0.003211 0.005068 0.075780
v 0.003084 0.005147 0.075780
v 0.002955 0.005222 0.075780
v 0.002824 0.005294 0.075780
v 0.002691 0.005363 0.075780
v 0.002557 0.005428 0.075780
v 0.002421 0.005490 0.075780
v 0.002283 0.005549 0.075780
v 0.002144 0.005604 0.075780
v 0.002004 0.005656 0.075780
v 0.001862 0.005704 0.075780
v 0.001719 0.005748 0.075780
v 0.001576 0.005789 0.075780
v 0.001431 0.005827 0.075780
v 0.001285 0.005861 0.075780
v 0.001139 0.005891 0.075780
v 0.000991 0.005918 0.075780
v 0.000844 0.005940 0.075780
v 0.000695 0.005960 0.075780
v 0.000547 0.005975 0.075780
v 0.000398 0.005987 0.075780
v 0.000248 0.005995 0.075780
v 0.000099 0.005999 0.075780
v -0.000051 0.006000 0.075780
v -0.000200 0.005997 0.075780
v -0.000350 0.005990 0.075780
v -0.000499 0.005979 0.075780
v -0.000648 0.005965 0.075780
v -0.000796 0.005947 0.075780
v -0.000944 0.005925 0.075780
v -0.001092 0.005900 0.075780
v -0.001238 0.005871 0.075780
v -0.001384 0.005838 0.075780
v -0.001529 0.005802 0.075780
v -0.001673 0.005762 0.075780
v -0.001816 0.005718 0.075780
v -0.001958 0.005671 0.075780
v -0.002099 0.005621 0.075780
v -0.002239 0.005567 0.075780
v -0.002377 0.005509 0.075780
v -0.002513 0.005448 0.075780
v -0.002648 0.005384 0.075780
v -0.002782 0.005316 0.075780
v -0.002913 0.005245 0.075780
v -0.003043 0.005171 0.075780
v -0.003171 0.005094 0.075780
v -0.003297 0.005013 0.075780
v -0.003421 0.004929 0.075780
v -0.003543 0.004843 0.075780
v -0.003662 0.004753 0.075780
v -0.003780 0.004660 0.075780
v -0.003894 0.004564 0.075780
v -0.004007 0.004466 0.075780
v -0.004117 0.004365 0.075780
v -0.004225 0.004261 0.075780
v -0.004329 0.004154 0.075780
v -0.004432 0.004045 0.075780
v -0.004531 0.003933 0.075780
v -0.004628 0.003819 0.075780
v -0.004721 0.003702 0.075780
v -0.004812 0.003584 0.075780
v -0.004900 0.003463 0.075780
v -0.004985 0.003339 0.075780
v -0.005066 0.003214 0.075780
v -0.005145 0.003087 0.075780
v -0.005220 0.002958 0.075780
v -0.005292 0.002827 0.075780
v -0.005361 0.002694 0.075780
v -0.005427 0.002559 0.075780
v -0.005489 0.002423 0.075780
v -0.005548 0.002286 0.075780
v -0.005603 0.002147 0.075780
v -0.005655 0.002007 0.075780
v -0.005703 0.001865 0.075780
v -0.005747 0.001722 0.075780
v -0.005789 0.001579 0.075780
v -0.005826 0.001434 0.075780
v -0.005860 0.001288 0.075780
v -0.005890 0.001142 0.075780
v -0.005917 0.000995 0.075780
v -0.005940 0.000847 0.075780
v -0.005959 0.000698 0.075780
v -0.005975 0.000550 0.075780
v -0.005987 0.000401 0.075780
v -0.005995 0.000251 0.075780
v -0.005999 0.000102 0.075780
v -0.006000 -0.000048 0.075780
v -0.005997 -0.000197 0.075780
v -0.005990 -0.000347 0.075780
v -0.005979 -0.000496 0.075780
v -0.005965 -0.000645 0.075780
v -0.005947 -0.000793 0.075780
v -0.005926 -0.000941 0.075780
v -0.005900 -0.001088 0.075780
v -0.005871 -0.001235 0.075780
v -0.005839 -0.001381 0.075780
v -0.005803 -0.001526 0.075780
v -0.005763 -0.001670 0.075780
v -0.005719 -0.001813 0.075780
v -0.005672 -0.001955 0.075780
v -0.005622 -0.002096 0.075780
v -0.005568 -0.002236 0.075780
v -0.005510 -0.002374 0.075780
v -0.005450 -0.002510 0.075780
v -0.005385 -0.002645 0.075780
v -0.005318 -0.002779 0.075780
v -0.005247 -0.002910 0.075780
v -0.005173 -0.003040 0.075780
v -0.005095 -0.003168 0.075780
v -0.005015 -0.003294 0.075780
v -0.004931 -0.003418 0.075780
v -0.004844 -0.003540 0.075780
v -0.004755 -0.003660 0.075780
v -0.004662 -0.003777 0.075780
v -0.004566 -0.003892 0.075780
v -0.004468 -0.004005 0.075780
v -0.004367 -0.004115 0.075780
v -0.004263 -0.004222 0.075780
v -0.004156 -0.004327 0.075780
v -0.004047 -0.004430 0.075780
v -0.003936 -0.004529 0.075780
v -0.003821 -0.004626 0.075780
v -0.003705 -0.004719 0.075780
v -0.003586 -0.004810 0.075780
v -0.003465 -0.004898 0.075780
v -0.003342 -0.004983 0.075780
v -0.003217 -0.005065 0.075780
v -0.003090 -0.005143 0.075780
v -0.002960 -0.005219 0.075780
v -0.002829 -0.005291 0.075780
v -0.002697 -0.005360 0.075780
v -0.002562 -0.005425 0.075780
v -0.002426 -0.005488 0.075780
v -0.002289 -0.005546 0.075780
v -0.002150 -0.005602 0.075780
v -0.002010 -0.005653 0.075780
v -0.001868 -0.005702 0.075780
v -0.001725 -0.005747 0.075780
v -0.001582 -0.005788 0.075780
v -0.001437 -0.005825 0.075780
v -0.001291 -0.005859 0.075780
v -0.001145 -0.005890 0.075780
v -0.000998 -0.005916 0.075780
v -0.000850 -0.005940 0.075780
v -0.000702 -0.005959 0.075780
v -0.000553 -0.005974 0.075780
v -0.000404 -0.005986 0.075780
v -0.000254 -0.005995 0.075780
v -0.000105 -0.005999 0.075780
v 0.000045 -0.006000 0.075780
v 0.000194 -0.005997 0.075780
v 0.000343 -0.005990 0.075780
v 0.000493 -0.005980 0.075780
v 0.000642 -0.005966 0.075780
v 0.000790 -0.005948 0.075780
v 0.000938 -0.005926 0.075780
v 0.001085 -0.005901 0.075780
v 0.001232 -0.005872 0.075780
v 0.001378 -0.005840 0.075780
v 0.001523 -0.005803 0.075780
v 0.001667 -0.005764 0.075780
v 0.001810 -0.005720 0.075780
v 0.001952 -0.005673 0.075780
v 0.002093 -0.005623 0.075780
v 0.002233 -0.005569 0.075780
v 0.002371 -0.005512 0.075780
v 0.002508 -0.005451 0.075780
v 0.002643 -0.005387 0.075780
v 0.002776 -0.005319 0.075780
v 0.002908 -0.005248 0.075780
v 0.003038 -0.005174 0.075780
v 0.003166 -0.005097 0.075780
v 0.003292 -0.005016 0.075780
v 0.003416 -0.004933 0.075780
v 0.003538 -0.004846 0.075780
v 0.003657 -0.004757 0.075780
v 0.003775 -0.004664 0.075780
v 0.003890 -0.004568 0.075780
v 0.004002 -0.004470 0.075780
v 0.004112 -0.004369 0.075780
v 0.004220 -0.004265 0.075780
v 0.004325 -0.004159 0.075780
v 0.004427 -0.004049 0.075780
v 0.004527 -0.003938 0.075780
v 0.004624 -0.003824 0.075780
v 0.004718 -0.003707 0.075780
v 0.004808 -0.003589 0.075780
v 0.004896 -0.003468 0.075780
v 0.004981 -0.003345 0.075780
v 0.005063 -0.003219 0.075780
v 0.005142 -0.003092 0.075780
v 0.005217 -0.002963 0.075780
v 0.005289 -0.002832 0.075780
v 0.005358 -0.002699 0.075780
v 0.005424 -0.002565 0.075780
v 0.005486 -0.002429 0.075780
v 0.005545 -0.002292 0.075780
v 0.005601 -0.002153 0.075780
v 0.005652 -0.002012 0.075780
v 0.005701 -0.001871 0.075780
v 0.005746 -0.001728 0.075780
v 0.005787 -0.001585 0.075780
v 0.005825 -0.001440 0.075780
v 0.005859 -0.001294 0.075780
v 0.005889 -0.001148 0.075780
v 0.005916 -0.001001 0.075780
v 0.005939 -0.000853 0.075780
v 0.005958 -0.000705 0.075780
v 0.005974 -0.000556 0.075780
v 0.005986 -0.000407 0.075780
v 0.005994 -0.000258 0.075780
v 0.005999 -0.000108 0.075780
v 0.006000 0.000041 0.075780
v 0.005997 0.000191 0.075780
v 0.005990 0.000340 0.075780
v 0.005980 0.000490 0.075780
v 0.005966 0.000638 0.075780
v 0.005948 0.000787 0.075780
v 0.005927 0.000935 0.075780
v 0.005902 0.001082 0.075780
v 0.005873 0.001229 0.075780
v 0.005840 0.001375 0.075780
v 0.005804 0.001520 0.075780
v 0.005765 0.001664 0.075780
v 0.005721 0.001807 0.075780
v 0.005674 0.001950 0.075780
v 0.005624 0.002090 0.075780
v 0.005570 0.002230 0.075780
v 0.005513 0.002368 0.075780
v 0.005452 0.002505 0.075780
v 0.005388 0.002640 0.075780
v 0.005321 0.002773 0.075780
v 0.005250 0.002905 0.075780
v 0.005176 0.003035 0.075780
v 0.005099 0.003163 0.075780
v 0.005018 0.003289 0.075780
v 0.004935 0.003413 0.075780
v 0.004848 0.003535 0.075780
v 0.004758 0.003655 0.075780
v 0.004666 0.003772 0.075780
v 0.004570 0.003887 0.075780
v 0.004472 0.004000 0.075780
v 0.004472 0.004000 0.057660
v 0.004570 0.003887 0.057660
v 0.004666 0.003772 0.057660
v 0.004758 0.003655 0.057660
v 0.004848 0.003535 0.057660
v 0.004935 0.003413 0.057660
v 0.005018 0.003289 0.057660
v 0.005099 0.003163 0.057660
v 0.005176 0.003035 0.057660
v 0.005250 0.002905 0.057660
v 0.005321 0.002773 0.057660
v 0.005388 0.002640 0.057660
v 0.005452 0.002505 0.057660
v 0.005513 0.002368 0.057660
v 0.005570 0.002230 0.057660
v 0.005624 0.002090 0.057660
v 0.005674 0.001950 0.057660
v 0.005721 0.001807 0.057660
v 0.005765 0.001664 0.057660
v 0.005804 0.001520 0.057660
v 0.005840 0.001375 0.057660
v 0.005873 0.001229 0.057660
v 0.005902 0.001082 0.057660
v 0.005927 0.000935 0.057660
v 0.005948 0.000787 0.057660
v 0.005966 0.000638 0.057660
v 0.005980 0.000490 0.057660
v 0.005990 0.000340 0.057660
v 0.005997 0.000191 0.057660
v 0.006000 0.000041 0.057660
v 0.005999 -0.000108 0.057660
v 0.005994 -0.000258 0.057660
v 0.005986 -0.000407 0.057660
v 0.005974 -0.000556 0.057660
v 0.005958 -0.000705 0.057660
v 0.005939 -0.000853 0.057660
v 0.005916 -0.001001 0.057660
v 0.005889 -0.001148 0.057660
v 0.005859 -0.001294 0.057660
v 0.005825 -0.001440 0.057660
v 0.005787 -0.001585 0.057660
v 0.005746 -0.001728 0.057660
v 0.005701 -0.001871 0.057660
v 0.005652 -0.002012 0.057660
v 0.005601 -0.002153 0.057660
v 0.005545 -0.002292 0.057660
v 0.005486 -0.002429 0.057660
v 0.005424 -0.002565 0.057660
v 0.005358 -0.002699 0.057660
v 0.005289 -0.002832 0.057660
v 0.005217 -0.002963 0.057660
v 0.005142 -0.003092 0.057660
v 0.005063 -0.003219 0.057660
v 0.004981 -0.003345 0.057660
v 0.004896 -0.003468 0.057660
v 0.004808 -0.003589 0.057660
v 0.004718 -0.003707 0.057660
v 0.004624 -0.003824 0.057660
v 0.004527 -0.003938 0.057660
v 0.004427 -0.004049 0.057660
v 0.004325 -0.004159 0.057660
v 0.004220 -0.004265 0.057660
v 0.004112 -0.004369 0.057660
v 0.004002 -0.004470 0.057660
v 0.003890 -0.004568 0.057660
v 0.003775 -0.004664 0.057660
v 0.003657 -0.004757 0.057660
v 0.003538 -0.004846 0.057660
v 0.003416 -0.004933 0.057660
v 0.003292 -0.005016 0.057660
v 0.003166 -0.005097 0.057660
v 0.003038 -0.005174 0.057660
v 0.002908 -0.005248 0.057660
v 0.002776 -0.005319 0.057660
v 0.002643 -0.005387 0.057660
v 0.002508 -0.005451 0.057660
v 0.002371 -0.005512 0.057660
v 0.002233 -0.005569 0.057660
v 0.002093 -0.005623 0.057660
v 0.001952 -0.005673 0.057660
v 0.001810 -0.005720 0.057660
v 0.001667 -0.005764 0.057660
v 0.001523 -0.005803 0.057660
v 0.001378 -0.005840 0.057660
v 0.001232 -0.005872 0.057660
v 0.001085 -0.005901 0.057660
v 0.000938 -0.005926 0.057660
v 0.000790 -0.005948 0.057660
v 0.000642 -0.005966 0.057660
v 0.000493 -0.005980 0.057660
v 0.000343 -0.005990 0.057660
v 0.000194 -0.005997 0.057660
v 0.000045 -0.006000 0.057660
v -0.000105 -0.005999 0.057660
v -0.000254 -0.005995 0.057660
v -0.000404 -0.005986 0.057660
v -0.000553 -0.005974 0.057660
v -0.000702 -0.005959 0.057660
v -0.000850 -0.005940 0.057660
v -0.000998 -0.005916 0.057660
v -0.001145 -0.005890 0.057660
v -0.001291 -0.005859 0.057660
v -0.001437 -0.005825 0.057660
v -0.001582 -0.005788 0.057660
v -0.001725 -0.005747 0.057660
v -0.001868 -0.005702 0.057660
v -0.002010 -0.005653 0.057660
v -0.002150 -0.005602 0.057660
v -0.002289 -0.005546 0.057660
v -0.002426 -0.005488 0.057660
v -0.002562 -0.005425 0.057660
v -0.002697 -0.005360 0.057660
v -0.002829 -0.005291 0.057660
v -0.002960 -0.005219 0.057660
v -0.003090 -0.005143 0.057660
v -0.003217 -0.005065 0.057660
v -0.003342 -0.004983 0.057660
v -0.003465 -0.004898 0.057660
v -0.003586 -0.004810 0.057660
v -0.003705 -0.004719 0.057660
v -0.003821 -0.004626 0.057660
v -0.003936 -0.004529 0.057660
v -0.004047 -0.004430 0.057660
v -0.004156 -0.004327 0.057660
v -0.004263 -0.004222 0.057660
v -0.004367 -0.004115 0.057660
v -0.004468 -0.004005 0.057660
v -0.004566 -0.003892 0.057660
v -0.004662 -0.003777 0.057660
v -0.004755 -0.003660 0.057660
v -0.004844 -0.003540 0.057660
v -0.004931 -0.003418 0.057660
v -0.005015 -0.003294 0.057660
v -0.005095 -0.003168 0.057660
v -0.005173 -0.003040 0.057660
v -0.005247 -0.002910 0.057660
v -0.005318 -0.002779 0.057660
v -0.005385 -0.002645 0.057660
v -0.005450 -0.002510 0.057660
v -0.005510 -0.002374 0.057660
v -0.005568 -0.002236 0.057660
v -0.005622 -0.002096 0.057660
v -0.005672 -0.001955 0.057660
v -0.005719 -0.001813 0.057660
v -0.005763 -0.001670 0.057660
v -0.005803 -0.001526 0.057660
v -0.005839 -0.001381 0.057660
v -0.005871 -0.001235 0.057660
v -0.005900 -0.001088 0.057660
v -0.005926 -0.000941 0.057660
v -0.005947 -0.000793 0.057660
v -0.005965 -0.000645 0.057660
v -0.005979 -0.000496 0.057660
v -0.005990 -0.000347 0.057660
v -0.005997 -0.000197 0.057660
v -0.006000 -0.000048 0.057660
v -0.005999 0.000102 0.057660
v -0.005995 0.000251 0.057660
v -0.005987 0.000401 0.057660
v -0.005975 0.000550 0.057660
v -0.005959 0.000698 0.057660
v -0.005940 0.000847 0.057660
v -0.005917 0.000995 0.057660
v -0.005890 0.001142 0.057660
v -0.005860 0.001288 0.057660
v -0.005826 0.001434 0.057660
v -0.005789 0.001579 0.057660
v -0.005747 0.001722 0.057660
v -0.005703 0.001865 0.057660
v -0.005655 0.002007 0.057660
v -0.005603 0.002147 0.057660
v -0.005548 0.002286 0.057660
v -0.005489 0.002423 0.057660
v -0.005427 0.002559 0.057660
v -0.005361 0.002694 0.057660
v -0.005292 0.002827 0.057660
v -0.005220 0.002958 0.057660
v -0.005145 0.003087 0.057660
v -0.005066 0.003214 0.057660
v -0.004985 0.003339 0.057660
v -0.004900 0.003463 0.057660
v -0.004812 0.003584 0.057660
v -0.004721 0.003702 0.057660
v -0.004628 0.003819 0.057660
v -0.004531 0.003933 0.057660
v -0.004432 0.004045 0.057660
v -0.004329 0.004154 0.057660
v -0.004225 0.004261 0.057660
v -0.004117 0.004365 0.057660
v -0.004007 0.004466 0.057660
v -0.003894 0.004564 0.057660
v -0.003780 0.004660 0.057660
v -0.003662 0.004753 0.057660
v -0.003543 0.004843 0.057660
v -0.003421 0.004929 0.057660
v -0.003297 0.005013 0.057660
v -0.003171 0.005094 0.057660
v -0.003043 0.005171 0.057660
v -0.002913 0.005245 0.057660
v -0.002782 0.005316 0.057660
v -0.002648 0.005384 0.057660
v -0.002513 0.005448 0.057660
v -0.002377 0.005509 0.057660
v -0.002239 0.005567 0.057660
v -0.002099 0.005621 0.057660
v -0.001958 0.005671 0.057660
v -0.001816 0.005718 0.057660
v -0.001673 0.005762 0.057660
v -0.001529 0.005802 0.057660
v -0.001384 0.005838 0.057660
v -0.001238 0.005871 0.057660
v -0.001092 0.005900 0.057660
v -0.000944 0.005925 0.057660
v -0.000796 0.005947 0.057660
v -0.000648 0.005965 0.057660
v -0.000499 0.005979 0.057660
v -0.000350 0.005990 0.057660
v -0.000200 0.005997 0.057660
v -0.000051 0.006000 0.057660
v 0.000099 0.005999 0.057660
v 0.000248 0.005995 0.057660
v 0.000398 0.005987 0.057660
v 0.000547 0.005975 0.057660
v 0.000695 0.005960 0.057660
v 0.000844 0.005940 0.057660
v 0.000991 0.005918 0.057660
v 0.001139 0.005891 0.057660
v 0.001285 0.005861 0.057660
v 0.001431 0.005827 0.057660
v 0.001576 0.005789 0.057660
v 0.001719 0.005748 0.057660
v 0.001862 0.005704 0.057660
v 0.002004 0.005656 0.057660
v 0.002144 0.005604 0.057660
v 0.002283 0.005549 0.057660
v 0.002421 0.005490 0.057660
v 0.002557 0.005428 0.057660
v 0.002691 0.005363 0.057660
v 0.002824 0.005294 0.057660
v 0.002955 0.005222 0.057660
v 0.003084 0.005147 0.057660
v 0.003211 0.005068 0.057660
v 0.003337 0.004987 0.057660
v 0.003460 0.004902 0.057660
v 0.003581 0.004814 0.057660
v 0.003700 0.004723 0.057660
v 0.003300 0.000000 0.057660
v 0.003300 0.000000 0.075780
v 0.003299 0.000082 0.075780
v 0.003296 0.000164 0.075780
v 0.003291 0.000247 0.075780
v 0.003284 0.000329 0.075780
v 0.003274 0.000410 0.075780
v 0.003263 0.000492 0.075780
v 0.003250 0.000573 0.075780
v 0.003235 0.000654 0.075780
v 0.003217 0.000734 0.075780
v 0.003198 0.000814 0.075780
v 0.003177 0.000894 0.075780
v 0.003153 0.000973 0.075780
v 0.003128 0.001051 0.075780
v 0.003101 0.001129 0.075780
v 0.003072 0.001206 0.075780
v 0.003041 0.001282 0.075780
v 0.003008 0.001357 0.075780
v 0.002973 0.001432 0.075780
v 0.002937 0.001505 0.075780
v 0.002898 0.001578 0.075780
v 0.002858 0.001650 0.075780
v 0.002816 0.001721 0.075780
v 0.002772 0.001790 0.075780
v 0.002727 0.001859 0.075780
v 0.002679 0.001926 0.075780
v 0.002631 0.001993 0.075780
v 0.002580 0.002058 0.075780
v 0.002528 0.002121 0.075780
v 0.002474 0.002184 0.075780
v 0.002419 0.002245 0.075780
v 0.002362 0.002304 0.075780
v 0.002304 0.002362 0.075780
v 0.002245 0.002419 0.075780
v 0.002184 0.002474 0.075780
v 0.002121 0.002528 0.075780
v 0.002058 0.002580 0.075780
v 0.001993 0.002631 0.075780
v 0.001926 0.002679 0.075780
v 0.001859 0.002727 0.075780
v 0.001790 0.002772 0.075780
v 0.001721 0.002816 0.075780
v 0.001650 0.002858 0.075780
v 0.001578 0.002898 0.075780
v 0.001505 0.002937 0.075780
v 0.001432 0.002973 0.075780
v 0.001357 0.003008 0.075780
v 0.001282 0.003041 0.075780
v 0.001206 0.003072 0.075780
v 0.001129 0.003101 0.075780
v 0.001051 0.003128 0.075780
v 0.000973 0.003153 0.075780
v 0.000894 0.003177 0.075780
v 0.000814 0.003198 0.075780
v 0.000734 0.003217 0.075780
v 0.000654 0.003235 0.075780
v 0.000573 0.003250 0.075780
v 0.000492 0.003263 0.075780
v 0.000410 0.003274 0.075780
v 0.000329 0.003284 0.075780
v 0.000247 0.003291 0.075780
v 0.000164 0.003296 0.075780
v 0.000082 0.003299 0.075780
v 0.000000 0.003300 0.075780
v -0.000082 0.003299 0.075780
v -0.000164 0.003296 0.075780
v -0.000247 0.003291 0.075780
v -0.000329 0.003284 0.075780
v -0.000410 0.003274 0.075780
v -0.000492 0.003263 0.075780
v -0.000573 0.003250 0.075780
v -0.000654 0.003235 0.075780
v -0.000734 0.003217 0.075780
v -0.000814 0.003198 0.075780
v -0.000894 0.003177 0.075780
v -0.000973 0.003153 0.075780
v -0.001051 0.003128 0.075780
v -0.001129 0.003101 0.075780
v -0.001206 0.003072 0.075780
v -0.001282 0.003041 0.075780
v -0.001357 0.003008 0.075780
v -0.001432 0.002973 0.075780
v -0.001505 0.002937 0.075780
v -0.001578 0.002898 0.075780
v -0.001650 0.002858 0.075780
v -0.001721 0.002816 0.075780
v -0.001790 0.002772 0.075780
v -0.001859 0.002727 0.075780
v -0.001926 0.002679 0.075780
v -0.001993 0.002631 0.075780
v -0.002058 0.002580 0.075780
v -0.002121 0.002528 0.075780
v -0.002184 0.002474 0.075780
v -0.002245 0.002419 0.075780
v -0.002304 0.002362 0.075780
v -0.002362 0.002304 0.075780
v -0.002419 0.002245 0.075780
v -0.002474 0.002184 0.075780
v -0.002528 0.002121 0.075780
v -0.002580 0.002058 0.075780
v -0.002631 0.001993 0.075780
v -0.002679 0.001926 0.075780
v -0.002727 0.001859 0.075780
v -0.002772 0.001790 0.075780
v -0.002816 0.001721 0.075780
v -0.002858 0.001650 0.075780
v -0.002898 0.001578 0.075780
v -0.002937 0.001505 0.075780
v -0.002973 0.001432 0.075780
v -0.003008 0.001357 0.075780
v -0.003041 0.001282 0.075780
v -0.003072 0.001206 0.075780
v -0.003101 0.001129 0.075780
v -0.003128 0.001051 0.075780
v -0.003153 0.000973 0.075780
v -0.003177 0.000894 0.075780
v -0.003198 0.000814 0.075780
v -0.003217 0.000734 0.075780
v -0.003235 0.000654 0.075780
v -0.003250 0.000573 0.075780
v -0.003263 0.000492 0.075780
v -0.003274 0.000410 0.075780
v -0.003284 0.000329 0.075780
v -0.003291 0.000247 0.075780
v -0.003296 0.000164 0.075780
v -0.003299 0.000082 0.075780
v -0.003300 -0.000000 0.075780
v -0.003299 -0.000082 0.075780
v -0.003296 -0.000164 0.075780
v -0.003291 -0.000247 0.075780
v -0.003284 -0.000329 0.075780
v -0.003274 -0.000410 0.075780
v -0.003263 -0.000492 0.075780
v -0.003250 -0.000573 0.075780
v -0.003235 -0.000654 0.075780
v -0.003217 -0.000734 0.075780
v -0.003198 -0.000814 0.075780
v -0.003177 -0.000894 0.075780
v -0.003153 -0.000973 0.075780
v -0.003128 -0.001051 0.075780
v -0.003101 -0.001129 0.075780
v -0.003072 -0.001206 0.075780
v -0.003041 -0.001282 0.075780
v -0.003008 -0.001357 0.075780
v -0.002973 -0.001432 0.075780
v -0.002937 -0.001505 0.075780
v -0.002898 -0.001578 0.075780
v -0.002858 -0.001650 0.075780
v -0.002816 -0.001721 0.075780
v -0.002772 -0.001790 0.075780
v -0.002727 -0.001859 0.075780
v -0.002679 -0.001926 0.075780
v -0.002631 -0.001993 0.075780
v -0.002580 -0.002058 0.075780
v -0.002528 -0.002121 0.075780
v -0.002474 -0.002184 0.075780
v -0.002419 -0.002245 0.075780
v -0.002362 -0.002304 0.075780
v -0.002304 -0.002362 0.075780
v -0.002245 -0.002419 0.075780
v -0.002184 -0.002474 0.075780
v -0.002121 -0.002528 0.075780
v -0.002058 -0.002580 0.075780
v -0.001993 -0.002631 0.075780
v -0.001926 -0.002679 0.075780
v -0.001859 -0.002727 0.075780
v -0.001790 -0.002772 0.075780
v -0.001721 -0.002816 0.075780
v -0.001650 -0.002858 0.075780
v -0.001578 -0.002898 0.075780
v -0.001505 -0.002937 0.075780
v -0.001432 -0.002973 0.075780
v -0.001357 -0.003008 0.075780
v -0.001282 -0.003041 0.075780
v -0.001206 -0.003072 0.075780
v -0.001129 -0.003101 0.075780
v -0.001051 -0.003128 0.075780
v -0.000973 -0.003153 0.075780
v -0.000894 -0.003177 0.075780
v -0.000814 -0.003198 0.075780
v -0.000734 -0.003217 0.075780
v -0.000654 -0.003235 0.075780
v -0.000573 -0.003250 0.075780
v -0.000492 -0.003263 0.075780
v -0.000410 -0.003274 0.075780
v -0.000329 -0.003284 0.075780
v -0.000247 -0.003291 0.075780
v -0.000164 -0.003296 0.075780
v -0.000082 -0.003299 0.075780
v 0.000000 -0.003300 0.075780
v 0.000082 -0.003299 0.075780
v 0.000164 -0.003296 0.075780
v 0.000247 -0.003291 0.075780
v 0.000329 -0.003284 0.075780
v 0.000410 -0.003274 0.075780
v 0.000492 -0.003263 0.075780
v 0.000573 -0.003250 0.075780
v 0.000654 -0.003235 0.075780
v 0.000734 -0.003217 0.075780
v 0.000814 -0.003198 0.075780
v 0.000894 -0.003177 0.075780
v 0.000973 -0.003153 0.075780
v 0.001051 -0.003128 0.075780
v 0.001129 -0.003101 0.075780
v 0.001206 -0.003072 0.075780
v 0.001282 -0.003041 0.075780
v 0.001357 -0.003008 0.075780
v 0.001432 -0.002973 0.075780
v 0.001505 -0.002937 0.075780
v 0.001578 -0.002898 0.075780
v 0.001650 -0.002858 0.075780
v 0.001721 -0.002816 0.075780
v 0.001790 -0.002772 0.075780
v 0.001859 -0.002727 0.075780
v 0.001926 -0.002679 0.075780
v 0.001993 -0.002631 0.075780
v 0.002058 -0.002580 0.075780
v 0.002121 -0.002528 0.075780
v 0.002184 -0.002474 0.075780
v 0.002245 -0.002419 0.075780
v 0.002304 -0.002362 0.075780
v 0.002362 -0.002304 0.075780
v 0.002419 -0.002245 0.075780
v 0.002474 -0.002184 0.075780
v 0.002528 -0.002121 0.075780
v 0.002580 -0.002058 0.075780
v 0.002631 -0.001993 0.075780
v 0.002679 -0.001926 0.075780
v 0.002727 -0.001859 0.075780
v 0.002772 -0.001790 0.075780
v 0.002816 -0.001721 0.075780
v 0.002858 -0.001650 0.075780
v 0.002898 -0.001578 0.075780
v 0.002937 -0.001505 0.075780
v 0.002973 -0.001432 0.075780
v 0.003008 -0.001357 0.075780
v 0.003041 -0.001282 0.075780
v 0.003072 -0.001206 0.075780
v 0.003101 -0.001129 0.075780
v 0.003128 -0.001051 0.075780
v 0.003153 -0.000973 0.075780
v 0.003177 -0.000894 0.075780
v 0.003198 -0.000814 0.075780
v 0.003217 -0.000734 0.075780
v 0.003235 -0.000654 0.075780
v 0.003250 -0.000573 0.075780
v 0.003263 -0.000492 0.075780
v 0.003274 -0.000410 0.075780
v 0.003284 -0.000329 0.075780
v 0.003291 -0.000247 0.075780
v 0.003296 -0.000164 0.075780
v 0.003299 -0.000082 0.075780
v 0.003300 0.000000 0.075780
v 0.003300 0.000000 0.057660
v 0.003299 0.000082 0.057660
v 0.003296 0.000164 0.057660
v 0.003291 0.000247 0.057660
v 0.003284 0.000329 0.057660
v 0.003274 0.000410 0.057660
v 0.003263 0.000492 0.057660
v 0.003250 0.000573 0.057660
v 0.003235 0.000654 0.057660
v 0.003217 0.000734 0.057660
v 0.003198 0.000814 0.057660
v 0.003177 0.000894 0.057660
v 0.003153 0.000973 0.057660
v 0.003128 0.001051 0.057660
v 0.003101 0.001129 0.057660
v 0.003072 0.001206 0.057660
v 0.003041 0.001282 0.057660
v 0.003008 0.001357 0.057660
v 0.002973 0.001432 0.057660
v 0.002937 0.001505 0.057660
v 0.002898 0.001578 0.057660
v 0.002858 0.001650 0.057660
v 0.002816 0.001721 0.057660
v 0.002772 0.001790 0.057660
v 0.002727 0.001859 0.057660
v 0.002679 0.001926 0.057660
v 0.002631 0.001993 0.057660
v 0.002580 0.002058 0.057660
v 0.002528 0.002121 0.057660
v 0.002474 0.002184 0.057660
v 0.002419 0.002245 0.057660
v 0.002362 0.002304 0.057660
v 0.002304 0.002362 0.057660
v 0.002245 0.002419 0.057660
v 0.002184 0.002474 0.057660
v 0.002121 0.002528 0.057660
v 0.002058 0.002580 0.057660
v 0.001993 0.002631 0.057660
v 0.001926 0.002679 0.057660
v 0.001859 0.002727 0.057660
v 0.001790 0.002772 0.057660
v 0.001721 0.002816 0.057660
v 0.001650 0.002858 0.057660
v 0.001578 0.002898 0.057660
v 0.001505 0.002937 0.057660
v 0.001432 0.002973 0.057660
v 0.001357 0.003008 0.057660
v 0.001282 0.003041 0.057660
v 0.001206 0.003072 0.057660
v 0.001129 0.003101 0.057660
v 0.001051 0.003128 0.057660
v 0.000973 0.003153 0.057660
v 0.000894 0.003177 0.057660
v 0.000814 0.003198 0.057660
v 0.000734 0.003217 0.057660
v 0.000654 0.003235 0.057660
v 0.000573 0.003250 0.057660
v 0.000492 0.003263 0.057660
v 0.000410 0.003274 0.057660
v 0.000329 0.003284 0.057660
v 0.000247 0.003291 0.057660
v 0.000164 0.003296 0.057660
v 0.000082 0.003299 0.057660
v 0.000000 0.003300 0.057660
v -0.000082 0.003299 0.057660
v -0.000164 0.003296 0.057660
v -0.000247 0.003291 0.057660
v -0.000329 0.003284 0.057660
v -0.000410 0.003274 0.057660
v -0.000492 0.003263 0.057660
v -0.000573 0.003250 0.057660
v -0.000654 0.003235 0.057660
v -0.000734 0.003217 0.057660
v -0.000814 0.003198 0.057660
v -0.000894 0.003177 0.057660
v -0.000973 0.003153 0.057660
v -0.001051 0.003128 0.057660
v -0.001129 0.003101 0.057660
v -0.001206 0.003072 0.057660
v -0.001282 0.003041 0.057660
v -0.001357 0.003008 0.057660
v -0.001432 0.002973 0.057660
v -0.001505 0.002937 0.057660
v -0.001578 0.002898 0.057660
v -0.001650 0.002858 0.057660
v -0.001721 0.002816 0.057660
v -0.001790 0.002772 0.057660
v -0.001859 0.002727 0.057660
v -0.001926 0.002679 0.057660
v -0.001993 0.002631 0.057660
v -0.002058 0.002580 0.057660
v -0.002121 0.002528 0.057660
v -0.002184 0.002474 0.057660
v -0.002245 0.002419 0.057660
v -0.002304 0.002362 0.057660
v -0.002362 0.002304 0.057660
v -0.002419 0.002245 0.057660
v -0.002474 0.002184 0.057660
v -0.002528 0.002121 0.057660
v -0.002580 0.002058 0.057660
v -0.002631 0.001993 0.057660
v -0.002679 0.001926 0.057660
v -0.002727 0.001859 0.057660
v -0.002772 0.001790 0.057660
v -0.002816 0.001721 0.057660
v -0.002858 0.001650 0.057660
v -0.002898 0.001578 0.057660
v -0.002937 0.001505 0.057660
v -0.002973 0.001432 0.057660
v -0.003008 0.001357 0.057660
v -0.003041 0.001282 0.057660
v -0.003072 0.001206 0.057660
v -0.003101 0.001129 0.057660
v -0.003128 0.001051 0.057660
v -0.003153 0.000973 0.057660
v -0.003177 0.000894 0.057660
v -0.003198 0.000814 0.057660
v -0.003217 0.000734 0.057660
v -0.003235 0.000654 0.057660
v -0.003250 0.000573 0.057660
v -0.003263 0.000492 0.057660
v -0.003274 0.000410 0.057660
v -0.003284 0.000329 0.057660
v -0.003291 0.000247 0.057660
v -0.003296 0.000164 0.057660
v -0.003299 0.000082 0.057660
v -0.003300 -0.000000 0.057660
v -0.003299 -0.000082 0.057660
v -0.003296 -0.000164 0.057660
v -0.003291 -0.000247 0.057660
v -0.003284 -0.000329 0.057660
v -0.003274 -0.000410 0.057660
v -0.003263 -0.000492 0.057660
v -0.003250 -0.000573 0.057660
v -0.003235 -0.000654 0.057660
v -0.003217 -0.000734 0.057660
v -0.003198 -0.000814 0.057660
v -0.003177 -0.000894 0.057660
v -0.003153 -0.000973 0.057660
v -0.003128 -0.001051 0.057660
v -0.003101 -0.001129 0.057660
v -0.003072 -0.001206 0.057660
v -0.003041 -0.001282 0.057660
v -0.003008 -0.001357 0.057660
v -0.002973 -0.001432 0.057660
v -0.002937 -0.001505 0.057660
v -0.002898 -0.001578 0.057660
v -0.002858 -0.001650 0.057660
v -0.002816 -0.001721 0.057660
v -0.002772 -0.001790 0.057660
v -0.002727 -0.001859 0.057660
v -0.002679 -0.001926 0.057660
v -0.002631 -0.001993 0.057660
v -0.002580 -0.002058 0.057660
v -0.002528 -0.002121 0.057660
v -0.002474 -0.002184 0.057660
v -0.002419 -0.002245 0.057660
v -0.002362 -0.002304 0.057660
v -0.002304 -0.002362 0.057660
v -0.002245 -0.002419 0.057660
v -0.002184 -0.002474 0.057660
v -0.002121 -0.002528 0.057660
v -0.002058 -0.002580 0.057660
v -0.001993 -0.002631 0.057660
v -0.001926 -0.002679 0.057660
v -0.001859 -0.002727 0.057660
v -0.001790 -0.002772 0.057660
v -0.001721 -0.002816 0.057660
v -0.001650 -0.002858 0.057660
v -0.001578 -0.002898 0.057660
v -0.001505 -0.002937 0.057660
v -0.001432 -0.002973 0.057660
v -0.001357 -0.003008 0.057660
v -0.001282 -0.003041 0.057660
v -0.001206 -0.003072 0.057660
v -0.001129 -0.003101 0.057660
v -0.001051 -0.003128 0.057660
v -0.000973 -0.003153 0.057660
v -0.000894 -0.003177 0.057660
v -0.000814 -0.003198 0.057660
v -0.000734 -0.003217 0.057660
v -0.000654 -0.003235 0.057660
v -0.000573 -0.003250 0.057660
v -0.000492 -0.003263 0.057660
v -0.000410 -0.003274 0.057660
v -0.000329 -0.003284 0.057660
v -0.000247 -0.003291 0.057660
v -0.000164 -0.003296 0.057660
v -0.000082 -0.003299 0.057660
v 0.000000 -0.003300 0.057660
v 0.000082 -0.003299 0.057660
v 0.000164 -0.003296 0.057660
v 0.000247 -0.003291 0.057660
v 0.000329 -0.003284 0.057660
v 0.000410 -0.003274 0.057660
v 0.000492 -0.003263 0.057660
v 0.000573 -0.003250 0.057660
v 0.000654 -0.003235 0.057660
v 0.000734 -0.003217 0.057660
v 0.000814 -0.003198 0.057660
v 0.000894 -0.003177 0.057660
v 0.000973 -0.003153 0.057660
v 0.001051 -0.003128 0.057660
v 0.001129 -0.003101 0.057660
v 0.001206 -0.003072 0.057660
v 0.001282 -0.003041 0.057660
v 0.001357 -0.003008 0.057660
v 0.001432 -0.002973 0.057660
v 0.001505 -0.002937 0.057660
v 0.001578 -0.002898 0.057660
v 0.001650 -0.002858 0.057660
v 0.001721 -0.002816 0.057660
v 0.001790 -0.002772 0.057660
v 0.001859 -0.002727 0.057660
v 0.001926 -0.002679 0.057660
v 0.001993 -0.002631 0.057660
v 0.002058 -0.002580 0.057660
v 0.002121 -0.002528 0.057660
v 0.002184 -0.002474 0.057660
v 0.002245 -0.002419 0.057660
v 0.002304 -0.002362 0.057660
v 0.002362 -0.002304 0.057660
v 0.002419 -0.002245 0.057660
v 0.002474 -0.002184 0.057660
v 0.002528 -0.002121 0.057660
v 0.002580 -0.002058 0.057660
v 0.002631 -0.001993 0.057660
v 0.002679 -0.001926 0.057660
v 0.002727 -0.001859 0.057660
v 0.002772 -0.001790 0.057660
v 0.002816 -0.001721 0.057660
v 0.002858 -0.001650 0.057660
v 0.002898 -0.001578 0.057660
v 0.002937 -0.001505 0.057660
v 0.002973 -0.001432 0.057660
v 0.003008 -0.001357 0.057660
v 0.003041 -0.001282 0.057660
v 0.003072 -0.001206 0.057660
v 0.003101 -0.001129 0.057660
v 0.003128 -0.001051 0.057660
v 0.003153 -0.000973 0.057660
v 0.003177 -0.000894 0.057660
v 0.003198 -0.000814 0.057660
v 0.003217 -0.000734 0.057660
v 0.003235 -0.000654 0.057660
v 0.003250 -0.000573 0.057660
v 0.003263 -0.000492 0.057660
v 0.003274 -0.000410 0.057660
v 0.003284 -0.000329 0.057660
v 0.003291 -0.000247 0.057660
v 0.003296 -0.000164 0.057660
v 0.003299 -0.000082 0.057660
f 12 3 1
f 2 12 1
f 11 3 12
f 9 11 10
f 9 8 11
f 4 8 7
f 4 11 8
f 4 3 11
f 5 7 6
f 5 4 7
f 18 17 16
f 15 18 16
f 19 18 15
f 22 20 19
f 22 21 20
f 13 24 23
f 14 23 22
f 14 13 23
f 14 19 15
f 14 22 19
f 65 66 519
f 65 519 520
f 237 347 348
f 237 348 236
f 433 151 152
f 434 151 433
f 434 150 151
f 432 433 152
f 432 152 153
f 435 149 150
f 435 150 434
f 431 153 154
f 431 432 153
f 436 148 149
f 436 149 435
f 430 154 155
f 430 431 154
f 437 147 148
f 437 148 436
f 429 155 156
f 429 430 155
f 438 146 147
f 438 147 437
f 428 429 156
f 428 156 157
f 439 145 146
f 439 146 438
f 427 157 158
f 427 428 157
f 440 144 145
f 440 145 439
f 426 158 159
f 426 427 158
f 441 143 144
f 441 144 440
f 425 426 159
f 425 159 160
f 442 142 143
f 442 143 441
f 424 160 161
f 424 425 160
f 443 141 142
f 443 142 442
f 423 161 162
f 423 424 161
f 444 140 141
f 444 141 443
f 422 423 162
f 422 162 163
f 64 65 520
f 445 139 140
f 445 140 444
f 64 520 521
f 421 163 164
f 238 346 347
f 238 347 237
f 421 422 163
f 63 64 521
f 446 138 139
f 63 521 522
f 239 345 346
f 446 139 445
f 239 346 238
f 420 164 165
f 62 63 522
f 62 522 523
f 420 421 164
f 240 344 345
f 240 345 239
f 447 137 138
f 447 138 446
f 61 62 523
f 61 523 524
f 419 165 166
f 241 343 344
f 241 344 240
f 419 420 165
f 60 61 524
f 448 136 137
f 448 137 447
f 60 524 525
f 242 342 343
f 242 343 241
f 418 166 167
f 59 60 525
f 59 525 526
f 418 419 166
f 243 341 342
f 243 342 242
f 449 135 136
f 449 136 448
f 58 59 526
f 58 526 527
f 244 341 243
f 244 340 341
f 417 167 168
f 57 58 527
f 417 418 167
f 450 134 135
f 57 527 276
f 245 339 340
f 245 340 244
f 450 135 449
f 56 276 277
f 416 417 168
f 56 57 276
f 246 338 339
f 416 168 169
f 246 339 245
f 55 56 277
f 55 277 278
f 451 133 134
f 451 134 450
f 247 337 338
f 247 338 246
f 54 278 279
f 54 55 278
f 415 416 169
f 415 169 170
f 248 336 337
f 248 337 247
f 452 132 133
f 452 133 451
f 53 279 280
f 53 54 279
f 249 335 336
f 249 336 248
f 414 170 171
f 52 280 281
f 414 415 170
f 52 53 280
f 250 334 335
f 250 335 249
f 453 131 132
f 51 281 282
f 453 132 452
f 51 52 281
f 251 333 334
f 251 334 250
f 413 414 171
f 50 51 282
f 50 282 283
f 413 171 172
f 252 332 333
f 252 333 251
f 454 130 131
f 49 283 284
f 454 131 453
f 49 50 283
f 253 331 332
f 253 332 252
f 48 49 284
f 48 284 285
f 254 330 331
f 412 172 173
f 412 413 172
f 254 331 253
f 47 48 285
f 47 285 286
f 455 129 130
f 255 329 330
f 255 330 254
f 455 130 454
f 46 47 286
f 46 286 287
f 411 412 173
f 256 328 329
f 256 329 255
f 411 173 174
f 45 46 287
f 45 287 288
f 257 327 328
f 456 128 129
f 456 129 455
f 257 328 256
f 44 45 288
f 44 288 289
f 258 327 257
f 258 326 327
f 43 289 290
f 43 44 289
f 410 174 175
f 259 326 258
f 259 325 326
f 42 43 290
f 42 290 291
f 410 411 174
f 457 127 128
f 260 325 259
f 457 128 456
f 260 324 325
f 41 42 291
f 41 291 292
f 261 324 260
f 261 323 324
f 40 41 292
f 40 292 293
f 409 175 176
f 409 410 175
f 262 323 261
f 262 322 323
f 39 293 294
f 39 40 293
f 263 322 262
f 263 321 322
f 38 39 294
f 458 126 127
f 38 294 295
f 264 321 263
f 458 127 457
f 264 320 321
f 37 38 295
f 37 295 296
f 265 320 264
f 265 319 320
f 36 37 296
f 36 296 297
f 266 319 265
f 408 409 176
f 408 176 177
f 266 318 319
f 35 36 297
f 35 297 298
f 267 318 266
f 267 317 318
f 34 35 298
f 34 298 299
f 268 317 267
f 459 126 458
f 268 316 317
f 33 299 300
f 33 34 299
f 269 316 268
f 269 315 316
f 32 33 300
f 32 300 301
f 459 125 126
f 270 315 269
f 270 314 315
f 31 301 302
f 31 32 301
f 407 408 177
f 407 177 178
f 271 314 270
f 271 313 314
f 30 31 302
f 30 302 303
f 25 313 271
f 25 309 310
f 25 310 311
f 25 311 312
f 25 312 313
f 29 303 304
f 29 30 303
f 28 304 305
f 28 29 304
f 27 309 25
f 27 305 306
f 27 306 307
f 27 307 308
f 27 308 309
f 27 28 305
f 460 125 459
f 274 25 26
f 460 124 125
f 274 27 25
f 275 274 26
f 273 272 274
f 27 274 272
f 406 407 178
f 406 178 179
f 461 124 460
f 461 123 124
f 405 406 179
f 405 179 180
f 462 123 461
f 462 122 123
f 404 180 181
f 404 405 180
f 463 122 462
f 463 121 122
f 403 404 181
f 403 181 182
f 464 121 463
f 464 120 121
f 402 403 182
f 402 182 183
f 465 120 464
f 465 119 120
f 401 183 184
f 401 402 183
f 466 119 465
f 466 118 119
f 400 184 185
f 400 401 184
f 467 118 466
f 467 117 118
f 399 400 185
f 399 185 186
f 468 117 467
f 468 116 117
f 398 186 187
f 398 399 186
f 469 116 468
f 469 115 116
f 397 398 187
f 397 187 188
f 470 115 469
f 470 114 115
f 396 397 188
f 396 188 189
f 471 114 470
f 471 113 114
f 395 189 190
f 395 396 189
f 472 113 471
f 472 112 113
f 394 395 190
f 394 190 191
f 473 112 472
f 473 111 112
f 393 394 191
f 393 191 192
f 474 111 473
f 474 110 111
f 392 393 192
f 392 192 193
f 475 110 474
f 475 109 110
f 391 392 193
f 391 193 194
f 476 109 475
f 476 108 109
f 390 391 194
f 390 194 195
f 477 107 108
f 477 108 476
f 389 390 195
f 389 195 196
f 478 107 477
f 478 106 107
f 388 389 196
f 388 196 197
f 479 106 478
f 479 105 106
f 387 388 197
f 387 197 198
f 480 105 479
f 480 104 105
f 386 387 198
f 386 198 199
f 481 104 480
f 481 103 104
f 385 386 199
f 385 199 200
f 482 103 481
f 482 102 103
f 384 385 200
f 384 200 201
f 483 101 102
f 483 102 482
f 383 201 202
f 383 384 201
f 484 100 101
f 484 101 483
f 382 202 203
f 382 383 202
f 485 99 100
f 485 100 484
f 381 382 203
f 381 203 204
f 486 98 99
f 486 99 485
f 380 204 205
f 380 381 204
f 487 97 98
f 487 98 486
f 379 205 206
f 379 380 205
f 488 96 97
f 488 97 487
f 378 206 207
f 378 379 206
f 489 95 96
f 489 96 488
f 377 207 208
f 377 378 207
f 490 94 95
f 490 95 489
f 376 208 209
f 376 377 208
f 491 93 94
f 491 94 490
f 375 209 210
f 375 376 209
f 492 92 93
f 492 93 491
f 374 210 211
f 374 375 210
f 493 91 92
f 493 92 492
f 373 211 212
f 373 374 211
f 494 90 91
f 494 91 493
f 372 212 213
f 372 373 212
f 495 89 90
f 495 90 494
f 371 372 213
f 496 89 495
f 88 89 496
f 214 371 213
f 370 371 214
f 497 88 496
f 87 88 497
f 498 87 497
f 215 369 370
f 215 370 214
f 86 87 498
f 86 498 499
f 216 369 215
f 216 368 369
f 85 86 499
f 85 499 500
f 217 368 216
f 217 367 368
f 84 85 500
f 84 500 501
f 218 366 367
f 218 367 217
f 83 84 501
f 83 501 502
f 219 365 366
f 219 366 218
f 82 83 502
f 82 502 503
f 220 365 219
f 220 364 365
f 81 82 503
f 81 503 504
f 221 363 364
f 221 364 220
f 80 81 504
f 80 504 505
f 222 362 363
f 222 363 221
f 79 80 505
f 79 505 506
f 223 361 362
f 223 362 222
f 78 506 507
f 78 79 506
f 224 361 223
f 224 360 361
f 77 507 508
f 77 78 507
f 225 360 224
f 225 359 360
f 76 77 508
f 76 508 509
f 226 358 359
f 226 359 225
f 75 76 509
f 75 509 510
f 227 357 358
f 227 358 226
f 74 75 510
f 74 510 511
f 228 356 357
f 228 357 227
f 73 74 511
f 73 511 512
f 229 355 356
f 229 356 228
f 72 512 513
f 72 73 512
f 230 355 229
f 230 354 355
f 71 72 513
f 71 513 514
f 231 353 354
f 231 354 230
f 70 514 515
f 70 71 514
f 232 352 353
f 232 353 231
f 69 515 516
f 69 70 515
f 233 352 232
f 233 351 352
f 68 69 516
f 68 516 517
f 234 350 351
f 234 351 233
f 67 68 517
f 67 517 518
f 235 349 350
f 235 350 234
f 66 67 518
f 66 518 519
f 236 348 349
f 236 349 235
f 531 529 528
f 531 528 530
f 740 1026 739
f 740 1027 1026
f 568 855 854
f 568 569 855
f 940 653 654
f 941 940 654
f 941 654 655
f 939 652 653
f 939 653 940
f 942 655 656
f 942 941 655
f 938 651 652
f 938 652 939
f 943 656 657
f 943 942 656
f 937 650 651
f 937 651 938
f 944 657 658
f 944 943 657
f 936 650 937
f 936 649 650
f 945 658 659
f 945 944 658
f 935 648 649
f 935 649 936
f 946 659 660
f 946 945 659
f 934 647 648
f 934 648 935
f 947 660 661
f 947 946 660
f 933 647 934
f 933 646 647
f 948 661 662
f 948 947 661
f 932 645 646
f 932 646 933
f 949 948 662
f 949 662 663
f 931 644 645
f 931 645 932
f 950 663 664
f 950 949 663
f 930 643 644
f 930 644 931
f 741 1027 740
f 951 664 665
f 951 950 664
f 741 1028 1027
f 567 854 853
f 567 568 854
f 742 1028 741
f 929 642 643
f 929 643 930
f 742 1029 1028
f 952 665 666
f 566 853 852
f 566 567 853
f 952 951 665
f 743 1029 742
f 743 1030 1029
f 928 641 642
f 565 852 851
f 565 566 852
f 928 642 929
f 953 666 667
f 953 952 666
f 744 1030 743
f 744 1031 1030
f 564 851 850
f 564 565 851
f 745 1031 744
f 927 640 641
f 927 641 928
f 745 1032 1031
f 954 953 667
f 954 667 668
f 563 850 849
f 563 564 850
f 746 1032 745
f 746 1033 1032
f 926 639 640
f 562 849 848
f 562 563 849
f 926 640 927
f 747 1033 746
f 955 668 669
f 747 1034 1033
f 561 848 847
f 561 562 848
f 955 954 668
f 925 638 639
f 748 1034 747
f 748 783 1034
f 925 639 926
f 560 847 846
f 560 561 847
f 749 784 783
f 956 669 670
f 749 783 748
f 956 955 669
f 924 637 638
f 559 846 845
f 559 560 846
f 924 638 925
f 750 785 784
f 750 784 749
f 957 956 670
f 558 845 844
f 558 559 845
f 957 670 671
f 751 786 785
f 923 636 637
f 751 785 750
f 557 844 843
f 557 558 844
f 923 637 924
f 752 787 786
f 958 671 672
f 752 786 751
f 556 843 842
f 556 557 843
f 958 957 671
f 753 788 787
f 753 787 752
f 922 635 636
f 922 636 923
f 555 842 841
f 555 556 842
f 754 789 788
f 959 958 672
f 959 672 673
f 754 788 753
f 554 841 840
f 554 555 841
f 755 789 754
f 755 790 789
f 921 634 635
f 553 840 839
f 553 554 840
f 921 635 922
f 756 791 790
f 960 959 673
f 960 673 674
f 756 790 755
f 552 839 838
f 552 553 839
f 757 792 791
f 920 633 634
f 757 791 756
f 551 838 837
f 551 552 838
f 920 634 921
f 758 793 792
f 758 792 757
f 961 674 675
f 550 837 836
f 550 551 837
f 759 794 793
f 961 960 674
f 759 793 758
f 549 836 835
f 919 632 633
f 549 550 836
f 760 794 759
f 760 795 794
f 919 633 920
f 548 835 834
f 548 549 835
f 761 795 760
f 761 796 795
f 547 548 834
f 962 675 676
f 962 961 675
f 547 834 833
f 762 797 796
f 762 796 761
f 546 547 833
f 918 632 919
f 546 833 832
f 763 797 762
f 763 798 797
f 545 546 832
f 918 631 632
f 545 832 831
f 764 799 798
f 764 798 763
f 963 676 677
f 963 962 676
f 544 545 831
f 544 831 830
f 765 800 799
f 765 799 764
f 543 544 830
f 917 631 918
f 543 830 829
f 766 800 765
f 766 801 800
f 542 543 829
f 917 630 631
f 542 829 828
f 767 801 766
f 767 802 801
f 964 677 678
f 541 542 828
f 541 828 827
f 768 802 767
f 768 803 802
f 964 963 677
f 540 541 827
f 540 827 826
f 769 803 768
f 769 804 803
f 539 540 826
f 539 826 825
f 770 804 769
f 770 805 804
f 916 630 917
f 538 539 825
f 538 825 824
f 771 805 770
f 771 806 805
f 916 629 630
f 537 538 824
f 537 824 823
f 772 806 771
f 772 807 806
f 536 537 823
f 965 678 679
f 965 964 678
f 536 823 822
f 773 807 772
f 773 808 807
f 535 536 822
f 915 629 916
f 535 822 821
f 774 808 773
f 774 809 808
f 534 535 821
f 534 821 820
f 775 809 774
f 775 810 809
f 532 534 820
f 532 817 816
f 532 818 817
f 532 819 818
f 532 820 819
f 776 810 775
f 776 811 810
f 777 811 776
f 777 812 811
f 778 812 777
f 778 532 816
f 778 813 812
f 915 628 629
f 966 965 679
f 778 814 813
f 778 815 814
f 778 816 815
f 966 679 680
f 781 533 532
f 781 532 778
f 782 533 781
f 780 781 779
f 778 779 781
f 914 628 915
f 914 627 628
f 967 680 681
f 967 966 680
f 913 627 914
f 913 626 627
f 968 681 682
f 968 967 681
f 912 626 913
f 912 625 626
f 969 682 683
f 969 968 682
f 911 625 912
f 911 624 625
f 970 683 684
f 970 969 683
f 910 624 911
f 910 623 624
f 971 970 684
f 971 684 685
f 909 623 910
f 909 622 623
f 972 971 685
f 972 685 686
f 908 622 909
f 908 621 622
f 973 686 687
f 973 972 686
f 907 621 908
f 907 620 621
f 974 973 687
f 974 687 688
f 906 619 620
f 906 620 907
f 975 688 689
f 975 974 688
f 905 619 906
f 905 618 619
f 976 689 690
f 976 975 689
f 904 618 905
f 904 617 618
f 977 690 691
f 977 976 690
f 903 617 904
f 903 616 617
f 978 977 691
f 978 691 692
f 902 616 903
f 902 615 616
f 979 978 692
f 979 692 693
f 901 615 902
f 901 614 615
f 980 693 694
f 980 979 693
f 900 614 901
f 900 613 614
f 981 980 694
f 981 694 695
f 899 613 900
f 899 612 613
f 982 981 695
f 982 695 696
f 898 612 899
f 898 611 612
f 983 982 696
f 983 696 697
f 897 611 898
f 897 610 611
f 984 983 697
f 984 697 698
f 896 610 897
f 896 609 610
f 985 698 699
f 985 984 698
f 895 609 896
f 895 608 609
f 986 985 699
f 986 699 700
f 894 607 608
f 894 608 895
f 987 986 700
f 987 700 701
f 893 607 894
f 893 606 607
f 988 987 701
f 988 701 702
f 892 606 893
f 892 605 606
f 989 702 703
f 989 988 702
f 891 604 605
f 891 605 892
f 990 703 704
f 990 989 703
f 890 603 604
f 890 604 891
f 991 704 705
f 991 990 704
f 889 603 890
f 889 602 603
f 992 991 705
f 992 705 706
f 888 602 889
f 888 601 602
f 993 706 707
f 993 992 706
f 887 601 888
f 887 600 601
f 994 993 707
f 994 707 708
f 886 600 887
f 886 599 600
f 995 708 709
f 995 994 708
f 885 598 599
f 885 599 886
f 996 709 710
f 996 995 709
f 884 597 598
f 884 598 885
f 997 996 710
f 997 710 711
f 883 596 597
f 883 597 884
f 998 711 712
f 998 997 711
f 882 596 883
f 882 595 596
f 999 712 713
f 999 998 712
f 881 595 882
f 881 594 595
f 1000 713 714
f 1000 999 713
f 880 593 594
f 880 594 881
f 1001 714 715
f 1001 1000 714
f 879 592 593
f 879 593 880
f 1002 715 716
f 1002 1001 715
f 878 592 879
f 1003 1002 716
f 717 1003 716
f 591 592 878
f 877 591 878
f 1004 1003 717
f 718 1004 717
f 1005 1004 718
f 590 877 876
f 590 591 877
f 719 1005 718
f 719 1006 1005
f 589 590 876
f 589 876 875
f 720 1006 719
f 720 1007 1006
f 588 589 875
f 588 875 874
f 721 1007 720
f 721 1008 1007
f 587 874 873
f 587 588 874
f 722 1008 721
f 722 1009 1008
f 586 873 872
f 586 587 873
f 723 1009 722
f 723 1010 1009
f 585 586 872
f 585 872 871
f 724 1010 723
f 724 1011 1010
f 584 871 870
f 584 585 871
f 725 1011 724
f 725 1012 1011
f 583 870 869
f 583 584 870
f 726 1012 725
f 726 1013 1012
f 582 869 868
f 582 583 869
f 727 1014 1013
f 727 1013 726
f 581 868 867
f 581 582 868
f 728 1014 727
f 728 1015 1014
f 580 581 867
f 580 867 866
f 729 1015 728
f 729 1016 1015
f 579 866 865
f 579 580 866
f 730 1016 729
f 730 1017 1016
f 578 865 864
f 578 579 865
f 731 1017 730
f 731 1018 1017
f 577 864 863
f 577 578 864
f 732 1018 731
f 732 1019 1018
f 576 863 862
f 576 577 863
f 733 1019 732
f 733 1020 1019
f 575 862 861
f 575 576 862
f 734 1020 733
f 734 1021 1020
f 574 861 860
f 574 575 861
f 735 1022 1021
f 735 1021 734
f 573 860 859
f 573 574 860
f 736 1023 1022
f 736 1022 735
f 572 573 859
f 572 859 858
f 737 1023 736
f 737 1024 1023
f 571 858 857
f 571 572 858
f 738 1024 737
f 738 1025 1024
f 570 857 856
f 570 571 857
f 739 1025 738
f 739 1026 1025
f 569 856 855
f 569 570 856
f 1075 1076 1529
f 1075 1529 1530
f 1247 1357 1358
f 1247 1358 1246
f 1443 1161 1162
f 1444 1161 1443
f 1444 1160 1161
f 1442 1443 1162
f 1442 1162 1163
f 1445 1159 1160
f 1445 1160 1444
f 1441 1163 1164
f 1441 1442 1163
f 1446 1158 1159
f 1446 1159 1445
f 1440 1164 1165
f 1440 1441 1164
f 1447 1157 1158
f 1447 1158 1446
f 1439 1165 1166
f 1439 1440 1165
f 1448 1156 1157
f 1448 1157 1447
f 1438 1439 1166
f 1438 1166 1167
f 1449 1155 1156
f 1449 1156 1448
f 1437 1167 1168
f 1437 1438 1167
f 1450 1154 1155
f 1450 1155 1449
f 1436 1168 1169
f 1436 1437 1168
f 1451 1153 1154
f 1451 1154 1450
f 1435 1436 1169
f 1435 1169 1170
f 1452 1152 1153
f 1452 1153 1451
f 1434 1170 1171
f 1434 1435 1170
f 1453 1151 1152
f 1453 1152 1452
f 1433 1171 1172
f 1433 1434 1171
f 1454 1150 1151
f 1454 1151 1453
f 1432 1433 1172
f 1432 1172 1173
f 1074 1075 1530
f 1455 1149 1150
f 1455 1150 1454
f 1074 1530 1531
f 1431 1173 1174
f 1248 1356 1357
f 1248 1357 1247
f 1431 1432 1173
f 1073 1074 1531
f 1456 1148 1149
f 1073 1531 1532
f 1249 1355 1356
f 1456 1149 1455
f 1249 1356 1248
f 1430 1174 1175
f 1072 1073 1532
f 1072 1532 1533
f 1430 1431 1174
f 1250 1354 1355
f 1250 1355 1249
f 1457 1147 1148
f 1457 1148 1456
f 1071 1072 1533
f 1071 1533 1534
f 1429 1175 1176
f 1251 1353 1354
f 1251 1354 1250
f 1429 1430 1175
f 1070 1071 1534
f 1458 1146 1147
f 1458 1147 1457
f 1070 1534 1535
f 1252 1352 1353
f 1252 1353 1251
f 1428 1176 1177
f 1069 1070 1535
f 1069 1535 1536
f 1428 1429 1176
f 1253 1351 1352
f 1253 1352 1252
f 1459 1145 1146
f 1459 1146 1458
f 1068 1069 1536
f 1068 1536 1537
f 1254 1351 1253
f 1254 1350 1351
f 1427 1177 1178
f 1067 1068 1537
f 1427 1428 1177
f 1460 1144 1145
f 1067 1537 1286
f 1255 1349 1350
f 1255 1350 1254
f 1460 1145 1459
f 1066 1286 1287
f 1426 1427 1178
f 1066 1067 1286
f 1256 1348 1349
f 1426 1178 1179
f 1256 1349 1255
f 1065 1066 1287
f 1065 1287 1288
f 1461 1143 1144
f 1461 1144 1460
f 1257 1347 1348
f 1257 1348 1256
f 1064 1288 1289
f 1064 1065 1288
f 1425 1426 1179
f 1425 1179 1180
f 1258 1346 1347
f 1258 1347 1257
f 1462 1142 1143
f 1462 1143 1461
f 1063 1289 1290
f 1063 1064 1289
f 1259 1345 1346
f 1259 1346 1258
f 1424 1180 1181
f 1062 1290 1291
f 1424 1425 1180
f 1062 1063 1290
f 1260 1344 1345
f 1260 1345 1259
f 1463 1141 1142
f 1061 1291 1292
f 1463 1142 1462
f 1061 1062 1291
f 1261 1343 1344
f 1261 1344 1260
f 1423 1424 1181
f 1060 1061 1292
f 1060 1292 1293
f 1423 1181 1182
f 1262 1342 1343
f 1262 1343 1261
f 1464 1140 1141
f 1059 1293 1294
f 1464 1141 1463
f 1059 1060 1293
f 1263 1341 1342
f 1263 1342 1262
f 1058 1059 1294
f 1058 1294 1295
f 1264 1340 1341
f 1422 1182 1183
f 1422 1423 1182
f 1264 1341 1263
f 1057 1058 1295
f 1057 1295 1296
f 1465 1139 1140
f 1265 1339 1340
f 1265 1340 1264
f 1465 1140 1464
f 1056 1057 1296
f 1056 1296 1297
f 1421 1422 1183
f 1266 1338 1339
f 1266 1339 1265
f 1421 1183 1184
f 1055 1056 1297
f 1055 1297 1298
f 1267 1337 1338
f 1466 1138 1139
f 1466 1139 1465
f 1267 1338 1266
f 1054 1055 1298
f 1054 1298 1299
f 1268 1337 1267
f 1268 1336 1337
f 1053 1299 1300
f 1053 1054 1299
f 1420 1184 1185
f 1269 1336 1268
f 1269 1335 1336
f 1052 1053 1300
f 1052 1300 1301
f 1420 1421 1184
f 1467 1137 1138
f 1270 1335 1269
f 1467 1138 1466
f 1270 1334 1335
f 1051 1052 1301
f 1051 1301 1302
f 1271 1334 1270
f 1271 1333 1334
f 1050 1051 1302
f 1050 1302 1303
f 1419 1185 1186
f 1419 1420 1185
f 1272 1333 1271
f 1272 1332 1333
f 1049 1303 1304
f 1049 1050 1303
f 1273 1332 1272
f 1273 1331 1332
f 1048 1049 1304
f 1468 1136 1137
f 1048 1304 1305
f 1274 1331 1273
f 1468 1137 1467
f 1274 1330 1331
f 1047 1048 1305
f 1047 1305 1306
f 1275 1330 1274
f 1275 1329 1330
f 1046 1047 1306
f 1046 1306 1307
f 1276 1329 1275
f 1418 1419 1186
f 1418 1186 1187
f 1276 1328 1329
f 1045 1046 1307
f 1045 1307 1308
f 1277 1328 1276
f 1277 1327 1328
f 1044 1045 1308
f 1044 1308 1309
f 1278 1327 1277
f 1469 1136 1468
f 1278 1326 1327
f 1043 1309 1310
f 1043 1044 1309
f 1279 1326 1278
f 1279 1325 1326
f 1042 1043 1310
f 1042 1310 1311
f 1469 1135 1136
f 1280 1325 1279
f 1280 1324 1325
f 1041 1311 1312
f 1041 1042 1311
f 1417 1418 1187
f 1417 1187 1188
f 1281 1324 1280
f 1281 1323 1324
f 1040 1041 1312
f 1040 1312 1313
f 1035 1323 1281
f 1035 1319 1320
f 1035 1320 1321
f 1035 1321 1322
f 1035 1322 1323
f 1039 1313 1314
f 1039 1040 1313
f 1038 1314 1315
f 1038 1039 1314
f 1037 1319 1035
f 1037 1315 1316
f 1037 1316 1317
f 1037 1317 1318
f 1037 1318 1319
f 1037 1038 1315
f 1470 1135 1469
f 1284 1035 1036
f 1470 1134 1135
f 1284 1037 1035
f 1285 1284 1036
f 1283 1282 1284
f 1037 1284 1282
f 1416 1417 1188
f 1416 1188 1189
f 1471 1134 1470
f 1471 1133 1134
f 1415 1416 1189
f 1415 1189 1190
f 1472 1133 1471
f 1472 1132 1133
f 1414 1190 1191
f 1414 1415 1190
f 1473 1132 1472
f 1473 1131 1132
f 1413 1414 1191
f 1413 1191 1192
f 1474 1131 1473
f 1474 1130 1131
f 1412 1413 1192
f 1412 1192 1193
f 1475 1130 1474
f 1475 1129 1130
f 1411 1193 1194
f 1411 1412 1193
f 1476 1129 1475
f 1476 1128 1129
f 1410 1194 1195
f 1410 1411 1194
f 1477 1128 1476
f 1477 1127 1128
f 1409 1410 1195
f 1409 1195 1196
f 1478 1127 1477
f 1478 1126 1127
f 1408 1196 1197
f 1408 1409 1196
f 1479 1126 1478
f 1479 1125 1126
f 1407 1408 1197
f 1407 1197 1198
f 1480 1125 1479
f 1480 1124 1125
f 1406 1407 1198
f 1406 1198 1199
f 1481 1124 1480
f 1481 1123 1124
f 1405 1199 1200
f 1405 1406 1199
f 1482 1123 1481
f 1482 1122 1123
f 1404 1405 1200
f 1404 1200 1201
f 1483 1122 1482
f 1483 1121 1122
f 1403 1404 1201
f 1403 1201 1202
f 1484 1121 1483
f 1484 1120 1121
f 1402 1403 1202
f 1402 1202 1203
f 1485 1120 1484
f 1485 1119 1120
f 1401 1402 1203
f 1401 1203 1204
f 1486 1119 1485
f 1486 1118 1119
f 1400 1401 1204
f 1400 1204 1205
f 1487 1117 1118
f 1487 1118 1486
f 1399 1400 1205
f 1399 1205 1206
f 1488 1117 1487
f 1488 1116 1117
f 1398 1399 1206
f 1398 1206 1207
f 1489 1116 1488
f 1489 1115 1116
f 1397 1398 1207
f 1397 1207 1208
f 1490 1115 1489
f 1490 1114 1115
f 1396 1397 1208
f 1396 1208 1209
f 1491 1114 1490
f 1491 1113 1114
f 1395 1396 1209
f 1395 1209 1210
f 1492 1113 1491
f 1492 1112 1113
f 1394 1395 1210
f 1394 1210 1211
f 1493 1111 1112
f 1493 1112 1492
f 1393 1211 1212
f 1393 1394 1211
f 1494 1110 1111
f 1494 1111 1493
f 1392 1212 1213
f 1392 1393 1212
f 1495 1109 1110
f 1495 1110 1494
f 1391 1392 1213
f 1391 1213 1214
f 1496 1108 1109
f 1496 1109 1495
f 1390 1214 1215
f 1390 1391 1214
f 1497 1107 1108
f 1497 1108 1496
f 1389 1215 1216
f 1389 1390 1215
f 1498 1106 1107
f 1498 1107 1497
f 1388 1216 1217
f 1388 1389 1216
f 1499 1105 1106
f 1499 1106 1498
f 1387 1217 1218
f 1387 1388 1217
f 1500 1104 1105
f 1500 1105 1499
f 1386 1218 1219
f 1386 1387 1218
f 1501 1103 1104
f 1501 1104 1500
f 1385 1219 1220
f 1385 1386 1219
f 1502 1102 1103
f 1502 1103 1501
f 1384 1220 1221
f 1384 1385 1220
f 1503 1101 1102
f 1503 1102 1502
f 1383 1221 1222
f 1383 1384 1221
f 1504 1100 1101
f 1504 1101 1503
f 1382 1222 1223
f 1382 1383 1222
f 1505 1099 1100
f 1505 1100 1504
f 1381 1382 1223
f 1506 1099 1505
f 1098 1099 1506
f 1224 1381 1223
f 1380 1381 1224
f 1507 1098 1506
f 1097 1098 1507
f 1508 1097 1507
f 1225 1379 1380
f 1225 1380 1224
f 1096 1097 1508
f 1096 1508 1509
f 1226 1379 1225
f 1226 1378 1379
f 1095 1096 1509
f 1095 1509 1510
f 1227 1378 1226
f 1227 1377 1378
f 1094 1095 1510
f 1094 1510 1511
f 1228 1376 1377
f 1228 1377 1227
f 1093 1094 1511
f 1093 1511 1512
f 1229 1375 1376
f 1229 1376 1228
f 1092 1093 1512
f 1092 1512 1513
f 1230 1375 1229
f 1230 1374 1375
f 1091 1092 1513
f 1091 1513 1514
f 1231 1373 1374
f 1231 1374 1230
f 1090 1091 1514
f 1090 1514 1515
f 1232 1372 1373
f 1232 1373 1231
f 1089 1090 1515
f 1089 1515 1516
f 1233 1371 1372
f 1233 1372 1232
f 1088 1516 1517
f 1088 1089 1516
f 1234 1371 1233
f 1234 1370 1371
f 1087 1517 1518
f 1087 1088 1517
f 1235 1370 1234
f 1235 1369 1370
f 1086 1087 1518
f 1086 1518 1519
f 1236 1368 1369
f 1236 1369 1235
f 1085 1086 1519
f 1085 1519 1520
f 1237 1367 1368
f 1237 1368 1236
f 1084 1085 1520
f 1084 1520 1521
f 1238 1366 1367
f 1238 1367 1237
f 1083 1084 1521
f 1083 1521 1522
f 1239 1365 1366
f 1239 1366 1238
f 1082 1522 1523
f 1082 1083 1522
f 1240 1365 1239
f 1240 1364 1365
f 1081 1082 1523
f 1081 1523 1524
f 1241 1363 1364
f 1241 1364 1240
f 1080 1524 1525
f 1080 1081 1524
f 1242 1362 1363
f 1242 1363 1241
f 1079 1525 1526
f 1079 1080 1525
f 1243 1362 1242
f 1243 1361 1362
f 1078 1079 1526
f 1078 1526 1527
f 1244 1360 1361
f 1244 1361 1243
f 1077 1078 1527
f 1077 1527 1528
f 1245 1359 1360
f 1245 1360 1244
f 1076 1077 1528
f 1076 1528 1529
f 1246 1358 1359
f 1246 1359 1245
f 1541 1539 1538
f 1541 1538 1540
f 1750 2036 1749
f 1750 2037 2036
f 1578 1865 1864
f 1578 1579 1865
f 1950 1663 1664
f 1951 1950 1664
f 1951 1664 1665
f 1949 1662 1663
f 1949 1663 1950
f 1952 1665 1666
f 1952 1951 1665
f 1948 1661 1662
f 1948 1662 1949
f 1953 1666 1667
f 1953 1952 1666
f 1947 1660 1661
f 1947 1661 1948
f 1954 1667 1668
f 1954 1953 1667
f 1946 1660 1947
f 1946 1659 1660
f 1955 1668 1669
f 1955 1954 1668
f 1945 1658 1659
f 1945 1659 1946
f 1956 1669 1670
f 1956 1955 1669
f 1944 1657 1658
f 1944 1658 1945
f 1957 1670 1671
f 1957 1956 1670
f 1943 1657 1944
f 1943 1656 1657
f 1958 1671 1672
f 1958 1957 1671
f 1942 1655 1656
f 1942 1656 1943
f 1959 1958 1672
f 1959 1672 1673
f 1941 1654 1655
f 1941 1655 1942
f 1960 1673 1674
f 1960 1959 1673
f 1940 1653 1654
f 1940 1654 1941
f 1751 2037 1750
f 1961 1674 1675
f 1961 1960 1674
f 1751 2038 2037
f 1577 1864 1863
f 1577 1578 1864
f 1752 2038 1751
f 1939 1652 1653
f 1939 1653 1940
f 1752 2039 2038
f 1962 1675 1676
f 1576 1863 1862
f 1576 1577 1863
f 1962 1961 1675
f 1753 2039 1752
f 1753 2040 2039
f 1938 1651 1652
f 1575 1862 1861
f 1575 1576 1862
f 1938 1652 1939
f 1963 1676 1677
f 1963 1962 1676
f 1754 2040 1753
f 1754 2041 2040
f 1574 1861 1860
f 1574 1575 1861
f 1755 2041 1754
f 1937 1650 1651
f 1937 1651 1938
f 1755 2042 2041
f 1964 1963 1677
f 1964 1677 1678
f 1573 1860 1859
f 1573 1574 1860
f 1756 2042 1755
f 1756 2043 2042
f 1936 1649 1650
f 1572 1859 1858
f 1572 1573 1859
f 1936 1650 1937
f 1757 2043 1756
f 1965 1678 1679
f 1757 2044 2043
f 1571 1858 1857
f 1571 1572 1858
f 1965 1964 1678
f 1935 1648 1649
f 1758 2044 1757
f 1758 1793 2044
f 1935 1649 1936
f 1570 1857 1856
f 1570 1571 1857
f 1759 1794 1793
f 1966 1679 1680
f 1759 1793 1758
f 1966 1965 1679
f 1934 1647 1648
f 1569 1856 1855
f 1569 1570 1856
f 1934 1648 1935
f 1760 1795 1794
f 1760 1794 1759
f 1967 1966 1680
f 1568 1855 1854
f 1568 1569 1855
f 1967 1680 1681
f 1761 1796 1795
f 1933 1646 1647
f 1761 1795 1760
f 1567 1854 1853
f 1567 1568 1854
f 1933 1647 1934
f 1762 1797 1796
f 1968 1681 1682
f 1762 1796 1761
f 1566 1853 1852
f 1566 1567 1853
f 1968 1967 1681
f 1763 1798 1797
f 1763 1797 1762
f 1932 1645 1646
f 1932 1646 1933
f 1565 1852 1851
f 1565 1566 1852
f 1764 1799 1798
f 1969 1968 1682
f 1969 1682 1683
f 1764 1798 1763
f 1564 1851 1850
f 1564 1565 1851
f 1765 1799 1764
f 1765 1800 1799
f 1931 1644 1645
f 1563 1850 1849
f 1563 1564 1850
f 1931 1645 1932
f 1766 1801 1800
f 1970 1969 1683
f 1970 1683 1684
f 1766 1800 1765
f 1562 1849 1848
f 1562 1563 1849
f 1767 1802 1801
f 1930 1643 1644
f 1767 1801 1766
f 1561 1848 1847
f 1561 1562 1848
f 1930 1644 1931
f 1768 1803 1802
f 1768 1802 1767
f 1971 1684 1685
f 1560 1847 1846
f 1560 1561 1847
f 1769 1804 1803
f 1971 1970 1684
f 1769 1803 1768
f 1559 1846 1845
f 1929 1642 1643
f 1559 1560 1846
f 1770 1804 1769
f 1770 1805 1804
f 1929 1643 1930
f 1558 1845 1844
f 1558 1559 1845
f 1771 1805 1770
f 1771 1806 1805
f 1557 1558 1844
f 1972 1685 1686
f 1972 1971 1685
f 1557 1844 1843
f 1772 1807 1806
f 1772 1806 1771
f 1556 1557 1843
f 1928 1642 1929
f 1556 1843 1842
f 1773 1807 1772
f 1773 1808 1807
f 1555 1556 1842
f 1928 1641 1642
f 1555 1842 1841
f 1774 1809 1808
f 1774 1808 1773
f 1973 1686 1687
f 1973 1972 1686
f 1554 1555 1841
f 1554 1841 1840
f 1775 1810 1809
f 1775 1809 1774
f 1553 1554 1840
f 1927 1641 1928
f 1553 1840 1839
f 1776 1810 1775
f 1776 1811 1810
f 1552 1553 1839
f 1927 1640 1641
f 1552 1839 1838
f 1777 1811 1776
f 1777 1812 1811
f 1974 1687 1688
f 1551 1552 1838
f 1551 1838 1837
f 1778 1812 1777
f 1778 1813 1812
f 1974 1973 1687
f 1550 1551 1837
f 1550 1837 1836
f 1779 1813 1778
f 1779 1814 1813
f 1549 1550 1836
f 1549 1836 1835
f 1780 1814 1779
f 1780 1815 1814
f 1926 1640 1927
f 1548 1549 1835
f 1548 1835 1834
f 1781 1815 1780
f 1781 1816 1815
f 1926 1639 1640
f 1547 1548 1834
f 1547 1834 1833
f 1782 1816 1781
f 1782 1817 1816
f 1546 1547 1833
f 1975 1688 1689
f 1975 1974 1688
f 1546 1833 1832
f 1783 1817 1782
f 1783 1818 1817
f 1545 1546 1832
f 1925 1639 1926
f 1545 1832 1831
f 1784 1818 1783
f 1784 1819 1818
f 1544 1545 1831
f 1544 1831 1830
f 1785 1819 1784
f 1785 1820 1819
f 1542 1544 1830
f 1542 1827 1826
f 1542 1828 1827
f 1542 1829 1828
f 1542 1830 1829
f 1786 1820 1785
f 1786 1821 1820
f 1787 1821 1786
f 1787 1822 1821
f 1788 1822 1787
f 1788 1542 1826
f 1788 1823 1822
f 1925 1638 1639
f 1976 1975 1689
f 1788 1824 1823
f 1788 1825 1824
f 1788 1826 1825
f 1976 1689 1690
f 1791 1543 1542
f 1791 1542 1788
f 1792 1543 1791
f 1790 1791 1789
f 1788 1789 1791
f 1924 1638 1925
f 1924 1637 1638
f 1977 1690 1691
f 1977 1976 1690
f 1923 1637 1924
f 1923 1636 1637
f 1978 1691 1692
f 1978 1977 1691
f 1922 1636 1923
f 1922 1635 1636
f 1979 1692 1693
f 1979 1978 1692
f 1921 1635 1922
f 1921 1634 1635
f 1980 1693 1694
f 1980 1979 1693
f 1920 1634 1921
f 1920 1633 1634
f 1981 1980 1694
f 1981 1694 1695
f 1919 1633 1920
f 1919 1632 1633
f 1982 1981 1695
f 1982 1695 1696
f 1918 1632 1919
f 1918 1631 1632
f 1983 1696 1697
f 1983 1982 1696
f 1917 1631 1918
f 1917 1630 1631
f 1984 1983 1697
f 1984 1697 1698
f 1916 1629 1630
f 1916 1630 1917
f 1985 1698 1699
f 1985 1984 1698
f 1915 1629 1916
f 1915 1628 1629
f 1986 1699 1700
f 1986 1985 1699
f 1914 1628 1915
f 1914 1627 1628
f 1987 1700 1701
f 1987 1986 1700
f 1913 1627 1914
f 1913 1626 1627
f 1988 1987 1701
f 1988 1701 1702
f 1912 1626 1913
f 1912 1625 1626
f 1989 1988 1702
f 1989 1702 1703
f 1911 1625 1912
f 1911 1624 1625
f 1990 1703 1704
f 1990 1989 1703
f 1910 1624 1911
f 1910 1623 1624
f 1991 1990 1704
f 1991 1704 1705
f 1909 1623 1910
f 1909 1622 1623
f 1992 1991 1705
f 1992 1705 1706
f 1908 1622 1909
f 1908 1621 1622
f 1993 1992 1706
f 1993 1706 1707
f 1907 1621 1908
f 1907 1620 1621
f 1994 1993 1707
f 1994 1707 1708
f 1906 1620 1907
f 1906 1619 1620
f 1995 1708 1709
f 1995 1994 1708
f 1905 1619 1906
f 1905 1618 1619
f 1996 1995 1709
f 1996 1709 1710
f 1904 1617 1618
f 1904 1618 1905
f 1997 1996 1710
f 1997 1710 1711
f 1903 1617 1904
f 1903 1616 1617
f 1998 1997 1711
f 1998 1711 1712
f 1902 1616 1903
f 1902 1615 1616
f 1999 1712 1713
f 1999 1998 1712
f 1901 1614 1615
f 1901 1615 1902
f 2000 1713 1714
f 2000 1999 1713
f 1900 1613 1614
f 1900 1614 1901
f 2001 1714 1715
f 2001 2000 1714
f 1899 1613 1900
f 1899 1612 1613
f 2002 2001 1715
f 2002 1715 1716
f 1898 1612 1899
f 1898 1611 1612
f 2003 1716 1717
f 2003 2002 1716
f 1897 1611 1898
f 1897 1610 1611
f 2004 2003 1717
f 2004 1717 1718
f 1896 1610 1897
f 1896 1609 1610
f 2005 1718 1719
f 2005 2004 1718
f 1895 1608 1609
f 1895 1609 1896
f 2006 1719 1720
f 2006 2005 1719
f 1894 1607 1608
f 1894 1608 1895
f 2007 2006 1720
f 2007 1720 1721
f 1893 1606 1607
f 1893 1607 1894
f 2008 1721 1722
f 2008 2007 1721
f 1892 1606 1893
f 1892 1605 1606
f 2009 1722 1723
f 2009 2008 1722
f 1891 1605 1892
f 1891 1604 1605
f 2010 1723 1724
f 2010 2009 1723
f 1890 1603 1604
f 1890 1604 1891
f 2011 1724 1725
f 2011 2010 1724
f 1889 1602 1603
f 1889 1603 1890
f 2012 1725 1726
f 2012 2011 1725
f 1888 1602 1889
f 2013 2012 1726
f 1727 2013 1726
f 1601 1602 1888
f 1887 1601 1888
f 2014 2013 1727
f 1728 2014 1727
f 2015 2014 1728
f 1600 1887 1886
f 1600 1601 1887
f 1729 2015 1728
f 1729 2016 2015
f 1599 1600 1886
f 1599 1886 1885
f 1730 2016 1729
f 1730 2017 2016
f 1598 1599 1885
f 1598 1885 1884
f 1731 2017 1730
f 1731 2018 2017
f 1597 1884 1883
f 1597 1598 1884
f 1732 2018 1731
f 1732 2019 2018
f 1596 1883 1882
f 1596 1597 1883
f 1733 2019 1732
f 1733 2020 2019
f 1595 1596 1882
f 1595 1882 1881
f 1734 2020 1733
f 1734 2021 2020
f 1594 1881 1880
f 1594 1595 1881
f 1735 2021 1734
f 1735 2022 2021
f 1593 1880 1879
f 1593 1594 1880
f 1736 2022 1735
f 1736 2023 2022
f 1592 1879 1878
f 1592 1593 1879
f 1737 2024 2023
f 1737 2023 1736
f 1591 1878 1877
f 1591 1592 1878
f 1738 2024 1737
f 1738 2025 2024
f 1590 1591 1877
f 1590 1877 1876
f 1739 2025 1738
f 1739 2026 2025
f 1589 1876 1875
f 1589 1590 1876
f 1740 2026 1739
f 1740 2027 2026
f 1588 1875 1874
f 1588 1589 1875
f 1741 2027 1740
f 1741 2028 2027
f 1587 1874 1873
f 1587 1588 1874
f 1742 2028 1741
f 1742 2029 2028
f 1586 1873 1872
f 1586 1587 1873
f 1743 2029 1742
f 1743 2030 2029
f 1585 1872 1871
f 1585 1586 1872
f 1744 2030 1743
f 1744 2031 2030
f 1584 1871 1870
f 1584 1585 1871
f 1745 2032 2031
f 1745 2031 1744
f 1583 1870 1869
f 1583 1584 1870
f 1746 2033 2032
f 1746 2032 1745
f 1582 1583 1869
f 1582 1869 1868
f 1747 2033 1746
f 1747 2034 2033
f 1581 1868 1867
f 1581 1582 1868
f 1748 2034 1747
f 1748 2035 2034
f 1580 1867 1866
f 1580 1581 1867
f 1749 2035 1748
f 1749 2036 2035
f 1579 1866 1865
f 1579 1580 1866
f 2048 2046 2045
f 2048 2045 2047
f 2052 2050 2049
f 2052 2049 2051
f 2056 2053 2054
f 2056 2055 2053
f 2057 2059 2060
f 2057 2060 2058
f 2061 2063 2064
f 2061 2064 2062
f 2066 2065 2067
f 2066 2067 2068
f 2069 2072 2071
f 2069 2070 2072
f 2564 2074 2073
f 2563 2075 2074
f 2563 2074 2564
f 2562 2076 2075
f 2562 2075 2563
f 2561 2076 2562
f 2561 2077 2076
f 2560 2078 2077
f 2560 2077 2561
f 2559 2079 2078
f 2559 2078 2560
f 2558 2080 2079
f 2558 2079 2559
f 2557 2081 2080
f 2557 2080 2558
f 2556 2082 2081
f 2556 2081 2557
f 2555 2083 2082
f 2555 2082 2556
f 2554 2084 2083
f 2554 2083 2555
f 2553 2085 2084
f 2553 2084 2554
f 2552 2086 2085
f 2552 2085 2553
f 2551 2087 2086
f 2551 2086 2552
f 2550 2088 2087
f 2550 2087 2551
f 2549 2089 2088
f 2549 2088 2550
f 2548 2090 2089
f 2548 2089 2549
f 2547 2091 2090
f 2547 2090 2548
f 2546 2092 2091
f 2546 2091 2547
f 2545 2093 2092
f 2545 2092 2546
f 2544 2094 2093
f 2544 2093 2545
f 2543 2095 2094
f 2543 2094 2544
f 2542 2096 2095
f 2542 2095 2543
f 2541 2097 2096
f 2541 2096 2542
f 2540 2098 2097
f 2540 2097 2541
f 2539 2099 2098
f 2539 2098 2540
f 2538 2100 2099
f 2538 2099 2539
f 2537 2101 2100
f 2537 2100 2538
f 2536 2101 2537
f 2536 2102 2101
f 2535 2102 2536
f 2535 2103 2102
f 2534 2103 2535
f 2534 2104 2103
f 2533 2104 2534
f 2533 2105 2104
f 2532 2105 2533
f 2532 2106 2105
f 2531 2106 2532
f 2531 2107 2106
f 2530 2107 2531
f 2530 2108 2107
f 2529 2108 2530
f 2529 2109 2108
f 2528 2110 2109
f 2528 2109 2529
f 2527 2111 2110
f 2527 2110 2528
f 2526 2112 2111
f 2526 2111 2527
f 2525 2113 2112
f 2525 2112 2526
f 2524 2114 2113
f 2524 2113 2525
f 2523 2115 2114
f 2523 2114 2524
f 2522 2116 2115
f 2522 2115 2523
f 2521 2117 2116
f 2521 2116 2522
f 2520 2118 2117
f 2520 2117 2521
f 2519 2119 2118
f 2519 2118 2520
f 2518 2120 2119
f 2518 2119 2519
f 2517 2121 2120
f 2517 2120 2518
f 2516 2122 2121
f 2516 2121 2517
f 2515 2123 2122
f 2515 2122 2516
f 2514 2124 2123
f 2514 2123 2515
f 2513 2125 2124
f 2513 2124 2514
f 2512 2126 2125
f 2512 2125 2513
f 2511 2126 2512
f 2511 2127 2126
f 2510 2127 2511
f 2510 2128 2127
f 2509 2128 2510
f 2509 2129 2128
f 2508 2129 2509
f 2508 2130 2129
f 2507 2130 2508
f 2506 2130 2507
f 2506 2131 2130
f 2506 2132 2131
f 2505 2132 2506
f 2504 2132 2505
f 2504 2133 2132
f 2504 2134 2133
f 2503 2134 2504
f 2503 2135 2134
f 2502 2135 2503
f 2502 2136 2135
f 2501 2136 2502
f 2500 2136 2501
f 2500 2137 2136
f 2500 2138 2137
f 2499 2138 2500
f 2498 2138 2499
f 2498 2139 2138
f 2498 2140 2139
f 2497 2140 2498
f 2496 2140 2497
f 2496 2141 2140
f 2496 2142 2141
f 2495 2142 2496
f 2495 2143 2142
f 2494 2143 2495
f 2493 2143 2494
f 2493 2144 2143
f 2493 2145 2144
f 2492 2146 2145
f 2492 2145 2493
f 2491 2146 2492
f 2490 2146 2491
f 2490 2147 2146
f 2489 2148 2147
f 2489 2147 2490
f 2488 2149 2148
f 2488 2148 2489
f 2487 2150 2149
f 2487 2149 2488
f 2486 2151 2150
f 2486 2150 2487
f 2485 2151 2486
f 2485 2152 2151
f 2485 2153 2152
f 2484 2153 2485
f 2483 2153 2484
f 2483 2154 2153
f 2482 2154 2483
f 2482 2155 2154
f 2482 2156 2155
f 2481 2156 2482
f 2480 2156 2481
f 2480 2157 2156
f 2480 2158 2157
f 2479 2158 2480
f 2478 2158 2479
f 2478 2159 2158
f 2477 2159 2478
f 2477 2160 2159
f 2476 2160 2477
f 2476 2161 2160
f 2476 2162 2161
f 2475 2162 2476
f 2474 2162 2475
f 2474 2163 2162
f 2473 2163 2474
f 2473 2164 2163
f 2472 2164 2473
f 2472 2165 2164
f 2471 2165 2472
f 2471 2166 2165
f 2470 2166 2471
f 2470 2167 2166
f 2470 2168 2167
f 2469 2168 2470
f 2468 2168 2469
f 2468 2169 2168
f 2467 2169 2468
f 2467 2170 2169
f 2466 2170 2467
f 2466 2171 2170
f 2465 2171 2466
f 2465 2172 2171
f 2465 2173 2172
f 2464 2174 2173
f 2464 2173 2465
f 2463 2174 2464
f 2462 2175 2174
f 2462 2174 2463
f 2461 2176 2175
f 2461 2175 2462
f 2460 2176 2461
f 2460 2177 2176
f 2460 2178 2177
f 2459 2178 2460
f 2458 2179 2178
f 2458 2178 2459
f 2457 2180 2179
f 2457 2181 2180
f 2457 2179 2458
f 2456 2182 2181
f 2456 2181 2457
f 2455 2183 2182
f 2455 2182 2456
f 2454 2183 2455
f 2453 2184 2183
f 2453 2185 2184
f 2453 2183 2454
f 2452 2185 2453
f 2451 2186 2185
f 2451 2185 2452
f 2450 2187 2186
f 2450 2186 2451
f 2449 2188 2187
f 2449 2187 2450
f 2448 2189 2188
f 2448 2188 2449
f 2447 2190 2189
f 2447 2189 2448
f 2446 2191 2190
f 2446 2192 2191
f 2446 2190 2447
f 2445 2192 2446
f 2444 2193 2192
f 2444 2192 2445
f 2443 2194 2193
f 2443 2193 2444
f 2442 2195 2194
f 2442 2194 2443
f 2441 2196 2195
f 2441 2195 2442
f 2440 2197 2196
f 2440 2196 2441
f 2439 2198 2197
f 2439 2197 2440
f 2438 2199 2198
f 2438 2198 2439
f 2437 2200 2199
f 2437 2201 2200
f 2437 2199 2438
f 2436 2201 2437
f 2435 2201 2436
f 2435 2202 2201
f 2435 2203 2202
f 2434 2203 2435
f 2433 2203 2434
f 2433 2204 2203
f 2433 2205 2204
f 2432 2205 2433
f 2432 2206 2205
f 2431 2206 2432
f 2430 2206 2431
f 2430 2207 2206
f 2429 2207 2430
f 2429 2208 2207
f 2428 2208 2429
f 2428 2209 2208
f 2427 2210 2209
f 2427 2209 2428
f 2426 2211 2210
f 2426 2212 2211
f 2426 2210 2427
f 2425 2212 2426
f 2424 2213 2212
f 2424 2214 2213
f 2424 2212 2425
f 2423 2214 2424
f 2422 2215 2214
f 2422 2214 2423
f 2421 2216 2215
f 2421 2215 2422
f 2420 2217 2216
f 2420 2216 2421
f 2419 2218 2217
f 2419 2217 2420
f 2418 2219 2218
f 2418 2220 2219
f 2418 2218 2419
f 2417 2220 2418
f 2416 2221 2220
f 2416 2222 2221
f 2416 2220 2417
f 2415 2222 2416
f 2414 2223 2222
f 2414 2222 2415
f 2413 2224 2223
f 2413 2223 2414
f 2412 2225 2224
f 2412 2224 2413
f 2411 2225 2412
f 2411 2226 2225
f 2411 2227 2226
f 2410 2227 2411
f 2410 2228 2227
f 2409 2228 2410
f 2408 2228 2409
f 2408 2229 2228
f 2408 2230 2229
f 2407 2230 2408
f 2406 2230 2407
f 2406 2231 2230
f 2406 2232 2231
f 2405 2232 2406
f 2405 2233 2232
f 2404 2233 2405
f 2403 2233 2404
f 2403 2234 2233
f 2403 2235 2234
f 2402 2235 2403
f 2401 2235 2402
f 2401 2236 2235
f 2400 2236 2401
f 2400 2237 2236
f 2399 2237 2400
f 2399 2238 2237
f 2398 2238 2399
f 2398 2239 2238
f 2398 2240 2239
f 2397 2240 2398
f 2396 2240 2397
f 2396 2241 2240
f 2395 2241 2396
f 2395 2242 2241
f 2394 2242 2395
f 2394 2243 2242
f 2394 2244 2243
f 2393 2244 2394
f 2392 2245 2244
f 2392 2246 2245
f 2392 2244 2393
f 2391 2247 2246
f 2391 2246 2392
f 2390 2247 2391
f 2389 2248 2247
f 2389 2247 2390
f 2388 2249 2248
f 2388 2248 2389
f 2387 2250 2249
f 2387 2249 2388
f 2386 2251 2250
f 2386 2250 2387
f 2385 2251 2386
f 2385 2252 2251
f 2385 2253 2252
f 2384 2253 2385
f 2384 2254 2253
f 2383 2254 2384
f 2382 2254 2383
f 2382 2255 2254
f 2381 2255 2382
f 2381 2256 2255
f 2381 2257 2256
f 2380 2257 2381
f 2379 2257 2380
f 2379 2258 2257
f 2378 2258 2379
f 2378 2259 2258
f 2378 2260 2259
f 2377 2260 2378
f 2376 2260 2377
f 2376 2261 2260
f 2375 2261 2376
f 2375 2262 2261
f 2375 2263 2262
f 2374 2263 2375
f 2374 2264 2263
f 2373 2264 2374
f 2372 2264 2373
f 2372 2265 2264
f 2372 2266 2265
f 2371 2266 2372
f 2370 2266 2371
f 2370 2267 2266
f 2370 2268 2267
f 2369 2268 2370
f 2368 2268 2369
f 2368 2269 2268
f 2368 2270 2269
f 2367 2270 2368
f 2367 2271 2270
f 2366 2271 2367
f 2365 2271 2366
f 2365 2272 2271
f 2365 2273 2272
f 2364 2273 2365
f 2363 2275 2274
f 2363 2273 2364
f 2363 2274 2273
f 2362 2276 2275
f 2362 2275 2363
f 2361 2276 2362
f 2360 2277 2276
f 2360 2278 2277
f 2360 2276 2361
f 2359 2278 2360
f 2358 2279 2278
f 2358 2278 2359
f 2357 2280 2279
f 2357 2281 2280
f 2357 2279 2358
f 2356 2281 2357
f 2355 2282 2281
f 2355 2283 2282
f 2355 2281 2356
f 2354 2283 2355
f 2353 2284 2283
f 2353 2283 2354
f 2352 2285 2284
f 2352 2286 2285
f 2352 2284 2353
f 2351 2286 2352
f 2350 2287 2286
f 2350 2288 2287
f 2350 2286 2351
f 2349 2288 2350
f 2348 2289 2288
f 2348 2288 2349
f 2347 2290 2289
f 2347 2291 2290
f 2347 2289 2348
f 2346 2292 2291
f 2346 2291 2347
f 2345 2293 2292
f 2345 2292 2346
f 2344 2294 2293
f 2344 2293 2345
f 2343 2294 2344
f 2342 2295 2294
f 2342 2296 2295
f 2342 2294 2343
f 2341 2297 2296
f 2341 2296 2342
f 2340 2297 2341
f 2339 2298 2297
f 2339 2299 2298
f 2339 2297 2340
f 2338 2299 2339
f 2337 2300 2299
f 2337 2299 2338
f 2336 2301 2300
f 2336 2302 2301
f 2336 2300 2337
f 2335 2302 2336
f 2334 2303 2302
f 2334 2304 2303
f 2334 2302 2335
f 2333 2304 2334
f 2332 2304 2333
f 2332 2305 2304
f 2332 2306 2305
f 2331 2306 2332
f 2331 2307 2306
f 2330 2307 2331
f 2329 2307 2330
f 2329 2308 2307
f 2329 2309 2308
f 2328 2309 2329
f 2327 2309 2328
f 2327 2310 2309
f 2326 2310 2327
f 2326 2311 2310
f 2325 2312 2311
f 2325 2311 2326
f 2324 2313 2312
f 2324 2314 2313
f 2324 2312 2325
f 2323 2314 2324
f 2322 2315 2314
f 2322 2314 2323
f 2321 2316 2315
f 2321 2315 2322
f 2320 2317 2316
f 2320 2316 2321
f 2319 2317 2320
f 2319 2318 2317
f 2568 2565 2566
f 2568 2567 2565
f 2824 2569 2570
f 2824 2570 2571
f 2825 2571 2572
f 2825 2824 2571
f 2826 2572 2573
f 2826 2825 2572
f 2827 2573 2574
f 2827 2826 2573
f 2828 2574 2575
f 2828 2827 2574
f 2829 2575 2576
f 2829 2828 2575
f 2830 2576 2577
f 2830 2829 2576
f 2831 2577 2578
f 2831 2830 2577
f 2832 2578 2579
f 2832 2831 2578
f 2833 2579 2580
f 2833 2832 2579
f 2834 2580 2581
f 2834 2833 2580
f 2835 2581 2582
f 2835 2834 2581
f 2836 2582 2583
f 2836 2835 2582
f 2837 2583 2584
f 2837 2836 2583
f 2838 2584 2585
f 2838 2837 2584
f 2839 2585 2586
f 2839 2838 2585
f 2840 2586 2587
f 2840 2839 2586
f 2841 2587 2588
f 2841 2840 2587
f 2842 2588 2589
f 2842 2841 2588
f 2843 2589 2590
f 2843 2842 2589
f 2844 2590 2591
f 2844 2843 2590
f 2845 2591 2592
f 2845 2844 2591
f 2846 2592 2593
f 2846 2845 2592
f 2847 2846 2593
f 2847 2593 2594
f 2848 2847 2594
f 2848 2594 2595
f 2849 2848 2595
f 2849 2595 2596
f 2850 2849 2596
f 2850 2596 2597
f 2851 2850 2597
f 2851 2597 2598
f 2852 2851 2598
f 2852 2598 2599
f 2853 2852 2599
f 2853 2599 2600
f 2854 2853 2600
f 2854 2600 2601
f 2855 2854 2601
f 2855 2601 2602
f 2856 2602 2603
f 2856 2855 2602
f 2857 2603 2604
f 2857 2856 2603
f 2858 2604 2605
f 2858 2857 2604
f 2859 2605 2606
f 2859 2858 2605
f 2860 2606 2607
f 2860 2859 2606
f 2861 2607 2608
f 2861 2860 2607
f 2862 2608 2609
f 2862 2861 2608
f 2863 2609 2610
f 2863 2862 2609
f 2864 2610 2611
f 2864 2863 2610
f 2865 2611 2612
f 2865 2864 2611
f 2866 2612 2613
f 2866 2865 2612
f 2867 2613 2614
f 2867 2866 2613
f 2868 2614 2615
f 2868 2867 2614
f 2869 2615 2616
f 2869 2868 2615
f 2870 2616 2617
f 2870 2869 2616
f 2871 2617 2618
f 2871 2870 2617
f 2872 2871 2618
f 2872 2618 2619
f 2873 2872 2619
f 2873 2619 2620
f 2874 2873 2620
f 2874 2620 2621
f 2875 2874 2621
f 2875 2621 2622
f 2876 2875 2622
f 2876 2622 2623
f 2877 2876 2623
f 2877 2623 2624
f 2878 2877 2624
f 2878 2624 2625
f 2879 2878 2625
f 2879 2625 2626
f 2880 2879 2626
f 2880 2626 2627
f 2881 2880 2627
f 2881 2627 2628
f 2882 2881 2628
f 2882 2628 2629
f 2883 2882 2629
f 2883 2629 2630
f 2884 2883 2630
f 2884 2630 2631
f 2885 2884 2631
f 2885 2631 2632
f 2886 2885 2632
f 2886 2632 2633
f 2887 2886 2633
f 2887 2633 2634
f 2888 2634 2635
f 2888 2887 2634
f 2889 2635 2636
f 2889 2888 2635
f 2890 2636 2637
f 2890 2889 2636
f 2891 2637 2638
f 2891 2638 2639
f 2891 2890 2637
f 2892 2891 2639
f 2893 2639 2640
f 2893 2892 2639
f 2894 2640 2641
f 2894 2893 2640
f 2895 2641 2642
f 2895 2894 2641
f 2896 2642 2643
f 2896 2895 2642
f 2897 2643 2644
f 2897 2896 2643
f 2898 2897 2644
f 2898 2644 2645
f 2899 2898 2645
f 2899 2645 2646
f 2900 2899 2646
f 2900 2646 2647
f 2901 2900 2647
f 2901 2647 2648
f 2902 2901 2648
f 2902 2648 2649
f 2903 2902 2649
f 2903 2649 2650
f 2904 2903 2650
f 2904 2650 2651
f 2905 2904 2651
f 2905 2651 2652
f 2906 2905 2652
f 2906 2652 2653
f 2907 2906 2653
f 2907 2653 2654
f 2907 2654 2655
f 2908 2907 2655
f 2909 2908 2655
f 2909 2655 2656
f 2909 2656 2657
f 2910 2909 2657
f 2911 2910 2657
f 2911 2657 2658
f 2912 2911 2658
f 2912 2658 2659
f 2913 2912 2659
f 2913 2659 2660
f 2914 2913 2660
f 2914 2660 2661
f 2915 2914 2661
f 2915 2661 2662
f 2916 2915 2662
f 2916 2662 2663
f 2917 2916 2663
f 2917 2663 2664
f 2918 2917 2664
f 2918 2664 2665
f 2919 2918 2665
f 2919 2665 2666
f 2920 2919 2666
f 2920 2666 2667
f 2921 2920 2667
f 2921 2667 2668
f 2922 2921 2668
f 2922 2668 2669
f 2923 2669 2670
f 2923 2922 2669
f 2924 2670 2671
f 2924 2923 2670
f 2925 2671 2672
f 2925 2924 2671
f 2926 2672 2673
f 2926 2925 2672
f 2927 2673 2674
f 2927 2926 2673
f 2928 2674 2675
f 2928 2927 2674
f 2929 2675 2676
f 2929 2928 2675
f 2930 2676 2677
f 2930 2929 2676
f 2931 2677 2678
f 2931 2930 2677
f 2932 2678 2679
f 2932 2931 2678
f 2933 2679 2680
f 2933 2932 2679
f 2934 2680 2681
f 2934 2933 2680
f 2935 2681 2682
f 2935 2934 2681
f 2936 2682 2683
f 2936 2935 2682
f 2937 2683 2684
f 2937 2936 2683
f 2938 2684 2685
f 2938 2937 2684
f 2939 2685 2686
f 2939 2686 2687
f 2939 2938 2685
f 2940 2939 2687
f 2941 2687 2688
f 2941 2940 2687
f 2942 2688 2689
f 2942 2941 2688
f 2943 2689 2690
f 2943 2942 2689
f 2944 2690 2691
f 2944 2943 2690
f 2945 2691 2692
f 2945 2944 2691
f 2946 2692 2693
f 2946 2945 2692
f 2947 2693 2694
f 2947 2946 2693
f 2948 2694 2695
f 2948 2947 2694
f 2949 2948 2695
f 2949 2695 2696
f 2950 2949 2696
f 2950 2696 2697
f 2950 2697 2698
f 2951 2950 2698
f 2951 2698 2699
f 2952 2951 2699
f 2953 2952 2699
f 2953 2699 2700
f 2954 2953 2700
f 2954 2700 2701
f 2954 2701 2702
f 2955 2954 2702
f 2956 2955 2702
f 2956 2702 2703
f 2957 2703 2704
f 2957 2956 2703
f 2958 2704 2705
f 2958 2957 2704
f 2959 2705 2706
f 2959 2706 2707
f 2959 2958 2705
f 2960 2959 2707
f 2961 2707 2708
f 2961 2960 2707
f 2962 2708 2709
f 2962 2961 2708
f 2963 2709 2710
f 2963 2962 2709
f 2964 2710 2711
f 2964 2963 2710
f 2965 2711 2712
f 2965 2712 2713
f 2965 2964 2711
f 2966 2965 2713
f 2967 2713 2714
f 2967 2966 2713
f 2968 2714 2715
f 2968 2715 2716
f 2968 2967 2714
f 2969 2716 2717
f 2969 2968 2716
f 2970 2969 2717
f 2971 2717 2718
f 2971 2970 2717
f 2972 2718 2719
f 2972 2719 2720
f 2972 2971 2718
f 2973 2972 2720
f 2973 2720 2721
f 2974 2973 2721
f 2975 2974 2721
f 2975 2721 2722
f 2976 2975 2722
f 2976 2722 2723
f 2977 2976 2723
f 2977 2723 2724
f 2978 2977 2724
f 2978 2724 2725
f 2979 2978 2725
f 2979 2725 2726
f 2980 2979 2726
f 2980 2726 2727
f 2980 2727 2728
f 2981 2980 2728
f 2982 2981 2728
f 2982 2728 2729
f 2982 2729 2730
f 2983 2982 2730
f 2984 2983 2730
f 2984 2730 2731
f 2985 2984 2731
f 2985 2731 2732
f 2985 2732 2733
f 2986 2985 2733
f 2987 2986 2733
f 2987 2733 2734
f 2987 2734 2735
f 2988 2987 2735
f 2989 2988 2735
f 2989 2735 2736
f 2990 2736 2737
f 2990 2989 2736
f 2990 2737 2738
f 2991 2990 2738
f 2992 2738 2739
f 2992 2991 2738
f 2993 2739 2740
f 2993 2992 2739
f 2994 2740 2741
f 2994 2741 2742
f 2994 2993 2740
f 2995 2994 2742
f 2996 2742 2743
f 2996 2743 2744
f 2996 2995 2742
f 2997 2996 2744
f 2998 2997 2744
f 2998 2744 2745
f 2999 2998 2745
f 2999 2745 2746
f 2999 2746 2747
f 3000 2999 2747
f 3001 3000 2747
f 3001 2747 2748
f 3002 3001 2748
f 3002 2748 2749
f 3003 3002 2749
f 3003 2749 2750
f 3004 3003 2750
f 3004 2750 2751
f 3005 3004 2751
f 3005 2751 2752
f 3006 3005 2752
f 3006 2752 2753
f 3007 3006 2753
f 3007 2753 2754
f 3007 2754 2755
f 3008 3007 2755
f 3009 3008 2755
f 3009 2755 2756
f 3009 2756 2757
f 3010 3009 2757
f 3011 3010 2757
f 3011 2757 2758
f 3011 2758 2759
f 3012 3011 2759
f 3013 3012 2759
f 3013 2759 2760
f 3013 2760 2761
f 3014 3013 2761
f 3015 3014 2761
f 3015 2761 2762
f 3015 2762 2763
f 3016 3015 2763
f 3017 3016 2763
f 3017 2763 2764
f 3017 2764 2765
f 3018 3017 2765
f 3019 3018 2765
f 3019 2765 2766
f 3020 3019 2766
f 3020 2766 2767
f 3020 2767 2768
f 3021 3020 2768
f 3022 3021 2768
f 3022 2768 2769
f 3023 2770 2771
f 3023 3022 2769
f 3023 2769 2770
f 3024 3023 2771
f 3025 2771 2772
f 3025 3024 2771
f 3026 2772 2773
f 3026 2773 2774
f 3026 3025 2772
f 3027 2774 2775
f 3027 3026 2774
f 3028 3027 2775
f 3029 2775 2776
f 3029 3028 2775
f 3030 2776 2777
f 3030 3029 2776
f 3031 2777 2778
f 3031 2778 2779
f 3031 3030 2777
f 3032 3031 2779
f 3033 2779 2780
f 3033 3032 2779
f 3034 2780 2781
f 3034 3033 2780
f 3035 2781 2782
f 3035 3034 2781
f 3036 2782 2783
f 3036 3035 2782
f 3037 2783 2784
f 3037 3036 2783
f 3038 2784 2785
f 3038 3037 2784
f 3039 2785 2786
f 3039 3038 2785
f 3040 2786 2787
f 3040 2787 2788
f 3040 3039 2786
f 3041 3040 2788
f 3042 2788 2789
f 3042 3041 2788
f 3043 2789 2790
f 3043 3042 2789
f 3044 2790 2791
f 3044 3043 2790
f 3045 2791 2792
f 3045 3044 2791
f 3046 2792 2793
f 3046 3045 2792
f 3047 2793 2794
f 3047 3046 2793
f 3048 2794 2795
f 3048 3047 2794
f 3049 3048 2795
f 3049 2795 2796
f 3050 3049 2796
f 3050 2796 2797
f 3050 2797 2798
f 3051 3050 2798
f 3052 3051 2798
f 3052 2798 2799
f 3053 3052 2799
f 3053 2799 2800
f 3053 2800 2801
f 3054 3053 2801
f 3055 3054 2801
f 3055 2801 2802
f 3055 2802 2803
f 3056 3055 2803
f 3057 3056 2803
f 3057 2803 2804
f 3057 2804 2805
f 3058 3057 2805
f 3059 2805 2806
f 3059 3058 2805
f 3060 2806 2807
f 3060 3059 2806
f 3061 2807 2808
f 3061 3060 2807
f 3062 2808 2809
f 3062 2809 2810
f 3062 3061 2808
f 3063 2810 2811
f 3063 3062 2810
f 3064 3063 2811
f 3065 2811 2812
f 3065 3064 2811
f 3066 2812 2813
f 3066 3065 2812
f 3067 2813 2814
f 3067 3066 2813
f 3068 2814 2815
f 3068 2815 2816
f 3068 3067 2814
f 3069 3068 2816
f 3070 2816 2817
f 3070 3069 2816
f 3071 2817 2818
f 3071 3070 2817
f 3072 2818 2819
f 3072 2819 2820
f 3072 3071 2818
f 3073 3072 2820
f 3074 3073 2820
f 3074 2820 2821
f 3074 2821 2822
f 2823 3074 2822
f 3075 3078 3077
f 3075 3076 3078
f 3082 3079 3080
f 3082 3081 3079
f 3574 3084 3083
f 3573 3085 3084
f 3573 3084 3574
f 3572 3086 3085
f 3572 3085 3573
f 3571 3086 3572
f 3571 3087 3086
f 3570 3088 3087
f 3570 3087 3571
f 3569 3089 3088
f 3569 3088 3570
f 3568 3090 3089
f 3568 3089 3569
f 3567 3091 3090
f 3567 3090 3568
f 3566 3092 3091
f 3566 3091 3567
f 3565 3093 3092
f 3565 3092 3566
f 3564 3094 3093
f 3564 3093 3565
f 3563 3095 3094
f 3563 3094 3564
f 3562 3096 3095
f 3562 3095 3563
f 3561 3097 3096
f 3561 3096 3562
f 3560 3098 3097
f 3560 3097 3561
f 3559 3099 3098
f 3559 3098 3560
f 3558 3100 3099
f 3558 3099 3559
f 3557 3101 3100
f 3557 3100 3558
f 3556 3102 3101
f 3556 3101 3557
f 3555 3103 3102
f 3555 3102 3556
f 3554 3104 3103
f 3554 3103 3555
f 3553 3105 3104
f 3553 3104 3554
f 3552 3106 3105
f 3552 3105 3553
f 3551 3107 3106
f 3551 3106 3552
f 3550 3108 3107
f 3550 3107 3551
f 3549 3109 3108
f 3549 3108 3550
f 3548 3110 3109
f 3548 3109 3549
f 3547 3111 3110
f 3547 3110 3548
f 3546 3111 3547
f 3546 3112 3111
f 3545 3112 3546
f 3545 3113 3112
f 3544 3113 3545
f 3544 3114 3113
f 3543 3114 3544
f 3543 3115 3114
f 3542 3115 3543
f 3542 3116 3115
f 3541 3116 3542
f 3541 3117 3116
f 3540 3117 3541
f 3540 3118 3117
f 3539 3118 3540
f 3539 3119 3118
f 3538 3120 3119
f 3538 3119 3539
f 3537 3121 3120
f 3537 3120 3538
f 3536 3122 3121
f 3536 3121 3537
f 3535 3123 3122
f 3535 3122 3536
f 3534 3124 3123
f 3534 3123 3535
f 3533 3125 3124
f 3533 3124 3534
f 3532 3126 3125
f 3532 3125 3533
f 3531 3127 3126
f 3531 3126 3532
f 3530 3128 3127
f 3530 3127 3531
f 3529 3129 3128
f 3529 3128 3530
f 3528 3130 3129
f 3528 3129 3529
f 3527 3131 3130
f 3527 3130 3528
f 3526 3132 3131
f 3526 3131 3527
f 3525 3133 3132
f 3525 3132 3526
f 3524 3134 3133
f 3524 3133 3525
f 3523 3135 3134
f 3523 3134 3524
f 3522 3136 3135
f 3522 3135 3523
f 3521 3136 3522
f 3521 3137 3136
f 3520 3137 3521
f 3520 3138 3137
f 3519 3138 3520
f 3519 3139 3138
f 3518 3139 3519
f 3518 3140 3139
f 3517 3140 3518
f 3516 3140 3517
f 3516 3141 3140
f 3516 3142 3141
f 3515 3142 3516
f 3514 3142 3515
f 3514 3143 3142
f 3514 3144 3143
f 3513 3144 3514
f 3513 3145 3144
f 3512 3145 3513
f 3511 3145 3512
f 3511 3146 3145
f 3510 3146 3511
f 3510 3147 3146
f 3510 3148 3147
f 3509 3148 3510
f 3509 3149 3148
f 3508 3149 3509
f 3507 3149 3508
f 3507 3150 3149
f 3507 3151 3150
f 3506 3151 3507
f 3505 3151 3506
f 3505 3152 3151
f 3504 3153 3152
f 3504 3154 3153
f 3504 3152 3505
f 3503 3154 3504
f 3502 3155 3154
f 3502 3156 3155
f 3502 3154 3503
f 3501 3156 3502
f 3500 3157 3156
f 3500 3156 3501
f 3499 3158 3157
f 3499 3159 3158
f 3499 3157 3500
f 3498 3159 3499
f 3497 3160 3159
f 3497 3161 3160
f 3497 3159 3498
f 3496 3161 3497
f 3495 3161 3496
f 3495 3162 3161
f 3495 3163 3162
f 3494 3163 3495
f 3493 3163 3494
f 3493 3164 3163
f 3492 3164 3493
f 3492 3165 3164
f 3491 3165 3492
f 3491 3166 3165
f 3491 3167 3166
f 3490 3167 3491
f 3489 3167 3490
f 3489 3168 3167
f 3488 3168 3489
f 3488 3169 3168
f 3487 3169 3488
f 3487 3170 3169
f 3487 3171 3170
f 3486 3171 3487
f 3486 3172 3171
f 3485 3172 3486
f 3484 3172 3485
f 3484 3173 3172
f 3483 3173 3484
f 3483 3174 3173
f 3483 3175 3174
f 3482 3175 3483
f 3481 3175 3482
f 3481 3176 3175
f 3481 3177 3176
f 3480 3177 3481
f 3480 3178 3177
f 3479 3178 3480
f 3478 3178 3479
f 3478 3179 3178
f 3477 3179 3478
f 3477 3180 3179
f 3476 3180 3477
f 3476 3181 3180
f 3476 3182 3181
f 3475 3182 3476
f 3474 3182 3475
f 3474 3183 3182
f 3473 3184 3183
f 3473 3183 3474
f 3472 3185 3184
f 3472 3184 3473
f 3471 3186 3185
f 3471 3185 3472
f 3470 3186 3471
f 3470 3187 3186
f 3470 3188 3187
f 3469 3188 3470
f 3468 3189 3188
f 3468 3190 3189
f 3468 3188 3469
f 3467 3190 3468
f 3466 3191 3190
f 3466 3190 3467
f 3465 3192 3191
f 3465 3191 3466
f 3464 3193 3192
f 3464 3192 3465
f 3463 3194 3193
f 3463 3193 3464
f 3462 3195 3194
f 3462 3194 3463
f 3461 3196 3195
f 3461 3197 3196
f 3461 3195 3462
f 3460 3197 3461
f 3459 3198 3197
f 3459 3197 3460
f 3458 3199 3198
f 3458 3198 3459
f 3457 3200 3199
f 3457 3201 3200
f 3457 3199 3458
f 3456 3202 3201
f 3456 3201 3457
f 3455 3202 3456
f 3454 3203 3202
f 3454 3202 3455
f 3453 3204 3203
f 3453 3205 3204
f 3453 3203 3454
f 3452 3205 3453
f 3451 3206 3205
f 3451 3207 3206
f 3451 3205 3452
f 3450 3207 3451
f 3449 3208 3207
f 3449 3209 3208
f 3449 3207 3450
f 3448 3209 3449
f 3447 3210 3209
f 3447 3209 3448
f 3446 3211 3210
f 3446 3212 3211
f 3446 3210 3447
f 3445 3212 3446
f 3445 3213 3212
f 3444 3213 3445
f 3443 3213 3444
f 3443 3214 3213
f 3442 3214 3443
f 3442 3215 3214
f 3441 3215 3442
f 3441 3216 3215
f 3441 3217 3216
f 3440 3217 3441
f 3439 3217 3440
f 3439 3218 3217
f 3438 3218 3439
f 3438 3219 3218
f 3438 3220 3219
f 3437 3220 3438
f 3436 3221 3220
f 3436 3222 3221
f 3436 3220 3437
f 3435 3222 3436
f 3434 3223 3222
f 3434 3222 3435
f 3433 3224 3223
f 3433 3223 3434
f 3432 3225 3224
f 3432 3224 3433
f 3431 3226 3225
f 3431 3225 3432
f 3430 3227 3226
f 3430 3226 3431
f 3429 3228 3227
f 3429 3227 3430
f 3428 3229 3228
f 3428 3228 3429
f 3427 3230 3229
f 3427 3229 3428
f 3426 3231 3230
f 3426 3232 3231
f 3426 3230 3427
f 3425 3232 3426
f 3424 3233 3232
f 3424 3232 3425
f 3423 3234 3233
f 3423 3233 3424
f 3422 3235 3234
f 3422 3234 3423
f 3421 3235 3422
f 3421 3236 3235
f 3420 3236 3421
f 3420 3237 3236
f 3419 3237 3420
f 3419 3238 3237
f 3418 3238 3419
f 3418 3239 3238
f 3417 3239 3418
f 3417 3240 3239
f 3417 3241 3240
f 3416 3241 3417
f 3415 3241 3416
f 3415 3242 3241
f 3414 3242 3415
f 3414 3243 3242
f 3413 3243 3414
f 3413 3244 3243
f 3413 3245 3244
f 3412 3245 3413
f 3411 3245 3412
f 3411 3246 3245
f 3410 3246 3411
f 3410 3247 3246
f 3409 3247 3410
f 3409 3248 3247
f 3409 3249 3248
f 3408 3249 3409
f 3408 3250 3249
f 3407 3250 3408
f 3407 3251 3250
f 3406 3251 3407
f 3405 3251 3406
f 3405 3252 3251
f 3404 3252 3405
f 3404 3253 3252
f 3403 3254 3253
f 3403 3255 3254
f 3403 3253 3404
f 3402 3256 3255
f 3402 3255 3403
f 3401 3256 3402
f 3400 3257 3256
f 3400 3258 3257
f 3400 3256 3401
f 3399 3259 3258
f 3399 3258 3400
f 3398 3260 3259
f 3398 3259 3399
f 3397 3261 3260
f 3397 3260 3398
f 3396 3261 3397
f 3395 3261 3396
f 3395 3262 3261
f 3394 3262 3395
f 3394 3263 3262
f 3394 3264 3263
f 3393 3264 3394
f 3392 3264 3393
f 3392 3265 3264
f 3391 3265 3392
f 3391 3266 3265
f 3390 3266 3391
f 3390 3267 3266
f 3389 3267 3390
f 3389 3268 3267
f 3389 3269 3268
f 3388 3269 3389
f 3387 3269 3388
f 3387 3270 3269
f 3387 3271 3270
f 3386 3271 3387
f 3385 3271 3386
f 3385 3272 3271
f 3384 3272 3385
f 3384 3273 3272
f 3384 3274 3273
f 3383 3274 3384
f 3382 3274 3383
f 3382 3275 3274
f 3382 3276 3275
f 3381 3276 3382
f 3380 3276 3381
f 3380 3277 3276
f 3379 3277 3380
f 3379 3278 3277
f 3378 3278 3379
f 3378 3279 3278
f 3377 3279 3378
f 3377 3280 3279
f 3377 3281 3280
f 3376 3281 3377
f 3375 3281 3376
f 3375 3282 3281
f 3375 3283 3282
f 3374 3283 3375
f 3374 3284 3283
f 3373 3284 3374
f 3372 3285 3284
f 3372 3286 3285
f 3372 3284 3373
f 3371 3286 3372
f 3370 3286 3371
f 3370 3287 3286
f 3370 3288 3287
f 3369 3289 3288
f 3369 3288 3370
f 3368 3289 3369
f 3367 3290 3289
f 3367 3289 3368
f 3366 3291 3290
f 3366 3290 3367
f 3365 3292 3291
f 3365 3291 3366
f 3364 3293 3292
f 3364 3294 3293
f 3364 3292 3365
f 3363 3294 3364
f 3362 3295 3294
f 3362 3294 3363
f 3361 3296 3295
f 3361 3295 3362
f 3360 3297 3296
f 3360 3298 3297
f 3360 3296 3361
f 3359 3298 3360
f 3358 3299 3298
f 3358 3300 3299
f 3358 3298 3359
f 3357 3301 3300
f 3357 3300 3358
f 3356 3301 3357
f 3355 3302 3301
f 3355 3303 3302
f 3355 3301 3356
f 3354 3304 3303
f 3354 3303 3355
f 3353 3304 3354
f 3352 3305 3304
f 3352 3304 3353
f 3351 3306 3305
f 3351 3307 3306
f 3351 3305 3352
f 3350 3307 3351
f 3349 3308 3307
f 3349 3309 3308
f 3349 3307 3350
f 3348 3310 3309
f 3348 3309 3349
f 3347 3310 3348
f 3346 3311 3310
f 3346 3312 3311
f 3346 3310 3347
f 3345 3312 3346
f 3344 3313 3312
f 3344 3314 3313
f 3344 3312 3345
f 3343 3314 3344
f 3343 3315 3314
f 3342 3315 3343
f 3341 3315 3342
f 3341 3316 3315
f 3340 3316 3341
f 3340 3317 3316
f 3339 3317 3340
f 3339 3318 3317
f 3339 3319 3318
f 3338 3319 3339
f 3337 3319 3338
f 3337 3320 3319
f 3336 3320 3337
f 3336 3321 3320
f 3335 3322 3321
f 3335 3321 3336
f 3334 3323 3322
f 3334 3324 3323
f 3334 3322 3335
f 3333 3324 3334
f 3333 3325 3324
f 3332 3325 3333
f 3331 3326 3325
f 3331 3327 3326
f 3331 3325 3332
f 3330 3327 3331
f 3329 3328 3327
f 3329 3327 3330
f 3830 3575 3576
f 3830 3576 3577
f 3831 3577 3578
f 3831 3830 3577
f 3832 3578 3579
f 3832 3831 3578
f 3833 3579 3580
f 3833 3832 3579
f 3834 3580 3581
f 3834 3833 3580
f 3835 3581 3582
f 3835 3834 3581
f 3836 3582 3583
f 3836 3835 3582
f 3837 3583 3584
f 3837 3836 3583
f 3838 3584 3585
f 3838 3837 3584
f 3839 3585 3586
f 3839 3838 3585
f 3840 3586 3587
f 3840 3839 3586
f 3841 3587 3588
f 3841 3840 3587
f 3842 3588 3589
f 3842 3841 3588
f 3843 3589 3590
f 3843 3842 3589
f 3844 3590 3591
f 3844 3843 3590
f 3845 3591 3592
f 3845 3844 3591
f 3846 3592 3593
f 3846 3845 3592
f 3847 3593 3594
f 3847 3846 3593
f 3848 3594 3595
f 3848 3847 3594
f 3849 3595 3596
f 3849 3848 3595
f 3850 3596 3597
f 3850 3849 3596
f 3851 3597 3598
f 3851 3850 3597
f 3852 3598 3599
f 3852 3851 3598
f 3853 3852 3599
f 3853 3599 3600
f 3854 3853 3600
f 3854 3600 3601
f 3855 3854 3601
f 3855 3601 3602
f 3856 3855 3602
f 3856 3602 3603
f 3857 3856 3603
f 3857 3603 3604
f 3858 3857 3604
f 3858 3604 3605
f 3859 3858 3605
f 3859 3605 3606
f 3860 3859 3606
f 3860 3606 3607
f 3861 3860 3607
f 3861 3607 3608
f 3862 3608 3609
f 3862 3861 3608
f 3863 3609 3610
f 3863 3862 3609
f 3864 3610 3611
f 3864 3863 3610
f 3865 3611 3612
f 3865 3864 3611
f 3866 3612 3613
f 3866 3865 3612
f 3867 3613 3614
f 3867 3866 3613
f 3868 3614 3615
f 3868 3867 3614
f 3869 3615 3616
f 3869 3868 3615
f 3870 3616 3617
f 3870 3869 3616
f 3871 3617 3618
f 3871 3870 3617
f 3872 3618 3619
f 3872 3871 3618
f 3873 3619 3620
f 3873 3872 3619
f 3874 3620 3621
f 3874 3873 3620
f 3875 3621 3622
f 3875 3622 3623
f 3875 3874 3621
f 3876 3875 3623
f 3877 3623 3624
f 3877 3876 3623
f 3878 3877 3624
f 3878 3624 3625
f 3878 3625 3626
f 3879 3878 3626
f 3880 3879 3626
f 3880 3626 3627
f 3881 3880 3627
f 3881 3627 3628
f 3882 3881 3628
f 3882 3628 3629
f 3883 3882 3629
f 3883 3629 3630
f 3884 3883 3630
f 3884 3630 3631
f 3885 3884 3631
f 3885 3631 3632
f 3886 3885 3632
f 3886 3632 3633
f 3887 3886 3633
f 3887 3633 3634
f 3888 3887 3634
f 3888 3634 3635
f 3889 3888 3635
f 3889 3635 3636
f 3889 3636 3637
f 3890 3889 3637
f 3891 3890 3637
f 3891 3637 3638
f 3892 3891 3638
f 3892 3638 3639
f 3893 3892 3639
f 3893 3639 3640
f 3894 3640 3641
f 3894 3893 3640
f 3895 3641 3642
f 3895 3894 3641
f 3896 3642 3643
f 3896 3895 3642
f 3897 3643 3644
f 3897 3896 3643
f 3898 3644 3645
f 3898 3897 3644
f 3899 3645 3646
f 3899 3898 3645
f 3900 3646 3647
f 3900 3899 3646
f 3901 3647 3648
f 3901 3900 3647
f 3902 3648 3649
f 3902 3901 3648
f 3903 3649 3650
f 3903 3902 3649
f 3904 3903 3650
f 3904 3650 3651
f 3904 3651 3652
f 3905 3904 3652
f 3906 3905 3652
f 3906 3652 3653
f 3907 3906 3653
f 3907 3653 3654
f 3908 3907 3654
f 3908 3654 3655
f 3909 3908 3655
f 3909 3655 3656
f 3909 3656 3657
f 3910 3909 3657
f 3911 3910 3657
f 3911 3657 3658
f 3912 3911 3658
f 3912 3658 3659
f 3913 3912 3659
f 3913 3659 3660
f 3914 3913 3660
f 3914 3660 3661
f 3915 3914 3661
f 3915 3661 3662
f 3916 3915 3662
f 3916 3662 3663
f 3917 3916 3663
f 3917 3663 3664
f 3918 3917 3664
f 3918 3664 3665
f 3919 3918 3665
f 3919 3665 3666
f 3920 3919 3666
f 3920 3666 3667
f 3921 3920 3667
f 3921 3667 3668
f 3922 3921 3668
f 3922 3668 3669
f 3922 3669 3670
f 3923 3922 3670
f 3924 3923 3670
f 3924 3670 3671
f 3925 3924 3671
f 3925 3671 3672
f 3925 3672 3673
f 3926 3925 3673
f 3927 3926 3673
f 3927 3673 3674
f 3928 3927 3674
f 3928 3674 3675
f 3929 3675 3676
f 3929 3928 3675
f 3930 3676 3677
f 3930 3929 3676
f 3931 3677 3678
f 3931 3930 3677
f 3932 3678 3679
f 3932 3931 3678
f 3933 3679 3680
f 3933 3932 3679
f 3934 3680 3681
f 3934 3933 3680
f 3935 3681 3682
f 3935 3934 3681
f 3936 3682 3683
f 3936 3935 3682
f 3937 3683 3684
f 3937 3936 3683
f 3938 3684 3685
f 3938 3685 3686
f 3938 3937 3684
f 3939 3686 3687
f 3939 3938 3686
f 3940 3939 3687
f 3941 3687 3688
f 3941 3940 3687
f 3942 3688 3689
f 3942 3941 3688
f 3943 3689 3690
f 3943 3942 3689
f 3944 3690 3691
f 3944 3943 3690
f 3945 3691 3692
f 3945 3944 3691
f 3946 3692 3693
f 3946 3945 3692
f 3947 3693 3694
f 3947 3946 3693
f 3948 3694 3695
f 3948 3695 3696
f 3948 3947 3694
f 3949 3696 3697
f 3949 3948 3696
f 3950 3949 3697
f 3951 3697 3698
f 3951 3698 3699
f 3951 3950 3697
f 3952 3951 3699
f 3953 3699 3700
f 3953 3700 3701
f 3953 3952 3699
f 3954 3953 3701
f 3954 3701 3702
f 3955 3954 3702
f 3956 3955 3702
f 3956 3702 3703
f 3957 3956 3703
f 3957 3703 3704
f 3958 3957 3704
f 3958 3704 3705
f 3958 3705 3706
f 3959 3958 3706
f 3960 3959 3706
f 3960 3706 3707
f 3961 3960 3707
f 3961 3707 3708
f 3961 3708 3709
f 3962 3961 3709
f 3963 3709 3710
f 3963 3962 3709
f 3964 3710 3711
f 3964 3963 3710
f 3965 3711 3712
f 3965 3712 3713
f 3965 3964 3711
f 3966 3965 3713
f 3967 3713 3714
f 3967 3966 3713
f 3968 3714 3715
f 3968 3967 3714
f 3969 3715 3716
f 3969 3716 3717
f 3969 3968 3715
f 3970 3969 3717
f 3971 3717 3718
f 3971 3970 3717
f 3972 3718 3719
f 3972 3971 3718
f 3973 3719 3720
f 3973 3720 3721
f 3973 3972 3719
f 3974 3973 3721
f 3975 3721 3722
f 3975 3974 3721
f 3976 3722 3723
f 3976 3975 3722
f 3977 3723 3724
f 3977 3976 3723
f 3978 3724 3725
f 3978 3977 3724
f 3979 3978 3725
f 3979 3725 3726
f 3980 3979 3726
f 3980 3726 3727
f 3981 3980 3727
f 3981 3727 3728
f 3982 3981 3728
f 3982 3728 3729
f 3983 3982 3729
f 3983 3729 3730
f 3983 3730 3731
f 3984 3983 3731
f 3984 3731 3732
f 3985 3984 3732
f 3986 3985 3732
f 3986 3732 3733
f 3986 3733 3734
f 3987 3986 3734
f 3988 3987 3734
f 3988 3734 3735
f 3988 3735 3736
f 3989 3988 3736
f 3990 3989 3736
f 3990 3736 3737
f 3991 3990 3737
f 3991 3737 3738
f 3992 3991 3738
f 3992 3738 3739
f 3992 3739 3740
f 3993 3992 3740
f 3994 3993 3740
f 3994 3740 3741
f 3994 3741 3742
f 3995 3994 3742
f 3996 3995 3742
f 3996 3742 3743
f 3997 3743 3744
f 3997 3744 3745
f 3997 3996 3743
f 3998 3745 3746
f 3998 3997 3745
f 3999 3746 3747
f 3999 3998 3746
f 4000 3999 3747
f 4001 3747 3748
f 4001 4000 3747
f 4002 3748 3749
f 4002 3749 3750
f 4002 4001 3748
f 4003 4002 3750
f 4004 4003 3750
f 4004 3750 3751
f 4005 4004 3751
f 4005 3751 3752
f 4006 4005 3752
f 4006 3752 3753
f 4007 4006 3753
f 4007 3753 3754
f 4008 4007 3754
f 4008 3754 3755
f 4009 4008 3755
f 4009 3755 3756
f 4010 4009 3756
f 4010 3756 3757
f 4010 3757 3758
f 4011 4010 3758
f 4011 3758 3759
f 4012 4011 3759
f 4012 3759 3760
f 4013 4012 3760
f 4014 4013 3760
f 4014 3760 3761
f 4014 3761 3762
f 4015 4014 3762
f 4016 4015 3762
f 4016 3762 3763
f 4016 3763 3764
f 4017 4016 3764
f 4018 4017 3764
f 4018 3764 3765
f 4018 3765 3766
f 4019 4018 3766
f 4020 4019 3766
f 4020 3766 3767
f 4020 3767 3768
f 4021 4020 3768
f 4022 4021 3768
f 4022 3768 3769
f 4023 4022 3769
f 4023 3769 3770
f 4024 4023 3770
f 4024 3770 3771
f 4025 4024 3771
f 4025 3771 3772
f 4025 3772 3773
f 4026 4025 3773
f 4027 4026 3773
f 4027 3773 3774
f 4028 4027 3774
f 4028 3774 3775
f 4028 3775 3776
f 4029 4028 3776
f 4030 3776 3777
f 4030 3777 3778
f 4030 4029 3776
f 4031 3778 3779
f 4031 4030 3778
f 4032 4031 3779
f 4033 3779 3780
f 4033 3780 3781
f 4033 4032 3779
f 4034 4033 3781
f 4035 3781 3782
f 4035 4034 3781
f 4036 3782 3783
f 4036 4035 3782
f 4037 3783 3784
f 4037 4036 3783
f 4038 3784 3785
f 4038 4037 3784
f 4039 3785 3786
f 4039 4038 3785
f 4040 3786 3787
f 4040 4039 3786
f 4041 3787 3788
f 4041 3788 3789
f 4041 4040 3787
f 4042 4041 3789
f 4043 3789 3790
f 4043 4042 3789
f 4044 3790 3791
f 4044 3791 3792
f 4044 4043 3790
f 4045 4044 3792
f 4046 3792 3793
f 4046 4045 3792
f 4047 3793 3794
f 4047 3794 3795
f 4047 4046 3793
f 4048 4047 3795
f 4049 3795 3796
f 4049 3796 3797
f 4049 4048 3795
f 4050 4049 3797
f 4051 3797 3798
f 4051 4050 3797
f 4052 3798 3799
f 4052 4051 3798
f 4053 3799 3800
f 4053 4052 3799
f 4054 3800 3801
f 4054 4053 3800
f 4055 4054 3801
f 4055 3801 3802
f 4056 4055 3802
f 4056 3802 3803
f 4056 3803 3804
f 4057 4056 3804
f 4058 4057 3804
f 4058 3804 3805
f 4058 3805 3806
f 4059 4058 3806
f 4059 3806 3807
f 4060 4059 3807
f 4061 4060 3807
f 4061 3807 3808
f 4061 3808 3809
f 4062 4061 3809
f 4063 4062 3809
f 4063 3809 3810
f 4064 3810 3811
f 4064 4063 3810
f 4065 3811 3812
f 4065 4064 3811
f 4066 3812 3813
f 4066 4065 3812
f 4067 3813 3814
f 4067 4066 3813
f 4068 3814 3815
f 4068 4067 3814
f 4069 3815 3816
f 4069 4068 3815
f 4070 3816 3817
f 4070 4069 3816
f 4071 3817 3818
f 4071 4070 3817
f 4072 3818 3819
f 4072 3819 3820
f 4072 4071 3818
f 4073 3820 3821
f 4073 4072 3820
f 4074 4073 3821
f 4075 3821 3822
f 4075 4074 3821
f 4076 3822 3823
f 4076 3823 3824
f 4076 4075 3822
f 4077 4076 3824
f 4078 3824 3825
f 4078 4077 3824
f 4079 3825 3826
f 4079 3826 3827
f 4079 4078 3825
f 4080 4079 3827
f 3829 4080 3827
f 3829 3827 3828
