{"min": [-0.4704788169692318, -0.02307397979193465, -0.861404784763742], "max": [0.4711714879673649, 0.0632441734731521, 0.8649547877171365]}