{"handle_min": [-0.13238601183777463, -0.069218442403358, -0.026267063325906486], "handle_max": [0.026267076326967995, 5.293657839977957e-09, 0.026267076088995155], "goal_pos": [-0.06619300914679555, 0.0, 0.0556228728745871]}