v 0.012000 0.009000 0.023000
v 0.012000 0.009000 2.097000
v 0.012000 0.048000 0.023000
v 0.012000 0.048000 2.097000
v 0.012000 0.009000 0.023000
v 0.012000 0.009000 2.097000
v 0.012004 0.008853 0.023000
v 0.012014 0.008706 0.023000
v 0.012032 0.008560 0.023000
v 0.012058 0.008415 0.023000
v 0.012090 0.008271 0.023000
v 0.012129 0.008129 0.023000
v 0.012175 0.007989 0.023000
v 0.012228 0.007852 0.023000
v 0.012288 0.007717 0.023000
v 0.012354 0.007586 0.023000
v 0.012427 0.007458 0.023000
v 0.012506 0.007333 0.023000
v 0.012590 0.007213 0.023000
v 0.012681 0.007097 0.023000
v 0.012777 0.006985 0.023000
v 0.012879 0.006879 0.023000
v 0.012985 0.006777 0.023000
v 0.013097 0.006681 0.023000
v 0.013213 0.006590 0.023000
v 0.013333 0.006506 0.023000
v 0.013458 0.006427 0.023000
v 0.013586 0.006354 0.023000
v 0.013717 0.006288 0.023000
v 0.013852 0.006228 0.023000
v 0.013989 0.006175 0.023000
v 0.014129 0.006129 0.023000
v 0.014271 0.006090 0.023000
v 0.014415 0.006058 0.023000
v 0.014560 0.006032 0.023000
v 0.014706 0.006014 0.023000
v 0.014853 0.006004 0.023000
v 0.015000 0.006000 0.023000
v 0.015000 0.006000 2.097000
v 0.012004 0.008853 2.097000
v 0.012014 0.008706 2.097000
v 0.012032 0.008560 2.097000
v 0.012058 0.008415 2.097000
v 0.012090 0.008271 2.097000
v 0.012129 0.008129 2.097000
v 0.012175 0.007989 2.097000
v 0.012228 0.007852 2.097000
v 0.012288 0.007717 2.097000
v 0.012354 0.007586 2.097000
v 0.012427 0.007458 2.097000
v 0.012506 0.007333 2.097000
v 0.012590 0.007213 2.097000
v 0.012681 0.007097 2.097000
v 0.012777 0.006985 2.097000
v 0.012879 0.006879 2.097000
v 0.012985 0.006777 2.097000
v 0.013097 0.006681 2.097000
v 0.013213 0.006590 2.097000
v 0.013333 0.006506 2.097000
v 0.013458 0.006427 2.097000
v 0.013586 0.006354 2.097000
v 0.013717 0.006288 2.097000
v 0.013852 0.006228 2.097000
v 0.013989 0.006175 2.097000
v 0.014129 0.006129 2.097000
v 0.014271 0.006090 2.097000
v 0.014415 0.006058 2.097000
v 0.014560 0.006032 2.097000
v 0.014706 0.006014 2.097000
v 0.014853 0.006004 2.097000
v 0.015000 0.009000 0.020000
v 0.014853 0.009000 0.020004
v 0.014706 0.009000 0.020014
v 0.014560 0.009000 0.020032
v 0.014415 0.009000 0.020058
v 0.014271 0.009000 0.020090
v 0.014129 0.009000 0.020129
v 0.013989 0.009000 0.020175
v 0.013852 0.009000 0.020228
v 0.013717 0.009000 0.020288
v 0.013586 0.009000 0.020354
v 0.013458 0.009000 0.020427
v 0.013333 0.009000 0.020506
v 0.013213 0.009000 0.020590
v 0.013097 0.009000 0.020681
v 0.012985 0.009000 0.020777
v 0.012879 0.009000 0.020879
v 0.012777 0.009000 0.020985
v 0.012681 0.009000 0.021097
v 0.012590 0.009000 0.021213
v 0.012506 0.009000 0.021333
v 0.012427 0.009000 0.021458
v 0.012354 0.009000 0.021586
v 0.012288 0.009000 0.021717
v 0.012228 0.009000 0.021852
v 0.012175 0.009000 0.021989
v 0.012129 0.009000 0.022129
v 0.012090 0.009000 0.022271
v 0.012058 0.009000 0.022415
v 0.012032 0.009000 0.022560
v 0.012014 0.009000 0.022706
v 0.012004 0.009000 0.022853
v 0.012000 0.009000 0.023000
v 0.015000 0.048000 0.020000
v 0.014853 0.048000 0.020004
v 0.014706 0.048000 0.020014
v 0.014560 0.048000 0.020032
v 0.014415 0.048000 0.020058
v 0.014271 0.048000 0.020090
v 0.014129 0.048000 0.020129
v 0.013989 0.048000 0.020175
v 0.013852 0.048000 0.020228
v 0.013717 0.048000 0.020288
v 0.013586 0.048000 0.020354
v 0.013458 0.048000 0.020427
v 0.013333 0.048000 0.020506
v 0.013213 0.048000 0.020590
v 0.013097 0.048000 0.020681
v 0.012985 0.048000 0.020777
v 0.012879 0.048000 0.020879
v 0.012777 0.048000 0.020985
v 0.012681 0.048000 0.021097
v 0.012590 0.048000 0.021213
v 0.012506 0.048000 0.021333
v 0.012427 0.048000 0.021458
v 0.012354 0.048000 0.021586
v 0.012288 0.048000 0.021717
v 0.012228 0.048000 0.021852
v 0.012175 0.048000 0.021989
v 0.012129 0.048000 0.022129
v 0.012090 0.048000 0.022271
v 0.012058 0.048000 0.022415
v 0.012032 0.048000 0.022560
v 0.012014 0.048000 0.022706
v 0.012004 0.048000 0.022853
v 0.012000 0.048000 0.023000
v 0.015000 0.009000 2.100000
v 0.014853 0.009000 2.099996
v 0.014706 0.009000 2.099986
v 0.014560 0.009000 2.099968
v 0.014415 0.009000 2.099942
v 0.014271 0.009000 2.099910
v 0.014129 0.009000 2.099871
v 0.013989 0.009000 2.099825
v 0.013852 0.009000 2.099772
v 0.013717 0.009000 2.099712
v 0.013586 0.009000 2.099646
v 0.013458 0.009000 2.099573
v 0.013333 0.009000 2.099494
v 0.013213 0.009000 2.099410
v 0.013097 0.009000 2.099319
v 0.012985 0.009000 2.099223
v 0.012879 0.009000 2.099121
v 0.012777 0.009000 2.099015
v 0.012681 0.009000 2.098903
v 0.012590 0.009000 2.098787
v 0.012506 0.009000 2.098667
v 0.012427 0.009000 2.098542
v 0.012354 0.009000 2.098414
v 0.012288 0.009000 2.098283
v 0.012228 0.009000 2.098148
v 0.012175 0.009000 2.098011
v 0.012129 0.009000 2.097871
v 0.012090 0.009000 2.097729
v 0.012058 0.009000 2.097585
v 0.012032 0.009000 2.097440
v 0.012014 0.009000 2.097294
v 0.012004 0.009000 2.097147
v 0.012000 0.009000 2.097000
v 0.015000 0.048000 2.100000
v 0.012000 0.048000 2.097000
v 0.012004 0.048000 2.097147
v 0.012014 0.048000 2.097294
v 0.012032 0.048000 2.097440
v 0.012058 0.048000 2.097585
v 0.012090 0.048000 2.097729
v 0.012129 0.048000 2.097871
v 0.012175 0.048000 2.098011
v 0.012228 0.048000 2.098148
v 0.012288 0.048000 2.098283
v 0.012354 0.048000 2.098414
v 0.012427 0.048000 2.098542
v 0.012506 0.048000 2.098667
v 0.012590 0.048000 2.098787
v 0.012681 0.048000 2.098903
v 0.012777 0.048000 2.099015
v 0.012879 0.048000 2.099121
v 0.012985 0.048000 2.099223
v 0.013097 0.048000 2.099319
v 0.013213 0.048000 2.099410
v 0.013333 0.048000 2.099494
v 0.013458 0.048000 2.099573
v 0.013586 0.048000 2.099646
v 0.013717 0.048000 2.099712
v 0.013852 0.048000 2.099772
v 0.013989 0.048000 2.099825
v 0.014129 0.048000 2.099871
v 0.014271 0.048000 2.099910
v 0.014415 0.048000 2.099942
v 0.014560 0.048000 2.099968
v 0.014706 0.048000 2.099986
v 0.014853 0.048000 2.099996
v 0.012000 0.048000 0.023000
v 0.012000 0.048000 2.097000
v 0.012004 0.048147 0.023000
v 0.012014 0.048294 0.023000
v 0.012032 0.048440 0.023000
v 0.012058 0.048585 0.023000
v 0.012090 0.048729 0.023000
v 0.012129 0.048871 0.023000
v 0.012175 0.049011 0.023000
v 0.012228 0.049148 0.023000
v 0.012288 0.049283 0.023000
v 0.012354 0.049414 0.023000
v 0.012427 0.049542 0.023000
v 0.012506 0.049667 0.023000
v 0.012590 0.049787 0.023000
v 0.012681 0.049903 0.023000
v 0.012777 0.050015 0.023000
v 0.012879 0.050121 0.023000
v 0.012985 0.050223 0.023000
v 0.013097 0.050319 0.023000
v 0.013213 0.050410 0.023000
v 0.013333 0.050494 0.023000
v 0.013458 0.050573 0.023000
v 0.013586 0.050646 0.023000
v 0.013717 0.050712 0.023000
v 0.013852 0.050772 0.023000
v 0.013989 0.050825 0.023000
v 0.014129 0.050871 0.023000
v 0.014271 0.050910 0.023000
v 0.014415 0.050942 0.023000
v 0.014560 0.050968 0.023000
v 0.014706 0.050986 0.023000
v 0.014853 0.050996 0.023000
v 0.015000 0.051000 0.023000
v 0.015000 0.051000 2.097000
v 0.014853 0.050996 2.097000
v 0.014706 0.050986 2.097000
v 0.014560 0.050968 2.097000
v 0.014415 0.050942 2.097000
v 0.014271 0.050910 2.097000
v 0.014129 0.050871 2.097000
v 0.013989 0.050825 2.097000
v 0.013852 0.050772 2.097000
v 0.013717 0.050712 2.097000
v 0.013586 0.050646 2.097000
v 0.013458 0.050573 2.097000
v 0.013333 0.050494 2.097000
v 0.013213 0.050410 2.097000
v 0.013097 0.050319 2.097000
v 0.012985 0.050223 2.097000
v 0.012879 0.050121 2.097000
v 0.012777 0.050015 2.097000
v 0.012681 0.049903 2.097000
v 0.012590 0.049787 2.097000
v 0.012506 0.049667 2.097000
v 0.012427 0.049542 2.097000
v 0.012354 0.049414 2.097000
v 0.012288 0.049283 2.097000
v 0.012228 0.049148 2.097000
v 0.012175 0.049011 2.097000
v 0.012129 0.048871 2.097000
v 0.012090 0.048729 2.097000
v 0.012058 0.048585 2.097000
v 0.012032 0.048440 2.097000
v 0.012014 0.048294 2.097000
v 0.012004 0.048147 2.097000
v 0.015000 0.009000 0.020000
v 0.014853 0.009000 0.020004
v 0.014706 0.009000 0.020014
v 0.014560 0.009000 0.020032
v 0.014415 0.009000 0.020058
v 0.014271 0.009000 0.020090
v 0.014129 0.009000 0.020129
v 0.013989 0.009000 0.020175
v 0.013852 0.009000 0.020228
v 0.013717 0.009000 0.020288
v 0.013586 0.009000 0.020354
v 0.013458 0.009000 0.020427
v 0.013333 0.009000 0.020506
v 0.013213 0.009000 0.020590
v 0.013097 0.009000 0.020681
v 0.012985 0.009000 0.020777
v 0.012879 0.009000 0.020879
v 0.012777 0.009000 0.020985
v 0.012681 0.009000 0.021097
v 0.012590 0.009000 0.021213
v 0.012506 0.009000 0.021333
v 0.012427 0.009000 0.021458
v 0.012354 0.009000 0.021586
v 0.012288 0.009000 0.021717
v 0.012228 0.009000 0.021852
v 0.012175 0.009000 0.021989
v 0.012129 0.009000 0.022129
v 0.012090 0.009000 0.022271
v 0.012058 0.009000 0.022415
v 0.012032 0.009000 0.022560
v 0.012014 0.009000 0.022706
v 0.012004 0.009000 0.022853
v 0.012000 0.009000 0.023000
v 0.015000 0.009000 0.020000
v 0.015000 0.008853 0.020004
v 0.015000 0.008706 0.020014
v 0.015000 0.008560 0.020032
v 0.015000 0.008415 0.020058
v 0.015000 0.008271 0.020090
v 0.015000 0.008129 0.020129
v 0.015000 0.007989 0.020175
v 0.015000 0.007852 0.020228
v 0.015000 0.007717 0.020288
v 0.015000 0.007586 0.020354
v 0.015000 0.007458 0.020427
v 0.015000 0.007333 0.020506
v 0.015000 0.007213 0.020590
v 0.015000 0.007097 0.020681
v 0.015000 0.006985 0.020777
v 0.015000 0.006879 0.020879
v 0.015000 0.006777 0.020985
v 0.015000 0.006681 0.021097
v 0.015000 0.006590 0.021213
v 0.015000 0.006506 0.021333
v 0.015000 0.006427 0.021458
v 0.015000 0.006354 0.021586
v 0.015000 0.006288 0.021717
v 0.015000 0.006228 0.021852
v 0.015000 0.006175 0.021989
v 0.015000 0.006129 0.022129
v 0.015000 0.006090 0.022271
v 0.015000 0.006058 0.022415
v 0.015000 0.006032 0.022560
v 0.015000 0.006014 0.022706
v 0.015000 0.006004 0.022853
v 0.015000 0.006000 0.023000
v 0.012004 0.008853 0.023000
v 0.012014 0.008706 0.023000
v 0.012032 0.008560 0.023000
v 0.012058 0.008415 0.023000
v 0.012090 0.008271 0.023000
v 0.012129 0.008129 0.023000
v 0.012175 0.007989 0.023000
v 0.012228 0.007852 0.023000
v 0.012288 0.007717 0.023000
v 0.012354 0.007586 0.023000
v 0.012427 0.007458 0.023000
v 0.012506 0.007333 0.023000
v 0.012590 0.007213 0.023000
v 0.012681 0.007097 0.023000
v 0.012777 0.006985 0.023000
v 0.012879 0.006879 0.023000
v 0.012985 0.006777 0.023000
v 0.013097 0.006681 0.023000
v 0.013213 0.006590 0.023000
v 0.013333 0.006506 0.023000
v 0.013458 0.006427 0.023000
v 0.013586 0.006354 0.023000
v 0.013717 0.006288 0.023000
v 0.013852 0.006228 0.023000
v 0.013989 0.006175 0.023000
v 0.014129 0.006129 0.023000
v 0.014271 0.006090 0.023000
v 0.014415 0.006058 0.023000
v 0.014560 0.006032 0.023000
v 0.014706 0.006014 0.023000
v 0.014853 0.006004 0.023000
v 0.014795 0.008993 0.020007
v 0.014796 0.008979 0.020007
v 0.014798 0.008965 0.020007
v 0.014592 0.008972 0.020028
v 0.014801 0.008952 0.020007
v 0.014595 0.008944 0.020028
v 0.014390 0.008979 0.020063
v 0.014805 0.008938 0.020007
v 0.014600 0.008917 0.020028
v 0.014393 0.008938 0.020063
v 0.014810 0.008925 0.020007
v 0.014607 0.008890 0.020028
v 0.014399 0.008896 0.020063
v 0.014192 0.008945 0.020111
v 0.014815 0.008912 0.020007
v 0.014615 0.008863 0.020028
v 0.014407 0.008855 0.020063
v 0.014198 0.008890 0.020111
v 0.014822 0.008900 0.020007
v 0.013996 0.008966 0.020173
v 0.014625 0.008837 0.020028
v 0.014418 0.008815 0.020063
v 0.014208 0.008835 0.020111
v 0.014829 0.008888 0.020007
v 0.014001 0.008897 0.020173
v 0.014637 0.008812 0.020028
v 0.014432 0.008776 0.020063
v 0.014221 0.008782 0.020111
v 0.014837 0.008876 0.020007
v 0.014010 0.008829 0.020173
v 0.014651 0.008788 0.020028
v 0.013808 0.008918 0.020248
v 0.014449 0.008738 0.020063
v 0.014237 0.008729 0.020111
v 0.014846 0.008865 0.020007
v 0.014024 0.008762 0.020173
v 0.014666 0.008764 0.020028
v 0.013816 0.008837 0.020248
v 0.014468 0.008701 0.020063
v 0.013621 0.008953 0.020336
v 0.014258 0.008678 0.020111
v 0.014855 0.008855 0.020007
v 0.014042 0.008696 0.020173
v 0.014683 0.008742 0.020028
v 0.013830 0.008757 0.020248
v 0.014490 0.008665 0.020063
v 0.013627 0.008859 0.020336
v 0.014281 0.008628 0.020111
v 0.014865 0.008846 0.020007
v 0.014065 0.008631 0.020173
v 0.014701 0.008721 0.020028
v 0.013849 0.008678 0.020248
v 0.014514 0.008631 0.020063
v 0.013640 0.008765 0.020336
v 0.014308 0.008579 0.020111
v 0.013445 0.008894 0.020437
v 0.014876 0.008837 0.020007
v 0.014093 0.008569 0.020173
v 0.014721 0.008701 0.020028
v 0.013874 0.008600 0.020248
v 0.014540 0.008599 0.020063
v 0.013659 0.008673 0.020336
v 0.014339 0.008533 0.020111
v 0.013456 0.008788 0.020437
v 0.014888 0.008829 0.020007
v 0.014124 0.008508 0.020173
v 0.013271 0.008941 0.020549
v 0.014742 0.008683 0.020028
v 0.013904 0.008524 0.020248
v 0.014568 0.008568 0.020063
v 0.013684 0.008582 0.020336
v 0.014372 0.008489 0.020111
v 0.013474 0.008683 0.020437
v 0.014900 0.008822 0.020007
v 0.014160 0.008449 0.020173
v 0.013279 0.008823 0.020549
v 0.014764 0.008666 0.020028
v 0.013939 0.008450 0.020248
v 0.014599 0.008540 0.020063
v 0.013716 0.008494 0.020336
v 0.014408 0.008448 0.020111
v 0.013499 0.008579 0.020437
v 0.014912 0.008815 0.020007
v 0.014199 0.008393 0.020173
v 0.013295 0.008706 0.020549
v 0.014788 0.008651 0.020028
v 0.013979 0.008379 0.020248
v 0.013111 0.008871 0.020673
v 0.014631 0.008514 0.020063
v 0.013754 0.008407 0.020336
v 0.014448 0.008408 0.020111
v 0.013531 0.008478 0.020437
v 0.014925 0.008810 0.020007
v 0.014243 0.008340 0.020173
v 0.013319 0.008590 0.020549
v 0.014812 0.008637 0.020028
v 0.014024 0.008311 0.020248
v 0.013124 0.008742 0.020673
v 0.014665 0.008490 0.020063
v 0.013797 0.008324 0.020336
v 0.012954 0.008930 0.020807
v 0.014489 0.008372 0.020111
v 0.013570 0.008379 0.020437
v 0.014938 0.008805 0.020007
v 0.014290 0.008290 0.020173
v 0.013351 0.008477 0.020549
v 0.014837 0.008625 0.020028
v 0.014073 0.008246 0.020248
v 0.013146 0.008615 0.020673
v 0.014701 0.008468 0.020063
v 0.013846 0.008243 0.020336
v 0.012963 0.008791 0.020807
v 0.014533 0.008339 0.020111
v 0.013616 0.008283 0.020437
v 0.014952 0.008801 0.020007
v 0.014340 0.008243 0.020173
v 0.013391 0.008365 0.020549
v 0.014863 0.008615 0.020028
v 0.014127 0.008184 0.020248
v 0.013177 0.008489 0.020673
v 0.014738 0.008449 0.020063
v 0.013900 0.008166 0.020336
v 0.012982 0.008652 0.020807
v 0.014579 0.008308 0.020111
v 0.013668 0.008190 0.020437
v 0.012813 0.008850 0.020952
v 0.014965 0.008798 0.020007
v 0.014393 0.008199 0.020173
v 0.013438 0.008257 0.020549
v 0.014890 0.008607 0.020028
v 0.014184 0.008127 0.020248
v 0.013216 0.008366 0.020673
v 0.014776 0.008432 0.020063
v 0.013960 0.008093 0.020336
v 0.013011 0.008515 0.020807
v 0.014628 0.008281 0.020111
v 0.013727 0.008101 0.020437
v 0.012828 0.008701 0.020952
v 0.014979 0.008796 0.020007
v 0.014449 0.008160 0.020173
v 0.013492 0.008152 0.020549
v 0.012674 0.008921 0.021107
v 0.014917 0.008600 0.020028
v 0.014246 0.008073 0.020248
v 0.013263 0.008246 0.020673
v 0.014815 0.008418 0.020063
v 0.014024 0.008024 0.020336
v 0.013048 0.008381 0.020807
v 0.014678 0.008258 0.020111
v 0.013791 0.008016 0.020437
v 0.012853 0.008554 0.020952
v 0.014993 0.008795 0.020007
v 0.014508 0.008124 0.020173
v 0.013553 0.008051 0.020549
v 0.012685 0.008762 0.021107
v 0.014944 0.008595 0.020028
v 0.014311 0.008024 0.020248
v 0.013319 0.008129 0.020673
v 0.014855 0.008407 0.020063
v 0.014093 0.007960 0.020336
v 0.013095 0.008249 0.020807
v 0.014729 0.008237 0.020111
v 0.013861 0.007936 0.020437
v 0.012889 0.008408 0.020952
v 0.014569 0.008093 0.020173
v 0.013621 0.007955 0.020549
v 0.012707 0.008605 0.021107
v 0.014972 0.008592 0.020028
v 0.014379 0.007979 0.020248
v 0.013382 0.008016 0.020673
v 0.012555 0.008833 0.021270
v 0.014896 0.008399 0.020063
v 0.014166 0.007900 0.020336
v 0.013151 0.008121 0.020807
v 0.014782 0.008221 0.020111
v 0.013936 0.007861 0.020437
v 0.012934 0.008266 0.020952
v 0.014631 0.008065 0.020173
v 0.013696 0.007863 0.020549
v 0.012739 0.008449 0.021107
v 0.014450 0.007939 0.020248
v 0.013453 0.007908 0.020673
v 0.012572 0.008666 0.021270
v 0.014938 0.008393 0.020063
v 0.014243 0.007846 0.020336
v 0.013215 0.007996 0.020807
v 0.012438 0.008912 0.021441
v 0.014835 0.008208 0.020111
v 0.014016 0.007791 0.020437
v 0.012989 0.008127 0.020952
v 0.014696 0.008042 0.020173
v 0.013777 0.007777 0.020549
v 0.012782 0.008296 0.021107
v 0.014524 0.007904 0.020248
v 0.013531 0.007805 0.020673
v 0.012600 0.008501 0.021270
v 0.014979 0.008390 0.020063
v 0.014324 0.007797 0.020336
v 0.013288 0.007877 0.020807
v 0.012450 0.008738 0.021441
v 0.014890 0.008198 0.020111
v 0.014101 0.007727 0.020437
v 0.013053 0.007991 0.020952
v 0.014762 0.008024 0.020173
v 0.013863 0.007696 0.020549
v 0.012835 0.008146 0.021107
v 0.014600 0.007874 0.020248
v 0.013616 0.007708 0.020673
v 0.012640 0.008339 0.021270
v 0.014407 0.007754 0.020336
v 0.013368 0.007763 0.020807
v 0.012474 0.008564 0.021441
v 0.014945 0.008192 0.020111
v 0.014190 0.007668 0.020437
v 0.013127 0.007861 0.020952
v 0.012343 0.008818 0.021620
v 0.014829 0.008010 0.020173
v 0.013955 0.007621 0.020549
v 0.012898 0.008001 0.021107
v 0.014678 0.007849 0.020248
v 0.013708 0.007616 0.020673
v 0.012691 0.008179 0.021270
v 0.014494 0.007716 0.020336
v 0.013457 0.007654 0.020807
v 0.012510 0.008393 0.021441
v 0.014283 0.007616 0.020437
v 0.013209 0.007736 0.020952
v 0.012361 0.008637 0.021620
v 0.014897 0.008001 0.020173
v 0.014051 0.007553 0.020549
v 0.012972 0.007859 0.021107
v 0.012250 0.008906 0.021805
v 0.014757 0.007830 0.020248
v 0.013805 0.007531 0.020673
v 0.012752 0.008024 0.021270
v 0.014582 0.007684 0.020336
v 0.013552 0.007552 0.020807
v 0.012557 0.008225 0.021441
v 0.014379 0.007570 0.020437
v 0.013299 0.007616 0.020952
v 0.012392 0.008458 0.021620
v 0.014966 0.007996 0.020173
v 0.014152 0.007492 0.020549
v 0.013054 0.007724 0.021107
v 0.012263 0.008719 0.021805
v 0.014837 0.007816 0.020248
v 0.013908 0.007453 0.020673
v 0.012824 0.007872 0.021270
v 0.014673 0.007659 0.020336
v 0.013654 0.007457 0.020807
v 0.012615 0.008060 0.021441
v 0.014478 0.007531 0.020437
v 0.013398 0.007503 0.020952
v 0.012435 0.008281 0.021620
v 0.014257 0.007438 0.020549
v 0.013146 0.007594 0.021107
v 0.012288 0.008532 0.021805
v 0.014918 0.007808 0.020248
v 0.014016 0.007382 0.020673
v 0.012906 0.007727 0.021270
v 0.012180 0.008807 0.021995
v 0.014765 0.007640 0.020336
v 0.013763 0.007368 0.020807
v 0.012685 0.007899 0.021441
v 0.014579 0.007499 0.020437
v 0.013503 0.007398 0.020952
v 0.012490 0.008108 0.021620
v 0.014365 0.007391 0.020549
v 0.013246 0.007471 0.021107
v 0.012327 0.008349 0.021805
v 0.014129 0.007319 0.020673
v 0.012998 0.007587 0.021270
v 0.012200 0.008615 0.021995
v 0.014859 0.007627 0.020336
v 0.013877 0.007288 0.020807
v 0.012766 0.007744 0.021441
v 0.012113 0.008901 0.022191
v 0.014683 0.007474 0.020437
v 0.013616 0.007299 0.020952
v 0.012557 0.007939 0.021620
v 0.014477 0.007351 0.020549
v 0.013354 0.007354 0.021107
v 0.012377 0.008168 0.021805
v 0.014246 0.007263 0.020673
v 0.013099 0.007453 0.021270
v 0.012232 0.008425 0.021995
v 0.014953 0.007621 0.020336
v 0.013996 0.007215 0.020807
v 0.012857 0.007594 0.021441
v 0.012126 0.008705 0.022191
v 0.014788 0.007456 0.020437
v 0.013736 0.007209 0.020952
v 0.012635 0.007775 0.021620
v 0.014590 0.007319 0.020549
v 0.013471 0.007246 0.021107
v 0.012440 0.007991 0.021805
v 0.014366 0.007216 0.020673
v 0.013209 0.007327 0.021270
v 0.012278 0.008237 0.021995
v 0.014121 0.007151 0.020807
v 0.012958 0.007451 0.021441
v 0.012153 0.008509 0.022191
v 0.014894 0.007445 0.020437
v 0.013861 0.007127 0.020952
v 0.012724 0.007616 0.021620
v 0.012070 0.008800 0.022390
v 0.014706 0.007295 0.020549
v 0.013594 0.007146 0.021107
v 0.012515 0.007818 0.021805
v 0.014489 0.007177 0.020673
v 0.013327 0.007209 0.021270
v 0.012336 0.008053 0.021995
v 0.014249 0.007095 0.020807
v 0.013068 0.007315 0.021441
v 0.012193 0.008316 0.022191
v 0.013991 0.007053 0.020952
v 0.012824 0.007464 0.021620
v 0.012090 0.008600 0.022390
v 0.014823 0.007279 0.020549
v 0.013724 0.007054 0.021107
v 0.012602 0.007651 0.021805
v 0.012030 0.008899 0.022592
v 0.014615 0.007146 0.020673
v 0.013453 0.007099 0.021270
v 0.012407 0.007874 0.021995
v 0.014381 0.007048 0.020807
v 0.013188 0.007188 0.021441
v 0.012247 0.008126 0.022191
v 0.014127 0.006989 0.020952
v 0.012934 0.007319 0.021620
v 0.012124 0.008402 0.022390
v 0.014941 0.007271 0.020549
v 0.013859 0.006972 0.021107
v 0.012699 0.007491 0.021805
v 0.012044 0.008696 0.022592
v 0.014742 0.007124 0.020673
v 0.013587 0.006998 0.021270
v 0.012490 0.007699 0.021995
v 0.014515 0.007011 0.020807
v 0.013315 0.007068 0.021441
v 0.012313 0.007940 0.022191
v 0.014266 0.006934 0.020952
v 0.013053 0.007182 0.021620
v 0.012172 0.008208 0.022390
v 0.014001 0.006898 0.021107
v 0.012807 0.007337 0.021805
v 0.012071 0.008495 0.022592
v 0.014871 0.007111 0.020673
v 0.013727 0.006906 0.021270
v 0.012585 0.007531 0.021995
v 0.012014 0.008796 0.022795
v 0.014652 0.006982 0.020807
v 0.013451 0.006958 0.021441
v 0.012391 0.007759 0.022191
v 0.014408 0.006889 0.020952
v 0.013182 0.007053 0.021620
v 0.012232 0.008016 0.022390
v 0.014146 0.006835 0.021107
v 0.012926 0.007192 0.021805
v 0.012112 0.008296 0.022592
v 0.013872 0.006824 0.021270
v 0.012691 0.007370 0.021995
v 0.012035 0.008592 0.022795
v 0.014791 0.006963 0.020807
v 0.013594 0.006857 0.021441
v 0.012482 0.007584 0.022191
v 0.014554 0.006853 0.020952
v 0.013319 0.006934 0.021620
v 0.012306 0.007830 0.022390
v 0.014296 0.006782 0.021107
v 0.013054 0.007054 0.021805
v 0.012167 0.008101 0.022592
v 0.014024 0.006752 0.021270
v 0.012807 0.007216 0.021995
v 0.012070 0.008391 0.022795
v 0.014930 0.006954 0.020807
v 0.013744 0.006766 0.021441
v 0.012584 0.007416 0.022191
v 0.014701 0.006828 0.020952
v 0.013464 0.006824 0.021620
v 0.012392 0.007649 0.022390
v 0.014449 0.006739 0.021107
v 0.013192 0.006926 0.021805
v 0.012235 0.007910 0.022592
v 0.014179 0.006691 0.021270
v 0.012934 0.007071 0.021995
v 0.012118 0.008192 0.022795
v 0.013899 0.006685 0.021441
v 0.012698 0.007255 0.022191
v 0.014850 0.006813 0.020952
v 0.013616 0.006724 0.021620
v 0.012490 0.007474 0.022390
v 0.014605 0.006707 0.021107
v 0.013337 0.006807 0.021805
v 0.012316 0.007724 0.022592
v 0.014339 0.006640 0.021270
v 0.013071 0.006934 0.021995
v 0.012180 0.007998 0.022795
v 0.014060 0.006615 0.021441
v 0.012823 0.007102 0.022191
v 0.013775 0.006635 0.021620
v 0.012600 0.007306 0.022390
v 0.014762 0.006685 0.021107
v 0.013491 0.006699 0.021805
v 0.012409 0.007543 0.022592
v 0.014501 0.006600 0.021270
v 0.013216 0.006807 0.021995
v 0.012255 0.007808 0.022795
v 0.014225 0.006557 0.021441
v 0.012957 0.006957 0.022191
v 0.013939 0.006557 0.021620
v 0.012722 0.007146 0.022390
v 0.014921 0.006674 0.021107
v 0.013651 0.006602 0.021805
v 0.012515 0.007370 0.022592
v 0.014666 0.006572 0.021270
v 0.013370 0.006691 0.021995
v 0.012343 0.007623 0.022795
v 0.014393 0.006510 0.021441
v 0.013102 0.006823 0.022191
v 0.014108 0.006490 0.021620
v 0.012853 0.006995 0.022390
v 0.013818 0.006515 0.021805
v 0.012632 0.007204 0.022592
v 0.014833 0.006555 0.021270
v 0.013531 0.006585 0.021995
v 0.012443 0.007445 0.022795
v 0.014564 0.006474 0.021441
v 0.013255 0.006698 0.022191
v 0.014281 0.006435 0.021620
v 0.012995 0.006853 0.022390
v 0.013991 0.006440 0.021805
v 0.012760 0.007047 0.022592
v 0.013699 0.006490 0.021995
v 0.012555 0.007274 0.022795
v 0.014738 0.006450 0.021441
v 0.013416 0.006584 0.022191
v 0.014458 0.006392 0.021620
v 0.013146 0.006722 0.022390
v 0.014168 0.006377 0.021805
v 0.012898 0.006898 0.022592
v 0.013874 0.006407 0.021995
v 0.012678 0.007111 0.022795
v 0.014912 0.006438 0.021441
v 0.013584 0.006482 0.022191
v 0.014637 0.006361 0.021620
v 0.013306 0.006600 0.022390
v 0.014349 0.006327 0.021805
v 0.013047 0.006760 0.022592
v 0.014053 0.006336 0.021995
v 0.012813 0.006957 0.022795
v 0.013759 0.006391 0.022191
v 0.014818 0.006343 0.021620
v 0.013474 0.006490 0.022390
v 0.014532 0.006288 0.021805
v 0.013204 0.006632 0.022592
v 0.014237 0.006278 0.021995
v 0.012957 0.006813 0.022795
v 0.013940 0.006313 0.022191
v 0.013649 0.006392 0.022390
v 0.014719 0.006263 0.021805
v 0.013370 0.006515 0.022592
v 0.014425 0.006232 0.021995
v 0.013111 0.006678 0.022795
v 0.014126 0.006247 0.022191
v 0.013830 0.006306 0.022390
v 0.014906 0.006250 0.021805
v 0.013543 0.006409 0.022592
v 0.014615 0.006200 0.021995
v 0.013274 0.006555 0.022795
v 0.014316 0.006193 0.022191
v 0.014016 0.006232 0.022390
v 0.013724 0.006316 0.022592
v 0.014807 0.006180 0.021995
v 0.013445 0.006443 0.022795
v 0.014509 0.006153 0.022191
v 0.014208 0.006172 0.022390
v 0.013910 0.006235 0.022592
v 0.013623 0.006343 0.022795
v 0.014705 0.006126 0.022191
v 0.014402 0.006124 0.022390
v 0.014101 0.006167 0.022592
v 0.013808 0.006255 0.022795
v 0.014901 0.006113 0.022191
v 0.014600 0.006090 0.022390
v 0.014296 0.006112 0.022592
v 0.013998 0.006180 0.022795
v 0.014800 0.006070 0.022390
v 0.014495 0.006071 0.022592
v 0.014192 0.006118 0.022795
v 0.014696 0.006044 0.022592
v 0.014391 0.006070 0.022795
v 0.014899 0.006030 0.022592
v 0.014592 0.006035 0.022795
v 0.014796 0.006014 0.022795
v 0.015000 0.009000 2.100000
v 0.014853 0.009000 2.099996
v 0.014706 0.009000 2.099986
v 0.014560 0.009000 2.099968
v 0.014415 0.009000 2.099942
v 0.014271 0.009000 2.099910
v 0.014129 0.009000 2.099871
v 0.013989 0.009000 2.099825
v 0.013852 0.009000 2.099772
v 0.013717 0.009000 2.099712
v 0.013586 0.009000 2.099646
v 0.013458 0.009000 2.099573
v 0.013333 0.009000 2.099494
v 0.013213 0.009000 2.099410
v 0.013097 0.009000 2.099319
v 0.012985 0.009000 2.099223
v 0.012879 0.009000 2.099121
v 0.012777 0.009000 2.099015
v 0.012681 0.009000 2.098903
v 0.012590 0.009000 2.098787
v 0.012506 0.009000 2.098667
v 0.012427 0.009000 2.098542
v 0.012354 0.009000 2.098414
v 0.012288 0.009000 2.098283
v 0.012228 0.009000 2.098148
v 0.012175 0.009000 2.098011
v 0.012129 0.009000 2.097871
v 0.012090 0.009000 2.097729
v 0.012058 0.009000 2.097585
v 0.012032 0.009000 2.097440
v 0.012014 0.009000 2.097294
v 0.012004 0.009000 2.097147
v 0.012000 0.009000 2.097000
v 0.015000 0.009000 2.100000
v 0.015000 0.008853 2.099996
v 0.015000 0.008706 2.099986
v 0.015000 0.008560 2.099968
v 0.015000 0.008415 2.099942
v 0.015000 0.008271 2.099910
v 0.015000 0.008129 2.099871
v 0.015000 0.007989 2.099825
v 0.015000 0.007852 2.099772
v 0.015000 0.007717 2.099712
v 0.015000 0.007586 2.099646
v 0.015000 0.007458 2.099573
v 0.015000 0.007333 2.099494
v 0.015000 0.007213 2.099410
v 0.015000 0.007097 2.099319
v 0.015000 0.006985 2.099223
v 0.015000 0.006879 2.099121
v 0.015000 0.006777 2.099015
v 0.015000 0.006681 2.098903
v 0.015000 0.006590 2.098787
v 0.015000 0.006506 2.098667
v 0.015000 0.006427 2.098542
v 0.015000 0.006354 2.098414
v 0.015000 0.006288 2.098283
v 0.015000 0.006228 2.098148
v 0.015000 0.006175 2.098011
v 0.015000 0.006129 2.097871
v 0.015000 0.006090 2.097729
v 0.015000 0.006058 2.097585
v 0.015000 0.006032 2.097440
v 0.015000 0.006014 2.097294
v 0.015000 0.006004 2.097147
v 0.015000 0.006000 2.097000
v 0.012004 0.008853 2.097000
v 0.012014 0.008706 2.097000
v 0.012032 0.008560 2.097000
v 0.012058 0.008415 2.097000
v 0.012090 0.008271 2.097000
v 0.012129 0.008129 2.097000
v 0.012175 0.007989 2.097000
v 0.012228 0.007852 2.097000
v 0.012288 0.007717 2.097000
v 0.012354 0.007586 2.097000
v 0.012427 0.007458 2.097000
v 0.012506 0.007333 2.097000
v 0.012590 0.007213 2.097000
v 0.012681 0.007097 2.097000
v 0.012777 0.006985 2.097000
v 0.012879 0.006879 2.097000
v 0.012985 0.006777 2.097000
v 0.013097 0.006681 2.097000
v 0.013213 0.006590 2.097000
v 0.013333 0.006506 2.097000
v 0.013458 0.006427 2.097000
v 0.013586 0.006354 2.097000
v 0.013717 0.006288 2.097000
v 0.013852 0.006228 2.097000
v 0.013989 0.006175 2.097000
v 0.014129 0.006129 2.097000
v 0.014271 0.006090 2.097000
v 0.014415 0.006058 2.097000
v 0.014560 0.006032 2.097000
v 0.014706 0.006014 2.097000
v 0.014853 0.006004 2.097000
v 0.014795 0.008993 2.099993
v 0.014796 0.008979 2.099993
v 0.014798 0.008965 2.099993
v 0.014592 0.008972 2.099972
v 0.014801 0.008952 2.099993
v 0.014595 0.008944 2.099972
v 0.014390 0.008979 2.099937
v 0.014805 0.008938 2.099993
v 0.014600 0.008917 2.099972
v 0.014393 0.008938 2.099937
v 0.014810 0.008925 2.099993
v 0.014607 0.008890 2.099972
v 0.014399 0.008896 2.099937
v 0.014192 0.008945 2.099889
v 0.014815 0.008912 2.099993
v 0.014615 0.008863 2.099972
v 0.014407 0.008855 2.099937
v 0.014198 0.008890 2.099889
v 0.014822 0.008900 2.099993
v 0.013996 0.008966 2.099827
v 0.014625 0.008837 2.099972
v 0.014418 0.008815 2.099937
v 0.014208 0.008835 2.099889
v 0.014829 0.008888 2.099993
v 0.014001 0.008897 2.099827
v 0.014637 0.008812 2.099972
v 0.014432 0.008776 2.099937
v 0.014221 0.008782 2.099889
v 0.014837 0.008876 2.099993
v 0.014010 0.008829 2.099827
v 0.014651 0.008788 2.099972
v 0.013808 0.008918 2.099752
v 0.014449 0.008738 2.099937
v 0.014237 0.008729 2.099889
v 0.014846 0.008865 2.099993
v 0.014024 0.008762 2.099827
v 0.014666 0.008764 2.099972
v 0.013816 0.008837 2.099752
v 0.014468 0.008701 2.099937
v 0.013621 0.008953 2.099664
v 0.014258 0.008678 2.099889
v 0.014855 0.008855 2.099993
v 0.014042 0.008696 2.099827
v 0.014683 0.008742 2.099972
v 0.013830 0.008757 2.099752
v 0.014490 0.008665 2.099937
v 0.013627 0.008859 2.099664
v 0.014281 0.008628 2.099889
v 0.014865 0.008846 2.099993
v 0.014065 0.008631 2.099827
v 0.014701 0.008721 2.099972
v 0.013849 0.008678 2.099752
v 0.014514 0.008631 2.099937
v 0.013640 0.008765 2.099664
v 0.014308 0.008579 2.099889
v 0.013445 0.008894 2.099563
v 0.014876 0.008837 2.099993
v 0.014093 0.008569 2.099827
v 0.014721 0.008701 2.099972
v 0.013874 0.008600 2.099752
v 0.014540 0.008599 2.099937
v 0.013659 0.008673 2.099664
v 0.014339 0.008533 2.099889
v 0.013456 0.008788 2.099563
v 0.014888 0.008829 2.099993
v 0.014124 0.008508 2.099827
v 0.013271 0.008941 2.099451
v 0.014742 0.008683 2.099972
v 0.013904 0.008524 2.099752
v 0.014568 0.008568 2.099937
v 0.013684 0.008582 2.099664
v 0.014372 0.008489 2.099889
v 0.013474 0.008683 2.099563
v 0.014900 0.008822 2.099993
v 0.014160 0.008449 2.099827
v 0.013279 0.008823 2.099451
v 0.014764 0.008666 2.099972
v 0.013939 0.008450 2.099752
v 0.014599 0.008540 2.099937
v 0.013716 0.008494 2.099664
v 0.014408 0.008448 2.099889
v 0.013499 0.008579 2.099563
v 0.014912 0.008815 2.099993
v 0.014199 0.008393 2.099827
v 0.013295 0.008706 2.099451
v 0.014788 0.008651 2.099972
v 0.013979 0.008379 2.099752
v 0.013111 0.008871 2.099327
v 0.014631 0.008514 2.099937
v 0.013754 0.008407 2.099664
v 0.014448 0.008408 2.099889
v 0.013531 0.008478 2.099563
v 0.014925 0.008810 2.099993
v 0.014243 0.008340 2.099827
v 0.013319 0.008590 2.099451
v 0.014812 0.008637 2.099972
v 0.014024 0.008311 2.099752
v 0.013124 0.008742 2.099327
v 0.014665 0.008490 2.099937
v 0.013797 0.008324 2.099664
v 0.012954 0.008930 2.099193
v 0.014489 0.008372 2.099889
v 0.013570 0.008379 2.099563
v 0.014938 0.008805 2.099993
v 0.014290 0.008290 2.099827
v 0.013351 0.008477 2.099451
v 0.014837 0.008625 2.099972
v 0.014073 0.008246 2.099752
v 0.013146 0.008615 2.099327
v 0.014701 0.008468 2.099937
v 0.013846 0.008243 2.099664
v 0.012963 0.008791 2.099193
v 0.014533 0.008339 2.099889
v 0.013616 0.008283 2.099563
v 0.014952 0.008801 2.099993
v 0.014340 0.008243 2.099827
v 0.013391 0.008365 2.099451
v 0.014863 0.008615 2.099972
v 0.014127 0.008184 2.099752
v 0.013177 0.008489 2.099327
v 0.014738 0.008449 2.099937
v 0.013900 0.008166 2.099664
v 0.012982 0.008652 2.099193
v 0.014579 0.008308 2.099889
v 0.013668 0.008190 2.099563
v 0.012813 0.008850 2.099048
v 0.014965 0.008798 2.099993
v 0.014393 0.008199 2.099827
v 0.013438 0.008257 2.099451
v 0.014890 0.008607 2.099972
v 0.014184 0.008127 2.099752
v 0.013216 0.008366 2.099327
v 0.014776 0.008432 2.099937
v 0.013960 0.008093 2.099664
v 0.013011 0.008515 2.099193
v 0.014628 0.008281 2.099889
v 0.013727 0.008101 2.099563
v 0.012828 0.008701 2.099048
v 0.014979 0.008796 2.099993
v 0.014449 0.008160 2.099827
v 0.013492 0.008152 2.099451
v 0.012674 0.008921 2.098893
v 0.014917 0.008600 2.099972
v 0.014246 0.008073 2.099752
v 0.013263 0.008246 2.099327
v 0.014815 0.008418 2.099937
v 0.014024 0.008024 2.099664
v 0.013048 0.008381 2.099193
v 0.014678 0.008258 2.099889
v 0.013791 0.008016 2.099563
v 0.012853 0.008554 2.099048
v 0.014993 0.008795 2.099993
v 0.014508 0.008124 2.099827
v 0.013553 0.008051 2.099451
v 0.012685 0.008762 2.098893
v 0.014944 0.008595 2.099972
v 0.014311 0.008024 2.099752
v 0.013319 0.008129 2.099327
v 0.014855 0.008407 2.099937
v 0.014093 0.007960 2.099664
v 0.013095 0.008249 2.099193
v 0.014729 0.008237 2.099889
v 0.013861 0.007936 2.099563
v 0.012889 0.008408 2.099048
v 0.014569 0.008093 2.099827
v 0.013621 0.007955 2.099451
v 0.012707 0.008605 2.098893
v 0.014972 0.008592 2.099972
v 0.014379 0.007979 2.099752
v 0.013382 0.008016 2.099327
v 0.012555 0.008833 2.098730
v 0.014896 0.008399 2.099937
v 0.014166 0.007900 2.099664
v 0.013151 0.008121 2.099193
v 0.014782 0.008221 2.099889
v 0.013936 0.007861 2.099563
v 0.012934 0.008266 2.099048
v 0.014631 0.008065 2.099827
v 0.013696 0.007863 2.099451
v 0.012739 0.008449 2.098893
v 0.014450 0.007939 2.099752
v 0.013453 0.007908 2.099327
v 0.012572 0.008666 2.098730
v 0.014938 0.008393 2.099937
v 0.014243 0.007846 2.099664
v 0.013215 0.007996 2.099193
v 0.012438 0.008912 2.098559
v 0.014835 0.008208 2.099889
v 0.014016 0.007791 2.099563
v 0.012989 0.008127 2.099048
v 0.014696 0.008042 2.099827
v 0.013777 0.007777 2.099451
v 0.012782 0.008296 2.098893
v 0.014524 0.007904 2.099752
v 0.013531 0.007805 2.099327
v 0.012600 0.008501 2.098730
v 0.014979 0.008390 2.099937
v 0.014324 0.007797 2.099664
v 0.013288 0.007877 2.099193
v 0.012450 0.008738 2.098559
v 0.014890 0.008198 2.099889
v 0.014101 0.007727 2.099563
v 0.013053 0.007991 2.099048
v 0.014762 0.008024 2.099827
v 0.013863 0.007696 2.099451
v 0.012835 0.008146 2.098893
v 0.014600 0.007874 2.099752
v 0.013616 0.007708 2.099327
v 0.012640 0.008339 2.098730
v 0.014407 0.007754 2.099664
v 0.013368 0.007763 2.099193
v 0.012474 0.008564 2.098559
v 0.014945 0.008192 2.099889
v 0.014190 0.007668 2.099563
v 0.013127 0.007861 2.099048
v 0.012343 0.008818 2.098380
v 0.014829 0.008010 2.099827
v 0.013955 0.007621 2.099451
v 0.012898 0.008001 2.098893
v 0.014678 0.007849 2.099752
v 0.013708 0.007616 2.099327
v 0.012691 0.008179 2.098730
v 0.014494 0.007716 2.099664
v 0.013457 0.007654 2.099193
v 0.012510 0.008393 2.098559
v 0.014283 0.007616 2.099563
v 0.013209 0.007736 2.099048
v 0.012361 0.008637 2.098380
v 0.014897 0.008001 2.099827
v 0.014051 0.007553 2.099451
v 0.012972 0.007859 2.098893
v 0.012250 0.008906 2.098195
v 0.014757 0.007830 2.099752
v 0.013805 0.007531 2.099327
v 0.012752 0.008024 2.098730
v 0.014582 0.007684 2.099664
v 0.013552 0.007552 2.099193
v 0.012557 0.008225 2.098559
v 0.014379 0.007570 2.099563
v 0.013299 0.007616 2.099048
v 0.012392 0.008458 2.098380
v 0.014966 0.007996 2.099827
v 0.014152 0.007492 2.099451
v 0.013054 0.007724 2.098893
v 0.012263 0.008719 2.098195
v 0.014837 0.007816 2.099752
v 0.013908 0.007453 2.099327
v 0.012824 0.007872 2.098730
v 0.014673 0.007659 2.099664
v 0.013654 0.007457 2.099193
v 0.012615 0.008060 2.098559
v 0.014478 0.007531 2.099563
v 0.013398 0.007503 2.099048
v 0.012435 0.008281 2.098380
v 0.014257 0.007438 2.099451
v 0.013146 0.007594 2.098893
v 0.012288 0.008532 2.098195
v 0.014918 0.007808 2.099752
v 0.014016 0.007382 2.099327
v 0.012906 0.007727 2.098730
v 0.012180 0.008807 2.098005
v 0.014765 0.007640 2.099664
v 0.013763 0.007368 2.099193
v 0.012685 0.007899 2.098559
v 0.014579 0.007499 2.099563
v 0.013503 0.007398 2.099048
v 0.012490 0.008108 2.098380
v 0.014365 0.007391 2.099451
v 0.013246 0.007471 2.098893
v 0.012327 0.008349 2.098195
v 0.014129 0.007319 2.099327
v 0.012998 0.007587 2.098730
v 0.012200 0.008615 2.098005
v 0.014859 0.007627 2.099664
v 0.013877 0.007288 2.099193
v 0.012766 0.007744 2.098559
v 0.012113 0.008901 2.097809
v 0.014683 0.007474 2.099563
v 0.013616 0.007299 2.099048
v 0.012557 0.007939 2.098380
v 0.014477 0.007351 2.099451
v 0.013354 0.007354 2.098893
v 0.012377 0.008168 2.098195
v 0.014246 0.007263 2.099327
v 0.013099 0.007453 2.098730
v 0.012232 0.008425 2.098005
v 0.014953 0.007621 2.099664
v 0.013996 0.007215 2.099193
v 0.012857 0.007594 2.098559
v 0.012126 0.008705 2.097809
v 0.014788 0.007456 2.099563
v 0.013736 0.007209 2.099048
v 0.012635 0.007775 2.098380
v 0.014590 0.007319 2.099451
v 0.013471 0.007246 2.098893
v 0.012440 0.007991 2.098195
v 0.014366 0.007216 2.099327
v 0.013209 0.007327 2.098730
v 0.012278 0.008237 2.098005
v 0.014121 0.007151 2.099193
v 0.012958 0.007451 2.098559
v 0.012153 0.008509 2.097809
v 0.014894 0.007445 2.099563
v 0.013861 0.007127 2.099048
v 0.012724 0.007616 2.098380
v 0.012070 0.008800 2.097610
v 0.014706 0.007295 2.099451
v 0.013594 0.007146 2.098893
v 0.012515 0.007818 2.098195
v 0.014489 0.007177 2.099327
v 0.013327 0.007209 2.098730
v 0.012336 0.008053 2.098005
v 0.014249 0.007095 2.099193
v 0.013068 0.007315 2.098559
v 0.012193 0.008316 2.097809
v 0.013991 0.007053 2.099048
v 0.012824 0.007464 2.098380
v 0.012090 0.008600 2.097610
v 0.014823 0.007279 2.099451
v 0.013724 0.007054 2.098893
v 0.012602 0.007651 2.098195
v 0.012030 0.008899 2.097408
v 0.014615 0.007146 2.099327
v 0.013453 0.007099 2.098730
v 0.012407 0.007874 2.098005
v 0.014381 0.007048 2.099193
v 0.013188 0.007188 2.098559
v 0.012247 0.008126 2.097809
v 0.014127 0.006989 2.099048
v 0.012934 0.007319 2.098380
v 0.012124 0.008402 2.097610
v 0.014941 0.007271 2.099451
v 0.013859 0.006972 2.098893
v 0.012699 0.007491 2.098195
v 0.012044 0.008696 2.097408
v 0.014742 0.007124 2.099327
v 0.013587 0.006998 2.098730
v 0.012490 0.007699 2.098005
v 0.014515 0.007011 2.099193
v 0.013315 0.007068 2.098559
v 0.012313 0.007940 2.097809
v 0.014266 0.006934 2.099048
v 0.013053 0.007182 2.098380
v 0.012172 0.008208 2.097610
v 0.014001 0.006898 2.098893
v 0.012807 0.007337 2.098195
v 0.012071 0.008495 2.097408
v 0.014871 0.007111 2.099327
v 0.013727 0.006906 2.098730
v 0.012585 0.007531 2.098005
v 0.012014 0.008796 2.097205
v 0.014652 0.006982 2.099193
v 0.013451 0.006958 2.098559
v 0.012391 0.007759 2.097809
v 0.014408 0.006889 2.099048
v 0.013182 0.007053 2.098380
v 0.012232 0.008016 2.097610
v 0.014146 0.006835 2.098893
v 0.012926 0.007192 2.098195
v 0.012112 0.008296 2.097408
v 0.013872 0.006824 2.098730
v 0.012691 0.007370 2.098005
v 0.012035 0.008592 2.097205
v 0.014791 0.006963 2.099193
v 0.013594 0.006857 2.098559
v 0.012482 0.007584 2.097809
v 0.014554 0.006853 2.099048
v 0.013319 0.006934 2.098380
v 0.012306 0.007830 2.097610
v 0.014296 0.006782 2.098893
v 0.013054 0.007054 2.098195
v 0.012167 0.008101 2.097408
v 0.014024 0.006752 2.098730
v 0.012807 0.007216 2.098005
v 0.012070 0.008391 2.097205
v 0.014930 0.006954 2.099193
v 0.013744 0.006766 2.098559
v 0.012584 0.007416 2.097809
v 0.014701 0.006828 2.099048
v 0.013464 0.006824 2.098380
v 0.012392 0.007649 2.097610
v 0.014449 0.006739 2.098893
v 0.013192 0.006926 2.098195
v 0.012235 0.007910 2.097408
v 0.014179 0.006691 2.098730
v 0.012934 0.007071 2.098005
v 0.012118 0.008192 2.097205
v 0.013899 0.006685 2.098559
v 0.012698 0.007255 2.097809
v 0.014850 0.006813 2.099048
v 0.013616 0.006724 2.098380
v 0.012490 0.007474 2.097610
v 0.014605 0.006707 2.098893
v 0.013337 0.006807 2.098195
v 0.012316 0.007724 2.097408
v 0.014339 0.006640 2.098730
v 0.013071 0.006934 2.098005
v 0.012180 0.007998 2.097205
v 0.014060 0.006615 2.098559
v 0.012823 0.007102 2.097809
v 0.013775 0.006635 2.098380
v 0.012600 0.007306 2.097610
v 0.014762 0.006685 2.098893
v 0.013491 0.006699 2.098195
v 0.012409 0.007543 2.097408
v 0.014501 0.006600 2.098730
v 0.013216 0.006807 2.098005
v 0.012255 0.007808 2.097205
v 0.014225 0.006557 2.098559
v 0.012957 0.006957 2.097809
v 0.013939 0.006557 2.098380
v 0.012722 0.007146 2.097610
v 0.014921 0.006674 2.098893
v 0.013651 0.006602 2.098195
v 0.012515 0.007370 2.097408
v 0.014666 0.006572 2.098730
v 0.013370 0.006691 2.098005
v 0.012343 0.007623 2.097205
v 0.014393 0.006510 2.098559
v 0.013102 0.006823 2.097809
v 0.014108 0.006490 2.098380
v 0.012853 0.006995 2.097610
v 0.013818 0.006515 2.098195
v 0.012632 0.007204 2.097408
v 0.014833 0.006555 2.098730
v 0.013531 0.006585 2.098005
v 0.012443 0.007445 2.097205
v 0.014564 0.006474 2.098559
v 0.013255 0.006698 2.097809
v 0.014281 0.006435 2.098380
v 0.012995 0.006853 2.097610
v 0.013991 0.006440 2.098195
v 0.012760 0.007047 2.097408
v 0.013699 0.006490 2.098005
v 0.012555 0.007274 2.097205
v 0.014738 0.006450 2.098559
v 0.013416 0.006584 2.097809
v 0.014458 0.006392 2.098380
v 0.013146 0.006722 2.097610
v 0.014168 0.006377 2.098195
v 0.012898 0.006898 2.097408
v 0.013874 0.006407 2.098005
v 0.012678 0.007111 2.097205
v 0.014912 0.006438 2.098559
v 0.013584 0.006482 2.097809
v 0.014637 0.006361 2.098380
v 0.013306 0.006600 2.097610
v 0.014349 0.006327 2.098195
v 0.013047 0.006760 2.097408
v 0.014053 0.006336 2.098005
v 0.012813 0.006957 2.097205
v 0.013759 0.006391 2.097809
v 0.014818 0.006343 2.098380
v 0.013474 0.006490 2.097610
v 0.014532 0.006288 2.098195
v 0.013204 0.006632 2.097408
v 0.014237 0.006278 2.098005
v 0.012957 0.006813 2.097205
v 0.013940 0.006313 2.097809
v 0.013649 0.006392 2.097610
v 0.014719 0.006263 2.098195
v 0.013370 0.006515 2.097408
v 0.014425 0.006232 2.098005
v 0.013111 0.006678 2.097205
v 0.014126 0.006247 2.097809
v 0.013830 0.006306 2.097610
v 0.014906 0.006250 2.098195
v 0.013543 0.006409 2.097408
v 0.014615 0.006200 2.098005
v 0.013274 0.006555 2.097205
v 0.014316 0.006193 2.097809
v 0.014016 0.006232 2.097610
v 0.013724 0.006316 2.097408
v 0.014807 0.006180 2.098005
v 0.013445 0.006443 2.097205
v 0.014509 0.006153 2.097809
v 0.014208 0.006172 2.097610
v 0.013910 0.006235 2.097408
v 0.013623 0.006343 2.097205
v 0.014705 0.006126 2.097809
v 0.014402 0.006124 2.097610
v 0.014101 0.006167 2.097408
v 0.013808 0.006255 2.097205
v 0.014901 0.006113 2.097809
v 0.014600 0.006090 2.097610
v 0.014296 0.006112 2.097408
v 0.013998 0.006180 2.097205
v 0.014800 0.006070 2.097610
v 0.014495 0.006071 2.097408
v 0.014192 0.006118 2.097205
v 0.014696 0.006044 2.097408
v 0.014391 0.006070 2.097205
v 0.014899 0.006030 2.097408
v 0.014592 0.006035 2.097205
v 0.014796 0.006014 2.097205
v 0.015000 0.006000 0.023000
v 0.015000 0.006000 2.097000
v 0.869000 0.006000 2.097000
v 0.869000 0.006000 0.023000
v 0.357000 0.006000 1.832500
v 0.527000 0.006000 1.832500
v 0.357000 0.006000 1.637500
v 0.352140 0.006000 1.637621
v 0.347292 0.006000 1.637984
v 0.342468 0.006000 1.638589
v 0.337681 0.006000 1.639433
v 0.332941 0.006000 1.640515
v 0.328261 0.006000 1.641832
v 0.323653 0.006000 1.643380
v 0.319128 0.006000 1.645156
v 0.314696 0.006000 1.647156
v 0.310370 0.006000 1.649373
v 0.306160 0.006000 1.651804
v 0.302076 0.006000 1.654442
v 0.298129 0.006000 1.657280
v 0.294328 0.006000 1.660311
v 0.290683 0.006000 1.663527
v 0.287203 0.006000 1.666922
v 0.283896 0.006000 1.670486
v 0.280771 0.006000 1.674210
v 0.277836 0.006000 1.678085
v 0.275097 0.006000 1.682102
v 0.272563 0.006000 1.686250
v 0.270237 0.006000 1.690519
v 0.268128 0.006000 1.694900
v 0.266240 0.006000 1.699379
v 0.264577 0.006000 1.703948
v 0.263144 0.006000 1.708593
v 0.261945 0.006000 1.713304
v 0.260981 0.006000 1.718069
v 0.260257 0.006000 1.722876
v 0.259773 0.006000 1.727714
v 0.259530 0.006000 1.732569
v 0.259530 0.006000 1.737431
v 0.259773 0.006000 1.742286
v 0.260257 0.006000 1.747124
v 0.260981 0.006000 1.751931
v 0.261945 0.006000 1.756696
v 0.263144 0.006000 1.761407
v 0.264577 0.006000 1.766052
v 0.266240 0.006000 1.770621
v 0.268128 0.006000 1.775100
v 0.270237 0.006000 1.779481
v 0.272563 0.006000 1.783750
v 0.275097 0.006000 1.787898
v 0.277836 0.006000 1.791915
v 0.280771 0.006000 1.795790
v 0.283896 0.006000 1.799514
v 0.287203 0.006000 1.803078
v 0.290683 0.006000 1.806473
v 0.294328 0.006000 1.809689
v 0.298129 0.006000 1.812720
v 0.302076 0.006000 1.815558
v 0.306160 0.006000 1.818196
v 0.310370 0.006000 1.820627
v 0.314696 0.006000 1.822844
v 0.319128 0.006000 1.824844
v 0.323653 0.006000 1.826620
v 0.328261 0.006000 1.828168
v 0.332941 0.006000 1.829485
v 0.337681 0.006000 1.830567
v 0.342468 0.006000 1.831411
v 0.347292 0.006000 1.832016
v 0.352140 0.006000 1.832379
v 0.527000 0.006000 1.637500
v 0.531860 0.006000 1.832379
v 0.536708 0.006000 1.832016
v 0.541532 0.006000 1.831411
v 0.546319 0.006000 1.830567
v 0.551059 0.006000 1.829485
v 0.555739 0.006000 1.828168
v 0.560347 0.006000 1.826620
v 0.564872 0.006000 1.824844
v 0.569304 0.006000 1.822844
v 0.573630 0.006000 1.820627
v 0.577840 0.006000 1.818196
v 0.581924 0.006000 1.815558
v 0.585871 0.006000 1.812720
v 0.589672 0.006000 1.809689
v 0.593317 0.006000 1.806473
v 0.596797 0.006000 1.803078
v 0.600104 0.006000 1.799514
v 0.603229 0.006000 1.795790
v 0.606164 0.006000 1.791915
v 0.608903 0.006000 1.787898
v 0.611437 0.006000 1.783750
v 0.613763 0.006000 1.779481
v 0.615872 0.006000 1.775100
v 0.617760 0.006000 1.770621
v 0.619423 0.006000 1.766052
v 0.620856 0.006000 1.761407
v 0.622055 0.006000 1.756696
v 0.623019 0.006000 1.751931
v 0.623743 0.006000 1.747124
v 0.624227 0.006000 1.742286
v 0.624470 0.006000 1.737431
v 0.624470 0.006000 1.732569
v 0.624227 0.006000 1.727714
v 0.623743 0.006000 1.722876
v 0.623019 0.006000 1.718069
v 0.622055 0.006000 1.713304
v 0.620856 0.006000 1.708593
v 0.619423 0.006000 1.703948
v 0.617760 0.006000 1.699379
v 0.615872 0.006000 1.694900
v 0.613763 0.006000 1.690519
v 0.611437 0.006000 1.686250
v 0.608903 0.006000 1.682102
v 0.606164 0.006000 1.678085
v 0.603229 0.006000 1.674210
v 0.600104 0.006000 1.670486
v 0.596797 0.006000 1.666922
v 0.593317 0.006000 1.663527
v 0.589672 0.006000 1.660311
v 0.585871 0.006000 1.657280
v 0.581924 0.006000 1.654442
v 0.577840 0.006000 1.651804
v 0.573630 0.006000 1.649373
v 0.569304 0.006000 1.647156
v 0.564872 0.006000 1.645156
v 0.560347 0.006000 1.643380
v 0.555739 0.006000 1.641832
v 0.551059 0.006000 1.640515
v 0.546319 0.006000 1.639433
v 0.541532 0.006000 1.638589
v 0.536708 0.006000 1.637984
v 0.531860 0.006000 1.637621
v 0.015000 0.009000 0.020000
v 0.015000 0.048000 0.020000
v 0.869000 0.009000 0.020000
v 0.869000 0.048000 0.020000
v 0.015000 0.048000 0.020000
v 0.014853 0.048000 0.020004
v 0.014706 0.048000 0.020014
v 0.014560 0.048000 0.020032
v 0.014415 0.048000 0.020058
v 0.014271 0.048000 0.020090
v 0.014129 0.048000 0.020129
v 0.013989 0.048000 0.020175
v 0.013852 0.048000 0.020228
v 0.013717 0.048000 0.020288
v 0.013586 0.048000 0.020354
v 0.013458 0.048000 0.020427
v 0.013333 0.048000 0.020506
v 0.013213 0.048000 0.020590
v 0.013097 0.048000 0.020681
v 0.012985 0.048000 0.020777
v 0.012879 0.048000 0.020879
v 0.012777 0.048000 0.020985
v 0.012681 0.048000 0.021097
v 0.012590 0.048000 0.021213
v 0.012506 0.048000 0.021333
v 0.012427 0.048000 0.021458
v 0.012354 0.048000 0.021586
v 0.012288 0.048000 0.021717
v 0.012228 0.048000 0.021852
v 0.012175 0.048000 0.021989
v 0.012129 0.048000 0.022129
v 0.012090 0.048000 0.022271
v 0.012058 0.048000 0.022415
v 0.012032 0.048000 0.022560
v 0.012014 0.048000 0.022706
v 0.012004 0.048000 0.022853
v 0.012000 0.048000 0.023000
v 0.015000 0.048000 0.020000
v 0.015000 0.048147 0.020004
v 0.015000 0.048294 0.020014
v 0.015000 0.048440 0.020032
v 0.015000 0.048585 0.020058
v 0.015000 0.048729 0.020090
v 0.015000 0.048871 0.020129
v 0.015000 0.049011 0.020175
v 0.015000 0.049148 0.020228
v 0.015000 0.049283 0.020288
v 0.015000 0.049414 0.020354
v 0.015000 0.049542 0.020427
v 0.015000 0.049667 0.020506
v 0.015000 0.049787 0.020590
v 0.015000 0.049903 0.020681
v 0.015000 0.050015 0.020777
v 0.015000 0.050121 0.020879
v 0.015000 0.050223 0.020985
v 0.015000 0.050319 0.021097
v 0.015000 0.050410 0.021213
v 0.015000 0.050494 0.021333
v 0.015000 0.050573 0.021458
v 0.015000 0.050646 0.021586
v 0.015000 0.050712 0.021717
v 0.015000 0.050772 0.021852
v 0.015000 0.050825 0.021989
v 0.015000 0.050871 0.022129
v 0.015000 0.050910 0.022271
v 0.015000 0.050942 0.022415
v 0.015000 0.050968 0.022560
v 0.015000 0.050986 0.022706
v 0.015000 0.050996 0.022853
v 0.015000 0.051000 0.023000
v 0.012004 0.048147 0.023000
v 0.012014 0.048294 0.023000
v 0.012032 0.048440 0.023000
v 0.012058 0.048585 0.023000
v 0.012090 0.048729 0.023000
v 0.012129 0.048871 0.023000
v 0.012175 0.049011 0.023000
v 0.012228 0.049148 0.023000
v 0.012288 0.049283 0.023000
v 0.012354 0.049414 0.023000
v 0.012427 0.049542 0.023000
v 0.012506 0.049667 0.023000
v 0.012590 0.049787 0.023000
v 0.012681 0.049903 0.023000
v 0.012777 0.050015 0.023000
v 0.012879 0.050121 0.023000
v 0.012985 0.050223 0.023000
v 0.013097 0.050319 0.023000
v 0.013213 0.050410 0.023000
v 0.013333 0.050494 0.023000
v 0.013458 0.050573 0.023000
v 0.013586 0.050646 0.023000
v 0.013717 0.050712 0.023000
v 0.013852 0.050772 0.023000
v 0.013989 0.050825 0.023000
v 0.014129 0.050871 0.023000
v 0.014271 0.050910 0.023000
v 0.014415 0.050942 0.023000
v 0.014560 0.050968 0.023000
v 0.014706 0.050986 0.023000
v 0.014853 0.050996 0.023000
v 0.014795 0.048007 0.020007
v 0.014796 0.048021 0.020007
v 0.014798 0.048035 0.020007
v 0.014592 0.048028 0.020028
v 0.014801 0.048048 0.020007
v 0.014595 0.048056 0.020028
v 0.014390 0.048021 0.020063
v 0.014805 0.048062 0.020007
v 0.014600 0.048083 0.020028
v 0.014393 0.048062 0.020063
v 0.014810 0.048075 0.020007
v 0.014607 0.048110 0.020028
v 0.014399 0.048104 0.020063
v 0.014192 0.048055 0.020111
v 0.014815 0.048088 0.020007
v 0.014615 0.048137 0.020028
v 0.014407 0.048145 0.020063
v 0.014198 0.048110 0.020111
v 0.014822 0.048100 0.020007
v 0.013996 0.048034 0.020173
v 0.014625 0.048163 0.020028
v 0.014418 0.048185 0.020063
v 0.014208 0.048165 0.020111
v 0.014829 0.048112 0.020007
v 0.014001 0.048103 0.020173
v 0.014637 0.048188 0.020028
v 0.014432 0.048224 0.020063
v 0.014221 0.048218 0.020111
v 0.014837 0.048124 0.020007
v 0.014010 0.048171 0.020173
v 0.014651 0.048212 0.020028
v 0.013808 0.048082 0.020248
v 0.014449 0.048262 0.020063
v 0.014237 0.048271 0.020111
v 0.014846 0.048135 0.020007
v 0.014024 0.048238 0.020173
v 0.014666 0.048236 0.020028
v 0.013816 0.048163 0.020248
v 0.014468 0.048299 0.020063
v 0.013621 0.048047 0.020336
v 0.014258 0.048322 0.020111
v 0.014855 0.048145 0.020007
v 0.014042 0.048304 0.020173
v 0.014683 0.048258 0.020028
v 0.013830 0.048243 0.020248
v 0.014490 0.048335 0.020063
v 0.013627 0.048141 0.020336
v 0.014281 0.048372 0.020111
v 0.014865 0.048154 0.020007
v 0.014065 0.048369 0.020173
v 0.014701 0.048279 0.020028
v 0.013849 0.048322 0.020248
v 0.014514 0.048369 0.020063
v 0.013640 0.048235 0.020336
v 0.014308 0.048421 0.020111
v 0.013445 0.048106 0.020437
v 0.014876 0.048163 0.020007
v 0.014093 0.048431 0.020173
v 0.014721 0.048299 0.020028
v 0.013874 0.048400 0.020248
v 0.014540 0.048401 0.020063
v 0.013659 0.048327 0.020336
v 0.014339 0.048467 0.020111
v 0.013456 0.048212 0.020437
v 0.014888 0.048171 0.020007
v 0.014124 0.048492 0.020173
v 0.013271 0.048059 0.020549
v 0.014742 0.048317 0.020028
v 0.013904 0.048476 0.020248
v 0.014568 0.048432 0.020063
v 0.013684 0.048418 0.020336
v 0.014372 0.048511 0.020111
v 0.013474 0.048317 0.020437
v 0.014900 0.048178 0.020007
v 0.014160 0.048551 0.020173
v 0.013279 0.048177 0.020549
v 0.014764 0.048334 0.020028
v 0.013939 0.048550 0.020248
v 0.014599 0.048460 0.020063
v 0.013716 0.048506 0.020336
v 0.014408 0.048552 0.020111
v 0.013499 0.048421 0.020437
v 0.014912 0.048185 0.020007
v 0.014199 0.048607 0.020173
v 0.013295 0.048294 0.020549
v 0.014788 0.048349 0.020028
v 0.013979 0.048621 0.020248
v 0.013111 0.048129 0.020673
v 0.014631 0.048486 0.020063
v 0.013754 0.048593 0.020336
v 0.014448 0.048592 0.020111
v 0.013531 0.048522 0.020437
v 0.014925 0.048190 0.020007
v 0.014243 0.048660 0.020173
v 0.013319 0.048410 0.020549
v 0.014812 0.048363 0.020028
v 0.014024 0.048689 0.020248
v 0.013124 0.048258 0.020673
v 0.014665 0.048510 0.020063
v 0.013797 0.048676 0.020336
v 0.012954 0.048070 0.020807
v 0.014489 0.048628 0.020111
v 0.013570 0.048621 0.020437
v 0.014938 0.048195 0.020007
v 0.014290 0.048710 0.020173
v 0.013351 0.048523 0.020549
v 0.014837 0.048375 0.020028
v 0.014073 0.048754 0.020248
v 0.013146 0.048385 0.020673
v 0.014701 0.048532 0.020063
v 0.013846 0.048757 0.020336
v 0.012963 0.048209 0.020807
v 0.014533 0.048661 0.020111
v 0.013616 0.048717 0.020437
v 0.014952 0.048199 0.020007
v 0.014340 0.048757 0.020173
v 0.013391 0.048635 0.020549
v 0.014863 0.048385 0.020028
v 0.014127 0.048816 0.020248
v 0.013177 0.048511 0.020673
v 0.014738 0.048551 0.020063
v 0.013900 0.048834 0.020336
v 0.012982 0.048348 0.020807
v 0.014579 0.048692 0.020111
v 0.013668 0.048810 0.020437
v 0.012813 0.048150 0.020952
v 0.014965 0.048202 0.020007
v 0.014393 0.048801 0.020173
v 0.013438 0.048743 0.020549
v 0.014890 0.048393 0.020028
v 0.014184 0.048873 0.020248
v 0.013216 0.048634 0.020673
v 0.014776 0.048568 0.020063
v 0.013960 0.048907 0.020336
v 0.013011 0.048485 0.020807
v 0.014628 0.048719 0.020111
v 0.013727 0.048899 0.020437
v 0.012828 0.048299 0.020952
v 0.014979 0.048204 0.020007
v 0.014449 0.048840 0.020173
v 0.013492 0.048848 0.020549
v 0.012674 0.048079 0.021107
v 0.014917 0.048400 0.020028
v 0.014246 0.048927 0.020248
v 0.013263 0.048754 0.020673
v 0.014815 0.048582 0.020063
v 0.014024 0.048976 0.020336
v 0.013048 0.048619 0.020807
v 0.014678 0.048742 0.020111
v 0.013791 0.048984 0.020437
v 0.012853 0.048446 0.020952
v 0.014993 0.048205 0.020007
v 0.014508 0.048876 0.020173
v 0.013553 0.048949 0.020549
v 0.012685 0.048238 0.021107
v 0.014944 0.048405 0.020028
v 0.014311 0.048976 0.020248
v 0.013319 0.048871 0.020673
v 0.014855 0.048593 0.020063
v 0.014093 0.049040 0.020336
v 0.013095 0.048751 0.020807
v 0.014729 0.048763 0.020111
v 0.013861 0.049064 0.020437
v 0.012889 0.048592 0.020952
v 0.014569 0.048907 0.020173
v 0.013621 0.049045 0.020549
v 0.012707 0.048395 0.021107
v 0.014972 0.048408 0.020028
v 0.014379 0.049021 0.020248
v 0.013382 0.048984 0.020673
v 0.012555 0.048167 0.021270
v 0.014896 0.048601 0.020063
v 0.014166 0.049100 0.020336
v 0.013151 0.048879 0.020807
v 0.014782 0.048779 0.020111
v 0.013936 0.049139 0.020437
v 0.012934 0.048734 0.020952
v 0.014631 0.048935 0.020173
v 0.013696 0.049137 0.020549
v 0.012739 0.048551 0.021107
v 0.014450 0.049061 0.020248
v 0.013453 0.049092 0.020673
v 0.012572 0.048334 0.021270
v 0.014938 0.048607 0.020063
v 0.014243 0.049154 0.020336
v 0.013215 0.049004 0.020807
v 0.012438 0.048088 0.021441
v 0.014835 0.048792 0.020111
v 0.014016 0.049209 0.020437
v 0.012989 0.048873 0.020952
v 0.014696 0.048958 0.020173
v 0.013777 0.049223 0.020549
v 0.012782 0.048704 0.021107
v 0.014524 0.049096 0.020248
v 0.013531 0.049195 0.020673
v 0.012600 0.048499 0.021270
v 0.014979 0.048610 0.020063
v 0.014324 0.049203 0.020336
v 0.013288 0.049123 0.020807
v 0.012450 0.048262 0.021441
v 0.014890 0.048802 0.020111
v 0.014101 0.049273 0.020437
v 0.013053 0.049009 0.020952
v 0.014762 0.048976 0.020173
v 0.013863 0.049304 0.020549
v 0.012835 0.048854 0.021107
v 0.014600 0.049126 0.020248
v 0.013616 0.049292 0.020673
v 0.012640 0.048661 0.021270
v 0.014407 0.049246 0.020336
v 0.013368 0.049237 0.020807
v 0.012474 0.048436 0.021441
v 0.014945 0.048808 0.020111
v 0.014190 0.049332 0.020437
v 0.013127 0.049139 0.020952
v 0.012343 0.048182 0.021620
v 0.014829 0.048990 0.020173
v 0.013955 0.049379 0.020549
v 0.012898 0.048999 0.021107
v 0.014678 0.049151 0.020248
v 0.013708 0.049384 0.020673
v 0.012691 0.048821 0.021270
v 0.014494 0.049284 0.020336
v 0.013457 0.049346 0.020807
v 0.012510 0.048607 0.021441
v 0.014283 0.049384 0.020437
v 0.013209 0.049264 0.020952
v 0.012361 0.048363 0.021620
v 0.014897 0.048999 0.020173
v 0.014051 0.049447 0.020549
v 0.012972 0.049141 0.021107
v 0.012250 0.048094 0.021805
v 0.014757 0.049170 0.020248
v 0.013805 0.049469 0.020673
v 0.012752 0.048976 0.021270
v 0.014582 0.049316 0.020336
v 0.013552 0.049448 0.020807
v 0.012557 0.048775 0.021441
v 0.014379 0.049430 0.020437
v 0.013299 0.049384 0.020952
v 0.012392 0.048542 0.021620
v 0.014966 0.049004 0.020173
v 0.014152 0.049508 0.020549
v 0.013054 0.049276 0.021107
v 0.012263 0.048281 0.021805
v 0.014837 0.049184 0.020248
v 0.013908 0.049547 0.020673
v 0.012824 0.049128 0.021270
v 0.014673 0.049341 0.020336
v 0.013654 0.049543 0.020807
v 0.012615 0.048940 0.021441
v 0.014478 0.049469 0.020437
v 0.013398 0.049497 0.020952
v 0.012435 0.048719 0.021620
v 0.014257 0.049562 0.020549
v 0.013146 0.049406 0.021107
v 0.012288 0.048468 0.021805
v 0.014918 0.049192 0.020248
v 0.014016 0.049618 0.020673
v 0.012906 0.049273 0.021270
v 0.012180 0.048193 0.021995
v 0.014765 0.049360 0.020336
v 0.013763 0.049632 0.020807
v 0.012685 0.049101 0.021441
v 0.014579 0.049501 0.020437
v 0.013503 0.049602 0.020952
v 0.012490 0.048892 0.021620
v 0.014365 0.049609 0.020549
v 0.013246 0.049529 0.021107
v 0.012327 0.048651 0.021805
v 0.014129 0.049681 0.020673
v 0.012998 0.049413 0.021270
v 0.012200 0.048385 0.021995
v 0.014859 0.049373 0.020336
v 0.013877 0.049712 0.020807
v 0.012766 0.049256 0.021441
v 0.012113 0.048099 0.022191
v 0.014683 0.049526 0.020437
v 0.013616 0.049701 0.020952
v 0.012557 0.049061 0.021620
v 0.014477 0.049649 0.020549
v 0.013354 0.049646 0.021107
v 0.012377 0.048832 0.021805
v 0.014246 0.049737 0.020673
v 0.013099 0.049547 0.021270
v 0.012232 0.048575 0.021995
v 0.014953 0.049379 0.020336
v 0.013996 0.049785 0.020807
v 0.012857 0.049406 0.021441
v 0.012126 0.048295 0.022191
v 0.014788 0.049544 0.020437
v 0.013736 0.049791 0.020952
v 0.012635 0.049225 0.021620
v 0.014590 0.049681 0.020549
v 0.013471 0.049754 0.021107
v 0.012440 0.049009 0.021805
v 0.014366 0.049784 0.020673
v 0.013209 0.049673 0.021270
v 0.012278 0.048763 0.021995
v 0.014121 0.049849 0.020807
v 0.012958 0.049549 0.021441
v 0.012153 0.048491 0.022191
v 0.014894 0.049555 0.020437
v 0.013861 0.049873 0.020952
v 0.012724 0.049384 0.021620
v 0.012070 0.048200 0.022390
v 0.014706 0.049705 0.020549
v 0.013594 0.049854 0.021107
v 0.012515 0.049182 0.021805
v 0.014489 0.049823 0.020673
v 0.013327 0.049791 0.021270
v 0.012336 0.048947 0.021995
v 0.014249 0.049905 0.020807
v 0.013068 0.049685 0.021441
v 0.012193 0.048684 0.022191
v 0.013991 0.049947 0.020952
v 0.012824 0.049536 0.021620
v 0.012090 0.048400 0.022390
v 0.014823 0.049721 0.020549
v 0.013724 0.049946 0.021107
v 0.012602 0.049349 0.021805
v 0.012030 0.048101 0.022592
v 0.014615 0.049854 0.020673
v 0.013453 0.049901 0.021270
v 0.012407 0.049126 0.021995
v 0.014381 0.049952 0.020807
v 0.013188 0.049812 0.021441
v 0.012247 0.048874 0.022191
v 0.014127 0.050011 0.020952
v 0.012934 0.049681 0.021620
v 0.012124 0.048598 0.022390
v 0.014941 0.049729 0.020549
v 0.013859 0.050028 0.021107
v 0.012699 0.049509 0.021805
v 0.012044 0.048304 0.022592
v 0.014742 0.049876 0.020673
v 0.013587 0.050002 0.021270
v 0.012490 0.049301 0.021995
v 0.014515 0.049989 0.020807
v 0.013315 0.049932 0.021441
v 0.012313 0.049060 0.022191
v 0.014266 0.050066 0.020952
v 0.013053 0.049818 0.021620
v 0.012172 0.048792 0.022390
v 0.014001 0.050102 0.021107
v 0.012807 0.049663 0.021805
v 0.012071 0.048505 0.022592
v 0.014871 0.049889 0.020673
v 0.013727 0.050094 0.021270
v 0.012585 0.049469 0.021995
v 0.012014 0.048204 0.022795
v 0.014652 0.050018 0.020807
v 0.013451 0.050042 0.021441
v 0.012391 0.049241 0.022191
v 0.014408 0.050111 0.020952
v 0.013182 0.049947 0.021620
v 0.012232 0.048984 0.022390
v 0.014146 0.050165 0.021107
v 0.012926 0.049808 0.021805
v 0.012112 0.048704 0.022592
v 0.013872 0.050176 0.021270
v 0.012691 0.049630 0.021995
v 0.012035 0.048408 0.022795
v 0.014791 0.050037 0.020807
v 0.013594 0.050143 0.021441
v 0.012482 0.049416 0.022191
v 0.014554 0.050147 0.020952
v 0.013319 0.050066 0.021620
v 0.012306 0.049170 0.022390
v 0.014296 0.050218 0.021107
v 0.013054 0.049946 0.021805
v 0.012167 0.048899 0.022592
v 0.014024 0.050248 0.021270
v 0.012807 0.049784 0.021995
v 0.012070 0.048609 0.022795
v 0.014930 0.050046 0.020807
v 0.013744 0.050234 0.021441
v 0.012584 0.049584 0.022191
v 0.014701 0.050172 0.020952
v 0.013464 0.050176 0.021620
v 0.012392 0.049351 0.022390
v 0.014449 0.050261 0.021107
v 0.013192 0.050074 0.021805
v 0.012235 0.049090 0.022592
v 0.014179 0.050309 0.021270
v 0.012934 0.049929 0.021995
v 0.012118 0.048808 0.022795
v 0.013899 0.050315 0.021441
v 0.012698 0.049745 0.022191
v 0.014850 0.050187 0.020952
v 0.013616 0.050276 0.021620
v 0.012490 0.049526 0.022390
v 0.014605 0.050293 0.021107
v 0.013337 0.050193 0.021805
v 0.012316 0.049276 0.022592
v 0.014339 0.050360 0.021270
v 0.013071 0.050066 0.021995
v 0.012180 0.049002 0.022795
v 0.014060 0.050385 0.021441
v 0.012823 0.049898 0.022191
v 0.013775 0.050365 0.021620
v 0.012600 0.049694 0.022390
v 0.014762 0.050315 0.021107
v 0.013491 0.050301 0.021805
v 0.012409 0.049457 0.022592
v 0.014501 0.050400 0.021270
v 0.013216 0.050193 0.021995
v 0.012255 0.049192 0.022795
v 0.014225 0.050443 0.021441
v 0.012957 0.050043 0.022191
v 0.013939 0.050443 0.021620
v 0.012722 0.049854 0.022390
v 0.014921 0.050326 0.021107
v 0.013651 0.050398 0.021805
v 0.012515 0.049630 0.022592
v 0.014666 0.050428 0.021270
v 0.013370 0.050309 0.021995
v 0.012343 0.049377 0.022795
v 0.014393 0.050490 0.021441
v 0.013102 0.050177 0.022191
v 0.014108 0.050510 0.021620
v 0.012853 0.050005 0.022390
v 0.013818 0.050485 0.021805
v 0.012632 0.049796 0.022592
v 0.014833 0.050445 0.021270
v 0.013531 0.050415 0.021995
v 0.012443 0.049555 0.022795
v 0.014564 0.050526 0.021441
v 0.013255 0.050302 0.022191
v 0.014281 0.050565 0.021620
v 0.012995 0.050147 0.022390
v 0.013991 0.050560 0.021805
v 0.012760 0.049953 0.022592
v 0.013699 0.050510 0.021995
v 0.012555 0.049726 0.022795
v 0.014738 0.050550 0.021441
v 0.013416 0.050416 0.022191
v 0.014458 0.050608 0.021620
v 0.013146 0.050278 0.022390
v 0.014168 0.050623 0.021805
v 0.012898 0.050102 0.022592
v 0.013874 0.050593 0.021995
v 0.012678 0.049889 0.022795
v 0.014912 0.050562 0.021441
v 0.013584 0.050518 0.022191
v 0.014637 0.050639 0.021620
v 0.013306 0.050400 0.022390
v 0.014349 0.050673 0.021805
v 0.013047 0.050240 0.022592
v 0.014053 0.050664 0.021995
v 0.012813 0.050043 0.022795
v 0.013759 0.050609 0.022191
v 0.014818 0.050657 0.021620
v 0.013474 0.050510 0.022390
v 0.014532 0.050712 0.021805
v 0.013204 0.050368 0.022592
v 0.014237 0.050722 0.021995
v 0.012957 0.050187 0.022795
v 0.013940 0.050687 0.022191
v 0.013649 0.050608 0.022390
v 0.014719 0.050737 0.021805
v 0.013370 0.050485 0.022592
v 0.014425 0.050768 0.021995
v 0.013111 0.050322 0.022795
v 0.014126 0.050753 0.022191
v 0.013830 0.050694 0.022390
v 0.014906 0.050750 0.021805
v 0.013543 0.050591 0.022592
v 0.014615 0.050800 0.021995
v 0.013274 0.050445 0.022795
v 0.014316 0.050807 0.022191
v 0.014016 0.050768 0.022390
v 0.013724 0.050684 0.022592
v 0.014807 0.050820 0.021995
v 0.013445 0.050557 0.022795
v 0.014509 0.050847 0.022191
v 0.014208 0.050828 0.022390
v 0.013910 0.050765 0.022592
v 0.013623 0.050657 0.022795
v 0.014705 0.050874 0.022191
v 0.014402 0.050876 0.022390
v 0.014101 0.050833 0.022592
v 0.013808 0.050745 0.022795
v 0.014901 0.050887 0.022191
v 0.014600 0.050910 0.022390
v 0.014296 0.050888 0.022592
v 0.013998 0.050820 0.022795
v 0.014800 0.050930 0.022390
v 0.014495 0.050929 0.022592
v 0.014192 0.050882 0.022795
v 0.014696 0.050956 0.022592
v 0.014391 0.050930 0.022795
v 0.014899 0.050970 0.022592
v 0.014592 0.050965 0.022795
v 0.014796 0.050986 0.022795
v 0.015000 0.009000 2.100000
v 0.015000 0.048000 2.100000
v 0.869000 0.009000 2.100000
v 0.869000 0.048000 2.100000
v 0.015000 0.051000 2.097000
v 0.014853 0.050996 2.097000
v 0.014706 0.050986 2.097000
v 0.014560 0.050968 2.097000
v 0.014415 0.050942 2.097000
v 0.014271 0.050910 2.097000
v 0.014129 0.050871 2.097000
v 0.013989 0.050825 2.097000
v 0.013852 0.050772 2.097000
v 0.013717 0.050712 2.097000
v 0.013586 0.050646 2.097000
v 0.013458 0.050573 2.097000
v 0.013333 0.050494 2.097000
v 0.013213 0.050410 2.097000
v 0.013097 0.050319 2.097000
v 0.012985 0.050223 2.097000
v 0.012879 0.050121 2.097000
v 0.012777 0.050015 2.097000
v 0.012681 0.049903 2.097000
v 0.012590 0.049787 2.097000
v 0.012506 0.049667 2.097000
v 0.012427 0.049542 2.097000
v 0.012354 0.049414 2.097000
v 0.012288 0.049283 2.097000
v 0.012228 0.049148 2.097000
v 0.012175 0.049011 2.097000
v 0.012129 0.048871 2.097000
v 0.012090 0.048729 2.097000
v 0.012058 0.048585 2.097000
v 0.012032 0.048440 2.097000
v 0.012014 0.048294 2.097000
v 0.012004 0.048147 2.097000
v 0.012000 0.048000 2.097000
v 0.015000 0.051000 2.097000
v 0.015000 0.050996 2.097147
v 0.015000 0.050986 2.097294
v 0.015000 0.050968 2.097440
v 0.015000 0.050942 2.097585
v 0.015000 0.050910 2.097729
v 0.015000 0.050871 2.097871
v 0.015000 0.050825 2.098011
v 0.015000 0.050772 2.098148
v 0.015000 0.050712 2.098283
v 0.015000 0.050646 2.098414
v 0.015000 0.050573 2.098542
v 0.015000 0.050494 2.098667
v 0.015000 0.050410 2.098787
v 0.015000 0.050319 2.098903
v 0.015000 0.050223 2.099015
v 0.015000 0.050121 2.099121
v 0.015000 0.050015 2.099223
v 0.015000 0.049903 2.099319
v 0.015000 0.049787 2.099410
v 0.015000 0.049667 2.099494
v 0.015000 0.049542 2.099573
v 0.015000 0.049414 2.099646
v 0.015000 0.049283 2.099712
v 0.015000 0.049148 2.099772
v 0.015000 0.049011 2.099825
v 0.015000 0.048871 2.099871
v 0.015000 0.048729 2.099910
v 0.015000 0.048585 2.099942
v 0.015000 0.048440 2.099968
v 0.015000 0.048294 2.099986
v 0.015000 0.048147 2.099996
v 0.015000 0.048000 2.100000
v 0.012004 0.048000 2.097147
v 0.012014 0.048000 2.097294
v 0.012032 0.048000 2.097440
v 0.012058 0.048000 2.097585
v 0.012090 0.048000 2.097729
v 0.012129 0.048000 2.097871
v 0.012175 0.048000 2.098011
v 0.012228 0.048000 2.098148
v 0.012288 0.048000 2.098283
v 0.012354 0.048000 2.098414
v 0.012427 0.048000 2.098542
v 0.012506 0.048000 2.098667
v 0.012590 0.048000 2.098787
v 0.012681 0.048000 2.098903
v 0.012777 0.048000 2.099015
v 0.012879 0.048000 2.099121
v 0.012985 0.048000 2.099223
v 0.013097 0.048000 2.099319
v 0.013213 0.048000 2.099410
v 0.013333 0.048000 2.099494
v 0.013458 0.048000 2.099573
v 0.013586 0.048000 2.099646
v 0.013717 0.048000 2.099712
v 0.013852 0.048000 2.099772
v 0.013989 0.048000 2.099825
v 0.014129 0.048000 2.099871
v 0.014271 0.048000 2.099910
v 0.014415 0.048000 2.099942
v 0.014560 0.048000 2.099968
v 0.014706 0.048000 2.099986
v 0.014853 0.048000 2.099996
v 0.014795 0.050993 2.097007
v 0.014796 0.050993 2.097021
v 0.014798 0.050993 2.097035
v 0.014592 0.050972 2.097028
v 0.014801 0.050993 2.097048
v 0.014595 0.050972 2.097056
v 0.014390 0.050937 2.097021
v 0.014805 0.050993 2.097062
v 0.014600 0.050972 2.097083
v 0.014393 0.050937 2.097062
v 0.014810 0.050993 2.097075
v 0.014607 0.050972 2.097110
v 0.014399 0.050937 2.097104
v 0.014192 0.050889 2.097055
v 0.014815 0.050993 2.097088
v 0.014615 0.050972 2.097137
v 0.014407 0.050937 2.097145
v 0.014198 0.050889 2.097110
v 0.014822 0.050993 2.097100
v 0.013996 0.050827 2.097034
v 0.014625 0.050972 2.097163
v 0.014418 0.050937 2.097185
v 0.014208 0.050889 2.097165
v 0.014829 0.050993 2.097112
v 0.014001 0.050827 2.097103
v 0.014637 0.050972 2.097188
v 0.014432 0.050937 2.097224
v 0.014221 0.050889 2.097218
v 0.014837 0.050993 2.097124
v 0.014010 0.050827 2.097171
v 0.014651 0.050972 2.097212
v 0.013808 0.050752 2.097082
v 0.014449 0.050937 2.097262
v 0.014237 0.050889 2.097271
v 0.014846 0.050993 2.097135
v 0.014024 0.050827 2.097238
v 0.014666 0.050972 2.097236
v 0.013816 0.050752 2.097163
v 0.014468 0.050937 2.097299
v 0.013621 0.050664 2.097047
v 0.014258 0.050889 2.097322
v 0.014855 0.050993 2.097145
v 0.014042 0.050827 2.097304
v 0.014683 0.050972 2.097258
v 0.013830 0.050752 2.097243
v 0.014490 0.050937 2.097335
v 0.013627 0.050664 2.097141
v 0.014281 0.050889 2.097372
v 0.014865 0.050993 2.097154
v 0.014065 0.050827 2.097369
v 0.014701 0.050972 2.097279
v 0.013849 0.050752 2.097322
v 0.014514 0.050937 2.097369
v 0.013640 0.050664 2.097235
v 0.014308 0.050889 2.097421
v 0.013445 0.050563 2.097106
v 0.014876 0.050993 2.097163
v 0.014093 0.050827 2.097431
v 0.014721 0.050972 2.097299
v 0.013874 0.050752 2.097400
v 0.014540 0.050937 2.097401
v 0.013659 0.050664 2.097327
v 0.014339 0.050889 2.097467
v 0.013456 0.050563 2.097212
v 0.014888 0.050993 2.097171
v 0.014124 0.050827 2.097492
v 0.013271 0.050451 2.097059
v 0.014742 0.050972 2.097317
v 0.013904 0.050752 2.097476
v 0.014568 0.050937 2.097432
v 0.013684 0.050664 2.097418
v 0.014372 0.050889 2.097511
v 0.013474 0.050563 2.097317
v 0.014900 0.050993 2.097178
v 0.014160 0.050827 2.097551
v 0.013279 0.050451 2.097177
v 0.014764 0.050972 2.097334
v 0.013939 0.050752 2.097550
v 0.014599 0.050937 2.097460
v 0.013716 0.050664 2.097506
v 0.014408 0.050889 2.097552
v 0.013499 0.050563 2.097421
v 0.014912 0.050993 2.097185
v 0.014199 0.050827 2.097607
v 0.013295 0.050451 2.097294
v 0.014788 0.050972 2.097349
v 0.013979 0.050752 2.097621
v 0.013111 0.050327 2.097129
v 0.014631 0.050937 2.097486
v 0.013754 0.050664 2.097593
v 0.014448 0.050889 2.097592
v 0.013531 0.050563 2.097522
v 0.014925 0.050993 2.097190
v 0.014243 0.050827 2.097660
v 0.013319 0.050451 2.097410
v 0.014812 0.050972 2.097363
v 0.014024 0.050752 2.097689
v 0.013124 0.050327 2.097258
v 0.014665 0.050937 2.097510
v 0.013797 0.050664 2.097676
v 0.012954 0.050193 2.097070
v 0.014489 0.050889 2.097628
v 0.013570 0.050563 2.097621
v 0.014938 0.050993 2.097195
v 0.014290 0.050827 2.097710
v 0.013351 0.050451 2.097523
v 0.014837 0.050972 2.097375
v 0.014073 0.050752 2.097754
v 0.013146 0.050327 2.097385
v 0.014701 0.050937 2.097532
v 0.013846 0.050664 2.097757
v 0.012963 0.050193 2.097209
v 0.014533 0.050889 2.097661
v 0.013616 0.050563 2.097717
v 0.014952 0.050993 2.097199
v 0.014340 0.050827 2.097757
v 0.013391 0.050451 2.097635
v 0.014863 0.050972 2.097385
v 0.014127 0.050752 2.097816
v 0.013177 0.050327 2.097511
v 0.014738 0.050937 2.097551
v 0.013900 0.050664 2.097834
v 0.012982 0.050193 2.097348
v 0.014579 0.050889 2.097692
v 0.013668 0.050563 2.097810
v 0.012813 0.050048 2.097150
v 0.014965 0.050993 2.097202
v 0.014393 0.050827 2.097801
v 0.013438 0.050451 2.097743
v 0.014890 0.050972 2.097393
v 0.014184 0.050752 2.097873
v 0.013216 0.050327 2.097634
v 0.014776 0.050937 2.097568
v 0.013960 0.050664 2.097907
v 0.013011 0.050193 2.097485
v 0.014628 0.050889 2.097719
v 0.013727 0.050563 2.097899
v 0.012828 0.050048 2.097299
v 0.014979 0.050993 2.097204
v 0.014449 0.050827 2.097840
v 0.013492 0.050451 2.097848
v 0.012674 0.049893 2.097079
v 0.014917 0.050972 2.097400
v 0.014246 0.050752 2.097927
v 0.013263 0.050327 2.097754
v 0.014815 0.050937 2.097582
v 0.014024 0.050664 2.097976
v 0.013048 0.050193 2.097619
v 0.014678 0.050889 2.097742
v 0.013791 0.050563 2.097984
v 0.012853 0.050048 2.097446
v 0.014993 0.050993 2.097205
v 0.014508 0.050827 2.097876
v 0.013553 0.050451 2.097949
v 0.012685 0.049893 2.097238
v 0.014944 0.050972 2.097405
v 0.014311 0.050752 2.097976
v 0.013319 0.050327 2.097871
v 0.014855 0.050937 2.097593
v 0.014093 0.050664 2.098040
v 0.013095 0.050193 2.097751
v 0.014729 0.050889 2.097763
v 0.013861 0.050563 2.098064
v 0.012889 0.050048 2.097592
v 0.014569 0.050827 2.097907
v 0.013621 0.050451 2.098045
v 0.012707 0.049893 2.097395
v 0.014972 0.050972 2.097408
v 0.014379 0.050752 2.098021
v 0.013382 0.050327 2.097984
v 0.012555 0.049730 2.097167
v 0.014896 0.050937 2.097601
v 0.014166 0.050664 2.098100
v 0.013151 0.050193 2.097879
v 0.014782 0.050889 2.097779
v 0.013936 0.050563 2.098139
v 0.012934 0.050048 2.097734
v 0.014631 0.050827 2.097935
v 0.013696 0.050451 2.098137
v 0.012739 0.049893 2.097551
v 0.014450 0.050752 2.098061
v 0.013453 0.050327 2.098092
v 0.012572 0.049730 2.097334
v 0.014938 0.050937 2.097607
v 0.014243 0.050664 2.098154
v 0.013215 0.050193 2.098004
v 0.012438 0.049559 2.097088
v 0.014835 0.050889 2.097792
v 0.014016 0.050563 2.098209
v 0.012989 0.050048 2.097873
v 0.014696 0.050827 2.097958
v 0.013777 0.050451 2.098223
v 0.012782 0.049893 2.097704
v 0.014524 0.050752 2.098096
v 0.013531 0.050327 2.098195
v 0.012600 0.049730 2.097499
v 0.014979 0.050937 2.097610
v 0.014324 0.050664 2.098203
v 0.013288 0.050193 2.098123
v 0.012450 0.049559 2.097262
v 0.014890 0.050889 2.097802
v 0.014101 0.050563 2.098273
v 0.013053 0.050048 2.098009
v 0.014762 0.050827 2.097976
v 0.013863 0.050451 2.098304
v 0.012835 0.049893 2.097854
v 0.014600 0.050752 2.098126
v 0.013616 0.050327 2.098292
v 0.012640 0.049730 2.097661
v 0.014407 0.050664 2.098246
v 0.013368 0.050193 2.098237
v 0.012474 0.049559 2.097436
v 0.014945 0.050889 2.097808
v 0.014190 0.050563 2.098332
v 0.013127 0.050048 2.098139
v 0.012343 0.049380 2.097182
v 0.014829 0.050827 2.097990
v 0.013955 0.050451 2.098379
v 0.012898 0.049893 2.097999
v 0.014678 0.050752 2.098151
v 0.013708 0.050327 2.098384
v 0.012691 0.049730 2.097821
v 0.014494 0.050664 2.098284
v 0.013457 0.050193 2.098346
v 0.012510 0.049559 2.097607
v 0.014283 0.050563 2.098384
v 0.013209 0.050048 2.098264
v 0.012361 0.049380 2.097363
v 0.014897 0.050827 2.097999
v 0.014051 0.050451 2.098447
v 0.012972 0.049893 2.098141
v 0.012250 0.049195 2.097094
v 0.014757 0.050752 2.098170
v 0.013805 0.050327 2.098469
v 0.012752 0.049730 2.097976
v 0.014582 0.050664 2.098316
v 0.013552 0.050193 2.098448
v 0.012557 0.049559 2.097775
v 0.014379 0.050563 2.098430
v 0.013299 0.050048 2.098384
v 0.012392 0.049380 2.097542
v 0.014966 0.050827 2.098004
v 0.014152 0.050451 2.098508
v 0.013054 0.049893 2.098276
v 0.012263 0.049195 2.097281
v 0.014837 0.050752 2.098184
v 0.013908 0.050327 2.098547
v 0.012824 0.049730 2.098128
v 0.014673 0.050664 2.098341
v 0.013654 0.050193 2.098543
v 0.012615 0.049559 2.097940
v 0.014478 0.050563 2.098469
v 0.013398 0.050048 2.098497
v 0.012435 0.049380 2.097719
v 0.014257 0.050451 2.098562
v 0.013146 0.049893 2.098406
v 0.012288 0.049195 2.097468
v 0.014918 0.050752 2.098192
v 0.014016 0.050327 2.098618
v 0.012906 0.049730 2.098273
v 0.012180 0.049005 2.097193
v 0.014765 0.050664 2.098360
v 0.013763 0.050193 2.098632
v 0.012685 0.049559 2.098101
v 0.014579 0.050563 2.098501
v 0.013503 0.050048 2.098602
v 0.012490 0.049380 2.097892
v 0.014365 0.050451 2.098609
v 0.013246 0.049893 2.098529
v 0.012327 0.049195 2.097651
v 0.014129 0.050327 2.098681
v 0.012998 0.049730 2.098413
v 0.012200 0.049005 2.097385
v 0.014859 0.050664 2.098373
v 0.013877 0.050193 2.098712
v 0.012766 0.049559 2.098256
v 0.012113 0.048809 2.097099
v 0.014683 0.050563 2.098526
v 0.013616 0.050048 2.098701
v 0.012557 0.049380 2.098061
v 0.014477 0.050451 2.098649
v 0.013354 0.049893 2.098646
v 0.012377 0.049195 2.097832
v 0.014246 0.050327 2.098737
v 0.013099 0.049730 2.098547
v 0.012232 0.049005 2.097575
v 0.014953 0.050664 2.098379
v 0.013996 0.050193 2.098785
v 0.012857 0.049559 2.098406
v 0.012126 0.048809 2.097295
v 0.014788 0.050563 2.098544
v 0.013736 0.050048 2.098791
v 0.012635 0.049380 2.098225
v 0.014590 0.050451 2.098681
v 0.013471 0.049893 2.098754
v 0.012440 0.049195 2.098009
v 0.014366 0.050327 2.098784
v 0.013209 0.049730 2.098673
v 0.012278 0.049005 2.097763
v 0.014121 0.050193 2.098849
v 0.012958 0.049559 2.098549
v 0.012153 0.048809 2.097491
v 0.014894 0.050563 2.098555
v 0.013861 0.050048 2.098873
v 0.012724 0.049380 2.098384
v 0.012070 0.048610 2.097200
v 0.014706 0.050451 2.098705
v 0.013594 0.049893 2.098854
v 0.012515 0.049195 2.098182
v 0.014489 0.050327 2.098823
v 0.013327 0.049730 2.098791
v 0.012336 0.049005 2.097947
v 0.014249 0.050193 2.098905
v 0.013068 0.049559 2.098685
v 0.012193 0.048809 2.097684
v 0.013991 0.050048 2.098947
v 0.012824 0.049380 2.098536
v 0.012090 0.048610 2.097400
v 0.014823 0.050451 2.098721
v 0.013724 0.049893 2.098946
v 0.012602 0.049195 2.098349
v 0.012030 0.048408 2.097101
v 0.014615 0.050327 2.098854
v 0.013453 0.049730 2.098901
v 0.012407 0.049005 2.098126
v 0.014381 0.050193 2.098952
v 0.013188 0.049559 2.098812
v 0.012247 0.048809 2.097874
v 0.014127 0.050048 2.099011
v 0.012934 0.049380 2.098681
v 0.012124 0.048610 2.097598
v 0.014941 0.050451 2.098729
v 0.013859 0.049893 2.099028
v 0.012699 0.049195 2.098509
v 0.012044 0.048408 2.097304
v 0.014742 0.050327 2.098876
v 0.013587 0.049730 2.099002
v 0.012490 0.049005 2.098301
v 0.014515 0.050193 2.098989
v 0.013315 0.049559 2.098932
v 0.012313 0.048809 2.098060
v 0.014266 0.050048 2.099066
v 0.013053 0.049380 2.098818
v 0.012172 0.048610 2.097792
v 0.014001 0.049893 2.099102
v 0.012807 0.049195 2.098663
v 0.012071 0.048408 2.097505
v 0.014871 0.050327 2.098889
v 0.013727 0.049730 2.099094
v 0.012585 0.049005 2.098469
v 0.012014 0.048205 2.097204
v 0.014652 0.050193 2.099018
v 0.013451 0.049559 2.099042
v 0.012391 0.048809 2.098241
v 0.014408 0.050048 2.099111
v 0.013182 0.049380 2.098947
v 0.012232 0.048610 2.097984
v 0.014146 0.049893 2.099165
v 0.012926 0.049195 2.098808
v 0.012112 0.048408 2.097704
v 0.013872 0.049730 2.099176
v 0.012691 0.049005 2.098630
v 0.012035 0.048205 2.097408
v 0.014791 0.050193 2.099037
v 0.013594 0.049559 2.099143
v 0.012482 0.048809 2.098416
v 0.014554 0.050048 2.099147
v 0.013319 0.049380 2.099066
v 0.012306 0.048610 2.098170
v 0.014296 0.049893 2.099218
v 0.013054 0.049195 2.098946
v 0.012167 0.048408 2.097899
v 0.014024 0.049730 2.099248
v 0.012807 0.049005 2.098784
v 0.012070 0.048205 2.097609
v 0.014930 0.050193 2.099046
v 0.013744 0.049559 2.099234
v 0.012584 0.048809 2.098584
v 0.014701 0.050048 2.099172
v 0.013464 0.049380 2.099176
v 0.012392 0.048610 2.098351
v 0.014449 0.049893 2.099261
v 0.013192 0.049195 2.099074
v 0.012235 0.048408 2.098090
v 0.014179 0.049730 2.099309
v 0.012934 0.049005 2.098929
v 0.012118 0.048205 2.097808
v 0.013899 0.049559 2.099315
v 0.012698 0.048809 2.098745
v 0.014850 0.050048 2.099187
v 0.013616 0.049380 2.099276
v 0.012490 0.048610 2.098526
v 0.014605 0.049893 2.099293
v 0.013337 0.049195 2.099193
v 0.012316 0.048408 2.098276
v 0.014339 0.049730 2.099360
v 0.013071 0.049005 2.099066
v 0.012180 0.048205 2.098002
v 0.014060 0.049559 2.099385
v 0.012823 0.048809 2.098898
v 0.013775 0.049380 2.099365
v 0.012600 0.048610 2.098694
v 0.014762 0.049893 2.099315
v 0.013491 0.049195 2.099301
v 0.012409 0.048408 2.098457
v 0.014501 0.049730 2.099400
v 0.013216 0.049005 2.099193
v 0.012255 0.048205 2.098192
v 0.014225 0.049559 2.099443
v 0.012957 0.048809 2.099043
v 0.013939 0.049380 2.099443
v 0.012722 0.048610 2.098854
v 0.014921 0.049893 2.099326
v 0.013651 0.049195 2.099398
v 0.012515 0.048408 2.098630
v 0.014666 0.049730 2.099428
v 0.013370 0.049005 2.099309
v 0.012343 0.048205 2.098377
v 0.014393 0.049559 2.099490
v 0.013102 0.048809 2.099177
v 0.014108 0.049380 2.099510
v 0.012853 0.048610 2.099005
v 0.013818 0.049195 2.099485
v 0.012632 0.048408 2.098796
v 0.014833 0.049730 2.099445
v 0.013531 0.049005 2.099415
v 0.012443 0.048205 2.098555
v 0.014564 0.049559 2.099526
v 0.013255 0.048809 2.099302
v 0.014281 0.049380 2.099565
v 0.012995 0.048610 2.099147
v 0.013991 0.049195 2.099560
v 0.012760 0.048408 2.098953
v 0.013699 0.049005 2.099510
v 0.012555 0.048205 2.098726
v 0.014738 0.049559 2.099550
v 0.013416 0.048809 2.099416
v 0.014458 0.049380 2.099608
v 0.013146 0.048610 2.099278
v 0.014168 0.049195 2.099623
v 0.012898 0.048408 2.099102
v 0.013874 0.049005 2.099593
v 0.012678 0.048205 2.098889
v 0.014912 0.049559 2.099562
v 0.013584 0.048809 2.099518
v 0.014637 0.049380 2.099639
v 0.013306 0.048610 2.099400
v 0.014349 0.049195 2.099673
v 0.013047 0.048408 2.099240
v 0.014053 0.049005 2.099664
v 0.012813 0.048205 2.099043
v 0.013759 0.048809 2.099609
v 0.014818 0.049380 2.099657
v 0.013474 0.048610 2.099510
v 0.014532 0.049195 2.099712
v 0.013204 0.048408 2.099368
v 0.014237 0.049005 2.099722
v 0.012957 0.048205 2.099187
v 0.013940 0.048809 2.099687
v 0.013649 0.048610 2.099608
v 0.014719 0.049195 2.099737
v 0.013370 0.048408 2.099485
v 0.014425 0.049005 2.099768
v 0.013111 0.048205 2.099322
v 0.014126 0.048809 2.099753
v 0.013830 0.048610 2.099694
v 0.014906 0.049195 2.099750
v 0.013543 0.048408 2.099591
v 0.014615 0.049005 2.099800
v 0.013274 0.048205 2.099445
v 0.014316 0.048809 2.099807
v 0.014016 0.048610 2.099768
v 0.013724 0.048408 2.099684
v 0.014807 0.049005 2.099820
v 0.013445 0.048205 2.099557
v 0.014509 0.048809 2.099847
v 0.014208 0.048610 2.099828
v 0.013910 0.048408 2.099765
v 0.013623 0.048205 2.099657
v 0.014705 0.048809 2.099874
v 0.014402 0.048610 2.099876
v 0.014101 0.048408 2.099833
v 0.013808 0.048205 2.099745
v 0.014901 0.048809 2.099887
v 0.014600 0.048610 2.099910
v 0.014296 0.048408 2.099888
v 0.013998 0.048205 2.099820
v 0.014800 0.048610 2.099930
v 0.014495 0.048408 2.099929
v 0.014192 0.048205 2.099882
v 0.014696 0.048408 2.099956
v 0.014391 0.048205 2.099930
v 0.014899 0.048408 2.099970
v 0.014592 0.048205 2.099965
v 0.014796 0.048205 2.099986
v 0.015000 0.051000 0.023000
v 0.015000 0.051000 2.097000
v 0.869000 0.051000 2.097000
v 0.869000 0.051000 0.023000
v 0.357000 0.051000 1.832500
v 0.527000 0.051000 1.832500
v 0.357000 0.051000 1.637500
v 0.352140 0.051000 1.637621
v 0.347292 0.051000 1.637984
v 0.342468 0.051000 1.638589
v 0.337681 0.051000 1.639433
v 0.332941 0.051000 1.640515
v 0.328261 0.051000 1.641832
v 0.323653 0.051000 1.643380
v 0.319128 0.051000 1.645156
v 0.314696 0.051000 1.647156
v 0.310370 0.051000 1.649373
v 0.306160 0.051000 1.651804
v 0.302076 0.051000 1.654442
v 0.298129 0.051000 1.657280
v 0.294328 0.051000 1.660311
v 0.290683 0.051000 1.663527
v 0.287203 0.051000 1.666922
v 0.283896 0.051000 1.670486
v 0.280771 0.051000 1.674210
v 0.277836 0.051000 1.678085
v 0.275097 0.051000 1.682102
v 0.272563 0.051000 1.686250
v 0.270237 0.051000 1.690519
v 0.268128 0.051000 1.694900
v 0.266240 0.051000 1.699379
v 0.264577 0.051000 1.703948
v 0.263144 0.051000 1.708593
v 0.261945 0.051000 1.713304
v 0.260981 0.051000 1.718069
v 0.260257 0.051000 1.722876
v 0.259773 0.051000 1.727714
v 0.259530 0.051000 1.732569
v 0.259530 0.051000 1.737431
v 0.259773 0.051000 1.742286
v 0.260257 0.051000 1.747124
v 0.260981 0.051000 1.751931
v 0.261945 0.051000 1.756696
v 0.263144 0.051000 1.761407
v 0.264577 0.051000 1.766052
v 0.266240 0.051000 1.770621
v 0.268128 0.051000 1.775100
v 0.270237 0.051000 1.779481
v 0.272563 0.051000 1.783750
v 0.275097 0.051000 1.787898
v 0.277836 0.051000 1.791915
v 0.280771 0.051000 1.795790
v 0.283896 0.051000 1.799514
v 0.287203 0.051000 1.803078
v 0.290683 0.051000 1.806473
v 0.294328 0.051000 1.809689
v 0.298129 0.051000 1.812720
v 0.302076 0.051000 1.815558
v 0.306160 0.051000 1.818196
v 0.310370 0.051000 1.820627
v 0.314696 0.051000 1.822844
v 0.319128 0.051000 1.824844
v 0.323653 0.051000 1.826620
v 0.328261 0.051000 1.828168
v 0.332941 0.051000 1.829485
v 0.337681 0.051000 1.830567
v 0.342468 0.051000 1.831411
v 0.347292 0.051000 1.832016
v 0.352140 0.051000 1.832379
v 0.527000 0.051000 1.637500
v 0.531860 0.051000 1.832379
v 0.536708 0.051000 1.832016
v 0.541532 0.051000 1.831411
v 0.546319 0.051000 1.830567
v 0.551059 0.051000 1.829485
v 0.555739 0.051000 1.828168
v 0.560347 0.051000 1.826620
v 0.564872 0.051000 1.824844
v 0.569304 0.051000 1.822844
v 0.573630 0.051000 1.820627
v 0.577840 0.051000 1.818196
v 0.581924 0.051000 1.815558
v 0.585871 0.051000 1.812720
v 0.589672 0.051000 1.809689
v 0.593317 0.051000 1.806473
v 0.596797 0.051000 1.803078
v 0.600104 0.051000 1.799514
v 0.603229 0.051000 1.795790
v 0.606164 0.051000 1.791915
v 0.608903 0.051000 1.787898
v 0.611437 0.051000 1.783750
v 0.613763 0.051000 1.779481
v 0.615872 0.051000 1.775100
v 0.617760 0.051000 1.770621
v 0.619423 0.051000 1.766052
v 0.620856 0.051000 1.761407
v 0.622055 0.051000 1.756696
v 0.623019 0.051000 1.751931
v 0.623743 0.051000 1.747124
v 0.624227 0.051000 1.742286
v 0.624470 0.051000 1.737431
v 0.624470 0.051000 1.732569
v 0.624227 0.051000 1.727714
v 0.623743 0.051000 1.722876
v 0.623019 0.051000 1.718069
v 0.622055 0.051000 1.713304
v 0.620856 0.051000 1.708593
v 0.619423 0.051000 1.703948
v 0.617760 0.051000 1.699379
v 0.615872 0.051000 1.694900
v 0.613763 0.051000 1.690519
v 0.611437 0.051000 1.686250
v 0.608903 0.051000 1.682102
v 0.606164 0.051000 1.678085
v 0.603229 0.051000 1.674210
v 0.600104 0.051000 1.670486
v 0.596797 0.051000 1.666922
v 0.593317 0.051000 1.663527
v 0.589672 0.051000 1.660311
v 0.585871 0.051000 1.657280
v 0.581924 0.051000 1.654442
v 0.577840 0.051000 1.651804
v 0.573630 0.051000 1.649373
v 0.569304 0.051000 1.647156
v 0.564872 0.051000 1.645156
v 0.560347 0.051000 1.643380
v 0.555739 0.051000 1.641832
v 0.551059 0.051000 1.640515
v 0.546319 0.051000 1.639433
v 0.541532 0.051000 1.638589
v 0.536708 0.051000 1.637984
v 0.531860 0.051000 1.637621
v 0.015000 0.009000 0.020000
v 0.015000 0.008853 0.020004
v 0.015000 0.008706 0.020014
v 0.015000 0.008560 0.020032
v 0.015000 0.008415 0.020058
v 0.015000 0.008271 0.020090
v 0.015000 0.008129 0.020129
v 0.015000 0.007989 0.020175
v 0.015000 0.007852 0.020228
v 0.015000 0.007717 0.020288
v 0.015000 0.007586 0.020354
v 0.015000 0.007458 0.020427
v 0.015000 0.007333 0.020506
v 0.015000 0.007213 0.020590
v 0.015000 0.007097 0.020681
v 0.015000 0.006985 0.020777
v 0.015000 0.006879 0.020879
v 0.015000 0.006777 0.020985
v 0.015000 0.006681 0.021097
v 0.015000 0.006590 0.021213
v 0.015000 0.006506 0.021333
v 0.015000 0.006427 0.021458
v 0.015000 0.006354 0.021586
v 0.015000 0.006288 0.021717
v 0.015000 0.006228 0.021852
v 0.015000 0.006175 0.021989
v 0.015000 0.006129 0.022129
v 0.015000 0.006090 0.022271
v 0.015000 0.006058 0.022415
v 0.015000 0.006032 0.022560
v 0.015000 0.006014 0.022706
v 0.015000 0.006004 0.022853
v 0.015000 0.006000 0.023000
v 0.869000 0.009000 0.020000
v 0.869000 0.008853 0.020004
v 0.869000 0.008706 0.020014
v 0.869000 0.008560 0.020032
v 0.869000 0.008415 0.020058
v 0.869000 0.008271 0.020090
v 0.869000 0.008129 0.020129
v 0.869000 0.007989 0.020175
v 0.869000 0.007852 0.020228
v 0.869000 0.007717 0.020288
v 0.869000 0.007586 0.020354
v 0.869000 0.007458 0.020427
v 0.869000 0.007333 0.020506
v 0.869000 0.007213 0.020590
v 0.869000 0.007097 0.020681
v 0.869000 0.006985 0.020777
v 0.869000 0.006879 0.020879
v 0.869000 0.006777 0.020985
v 0.869000 0.006681 0.021097
v 0.869000 0.006590 0.021213
v 0.869000 0.006506 0.021333
v 0.869000 0.006427 0.021458
v 0.869000 0.006354 0.021586
v 0.869000 0.006288 0.021717
v 0.869000 0.006228 0.021852
v 0.869000 0.006175 0.021989
v 0.869000 0.006129 0.022129
v 0.869000 0.006090 0.022271
v 0.869000 0.006058 0.022415
v 0.869000 0.006032 0.022560
v 0.869000 0.006014 0.022706
v 0.869000 0.006004 0.022853
v 0.869000 0.006000 0.023000
v 0.015000 0.009000 2.100000
v 0.015000 0.008853 2.099996
v 0.015000 0.008706 2.099986
v 0.015000 0.008560 2.099968
v 0.015000 0.008415 2.099942
v 0.015000 0.008271 2.099910
v 0.015000 0.008129 2.099871
v 0.015000 0.007989 2.099825
v 0.015000 0.007852 2.099772
v 0.015000 0.007717 2.099712
v 0.015000 0.007586 2.099646
v 0.015000 0.007458 2.099573
v 0.015000 0.007333 2.099494
v 0.015000 0.007213 2.099410
v 0.015000 0.007097 2.099319
v 0.015000 0.006985 2.099223
v 0.015000 0.006879 2.099121
v 0.015000 0.006777 2.099015
v 0.015000 0.006681 2.098903
v 0.015000 0.006590 2.098787
v 0.015000 0.006506 2.098667
v 0.015000 0.006427 2.098542
v 0.015000 0.006354 2.098414
v 0.015000 0.006288 2.098283
v 0.015000 0.006228 2.098148
v 0.015000 0.006175 2.098011
v 0.015000 0.006129 2.097871
v 0.015000 0.006090 2.097729
v 0.015000 0.006058 2.097585
v 0.015000 0.006032 2.097440
v 0.015000 0.006014 2.097294
v 0.015000 0.006004 2.097147
v 0.015000 0.006000 2.097000
v 0.869000 0.009000 2.100000
v 0.869000 0.008853 2.099996
v 0.869000 0.008706 2.099986
v 0.869000 0.008560 2.099968
v 0.869000 0.008415 2.099942
v 0.869000 0.008271 2.099910
v 0.869000 0.008129 2.099871
v 0.869000 0.007989 2.099825
v 0.869000 0.007852 2.099772
v 0.869000 0.007717 2.099712
v 0.869000 0.007586 2.099646
v 0.869000 0.007458 2.099573
v 0.869000 0.007333 2.099494
v 0.869000 0.007213 2.099410
v 0.869000 0.007097 2.099319
v 0.869000 0.006985 2.099223
v 0.869000 0.006879 2.099121
v 0.869000 0.006777 2.099015
v 0.869000 0.006681 2.098903
v 0.869000 0.006590 2.098787
v 0.869000 0.006506 2.098667
v 0.869000 0.006427 2.098542
v 0.869000 0.006354 2.098414
v 0.869000 0.006288 2.098283
v 0.869000 0.006228 2.098148
v 0.869000 0.006175 2.098011
v 0.869000 0.006129 2.097871
v 0.869000 0.006090 2.097729
v 0.869000 0.006058 2.097585
v 0.869000 0.006032 2.097440
v 0.869000 0.006014 2.097294
v 0.869000 0.006004 2.097147
v 0.869000 0.006000 2.097000
v 0.872000 0.009000 0.023000
v 0.872000 0.009000 2.097000
v 0.871996 0.008853 0.023000
v 0.871986 0.008706 0.023000
v 0.871968 0.008560 0.023000
v 0.871942 0.008415 0.023000
v 0.871910 0.008271 0.023000
v 0.871871 0.008129 0.023000
v 0.871825 0.007989 0.023000
v 0.871772 0.007852 0.023000
v 0.871712 0.007717 0.023000
v 0.871646 0.007586 0.023000
v 0.871573 0.007458 0.023000
v 0.871494 0.007333 0.023000
v 0.871410 0.007213 0.023000
v 0.871319 0.007097 0.023000
v 0.871223 0.006985 0.023000
v 0.871121 0.006879 0.023000
v 0.871015 0.006777 0.023000
v 0.870903 0.006681 0.023000
v 0.870787 0.006590 0.023000
v 0.870667 0.006506 0.023000
v 0.870542 0.006427 0.023000
v 0.870414 0.006354 0.023000
v 0.870283 0.006288 0.023000
v 0.870148 0.006228 0.023000
v 0.870011 0.006175 0.023000
v 0.869871 0.006129 0.023000
v 0.869729 0.006090 0.023000
v 0.869585 0.006058 0.023000
v 0.869440 0.006032 0.023000
v 0.869294 0.006014 0.023000
v 0.869147 0.006004 0.023000
v 0.869000 0.006000 0.023000
v 0.869000 0.006000 2.097000
v 0.871996 0.008853 2.097000
v 0.871986 0.008706 2.097000
v 0.871968 0.008560 2.097000
v 0.871942 0.008415 2.097000
v 0.871910 0.008271 2.097000
v 0.871871 0.008129 2.097000
v 0.871825 0.007989 2.097000
v 0.871772 0.007852 2.097000
v 0.871712 0.007717 2.097000
v 0.871646 0.007586 2.097000
v 0.871573 0.007458 2.097000
v 0.871494 0.007333 2.097000
v 0.871410 0.007213 2.097000
v 0.871319 0.007097 2.097000
v 0.871223 0.006985 2.097000
v 0.871121 0.006879 2.097000
v 0.871015 0.006777 2.097000
v 0.870903 0.006681 2.097000
v 0.870787 0.006590 2.097000
v 0.870667 0.006506 2.097000
v 0.870542 0.006427 2.097000
v 0.870414 0.006354 2.097000
v 0.870283 0.006288 2.097000
v 0.870148 0.006228 2.097000
v 0.870011 0.006175 2.097000
v 0.869871 0.006129 2.097000
v 0.869729 0.006090 2.097000
v 0.869585 0.006058 2.097000
v 0.869440 0.006032 2.097000
v 0.869294 0.006014 2.097000
v 0.869147 0.006004 2.097000
v 0.357000 0.051000 1.832500
v 0.357000 0.006000 1.832500
v 0.527000 0.006000 1.832500
v 0.527000 0.051000 1.832500
v 0.527000 0.006000 1.832500
v 0.527000 0.051000 1.832500
v 0.531860 0.006000 1.832379
v 0.536708 0.006000 1.832016
v 0.541532 0.006000 1.831411
v 0.546319 0.006000 1.830567
v 0.551059 0.006000 1.829485
v 0.555739 0.006000 1.828168
v 0.560347 0.006000 1.826620
v 0.564872 0.006000 1.824844
v 0.569304 0.006000 1.822844
v 0.573630 0.006000 1.820627
v 0.577840 0.006000 1.818196
v 0.581924 0.006000 1.815558
v 0.585871 0.006000 1.812720
v 0.589672 0.006000 1.809689
v 0.593317 0.006000 1.806473
v 0.596797 0.006000 1.803078
v 0.600104 0.006000 1.799514
v 0.603229 0.006000 1.795790
v 0.606164 0.006000 1.791915
v 0.608903 0.006000 1.787898
v 0.611437 0.006000 1.783750
v 0.613763 0.006000 1.779481
v 0.615872 0.006000 1.775100
v 0.617760 0.006000 1.770621
v 0.619423 0.006000 1.766052
v 0.620856 0.006000 1.761407
v 0.622055 0.006000 1.756696
v 0.623019 0.006000 1.751931
v 0.623743 0.006000 1.747124
v 0.624227 0.006000 1.742286
v 0.624470 0.006000 1.737431
v 0.624470 0.006000 1.732569
v 0.624227 0.006000 1.727714
v 0.623743 0.006000 1.722876
v 0.623019 0.006000 1.718069
v 0.622055 0.006000 1.713304
v 0.620856 0.006000 1.708593
v 0.619423 0.006000 1.703948
v 0.617760 0.006000 1.699379
v 0.615872 0.006000 1.694900
v 0.613763 0.006000 1.690519
v 0.611437 0.006000 1.686250
v 0.608903 0.006000 1.682102
v 0.606164 0.006000 1.678085
v 0.603229 0.006000 1.674210
v 0.600104 0.006000 1.670486
v 0.596797 0.006000 1.666922
v 0.593317 0.006000 1.663527
v 0.589672 0.006000 1.660311
v 0.585871 0.006000 1.657280
v 0.581924 0.006000 1.654442
v 0.577840 0.006000 1.651804
v 0.573630 0.006000 1.649373
v 0.569304 0.006000 1.647156
v 0.564872 0.006000 1.645156
v 0.560347 0.006000 1.643380
v 0.555739 0.006000 1.641832
v 0.551059 0.006000 1.640515
v 0.546319 0.006000 1.639433
v 0.541532 0.006000 1.638589
v 0.536708 0.006000 1.637984
v 0.531860 0.006000 1.637621
v 0.527000 0.006000 1.637500
v 0.527000 0.051000 1.637500
v 0.531860 0.051000 1.832379
v 0.536708 0.051000 1.832016
v 0.541532 0.051000 1.831411
v 0.546319 0.051000 1.830567
v 0.551059 0.051000 1.829485
v 0.555739 0.051000 1.828168
v 0.560347 0.051000 1.826620
v 0.564872 0.051000 1.824844
v 0.569304 0.051000 1.822844
v 0.573630 0.051000 1.820627
v 0.577840 0.051000 1.818196
v 0.581924 0.051000 1.815558
v 0.585871 0.051000 1.812720
v 0.589672 0.051000 1.809689
v 0.593317 0.051000 1.806473
v 0.596797 0.051000 1.803078
v 0.600104 0.051000 1.799514
v 0.603229 0.051000 1.795790
v 0.606164 0.051000 1.791915
v 0.608903 0.051000 1.787898
v 0.611437 0.051000 1.783750
v 0.613763 0.051000 1.779481
v 0.615872 0.051000 1.775100
v 0.617760 0.051000 1.770621
v 0.619423 0.051000 1.766052
v 0.620856 0.051000 1.761407
v 0.622055 0.051000 1.756696
v 0.623019 0.051000 1.751931
v 0.623743 0.051000 1.747124
v 0.624227 0.051000 1.742286
v 0.624470 0.051000 1.737431
v 0.624470 0.051000 1.732569
v 0.624227 0.051000 1.727714
v 0.623743 0.051000 1.722876
v 0.623019 0.051000 1.718069
v 0.622055 0.051000 1.713304
v 0.620856 0.051000 1.708593
v 0.619423 0.051000 1.703948
v 0.617760 0.051000 1.699379
v 0.615872 0.051000 1.694900
v 0.613763 0.051000 1.690519
v 0.611437 0.051000 1.686250
v 0.608903 0.051000 1.682102
v 0.606164 0.051000 1.678085
v 0.603229 0.051000 1.674210
v 0.600104 0.051000 1.670486
v 0.596797 0.051000 1.666922
v 0.593317 0.051000 1.663527
v 0.589672 0.051000 1.660311
v 0.585871 0.051000 1.657280
v 0.581924 0.051000 1.654442
v 0.577840 0.051000 1.651804
v 0.573630 0.051000 1.649373
v 0.569304 0.051000 1.647156
v 0.564872 0.051000 1.645156
v 0.560347 0.051000 1.643380
v 0.555739 0.051000 1.641832
v 0.551059 0.051000 1.640515
v 0.546319 0.051000 1.639433
v 0.541532 0.051000 1.638589
v 0.536708 0.051000 1.637984
v 0.531860 0.051000 1.637621
v 0.527000 0.006000 1.637500
v 0.527000 0.051000 1.637500
v 0.357000 0.006000 1.637500
v 0.357000 0.051000 1.637500
v 0.357000 0.051000 1.637500
v 0.357000 0.006000 1.637500
v 0.352140 0.006000 1.637621
v 0.347292 0.006000 1.637984
v 0.342468 0.006000 1.638589
v 0.337681 0.006000 1.639433
v 0.332941 0.006000 1.640515
v 0.328261 0.006000 1.641832
v 0.323653 0.006000 1.643380
v 0.319128 0.006000 1.645156
v 0.314696 0.006000 1.647156
v 0.310370 0.006000 1.649373
v 0.306160 0.006000 1.651804
v 0.302076 0.006000 1.654442
v 0.298129 0.006000 1.657280
v 0.294328 0.006000 1.660311
v 0.290683 0.006000 1.663527
v 0.287203 0.006000 1.666922
v 0.283896 0.006000 1.670486
v 0.280771 0.006000 1.674210
v 0.277836 0.006000 1.678085
v 0.275097 0.006000 1.682102
v 0.272563 0.006000 1.686250
v 0.270237 0.006000 1.690519
v 0.268128 0.006000 1.694900
v 0.266240 0.006000 1.699379
v 0.264577 0.006000 1.703948
v 0.263144 0.006000 1.708593
v 0.261945 0.006000 1.713304
v 0.260981 0.006000 1.718069
v 0.260257 0.006000 1.722876
v 0.259773 0.006000 1.727714
v 0.259530 0.006000 1.732569
v 0.259530 0.006000 1.737431
v 0.259773 0.006000 1.742286
v 0.260257 0.006000 1.747124
v 0.260981 0.006000 1.751931
v 0.261945 0.006000 1.756696
v 0.263144 0.006000 1.761407
v 0.264577 0.006000 1.766052
v 0.266240 0.006000 1.770621
v 0.268128 0.006000 1.775100
v 0.270237 0.006000 1.779481
v 0.272563 0.006000 1.783750
v 0.275097 0.006000 1.787898
v 0.277836 0.006000 1.791915
v 0.280771 0.006000 1.795790
v 0.283896 0.006000 1.799514
v 0.287203 0.006000 1.803078
v 0.290683 0.006000 1.806473
v 0.294328 0.006000 1.809689
v 0.298129 0.006000 1.812720
v 0.302076 0.006000 1.815558
v 0.306160 0.006000 1.818196
v 0.310370 0.006000 1.820627
v 0.314696 0.006000 1.822844
v 0.319128 0.006000 1.824844
v 0.323653 0.006000 1.826620
v 0.328261 0.006000 1.828168
v 0.332941 0.006000 1.829485
v 0.337681 0.006000 1.830567
v 0.342468 0.006000 1.831411
v 0.347292 0.006000 1.832016
v 0.352140 0.006000 1.832379
v 0.357000 0.006000 1.832500
v 0.357000 0.051000 1.832500
v 0.352140 0.051000 1.637621
v 0.347292 0.051000 1.637984
v 0.342468 0.051000 1.638589
v 0.337681 0.051000 1.639433
v 0.332941 0.051000 1.640515
v 0.328261 0.051000 1.641832
v 0.323653 0.051000 1.643380
v 0.319128 0.051000 1.645156
v 0.314696 0.051000 1.647156
v 0.310370 0.051000 1.649373
v 0.306160 0.051000 1.651804
v 0.302076 0.051000 1.654442
v 0.298129 0.051000 1.657280
v 0.294328 0.051000 1.660311
v 0.290683 0.051000 1.663527
v 0.287203 0.051000 1.666922
v 0.283896 0.051000 1.670486
v 0.280771 0.051000 1.674210
v 0.277836 0.051000 1.678085
v 0.275097 0.051000 1.682102
v 0.272563 0.051000 1.686250
v 0.270237 0.051000 1.690519
v 0.268128 0.051000 1.694900
v 0.266240 0.051000 1.699379
v 0.264577 0.051000 1.703948
v 0.263144 0.051000 1.708593
v 0.261945 0.051000 1.713304
v 0.260981 0.051000 1.718069
v 0.260257 0.051000 1.722876
v 0.259773 0.051000 1.727714
v 0.259530 0.051000 1.732569
v 0.259530 0.051000 1.737431
v 0.259773 0.051000 1.742286
v 0.260257 0.051000 1.747124
v 0.260981 0.051000 1.751931
v 0.261945 0.051000 1.756696
v 0.263144 0.051000 1.761407
v 0.264577 0.051000 1.766052
v 0.266240 0.051000 1.770621
v 0.268128 0.051000 1.775100
v 0.270237 0.051000 1.779481
v 0.272563 0.051000 1.783750
v 0.275097 0.051000 1.787898
v 0.277836 0.051000 1.791915
v 0.280771 0.051000 1.795790
v 0.283896 0.051000 1.799514
v 0.287203 0.051000 1.803078
v 0.290683 0.051000 1.806473
v 0.294328 0.051000 1.809689
v 0.298129 0.051000 1.812720
v 0.302076 0.051000 1.815558
v 0.306160 0.051000 1.818196
v 0.310370 0.051000 1.820627
v 0.314696 0.051000 1.822844
v 0.319128 0.051000 1.824844
v 0.323653 0.051000 1.826620
v 0.328261 0.051000 1.828168
v 0.332941 0.051000 1.829485
v 0.337681 0.051000 1.830567
v 0.342468 0.051000 1.831411
v 0.347292 0.051000 1.832016
v 0.352140 0.051000 1.832379
v 0.015000 0.048000 0.020000
v 0.015000 0.048147 0.020004
v 0.015000 0.048294 0.020014
v 0.015000 0.048440 0.020032
v 0.015000 0.048585 0.020058
v 0.015000 0.048729 0.020090
v 0.015000 0.048871 0.020129
v 0.015000 0.049011 0.020175
v 0.015000 0.049148 0.020228
v 0.015000 0.049283 0.020288
v 0.015000 0.049414 0.020354
v 0.015000 0.049542 0.020427
v 0.015000 0.049667 0.020506
v 0.015000 0.049787 0.020590
v 0.015000 0.049903 0.020681
v 0.015000 0.050015 0.020777
v 0.015000 0.050121 0.020879
v 0.015000 0.050223 0.020985
v 0.015000 0.050319 0.021097
v 0.015000 0.050410 0.021213
v 0.015000 0.050494 0.021333
v 0.015000 0.050573 0.021458
v 0.015000 0.050646 0.021586
v 0.015000 0.050712 0.021717
v 0.015000 0.050772 0.021852
v 0.015000 0.050825 0.021989
v 0.015000 0.050871 0.022129
v 0.015000 0.050910 0.022271
v 0.015000 0.050942 0.022415
v 0.015000 0.050968 0.022560
v 0.015000 0.050986 0.022706
v 0.015000 0.050996 0.022853
v 0.015000 0.051000 0.023000
v 0.869000 0.048000 0.020000
v 0.869000 0.048147 0.020004
v 0.869000 0.048294 0.020014
v 0.869000 0.048440 0.020032
v 0.869000 0.048585 0.020058
v 0.869000 0.048729 0.020090
v 0.869000 0.048871 0.020129
v 0.869000 0.049011 0.020175
v 0.869000 0.049148 0.020228
v 0.869000 0.049283 0.020288
v 0.869000 0.049414 0.020354
v 0.869000 0.049542 0.020427
v 0.869000 0.049667 0.020506
v 0.869000 0.049787 0.020590
v 0.869000 0.049903 0.020681
v 0.869000 0.050015 0.020777
v 0.869000 0.050121 0.020879
v 0.869000 0.050223 0.020985
v 0.869000 0.050319 0.021097
v 0.869000 0.050410 0.021213
v 0.869000 0.050494 0.021333
v 0.869000 0.050573 0.021458
v 0.869000 0.050646 0.021586
v 0.869000 0.050712 0.021717
v 0.869000 0.050772 0.021852
v 0.869000 0.050825 0.021989
v 0.869000 0.050871 0.022129
v 0.869000 0.050910 0.022271
v 0.869000 0.050942 0.022415
v 0.869000 0.050968 0.022560
v 0.869000 0.050986 0.022706
v 0.869000 0.050996 0.022853
v 0.869000 0.051000 0.023000
v 0.869000 0.009000 0.020000
v 0.869147 0.009000 0.020004
v 0.869294 0.009000 0.020014
v 0.869440 0.009000 0.020032
v 0.869585 0.009000 0.020058
v 0.869729 0.009000 0.020090
v 0.869871 0.009000 0.020129
v 0.870011 0.009000 0.020175
v 0.870148 0.009000 0.020228
v 0.870283 0.009000 0.020288
v 0.870414 0.009000 0.020354
v 0.870542 0.009000 0.020427
v 0.870667 0.009000 0.020506
v 0.870787 0.009000 0.020590
v 0.870903 0.009000 0.020681
v 0.871015 0.009000 0.020777
v 0.871121 0.009000 0.020879
v 0.871223 0.009000 0.020985
v 0.871319 0.009000 0.021097
v 0.871410 0.009000 0.021213
v 0.871494 0.009000 0.021333
v 0.871573 0.009000 0.021458
v 0.871646 0.009000 0.021586
v 0.871712 0.009000 0.021717
v 0.871772 0.009000 0.021852
v 0.871825 0.009000 0.021989
v 0.871871 0.009000 0.022129
v 0.871910 0.009000 0.022271
v 0.871942 0.009000 0.022415
v 0.871968 0.009000 0.022560
v 0.871986 0.009000 0.022706
v 0.871996 0.009000 0.022853
v 0.872000 0.009000 0.023000
v 0.869000 0.048000 0.020000
v 0.869147 0.048000 0.020004
v 0.869294 0.048000 0.020014
v 0.869440 0.048000 0.020032
v 0.869585 0.048000 0.020058
v 0.869729 0.048000 0.020090
v 0.869871 0.048000 0.020129
v 0.870011 0.048000 0.020175
v 0.870148 0.048000 0.020228
v 0.870283 0.048000 0.020288
v 0.870414 0.048000 0.020354
v 0.870542 0.048000 0.020427
v 0.870667 0.048000 0.020506
v 0.870787 0.048000 0.020590
v 0.870903 0.048000 0.020681
v 0.871015 0.048000 0.020777
v 0.871121 0.048000 0.020879
v 0.871223 0.048000 0.020985
v 0.871319 0.048000 0.021097
v 0.871410 0.048000 0.021213
v 0.871494 0.048000 0.021333
v 0.871573 0.048000 0.021458
v 0.871646 0.048000 0.021586
v 0.871712 0.048000 0.021717
v 0.871772 0.048000 0.021852
v 0.871825 0.048000 0.021989
v 0.871871 0.048000 0.022129
v 0.871910 0.048000 0.022271
v 0.871942 0.048000 0.022415
v 0.871968 0.048000 0.022560
v 0.871986 0.048000 0.022706
v 0.871996 0.048000 0.022853
v 0.872000 0.048000 0.023000
v 0.015000 0.051000 2.097000
v 0.015000 0.050996 2.097147
v 0.015000 0.050986 2.097294
v 0.015000 0.050968 2.097440
v 0.015000 0.050942 2.097585
v 0.015000 0.050910 2.097729
v 0.015000 0.050871 2.097871
v 0.015000 0.050825 2.098011
v 0.015000 0.050772 2.098148
v 0.015000 0.050712 2.098283
v 0.015000 0.050646 2.098414
v 0.015000 0.050573 2.098542
v 0.015000 0.050494 2.098667
v 0.015000 0.050410 2.098787
v 0.015000 0.050319 2.098903
v 0.015000 0.050223 2.099015
v 0.015000 0.050121 2.099121
v 0.015000 0.050015 2.099223
v 0.015000 0.049903 2.099319
v 0.015000 0.049787 2.099410
v 0.015000 0.049667 2.099494
v 0.015000 0.049542 2.099573
v 0.015000 0.049414 2.099646
v 0.015000 0.049283 2.099712
v 0.015000 0.049148 2.099772
v 0.015000 0.049011 2.099825
v 0.015000 0.048871 2.099871
v 0.015000 0.048729 2.099910
v 0.015000 0.048585 2.099942
v 0.015000 0.048440 2.099968
v 0.015000 0.048294 2.099986
v 0.015000 0.048147 2.099996
v 0.015000 0.048000 2.100000
v 0.869000 0.048000 2.100000
v 0.869000 0.051000 2.097000
v 0.869000 0.050996 2.097147
v 0.869000 0.050986 2.097294
v 0.869000 0.050968 2.097440
v 0.869000 0.050942 2.097585
v 0.869000 0.050910 2.097729
v 0.869000 0.050871 2.097871
v 0.869000 0.050825 2.098011
v 0.869000 0.050772 2.098148
v 0.869000 0.050712 2.098283
v 0.869000 0.050646 2.098414
v 0.869000 0.050573 2.098542
v 0.869000 0.050494 2.098667
v 0.869000 0.050410 2.098787
v 0.869000 0.050319 2.098903
v 0.869000 0.050223 2.099015
v 0.869000 0.050121 2.099121
v 0.869000 0.050015 2.099223
v 0.869000 0.049903 2.099319
v 0.869000 0.049787 2.099410
v 0.869000 0.049667 2.099494
v 0.869000 0.049542 2.099573
v 0.869000 0.049414 2.099646
v 0.869000 0.049283 2.099712
v 0.869000 0.049148 2.099772
v 0.869000 0.049011 2.099825
v 0.869000 0.048871 2.099871
v 0.869000 0.048729 2.099910
v 0.869000 0.048585 2.099942
v 0.869000 0.048440 2.099968
v 0.869000 0.048294 2.099986
v 0.869000 0.048147 2.099996
v 0.869000 0.009000 2.100000
v 0.869147 0.009000 2.099996
v 0.869294 0.009000 2.099986
v 0.869440 0.009000 2.099968
v 0.869585 0.009000 2.099942
v 0.869729 0.009000 2.099910
v 0.869871 0.009000 2.099871
v 0.870011 0.009000 2.099825
v 0.870148 0.009000 2.099772
v 0.870283 0.009000 2.099712
v 0.870414 0.009000 2.099646
v 0.870542 0.009000 2.099573
v 0.870667 0.009000 2.099494
v 0.870787 0.009000 2.099410
v 0.870903 0.009000 2.099319
v 0.871015 0.009000 2.099223
v 0.871121 0.009000 2.099121
v 0.871223 0.009000 2.099015
v 0.871319 0.009000 2.098903
v 0.871410 0.009000 2.098787
v 0.871494 0.009000 2.098667
v 0.871573 0.009000 2.098542
v 0.871646 0.009000 2.098414
v 0.871712 0.009000 2.098283
v 0.871772 0.009000 2.098148
v 0.871825 0.009000 2.098011
v 0.871871 0.009000 2.097871
v 0.871910 0.009000 2.097729
v 0.871942 0.009000 2.097585
v 0.871968 0.009000 2.097440
v 0.871986 0.009000 2.097294
v 0.871996 0.009000 2.097147
v 0.872000 0.009000 2.097000
v 0.869000 0.048000 2.100000
v 0.872000 0.048000 2.097000
v 0.871996 0.048000 2.097147
v 0.871986 0.048000 2.097294
v 0.871968 0.048000 2.097440
v 0.871942 0.048000 2.097585
v 0.871910 0.048000 2.097729
v 0.871871 0.048000 2.097871
v 0.871825 0.048000 2.098011
v 0.871772 0.048000 2.098148
v 0.871712 0.048000 2.098283
v 0.871646 0.048000 2.098414
v 0.871573 0.048000 2.098542
v 0.871494 0.048000 2.098667
v 0.871410 0.048000 2.098787
v 0.871319 0.048000 2.098903
v 0.871223 0.048000 2.099015
v 0.871121 0.048000 2.099121
v 0.871015 0.048000 2.099223
v 0.870903 0.048000 2.099319
v 0.870787 0.048000 2.099410
v 0.870667 0.048000 2.099494
v 0.870542 0.048000 2.099573
v 0.870414 0.048000 2.099646
v 0.870283 0.048000 2.099712
v 0.870148 0.048000 2.099772
v 0.870011 0.048000 2.099825
v 0.869871 0.048000 2.099871
v 0.869729 0.048000 2.099910
v 0.869585 0.048000 2.099942
v 0.869440 0.048000 2.099968
v 0.869294 0.048000 2.099986
v 0.869147 0.048000 2.099996
v 0.872000 0.048000 0.023000
v 0.872000 0.048000 2.097000
v 0.871996 0.048147 0.023000
v 0.871986 0.048294 0.023000
v 0.871968 0.048440 0.023000
v 0.871942 0.048585 0.023000
v 0.871910 0.048729 0.023000
v 0.871871 0.048871 0.023000
v 0.871825 0.049011 0.023000
v 0.871772 0.049148 0.023000
v 0.871712 0.049283 0.023000
v 0.871646 0.049414 0.023000
v 0.871573 0.049542 0.023000
v 0.871494 0.049667 0.023000
v 0.871410 0.049787 0.023000
v 0.871319 0.049903 0.023000
v 0.871223 0.050015 0.023000
v 0.871121 0.050121 0.023000
v 0.871015 0.050223 0.023000
v 0.870903 0.050319 0.023000
v 0.870787 0.050410 0.023000
v 0.870667 0.050494 0.023000
v 0.870542 0.050573 0.023000
v 0.870414 0.050646 0.023000
v 0.870283 0.050712 0.023000
v 0.870148 0.050772 0.023000
v 0.870011 0.050825 0.023000
v 0.869871 0.050871 0.023000
v 0.869729 0.050910 0.023000
v 0.869585 0.050942 0.023000
v 0.869440 0.050968 0.023000
v 0.869294 0.050986 0.023000
v 0.869147 0.050996 0.023000
v 0.869000 0.051000 0.023000
v 0.869000 0.051000 2.097000
v 0.869147 0.050996 2.097000
v 0.869294 0.050986 2.097000
v 0.869440 0.050968 2.097000
v 0.869585 0.050942 2.097000
v 0.869729 0.050910 2.097000
v 0.869871 0.050871 2.097000
v 0.870011 0.050825 2.097000
v 0.870148 0.050772 2.097000
v 0.870283 0.050712 2.097000
v 0.870414 0.050646 2.097000
v 0.870542 0.050573 2.097000
v 0.870667 0.050494 2.097000
v 0.870787 0.050410 2.097000
v 0.870903 0.050319 2.097000
v 0.871015 0.050223 2.097000
v 0.871121 0.050121 2.097000
v 0.871223 0.050015 2.097000
v 0.871319 0.049903 2.097000
v 0.871410 0.049787 2.097000
v 0.871494 0.049667 2.097000
v 0.871573 0.049542 2.097000
v 0.871646 0.049414 2.097000
v 0.871712 0.049283 2.097000
v 0.871772 0.049148 2.097000
v 0.871825 0.049011 2.097000
v 0.871871 0.048871 2.097000
v 0.871910 0.048729 2.097000
v 0.871942 0.048585 2.097000
v 0.871968 0.048440 2.097000
v 0.871986 0.048294 2.097000
v 0.871996 0.048147 2.097000
v 0.869000 0.009000 0.020000
v 0.869147 0.009000 0.020004
v 0.869294 0.009000 0.020014
v 0.869440 0.009000 0.020032
v 0.869585 0.009000 0.020058
v 0.869729 0.009000 0.020090
v 0.869871 0.009000 0.020129
v 0.870011 0.009000 0.020175
v 0.870148 0.009000 0.020228
v 0.870283 0.009000 0.020288
v 0.870414 0.009000 0.020354
v 0.870542 0.009000 0.020427
v 0.870667 0.009000 0.020506
v 0.870787 0.009000 0.020590
v 0.870903 0.009000 0.020681
v 0.871015 0.009000 0.020777
v 0.871121 0.009000 0.020879
v 0.871223 0.009000 0.020985
v 0.871319 0.009000 0.021097
v 0.871410 0.009000 0.021213
v 0.871494 0.009000 0.021333
v 0.871573 0.009000 0.021458
v 0.871646 0.009000 0.021586
v 0.871712 0.009000 0.021717
v 0.871772 0.009000 0.021852
v 0.871825 0.009000 0.021989
v 0.871871 0.009000 0.022129
v 0.871910 0.009000 0.022271
v 0.871942 0.009000 0.022415
v 0.871968 0.009000 0.022560
v 0.871986 0.009000 0.022706
v 0.871996 0.009000 0.022853
v 0.872000 0.009000 0.023000
v 0.869000 0.009000 0.020000
v 0.869000 0.008853 0.020004
v 0.869000 0.008706 0.020014
v 0.869000 0.008560 0.020032
v 0.869000 0.008415 0.020058
v 0.869000 0.008271 0.020090
v 0.869000 0.008129 0.020129
v 0.869000 0.007989 0.020175
v 0.869000 0.007852 0.020228
v 0.869000 0.007717 0.020288
v 0.869000 0.007586 0.020354
v 0.869000 0.007458 0.020427
v 0.869000 0.007333 0.020506
v 0.869000 0.007213 0.020590
v 0.869000 0.007097 0.020681
v 0.869000 0.006985 0.020777
v 0.869000 0.006879 0.020879
v 0.869000 0.006777 0.020985
v 0.869000 0.006681 0.021097
v 0.869000 0.006590 0.021213
v 0.869000 0.006506 0.021333
v 0.869000 0.006427 0.021458
v 0.869000 0.006354 0.021586
v 0.869000 0.006288 0.021717
v 0.869000 0.006228 0.021852
v 0.869000 0.006175 0.021989
v 0.869000 0.006129 0.022129
v 0.869000 0.006090 0.022271
v 0.869000 0.006058 0.022415
v 0.869000 0.006032 0.022560
v 0.869000 0.006014 0.022706
v 0.869000 0.006004 0.022853
v 0.869000 0.006000 0.023000
v 0.871996 0.008853 0.023000
v 0.871986 0.008706 0.023000
v 0.871968 0.008560 0.023000
v 0.871942 0.008415 0.023000
v 0.871910 0.008271 0.023000
v 0.871871 0.008129 0.023000
v 0.871825 0.007989 0.023000
v 0.871772 0.007852 0.023000
v 0.871712 0.007717 0.023000
v 0.871646 0.007586 0.023000
v 0.871573 0.007458 0.023000
v 0.871494 0.007333 0.023000
v 0.871410 0.007213 0.023000
v 0.871319 0.007097 0.023000
v 0.871223 0.006985 0.023000
v 0.871121 0.006879 0.023000
v 0.871015 0.006777 0.023000
v 0.870903 0.006681 0.023000
v 0.870787 0.006590 0.023000
v 0.870667 0.006506 0.023000
v 0.870542 0.006427 0.023000
v 0.870414 0.006354 0.023000
v 0.870283 0.006288 0.023000
v 0.870148 0.006228 0.023000
v 0.870011 0.006175 0.023000
v 0.869871 0.006129 0.023000
v 0.869729 0.006090 0.023000
v 0.869585 0.006058 0.023000
v 0.869440 0.006032 0.023000
v 0.869294 0.006014 0.023000
v 0.869147 0.006004 0.023000
v 0.869205 0.008993 0.020007
v 0.869204 0.008979 0.020007
v 0.869202 0.008965 0.020007
v 0.869408 0.008972 0.020028
v 0.869199 0.008952 0.020007
v 0.869405 0.008944 0.020028
v 0.869610 0.008979 0.020063
v 0.869195 0.008938 0.020007
v 0.869400 0.008917 0.020028
v 0.869607 0.008938 0.020063
v 0.869190 0.008925 0.020007
v 0.869393 0.008890 0.020028
v 0.869601 0.008896 0.020063
v 0.869808 0.008945 0.020111
v 0.869185 0.008912 0.020007
v 0.869385 0.008863 0.020028
v 0.869593 0.008855 0.020063
v 0.869802 0.008890 0.020111
v 0.869178 0.008900 0.020007
v 0.870004 0.008966 0.020173
v 0.869375 0.008837 0.020028
v 0.869582 0.008815 0.020063
v 0.869792 0.008835 0.020111
v 0.869171 0.008888 0.020007
v 0.869999 0.008897 0.020173
v 0.869363 0.008812 0.020028
v 0.869568 0.008776 0.020063
v 0.869779 0.008782 0.020111
v 0.869163 0.008876 0.020007
v 0.869990 0.008829 0.020173
v 0.869349 0.008788 0.020028
v 0.870192 0.008918 0.020248
v 0.869551 0.008738 0.020063
v 0.869763 0.008729 0.020111
v 0.869154 0.008865 0.020007
v 0.869976 0.008762 0.020173
v 0.869334 0.008764 0.020028
v 0.870184 0.008837 0.020248
v 0.869532 0.008701 0.020063
v 0.870379 0.008953 0.020336
v 0.869742 0.008678 0.020111
v 0.869145 0.008855 0.020007
v 0.869958 0.008696 0.020173
v 0.869317 0.008742 0.020028
v 0.870170 0.008757 0.020248
v 0.869510 0.008665 0.020063
v 0.870373 0.008859 0.020336
v 0.869719 0.008628 0.020111
v 0.869135 0.008846 0.020007
v 0.869935 0.008631 0.020173
v 0.869299 0.008721 0.020028
v 0.870151 0.008678 0.020248
v 0.869486 0.008631 0.020063
v 0.870360 0.008765 0.020336
v 0.869692 0.008579 0.020111
v 0.870555 0.008894 0.020437
v 0.869124 0.008837 0.020007
v 0.869907 0.008569 0.020173
v 0.869279 0.008701 0.020028
v 0.870126 0.008600 0.020248
v 0.869460 0.008599 0.020063
v 0.870341 0.008673 0.020336
v 0.869661 0.008533 0.020111
v 0.870544 0.008788 0.020437
v 0.869112 0.008829 0.020007
v 0.869876 0.008508 0.020173
v 0.870729 0.008941 0.020549
v 0.869258 0.008683 0.020028
v 0.870096 0.008524 0.020248
v 0.869432 0.008568 0.020063
v 0.870316 0.008582 0.020336
v 0.869628 0.008489 0.020111
v 0.870526 0.008683 0.020437
v 0.869100 0.008822 0.020007
v 0.869840 0.008449 0.020173
v 0.870721 0.008823 0.020549
v 0.869236 0.008666 0.020028
v 0.870061 0.008450 0.020248
v 0.869401 0.008540 0.020063
v 0.870284 0.008494 0.020336
v 0.869592 0.008448 0.020111
v 0.870501 0.008579 0.020437
v 0.869088 0.008815 0.020007
v 0.869801 0.008393 0.020173
v 0.870705 0.008706 0.020549
v 0.869212 0.008651 0.020028
v 0.870021 0.008379 0.020248
v 0.870889 0.008871 0.020673
v 0.869369 0.008514 0.020063
v 0.870246 0.008407 0.020336
v 0.869552 0.008408 0.020111
v 0.870469 0.008478 0.020437
v 0.869075 0.008810 0.020007
v 0.869757 0.008340 0.020173
v 0.870681 0.008590 0.020549
v 0.869188 0.008637 0.020028
v 0.869976 0.008311 0.020248
v 0.870876 0.008742 0.020673
v 0.869335 0.008490 0.020063
v 0.870203 0.008324 0.020336
v 0.871046 0.008930 0.020807
v 0.869511 0.008372 0.020111
v 0.870430 0.008379 0.020437
v 0.869062 0.008805 0.020007
v 0.869710 0.008290 0.020173
v 0.870649 0.008477 0.020549
v 0.869163 0.008625 0.020028
v 0.869927 0.008246 0.020248
v 0.870854 0.008615 0.020673
v 0.869299 0.008468 0.020063
v 0.870154 0.008243 0.020336
v 0.871037 0.008791 0.020807
v 0.869467 0.008339 0.020111
v 0.870384 0.008283 0.020437
v 0.869048 0.008801 0.020007
v 0.869660 0.008243 0.020173
v 0.870609 0.008365 0.020549
v 0.869137 0.008615 0.020028
v 0.869873 0.008184 0.020248
v 0.870823 0.008489 0.020673
v 0.869262 0.008449 0.020063
v 0.870100 0.008166 0.020336
v 0.871018 0.008652 0.020807
v 0.869421 0.008308 0.020111
v 0.870332 0.008190 0.020437
v 0.871187 0.008850 0.020952
v 0.869035 0.008798 0.020007
v 0.869607 0.008199 0.020173
v 0.870562 0.008257 0.020549
v 0.869110 0.008607 0.020028
v 0.869816 0.008127 0.020248
v 0.870784 0.008366 0.020673
v 0.869224 0.008432 0.020063
v 0.870040 0.008093 0.020336
v 0.870989 0.008515 0.020807
v 0.869372 0.008281 0.020111
v 0.870273 0.008101 0.020437
v 0.871172 0.008701 0.020952
v 0.869021 0.008796 0.020007
v 0.869551 0.008160 0.020173
v 0.870508 0.008152 0.020549
v 0.871326 0.008921 0.021107
v 0.869083 0.008600 0.020028
v 0.869754 0.008073 0.020248
v 0.870737 0.008246 0.020673
v 0.869185 0.008418 0.020063
v 0.869976 0.008024 0.020336
v 0.870952 0.008381 0.020807
v 0.869322 0.008258 0.020111
v 0.870209 0.008016 0.020437
v 0.871147 0.008554 0.020952
v 0.869007 0.008795 0.020007
v 0.869492 0.008124 0.020173
v 0.870447 0.008051 0.020549
v 0.871315 0.008762 0.021107
v 0.869056 0.008595 0.020028
v 0.869689 0.008024 0.020248
v 0.870681 0.008129 0.020673
v 0.869145 0.008407 0.020063
v 0.869907 0.007960 0.020336
v 0.870905 0.008249 0.020807
v 0.869271 0.008237 0.020111
v 0.870139 0.007936 0.020437
v 0.871111 0.008408 0.020952
v 0.869431 0.008093 0.020173
v 0.870379 0.007955 0.020549
v 0.871293 0.008605 0.021107
v 0.869028 0.008592 0.020028
v 0.869621 0.007979 0.020248
v 0.870618 0.008016 0.020673
v 0.871445 0.008833 0.021270
v 0.869104 0.008399 0.020063
v 0.869834 0.007900 0.020336
v 0.870849 0.008121 0.020807
v 0.869218 0.008221 0.020111
v 0.870064 0.007861 0.020437
v 0.871066 0.008266 0.020952
v 0.869369 0.008065 0.020173
v 0.870304 0.007863 0.020549
v 0.871261 0.008449 0.021107
v 0.869550 0.007939 0.020248
v 0.870547 0.007908 0.020673
v 0.871428 0.008666 0.021270
v 0.869062 0.008393 0.020063
v 0.869757 0.007846 0.020336
v 0.870785 0.007996 0.020807
v 0.871562 0.008912 0.021441
v 0.869165 0.008208 0.020111
v 0.869984 0.007791 0.020437
v 0.871011 0.008127 0.020952
v 0.869304 0.008042 0.020173
v 0.870223 0.007777 0.020549
v 0.871218 0.008296 0.021107
v 0.869476 0.007904 0.020248
v 0.870469 0.007805 0.020673
v 0.871400 0.008501 0.021270
v 0.869021 0.008390 0.020063
v 0.869676 0.007797 0.020336
v 0.870712 0.007877 0.020807
v 0.871550 0.008738 0.021441
v 0.869110 0.008198 0.020111
v 0.869899 0.007727 0.020437
v 0.870947 0.007991 0.020952
v 0.869238 0.008024 0.020173
v 0.870137 0.007696 0.020549
v 0.871165 0.008146 0.021107
v 0.869400 0.007874 0.020248
v 0.870384 0.007708 0.020673
v 0.871360 0.008339 0.021270
v 0.869593 0.007754 0.020336
v 0.870632 0.007763 0.020807
v 0.871526 0.008564 0.021441
v 0.869055 0.008192 0.020111
v 0.869810 0.007668 0.020437
v 0.870873 0.007861 0.020952
v 0.871657 0.008818 0.021620
v 0.869171 0.008010 0.020173
v 0.870045 0.007621 0.020549
v 0.871102 0.008001 0.021107
v 0.869322 0.007849 0.020248
v 0.870292 0.007616 0.020673
v 0.871309 0.008179 0.021270
v 0.869506 0.007716 0.020336
v 0.870543 0.007654 0.020807
v 0.871490 0.008393 0.021441
v 0.869717 0.007616 0.020437
v 0.870791 0.007736 0.020952
v 0.871639 0.008637 0.021620
v 0.869103 0.008001 0.020173
v 0.869949 0.007553 0.020549
v 0.871028 0.007859 0.021107
v 0.871750 0.008906 0.021805
v 0.869243 0.007830 0.020248
v 0.870195 0.007531 0.020673
v 0.871248 0.008024 0.021270
v 0.869418 0.007684 0.020336
v 0.870448 0.007552 0.020807
v 0.871443 0.008225 0.021441
v 0.869621 0.007570 0.020437
v 0.870701 0.007616 0.020952
v 0.871608 0.008458 0.021620
v 0.869034 0.007996 0.020173
v 0.869848 0.007492 0.020549
v 0.870946 0.007724 0.021107
v 0.871737 0.008719 0.021805
v 0.869163 0.007816 0.020248
v 0.870092 0.007453 0.020673
v 0.871176 0.007872 0.021270
v 0.869327 0.007659 0.020336
v 0.870346 0.007457 0.020807
v 0.871385 0.008060 0.021441
v 0.869522 0.007531 0.020437
v 0.870602 0.007503 0.020952
v 0.871565 0.008281 0.021620
v 0.869743 0.007438 0.020549
v 0.870854 0.007594 0.021107
v 0.871712 0.008532 0.021805
v 0.869082 0.007808 0.020248
v 0.869984 0.007382 0.020673
v 0.871094 0.007727 0.021270
v 0.871820 0.008807 0.021995
v 0.869235 0.007640 0.020336
v 0.870237 0.007368 0.020807
v 0.871315 0.007899 0.021441
v 0.869421 0.007499 0.020437
v 0.870497 0.007398 0.020952
v 0.871510 0.008108 0.021620
v 0.869635 0.007391 0.020549
v 0.870754 0.007471 0.021107
v 0.871673 0.008349 0.021805
v 0.869871 0.007319 0.020673
v 0.871002 0.007587 0.021270
v 0.871800 0.008615 0.021995
v 0.869141 0.007627 0.020336
v 0.870123 0.007288 0.020807
v 0.871234 0.007744 0.021441
v 0.871887 0.008901 0.022191
v 0.869317 0.007474 0.020437
v 0.870384 0.007299 0.020952
v 0.871443 0.007939 0.021620
v 0.869523 0.007351 0.020549
v 0.870646 0.007354 0.021107
v 0.871623 0.008168 0.021805
v 0.869754 0.007263 0.020673
v 0.870901 0.007453 0.021270
v 0.871768 0.008425 0.021995
v 0.869047 0.007621 0.020336
v 0.870004 0.007215 0.020807
v 0.871143 0.007594 0.021441
v 0.871874 0.008705 0.022191
v 0.869212 0.007456 0.020437
v 0.870264 0.007209 0.020952
v 0.871365 0.007775 0.021620
v 0.869410 0.007319 0.020549
v 0.870529 0.007246 0.021107
v 0.871560 0.007991 0.021805
v 0.869634 0.007216 0.020673
v 0.870791 0.007327 0.021270
v 0.871722 0.008237 0.021995
v 0.869879 0.007151 0.020807
v 0.871042 0.007451 0.021441
v 0.871847 0.008509 0.022191
v 0.869106 0.007445 0.020437
v 0.870139 0.007127 0.020952
v 0.871276 0.007616 0.021620
v 0.871930 0.008800 0.022390
v 0.869294 0.007295 0.020549
v 0.870406 0.007146 0.021107
v 0.871485 0.007818 0.021805
v 0.869511 0.007177 0.020673
v 0.870673 0.007209 0.021270
v 0.871664 0.008053 0.021995
v 0.869751 0.007095 0.020807
v 0.870932 0.007315 0.021441
v 0.871807 0.008316 0.022191
v 0.870009 0.007053 0.020952
v 0.871176 0.007464 0.021620
v 0.871910 0.008600 0.022390
v 0.869177 0.007279 0.020549
v 0.870276 0.007054 0.021107
v 0.871398 0.007651 0.021805
v 0.871970 0.008899 0.022592
v 0.869385 0.007146 0.020673
v 0.870547 0.007099 0.021270
v 0.871593 0.007874 0.021995
v 0.869619 0.007048 0.020807
v 0.870812 0.007188 0.021441
v 0.871753 0.008126 0.022191
v 0.869873 0.006989 0.020952
v 0.871066 0.007319 0.021620
v 0.871876 0.008402 0.022390
v 0.869059 0.007271 0.020549
v 0.870141 0.006972 0.021107
v 0.871301 0.007491 0.021805
v 0.871956 0.008696 0.022592
v 0.869258 0.007124 0.020673
v 0.870413 0.006998 0.021270
v 0.871510 0.007699 0.021995
v 0.869485 0.007011 0.020807
v 0.870685 0.007068 0.021441
v 0.871687 0.007940 0.022191
v 0.869734 0.006934 0.020952
v 0.870947 0.007182 0.021620
v 0.871828 0.008208 0.022390
v 0.869999 0.006898 0.021107
v 0.871193 0.007337 0.021805
v 0.871929 0.008495 0.022592
v 0.869129 0.007111 0.020673
v 0.870273 0.006906 0.021270
v 0.871415 0.007531 0.021995
v 0.871986 0.008796 0.022795
v 0.869348 0.006982 0.020807
v 0.870549 0.006958 0.021441
v 0.871609 0.007759 0.022191
v 0.869592 0.006889 0.020952
v 0.870818 0.007053 0.021620
v 0.871768 0.008016 0.022390
v 0.869854 0.006835 0.021107
v 0.871074 0.007192 0.021805
v 0.871888 0.008296 0.022592
v 0.870128 0.006824 0.021270
v 0.871309 0.007370 0.021995
v 0.871965 0.008592 0.022795
v 0.869209 0.006963 0.020807
v 0.870406 0.006857 0.021441
v 0.871518 0.007584 0.022191
v 0.869446 0.006853 0.020952
v 0.870681 0.006934 0.021620
v 0.871694 0.007830 0.022390
v 0.869704 0.006782 0.021107
v 0.870946 0.007054 0.021805
v 0.871833 0.008101 0.022592
v 0.869976 0.006752 0.021270
v 0.871193 0.007216 0.021995
v 0.871930 0.008391 0.022795
v 0.869070 0.006954 0.020807
v 0.870256 0.006766 0.021441
v 0.871416 0.007416 0.022191
v 0.869299 0.006828 0.020952
v 0.870536 0.006824 0.021620
v 0.871608 0.007649 0.022390
v 0.869551 0.006739 0.021107
v 0.870808 0.006926 0.021805
v 0.871765 0.007910 0.022592
v 0.869821 0.006691 0.021270
v 0.871066 0.007071 0.021995
v 0.871882 0.008192 0.022795
v 0.870101 0.006685 0.021441
v 0.871302 0.007255 0.022191
v 0.869150 0.006813 0.020952
v 0.870384 0.006724 0.021620
v 0.871510 0.007474 0.022390
v 0.869395 0.006707 0.021107
v 0.870663 0.006807 0.021805
v 0.871684 0.007724 0.022592
v 0.869661 0.006640 0.021270
v 0.870929 0.006934 0.021995
v 0.871820 0.007998 0.022795
v 0.869940 0.006615 0.021441
v 0.871177 0.007102 0.022191
v 0.870225 0.006635 0.021620
v 0.871400 0.007306 0.022390
v 0.869238 0.006685 0.021107
v 0.870509 0.006699 0.021805
v 0.871591 0.007543 0.022592
v 0.869499 0.006600 0.021270
v 0.870784 0.006807 0.021995
v 0.871745 0.007808 0.022795
v 0.869775 0.006557 0.021441
v 0.871043 0.006957 0.022191
v 0.870061 0.006557 0.021620
v 0.871278 0.007146 0.022390
v 0.869079 0.006674 0.021107
v 0.870349 0.006602 0.021805
v 0.871485 0.007370 0.022592
v 0.869334 0.006572 0.021270
v 0.870630 0.006691 0.021995
v 0.871657 0.007623 0.022795
v 0.869607 0.006510 0.021441
v 0.870898 0.006823 0.022191
v 0.869892 0.006490 0.021620
v 0.871147 0.006995 0.022390
v 0.870182 0.006515 0.021805
v 0.871368 0.007204 0.022592
v 0.869167 0.006555 0.021270
v 0.870469 0.006585 0.021995
v 0.871557 0.007445 0.022795
v 0.869436 0.006474 0.021441
v 0.870745 0.006698 0.022191
v 0.869719 0.006435 0.021620
v 0.871005 0.006853 0.022390
v 0.870009 0.006440 0.021805
v 0.871240 0.007047 0.022592
v 0.870301 0.006490 0.021995
v 0.871445 0.007274 0.022795
v 0.869262 0.006450 0.021441
v 0.870584 0.006584 0.022191
v 0.869542 0.006392 0.021620
v 0.870854 0.006722 0.022390
v 0.869832 0.006377 0.021805
v 0.871102 0.006898 0.022592
v 0.870126 0.006407 0.021995
v 0.871322 0.007111 0.022795
v 0.869088 0.006438 0.021441
v 0.870416 0.006482 0.022191
v 0.869363 0.006361 0.021620
v 0.870694 0.006600 0.022390
v 0.869651 0.006327 0.021805
v 0.870953 0.006760 0.022592
v 0.869947 0.006336 0.021995
v 0.871187 0.006957 0.022795
v 0.870241 0.006391 0.022191
v 0.869182 0.006343 0.021620
v 0.870526 0.006490 0.022390
v 0.869468 0.006288 0.021805
v 0.870796 0.006632 0.022592
v 0.869763 0.006278 0.021995
v 0.871043 0.006813 0.022795
v 0.870060 0.006313 0.022191
v 0.870351 0.006392 0.022390
v 0.869281 0.006263 0.021805
v 0.870630 0.006515 0.022592
v 0.869575 0.006232 0.021995
v 0.870889 0.006678 0.022795
v 0.869874 0.006247 0.022191
v 0.870170 0.006306 0.022390
v 0.869094 0.006250 0.021805
v 0.870457 0.006409 0.022592
v 0.869385 0.006200 0.021995
v 0.870726 0.006555 0.022795
v 0.869684 0.006193 0.022191
v 0.869984 0.006232 0.022390
v 0.870276 0.006316 0.022592
v 0.869193 0.006180 0.021995
v 0.870555 0.006443 0.022795
v 0.869491 0.006153 0.022191
v 0.869792 0.006172 0.022390
v 0.870090 0.006235 0.022592
v 0.870377 0.006343 0.022795
v 0.869295 0.006126 0.022191
v 0.869598 0.006124 0.022390
v 0.869899 0.006167 0.022592
v 0.870192 0.006255 0.022795
v 0.869099 0.006113 0.022191
v 0.869400 0.006090 0.022390
v 0.869704 0.006112 0.022592
v 0.870002 0.006180 0.022795
v 0.869200 0.006070 0.022390
v 0.869505 0.006071 0.022592
v 0.869808 0.006118 0.022795
v 0.869304 0.006044 0.022592
v 0.869609 0.006070 0.022795
v 0.869101 0.006030 0.022592
v 0.869408 0.006035 0.022795
v 0.869204 0.006014 0.022795
v 0.869000 0.009000 2.100000
v 0.869147 0.009000 2.099996
v 0.869294 0.009000 2.099986
v 0.869440 0.009000 2.099968
v 0.869585 0.009000 2.099942
v 0.869729 0.009000 2.099910
v 0.869871 0.009000 2.099871
v 0.870011 0.009000 2.099825
v 0.870148 0.009000 2.099772
v 0.870283 0.009000 2.099712
v 0.870414 0.009000 2.099646
v 0.870542 0.009000 2.099573
v 0.870667 0.009000 2.099494
v 0.870787 0.009000 2.099410
v 0.870903 0.009000 2.099319
v 0.871015 0.009000 2.099223
v 0.871121 0.009000 2.099121
v 0.871223 0.009000 2.099015
v 0.871319 0.009000 2.098903
v 0.871410 0.009000 2.098787
v 0.871494 0.009000 2.098667
v 0.871573 0.009000 2.098542
v 0.871646 0.009000 2.098414
v 0.871712 0.009000 2.098283
v 0.871772 0.009000 2.098148
v 0.871825 0.009000 2.098011
v 0.871871 0.009000 2.097871
v 0.871910 0.009000 2.097729
v 0.871942 0.009000 2.097585
v 0.871968 0.009000 2.097440
v 0.871986 0.009000 2.097294
v 0.871996 0.009000 2.097147
v 0.872000 0.009000 2.097000
v 0.869000 0.009000 2.100000
v 0.869000 0.008853 2.099996
v 0.869000 0.008706 2.099986
v 0.869000 0.008560 2.099968
v 0.869000 0.008415 2.099942
v 0.869000 0.008271 2.099910
v 0.869000 0.008129 2.099871
v 0.869000 0.007989 2.099825
v 0.869000 0.007852 2.099772
v 0.869000 0.007717 2.099712
v 0.869000 0.007586 2.099646
v 0.869000 0.007458 2.099573
v 0.869000 0.007333 2.099494
v 0.869000 0.007213 2.099410
v 0.869000 0.007097 2.099319
v 0.869000 0.006985 2.099223
v 0.869000 0.006879 2.099121
v 0.869000 0.006777 2.099015
v 0.869000 0.006681 2.098903
v 0.869000 0.006590 2.098787
v 0.869000 0.006506 2.098667
v 0.869000 0.006427 2.098542
v 0.869000 0.006354 2.098414
v 0.869000 0.006288 2.098283
v 0.869000 0.006228 2.098148
v 0.869000 0.006175 2.098011
v 0.869000 0.006129 2.097871
v 0.869000 0.006090 2.097729
v 0.869000 0.006058 2.097585
v 0.869000 0.006032 2.097440
v 0.869000 0.006014 2.097294
v 0.869000 0.006004 2.097147
v 0.869000 0.006000 2.097000
v 0.871996 0.008853 2.097000
v 0.871986 0.008706 2.097000
v 0.871968 0.008560 2.097000
v 0.871942 0.008415 2.097000
v 0.871910 0.008271 2.097000
v 0.871871 0.008129 2.097000
v 0.871825 0.007989 2.097000
v 0.871772 0.007852 2.097000
v 0.871712 0.007717 2.097000
v 0.871646 0.007586 2.097000
v 0.871573 0.007458 2.097000
v 0.871494 0.007333 2.097000
v 0.871410 0.007213 2.097000
v 0.871319 0.007097 2.097000
v 0.871223 0.006985 2.097000
v 0.871121 0.006879 2.097000
v 0.871015 0.006777 2.097000
v 0.870903 0.006681 2.097000
v 0.870787 0.006590 2.097000
v 0.870667 0.006506 2.097000
v 0.870542 0.006427 2.097000
v 0.870414 0.006354 2.097000
v 0.870283 0.006288 2.097000
v 0.870148 0.006228 2.097000
v 0.870011 0.006175 2.097000
v 0.869871 0.006129 2.097000
v 0.869729 0.006090 2.097000
v 0.869585 0.006058 2.097000
v 0.869440 0.006032 2.097000
v 0.869294 0.006014 2.097000
v 0.869147 0.006004 2.097000
v 0.869205 0.008993 2.099993
v 0.869204 0.008979 2.099993
v 0.869202 0.008965 2.099993
v 0.869408 0.008972 2.099972
v 0.869199 0.008952 2.099993
v 0.869405 0.008944 2.099972
v 0.869610 0.008979 2.099937
v 0.869195 0.008938 2.099993
v 0.869400 0.008917 2.099972
v 0.869607 0.008938 2.099937
v 0.869190 0.008925 2.099993
v 0.869393 0.008890 2.099972
v 0.869601 0.008896 2.099937
v 0.869808 0.008945 2.099889
v 0.869185 0.008912 2.099993
v 0.869385 0.008863 2.099972
v 0.869593 0.008855 2.099937
v 0.869802 0.008890 2.099889
v 0.869178 0.008900 2.099993
v 0.870004 0.008966 2.099827
v 0.869375 0.008837 2.099972
v 0.869582 0.008815 2.099937
v 0.869792 0.008835 2.099889
v 0.869171 0.008888 2.099993
v 0.869999 0.008897 2.099827
v 0.869363 0.008812 2.099972
v 0.869568 0.008776 2.099937
v 0.869779 0.008782 2.099889
v 0.869163 0.008876 2.099993
v 0.869990 0.008829 2.099827
v 0.869349 0.008788 2.099972
v 0.870192 0.008918 2.099752
v 0.869551 0.008738 2.099937
v 0.869763 0.008729 2.099889
v 0.869154 0.008865 2.099993
v 0.869976 0.008762 2.099827
v 0.869334 0.008764 2.099972
v 0.870184 0.008837 2.099752
v 0.869532 0.008701 2.099937
v 0.870379 0.008953 2.099664
v 0.869742 0.008678 2.099889
v 0.869145 0.008855 2.099993
v 0.869958 0.008696 2.099827
v 0.869317 0.008742 2.099972
v 0.870170 0.008757 2.099752
v 0.869510 0.008665 2.099937
v 0.870373 0.008859 2.099664
v 0.869719 0.008628 2.099889
v 0.869135 0.008846 2.099993
v 0.869935 0.008631 2.099827
v 0.869299 0.008721 2.099972
v 0.870151 0.008678 2.099752
v 0.869486 0.008631 2.099937
v 0.870360 0.008765 2.099664
v 0.869692 0.008579 2.099889
v 0.870555 0.008894 2.099563
v 0.869124 0.008837 2.099993
v 0.869907 0.008569 2.099827
v 0.869279 0.008701 2.099972
v 0.870126 0.008600 2.099752
v 0.869460 0.008599 2.099937
v 0.870341 0.008673 2.099664
v 0.869661 0.008533 2.099889
v 0.870544 0.008788 2.099563
v 0.869112 0.008829 2.099993
v 0.869876 0.008508 2.099827
v 0.870729 0.008941 2.099451
v 0.869258 0.008683 2.099972
v 0.870096 0.008524 2.099752
v 0.869432 0.008568 2.099937
v 0.870316 0.008582 2.099664
v 0.869628 0.008489 2.099889
v 0.870526 0.008683 2.099563
v 0.869100 0.008822 2.099993
v 0.869840 0.008449 2.099827
v 0.870721 0.008823 2.099451
v 0.869236 0.008666 2.099972
v 0.870061 0.008450 2.099752
v 0.869401 0.008540 2.099937
v 0.870284 0.008494 2.099664
v 0.869592 0.008448 2.099889
v 0.870501 0.008579 2.099563
v 0.869088 0.008815 2.099993
v 0.869801 0.008393 2.099827
v 0.870705 0.008706 2.099451
v 0.869212 0.008651 2.099972
v 0.870021 0.008379 2.099752
v 0.870889 0.008871 2.099327
v 0.869369 0.008514 2.099937
v 0.870246 0.008407 2.099664
v 0.869552 0.008408 2.099889
v 0.870469 0.008478 2.099563
v 0.869075 0.008810 2.099993
v 0.869757 0.008340 2.099827
v 0.870681 0.008590 2.099451
v 0.869188 0.008637 2.099972
v 0.869976 0.008311 2.099752
v 0.870876 0.008742 2.099327
v 0.869335 0.008490 2.099937
v 0.870203 0.008324 2.099664
v 0.871046 0.008930 2.099193
v 0.869511 0.008372 2.099889
v 0.870430 0.008379 2.099563
v 0.869062 0.008805 2.099993
v 0.869710 0.008290 2.099827
v 0.870649 0.008477 2.099451
v 0.869163 0.008625 2.099972
v 0.869927 0.008246 2.099752
v 0.870854 0.008615 2.099327
v 0.869299 0.008468 2.099937
v 0.870154 0.008243 2.099664
v 0.871037 0.008791 2.099193
v 0.869467 0.008339 2.099889
v 0.870384 0.008283 2.099563
v 0.869048 0.008801 2.099993
v 0.869660 0.008243 2.099827
v 0.870609 0.008365 2.099451
v 0.869137 0.008615 2.099972
v 0.869873 0.008184 2.099752
v 0.870823 0.008489 2.099327
v 0.869262 0.008449 2.099937
v 0.870100 0.008166 2.099664
v 0.871018 0.008652 2.099193
v 0.869421 0.008308 2.099889
v 0.870332 0.008190 2.099563
v 0.871187 0.008850 2.099048
v 0.869035 0.008798 2.099993
v 0.869607 0.008199 2.099827
v 0.870562 0.008257 2.099451
v 0.869110 0.008607 2.099972
v 0.869816 0.008127 2.099752
v 0.870784 0.008366 2.099327
v 0.869224 0.008432 2.099937
v 0.870040 0.008093 2.099664
v 0.870989 0.008515 2.099193
v 0.869372 0.008281 2.099889
v 0.870273 0.008101 2.099563
v 0.871172 0.008701 2.099048
v 0.869021 0.008796 2.099993
v 0.869551 0.008160 2.099827
v 0.870508 0.008152 2.099451
v 0.871326 0.008921 2.098893
v 0.869083 0.008600 2.099972
v 0.869754 0.008073 2.099752
v 0.870737 0.008246 2.099327
v 0.869185 0.008418 2.099937
v 0.869976 0.008024 2.099664
v 0.870952 0.008381 2.099193
v 0.869322 0.008258 2.099889
v 0.870209 0.008016 2.099563
v 0.871147 0.008554 2.099048
v 0.869007 0.008795 2.099993
v 0.869492 0.008124 2.099827
v 0.870447 0.008051 2.099451
v 0.871315 0.008762 2.098893
v 0.869056 0.008595 2.099972
v 0.869689 0.008024 2.099752
v 0.870681 0.008129 2.099327
v 0.869145 0.008407 2.099937
v 0.869907 0.007960 2.099664
v 0.870905 0.008249 2.099193
v 0.869271 0.008237 2.099889
v 0.870139 0.007936 2.099563
v 0.871111 0.008408 2.099048
v 0.869431 0.008093 2.099827
v 0.870379 0.007955 2.099451
v 0.871293 0.008605 2.098893
v 0.869028 0.008592 2.099972
v 0.869621 0.007979 2.099752
v 0.870618 0.008016 2.099327
v 0.871445 0.008833 2.098730
v 0.869104 0.008399 2.099937
v 0.869834 0.007900 2.099664
v 0.870849 0.008121 2.099193
v 0.869218 0.008221 2.099889
v 0.870064 0.007861 2.099563
v 0.871066 0.008266 2.099048
v 0.869369 0.008065 2.099827
v 0.870304 0.007863 2.099451
v 0.871261 0.008449 2.098893
v 0.869550 0.007939 2.099752
v 0.870547 0.007908 2.099327
v 0.871428 0.008666 2.098730
v 0.869062 0.008393 2.099937
v 0.869757 0.007846 2.099664
v 0.870785 0.007996 2.099193
v 0.871562 0.008912 2.098559
v 0.869165 0.008208 2.099889
v 0.869984 0.007791 2.099563
v 0.871011 0.008127 2.099048
v 0.869304 0.008042 2.099827
v 0.870223 0.007777 2.099451
v 0.871218 0.008296 2.098893
v 0.869476 0.007904 2.099752
v 0.870469 0.007805 2.099327
v 0.871400 0.008501 2.098730
v 0.869021 0.008390 2.099937
v 0.869676 0.007797 2.099664
v 0.870712 0.007877 2.099193
v 0.871550 0.008738 2.098559
v 0.869110 0.008198 2.099889
v 0.869899 0.007727 2.099563
v 0.870947 0.007991 2.099048
v 0.869238 0.008024 2.099827
v 0.870137 0.007696 2.099451
v 0.871165 0.008146 2.098893
v 0.869400 0.007874 2.099752
v 0.870384 0.007708 2.099327
v 0.871360 0.008339 2.098730
v 0.869593 0.007754 2.099664
v 0.870632 0.007763 2.099193
v 0.871526 0.008564 2.098559
v 0.869055 0.008192 2.099889
v 0.869810 0.007668 2.099563
v 0.870873 0.007861 2.099048
v 0.871657 0.008818 2.098380
v 0.869171 0.008010 2.099827
v 0.870045 0.007621 2.099451
v 0.871102 0.008001 2.098893
v 0.869322 0.007849 2.099752
v 0.870292 0.007616 2.099327
v 0.871309 0.008179 2.098730
v 0.869506 0.007716 2.099664
v 0.870543 0.007654 2.099193
v 0.871490 0.008393 2.098559
v 0.869717 0.007616 2.099563
v 0.870791 0.007736 2.099048
v 0.871639 0.008637 2.098380
v 0.869103 0.008001 2.099827
v 0.869949 0.007553 2.099451
v 0.871028 0.007859 2.098893
v 0.871750 0.008906 2.098195
v 0.869243 0.007830 2.099752
v 0.870195 0.007531 2.099327
v 0.871248 0.008024 2.098730
v 0.869418 0.007684 2.099664
v 0.870448 0.007552 2.099193
v 0.871443 0.008225 2.098559
v 0.869621 0.007570 2.099563
v 0.870701 0.007616 2.099048
v 0.871608 0.008458 2.098380
v 0.869034 0.007996 2.099827
v 0.869848 0.007492 2.099451
v 0.870946 0.007724 2.098893
v 0.871737 0.008719 2.098195
v 0.869163 0.007816 2.099752
v 0.870092 0.007453 2.099327
v 0.871176 0.007872 2.098730
v 0.869327 0.007659 2.099664
v 0.870346 0.007457 2.099193
v 0.871385 0.008060 2.098559
v 0.869522 0.007531 2.099563
v 0.870602 0.007503 2.099048
v 0.871565 0.008281 2.098380
v 0.869743 0.007438 2.099451
v 0.870854 0.007594 2.098893
v 0.871712 0.008532 2.098195
v 0.869082 0.007808 2.099752
v 0.869984 0.007382 2.099327
v 0.871094 0.007727 2.098730
v 0.871820 0.008807 2.098005
v 0.869235 0.007640 2.099664
v 0.870237 0.007368 2.099193
v 0.871315 0.007899 2.098559
v 0.869421 0.007499 2.099563
v 0.870497 0.007398 2.099048
v 0.871510 0.008108 2.098380
v 0.869635 0.007391 2.099451
v 0.870754 0.007471 2.098893
v 0.871673 0.008349 2.098195
v 0.869871 0.007319 2.099327
v 0.871002 0.007587 2.098730
v 0.871800 0.008615 2.098005
v 0.869141 0.007627 2.099664
v 0.870123 0.007288 2.099193
v 0.871234 0.007744 2.098559
v 0.871887 0.008901 2.097809
v 0.869317 0.007474 2.099563
v 0.870384 0.007299 2.099048
v 0.871443 0.007939 2.098380
v 0.869523 0.007351 2.099451
v 0.870646 0.007354 2.098893
v 0.871623 0.008168 2.098195
v 0.869754 0.007263 2.099327
v 0.870901 0.007453 2.098730
v 0.871768 0.008425 2.098005
v 0.869047 0.007621 2.099664
v 0.870004 0.007215 2.099193
v 0.871143 0.007594 2.098559
v 0.871874 0.008705 2.097809
v 0.869212 0.007456 2.099563
v 0.870264 0.007209 2.099048
v 0.871365 0.007775 2.098380
v 0.869410 0.007319 2.099451
v 0.870529 0.007246 2.098893
v 0.871560 0.007991 2.098195
v 0.869634 0.007216 2.099327
v 0.870791 0.007327 2.098730
v 0.871722 0.008237 2.098005
v 0.869879 0.007151 2.099193
v 0.871042 0.007451 2.098559
v 0.871847 0.008509 2.097809
v 0.869106 0.007445 2.099563
v 0.870139 0.007127 2.099048
v 0.871276 0.007616 2.098380
v 0.871930 0.008800 2.097610
v 0.869294 0.007295 2.099451
v 0.870406 0.007146 2.098893
v 0.871485 0.007818 2.098195
v 0.869511 0.007177 2.099327
v 0.870673 0.007209 2.098730
v 0.871664 0.008053 2.098005
v 0.869751 0.007095 2.099193
v 0.870932 0.007315 2.098559
v 0.871807 0.008316 2.097809
v 0.870009 0.007053 2.099048
v 0.871176 0.007464 2.098380
v 0.871910 0.008600 2.097610
v 0.869177 0.007279 2.099451
v 0.870276 0.007054 2.098893
v 0.871398 0.007651 2.098195
v 0.871970 0.008899 2.097408
v 0.869385 0.007146 2.099327
v 0.870547 0.007099 2.098730
v 0.871593 0.007874 2.098005
v 0.869619 0.007048 2.099193
v 0.870812 0.007188 2.098559
v 0.871753 0.008126 2.097809
v 0.869873 0.006989 2.099048
v 0.871066 0.007319 2.098380
v 0.871876 0.008402 2.097610
v 0.869059 0.007271 2.099451
v 0.870141 0.006972 2.098893
v 0.871301 0.007491 2.098195
v 0.871956 0.008696 2.097408
v 0.869258 0.007124 2.099327
v 0.870413 0.006998 2.098730
v 0.871510 0.007699 2.098005
v 0.869485 0.007011 2.099193
v 0.870685 0.007068 2.098559
v 0.871687 0.007940 2.097809
v 0.869734 0.006934 2.099048
v 0.870947 0.007182 2.098380
v 0.871828 0.008208 2.097610
v 0.869999 0.006898 2.098893
v 0.871193 0.007337 2.098195
v 0.871929 0.008495 2.097408
v 0.869129 0.007111 2.099327
v 0.870273 0.006906 2.098730
v 0.871415 0.007531 2.098005
v 0.871986 0.008796 2.097205
v 0.869348 0.006982 2.099193
v 0.870549 0.006958 2.098559
v 0.871609 0.007759 2.097809
v 0.869592 0.006889 2.099048
v 0.870818 0.007053 2.098380
v 0.871768 0.008016 2.097610
v 0.869854 0.006835 2.098893
v 0.871074 0.007192 2.098195
v 0.871888 0.008296 2.097408
v 0.870128 0.006824 2.098730
v 0.871309 0.007370 2.098005
v 0.871965 0.008592 2.097205
v 0.869209 0.006963 2.099193
v 0.870406 0.006857 2.098559
v 0.871518 0.007584 2.097809
v 0.869446 0.006853 2.099048
v 0.870681 0.006934 2.098380
v 0.871694 0.007830 2.097610
v 0.869704 0.006782 2.098893
v 0.870946 0.007054 2.098195
v 0.871833 0.008101 2.097408
v 0.869976 0.006752 2.098730
v 0.871193 0.007216 2.098005
v 0.871930 0.008391 2.097205
v 0.869070 0.006954 2.099193
v 0.870256 0.006766 2.098559
v 0.871416 0.007416 2.097809
v 0.869299 0.006828 2.099048
v 0.870536 0.006824 2.098380
v 0.871608 0.007649 2.097610
v 0.869551 0.006739 2.098893
v 0.870808 0.006926 2.098195
v 0.871765 0.007910 2.097408
v 0.869821 0.006691 2.098730
v 0.871066 0.007071 2.098005
v 0.871882 0.008192 2.097205
v 0.870101 0.006685 2.098559
v 0.871302 0.007255 2.097809
v 0.869150 0.006813 2.099048
v 0.870384 0.006724 2.098380
v 0.871510 0.007474 2.097610
v 0.869395 0.006707 2.098893
v 0.870663 0.006807 2.098195
v 0.871684 0.007724 2.097408
v 0.869661 0.006640 2.098730
v 0.870929 0.006934 2.098005
v 0.871820 0.007998 2.097205
v 0.869940 0.006615 2.098559
v 0.871177 0.007102 2.097809
v 0.870225 0.006635 2.098380
v 0.871400 0.007306 2.097610
v 0.869238 0.006685 2.098893
v 0.870509 0.006699 2.098195
v 0.871591 0.007543 2.097408
v 0.869499 0.006600 2.098730
v 0.870784 0.006807 2.098005
v 0.871745 0.007808 2.097205
v 0.869775 0.006557 2.098559
v 0.871043 0.006957 2.097809
v 0.870061 0.006557 2.098380
v 0.871278 0.007146 2.097610
v 0.869079 0.006674 2.098893
v 0.870349 0.006602 2.098195
v 0.871485 0.007370 2.097408
v 0.869334 0.006572 2.098730
v 0.870630 0.006691 2.098005
v 0.871657 0.007623 2.097205
v 0.869607 0.006510 2.098559
v 0.870898 0.006823 2.097809
v 0.869892 0.006490 2.098380
v 0.871147 0.006995 2.097610
v 0.870182 0.006515 2.098195
v 0.871368 0.007204 2.097408
v 0.869167 0.006555 2.098730
v 0.870469 0.006585 2.098005
v 0.871557 0.007445 2.097205
v 0.869436 0.006474 2.098559
v 0.870745 0.006698 2.097809
v 0.869719 0.006435 2.098380
v 0.871005 0.006853 2.097610
v 0.870009 0.006440 2.098195
v 0.871240 0.007047 2.097408
v 0.870301 0.006490 2.098005
v 0.871445 0.007274 2.097205
v 0.869262 0.006450 2.098559
v 0.870584 0.006584 2.097809
v 0.869542 0.006392 2.098380
v 0.870854 0.006722 2.097610
v 0.869832 0.006377 2.098195
v 0.871102 0.006898 2.097408
v 0.870126 0.006407 2.098005
v 0.871322 0.007111 2.097205
v 0.869088 0.006438 2.098559
v 0.870416 0.006482 2.097809
v 0.869363 0.006361 2.098380
v 0.870694 0.006600 2.097610
v 0.869651 0.006327 2.098195
v 0.870953 0.006760 2.097408
v 0.869947 0.006336 2.098005
v 0.871187 0.006957 2.097205
v 0.870241 0.006391 2.097809
v 0.869182 0.006343 2.098380
v 0.870526 0.006490 2.097610
v 0.869468 0.006288 2.098195
v 0.870796 0.006632 2.097408
v 0.869763 0.006278 2.098005
v 0.871043 0.006813 2.097205
v 0.870060 0.006313 2.097809
v 0.870351 0.006392 2.097610
v 0.869281 0.006263 2.098195
v 0.870630 0.006515 2.097408
v 0.869575 0.006232 2.098005
v 0.870889 0.006678 2.097205
v 0.869874 0.006247 2.097809
v 0.870170 0.006306 2.097610
v 0.869094 0.006250 2.098195
v 0.870457 0.006409 2.097408
v 0.869385 0.006200 2.098005
v 0.870726 0.006555 2.097205
v 0.869684 0.006193 2.097809
v 0.869984 0.006232 2.097610
v 0.870276 0.006316 2.097408
v 0.869193 0.006180 2.098005
v 0.870555 0.006443 2.097205
v 0.869491 0.006153 2.097809
v 0.869792 0.006172 2.097610
v 0.870090 0.006235 2.097408
v 0.870377 0.006343 2.097205
v 0.869295 0.006126 2.097809
v 0.869598 0.006124 2.097610
v 0.869899 0.006167 2.097408
v 0.870192 0.006255 2.097205
v 0.869099 0.006113 2.097809
v 0.869400 0.006090 2.097610
v 0.869704 0.006112 2.097408
v 0.870002 0.006180 2.097205
v 0.869200 0.006070 2.097610
v 0.869505 0.006071 2.097408
v 0.869808 0.006118 2.097205
v 0.869304 0.006044 2.097408
v 0.869609 0.006070 2.097205
v 0.869101 0.006030 2.097408
v 0.869408 0.006035 2.097205
v 0.869204 0.006014 2.097205
v 0.872000 0.009000 0.023000
v 0.872000 0.009000 2.097000
v 0.872000 0.048000 0.023000
v 0.872000 0.048000 2.097000
v 0.869000 0.048000 0.020000
v 0.869147 0.048000 0.020004
v 0.869294 0.048000 0.020014
v 0.869440 0.048000 0.020032
v 0.869585 0.048000 0.020058
v 0.869729 0.048000 0.020090
v 0.869871 0.048000 0.020129
v 0.870011 0.048000 0.020175
v 0.870148 0.048000 0.020228
v 0.870283 0.048000 0.020288
v 0.870414 0.048000 0.020354
v 0.870542 0.048000 0.020427
v 0.870667 0.048000 0.020506
v 0.870787 0.048000 0.020590
v 0.870903 0.048000 0.020681
v 0.871015 0.048000 0.020777
v 0.871121 0.048000 0.020879
v 0.871223 0.048000 0.020985
v 0.871319 0.048000 0.021097
v 0.871410 0.048000 0.021213
v 0.871494 0.048000 0.021333
v 0.871573 0.048000 0.021458
v 0.871646 0.048000 0.021586
v 0.871712 0.048000 0.021717
v 0.871772 0.048000 0.021852
v 0.871825 0.048000 0.021989
v 0.871871 0.048000 0.022129
v 0.871910 0.048000 0.022271
v 0.871942 0.048000 0.022415
v 0.871968 0.048000 0.022560
v 0.871986 0.048000 0.022706
v 0.871996 0.048000 0.022853
v 0.872000 0.048000 0.023000
v 0.869000 0.048000 0.020000
v 0.869000 0.048147 0.020004
v 0.869000 0.048294 0.020014
v 0.869000 0.048440 0.020032
v 0.869000 0.048585 0.020058
v 0.869000 0.048729 0.020090
v 0.869000 0.048871 0.020129
v 0.869000 0.049011 0.020175
v 0.869000 0.049148 0.020228
v 0.869000 0.049283 0.020288
v 0.869000 0.049414 0.020354
v 0.869000 0.049542 0.020427
v 0.869000 0.049667 0.020506
v 0.869000 0.049787 0.020590
v 0.869000 0.049903 0.020681
v 0.869000 0.050015 0.020777
v 0.869000 0.050121 0.020879
v 0.869000 0.050223 0.020985
v 0.869000 0.050319 0.021097
v 0.869000 0.050410 0.021213
v 0.869000 0.050494 0.021333
v 0.869000 0.050573 0.021458
v 0.869000 0.050646 0.021586
v 0.869000 0.050712 0.021717
v 0.869000 0.050772 0.021852
v 0.869000 0.050825 0.021989
v 0.869000 0.050871 0.022129
v 0.869000 0.050910 0.022271
v 0.869000 0.050942 0.022415
v 0.869000 0.050968 0.022560
v 0.869000 0.050986 0.022706
v 0.869000 0.050996 0.022853
v 0.869000 0.051000 0.023000
v 0.871996 0.048147 0.023000
v 0.871986 0.048294 0.023000
v 0.871968 0.048440 0.023000
v 0.871942 0.048585 0.023000
v 0.871910 0.048729 0.023000
v 0.871871 0.048871 0.023000
v 0.871825 0.049011 0.023000
v 0.871772 0.049148 0.023000
v 0.871712 0.049283 0.023000
v 0.871646 0.049414 0.023000
v 0.871573 0.049542 0.023000
v 0.871494 0.049667 0.023000
v 0.871410 0.049787 0.023000
v 0.871319 0.049903 0.023000
v 0.871223 0.050015 0.023000
v 0.871121 0.050121 0.023000
v 0.871015 0.050223 0.023000
v 0.870903 0.050319 0.023000
v 0.870787 0.050410 0.023000
v 0.870667 0.050494 0.023000
v 0.870542 0.050573 0.023000
v 0.870414 0.050646 0.023000
v 0.870283 0.050712 0.023000
v 0.870148 0.050772 0.023000
v 0.870011 0.050825 0.023000
v 0.869871 0.050871 0.023000
v 0.869729 0.050910 0.023000
v 0.869585 0.050942 0.023000
v 0.869440 0.050968 0.023000
v 0.869294 0.050986 0.023000
v 0.869147 0.050996 0.023000
v 0.869205 0.048007 0.020007
v 0.869204 0.048021 0.020007
v 0.869202 0.048035 0.020007
v 0.869408 0.048028 0.020028
v 0.869199 0.048048 0.020007
v 0.869405 0.048056 0.020028
v 0.869610 0.048021 0.020063
v 0.869195 0.048062 0.020007
v 0.869400 0.048083 0.020028
v 0.869607 0.048062 0.020063
v 0.869190 0.048075 0.020007
v 0.869393 0.048110 0.020028
v 0.869601 0.048104 0.020063
v 0.869808 0.048055 0.020111
v 0.869185 0.048088 0.020007
v 0.869385 0.048137 0.020028
v 0.869593 0.048145 0.020063
v 0.869802 0.048110 0.020111
v 0.869178 0.048100 0.020007
v 0.870004 0.048034 0.020173
v 0.869375 0.048163 0.020028
v 0.869582 0.048185 0.020063
v 0.869792 0.048165 0.020111
v 0.869171 0.048112 0.020007
v 0.869999 0.048103 0.020173
v 0.869363 0.048188 0.020028
v 0.869568 0.048224 0.020063
v 0.869779 0.048218 0.020111
v 0.869163 0.048124 0.020007
v 0.869990 0.048171 0.020173
v 0.869349 0.048212 0.020028
v 0.870192 0.048082 0.020248
v 0.869551 0.048262 0.020063
v 0.869763 0.048271 0.020111
v 0.869154 0.048135 0.020007
v 0.869976 0.048238 0.020173
v 0.869334 0.048236 0.020028
v 0.870184 0.048163 0.020248
v 0.869532 0.048299 0.020063
v 0.870379 0.048047 0.020336
v 0.869742 0.048322 0.020111
v 0.869145 0.048145 0.020007
v 0.869958 0.048304 0.020173
v 0.869317 0.048258 0.020028
v 0.870170 0.048243 0.020248
v 0.869510 0.048335 0.020063
v 0.870373 0.048141 0.020336
v 0.869719 0.048372 0.020111
v 0.869135 0.048154 0.020007
v 0.869935 0.048369 0.020173
v 0.869299 0.048279 0.020028
v 0.870151 0.048322 0.020248
v 0.869486 0.048369 0.020063
v 0.870360 0.048235 0.020336
v 0.869692 0.048421 0.020111
v 0.870555 0.048106 0.020437
v 0.869124 0.048163 0.020007
v 0.869907 0.048431 0.020173
v 0.869279 0.048299 0.020028
v 0.870126 0.048400 0.020248
v 0.869460 0.048401 0.020063
v 0.870341 0.048327 0.020336
v 0.869661 0.048467 0.020111
v 0.870544 0.048212 0.020437
v 0.869112 0.048171 0.020007
v 0.869876 0.048492 0.020173
v 0.870729 0.048059 0.020549
v 0.869258 0.048317 0.020028
v 0.870096 0.048476 0.020248
v 0.869432 0.048432 0.020063
v 0.870316 0.048418 0.020336
v 0.869628 0.048511 0.020111
v 0.870526 0.048317 0.020437
v 0.869100 0.048178 0.020007
v 0.869840 0.048551 0.020173
v 0.870721 0.048177 0.020549
v 0.869236 0.048334 0.020028
v 0.870061 0.048550 0.020248
v 0.869401 0.048460 0.020063
v 0.870284 0.048506 0.020336
v 0.869592 0.048552 0.020111
v 0.870501 0.048421 0.020437
v 0.869088 0.048185 0.020007
v 0.869801 0.048607 0.020173
v 0.870705 0.048294 0.020549
v 0.869212 0.048349 0.020028
v 0.870021 0.048621 0.020248
v 0.870889 0.048129 0.020673
v 0.869369 0.048486 0.020063
v 0.870246 0.048593 0.020336
v 0.869552 0.048592 0.020111
v 0.870469 0.048522 0.020437
v 0.869075 0.048190 0.020007
v 0.869757 0.048660 0.020173
v 0.870681 0.048410 0.020549
v 0.869188 0.048363 0.020028
v 0.869976 0.048689 0.020248
v 0.870876 0.048258 0.020673
v 0.869335 0.048510 0.020063
v 0.870203 0.048676 0.020336
v 0.871046 0.048070 0.020807
v 0.869511 0.048628 0.020111
v 0.870430 0.048621 0.020437
v 0.869062 0.048195 0.020007
v 0.869710 0.048710 0.020173
v 0.870649 0.048523 0.020549
v 0.869163 0.048375 0.020028
v 0.869927 0.048754 0.020248
v 0.870854 0.048385 0.020673
v 0.869299 0.048532 0.020063
v 0.870154 0.048757 0.020336
v 0.871037 0.048209 0.020807
v 0.869467 0.048661 0.020111
v 0.870384 0.048717 0.020437
v 0.869048 0.048199 0.020007
v 0.869660 0.048757 0.020173
v 0.870609 0.048635 0.020549
v 0.869137 0.048385 0.020028
v 0.869873 0.048816 0.020248
v 0.870823 0.048511 0.020673
v 0.869262 0.048551 0.020063
v 0.870100 0.048834 0.020336
v 0.871018 0.048348 0.020807
v 0.869421 0.048692 0.020111
v 0.870332 0.048810 0.020437
v 0.871187 0.048150 0.020952
v 0.869035 0.048202 0.020007
v 0.869607 0.048801 0.020173
v 0.870562 0.048743 0.020549
v 0.869110 0.048393 0.020028
v 0.869816 0.048873 0.020248
v 0.870784 0.048634 0.020673
v 0.869224 0.048568 0.020063
v 0.870040 0.048907 0.020336
v 0.870989 0.048485 0.020807
v 0.869372 0.048719 0.020111
v 0.870273 0.048899 0.020437
v 0.871172 0.048299 0.020952
v 0.869021 0.048204 0.020007
v 0.869551 0.048840 0.020173
v 0.870508 0.048848 0.020549
v 0.871326 0.048079 0.021107
v 0.869083 0.048400 0.020028
v 0.869754 0.048927 0.020248
v 0.870737 0.048754 0.020673
v 0.869185 0.048582 0.020063
v 0.869976 0.048976 0.020336
v 0.870952 0.048619 0.020807
v 0.869322 0.048742 0.020111
v 0.870209 0.048984 0.020437
v 0.871147 0.048446 0.020952
v 0.869007 0.048205 0.020007
v 0.869492 0.048876 0.020173
v 0.870447 0.048949 0.020549
v 0.871315 0.048238 0.021107
v 0.869056 0.048405 0.020028
v 0.869689 0.048976 0.020248
v 0.870681 0.048871 0.020673
v 0.869145 0.048593 0.020063
v 0.869907 0.049040 0.020336
v 0.870905 0.048751 0.020807
v 0.869271 0.048763 0.020111
v 0.870139 0.049064 0.020437
v 0.871111 0.048592 0.020952
v 0.869431 0.048907 0.020173
v 0.870379 0.049045 0.020549
v 0.871293 0.048395 0.021107
v 0.869028 0.048408 0.020028
v 0.869621 0.049021 0.020248
v 0.870618 0.048984 0.020673
v 0.871445 0.048167 0.021270
v 0.869104 0.048601 0.020063
v 0.869834 0.049100 0.020336
v 0.870849 0.048879 0.020807
v 0.869218 0.048779 0.020111
v 0.870064 0.049139 0.020437
v 0.871066 0.048734 0.020952
v 0.869369 0.048935 0.020173
v 0.870304 0.049137 0.020549
v 0.871261 0.048551 0.021107
v 0.869550 0.049061 0.020248
v 0.870547 0.049092 0.020673
v 0.871428 0.048334 0.021270
v 0.869062 0.048607 0.020063
v 0.869757 0.049154 0.020336
v 0.870785 0.049004 0.020807
v 0.871562 0.048088 0.021441
v 0.869165 0.048792 0.020111
v 0.869984 0.049209 0.020437
v 0.871011 0.048873 0.020952
v 0.869304 0.048958 0.020173
v 0.870223 0.049223 0.020549
v 0.871218 0.048704 0.021107
v 0.869476 0.049096 0.020248
v 0.870469 0.049195 0.020673
v 0.871400 0.048499 0.021270
v 0.869021 0.048610 0.020063
v 0.869676 0.049203 0.020336
v 0.870712 0.049123 0.020807
v 0.871550 0.048262 0.021441
v 0.869110 0.048802 0.020111
v 0.869899 0.049273 0.020437
v 0.870947 0.049009 0.020952
v 0.869238 0.048976 0.020173
v 0.870137 0.049304 0.020549
v 0.871165 0.048854 0.021107
v 0.869400 0.049126 0.020248
v 0.870384 0.049292 0.020673
v 0.871360 0.048661 0.021270
v 0.869593 0.049246 0.020336
v 0.870632 0.049237 0.020807
v 0.871526 0.048436 0.021441
v 0.869055 0.048808 0.020111
v 0.869810 0.049332 0.020437
v 0.870873 0.049139 0.020952
v 0.871657 0.048182 0.021620
v 0.869171 0.048990 0.020173
v 0.870045 0.049379 0.020549
v 0.871102 0.048999 0.021107
v 0.869322 0.049151 0.020248
v 0.870292 0.049384 0.020673
v 0.871309 0.048821 0.021270
v 0.869506 0.049284 0.020336
v 0.870543 0.049346 0.020807
v 0.871490 0.048607 0.021441
v 0.869717 0.049384 0.020437
v 0.870791 0.049264 0.020952
v 0.871639 0.048363 0.021620
v 0.869103 0.048999 0.020173
v 0.869949 0.049447 0.020549
v 0.871028 0.049141 0.021107
v 0.871750 0.048094 0.021805
v 0.869243 0.049170 0.020248
v 0.870195 0.049469 0.020673
v 0.871248 0.048976 0.021270
v 0.869418 0.049316 0.020336
v 0.870448 0.049448 0.020807
v 0.871443 0.048775 0.021441
v 0.869621 0.049430 0.020437
v 0.870701 0.049384 0.020952
v 0.871608 0.048542 0.021620
v 0.869034 0.049004 0.020173
v 0.869848 0.049508 0.020549
v 0.870946 0.049276 0.021107
v 0.871737 0.048281 0.021805
v 0.869163 0.049184 0.020248
v 0.870092 0.049547 0.020673
v 0.871176 0.049128 0.021270
v 0.869327 0.049341 0.020336
v 0.870346 0.049543 0.020807
v 0.871385 0.048940 0.021441
v 0.869522 0.049469 0.020437
v 0.870602 0.049497 0.020952
v 0.871565 0.048719 0.021620
v 0.869743 0.049562 0.020549
v 0.870854 0.049406 0.021107
v 0.871712 0.048468 0.021805
v 0.869082 0.049192 0.020248
v 0.869984 0.049618 0.020673
v 0.871094 0.049273 0.021270
v 0.871820 0.048193 0.021995
v 0.869235 0.049360 0.020336
v 0.870237 0.049632 0.020807
v 0.871315 0.049101 0.021441
v 0.869421 0.049501 0.020437
v 0.870497 0.049602 0.020952
v 0.871510 0.048892 0.021620
v 0.869635 0.049609 0.020549
v 0.870754 0.049529 0.021107
v 0.871673 0.048651 0.021805
v 0.869871 0.049681 0.020673
v 0.871002 0.049413 0.021270
v 0.871800 0.048385 0.021995
v 0.869141 0.049373 0.020336
v 0.870123 0.049712 0.020807
v 0.871234 0.049256 0.021441
v 0.871887 0.048099 0.022191
v 0.869317 0.049526 0.020437
v 0.870384 0.049701 0.020952
v 0.871443 0.049061 0.021620
v 0.869523 0.049649 0.020549
v 0.870646 0.049646 0.021107
v 0.871623 0.048832 0.021805
v 0.869754 0.049737 0.020673
v 0.870901 0.049547 0.021270
v 0.871768 0.048575 0.021995
v 0.869047 0.049379 0.020336
v 0.870004 0.049785 0.020807
v 0.871143 0.049406 0.021441
v 0.871874 0.048295 0.022191
v 0.869212 0.049544 0.020437
v 0.870264 0.049791 0.020952
v 0.871365 0.049225 0.021620
v 0.869410 0.049681 0.020549
v 0.870529 0.049754 0.021107
v 0.871560 0.049009 0.021805
v 0.869634 0.049784 0.020673
v 0.870791 0.049673 0.021270
v 0.871722 0.048763 0.021995
v 0.869879 0.049849 0.020807
v 0.871042 0.049549 0.021441
v 0.871847 0.048491 0.022191
v 0.869106 0.049555 0.020437
v 0.870139 0.049873 0.020952
v 0.871276 0.049384 0.021620
v 0.871930 0.048200 0.022390
v 0.869294 0.049705 0.020549
v 0.870406 0.049854 0.021107
v 0.871485 0.049182 0.021805
v 0.869511 0.049823 0.020673
v 0.870673 0.049791 0.021270
v 0.871664 0.048947 0.021995
v 0.869751 0.049905 0.020807
v 0.870932 0.049685 0.021441
v 0.871807 0.048684 0.022191
v 0.870009 0.049947 0.020952
v 0.871176 0.049536 0.021620
v 0.871910 0.048400 0.022390
v 0.869177 0.049721 0.020549
v 0.870276 0.049946 0.021107
v 0.871398 0.049349 0.021805
v 0.871970 0.048101 0.022592
v 0.869385 0.049854 0.020673
v 0.870547 0.049901 0.021270
v 0.871593 0.049126 0.021995
v 0.869619 0.049952 0.020807
v 0.870812 0.049812 0.021441
v 0.871753 0.048874 0.022191
v 0.869873 0.050011 0.020952
v 0.871066 0.049681 0.021620
v 0.871876 0.048598 0.022390
v 0.869059 0.049729 0.020549
v 0.870141 0.050028 0.021107
v 0.871301 0.049509 0.021805
v 0.871956 0.048304 0.022592
v 0.869258 0.049876 0.020673
v 0.870413 0.050002 0.021270
v 0.871510 0.049301 0.021995
v 0.869485 0.049989 0.020807
v 0.870685 0.049932 0.021441
v 0.871687 0.049060 0.022191
v 0.869734 0.050066 0.020952
v 0.870947 0.049818 0.021620
v 0.871828 0.048792 0.022390
v 0.869999 0.050102 0.021107
v 0.871193 0.049663 0.021805
v 0.871929 0.048505 0.022592
v 0.869129 0.049889 0.020673
v 0.870273 0.050094 0.021270
v 0.871415 0.049469 0.021995
v 0.871986 0.048204 0.022795
v 0.869348 0.050018 0.020807
v 0.870549 0.050042 0.021441
v 0.871609 0.049241 0.022191
v 0.869592 0.050111 0.020952
v 0.870818 0.049947 0.021620
v 0.871768 0.048984 0.022390
v 0.869854 0.050165 0.021107
v 0.871074 0.049808 0.021805
v 0.871888 0.048704 0.022592
v 0.870128 0.050176 0.021270
v 0.871309 0.049630 0.021995
v 0.871965 0.048408 0.022795
v 0.869209 0.050037 0.020807
v 0.870406 0.050143 0.021441
v 0.871518 0.049416 0.022191
v 0.869446 0.050147 0.020952
v 0.870681 0.050066 0.021620
v 0.871694 0.049170 0.022390
v 0.869704 0.050218 0.021107
v 0.870946 0.049946 0.021805
v 0.871833 0.048899 0.022592
v 0.869976 0.050248 0.021270
v 0.871193 0.049784 0.021995
v 0.871930 0.048609 0.022795
v 0.869070 0.050046 0.020807
v 0.870256 0.050234 0.021441
v 0.871416 0.049584 0.022191
v 0.869299 0.050172 0.020952
v 0.870536 0.050176 0.021620
v 0.871608 0.049351 0.022390
v 0.869551 0.050261 0.021107
v 0.870808 0.050074 0.021805
v 0.871765 0.049090 0.022592
v 0.869821 0.050309 0.021270
v 0.871066 0.049929 0.021995
v 0.871882 0.048808 0.022795
v 0.870101 0.050315 0.021441
v 0.871302 0.049745 0.022191
v 0.869150 0.050187 0.020952
v 0.870384 0.050276 0.021620
v 0.871510 0.049526 0.022390
v 0.869395 0.050293 0.021107
v 0.870663 0.050193 0.021805
v 0.871684 0.049276 0.022592
v 0.869661 0.050360 0.021270
v 0.870929 0.050066 0.021995
v 0.871820 0.049002 0.022795
v 0.869940 0.050385 0.021441
v 0.871177 0.049898 0.022191
v 0.870225 0.050365 0.021620
v 0.871400 0.049694 0.022390
v 0.869238 0.050315 0.021107
v 0.870509 0.050301 0.021805
v 0.871591 0.049457 0.022592
v 0.869499 0.050400 0.021270
v 0.870784 0.050193 0.021995
v 0.871745 0.049192 0.022795
v 0.869775 0.050443 0.021441
v 0.871043 0.050043 0.022191
v 0.870061 0.050443 0.021620
v 0.871278 0.049854 0.022390
v 0.869079 0.050326 0.021107
v 0.870349 0.050398 0.021805
v 0.871485 0.049630 0.022592
v 0.869334 0.050428 0.021270
v 0.870630 0.050309 0.021995
v 0.871657 0.049377 0.022795
v 0.869607 0.050490 0.021441
v 0.870898 0.050177 0.022191
v 0.869892 0.050510 0.021620
v 0.871147 0.050005 0.022390
v 0.870182 0.050485 0.021805
v 0.871368 0.049796 0.022592
v 0.869167 0.050445 0.021270
v 0.870469 0.050415 0.021995
v 0.871557 0.049555 0.022795
v 0.869436 0.050526 0.021441
v 0.870745 0.050302 0.022191
v 0.869719 0.050565 0.021620
v 0.871005 0.050147 0.022390
v 0.870009 0.050560 0.021805
v 0.871240 0.049953 0.022592
v 0.870301 0.050510 0.021995
v 0.871445 0.049726 0.022795
v 0.869262 0.050550 0.021441
v 0.870584 0.050416 0.022191
v 0.869542 0.050608 0.021620
v 0.870854 0.050278 0.022390
v 0.869832 0.050623 0.021805
v 0.871102 0.050102 0.022592
v 0.870126 0.050593 0.021995
v 0.871322 0.049889 0.022795
v 0.869088 0.050562 0.021441
v 0.870416 0.050518 0.022191
v 0.869363 0.050639 0.021620
v 0.870694 0.050400 0.022390
v 0.869651 0.050673 0.021805
v 0.870953 0.050240 0.022592
v 0.869947 0.050664 0.021995
v 0.871187 0.050043 0.022795
v 0.870241 0.050609 0.022191
v 0.869182 0.050657 0.021620
v 0.870526 0.050510 0.022390
v 0.869468 0.050712 0.021805
v 0.870796 0.050368 0.022592
v 0.869763 0.050722 0.021995
v 0.871043 0.050187 0.022795
v 0.870060 0.050687 0.022191
v 0.870351 0.050608 0.022390
v 0.869281 0.050737 0.021805
v 0.870630 0.050485 0.022592
v 0.869575 0.050768 0.021995
v 0.870889 0.050322 0.022795
v 0.869874 0.050753 0.022191
v 0.870170 0.050694 0.022390
v 0.869094 0.050750 0.021805
v 0.870457 0.050591 0.022592
v 0.869385 0.050800 0.021995
v 0.870726 0.050445 0.022795
v 0.869684 0.050807 0.022191
v 0.869984 0.050768 0.022390
v 0.870276 0.050684 0.022592
v 0.869193 0.050820 0.021995
v 0.870555 0.050557 0.022795
v 0.869491 0.050847 0.022191
v 0.869792 0.050828 0.022390
v 0.870090 0.050765 0.022592
v 0.870377 0.050657 0.022795
v 0.869295 0.050874 0.022191
v 0.869598 0.050876 0.022390
v 0.869899 0.050833 0.022592
v 0.870192 0.050745 0.022795
v 0.869099 0.050887 0.022191
v 0.869400 0.050910 0.022390
v 0.869704 0.050888 0.022592
v 0.870002 0.050820 0.022795
v 0.869200 0.050930 0.022390
v 0.869505 0.050929 0.022592
v 0.869808 0.050882 0.022795
v 0.869304 0.050956 0.022592
v 0.869609 0.050930 0.022795
v 0.869101 0.050970 0.022592
v 0.869408 0.050965 0.022795
v 0.869204 0.050986 0.022795
v 0.869000 0.051000 2.097000
v 0.869147 0.050996 2.097000
v 0.869294 0.050986 2.097000
v 0.869440 0.050968 2.097000
v 0.869585 0.050942 2.097000
v 0.869729 0.050910 2.097000
v 0.869871 0.050871 2.097000
v 0.870011 0.050825 2.097000
v 0.870148 0.050772 2.097000
v 0.870283 0.050712 2.097000
v 0.870414 0.050646 2.097000
v 0.870542 0.050573 2.097000
v 0.870667 0.050494 2.097000
v 0.870787 0.050410 2.097000
v 0.870903 0.050319 2.097000
v 0.871015 0.050223 2.097000
v 0.871121 0.050121 2.097000
v 0.871223 0.050015 2.097000
v 0.871319 0.049903 2.097000
v 0.871410 0.049787 2.097000
v 0.871494 0.049667 2.097000
v 0.871573 0.049542 2.097000
v 0.871646 0.049414 2.097000
v 0.871712 0.049283 2.097000
v 0.871772 0.049148 2.097000
v 0.871825 0.049011 2.097000
v 0.871871 0.048871 2.097000
v 0.871910 0.048729 2.097000
v 0.871942 0.048585 2.097000
v 0.871968 0.048440 2.097000
v 0.871986 0.048294 2.097000
v 0.871996 0.048147 2.097000
v 0.872000 0.048000 2.097000
v 0.869000 0.051000 2.097000
v 0.869000 0.050996 2.097147
v 0.869000 0.050986 2.097294
v 0.869000 0.050968 2.097440
v 0.869000 0.050942 2.097585
v 0.869000 0.050910 2.097729
v 0.869000 0.050871 2.097871
v 0.869000 0.050825 2.098011
v 0.869000 0.050772 2.098148
v 0.869000 0.050712 2.098283
v 0.869000 0.050646 2.098414
v 0.869000 0.050573 2.098542
v 0.869000 0.050494 2.098667
v 0.869000 0.050410 2.098787
v 0.869000 0.050319 2.098903
v 0.869000 0.050223 2.099015
v 0.869000 0.050121 2.099121
v 0.869000 0.050015 2.099223
v 0.869000 0.049903 2.099319
v 0.869000 0.049787 2.099410
v 0.869000 0.049667 2.099494
v 0.869000 0.049542 2.099573
v 0.869000 0.049414 2.099646
v 0.869000 0.049283 2.099712
v 0.869000 0.049148 2.099772
v 0.869000 0.049011 2.099825
v 0.869000 0.048871 2.099871
v 0.869000 0.048729 2.099910
v 0.869000 0.048585 2.099942
v 0.869000 0.048440 2.099968
v 0.869000 0.048294 2.099986
v 0.869000 0.048147 2.099996
v 0.869000 0.048000 2.100000
v 0.871996 0.048000 2.097147
v 0.871986 0.048000 2.097294
v 0.871968 0.048000 2.097440
v 0.871942 0.048000 2.097585
v 0.871910 0.048000 2.097729
v 0.871871 0.048000 2.097871
v 0.871825 0.048000 2.098011
v 0.871772 0.048000 2.098148
v 0.871712 0.048000 2.098283
v 0.871646 0.048000 2.098414
v 0.871573 0.048000 2.098542
v 0.871494 0.048000 2.098667
v 0.871410 0.048000 2.098787
v 0.871319 0.048000 2.098903
v 0.871223 0.048000 2.099015
v 0.871121 0.048000 2.099121
v 0.871015 0.048000 2.099223
v 0.870903 0.048000 2.099319
v 0.870787 0.048000 2.099410
v 0.870667 0.048000 2.099494
v 0.870542 0.048000 2.099573
v 0.870414 0.048000 2.099646
v 0.870283 0.048000 2.099712
v 0.870148 0.048000 2.099772
v 0.870011 0.048000 2.099825
v 0.869871 0.048000 2.099871
v 0.869729 0.048000 2.099910
v 0.869585 0.048000 2.099942
v 0.869440 0.048000 2.099968
v 0.869294 0.048000 2.099986
v 0.869147 0.048000 2.099996
v 0.869205 0.050993 2.097007
v 0.869204 0.050993 2.097021
v 0.869202 0.050993 2.097035
v 0.869408 0.050972 2.097028
v 0.869199 0.050993 2.097048
v 0.869405 0.050972 2.097056
v 0.869610 0.050937 2.097021
v 0.869195 0.050993 2.097062
v 0.869400 0.050972 2.097083
v 0.869607 0.050937 2.097062
v 0.869190 0.050993 2.097075
v 0.869393 0.050972 2.097110
v 0.869601 0.050937 2.097104
v 0.869808 0.050889 2.097055
v 0.869185 0.050993 2.097088
v 0.869385 0.050972 2.097137
v 0.869593 0.050937 2.097145
v 0.869802 0.050889 2.097110
v 0.869178 0.050993 2.097100
v 0.870004 0.050827 2.097034
v 0.869375 0.050972 2.097163
v 0.869582 0.050937 2.097185
v 0.869792 0.050889 2.097165
v 0.869171 0.050993 2.097112
v 0.869999 0.050827 2.097103
v 0.869363 0.050972 2.097188
v 0.869568 0.050937 2.097224
v 0.869779 0.050889 2.097218
v 0.869163 0.050993 2.097124
v 0.869990 0.050827 2.097171
v 0.869349 0.050972 2.097212
v 0.870192 0.050752 2.097082
v 0.869551 0.050937 2.097262
v 0.869763 0.050889 2.097271
v 0.869154 0.050993 2.097135
v 0.869976 0.050827 2.097238
v 0.869334 0.050972 2.097236
v 0.870184 0.050752 2.097163
v 0.869532 0.050937 2.097299
v 0.870379 0.050664 2.097047
v 0.869742 0.050889 2.097322
v 0.869145 0.050993 2.097145
v 0.869958 0.050827 2.097304
v 0.869317 0.050972 2.097258
v 0.870170 0.050752 2.097243
v 0.869510 0.050937 2.097335
v 0.870373 0.050664 2.097141
v 0.869719 0.050889 2.097372
v 0.869135 0.050993 2.097154
v 0.869935 0.050827 2.097369
v 0.869299 0.050972 2.097279
v 0.870151 0.050752 2.097322
v 0.869486 0.050937 2.097369
v 0.870360 0.050664 2.097235
v 0.869692 0.050889 2.097421
v 0.870555 0.050563 2.097106
v 0.869124 0.050993 2.097163
v 0.869907 0.050827 2.097431
v 0.869279 0.050972 2.097299
v 0.870126 0.050752 2.097400
v 0.869460 0.050937 2.097401
v 0.870341 0.050664 2.097327
v 0.869661 0.050889 2.097467
v 0.870544 0.050563 2.097212
v 0.869112 0.050993 2.097171
v 0.869876 0.050827 2.097492
v 0.870729 0.050451 2.097059
v 0.869258 0.050972 2.097317
v 0.870096 0.050752 2.097476
v 0.869432 0.050937 2.097432
v 0.870316 0.050664 2.097418
v 0.869628 0.050889 2.097511
v 0.870526 0.050563 2.097317
v 0.869100 0.050993 2.097178
v 0.869840 0.050827 2.097551
v 0.870721 0.050451 2.097177
v 0.869236 0.050972 2.097334
v 0.870061 0.050752 2.097550
v 0.869401 0.050937 2.097460
v 0.870284 0.050664 2.097506
v 0.869592 0.050889 2.097552
v 0.870501 0.050563 2.097421
v 0.869088 0.050993 2.097185
v 0.869801 0.050827 2.097607
v 0.870705 0.050451 2.097294
v 0.869212 0.050972 2.097349
v 0.870021 0.050752 2.097621
v 0.870889 0.050327 2.097129
v 0.869369 0.050937 2.097486
v 0.870246 0.050664 2.097593
v 0.869552 0.050889 2.097592
v 0.870469 0.050563 2.097522
v 0.869075 0.050993 2.097190
v 0.869757 0.050827 2.097660
v 0.870681 0.050451 2.097410
v 0.869188 0.050972 2.097363
v 0.869976 0.050752 2.097689
v 0.870876 0.050327 2.097258
v 0.869335 0.050937 2.097510
v 0.870203 0.050664 2.097676
v 0.871046 0.050193 2.097070
v 0.869511 0.050889 2.097628
v 0.870430 0.050563 2.097621
v 0.869062 0.050993 2.097195
v 0.869710 0.050827 2.097710
v 0.870649 0.050451 2.097523
v 0.869163 0.050972 2.097375
v 0.869927 0.050752 2.097754
v 0.870854 0.050327 2.097385
v 0.869299 0.050937 2.097532
v 0.870154 0.050664 2.097757
v 0.871037 0.050193 2.097209
v 0.869467 0.050889 2.097661
v 0.870384 0.050563 2.097717
v 0.869048 0.050993 2.097199
v 0.869660 0.050827 2.097757
v 0.870609 0.050451 2.097635
v 0.869137 0.050972 2.097385
v 0.869873 0.050752 2.097816
v 0.870823 0.050327 2.097511
v 0.869262 0.050937 2.097551
v 0.870100 0.050664 2.097834
v 0.871018 0.050193 2.097348
v 0.869421 0.050889 2.097692
v 0.870332 0.050563 2.097810
v 0.871187 0.050048 2.097150
v 0.869035 0.050993 2.097202
v 0.869607 0.050827 2.097801
v 0.870562 0.050451 2.097743
v 0.869110 0.050972 2.097393
v 0.869816 0.050752 2.097873
v 0.870784 0.050327 2.097634
v 0.869224 0.050937 2.097568
v 0.870040 0.050664 2.097907
v 0.870989 0.050193 2.097485
v 0.869372 0.050889 2.097719
v 0.870273 0.050563 2.097899
v 0.871172 0.050048 2.097299
v 0.869021 0.050993 2.097204
v 0.869551 0.050827 2.097840
v 0.870508 0.050451 2.097848
v 0.871326 0.049893 2.097079
v 0.869083 0.050972 2.097400
v 0.869754 0.050752 2.097927
v 0.870737 0.050327 2.097754
v 0.869185 0.050937 2.097582
v 0.869976 0.050664 2.097976
v 0.870952 0.050193 2.097619
v 0.869322 0.050889 2.097742
v 0.870209 0.050563 2.097984
v 0.871147 0.050048 2.097446
v 0.869007 0.050993 2.097205
v 0.869492 0.050827 2.097876
v 0.870447 0.050451 2.097949
v 0.871315 0.049893 2.097238
v 0.869056 0.050972 2.097405
v 0.869689 0.050752 2.097976
v 0.870681 0.050327 2.097871
v 0.869145 0.050937 2.097593
v 0.869907 0.050664 2.098040
v 0.870905 0.050193 2.097751
v 0.869271 0.050889 2.097763
v 0.870139 0.050563 2.098064
v 0.871111 0.050048 2.097592
v 0.869431 0.050827 2.097907
v 0.870379 0.050451 2.098045
v 0.871293 0.049893 2.097395
v 0.869028 0.050972 2.097408
v 0.869621 0.050752 2.098021
v 0.870618 0.050327 2.097984
v 0.871445 0.049730 2.097167
v 0.869104 0.050937 2.097601
v 0.869834 0.050664 2.098100
v 0.870849 0.050193 2.097879
v 0.869218 0.050889 2.097779
v 0.870064 0.050563 2.098139
v 0.871066 0.050048 2.097734
v 0.869369 0.050827 2.097935
v 0.870304 0.050451 2.098137
v 0.871261 0.049893 2.097551
v 0.869550 0.050752 2.098061
v 0.870547 0.050327 2.098092
v 0.871428 0.049730 2.097334
v 0.869062 0.050937 2.097607
v 0.869757 0.050664 2.098154
v 0.870785 0.050193 2.098004
v 0.871562 0.049559 2.097088
v 0.869165 0.050889 2.097792
v 0.869984 0.050563 2.098209
v 0.871011 0.050048 2.097873
v 0.869304 0.050827 2.097958
v 0.870223 0.050451 2.098223
v 0.871218 0.049893 2.097704
v 0.869476 0.050752 2.098096
v 0.870469 0.050327 2.098195
v 0.871400 0.049730 2.097499
v 0.869021 0.050937 2.097610
v 0.869676 0.050664 2.098203
v 0.870712 0.050193 2.098123
v 0.871550 0.049559 2.097262
v 0.869110 0.050889 2.097802
v 0.869899 0.050563 2.098273
v 0.870947 0.050048 2.098009
v 0.869238 0.050827 2.097976
v 0.870137 0.050451 2.098304
v 0.871165 0.049893 2.097854
v 0.869400 0.050752 2.098126
v 0.870384 0.050327 2.098292
v 0.871360 0.049730 2.097661
v 0.869593 0.050664 2.098246
v 0.870632 0.050193 2.098237
v 0.871526 0.049559 2.097436
v 0.869055 0.050889 2.097808
v 0.869810 0.050563 2.098332
v 0.870873 0.050048 2.098139
v 0.871657 0.049380 2.097182
v 0.869171 0.050827 2.097990
v 0.870045 0.050451 2.098379
v 0.871102 0.049893 2.097999
v 0.869322 0.050752 2.098151
v 0.870292 0.050327 2.098384
v 0.871309 0.049730 2.097821
v 0.869506 0.050664 2.098284
v 0.870543 0.050193 2.098346
v 0.871490 0.049559 2.097607
v 0.869717 0.050563 2.098384
v 0.870791 0.050048 2.098264
v 0.871639 0.049380 2.097363
v 0.869103 0.050827 2.097999
v 0.869949 0.050451 2.098447
v 0.871028 0.049893 2.098141
v 0.871750 0.049195 2.097094
v 0.869243 0.050752 2.098170
v 0.870195 0.050327 2.098469
v 0.871248 0.049730 2.097976
v 0.869418 0.050664 2.098316
v 0.870448 0.050193 2.098448
v 0.871443 0.049559 2.097775
v 0.869621 0.050563 2.098430
v 0.870701 0.050048 2.098384
v 0.871608 0.049380 2.097542
v 0.869034 0.050827 2.098004
v 0.869848 0.050451 2.098508
v 0.870946 0.049893 2.098276
v 0.871737 0.049195 2.097281
v 0.869163 0.050752 2.098184
v 0.870092 0.050327 2.098547
v 0.871176 0.049730 2.098128
v 0.869327 0.050664 2.098341
v 0.870346 0.050193 2.098543
v 0.871385 0.049559 2.097940
v 0.869522 0.050563 2.098469
v 0.870602 0.050048 2.098497
v 0.871565 0.049380 2.097719
v 0.869743 0.050451 2.098562
v 0.870854 0.049893 2.098406
v 0.871712 0.049195 2.097468
v 0.869082 0.050752 2.098192
v 0.869984 0.050327 2.098618
v 0.871094 0.049730 2.098273
v 0.871820 0.049005 2.097193
v 0.869235 0.050664 2.098360
v 0.870237 0.050193 2.098632
v 0.871315 0.049559 2.098101
v 0.869421 0.050563 2.098501
v 0.870497 0.050048 2.098602
v 0.871510 0.049380 2.097892
v 0.869635 0.050451 2.098609
v 0.870754 0.049893 2.098529
v 0.871673 0.049195 2.097651
v 0.869871 0.050327 2.098681
v 0.871002 0.049730 2.098413
v 0.871800 0.049005 2.097385
v 0.869141 0.050664 2.098373
v 0.870123 0.050193 2.098712
v 0.871234 0.049559 2.098256
v 0.871887 0.048809 2.097099
v 0.869317 0.050563 2.098526
v 0.870384 0.050048 2.098701
v 0.871443 0.049380 2.098061
v 0.869523 0.050451 2.098649
v 0.870646 0.049893 2.098646
v 0.871623 0.049195 2.097832
v 0.869754 0.050327 2.098737
v 0.870901 0.049730 2.098547
v 0.871768 0.049005 2.097575
v 0.869047 0.050664 2.098379
v 0.870004 0.050193 2.098785
v 0.871143 0.049559 2.098406
v 0.871874 0.048809 2.097295
v 0.869212 0.050563 2.098544
v 0.870264 0.050048 2.098791
v 0.871365 0.049380 2.098225
v 0.869410 0.050451 2.098681
v 0.870529 0.049893 2.098754
v 0.871560 0.049195 2.098009
v 0.869634 0.050327 2.098784
v 0.870791 0.049730 2.098673
v 0.871722 0.049005 2.097763
v 0.869879 0.050193 2.098849
v 0.871042 0.049559 2.098549
v 0.871847 0.048809 2.097491
v 0.869106 0.050563 2.098555
v 0.870139 0.050048 2.098873
v 0.871276 0.049380 2.098384
v 0.871930 0.048610 2.097200
v 0.869294 0.050451 2.098705
v 0.870406 0.049893 2.098854
v 0.871485 0.049195 2.098182
v 0.869511 0.050327 2.098823
v 0.870673 0.049730 2.098791
v 0.871664 0.049005 2.097947
v 0.869751 0.050193 2.098905
v 0.870932 0.049559 2.098685
v 0.871807 0.048809 2.097684
v 0.870009 0.050048 2.098947
v 0.871176 0.049380 2.098536
v 0.871910 0.048610 2.097400
v 0.869177 0.050451 2.098721
v 0.870276 0.049893 2.098946
v 0.871398 0.049195 2.098349
v 0.871970 0.048408 2.097101
v 0.869385 0.050327 2.098854
v 0.870547 0.049730 2.098901
v 0.871593 0.049005 2.098126
v 0.869619 0.050193 2.098952
v 0.870812 0.049559 2.098812
v 0.871753 0.048809 2.097874
v 0.869873 0.050048 2.099011
v 0.871066 0.049380 2.098681
v 0.871876 0.048610 2.097598
v 0.869059 0.050451 2.098729
v 0.870141 0.049893 2.099028
v 0.871301 0.049195 2.098509
v 0.871956 0.048408 2.097304
v 0.869258 0.050327 2.098876
v 0.870413 0.049730 2.099002
v 0.871510 0.049005 2.098301
v 0.869485 0.050193 2.098989
v 0.870685 0.049559 2.098932
v 0.871687 0.048809 2.098060
v 0.869734 0.050048 2.099066
v 0.870947 0.049380 2.098818
v 0.871828 0.048610 2.097792
v 0.869999 0.049893 2.099102
v 0.871193 0.049195 2.098663
v 0.871929 0.048408 2.097505
v 0.869129 0.050327 2.098889
v 0.870273 0.049730 2.099094
v 0.871415 0.049005 2.098469
v 0.871986 0.048205 2.097204
v 0.869348 0.050193 2.099018
v 0.870549 0.049559 2.099042
v 0.871609 0.048809 2.098241
v 0.869592 0.050048 2.099111
v 0.870818 0.049380 2.098947
v 0.871768 0.048610 2.097984
v 0.869854 0.049893 2.099165
v 0.871074 0.049195 2.098808
v 0.871888 0.048408 2.097704
v 0.870128 0.049730 2.099176
v 0.871309 0.049005 2.098630
v 0.871965 0.048205 2.097408
v 0.869209 0.050193 2.099037
v 0.870406 0.049559 2.099143
v 0.871518 0.048809 2.098416
v 0.869446 0.050048 2.099147
v 0.870681 0.049380 2.099066
v 0.871694 0.048610 2.098170
v 0.869704 0.049893 2.099218
v 0.870946 0.049195 2.098946
v 0.871833 0.048408 2.097899
v 0.869976 0.049730 2.099248
v 0.871193 0.049005 2.098784
v 0.871930 0.048205 2.097609
v 0.869070 0.050193 2.099046
v 0.870256 0.049559 2.099234
v 0.871416 0.048809 2.098584
v 0.869299 0.050048 2.099172
v 0.870536 0.049380 2.099176
v 0.871608 0.048610 2.098351
v 0.869551 0.049893 2.099261
v 0.870808 0.049195 2.099074
v 0.871765 0.048408 2.098090
v 0.869821 0.049730 2.099309
v 0.871066 0.049005 2.098929
v 0.871882 0.048205 2.097808
v 0.870101 0.049559 2.099315
v 0.871302 0.048809 2.098745
v 0.869150 0.050048 2.099187
v 0.870384 0.049380 2.099276
v 0.871510 0.048610 2.098526
v 0.869395 0.049893 2.099293
v 0.870663 0.049195 2.099193
v 0.871684 0.048408 2.098276
v 0.869661 0.049730 2.099360
v 0.870929 0.049005 2.099066
v 0.871820 0.048205 2.098002
v 0.869940 0.049559 2.099385
v 0.871177 0.048809 2.098898
v 0.870225 0.049380 2.099365
v 0.871400 0.048610 2.098694
v 0.869238 0.049893 2.099315
v 0.870509 0.049195 2.099301
v 0.871591 0.048408 2.098457
v 0.869499 0.049730 2.099400
v 0.870784 0.049005 2.099193
v 0.871745 0.048205 2.098192
v 0.869775 0.049559 2.099443
v 0.871043 0.048809 2.099043
v 0.870061 0.049380 2.099443
v 0.871278 0.048610 2.098854
v 0.869079 0.049893 2.099326
v 0.870349 0.049195 2.099398
v 0.871485 0.048408 2.098630
v 0.869334 0.049730 2.099428
v 0.870630 0.049005 2.099309
v 0.871657 0.048205 2.098377
v 0.869607 0.049559 2.099490
v 0.870898 0.048809 2.099177
v 0.869892 0.049380 2.099510
v 0.871147 0.048610 2.099005
v 0.870182 0.049195 2.099485
v 0.871368 0.048408 2.098796
v 0.869167 0.049730 2.099445
v 0.870469 0.049005 2.099415
v 0.871557 0.048205 2.098555
v 0.869436 0.049559 2.099526
v 0.870745 0.048809 2.099302
v 0.869719 0.049380 2.099565
v 0.871005 0.048610 2.099147
v 0.870009 0.049195 2.099560
v 0.871240 0.048408 2.098953
v 0.870301 0.049005 2.099510
v 0.871445 0.048205 2.098726
v 0.869262 0.049559 2.099550
v 0.870584 0.048809 2.099416
v 0.869542 0.049380 2.099608
v 0.870854 0.048610 2.099278
v 0.869832 0.049195 2.099623
v 0.871102 0.048408 2.099102
v 0.870126 0.049005 2.099593
v 0.871322 0.048205 2.098889
v 0.869088 0.049559 2.099562
v 0.870416 0.048809 2.099518
v 0.869363 0.049380 2.099639
v 0.870694 0.048610 2.099400
v 0.869651 0.049195 2.099673
v 0.870953 0.048408 2.099240
v 0.869947 0.049005 2.099664
v 0.871187 0.048205 2.099043
v 0.870241 0.048809 2.099609
v 0.869182 0.049380 2.099657
v 0.870526 0.048610 2.099510
v 0.869468 0.049195 2.099712
v 0.870796 0.048408 2.099368
v 0.869763 0.049005 2.099722
v 0.871043 0.048205 2.099187
v 0.870060 0.048809 2.099687
v 0.870351 0.048610 2.099608
v 0.869281 0.049195 2.099737
v 0.870630 0.048408 2.099485
v 0.869575 0.049005 2.099768
v 0.870889 0.048205 2.099322
v 0.869874 0.048809 2.099753
v 0.870170 0.048610 2.099694
v 0.869094 0.049195 2.099750
v 0.870457 0.048408 2.099591
v 0.869385 0.049005 2.099800
v 0.870726 0.048205 2.099445
v 0.869684 0.048809 2.099807
v 0.869984 0.048610 2.099768
v 0.870276 0.048408 2.099684
v 0.869193 0.049005 2.099820
v 0.870555 0.048205 2.099557
v 0.869491 0.048809 2.099847
v 0.869792 0.048610 2.099828
v 0.870090 0.048408 2.099765
v 0.870377 0.048205 2.099657
v 0.869295 0.048809 2.099874
v 0.869598 0.048610 2.099876
v 0.869899 0.048408 2.099833
v 0.870192 0.048205 2.099745
v 0.869099 0.048809 2.099887
v 0.869400 0.048610 2.099910
v 0.869704 0.048408 2.099888
v 0.870002 0.048205 2.099820
v 0.869200 0.048610 2.099930
v 0.869505 0.048408 2.099929
v 0.869808 0.048205 2.099882
v 0.869304 0.048408 2.099956
v 0.869609 0.048205 2.099930
v 0.869101 0.048408 2.099970
v 0.869408 0.048205 2.099965
v 0.869204 0.048205 2.099986
f 2 3 1
f 2 4 3
f 40 6 5
f 40 5 7
f 41 7 8
f 41 40 7
f 42 8 9
f 42 41 8
f 43 9 10
f 43 42 9
f 44 10 11
f 44 43 10
f 45 11 12
f 45 44 11
f 46 12 13
f 46 45 12
f 47 13 14
f 47 46 13
f 48 47 14
f 48 14 15
f 49 15 16
f 49 48 15
f 50 16 17
f 50 49 16
f 50 17 18
f 51 50 18
f 52 18 19
f 52 51 18
f 53 19 20
f 53 52 19
f 54 20 21
f 54 21 22
f 54 53 20
f 55 54 22
f 56 22 23
f 56 23 24
f 56 55 22
f 57 56 24
f 58 24 25
f 58 25 26
f 58 57 24
f 59 26 27
f 59 58 26
f 60 59 27
f 61 27 28
f 61 28 29
f 61 60 27
f 62 29 30
f 62 61 29
f 63 62 30
f 64 30 31
f 64 31 32
f 64 63 30
f 65 64 32
f 66 32 33
f 66 33 34
f 66 65 32
f 67 66 34
f 68 34 35
f 68 35 36
f 68 67 34
f 69 68 36
f 70 36 37
f 70 37 38
f 70 69 36
f 39 70 38
f 135 102 103
f 135 103 136
f 134 101 102
f 134 102 135
f 133 100 101
f 133 101 134
f 132 99 100
f 132 100 133
f 131 98 99
f 131 99 132
f 130 97 98
f 130 98 131
f 129 96 97
f 129 97 130
f 128 96 129
f 128 95 96
f 127 95 128
f 127 94 95
f 126 94 127
f 126 93 94
f 125 93 126
f 125 92 93
f 124 91 92
f 124 92 125
f 123 90 91
f 123 91 124
f 122 89 90
f 122 90 123
f 121 88 89
f 121 89 122
f 120 87 88
f 120 88 121
f 119 86 87
f 119 87 120
f 118 85 86
f 118 86 119
f 117 84 85
f 117 85 118
f 116 83 84
f 116 84 117
f 115 82 83
f 115 83 116
f 114 81 82
f 114 82 115
f 113 80 81
f 113 81 114
f 112 79 80
f 112 80 113
f 111 78 79
f 111 79 112
f 110 77 78
f 110 78 111
f 109 76 77
f 109 77 110
f 108 74 75
f 108 75 76
f 108 76 109
f 107 74 108
f 106 73 74
f 106 74 107
f 105 72 73
f 105 73 106
f 104 71 72
f 104 72 105
f 172 169 168
f 172 171 169
f 173 168 167
f 173 172 168
f 174 167 166
f 174 173 167
f 175 166 165
f 175 174 166
f 176 165 164
f 176 175 165
f 177 164 163
f 177 176 164
f 178 163 162
f 178 177 163
f 179 178 162
f 179 162 161
f 180 179 161
f 180 161 160
f 181 180 160
f 181 160 159
f 182 181 159
f 182 159 158
f 183 158 157
f 183 182 158
f 184 157 156
f 184 183 157
f 185 156 155
f 185 184 156
f 186 155 154
f 186 185 155
f 187 154 153
f 187 186 154
f 188 153 152
f 188 187 153
f 189 152 151
f 189 188 152
f 190 151 150
f 190 189 151
f 191 150 149
f 191 190 150
f 192 149 148
f 192 191 149
f 193 148 147
f 193 192 148
f 194 147 146
f 194 193 147
f 195 146 145
f 195 194 146
f 196 145 144
f 196 195 145
f 197 144 143
f 197 196 144
f 198 143 142
f 198 197 143
f 199 142 141
f 199 198 142
f 200 141 140
f 200 199 141
f 201 140 139
f 201 200 140
f 202 139 138
f 202 201 139
f 170 138 137
f 170 202 138
f 204 205 203
f 268 206 205
f 268 205 204
f 267 207 206
f 267 206 268
f 266 208 207
f 266 207 267
f 265 209 208
f 265 208 266
f 264 210 209
f 264 209 265
f 263 211 210
f 263 210 264
f 262 212 211
f 262 211 263
f 261 212 262
f 261 213 212
f 260 213 261
f 260 214 213
f 259 215 214
f 259 214 260
f 258 216 215
f 258 215 259
f 257 217 216
f 257 216 258
f 256 218 217
f 256 217 257
f 255 219 218
f 255 218 256
f 254 220 219
f 254 219 255
f 253 221 220
f 253 220 254
f 252 222 221
f 252 221 253
f 251 223 222
f 251 222 252
f 250 224 223
f 250 223 251
f 249 225 224
f 249 224 250
f 248 226 225
f 248 225 249
f 247 227 226
f 247 226 248
f 246 228 227
f 246 227 247
f 245 229 228
f 245 228 246
f 244 229 245
f 243 230 229
f 243 231 230
f 243 229 244
f 242 232 231
f 242 231 243
f 241 233 232
f 241 232 242
f 240 234 233
f 240 233 241
f 239 234 240
f 238 235 234
f 238 236 235
f 238 234 239
f 237 236 238
f 335 301 300
f 334 365 333
f 366 271 270
f 367 270 269
f 367 366 270
f 368 367 269
f 369 272 271
f 369 271 366
f 369 366 367
f 370 368 269
f 371 369 367
f 371 367 368
f 372 273 272
f 372 274 273
f 372 272 369
f 373 370 269
f 374 371 368
f 374 368 370
f 375 372 369
f 375 369 371
f 376 373 269
f 377 374 370
f 377 370 373
f 378 375 371
f 378 371 374
f 379 275 274
f 379 372 375
f 379 274 372
f 380 376 269
f 381 377 373
f 381 373 376
f 382 378 374
f 382 374 377
f 383 379 375
f 383 375 378
f 384 380 269
f 385 276 275
f 385 277 276
f 385 275 379
f 386 381 376
f 386 376 380
f 387 377 381
f 387 382 377
f 388 383 378
f 388 378 382
f 389 384 269
f 390 379 383
f 390 385 379
f 391 380 384
f 391 386 380
f 392 381 386
f 392 387 381
f 393 388 382
f 393 382 387
f 394 389 269
f 395 390 383
f 395 383 388
f 396 384 389
f 396 391 384
f 397 278 277
f 397 277 385
f 397 385 390
f 398 386 391
f 398 392 386
f 399 393 387
f 399 387 392
f 400 394 269
f 401 395 388
f 401 388 393
f 402 389 394
f 402 396 389
f 403 397 390
f 403 390 395
f 404 391 396
f 404 398 391
f 405 279 278
f 405 278 397
f 406 392 398
f 406 399 392
f 407 269 302
f 407 400 269
f 408 393 399
f 408 401 393
f 409 402 394
f 409 394 400
f 410 403 395
f 410 395 401
f 411 396 402
f 411 404 396
f 412 405 397
f 412 397 403
f 413 398 404
f 413 406 398
f 414 407 302
f 415 399 406
f 415 408 399
f 416 400 407
f 416 409 400
f 417 410 401
f 417 401 408
f 418 402 409
f 418 411 402
f 419 412 403
f 419 403 410
f 420 404 411
f 420 413 404
f 421 405 412
f 421 280 279
f 421 281 280
f 421 279 405
f 422 414 302
f 423 415 406
f 423 406 413
f 424 416 407
f 424 407 414
f 425 408 415
f 425 417 408
f 426 418 409
f 426 409 416
f 427 410 417
f 427 419 410
f 428 420 411
f 428 411 418
f 429 412 419
f 429 421 412
f 430 422 302
f 431 423 413
f 431 413 420
f 432 281 421
f 432 282 281
f 433 414 422
f 433 424 414
f 434 425 415
f 434 415 423
f 435 416 424
f 435 426 416
f 436 417 425
f 436 427 417
f 437 418 426
f 437 428 418
f 438 419 427
f 438 429 419
f 439 430 302
f 440 431 420
f 440 420 428
f 441 421 429
f 441 432 421
f 442 422 430
f 442 433 422
f 443 423 431
f 443 434 423
f 444 435 424
f 444 424 433
f 445 425 434
f 445 436 425
f 446 437 426
f 446 426 435
f 447 427 436
f 447 438 427
f 448 439 302
f 449 440 428
f 449 428 437
f 450 429 438
f 450 441 429
f 451 442 430
f 451 430 439
f 452 443 431
f 452 431 440
f 453 283 282
f 453 432 441
f 453 284 283
f 453 282 432
f 454 433 442
f 454 444 433
f 455 445 434
f 455 434 443
f 456 446 435
f 456 435 444
f 457 436 445
f 457 447 436
f 458 448 302
f 459 437 446
f 459 449 437
f 460 438 447
f 460 450 438
f 461 439 448
f 461 451 439
f 462 440 449
f 462 452 440
f 463 441 450
f 463 453 441
f 464 454 442
f 464 442 451
f 465 443 452
f 465 455 443
f 466 285 284
f 466 284 453
f 467 456 444
f 467 444 454
f 468 445 455
f 468 457 445
f 469 458 302
f 470 446 456
f 470 459 446
f 471 447 457
f 471 460 447
f 472 461 448
f 472 448 458
f 473 462 449
f 473 449 459
f 474 450 460
f 474 463 450
f 475 451 461
f 475 464 451
f 476 465 452
f 476 452 462
f 477 453 463
f 477 466 453
f 478 454 464
f 478 467 454
f 479 455 465
f 479 468 455
f 480 469 302
f 481 470 456
f 481 456 467
f 482 471 457
f 482 457 468
f 483 472 458
f 483 458 469
f 484 473 459
f 484 459 470
f 485 474 460
f 485 460 471
f 486 475 461
f 486 461 472
f 487 462 473
f 487 476 462
f 488 463 474
f 488 477 463
f 489 478 464
f 489 464 475
f 490 479 465
f 490 465 476
f 491 286 285
f 491 466 477
f 491 285 466
f 492 480 302
f 493 481 467
f 493 467 478
f 494 468 479
f 494 482 468
f 495 483 469
f 495 469 480
f 496 484 470
f 496 470 481
f 497 471 482
f 497 485 471
f 498 486 472
f 498 472 483
f 499 473 484
f 499 487 473
f 500 474 485
f 500 488 474
f 501 475 486
f 501 489 475
f 502 476 487
f 502 490 476
f 503 491 477
f 503 477 488
f 504 492 302
f 504 302 303
f 505 478 489
f 505 493 478
f 506 494 479
f 506 479 490
f 507 287 286
f 507 288 287
f 507 286 491
f 508 480 492
f 508 495 480
f 509 481 493
f 509 496 481
f 510 482 494
f 510 497 482
f 511 483 495
f 511 498 483
f 512 484 496
f 512 499 484
f 513 500 485
f 513 485 497
f 514 501 486
f 514 486 498
f 515 502 487
f 515 487 499
f 516 488 500
f 516 503 488
f 517 504 303
f 517 303 304
f 518 505 489
f 518 489 501
f 519 490 502
f 519 506 490
f 520 507 491
f 520 491 503
f 521 508 492
f 521 492 504
f 522 493 505
f 522 509 493
f 523 510 494
f 523 494 506
f 524 495 508
f 524 511 495
f 525 496 509
f 525 512 496
f 526 497 510
f 526 513 497
f 527 498 511
f 527 514 498
f 528 499 512
f 528 515 499
f 529 500 513
f 529 516 500
f 530 501 514
f 530 518 501
f 531 519 502
f 531 502 515
f 532 520 503
f 532 503 516
f 533 304 305
f 533 504 517
f 533 517 304
f 533 521 504
f 534 505 518
f 534 522 505
f 535 506 519
f 535 523 506
f 536 289 288
f 536 507 520
f 536 288 507
f 537 524 508
f 537 508 521
f 538 509 522
f 538 525 509
f 539 526 510
f 539 510 523
f 540 511 524
f 540 527 511
f 541 528 512
f 541 512 525
f 542 513 526
f 542 529 513
f 543 530 514
f 543 514 527
f 544 515 528
f 544 531 515
f 545 516 529
f 545 532 516
f 546 518 530
f 546 534 518
f 547 535 519
f 547 519 531
f 548 520 532
f 548 536 520
f 549 521 533
f 549 537 521
f 550 522 534
f 550 538 522
f 551 539 523
f 551 523 535
f 552 290 289
f 552 291 290
f 552 289 536
f 553 524 537
f 553 540 524
f 554 541 525
f 554 525 538
f 555 526 539
f 555 542 526
f 556 527 540
f 556 543 527
f 557 544 528
f 557 528 541
f 558 545 529
f 558 529 542
f 559 546 530
f 559 530 543
f 560 531 544
f 560 547 531
f 561 548 532
f 561 532 545
f 562 305 306
f 562 306 307
f 562 549 533
f 562 533 305
f 563 550 534
f 563 534 546
f 564 535 547
f 564 551 535
f 565 536 548
f 565 552 536
f 566 553 537
f 566 537 549
f 567 554 538
f 567 538 550
f 568 539 551
f 568 555 539
f 569 556 540
f 569 540 553
f 570 541 554
f 570 557 541
f 571 558 542
f 571 542 555
f 572 543 556
f 572 559 543
f 573 544 557
f 573 560 544
f 574 545 558
f 574 561 545
f 575 563 546
f 575 546 559
f 576 564 547
f 576 547 560
f 577 548 561
f 577 565 548
f 578 549 562
f 578 307 308
f 578 566 549
f 578 562 307
f 579 550 563
f 579 567 550
f 580 551 564
f 580 568 551
f 581 292 291
f 581 291 552
f 581 552 565
f 582 553 566
f 582 569 553
f 583 570 554
f 583 554 567
f 584 571 555
f 584 555 568
f 585 556 569
f 585 572 556
f 586 557 570
f 586 573 557
f 587 558 571
f 587 574 558
f 588 575 559
f 588 559 572
f 589 560 573
f 589 576 560
f 590 577 561
f 590 561 574
f 591 563 575
f 591 579 563
f 592 564 576
f 592 580 564
f 593 565 577
f 593 581 565
f 594 566 578
f 594 582 566
f 595 567 579
f 595 583 567
f 596 568 580
f 596 584 568
f 597 293 292
f 597 292 581
f 598 569 582
f 598 585 569
f 599 586 570
f 599 570 583
f 600 571 584
f 600 587 571
f 601 588 572
f 601 572 585
f 602 573 586
f 602 589 573
f 603 590 574
f 603 574 587
f 604 575 588
f 604 591 575
f 605 592 576
f 605 576 589
f 606 593 577
f 606 577 590
f 607 578 308
f 607 594 578
f 607 308 309
f 607 309 310
f 608 595 579
f 608 579 591
f 609 580 592
f 609 596 580
f 610 581 593
f 610 597 581
f 611 582 594
f 611 598 582
f 612 599 583
f 612 583 595
f 613 584 596
f 613 600 584
f 614 585 598
f 614 601 585
f 615 586 599
f 615 602 586
f 616 587 600
f 616 603 587
f 617 588 601
f 617 604 588
f 618 605 589
f 618 589 602
f 619 606 590
f 619 590 603
f 620 608 591
f 620 591 604
f 621 592 605
f 621 609 592
f 622 593 606
f 622 610 593
f 623 594 607
f 623 607 310
f 623 611 594
f 623 310 311
f 624 612 595
f 624 595 608
f 625 596 609
f 625 613 596
f 626 597 610
f 626 294 293
f 626 295 294
f 626 293 597
f 627 598 611
f 627 614 598
f 628 599 612
f 628 615 599
f 629 616 600
f 629 600 613
f 630 617 601
f 630 601 614
f 631 602 615
f 631 618 602
f 632 603 616
f 632 619 603
f 633 620 604
f 633 604 617
f 634 605 618
f 634 621 605
f 635 606 619
f 635 622 606
f 636 608 620
f 636 624 608
f 637 609 621
f 637 625 609
f 638 610 622
f 638 626 610
f 639 611 623
f 639 627 611
f 640 628 612
f 640 612 624
f 641 629 613
f 641 613 625
f 642 296 295
f 642 295 626
f 643 614 627
f 643 630 614
f 644 631 615
f 644 615 628
f 645 632 616
f 645 616 629
f 646 617 630
f 646 633 617
f 647 634 618
f 647 618 631
f 648 619 632
f 648 635 619
f 649 620 633
f 649 636 620
f 650 637 621
f 650 621 634
f 651 638 622
f 651 622 635
f 652 639 623
f 652 311 312
f 652 623 311
f 653 624 636
f 653 640 624
f 654 641 625
f 654 625 637
f 655 642 626
f 655 626 638
f 656 627 639
f 656 643 627
f 657 644 628
f 657 628 640
f 658 645 629
f 658 629 641
f 659 630 643
f 659 646 630
f 660 647 631
f 660 631 644
f 661 632 645
f 661 648 632
f 662 649 633
f 662 633 646
f 663 650 634
f 663 634 647
f 664 651 635
f 664 635 648
f 665 653 636
f 665 636 649
f 666 654 637
f 666 637 650
f 667 655 638
f 667 638 651
f 668 652 312
f 668 312 313
f 668 313 314
f 668 656 639
f 668 639 652
f 669 657 640
f 669 640 653
f 670 641 654
f 670 658 641
f 671 642 655
f 671 297 296
f 671 298 297
f 671 296 642
f 672 643 656
f 672 659 643
f 673 660 644
f 673 644 657
f 674 645 658
f 674 661 645
f 675 662 646
f 675 646 659
f 676 647 660
f 676 663 647
f 677 648 661
f 677 664 648
f 678 665 649
f 678 649 662
f 679 666 650
f 679 650 663
f 680 667 651
f 680 651 664
f 681 653 665
f 681 669 653
f 682 654 666
f 682 670 654
f 683 655 667
f 683 671 655
f 684 672 656
f 684 656 668
f 685 657 669
f 685 673 657
f 686 658 670
f 686 674 658
f 687 299 298
f 687 298 671
f 688 675 659
f 688 659 672
f 689 660 673
f 689 676 660
f 690 661 674
f 690 677 661
f 691 678 662
f 691 662 675
f 692 663 676
f 692 679 663
f 693 664 677
f 693 680 664
f 694 665 678
f 694 681 665
f 695 666 679
f 695 682 666
f 696 667 680
f 696 683 667
f 697 668 314
f 697 314 315
f 697 684 668
f 698 669 681
f 698 685 669
f 699 670 682
f 699 686 670
f 700 671 683
f 700 687 671
f 701 688 672
f 701 672 684
f 702 689 673
f 702 673 685
f 703 674 686
f 703 690 674
f 704 675 688
f 704 691 675
f 705 676 689
f 705 692 676
f 706 677 690
f 706 693 677
f 707 694 678
f 707 678 691
f 708 679 692
f 708 695 679
f 709 696 680
f 709 680 693
f 710 681 694
f 710 698 681
f 711 699 682
f 711 682 695
f 712 700 683
f 712 683 696
f 713 697 315
f 713 701 684
f 713 315 316
f 713 316 317
f 713 684 697
f 714 685 698
f 714 702 685
f 715 703 686
f 715 686 699
f 716 687 700
f 716 300 299
f 716 336 335
f 716 335 300
f 716 299 687
f 717 704 688
f 717 688 701
f 718 689 702
f 718 705 689
f 719 706 690
f 719 690 703
f 720 707 691
f 720 691 704
f 721 692 705
f 721 708 692
f 722 709 693
f 722 693 706
f 723 694 707
f 723 710 694
f 724 711 695
f 724 695 708
f 725 712 696
f 725 696 709
f 726 698 710
f 726 714 698
f 727 699 711
f 727 715 699
f 728 700 712
f 728 337 336
f 728 716 700
f 728 336 716
f 729 717 701
f 729 701 713
f 730 702 714
f 730 718 702
f 731 719 703
f 731 703 715
f 732 704 717
f 732 720 704
f 733 705 718
f 733 721 705
f 734 722 706
f 734 706 719
f 735 707 720
f 735 723 707
f 736 708 721
f 736 724 708
f 737 725 709
f 737 709 722
f 738 726 710
f 738 710 723
f 739 711 724
f 739 727 711
f 740 337 728
f 740 728 712
f 740 712 725
f 740 338 337
f 740 339 338
f 741 713 317
f 741 317 318
f 741 729 713
f 742 714 726
f 742 730 714
f 743 731 715
f 743 715 727
f 744 717 729
f 744 732 717
f 745 718 730
f 745 733 718
f 746 719 731
f 746 734 719
f 747 735 720
f 747 720 732
f 748 721 733
f 748 736 721
f 749 737 722
f 749 722 734
f 750 723 735
f 750 738 723
f 751 739 724
f 751 724 736
f 752 339 740
f 752 740 725
f 752 725 737
f 752 340 339
f 753 742 726
f 753 726 738
f 754 743 727
f 754 727 739
f 755 741 318
f 755 729 741
f 755 318 319
f 755 744 729
f 756 745 730
f 756 730 742
f 757 746 731
f 757 731 743
f 758 732 744
f 758 747 732
f 759 733 745
f 759 748 733
f 760 749 734
f 760 734 746
f 761 750 735
f 761 735 747
f 762 736 748
f 762 751 736
f 763 752 737
f 763 737 749
f 763 340 752
f 763 341 340
f 763 342 341
f 764 753 738
f 764 738 750
f 765 754 739
f 765 739 751
f 766 742 753
f 766 756 742
f 767 757 743
f 767 743 754
f 768 744 755
f 768 758 744
f 769 745 756
f 769 759 745
f 770 746 757
f 770 760 746
f 771 747 758
f 771 761 747
f 772 762 748
f 772 748 759
f 773 763 749
f 773 749 760
f 773 342 763
f 773 343 342
f 774 764 750
f 774 750 761
f 775 765 751
f 775 751 762
f 776 766 753
f 776 753 764
f 777 754 765
f 777 767 754
f 778 768 755
f 778 755 319
f 778 319 320
f 778 320 321
f 779 769 756
f 779 756 766
f 780 770 757
f 780 757 767
f 781 758 768
f 781 771 758
f 782 772 759
f 782 759 769
f 783 760 770
f 783 344 343
f 783 773 760
f 783 343 773
f 784 774 761
f 784 761 771
f 785 775 762
f 785 762 772
f 786 776 764
f 786 764 774
f 787 777 765
f 787 765 775
f 788 779 766
f 788 766 776
f 789 767 777
f 789 780 767
f 790 778 321
f 790 781 768
f 790 321 322
f 790 768 778
f 791 769 779
f 791 782 769
f 792 344 783
f 792 783 770
f 792 345 344
f 792 346 345
f 792 770 780
f 793 784 771
f 793 771 781
f 794 785 772
f 794 772 782
f 795 786 774
f 795 774 784
f 796 775 785
f 796 787 775
f 797 776 786
f 797 788 776
f 798 789 777
f 798 777 787
f 799 779 788
f 799 791 779
f 800 346 792
f 800 792 780
f 800 347 346
f 800 780 789
f 801 793 781
f 801 781 790
f 802 794 782
f 802 782 791
f 803 784 793
f 803 795 784
f 804 796 785
f 804 785 794
f 805 797 786
f 805 786 795
f 806 798 787
f 806 787 796
f 807 788 797
f 807 799 788
f 808 789 798
f 808 800 789
f 808 348 347
f 808 349 348
f 808 347 800
f 809 790 322
f 809 322 323
f 809 323 324
f 809 801 790
f 810 791 799
f 810 802 791
f 811 803 793
f 811 793 801
f 812 804 794
f 812 794 802
f 813 795 803
f 813 805 795
f 814 806 796
f 814 796 804
f 815 797 805
f 815 807 797
f 816 349 808
f 816 808 798
f 816 798 806
f 816 350 349
f 817 810 799
f 817 799 807
f 818 809 324
f 818 801 809
f 818 811 801
f 818 324 325
f 819 812 802
f 819 802 810
f 820 813 803
f 820 803 811
f 821 804 812
f 821 814 804
f 822 815 805
f 822 805 813
f 823 816 806
f 823 350 816
f 823 351 350
f 823 806 814
f 824 807 815
f 824 817 807
f 825 819 810
f 825 810 817
f 826 811 818
f 826 820 811
f 827 812 819
f 827 821 812
f 828 822 813
f 828 813 820
f 829 814 821
f 829 351 823
f 829 823 814
f 829 352 351
f 829 353 352
f 830 815 822
f 830 824 815
f 831 817 824
f 831 825 817
f 832 826 818
f 832 818 325
f 832 325 326
f 833 819 825
f 833 827 819
f 834 820 826
f 834 828 820
f 835 821 827
f 835 829 821
f 835 353 829
f 835 354 353
f 836 822 828
f 836 830 822
f 837 824 830
f 837 831 824
f 838 833 825
f 838 825 831
f 839 834 826
f 839 326 327
f 839 826 832
f 839 327 328
f 839 832 326
f 840 827 833
f 840 835 827
f 840 354 835
f 840 355 354
f 840 356 355
f 841 828 834
f 841 836 828
f 842 830 836
f 842 837 830
f 843 838 831
f 843 831 837
f 844 356 840
f 844 840 833
f 844 833 838
f 844 357 356
f 845 841 834
f 845 834 839
f 846 836 841
f 846 842 836
f 847 843 837
f 847 837 842
f 848 844 838
f 848 357 844
f 848 358 357
f 848 838 843
f 849 845 839
f 849 328 329
f 849 839 328
f 850 841 845
f 850 846 841
f 851 842 846
f 851 847 842
f 852 848 843
f 852 843 847
f 852 358 848
f 852 359 358
f 852 360 359
f 853 845 849
f 853 850 845
f 853 849 329
f 853 329 330
f 853 330 331
f 854 851 846
f 854 846 850
f 855 852 847
f 855 360 852
f 855 847 851
f 855 361 360
f 856 850 853
f 856 854 850
f 857 851 854
f 857 855 851
f 857 361 855
f 857 362 361
f 857 363 362
f 858 853 331
f 858 856 853
f 858 331 332
f 859 854 856
f 859 363 857
f 859 857 854
f 859 364 363
f 860 859 856
f 860 856 858
f 860 858 332
f 860 364 859
f 860 332 333
f 860 333 365
f 860 365 364
f 927 892 893
f 926 925 957
f 958 862 863
f 959 861 862
f 959 862 958
f 960 861 959
f 961 863 864
f 961 958 863
f 961 959 958
f 962 861 960
f 963 959 961
f 963 960 959
f 964 864 865
f 964 865 866
f 964 961 864
f 965 861 962
f 966 960 963
f 966 962 960
f 967 961 964
f 967 963 961
f 968 861 965
f 969 962 966
f 969 965 962
f 970 963 967
f 970 966 963
f 971 866 867
f 971 967 964
f 971 964 866
f 972 861 968
f 973 965 969
f 973 968 965
f 974 966 970
f 974 969 966
f 975 967 971
f 975 970 967
f 976 861 972
f 977 867 868
f 977 868 869
f 977 971 867
f 978 968 973
f 978 972 968
f 979 973 969
f 979 969 974
f 980 970 975
f 980 974 970
f 981 861 976
f 982 975 971
f 982 971 977
f 983 976 972
f 983 972 978
f 984 978 973
f 984 973 979
f 985 974 980
f 985 979 974
f 986 861 981
f 987 975 982
f 987 980 975
f 988 981 976
f 988 976 983
f 989 869 870
f 989 977 869
f 989 982 977
f 990 983 978
f 990 978 984
f 991 979 985
f 991 984 979
f 992 861 986
f 993 980 987
f 993 985 980
f 994 986 981
f 994 981 988
f 995 982 989
f 995 987 982
f 996 988 983
f 996 983 990
f 997 870 871
f 997 989 870
f 998 990 984
f 998 984 991
f 999 894 861
f 999 861 992
f 1000 991 985
f 1000 985 993
f 1001 986 994
f 1001 992 986
f 1002 987 995
f 1002 993 987
f 1003 994 988
f 1003 988 996
f 1004 989 997
f 1004 995 989
f 1005 996 990
f 1005 990 998
f 1006 894 999
f 1007 998 991
f 1007 991 1000
f 1008 999 992
f 1008 992 1001
f 1009 993 1002
f 1009 1000 993
f 1010 1001 994
f 1010 994 1003
f 1011 995 1004
f 1011 1002 995
f 1012 1003 996
f 1012 996 1005
f 1013 1004 997
f 1013 871 872
f 1013 872 873
f 1013 997 871
f 1014 894 1006
f 1015 998 1007
f 1015 1005 998
f 1016 999 1008
f 1016 1006 999
f 1017 1007 1000
f 1017 1000 1009
f 1018 1001 1010
f 1018 1008 1001
f 1019 1009 1002
f 1019 1002 1011
f 1020 1003 1012
f 1020 1010 1003
f 1021 1011 1004
f 1021 1004 1013
f 1022 894 1014
f 1023 1005 1015
f 1023 1012 1005
f 1024 1013 873
f 1024 873 874
f 1025 1014 1006
f 1025 1006 1016
f 1026 1007 1017
f 1026 1015 1007
f 1027 1016 1008
f 1027 1008 1018
f 1028 1017 1009
f 1028 1009 1019
f 1029 1018 1010
f 1029 1010 1020
f 1030 1019 1011
f 1030 1011 1021
f 1031 894 1022
f 1032 1012 1023
f 1032 1020 1012
f 1033 1021 1013
f 1033 1013 1024
f 1034 1022 1014
f 1034 1014 1025
f 1035 1023 1015
f 1035 1015 1026
f 1036 1016 1027
f 1036 1025 1016
f 1037 1026 1017
f 1037 1017 1028
f 1038 1018 1029
f 1038 1027 1018
f 1039 1028 1019
f 1039 1019 1030
f 1040 894 1031
f 1041 1020 1032
f 1041 1029 1020
f 1042 1030 1021
f 1042 1021 1033
f 1043 1022 1034
f 1043 1031 1022
f 1044 1023 1035
f 1044 1032 1023
f 1045 874 875
f 1045 1033 1024
f 1045 875 876
f 1045 1024 874
f 1046 1034 1025
f 1046 1025 1036
f 1047 1026 1037
f 1047 1035 1026
f 1048 1027 1038
f 1048 1036 1027
f 1049 1037 1028
f 1049 1028 1039
f 1050 894 1040
f 1051 1038 1029
f 1051 1029 1041
f 1052 1039 1030
f 1052 1030 1042
f 1053 1040 1031
f 1053 1031 1043
f 1054 1041 1032
f 1054 1032 1044
f 1055 1042 1033
f 1055 1033 1045
f 1056 1034 1046
f 1056 1043 1034
f 1057 1044 1035
f 1057 1035 1047
f 1058 876 877
f 1058 1045 876
f 1059 1036 1048
f 1059 1046 1036
f 1060 1047 1037
f 1060 1037 1049
f 1061 894 1050
f 1062 1048 1038
f 1062 1038 1051
f 1063 1049 1039
f 1063 1039 1052
f 1064 1040 1053
f 1064 1050 1040
f 1065 1041 1054
f 1065 1051 1041
f 1066 1052 1042
f 1066 1042 1055
f 1067 1053 1043
f 1067 1043 1056
f 1068 1044 1057
f 1068 1054 1044
f 1069 1055 1045
f 1069 1045 1058
f 1070 1056 1046
f 1070 1046 1059
f 1071 1057 1047
f 1071 1047 1060
f 1072 894 1061
f 1073 1048 1062
f 1073 1059 1048
f 1074 1049 1063
f 1074 1060 1049
f 1075 1050 1064
f 1075 1061 1050
f 1076 1051 1065
f 1076 1062 1051
f 1077 1052 1066
f 1077 1063 1052
f 1078 1053 1067
f 1078 1064 1053
f 1079 1065 1054
f 1079 1054 1068
f 1080 1066 1055
f 1080 1055 1069
f 1081 1056 1070
f 1081 1067 1056
f 1082 1057 1071
f 1082 1068 1057
f 1083 877 878
f 1083 1069 1058
f 1083 1058 877
f 1084 894 1072
f 1085 1059 1073
f 1085 1070 1059
f 1086 1071 1060
f 1086 1060 1074
f 1087 1061 1075
f 1087 1072 1061
f 1088 1062 1076
f 1088 1073 1062
f 1089 1074 1063
f 1089 1063 1077
f 1090 1064 1078
f 1090 1075 1064
f 1091 1076 1065
f 1091 1065 1079
f 1092 1077 1066
f 1092 1066 1080
f 1093 1078 1067
f 1093 1067 1081
f 1094 1079 1068
f 1094 1068 1082
f 1095 1069 1083
f 1095 1080 1069
f 1096 894 1084
f 1096 895 894
f 1097 1081 1070
f 1097 1070 1085
f 1098 1071 1086
f 1098 1082 1071
f 1099 878 879
f 1099 879 880
f 1099 1083 878
f 1100 1084 1072
f 1100 1072 1087
f 1101 1085 1073
f 1101 1073 1088
f 1102 1086 1074
f 1102 1074 1089
f 1103 1087 1075
f 1103 1075 1090
f 1104 1088 1076
f 1104 1076 1091
f 1105 1077 1092
f 1105 1089 1077
f 1106 1078 1093
f 1106 1090 1078
f 1107 1079 1094
f 1107 1091 1079
f 1108 1092 1080
f 1108 1080 1095
f 1109 895 1096
f 1109 896 895
f 1110 1081 1097
f 1110 1093 1081
f 1111 1094 1082
f 1111 1082 1098
f 1112 1083 1099
f 1112 1095 1083
f 1113 1084 1100
f 1113 1096 1084
f 1114 1097 1085
f 1114 1085 1101
f 1115 1086 1102
f 1115 1098 1086
f 1116 1100 1087
f 1116 1087 1103
f 1117 1101 1088
f 1117 1088 1104
f 1118 1102 1089
f 1118 1089 1105
f 1119 1103 1090
f 1119 1090 1106
f 1120 1104 1091
f 1120 1091 1107
f 1121 1105 1092
f 1121 1092 1108
f 1122 1106 1093
f 1122 1093 1110
f 1123 1094 1111
f 1123 1107 1094
f 1124 1095 1112
f 1124 1108 1095
f 1125 897 896
f 1125 1109 1096
f 1125 896 1109
f 1125 1096 1113
f 1126 1110 1097
f 1126 1097 1114
f 1127 1111 1098
f 1127 1098 1115
f 1128 880 881
f 1128 1112 1099
f 1128 1099 880
f 1129 1100 1116
f 1129 1113 1100
f 1130 1114 1101
f 1130 1101 1117
f 1131 1102 1118
f 1131 1115 1102
f 1132 1116 1103
f 1132 1103 1119
f 1133 1104 1120
f 1133 1117 1104
f 1134 1118 1105
f 1134 1105 1121
f 1135 1106 1122
f 1135 1119 1106
f 1136 1120 1107
f 1136 1107 1123
f 1137 1121 1108
f 1137 1108 1124
f 1138 1122 1110
f 1138 1110 1126
f 1139 1111 1127
f 1139 1123 1111
f 1140 1124 1112
f 1140 1112 1128
f 1141 1125 1113
f 1141 1113 1129
f 1142 1126 1114
f 1142 1114 1130
f 1143 1115 1131
f 1143 1127 1115
f 1144 881 882
f 1144 882 883
f 1144 1128 881
f 1145 1129 1116
f 1145 1116 1132
f 1146 1117 1133
f 1146 1130 1117
f 1147 1131 1118
f 1147 1118 1134
f 1148 1132 1119
f 1148 1119 1135
f 1149 1120 1136
f 1149 1133 1120
f 1150 1121 1137
f 1150 1134 1121
f 1151 1122 1138
f 1151 1135 1122
f 1152 1136 1123
f 1152 1123 1139
f 1153 1124 1140
f 1153 1137 1124
f 1154 898 897
f 1154 899 898
f 1154 1125 1141
f 1154 897 1125
f 1155 1126 1142
f 1155 1138 1126
f 1156 1139 1127
f 1156 1127 1143
f 1157 1140 1128
f 1157 1128 1144
f 1158 1129 1145
f 1158 1141 1129
f 1159 1130 1146
f 1159 1142 1130
f 1160 1143 1131
f 1160 1131 1147
f 1161 1132 1148
f 1161 1145 1132
f 1162 1146 1133
f 1162 1133 1149
f 1163 1134 1150
f 1163 1147 1134
f 1164 1148 1135
f 1164 1135 1151
f 1165 1149 1136
f 1165 1136 1152
f 1166 1150 1137
f 1166 1137 1153
f 1167 1138 1155
f 1167 1151 1138
f 1168 1139 1156
f 1168 1152 1139
f 1169 1153 1140
f 1169 1140 1157
f 1170 1154 1141
f 1170 900 899
f 1170 1141 1158
f 1170 899 1154
f 1171 1155 1142
f 1171 1142 1159
f 1172 1156 1143
f 1172 1143 1160
f 1173 883 884
f 1173 1144 883
f 1173 1157 1144
f 1174 1158 1145
f 1174 1145 1161
f 1175 1146 1162
f 1175 1159 1146
f 1176 1147 1163
f 1176 1160 1147
f 1177 1161 1148
f 1177 1148 1164
f 1178 1162 1149
f 1178 1149 1165
f 1179 1163 1150
f 1179 1150 1166
f 1180 1151 1167
f 1180 1164 1151
f 1181 1165 1152
f 1181 1152 1168
f 1182 1153 1169
f 1182 1166 1153
f 1183 1167 1155
f 1183 1155 1171
f 1184 1168 1156
f 1184 1156 1172
f 1185 1169 1157
f 1185 1157 1173
f 1186 1170 1158
f 1186 1158 1174
f 1187 1171 1159
f 1187 1159 1175
f 1188 1172 1160
f 1188 1160 1176
f 1189 884 885
f 1189 1173 884
f 1190 1174 1161
f 1190 1161 1177
f 1191 1162 1178
f 1191 1175 1162
f 1192 1176 1163
f 1192 1163 1179
f 1193 1164 1180
f 1193 1177 1164
f 1194 1178 1165
f 1194 1165 1181
f 1195 1166 1182
f 1195 1179 1166
f 1196 1180 1167
f 1196 1167 1183
f 1197 1168 1184
f 1197 1181 1168
f 1198 1169 1185
f 1198 1182 1169
f 1199 900 1170
f 1199 1170 1186
f 1199 901 900
f 1199 902 901
f 1200 1171 1187
f 1200 1183 1171
f 1201 1184 1172
f 1201 1172 1188
f 1202 1185 1173
f 1202 1173 1189
f 1203 1186 1174
f 1203 1174 1190
f 1204 1175 1191
f 1204 1187 1175
f 1205 1188 1176
f 1205 1176 1192
f 1206 1190 1177
f 1206 1177 1193
f 1207 1191 1178
f 1207 1178 1194
f 1208 1192 1179
f 1208 1179 1195
f 1209 1193 1180
f 1209 1180 1196
f 1210 1181 1197
f 1210 1194 1181
f 1211 1182 1198
f 1211 1195 1182
f 1212 1183 1200
f 1212 1196 1183
f 1213 1197 1184
f 1213 1184 1201
f 1214 1198 1185
f 1214 1185 1202
f 1215 1199 1186
f 1215 902 1199
f 1215 1186 1203
f 1215 903 902
f 1216 1187 1204
f 1216 1200 1187
f 1217 1201 1188
f 1217 1188 1205
f 1218 1202 1189
f 1218 885 886
f 1218 886 887
f 1218 1189 885
f 1219 1203 1190
f 1219 1190 1206
f 1220 1204 1191
f 1220 1191 1207
f 1221 1192 1208
f 1221 1205 1192
f 1222 1193 1209
f 1222 1206 1193
f 1223 1207 1194
f 1223 1194 1210
f 1224 1208 1195
f 1224 1195 1211
f 1225 1196 1212
f 1225 1209 1196
f 1226 1210 1197
f 1226 1197 1213
f 1227 1211 1198
f 1227 1198 1214
f 1228 1212 1200
f 1228 1200 1216
f 1229 1213 1201
f 1229 1201 1217
f 1230 1214 1202
f 1230 1202 1218
f 1231 1215 1203
f 1231 1203 1219
f 1232 1204 1220
f 1232 1216 1204
f 1233 1205 1221
f 1233 1217 1205
f 1234 887 888
f 1234 1218 887
f 1235 1219 1206
f 1235 1206 1222
f 1236 1207 1223
f 1236 1220 1207
f 1237 1208 1224
f 1237 1221 1208
f 1238 1222 1209
f 1238 1209 1225
f 1239 1210 1226
f 1239 1223 1210
f 1240 1224 1211
f 1240 1211 1227
f 1241 1225 1212
f 1241 1212 1228
f 1242 1213 1229
f 1242 1226 1213
f 1243 1214 1230
f 1243 1227 1214
f 1244 1215 1231
f 1244 904 903
f 1244 903 1215
f 1245 1228 1216
f 1245 1216 1232
f 1246 1217 1233
f 1246 1229 1217
f 1247 1218 1234
f 1247 1230 1218
f 1248 1231 1219
f 1248 1219 1235
f 1249 1220 1236
f 1249 1232 1220
f 1250 1221 1237
f 1250 1233 1221
f 1251 1235 1222
f 1251 1222 1238
f 1252 1223 1239
f 1252 1236 1223
f 1253 1237 1224
f 1253 1224 1240
f 1254 1225 1241
f 1254 1238 1225
f 1255 1226 1242
f 1255 1239 1226
f 1256 1227 1243
f 1256 1240 1227
f 1257 1228 1245
f 1257 1241 1228
f 1258 1229 1246
f 1258 1242 1229
f 1259 1230 1247
f 1259 1243 1230
f 1260 904 1244
f 1260 905 904
f 1260 906 905
f 1260 1231 1248
f 1260 1244 1231
f 1261 1232 1249
f 1261 1245 1232
f 1262 1246 1233
f 1262 1233 1250
f 1263 1247 1234
f 1263 888 889
f 1263 889 890
f 1263 1234 888
f 1264 1248 1235
f 1264 1235 1251
f 1265 1236 1252
f 1265 1249 1236
f 1266 1250 1237
f 1266 1237 1253
f 1267 1238 1254
f 1267 1251 1238
f 1268 1252 1239
f 1268 1239 1255
f 1269 1253 1240
f 1269 1240 1256
f 1270 1241 1257
f 1270 1254 1241
f 1271 1242 1258
f 1271 1255 1242
f 1272 1243 1259
f 1272 1256 1243
f 1273 1257 1245
f 1273 1245 1261
f 1274 1258 1246
f 1274 1246 1262
f 1275 1259 1247
f 1275 1247 1263
f 1276 1248 1264
f 1276 1260 1248
f 1277 1261 1249
f 1277 1249 1265
f 1278 1262 1250
f 1278 1250 1266
f 1279 890 891
f 1279 1263 890
f 1280 1251 1267
f 1280 1264 1251
f 1281 1265 1252
f 1281 1252 1268
f 1282 1266 1253
f 1282 1253 1269
f 1283 1254 1270
f 1283 1267 1254
f 1284 1268 1255
f 1284 1255 1271
f 1285 1269 1256
f 1285 1256 1272
f 1286 1270 1257
f 1286 1257 1273
f 1287 1271 1258
f 1287 1258 1274
f 1288 1272 1259
f 1288 1259 1275
f 1289 906 1260
f 1289 907 906
f 1289 1260 1276
f 1290 1273 1261
f 1290 1261 1277
f 1291 1274 1262
f 1291 1262 1278
f 1292 1275 1263
f 1292 1263 1279
f 1293 1264 1280
f 1293 1276 1264
f 1294 1265 1281
f 1294 1277 1265
f 1295 1278 1266
f 1295 1266 1282
f 1296 1280 1267
f 1296 1267 1283
f 1297 1281 1268
f 1297 1268 1284
f 1298 1282 1269
f 1298 1269 1285
f 1299 1270 1286
f 1299 1283 1270
f 1300 1284 1271
f 1300 1271 1287
f 1301 1272 1288
f 1301 1285 1272
f 1302 1286 1273
f 1302 1273 1290
f 1303 1274 1291
f 1303 1287 1274
f 1304 1275 1292
f 1304 1288 1275
f 1305 907 1289
f 1305 1276 1293
f 1305 908 907
f 1305 909 908
f 1305 1289 1276
f 1306 1290 1277
f 1306 1277 1294
f 1307 1278 1295
f 1307 1291 1278
f 1308 1292 1279
f 1308 891 892
f 1308 927 928
f 1308 892 927
f 1308 1279 891
f 1309 1280 1296
f 1309 1293 1280
f 1310 1294 1281
f 1310 1281 1297
f 1311 1282 1298
f 1311 1295 1282
f 1312 1283 1299
f 1312 1296 1283
f 1313 1297 1284
f 1313 1284 1300
f 1314 1285 1301
f 1314 1298 1285
f 1315 1299 1286
f 1315 1286 1302
f 1316 1287 1303
f 1316 1300 1287
f 1317 1288 1304
f 1317 1301 1288
f 1318 1302 1290
f 1318 1290 1306
f 1319 1303 1291
f 1319 1291 1307
f 1320 1304 1292
f 1320 928 929
f 1320 1292 1308
f 1320 1308 928
f 1321 1293 1309
f 1321 1305 1293
f 1322 1306 1294
f 1322 1294 1310
f 1323 1295 1311
f 1323 1307 1295
f 1324 1309 1296
f 1324 1296 1312
f 1325 1310 1297
f 1325 1297 1313
f 1326 1298 1314
f 1326 1311 1298
f 1327 1312 1299
f 1327 1299 1315
f 1328 1313 1300
f 1328 1300 1316
f 1329 1301 1317
f 1329 1314 1301
f 1330 1302 1318
f 1330 1315 1302
f 1331 1316 1303
f 1331 1303 1319
f 1332 1320 929
f 1332 1304 1320
f 1332 1317 1304
f 1332 929 930
f 1332 930 931
f 1333 909 1305
f 1333 910 909
f 1333 1305 1321
f 1334 1318 1306
f 1334 1306 1322
f 1335 1307 1323
f 1335 1319 1307
f 1336 1321 1309
f 1336 1309 1324
f 1337 1322 1310
f 1337 1310 1325
f 1338 1323 1311
f 1338 1311 1326
f 1339 1312 1327
f 1339 1324 1312
f 1340 1325 1313
f 1340 1313 1328
f 1341 1314 1329
f 1341 1326 1314
f 1342 1327 1315
f 1342 1315 1330
f 1343 1316 1331
f 1343 1328 1316
f 1344 1332 931
f 1344 1317 1332
f 1344 1329 1317
f 1344 931 932
f 1345 1318 1334
f 1345 1330 1318
f 1346 1319 1335
f 1346 1331 1319
f 1347 910 1333
f 1347 1333 1321
f 1347 911 910
f 1347 1321 1336
f 1348 1322 1337
f 1348 1334 1322
f 1349 1323 1338
f 1349 1335 1323
f 1350 1336 1324
f 1350 1324 1339
f 1351 1337 1325
f 1351 1325 1340
f 1352 1326 1341
f 1352 1338 1326
f 1353 1327 1342
f 1353 1339 1327
f 1354 1340 1328
f 1354 1328 1343
f 1355 1329 1344
f 1355 1341 1329
f 1355 1344 932
f 1355 932 933
f 1355 933 934
f 1356 1330 1345
f 1356 1342 1330
f 1357 1331 1346
f 1357 1343 1331
f 1358 1345 1334
f 1358 1334 1348
f 1359 1335 1349
f 1359 1346 1335
f 1360 1347 1336
f 1360 1336 1350
f 1361 1348 1337
f 1361 1337 1351
f 1362 1349 1338
f 1362 1338 1352
f 1363 1350 1339
f 1363 1339 1353
f 1364 1340 1354
f 1364 1351 1340
f 1365 1341 1355
f 1365 1352 1341
f 1365 1355 934
f 1365 934 935
f 1366 1342 1356
f 1366 1353 1342
f 1367 1343 1357
f 1367 1354 1343
f 1368 1345 1358
f 1368 1356 1345
f 1369 1357 1346
f 1369 1346 1359
f 1370 1347 1360
f 1370 911 1347
f 1370 912 911
f 1370 913 912
f 1371 1348 1361
f 1371 1358 1348
f 1372 1349 1362
f 1372 1359 1349
f 1373 1360 1350
f 1373 1350 1363
f 1374 1351 1364
f 1374 1361 1351
f 1375 1362 1352
f 1375 935 936
f 1375 1352 1365
f 1375 1365 935
f 1376 1353 1366
f 1376 1363 1353
f 1377 1354 1367
f 1377 1364 1354
f 1378 1356 1368
f 1378 1366 1356
f 1379 1357 1369
f 1379 1367 1357
f 1380 1358 1371
f 1380 1368 1358
f 1381 1369 1359
f 1381 1359 1372
f 1382 913 1370
f 1382 1360 1373
f 1382 914 913
f 1382 1370 1360
f 1383 1371 1361
f 1383 1361 1374
f 1384 1375 936
f 1384 1362 1375
f 1384 936 937
f 1384 937 938
f 1384 1372 1362
f 1385 1363 1376
f 1385 1373 1363
f 1386 1364 1377
f 1386 1374 1364
f 1387 1366 1378
f 1387 1376 1366
f 1388 1377 1367
f 1388 1367 1379
f 1389 1378 1368
f 1389 1368 1380
f 1390 1369 1381
f 1390 1379 1369
f 1391 1380 1371
f 1391 1371 1383
f 1392 1384 938
f 1392 1372 1384
f 1392 938 939
f 1392 1381 1372
f 1393 1373 1385
f 1393 1382 1373
f 1394 1374 1386
f 1394 1383 1374
f 1395 1385 1376
f 1395 1376 1387
f 1396 1377 1388
f 1396 1386 1377
f 1397 1378 1389
f 1397 1387 1378
f 1398 1379 1390
f 1398 1388 1379
f 1399 1389 1380
f 1399 1380 1391
f 1400 1390 1381
f 1400 1381 1392
f 1400 939 940
f 1400 940 941
f 1400 1392 939
f 1401 914 1382
f 1401 915 914
f 1401 916 915
f 1401 1382 1393
f 1402 1391 1383
f 1402 1383 1394
f 1403 1385 1395
f 1403 1393 1385
f 1404 1386 1396
f 1404 1394 1386
f 1405 1395 1387
f 1405 1387 1397
f 1406 1388 1398
f 1406 1396 1388
f 1407 1397 1389
f 1407 1389 1399
f 1408 1400 941
f 1408 1390 1400
f 1408 1398 1390
f 1408 941 942
f 1409 1391 1402
f 1409 1399 1391
f 1410 916 1401
f 1410 1401 1393
f 1410 1393 1403
f 1410 917 916
f 1411 1394 1404
f 1411 1402 1394
f 1412 1395 1405
f 1412 1403 1395
f 1413 1404 1396
f 1413 1396 1406
f 1414 1397 1407
f 1414 1405 1397
f 1415 1398 1408
f 1415 1408 942
f 1415 942 943
f 1415 1406 1398
f 1416 1407 1399
f 1416 1399 1409
f 1417 1402 1411
f 1417 1409 1402
f 1418 1410 1403
f 1418 1403 1412
f 1419 1411 1404
f 1419 1404 1413
f 1420 1405 1414
f 1420 1412 1405
f 1421 1413 1406
f 1421 1415 943
f 1421 1406 1415
f 1421 943 944
f 1421 944 945
f 1422 1414 1407
f 1422 1407 1416
f 1423 1416 1409
f 1423 1409 1417
f 1424 1410 1418
f 1424 917 1410
f 1424 918 917
f 1425 1417 1411
f 1425 1411 1419
f 1426 1418 1412
f 1426 1412 1420
f 1427 1419 1413
f 1427 1413 1421
f 1427 1421 945
f 1427 945 946
f 1428 1420 1414
f 1428 1414 1422
f 1429 1422 1416
f 1429 1416 1423
f 1430 1417 1425
f 1430 1423 1417
f 1431 1418 1426
f 1431 919 918
f 1431 1424 1418
f 1431 920 919
f 1431 918 1424
f 1432 1425 1419
f 1432 1419 1427
f 1432 1427 946
f 1432 946 947
f 1432 947 948
f 1433 1426 1420
f 1433 1420 1428
f 1434 1428 1422
f 1434 1422 1429
f 1435 1423 1430
f 1435 1429 1423
f 1436 1432 948
f 1436 1425 1432
f 1436 1430 1425
f 1436 948 949
f 1437 1426 1433
f 1437 1431 1426
f 1438 1433 1428
f 1438 1428 1434
f 1439 1429 1435
f 1439 1434 1429
f 1440 1430 1436
f 1440 1436 949
f 1440 949 950
f 1440 1435 1430
f 1441 1431 1437
f 1441 921 920
f 1441 920 1431
f 1442 1437 1433
f 1442 1433 1438
f 1443 1438 1434
f 1443 1434 1439
f 1444 1435 1440
f 1444 1439 1435
f 1444 1440 950
f 1444 950 951
f 1444 951 952
f 1445 1441 1437
f 1445 1437 1442
f 1445 921 1441
f 1445 922 921
f 1445 923 922
f 1446 1438 1443
f 1446 1442 1438
f 1447 1439 1444
f 1447 1444 952
f 1447 1443 1439
f 1447 952 953
f 1448 1445 1442
f 1448 1442 1446
f 1449 1446 1443
f 1449 1443 1447
f 1449 1447 953
f 1449 953 954
f 1449 954 955
f 1450 923 1445
f 1450 1445 1448
f 1450 924 923
f 1451 1448 1446
f 1451 1449 955
f 1451 1446 1449
f 1451 955 956
f 1452 1448 1451
f 1452 1450 1448
f 1452 924 1450
f 1452 1451 956
f 1452 925 924
f 1452 957 925
f 1452 956 957
f 1474 1475 1453
f 1476 1453 1475
f 1473 1474 1453
f 1477 1453 1476
f 1472 1473 1453
f 1478 1453 1477
f 1471 1472 1453
f 1479 1453 1478
f 1470 1471 1453
f 1480 1453 1479
f 1469 1470 1453
f 1481 1453 1480
f 1468 1469 1453
f 1482 1453 1481
f 1467 1468 1453
f 1466 1467 1453
f 1465 1466 1453
f 1464 1465 1453
f 1463 1464 1453
f 1462 1463 1453
f 1461 1462 1453
f 1460 1461 1453
f 1459 1460 1453
f 1454 1482 1483
f 1454 1483 1484
f 1454 1484 1485
f 1454 1485 1486
f 1454 1486 1487
f 1454 1487 1488
f 1454 1488 1489
f 1454 1489 1490
f 1454 1490 1491
f 1454 1491 1492
f 1454 1492 1493
f 1454 1493 1494
f 1454 1494 1495
f 1454 1495 1496
f 1454 1496 1497
f 1454 1497 1498
f 1454 1498 1499
f 1454 1499 1500
f 1454 1500 1501
f 1454 1453 1482
f 1454 1501 1502
f 1454 1502 1503
f 1454 1503 1504
f 1454 1504 1505
f 1454 1505 1506
f 1454 1506 1507
f 1454 1507 1508
f 1454 1508 1509
f 1510 1454 1509
f 1511 1454 1510
f 1512 1454 1511
f 1513 1454 1512
f 1514 1454 1513
f 1515 1454 1514
f 1516 1454 1515
f 1517 1454 1516
f 1522 1453 1456
f 1522 1459 1453
f 1518 1454 1517
f 1584 1522 1456
f 1519 1454 1518
f 1583 1584 1456
f 1520 1454 1519
f 1582 1583 1456
f 1521 1454 1520
f 1581 1582 1456
f 1457 1454 1521
f 1580 1581 1456
f 1579 1580 1456
f 1578 1579 1456
f 1577 1578 1456
f 1576 1577 1456
f 1575 1576 1456
f 1574 1575 1456
f 1573 1574 1456
f 1572 1573 1456
f 1571 1572 1456
f 1570 1571 1456
f 1569 1570 1456
f 1568 1569 1456
f 1567 1568 1456
f 1566 1567 1456
f 1565 1566 1456
f 1458 1454 1457
f 1455 1553 1554
f 1455 1554 1555
f 1455 1555 1556
f 1455 1556 1557
f 1455 1557 1558
f 1455 1558 1559
f 1455 1559 1560
f 1455 1560 1561
f 1455 1454 1458
f 1455 1458 1523
f 1455 1523 1524
f 1455 1524 1525
f 1455 1525 1526
f 1455 1526 1527
f 1455 1527 1528
f 1455 1528 1529
f 1455 1529 1530
f 1455 1530 1531
f 1455 1531 1532
f 1455 1532 1533
f 1455 1533 1534
f 1455 1534 1535
f 1455 1535 1536
f 1455 1536 1537
f 1455 1537 1538
f 1455 1538 1539
f 1455 1539 1540
f 1455 1540 1541
f 1455 1541 1542
f 1455 1542 1543
f 1455 1543 1544
f 1455 1544 1545
f 1455 1545 1546
f 1455 1546 1547
f 1455 1547 1548
f 1455 1548 1549
f 1455 1549 1550
f 1455 1550 1551
f 1455 1551 1552
f 1455 1552 1553
f 1455 1561 1456
f 1561 1562 1456
f 1562 1563 1456
f 1563 1564 1456
f 1564 1565 1456
f 1588 1585 1586
f 1588 1587 1585
f 1655 1620 1621
f 1654 1653 1685
f 1686 1590 1591
f 1687 1589 1590
f 1687 1590 1686
f 1688 1589 1687
f 1689 1591 1592
f 1689 1686 1591
f 1689 1687 1686
f 1690 1589 1688
f 1691 1687 1689
f 1691 1688 1687
f 1692 1592 1593
f 1692 1593 1594
f 1692 1689 1592
f 1693 1589 1690
f 1694 1688 1691
f 1694 1690 1688
f 1695 1689 1692
f 1695 1691 1689
f 1696 1589 1693
f 1697 1690 1694
f 1697 1693 1690
f 1698 1691 1695
f 1698 1694 1691
f 1699 1594 1595
f 1699 1695 1692
f 1699 1692 1594
f 1700 1589 1696
f 1701 1693 1697
f 1701 1696 1693
f 1702 1694 1698
f 1702 1697 1694
f 1703 1695 1699
f 1703 1698 1695
f 1704 1589 1700
f 1705 1595 1596
f 1705 1596 1597
f 1705 1699 1595
f 1706 1696 1701
f 1706 1700 1696
f 1707 1701 1697
f 1707 1697 1702
f 1708 1698 1703
f 1708 1702 1698
f 1709 1589 1704
f 1710 1703 1699
f 1710 1699 1705
f 1711 1704 1700
f 1711 1700 1706
f 1712 1706 1701
f 1712 1701 1707
f 1713 1702 1708
f 1713 1707 1702
f 1714 1589 1709
f 1715 1703 1710
f 1715 1708 1703
f 1716 1709 1704
f 1716 1704 1711
f 1717 1597 1598
f 1717 1705 1597
f 1717 1710 1705
f 1718 1711 1706
f 1718 1706 1712
f 1719 1707 1713
f 1719 1712 1707
f 1720 1589 1714
f 1721 1708 1715
f 1721 1713 1708
f 1722 1714 1709
f 1722 1709 1716
f 1723 1710 1717
f 1723 1715 1710
f 1724 1716 1711
f 1724 1711 1718
f 1725 1598 1599
f 1725 1717 1598
f 1726 1718 1712
f 1726 1712 1719
f 1727 1622 1589
f 1727 1589 1720
f 1728 1719 1713
f 1728 1713 1721
f 1729 1714 1722
f 1729 1720 1714
f 1730 1715 1723
f 1730 1721 1715
f 1731 1722 1716
f 1731 1716 1724
f 1732 1717 1725
f 1732 1723 1717
f 1733 1724 1718
f 1733 1718 1726
f 1734 1622 1727
f 1735 1726 1719
f 1735 1719 1728
f 1736 1727 1720
f 1736 1720 1729
f 1737 1721 1730
f 1737 1728 1721
f 1738 1729 1722
f 1738 1722 1731
f 1739 1723 1732
f 1739 1730 1723
f 1740 1731 1724
f 1740 1724 1733
f 1741 1732 1725
f 1741 1599 1600
f 1741 1600 1601
f 1741 1725 1599
f 1742 1622 1734
f 1743 1726 1735
f 1743 1733 1726
f 1744 1727 1736
f 1744 1734 1727
f 1745 1735 1728
f 1745 1728 1737
f 1746 1729 1738
f 1746 1736 1729
f 1747 1737 1730
f 1747 1730 1739
f 1748 1731 1740
f 1748 1738 1731
f 1749 1739 1732
f 1749 1732 1741
f 1750 1622 1742
f 1751 1733 1743
f 1751 1740 1733
f 1752 1741 1601
f 1752 1601 1602
f 1753 1742 1734
f 1753 1734 1744
f 1754 1735 1745
f 1754 1743 1735
f 1755 1744 1736
f 1755 1736 1746
f 1756 1745 1737
f 1756 1737 1747
f 1757 1746 1738
f 1757 1738 1748
f 1758 1747 1739
f 1758 1739 1749
f 1759 1622 1750
f 1760 1740 1751
f 1760 1748 1740
f 1761 1749 1741
f 1761 1741 1752
f 1762 1750 1742
f 1762 1742 1753
f 1763 1751 1743
f 1763 1743 1754
f 1764 1744 1755
f 1764 1753 1744
f 1765 1754 1745
f 1765 1745 1756
f 1766 1746 1757
f 1766 1755 1746
f 1767 1756 1747
f 1767 1747 1758
f 1768 1622 1759
f 1769 1748 1760
f 1769 1757 1748
f 1770 1758 1749
f 1770 1749 1761
f 1771 1750 1762
f 1771 1759 1750
f 1772 1751 1763
f 1772 1760 1751
f 1773 1602 1603
f 1773 1761 1752
f 1773 1603 1604
f 1773 1752 1602
f 1774 1762 1753
f 1774 1753 1764
f 1775 1754 1765
f 1775 1763 1754
f 1776 1755 1766
f 1776 1764 1755
f 1777 1765 1756
f 1777 1756 1767
f 1778 1622 1768
f 1779 1766 1757
f 1779 1757 1769
f 1780 1767 1758
f 1780 1758 1770
f 1781 1768 1759
f 1781 1759 1771
f 1782 1769 1760
f 1782 1760 1772
f 1783 1770 1761
f 1783 1761 1773
f 1784 1762 1774
f 1784 1771 1762
f 1785 1772 1763
f 1785 1763 1775
f 1786 1604 1605
f 1786 1773 1604
f 1787 1764 1776
f 1787 1774 1764
f 1788 1775 1765
f 1788 1765 1777
f 1789 1622 1778
f 1790 1776 1766
f 1790 1766 1779
f 1791 1777 1767
f 1791 1767 1780
f 1792 1768 1781
f 1792 1778 1768
f 1793 1769 1782
f 1793 1779 1769
f 1794 1780 1770
f 1794 1770 1783
f 1795 1781 1771
f 1795 1771 1784
f 1796 1772 1785
f 1796 1782 1772
f 1797 1783 1773
f 1797 1773 1786
f 1798 1784 1774
f 1798 1774 1787
f 1799 1785 1775
f 1799 1775 1788
f 1800 1622 1789
f 1801 1776 1790
f 1801 1787 1776
f 1802 1777 1791
f 1802 1788 1777
f 1803 1778 1792
f 1803 1789 1778
f 1804 1779 1793
f 1804 1790 1779
f 1805 1780 1794
f 1805 1791 1780
f 1806 1781 1795
f 1806 1792 1781
f 1807 1793 1782
f 1807 1782 1796
f 1808 1794 1783
f 1808 1783 1797
f 1809 1784 1798
f 1809 1795 1784
f 1810 1785 1799
f 1810 1796 1785
f 1811 1605 1606
f 1811 1797 1786
f 1811 1786 1605
f 1812 1622 1800
f 1813 1787 1801
f 1813 1798 1787
f 1814 1799 1788
f 1814 1788 1802
f 1815 1789 1803
f 1815 1800 1789
f 1816 1790 1804
f 1816 1801 1790
f 1817 1802 1791
f 1817 1791 1805
f 1818 1792 1806
f 1818 1803 1792
f 1819 1804 1793
f 1819 1793 1807
f 1820 1805 1794
f 1820 1794 1808
f 1821 1806 1795
f 1821 1795 1809
f 1822 1807 1796
f 1822 1796 1810
f 1823 1797 1811
f 1823 1808 1797
f 1824 1622 1812
f 1824 1623 1622
f 1825 1809 1798
f 1825 1798 1813
f 1826 1799 1814
f 1826 1810 1799
f 1827 1606 1607
f 1827 1607 1608
f 1827 1811 1606
f 1828 1812 1800
f 1828 1800 1815
f 1829 1813 1801
f 1829 1801 1816
f 1830 1814 1802
f 1830 1802 1817
f 1831 1815 1803
f 1831 1803 1818
f 1832 1816 1804
f 1832 1804 1819
f 1833 1805 1820
f 1833 1817 1805
f 1834 1806 1821
f 1834 1818 1806
f 1835 1807 1822
f 1835 1819 1807
f 1836 1820 1808
f 1836 1808 1823
f 1837 1623 1824
f 1837 1624 1623
f 1838 1809 1825
f 1838 1821 1809
f 1839 1822 1810
f 1839 1810 1826
f 1840 1811 1827
f 1840 1823 1811
f 1841 1812 1828
f 1841 1824 1812
f 1842 1825 1813
f 1842 1813 1829
f 1843 1814 1830
f 1843 1826 1814
f 1844 1828 1815
f 1844 1815 1831
f 1845 1829 1816
f 1845 1816 1832
f 1846 1830 1817
f 1846 1817 1833
f 1847 1831 1818
f 1847 1818 1834
f 1848 1832 1819
f 1848 1819 1835
f 1849 1833 1820
f 1849 1820 1836
f 1850 1834 1821
f 1850 1821 1838
f 1851 1822 1839
f 1851 1835 1822
f 1852 1823 1840
f 1852 1836 1823
f 1853 1625 1624
f 1853 1837 1824
f 1853 1624 1837
f 1853 1824 1841
f 1854 1838 1825
f 1854 1825 1842
f 1855 1839 1826
f 1855 1826 1843
f 1856 1608 1609
f 1856 1840 1827
f 1856 1827 1608
f 1857 1828 1844
f 1857 1841 1828
f 1858 1842 1829
f 1858 1829 1845
f 1859 1830 1846
f 1859 1843 1830
f 1860 1844 1831
f 1860 1831 1847
f 1861 1832 1848
f 1861 1845 1832
f 1862 1846 1833
f 1862 1833 1849
f 1863 1834 1850
f 1863 1847 1834
f 1864 1848 1835
f 1864 1835 1851
f 1865 1849 1836
f 1865 1836 1852
f 1866 1850 1838
f 1866 1838 1854
f 1867 1839 1855
f 1867 1851 1839
f 1868 1852 1840
f 1868 1840 1856
f 1869 1853 1841
f 1869 1841 1857
f 1870 1854 1842
f 1870 1842 1858
f 1871 1843 1859
f 1871 1855 1843
f 1872 1609 1610
f 1872 1610 1611
f 1872 1856 1609
f 1873 1857 1844
f 1873 1844 1860
f 1874 1845 1861
f 1874 1858 1845
f 1875 1859 1846
f 1875 1846 1862
f 1876 1860 1847
f 1876 1847 1863
f 1877 1848 1864
f 1877 1861 1848
f 1878 1849 1865
f 1878 1862 1849
f 1879 1850 1866
f 1879 1863 1850
f 1880 1864 1851
f 1880 1851 1867
f 1881 1852 1868
f 1881 1865 1852
f 1882 1626 1625
f 1882 1627 1626
f 1882 1853 1869
f 1882 1625 1853
f 1883 1854 1870
f 1883 1866 1854
f 1884 1867 1855
f 1884 1855 1871
f 1885 1868 1856
f 1885 1856 1872
f 1886 1857 1873
f 1886 1869 1857
f 1887 1858 1874
f 1887 1870 1858
f 1888 1871 1859
f 1888 1859 1875
f 1889 1860 1876
f 1889 1873 1860
f 1890 1874 1861
f 1890 1861 1877
f 1891 1862 1878
f 1891 1875 1862
f 1892 1876 1863
f 1892 1863 1879
f 1893 1877 1864
f 1893 1864 1880
f 1894 1878 1865
f 1894 1865 1881
f 1895 1866 1883
f 1895 1879 1866
f 1896 1867 1884
f 1896 1880 1867
f 1897 1881 1868
f 1897 1868 1885
f 1898 1882 1869
f 1898 1628 1627
f 1898 1869 1886
f 1898 1627 1882
f 1899 1883 1870
f 1899 1870 1887
f 1900 1884 1871
f 1900 1871 1888
f 1901 1611 1612
f 1901 1872 1611
f 1901 1885 1872
f 1902 1886 1873
f 1902 1873 1889
f 1903 1874 1890
f 1903 1887 1874
f 1904 1875 1891
f 1904 1888 1875
f 1905 1889 1876
f 1905 1876 1892
f 1906 1890 1877
f 1906 1877 1893
f 1907 1891 1878
f 1907 1878 1894
f 1908 1879 1895
f 1908 1892 1879
f 1909 1893 1880
f 1909 1880 1896
f 1910 1881 1897
f 1910 1894 1881
f 1911 1895 1883
f 1911 1883 1899
f 1912 1896 1884
f 1912 1884 1900
f 1913 1897 1885
f 1913 1885 1901
f 1914 1898 1886
f 1914 1886 1902
f 1915 1899 1887
f 1915 1887 1903
f 1916 1900 1888
f 1916 1888 1904
f 1917 1612 1613
f 1917 1901 1612
f 1918 1902 1889
f 1918 1889 1905
f 1919 1890 1906
f 1919 1903 1890
f 1920 1904 1891
f 1920 1891 1907
f 1921 1892 1908
f 1921 1905 1892
f 1922 1906 1893
f 1922 1893 1909
f 1923 1894 1910
f 1923 1907 1894
f 1924 1908 1895
f 1924 1895 1911
f 1925 1896 1912
f 1925 1909 1896
f 1926 1897 1913
f 1926 1910 1897
f 1927 1628 1898
f 1927 1898 1914
f 1927 1629 1628
f 1927 1630 1629
f 1928 1899 1915
f 1928 1911 1899
f 1929 1912 1900
f 1929 1900 1916
f 1930 1913 1901
f 1930 1901 1917
f 1931 1914 1902
f 1931 1902 1918
f 1932 1903 1919
f 1932 1915 1903
f 1933 1916 1904
f 1933 1904 1920
f 1934 1918 1905
f 1934 1905 1921
f 1935 1919 1906
f 1935 1906 1922
f 1936 1920 1907
f 1936 1907 1923
f 1937 1921 1908
f 1937 1908 1924
f 1938 1909 1925
f 1938 1922 1909
f 1939 1910 1926
f 1939 1923 1910
f 1940 1911 1928
f 1940 1924 1911
f 1941 1925 1912
f 1941 1912 1929
f 1942 1926 1913
f 1942 1913 1930
f 1943 1927 1914
f 1943 1630 1927
f 1943 1914 1931
f 1943 1631 1630
f 1944 1915 1932
f 1944 1928 1915
f 1945 1929 1916
f 1945 1916 1933
f 1946 1930 1917
f 1946 1613 1614
f 1946 1614 1615
f 1946 1917 1613
f 1947 1931 1918
f 1947 1918 1934
f 1948 1932 1919
f 1948 1919 1935
f 1949 1920 1936
f 1949 1933 1920
f 1950 1921 1937
f 1950 1934 1921
f 1951 1935 1922
f 1951 1922 1938
f 1952 1936 1923
f 1952 1923 1939
f 1953 1924 1940
f 1953 1937 1924
f 1954 1938 1925
f 1954 1925 1941
f 1955 1939 1926
f 1955 1926 1942
f 1956 1940 1928
f 1956 1928 1944
f 1957 1941 1929
f 1957 1929 1945
f 1958 1942 1930
f 1958 1930 1946
f 1959 1943 1931
f 1959 1931 1947
f 1960 1932 1948
f 1960 1944 1932
f 1961 1933 1949
f 1961 1945 1933
f 1962 1615 1616
f 1962 1946 1615
f 1963 1947 1934
f 1963 1934 1950
f 1964 1935 1951
f 1964 1948 1935
f 1965 1936 1952
f 1965 1949 1936
f 1966 1950 1937
f 1966 1937 1953
f 1967 1938 1954
f 1967 1951 1938
f 1968 1952 1939
f 1968 1939 1955
f 1969 1953 1940
f 1969 1940 1956
f 1970 1941 1957
f 1970 1954 1941
f 1971 1942 1958
f 1971 1955 1942
f 1972 1943 1959
f 1972 1632 1631
f 1972 1631 1943
f 1973 1956 1944
f 1973 1944 1960
f 1974 1945 1961
f 1974 1957 1945
f 1975 1946 1962
f 1975 1958 1946
f 1976 1959 1947
f 1976 1947 1963
f 1977 1948 1964
f 1977 1960 1948
f 1978 1949 1965
f 1978 1961 1949
f 1979 1963 1950
f 1979 1950 1966
f 1980 1951 1967
f 1980 1964 1951
f 1981 1965 1952
f 1981 1952 1968
f 1982 1953 1969
f 1982 1966 1953
f 1983 1954 1970
f 1983 1967 1954
f 1984 1955 1971
f 1984 1968 1955
f 1985 1956 1973
f 1985 1969 1956
f 1986 1957 1974
f 1986 1970 1957
f 1987 1958 1975
f 1987 1971 1958
f 1988 1632 1972
f 1988 1633 1632
f 1988 1634 1633
f 1988 1959 1976
f 1988 1972 1959
f 1989 1960 1977
f 1989 1973 1960
f 1990 1974 1961
f 1990 1961 1978
f 1991 1975 1962
f 1991 1616 1617
f 1991 1617 1618
f 1991 1962 1616
f 1992 1976 1963
f 1992 1963 1979
f 1993 1964 1980
f 1993 1977 1964
f 1994 1978 1965
f 1994 1965 1981
f 1995 1966 1982
f 1995 1979 1966
f 1996 1980 1967
f 1996 1967 1983
f 1997 1981 1968
f 1997 1968 1984
f 1998 1969 1985
f 1998 1982 1969
f 1999 1970 1986
f 1999 1983 1970
f 2000 1971 1987
f 2000 1984 1971
f 2001 1985 1973
f 2001 1973 1989
f 2002 1986 1974
f 2002 1974 1990
f 2003 1987 1975
f 2003 1975 1991
f 2004 1976 1992
f 2004 1988 1976
f 2005 1989 1977
f 2005 1977 1993
f 2006 1990 1978
f 2006 1978 1994
f 2007 1618 1619
f 2007 1991 1618
f 2008 1979 1995
f 2008 1992 1979
f 2009 1993 1980
f 2009 1980 1996
f 2010 1994 1981
f 2010 1981 1997
f 2011 1982 1998
f 2011 1995 1982
f 2012 1996 1983
f 2012 1983 1999
f 2013 1997 1984
f 2013 1984 2000
f 2014 1998 1985
f 2014 1985 2001
f 2015 1999 1986
f 2015 1986 2002
f 2016 2000 1987
f 2016 1987 2003
f 2017 1634 1988
f 2017 1635 1634
f 2017 1988 2004
f 2018 2001 1989
f 2018 1989 2005
f 2019 2002 1990
f 2019 1990 2006
f 2020 2003 1991
f 2020 1991 2007
f 2021 1992 2008
f 2021 2004 1992
f 2022 1993 2009
f 2022 2005 1993
f 2023 2006 1994
f 2023 1994 2010
f 2024 2008 1995
f 2024 1995 2011
f 2025 2009 1996
f 2025 1996 2012
f 2026 2010 1997
f 2026 1997 2013
f 2027 1998 2014
f 2027 2011 1998
f 2028 2012 1999
f 2028 1999 2015
f 2029 2000 2016
f 2029 2013 2000
f 2030 2014 2001
f 2030 2001 2018
f 2031 2002 2019
f 2031 2015 2002
f 2032 2003 2020
f 2032 2016 2003
f 2033 1635 2017
f 2033 2004 2021
f 2033 1636 1635
f 2033 1637 1636
f 2033 2017 2004
f 2034 2018 2005
f 2034 2005 2022
f 2035 2006 2023
f 2035 2019 2006
f 2036 2020 2007
f 2036 1619 1620
f 2036 1655 1656
f 2036 1620 1655
f 2036 2007 1619
f 2037 2008 2024
f 2037 2021 2008
f 2038 2022 2009
f 2038 2009 2025
f 2039 2010 2026
f 2039 2023 2010
f 2040 2011 2027
f 2040 2024 2011
f 2041 2025 2012
f 2041 2012 2028
f 2042 2013 2029
f 2042 2026 2013
f 2043 2027 2014
f 2043 2014 2030
f 2044 2015 2031
f 2044 2028 2015
f 2045 2016 2032
f 2045 2029 2016
f 2046 2030 2018
f 2046 2018 2034
f 2047 2031 2019
f 2047 2019 2035
f 2048 2032 2020
f 2048 1656 1657
f 2048 2020 2036
f 2048 2036 1656
f 2049 2021 2037
f 2049 2033 2021
f 2050 2034 2022
f 2050 2022 2038
f 2051 2023 2039
f 2051 2035 2023
f 2052 2037 2024
f 2052 2024 2040
f 2053 2038 2025
f 2053 2025 2041
f 2054 2026 2042
f 2054 2039 2026
f 2055 2040 2027
f 2055 2027 2043
f 2056 2041 2028
f 2056 2028 2044
f 2057 2029 2045
f 2057 2042 2029
f 2058 2030 2046
f 2058 2043 2030
f 2059 2044 2031
f 2059 2031 2047
f 2060 2048 1657
f 2060 2032 2048
f 2060 2045 2032
f 2060 1657 1658
f 2060 1658 1659
f 2061 1637 2033
f 2061 1638 1637
f 2061 2033 2049
f 2062 2046 2034
f 2062 2034 2050
f 2063 2035 2051
f 2063 2047 2035
f 2064 2049 2037
f 2064 2037 2052
f 2065 2050 2038
f 2065 2038 2053
f 2066 2051 2039
f 2066 2039 2054
f 2067 2040 2055
f 2067 2052 2040
f 2068 2053 2041
f 2068 2041 2056
f 2069 2042 2057
f 2069 2054 2042
f 2070 2055 2043
f 2070 2043 2058
f 2071 2044 2059
f 2071 2056 2044
f 2072 2060 1659
f 2072 2045 2060
f 2072 2057 2045
f 2072 1659 1660
f 2073 2046 2062
f 2073 2058 2046
f 2074 2047 2063
f 2074 2059 2047
f 2075 1638 2061
f 2075 2061 2049
f 2075 1639 1638
f 2075 2049 2064
f 2076 2050 2065
f 2076 2062 2050
f 2077 2051 2066
f 2077 2063 2051
f 2078 2064 2052
f 2078 2052 2067
f 2079 2065 2053
f 2079 2053 2068
f 2080 2054 2069
f 2080 2066 2054
f 2081 2055 2070
f 2081 2067 2055
f 2082 2068 2056
f 2082 2056 2071
f 2083 2057 2072
f 2083 2069 2057
f 2083 2072 1660
f 2083 1660 1661
f 2083 1661 1662
f 2084 2058 2073
f 2084 2070 2058
f 2085 2059 2074
f 2085 2071 2059
f 2086 2073 2062
f 2086 2062 2076
f 2087 2063 2077
f 2087 2074 2063
f 2088 2075 2064
f 2088 2064 2078
f 2089 2076 2065
f 2089 2065 2079
f 2090 2077 2066
f 2090 2066 2080
f 2091 2078 2067
f 2091 2067 2081
f 2092 2068 2082
f 2092 2079 2068
f 2093 2069 2083
f 2093 2080 2069
f 2093 2083 1662
f 2093 1662 1663
f 2094 2070 2084
f 2094 2081 2070
f 2095 2071 2085
f 2095 2082 2071
f 2096 2073 2086
f 2096 2084 2073
f 2097 2085 2074
f 2097 2074 2087
f 2098 2075 2088
f 2098 1639 2075
f 2098 1640 1639
f 2098 1641 1640
f 2099 2076 2089
f 2099 2086 2076
f 2100 2077 2090
f 2100 2087 2077
f 2101 2088 2078
f 2101 2078 2091
f 2102 2079 2092
f 2102 2089 2079
f 2103 2090 2080
f 2103 1663 1664
f 2103 2080 2093
f 2103 2093 1663
f 2104 2081 2094
f 2104 2091 2081
f 2105 2082 2095
f 2105 2092 2082
f 2106 2084 2096
f 2106 2094 2084
f 2107 2085 2097
f 2107 2095 2085
f 2108 2086 2099
f 2108 2096 2086
f 2109 2097 2087
f 2109 2087 2100
f 2110 1641 2098
f 2110 2088 2101
f 2110 1642 1641
f 2110 2098 2088
f 2111 2099 2089
f 2111 2089 2102
f 2112 2103 1664
f 2112 2090 2103
f 2112 1664 1665
f 2112 1665 1666
f 2112 2100 2090
f 2113 2091 2104
f 2113 2101 2091
f 2114 2092 2105
f 2114 2102 2092
f 2115 2094 2106
f 2115 2104 2094
f 2116 2105 2095
f 2116 2095 2107
f 2117 2106 2096
f 2117 2096 2108
f 2118 2097 2109
f 2118 2107 2097
f 2119 2108 2099
f 2119 2099 2111
f 2120 2112 1666
f 2120 2100 2112
f 2120 1666 1667
f 2120 2109 2100
f 2121 2101 2113
f 2121 2110 2101
f 2122 2102 2114
f 2122 2111 2102
f 2123 2113 2104
f 2123 2104 2115
f 2124 2105 2116
f 2124 2114 2105
f 2125 2106 2117
f 2125 2115 2106
f 2126 2107 2118
f 2126 2116 2107
f 2127 2117 2108
f 2127 2108 2119
f 2128 2118 2109
f 2128 2109 2120
f 2128 1667 1668
f 2128 1668 1669
f 2128 2120 1667
f 2129 1642 2110
f 2129 1643 1642
f 2129 1644 1643
f 2129 2110 2121
f 2130 2119 2111
f 2130 2111 2122
f 2131 2113 2123
f 2131 2121 2113
f 2132 2114 2124
f 2132 2122 2114
f 2133 2123 2115
f 2133 2115 2125
f 2134 2116 2126
f 2134 2124 2116
f 2135 2125 2117
f 2135 2117 2127
f 2136 2128 1669
f 2136 2118 2128
f 2136 2126 2118
f 2136 1669 1670
f 2137 2119 2130
f 2137 2127 2119
f 2138 1644 2129
f 2138 2129 2121
f 2138 2121 2131
f 2138 1645 1644
f 2139 2122 2132
f 2139 2130 2122
f 2140 2123 2133
f 2140 2131 2123
f 2141 2132 2124
f 2141 2124 2134
f 2142 2125 2135
f 2142 2133 2125
f 2143 2126 2136
f 2143 2136 1670
f 2143 1670 1671
f 2143 2134 2126
f 2144 2135 2127
f 2144 2127 2137
f 2145 2130 2139
f 2145 2137 2130
f 2146 2138 2131
f 2146 2131 2140
f 2147 2139 2132
f 2147 2132 2141
f 2148 2133 2142
f 2148 2140 2133
f 2149 2141 2134
f 2149 2143 1671
f 2149 2134 2143
f 2149 1671 1672
f 2149 1672 1673
f 2150 2142 2135
f 2150 2135 2144
f 2151 2144 2137
f 2151 2137 2145
f 2152 2138 2146
f 2152 1645 2138
f 2152 1646 1645
f 2153 2145 2139
f 2153 2139 2147
f 2154 2146 2140
f 2154 2140 2148
f 2155 2147 2141
f 2155 2141 2149
f 2155 2149 1673
f 2155 1673 1674
f 2156 2148 2142
f 2156 2142 2150
f 2157 2150 2144
f 2157 2144 2151
f 2158 2145 2153
f 2158 2151 2145
f 2159 2146 2154
f 2159 1647 1646
f 2159 2152 2146
f 2159 1648 1647
f 2159 1646 2152
f 2160 2153 2147
f 2160 2147 2155
f 2160 2155 1674
f 2160 1674 1675
f 2160 1675 1676
f 2161 2154 2148
f 2161 2148 2156
f 2162 2156 2150
f 2162 2150 2157
f 2163 2151 2158
f 2163 2157 2151
f 2164 2160 1676
f 2164 2153 2160
f 2164 2158 2153
f 2164 1676 1677
f 2165 2154 2161
f 2165 2159 2154
f 2166 2161 2156
f 2166 2156 2162
f 2167 2157 2163
f 2167 2162 2157
f 2168 2158 2164
f 2168 2164 1677
f 2168 1677 1678
f 2168 2163 2158
f 2169 2159 2165
f 2169 1649 1648
f 2169 1648 2159
f 2170 2165 2161
f 2170 2161 2166
f 2171 2166 2162
f 2171 2162 2167
f 2172 2163 2168
f 2172 2167 2163
f 2172 2168 1678
f 2172 1678 1679
f 2172 1679 1680
f 2173 2169 2165
f 2173 2165 2170
f 2173 1649 2169
f 2173 1650 1649
f 2173 1651 1650
f 2174 2166 2171
f 2174 2170 2166
f 2175 2167 2172
f 2175 2172 1680
f 2175 2171 2167
f 2175 1680 1681
f 2176 2173 2170
f 2176 2170 2174
f 2177 2174 2171
f 2177 2171 2175
f 2177 2175 1681
f 2177 1681 1682
f 2177 1682 1683
f 2178 1651 2173
f 2178 2173 2176
f 2178 1652 1651
f 2179 2176 2174
f 2179 2177 1683
f 2179 2174 2177
f 2179 1683 1684
f 2180 2176 2179
f 2180 2178 2176
f 2180 1652 2178
f 2180 2179 1684
f 2180 1653 1652
f 2180 1685 1653
f 2180 1684 1685
f 2184 2182 2181
f 2184 2181 2183
f 2251 2216 2217
f 2250 2249 2281
f 2282 2186 2187
f 2283 2185 2186
f 2283 2186 2282
f 2284 2185 2283
f 2285 2187 2188
f 2285 2282 2187
f 2285 2283 2282
f 2286 2185 2284
f 2287 2283 2285
f 2287 2284 2283
f 2288 2188 2189
f 2288 2189 2190
f 2288 2285 2188
f 2289 2185 2286
f 2290 2284 2287
f 2290 2286 2284
f 2291 2285 2288
f 2291 2287 2285
f 2292 2185 2289
f 2293 2286 2290
f 2293 2289 2286
f 2294 2287 2291
f 2294 2290 2287
f 2295 2190 2191
f 2295 2291 2288
f 2295 2288 2190
f 2296 2185 2292
f 2297 2289 2293
f 2297 2292 2289
f 2298 2290 2294
f 2298 2293 2290
f 2299 2291 2295
f 2299 2294 2291
f 2300 2185 2296
f 2301 2191 2192
f 2301 2192 2193
f 2301 2295 2191
f 2302 2292 2297
f 2302 2296 2292
f 2303 2297 2293
f 2303 2293 2298
f 2304 2294 2299
f 2304 2298 2294
f 2305 2185 2300
f 2306 2299 2295
f 2306 2295 2301
f 2307 2300 2296
f 2307 2296 2302
f 2308 2302 2297
f 2308 2297 2303
f 2309 2298 2304
f 2309 2303 2298
f 2310 2185 2305
f 2311 2299 2306
f 2311 2304 2299
f 2312 2305 2300
f 2312 2300 2307
f 2313 2193 2194
f 2313 2301 2193
f 2313 2306 2301
f 2314 2307 2302
f 2314 2302 2308
f 2315 2303 2309
f 2315 2308 2303
f 2316 2185 2310
f 2317 2304 2311
f 2317 2309 2304
f 2318 2310 2305
f 2318 2305 2312
f 2319 2306 2313
f 2319 2311 2306
f 2320 2312 2307
f 2320 2307 2314
f 2321 2194 2195
f 2321 2313 2194
f 2322 2314 2308
f 2322 2308 2315
f 2323 2218 2185
f 2323 2185 2316
f 2324 2315 2309
f 2324 2309 2317
f 2325 2310 2318
f 2325 2316 2310
f 2326 2311 2319
f 2326 2317 2311
f 2327 2318 2312
f 2327 2312 2320
f 2328 2313 2321
f 2328 2319 2313
f 2329 2320 2314
f 2329 2314 2322
f 2330 2218 2323
f 2331 2322 2315
f 2331 2315 2324
f 2332 2323 2316
f 2332 2316 2325
f 2333 2317 2326
f 2333 2324 2317
f 2334 2325 2318
f 2334 2318 2327
f 2335 2319 2328
f 2335 2326 2319
f 2336 2327 2320
f 2336 2320 2329
f 2337 2328 2321
f 2337 2195 2196
f 2337 2196 2197
f 2337 2321 2195
f 2338 2218 2330
f 2339 2322 2331
f 2339 2329 2322
f 2340 2323 2332
f 2340 2330 2323
f 2341 2331 2324
f 2341 2324 2333
f 2342 2325 2334
f 2342 2332 2325
f 2343 2333 2326
f 2343 2326 2335
f 2344 2327 2336
f 2344 2334 2327
f 2345 2335 2328
f 2345 2328 2337
f 2346 2218 2338
f 2347 2329 2339
f 2347 2336 2329
f 2348 2337 2197
f 2348 2197 2198
f 2349 2338 2330
f 2349 2330 2340
f 2350 2331 2341
f 2350 2339 2331
f 2351 2340 2332
f 2351 2332 2342
f 2352 2341 2333
f 2352 2333 2343
f 2353 2342 2334
f 2353 2334 2344
f 2354 2343 2335
f 2354 2335 2345
f 2355 2218 2346
f 2356 2336 2347
f 2356 2344 2336
f 2357 2345 2337
f 2357 2337 2348
f 2358 2346 2338
f 2358 2338 2349
f 2359 2347 2339
f 2359 2339 2350
f 2360 2340 2351
f 2360 2349 2340
f 2361 2350 2341
f 2361 2341 2352
f 2362 2342 2353
f 2362 2351 2342
f 2363 2352 2343
f 2363 2343 2354
f 2364 2218 2355
f 2365 2344 2356
f 2365 2353 2344
f 2366 2354 2345
f 2366 2345 2357
f 2367 2346 2358
f 2367 2355 2346
f 2368 2347 2359
f 2368 2356 2347
f 2369 2198 2199
f 2369 2357 2348
f 2369 2199 2200
f 2369 2348 2198
f 2370 2358 2349
f 2370 2349 2360
f 2371 2350 2361
f 2371 2359 2350
f 2372 2351 2362
f 2372 2360 2351
f 2373 2361 2352
f 2373 2352 2363
f 2374 2218 2364
f 2375 2362 2353
f 2375 2353 2365
f 2376 2363 2354
f 2376 2354 2366
f 2377 2364 2355
f 2377 2355 2367
f 2378 2365 2356
f 2378 2356 2368
f 2379 2366 2357
f 2379 2357 2369
f 2380 2358 2370
f 2380 2367 2358
f 2381 2368 2359
f 2381 2359 2371
f 2382 2200 2201
f 2382 2369 2200
f 2383 2360 2372
f 2383 2370 2360
f 2384 2371 2361
f 2384 2361 2373
f 2385 2218 2374
f 2386 2372 2362
f 2386 2362 2375
f 2387 2373 2363
f 2387 2363 2376
f 2388 2364 2377
f 2388 2374 2364
f 2389 2365 2378
f 2389 2375 2365
f 2390 2376 2366
f 2390 2366 2379
f 2391 2377 2367
f 2391 2367 2380
f 2392 2368 2381
f 2392 2378 2368
f 2393 2379 2369
f 2393 2369 2382
f 2394 2380 2370
f 2394 2370 2383
f 2395 2381 2371
f 2395 2371 2384
f 2396 2218 2385
f 2397 2372 2386
f 2397 2383 2372
f 2398 2373 2387
f 2398 2384 2373
f 2399 2374 2388
f 2399 2385 2374
f 2400 2375 2389
f 2400 2386 2375
f 2401 2376 2390
f 2401 2387 2376
f 2402 2377 2391
f 2402 2388 2377
f 2403 2389 2378
f 2403 2378 2392
f 2404 2390 2379
f 2404 2379 2393
f 2405 2380 2394
f 2405 2391 2380
f 2406 2381 2395
f 2406 2392 2381
f 2407 2201 2202
f 2407 2393 2382
f 2407 2382 2201
f 2408 2218 2396
f 2409 2383 2397
f 2409 2394 2383
f 2410 2395 2384
f 2410 2384 2398
f 2411 2385 2399
f 2411 2396 2385
f 2412 2386 2400
f 2412 2397 2386
f 2413 2398 2387
f 2413 2387 2401
f 2414 2388 2402
f 2414 2399 2388
f 2415 2400 2389
f 2415 2389 2403
f 2416 2401 2390
f 2416 2390 2404
f 2417 2402 2391
f 2417 2391 2405
f 2418 2403 2392
f 2418 2392 2406
f 2419 2393 2407
f 2419 2404 2393
f 2420 2218 2408
f 2420 2219 2218
f 2421 2405 2394
f 2421 2394 2409
f 2422 2395 2410
f 2422 2406 2395
f 2423 2202 2203
f 2423 2203 2204
f 2423 2407 2202
f 2424 2408 2396
f 2424 2396 2411
f 2425 2409 2397
f 2425 2397 2412
f 2426 2410 2398
f 2426 2398 2413
f 2427 2411 2399
f 2427 2399 2414
f 2428 2412 2400
f 2428 2400 2415
f 2429 2401 2416
f 2429 2413 2401
f 2430 2402 2417
f 2430 2414 2402
f 2431 2403 2418
f 2431 2415 2403
f 2432 2416 2404
f 2432 2404 2419
f 2433 2219 2420
f 2433 2220 2219
f 2434 2405 2421
f 2434 2417 2405
f 2435 2418 2406
f 2435 2406 2422
f 2436 2407 2423
f 2436 2419 2407
f 2437 2408 2424
f 2437 2420 2408
f 2438 2421 2409
f 2438 2409 2425
f 2439 2410 2426
f 2439 2422 2410
f 2440 2424 2411
f 2440 2411 2427
f 2441 2425 2412
f 2441 2412 2428
f 2442 2426 2413
f 2442 2413 2429
f 2443 2427 2414
f 2443 2414 2430
f 2444 2428 2415
f 2444 2415 2431
f 2445 2429 2416
f 2445 2416 2432
f 2446 2430 2417
f 2446 2417 2434
f 2447 2418 2435
f 2447 2431 2418
f 2448 2419 2436
f 2448 2432 2419
f 2449 2221 2220
f 2449 2433 2420
f 2449 2220 2433
f 2449 2420 2437
f 2450 2434 2421
f 2450 2421 2438
f 2451 2435 2422
f 2451 2422 2439
f 2452 2204 2205
f 2452 2436 2423
f 2452 2423 2204
f 2453 2424 2440
f 2453 2437 2424
f 2454 2438 2425
f 2454 2425 2441
f 2455 2426 2442
f 2455 2439 2426
f 2456 2440 2427
f 2456 2427 2443
f 2457 2428 2444
f 2457 2441 2428
f 2458 2442 2429
f 2458 2429 2445
f 2459 2430 2446
f 2459 2443 2430
f 2460 2444 2431
f 2460 2431 2447
f 2461 2445 2432
f 2461 2432 2448
f 2462 2446 2434
f 2462 2434 2450
f 2463 2435 2451
f 2463 2447 2435
f 2464 2448 2436
f 2464 2436 2452
f 2465 2449 2437
f 2465 2437 2453
f 2466 2450 2438
f 2466 2438 2454
f 2467 2439 2455
f 2467 2451 2439
f 2468 2205 2206
f 2468 2206 2207
f 2468 2452 2205
f 2469 2453 2440
f 2469 2440 2456
f 2470 2441 2457
f 2470 2454 2441
f 2471 2455 2442
f 2471 2442 2458
f 2472 2456 2443
f 2472 2443 2459
f 2473 2444 2460
f 2473 2457 2444
f 2474 2445 2461
f 2474 2458 2445
f 2475 2446 2462
f 2475 2459 2446
f 2476 2460 2447
f 2476 2447 2463
f 2477 2448 2464
f 2477 2461 2448
f 2478 2222 2221
f 2478 2223 2222
f 2478 2449 2465
f 2478 2221 2449
f 2479 2450 2466
f 2479 2462 2450
f 2480 2463 2451
f 2480 2451 2467
f 2481 2464 2452
f 2481 2452 2468
f 2482 2453 2469
f 2482 2465 2453
f 2483 2454 2470
f 2483 2466 2454
f 2484 2467 2455
f 2484 2455 2471
f 2485 2456 2472
f 2485 2469 2456
f 2486 2470 2457
f 2486 2457 2473
f 2487 2458 2474
f 2487 2471 2458
f 2488 2472 2459
f 2488 2459 2475
f 2489 2473 2460
f 2489 2460 2476
f 2490 2474 2461
f 2490 2461 2477
f 2491 2462 2479
f 2491 2475 2462
f 2492 2463 2480
f 2492 2476 2463
f 2493 2477 2464
f 2493 2464 2481
f 2494 2478 2465
f 2494 2224 2223
f 2494 2465 2482
f 2494 2223 2478
f 2495 2479 2466
f 2495 2466 2483
f 2496 2480 2467
f 2496 2467 2484
f 2497 2207 2208
f 2497 2468 2207
f 2497 2481 2468
f 2498 2482 2469
f 2498 2469 2485
f 2499 2470 2486
f 2499 2483 2470
f 2500 2471 2487
f 2500 2484 2471
f 2501 2485 2472
f 2501 2472 2488
f 2502 2486 2473
f 2502 2473 2489
f 2503 2487 2474
f 2503 2474 2490
f 2504 2475 2491
f 2504 2488 2475
f 2505 2489 2476
f 2505 2476 2492
f 2506 2477 2493
f 2506 2490 2477
f 2507 2491 2479
f 2507 2479 2495
f 2508 2492 2480
f 2508 2480 2496
f 2509 2493 2481
f 2509 2481 2497
f 2510 2494 2482
f 2510 2482 2498
f 2511 2495 2483
f 2511 2483 2499
f 2512 2496 2484
f 2512 2484 2500
f 2513 2208 2209
f 2513 2497 2208
f 2514 2498 2485
f 2514 2485 2501
f 2515 2486 2502
f 2515 2499 2486
f 2516 2500 2487
f 2516 2487 2503
f 2517 2488 2504
f 2517 2501 2488
f 2518 2502 2489
f 2518 2489 2505
f 2519 2490 2506
f 2519 2503 2490
f 2520 2504 2491
f 2520 2491 2507
f 2521 2492 2508
f 2521 2505 2492
f 2522 2493 2509
f 2522 2506 2493
f 2523 2224 2494
f 2523 2494 2510
f 2523 2225 2224
f 2523 2226 2225
f 2524 2495 2511
f 2524 2507 2495
f 2525 2508 2496
f 2525 2496 2512
f 2526 2509 2497
f 2526 2497 2513
f 2527 2510 2498
f 2527 2498 2514
f 2528 2499 2515
f 2528 2511 2499
f 2529 2512 2500
f 2529 2500 2516
f 2530 2514 2501
f 2530 2501 2517
f 2531 2515 2502
f 2531 2502 2518
f 2532 2516 2503
f 2532 2503 2519
f 2533 2517 2504
f 2533 2504 2520
f 2534 2505 2521
f 2534 2518 2505
f 2535 2506 2522
f 2535 2519 2506
f 2536 2507 2524
f 2536 2520 2507
f 2537 2521 2508
f 2537 2508 2525
f 2538 2522 2509
f 2538 2509 2526
f 2539 2523 2510
f 2539 2226 2523
f 2539 2510 2527
f 2539 2227 2226
f 2540 2511 2528
f 2540 2524 2511
f 2541 2525 2512
f 2541 2512 2529
f 2542 2526 2513
f 2542 2209 2210
f 2542 2210 2211
f 2542 2513 2209
f 2543 2527 2514
f 2543 2514 2530
f 2544 2528 2515
f 2544 2515 2531
f 2545 2516 2532
f 2545 2529 2516
f 2546 2517 2533
f 2546 2530 2517
f 2547 2531 2518
f 2547 2518 2534
f 2548 2532 2519
f 2548 2519 2535
f 2549 2520 2536
f 2549 2533 2520
f 2550 2534 2521
f 2550 2521 2537
f 2551 2535 2522
f 2551 2522 2538
f 2552 2536 2524
f 2552 2524 2540
f 2553 2537 2525
f 2553 2525 2541
f 2554 2538 2526
f 2554 2526 2542
f 2555 2539 2527
f 2555 2527 2543
f 2556 2528 2544
f 2556 2540 2528
f 2557 2529 2545
f 2557 2541 2529
f 2558 2211 2212
f 2558 2542 2211
f 2559 2543 2530
f 2559 2530 2546
f 2560 2531 2547
f 2560 2544 2531
f 2561 2532 2548
f 2561 2545 2532
f 2562 2546 2533
f 2562 2533 2549
f 2563 2534 2550
f 2563 2547 2534
f 2564 2548 2535
f 2564 2535 2551
f 2565 2549 2536
f 2565 2536 2552
f 2566 2537 2553
f 2566 2550 2537
f 2567 2538 2554
f 2567 2551 2538
f 2568 2539 2555
f 2568 2228 2227
f 2568 2227 2539
f 2569 2552 2540
f 2569 2540 2556
f 2570 2541 2557
f 2570 2553 2541
f 2571 2542 2558
f 2571 2554 2542
f 2572 2555 2543
f 2572 2543 2559
f 2573 2544 2560
f 2573 2556 2544
f 2574 2545 2561
f 2574 2557 2545
f 2575 2559 2546
f 2575 2546 2562
f 2576 2547 2563
f 2576 2560 2547
f 2577 2561 2548
f 2577 2548 2564
f 2578 2549 2565
f 2578 2562 2549
f 2579 2550 2566
f 2579 2563 2550
f 2580 2551 2567
f 2580 2564 2551
f 2581 2552 2569
f 2581 2565 2552
f 2582 2553 2570
f 2582 2566 2553
f 2583 2554 2571
f 2583 2567 2554
f 2584 2228 2568
f 2584 2229 2228
f 2584 2230 2229
f 2584 2555 2572
f 2584 2568 2555
f 2585 2556 2573
f 2585 2569 2556
f 2586 2570 2557
f 2586 2557 2574
f 2587 2571 2558
f 2587 2212 2213
f 2587 2213 2214
f 2587 2558 2212
f 2588 2572 2559
f 2588 2559 2575
f 2589 2560 2576
f 2589 2573 2560
f 2590 2574 2561
f 2590 2561 2577
f 2591 2562 2578
f 2591 2575 2562
f 2592 2576 2563
f 2592 2563 2579
f 2593 2577 2564
f 2593 2564 2580
f 2594 2565 2581
f 2594 2578 2565
f 2595 2566 2582
f 2595 2579 2566
f 2596 2567 2583
f 2596 2580 2567
f 2597 2581 2569
f 2597 2569 2585
f 2598 2582 2570
f 2598 2570 2586
f 2599 2583 2571
f 2599 2571 2587
f 2600 2572 2588
f 2600 2584 2572
f 2601 2585 2573
f 2601 2573 2589
f 2602 2586 2574
f 2602 2574 2590
f 2603 2214 2215
f 2603 2587 2214
f 2604 2575 2591
f 2604 2588 2575
f 2605 2589 2576
f 2605 2576 2592
f 2606 2590 2577
f 2606 2577 2593
f 2607 2578 2594
f 2607 2591 2578
f 2608 2592 2579
f 2608 2579 2595
f 2609 2593 2580
f 2609 2580 2596
f 2610 2594 2581
f 2610 2581 2597
f 2611 2595 2582
f 2611 2582 2598
f 2612 2596 2583
f 2612 2583 2599
f 2613 2230 2584
f 2613 2231 2230
f 2613 2584 2600
f 2614 2597 2585
f 2614 2585 2601
f 2615 2598 2586
f 2615 2586 2602
f 2616 2599 2587
f 2616 2587 2603
f 2617 2588 2604
f 2617 2600 2588
f 2618 2589 2605
f 2618 2601 2589
f 2619 2602 2590
f 2619 2590 2606
f 2620 2604 2591
f 2620 2591 2607
f 2621 2605 2592
f 2621 2592 2608
f 2622 2606 2593
f 2622 2593 2609
f 2623 2594 2610
f 2623 2607 2594
f 2624 2608 2595
f 2624 2595 2611
f 2625 2596 2612
f 2625 2609 2596
f 2626 2610 2597
f 2626 2597 2614
f 2627 2598 2615
f 2627 2611 2598
f 2628 2599 2616
f 2628 2612 2599
f 2629 2231 2613
f 2629 2600 2617
f 2629 2232 2231
f 2629 2233 2232
f 2629 2613 2600
f 2630 2614 2601
f 2630 2601 2618
f 2631 2602 2619
f 2631 2615 2602
f 2632 2616 2603
f 2632 2215 2216
f 2632 2251 2252
f 2632 2216 2251
f 2632 2603 2215
f 2633 2604 2620
f 2633 2617 2604
f 2634 2618 2605
f 2634 2605 2621
f 2635 2606 2622
f 2635 2619 2606
f 2636 2607 2623
f 2636 2620 2607
f 2637 2621 2608
f 2637 2608 2624
f 2638 2609 2625
f 2638 2622 2609
f 2639 2623 2610
f 2639 2610 2626
f 2640 2611 2627
f 2640 2624 2611
f 2641 2612 2628
f 2641 2625 2612
f 2642 2626 2614
f 2642 2614 2630
f 2643 2627 2615
f 2643 2615 2631
f 2644 2628 2616
f 2644 2252 2253
f 2644 2616 2632
f 2644 2632 2252
f 2645 2617 2633
f 2645 2629 2617
f 2646 2630 2618
f 2646 2618 2634
f 2647 2619 2635
f 2647 2631 2619
f 2648 2633 2620
f 2648 2620 2636
f 2649 2634 2621
f 2649 2621 2637
f 2650 2622 2638
f 2650 2635 2622
f 2651 2636 2623
f 2651 2623 2639
f 2652 2637 2624
f 2652 2624 2640
f 2653 2625 2641
f 2653 2638 2625
f 2654 2626 2642
f 2654 2639 2626
f 2655 2640 2627
f 2655 2627 2643
f 2656 2644 2253
f 2656 2628 2644
f 2656 2641 2628
f 2656 2253 2254
f 2656 2254 2255
f 2657 2233 2629
f 2657 2234 2233
f 2657 2629 2645
f 2658 2642 2630
f 2658 2630 2646
f 2659 2631 2647
f 2659 2643 2631
f 2660 2645 2633
f 2660 2633 2648
f 2661 2646 2634
f 2661 2634 2649
f 2662 2647 2635
f 2662 2635 2650
f 2663 2636 2651
f 2663 2648 2636
f 2664 2649 2637
f 2664 2637 2652
f 2665 2638 2653
f 2665 2650 2638
f 2666 2651 2639
f 2666 2639 2654
f 2667 2640 2655
f 2667 2652 2640
f 2668 2656 2255
f 2668 2641 2656
f 2668 2653 2641
f 2668 2255 2256
f 2669 2642 2658
f 2669 2654 2642
f 2670 2643 2659
f 2670 2655 2643
f 2671 2234 2657
f 2671 2657 2645
f 2671 2235 2234
f 2671 2645 2660
f 2672 2646 2661
f 2672 2658 2646
f 2673 2647 2662
f 2673 2659 2647
f 2674 2660 2648
f 2674 2648 2663
f 2675 2661 2649
f 2675 2649 2664
f 2676 2650 2665
f 2676 2662 2650
f 2677 2651 2666
f 2677 2663 2651
f 2678 2664 2652
f 2678 2652 2667
f 2679 2653 2668
f 2679 2665 2653
f 2679 2668 2256
f 2679 2256 2257
f 2679 2257 2258
f 2680 2654 2669
f 2680 2666 2654
f 2681 2655 2670
f 2681 2667 2655
f 2682 2669 2658
f 2682 2658 2672
f 2683 2659 2673
f 2683 2670 2659
f 2684 2671 2660
f 2684 2660 2674
f 2685 2672 2661
f 2685 2661 2675
f 2686 2673 2662
f 2686 2662 2676
f 2687 2674 2663
f 2687 2663 2677
f 2688 2664 2678
f 2688 2675 2664
f 2689 2665 2679
f 2689 2676 2665
f 2689 2679 2258
f 2689 2258 2259
f 2690 2666 2680
f 2690 2677 2666
f 2691 2667 2681
f 2691 2678 2667
f 2692 2669 2682
f 2692 2680 2669
f 2693 2681 2670
f 2693 2670 2683
f 2694 2671 2684
f 2694 2235 2671
f 2694 2236 2235
f 2694 2237 2236
f 2695 2672 2685
f 2695 2682 2672
f 2696 2673 2686
f 2696 2683 2673
f 2697 2684 2674
f 2697 2674 2687
f 2698 2675 2688
f 2698 2685 2675
f 2699 2686 2676
f 2699 2259 2260
f 2699 2676 2689
f 2699 2689 2259
f 2700 2677 2690
f 2700 2687 2677
f 2701 2678 2691
f 2701 2688 2678
f 2702 2680 2692
f 2702 2690 2680
f 2703 2681 2693
f 2703 2691 2681
f 2704 2682 2695
f 2704 2692 2682
f 2705 2693 2683
f 2705 2683 2696
f 2706 2237 2694
f 2706 2684 2697
f 2706 2238 2237
f 2706 2694 2684
f 2707 2695 2685
f 2707 2685 2698
f 2708 2699 2260
f 2708 2686 2699
f 2708 2260 2261
f 2708 2261 2262
f 2708 2696 2686
f 2709 2687 2700
f 2709 2697 2687
f 2710 2688 2701
f 2710 2698 2688
f 2711 2690 2702
f 2711 2700 2690
f 2712 2701 2691
f 2712 2691 2703
f 2713 2702 2692
f 2713 2692 2704
f 2714 2693 2705
f 2714 2703 2693
f 2715 2704 2695
f 2715 2695 2707
f 2716 2708 2262
f 2716 2696 2708
f 2716 2262 2263
f 2716 2705 2696
f 2717 2697 2709
f 2717 2706 2697
f 2718 2698 2710
f 2718 2707 2698
f 2719 2709 2700
f 2719 2700 2711
f 2720 2701 2712
f 2720 2710 2701
f 2721 2702 2713
f 2721 2711 2702
f 2722 2703 2714
f 2722 2712 2703
f 2723 2713 2704
f 2723 2704 2715
f 2724 2714 2705
f 2724 2705 2716
f 2724 2263 2264
f 2724 2264 2265
f 2724 2716 2263
f 2725 2238 2706
f 2725 2239 2238
f 2725 2240 2239
f 2725 2706 2717
f 2726 2715 2707
f 2726 2707 2718
f 2727 2709 2719
f 2727 2717 2709
f 2728 2710 2720
f 2728 2718 2710
f 2729 2719 2711
f 2729 2711 2721
f 2730 2712 2722
f 2730 2720 2712
f 2731 2721 2713
f 2731 2713 2723
f 2732 2724 2265
f 2732 2714 2724
f 2732 2722 2714
f 2732 2265 2266
f 2733 2715 2726
f 2733 2723 2715
f 2734 2240 2725
f 2734 2725 2717
f 2734 2717 2727
f 2734 2241 2240
f 2735 2718 2728
f 2735 2726 2718
f 2736 2719 2729
f 2736 2727 2719
f 2737 2728 2720
f 2737 2720 2730
f 2738 2721 2731
f 2738 2729 2721
f 2739 2722 2732
f 2739 2732 2266
f 2739 2266 2267
f 2739 2730 2722
f 2740 2731 2723
f 2740 2723 2733
f 2741 2726 2735
f 2741 2733 2726
f 2742 2734 2727
f 2742 2727 2736
f 2743 2735 2728
f 2743 2728 2737
f 2744 2729 2738
f 2744 2736 2729
f 2745 2737 2730
f 2745 2739 2267
f 2745 2730 2739
f 2745 2267 2268
f 2745 2268 2269
f 2746 2738 2731
f 2746 2731 2740
f 2747 2740 2733
f 2747 2733 2741
f 2748 2734 2742
f 2748 2241 2734
f 2748 2242 2241
f 2749 2741 2735
f 2749 2735 2743
f 2750 2742 2736
f 2750 2736 2744
f 2751 2743 2737
f 2751 2737 2745
f 2751 2745 2269
f 2751 2269 2270
f 2752 2744 2738
f 2752 2738 2746
f 2753 2746 2740
f 2753 2740 2747
f 2754 2741 2749
f 2754 2747 2741
f 2755 2742 2750
f 2755 2243 2242
f 2755 2748 2742
f 2755 2244 2243
f 2755 2242 2748
f 2756 2749 2743
f 2756 2743 2751
f 2756 2751 2270
f 2756 2270 2271
f 2756 2271 2272
f 2757 2750 2744
f 2757 2744 2752
f 2758 2752 2746
f 2758 2746 2753
f 2759 2747 2754
f 2759 2753 2747
f 2760 2756 2272
f 2760 2749 2756
f 2760 2754 2749
f 2760 2272 2273
f 2761 2750 2757
f 2761 2755 2750
f 2762 2757 2752
f 2762 2752 2758
f 2763 2753 2759
f 2763 2758 2753
f 2764 2754 2760
f 2764 2760 2273
f 2764 2273 2274
f 2764 2759 2754
f 2765 2755 2761
f 2765 2245 2244
f 2765 2244 2755
f 2766 2761 2757
f 2766 2757 2762
f 2767 2762 2758
f 2767 2758 2763
f 2768 2759 2764
f 2768 2763 2759
f 2768 2764 2274
f 2768 2274 2275
f 2768 2275 2276
f 2769 2765 2761
f 2769 2761 2766
f 2769 2245 2765
f 2769 2246 2245
f 2769 2247 2246
f 2770 2762 2767
f 2770 2766 2762
f 2771 2763 2768
f 2771 2768 2276
f 2771 2767 2763
f 2771 2276 2277
f 2772 2769 2766
f 2772 2766 2770
f 2773 2770 2767
f 2773 2767 2771
f 2773 2771 2277
f 2773 2277 2278
f 2773 2278 2279
f 2774 2247 2769
f 2774 2769 2772
f 2774 2248 2247
f 2775 2772 2770
f 2775 2773 2279
f 2775 2770 2773
f 2775 2279 2280
f 2776 2772 2775
f 2776 2774 2772
f 2776 2248 2774
f 2776 2775 2280
f 2776 2249 2248
f 2776 2281 2249
f 2776 2280 2281
f 2798 2777 2799
f 2800 2799 2777
f 2797 2777 2798
f 2801 2800 2777
f 2796 2777 2797
f 2802 2801 2777
f 2795 2777 2796
f 2803 2802 2777
f 2794 2777 2795
f 2804 2803 2777
f 2793 2777 2794
f 2805 2804 2777
f 2792 2777 2793
f 2806 2805 2777
f 2791 2777 2792
f 2790 2777 2791
f 2789 2777 2790
f 2788 2777 2789
f 2787 2777 2788
f 2786 2777 2787
f 2785 2777 2786
f 2784 2777 2785
f 2783 2777 2784
f 2778 2807 2806
f 2778 2808 2807
f 2778 2809 2808
f 2778 2810 2809
f 2778 2811 2810
f 2778 2812 2811
f 2778 2813 2812
f 2778 2814 2813
f 2778 2815 2814
f 2778 2816 2815
f 2778 2817 2816
f 2778 2818 2817
f 2778 2819 2818
f 2778 2820 2819
f 2778 2821 2820
f 2778 2822 2821
f 2778 2823 2822
f 2778 2824 2823
f 2778 2825 2824
f 2778 2806 2777
f 2778 2826 2825
f 2778 2827 2826
f 2778 2828 2827
f 2778 2829 2828
f 2778 2830 2829
f 2778 2831 2830
f 2778 2832 2831
f 2778 2833 2832
f 2834 2833 2778
f 2835 2834 2778
f 2836 2835 2778
f 2837 2836 2778
f 2838 2837 2778
f 2839 2838 2778
f 2840 2839 2778
f 2841 2840 2778
f 2846 2780 2777
f 2846 2777 2783
f 2842 2841 2778
f 2908 2780 2846
f 2843 2842 2778
f 2907 2780 2908
f 2844 2843 2778
f 2906 2780 2907
f 2845 2844 2778
f 2905 2780 2906
f 2781 2845 2778
f 2904 2780 2905
f 2903 2780 2904
f 2902 2780 2903
f 2901 2780 2902
f 2900 2780 2901
f 2899 2780 2900
f 2898 2780 2899
f 2897 2780 2898
f 2896 2780 2897
f 2895 2780 2896
f 2894 2780 2895
f 2893 2780 2894
f 2892 2780 2893
f 2891 2780 2892
f 2890 2780 2891
f 2889 2780 2890
f 2782 2781 2778
f 2779 2878 2877
f 2779 2879 2878
f 2779 2880 2879
f 2779 2881 2880
f 2779 2882 2881
f 2779 2883 2882
f 2779 2884 2883
f 2779 2885 2884
f 2779 2782 2778
f 2779 2847 2782
f 2779 2848 2847
f 2779 2849 2848
f 2779 2850 2849
f 2779 2851 2850
f 2779 2852 2851
f 2779 2853 2852
f 2779 2854 2853
f 2779 2855 2854
f 2779 2856 2855
f 2779 2857 2856
f 2779 2858 2857
f 2779 2859 2858
f 2779 2860 2859
f 2779 2861 2860
f 2779 2862 2861
f 2779 2863 2862
f 2779 2864 2863
f 2779 2865 2864
f 2779 2866 2865
f 2779 2867 2866
f 2779 2868 2867
f 2779 2869 2868
f 2779 2870 2869
f 2779 2871 2870
f 2779 2872 2871
f 2779 2873 2872
f 2779 2874 2873
f 2779 2875 2874
f 2779 2876 2875
f 2779 2877 2876
f 2779 2780 2885
f 2885 2780 2886
f 2886 2780 2887
f 2887 2780 2888
f 2888 2780 2889
f 2973 2941 2940
f 2973 2974 2941
f 2972 2940 2939
f 2972 2973 2940
f 2971 2939 2938
f 2971 2972 2939
f 2970 2938 2937
f 2970 2971 2938
f 2969 2937 2936
f 2969 2970 2937
f 2968 2936 2935
f 2968 2969 2936
f 2967 2935 2934
f 2967 2968 2935
f 2966 2967 2934
f 2966 2933 2932
f 2966 2934 2933
f 2965 2966 2932
f 2964 2965 2932
f 2964 2932 2931
f 2963 2964 2931
f 2963 2930 2929
f 2963 2931 2930
f 2962 2963 2929
f 2961 2929 2928
f 2961 2962 2929
f 2960 2927 2926
f 2960 2928 2927
f 2960 2961 2928
f 2959 2926 2925
f 2959 2960 2926
f 2958 2959 2925
f 2957 2924 2923
f 2957 2925 2924
f 2957 2958 2925
f 2956 2923 2922
f 2956 2957 2923
f 2955 2956 2922
f 2954 2922 2921
f 2954 2955 2922
f 2953 2921 2920
f 2953 2954 2921
f 2952 2920 2919
f 2952 2953 2920
f 2951 2919 2918
f 2951 2952 2919
f 2950 2918 2917
f 2950 2951 2918
f 2949 2917 2916
f 2949 2950 2917
f 2948 2915 2914
f 2948 2916 2915
f 2948 2949 2916
f 2947 2948 2914
f 2946 2914 2913
f 2946 2947 2914
f 2945 2912 2911
f 2945 2913 2912
f 2945 2946 2913
f 2944 2945 2911
f 2943 2911 2910
f 2943 2944 2911
f 2942 2910 2909
f 2942 2943 2910
f 3039 3006 3007
f 3039 3007 3040
f 3038 3005 3006
f 3038 3006 3039
f 3037 3004 3005
f 3037 3005 3038
f 3036 3003 3004
f 3036 3004 3037
f 3035 3002 3003
f 3035 3003 3036
f 3034 3001 3002
f 3034 3002 3035
f 3033 3000 3001
f 3033 3001 3034
f 3032 3000 3033
f 3032 2998 2999
f 3032 2999 3000
f 3031 2998 3032
f 3030 2998 3031
f 3030 2997 2998
f 3029 2997 3030
f 3029 2995 2996
f 3029 2996 2997
f 3028 2995 3029
f 3027 2994 2995
f 3027 2995 3028
f 3026 2992 2993
f 3026 2993 2994
f 3026 2994 3027
f 3025 2991 2992
f 3025 2992 3026
f 3024 2991 3025
f 3023 2989 2990
f 3023 2990 2991
f 3023 2991 3024
f 3022 2988 2989
f 3022 2989 3023
f 3021 2988 3022
f 3020 2987 2988
f 3020 2988 3021
f 3019 2986 2987
f 3019 2987 3020
f 3018 2985 2986
f 3018 2986 3019
f 3017 2984 2985
f 3017 2985 3018
f 3016 2983 2984
f 3016 2984 3017
f 3015 2982 2983
f 3015 2983 3016
f 3014 2980 2981
f 3014 2981 2982
f 3014 2982 3015
f 3013 2980 3014
f 3012 2979 2980
f 3012 2980 3013
f 3011 2977 2978
f 3011 2978 2979
f 3011 2979 3012
f 3010 2977 3011
f 3009 2976 2977
f 3009 2977 3010
f 3008 2975 2976
f 3008 2976 3009
f 3076 3041 3042
f 3076 3043 3041
f 3077 3044 3043
f 3077 3043 3076
f 3078 3045 3044
f 3078 3044 3077
f 3079 3046 3045
f 3079 3045 3078
f 3080 3047 3046
f 3080 3046 3079
f 3081 3048 3047
f 3081 3047 3080
f 3082 3049 3048
f 3082 3048 3081
f 3083 3050 3049
f 3083 3049 3082
f 3084 3050 3083
f 3084 3051 3050
f 3085 3052 3051
f 3085 3051 3084
f 3086 3053 3052
f 3086 3052 3085
f 3086 3054 3053
f 3087 3054 3086
f 3088 3055 3054
f 3088 3054 3087
f 3089 3056 3055
f 3089 3055 3088
f 3090 3057 3056
f 3090 3058 3057
f 3090 3056 3089
f 3091 3058 3090
f 3092 3059 3058
f 3092 3060 3059
f 3092 3058 3091
f 3093 3060 3092
f 3094 3061 3060
f 3094 3062 3061
f 3094 3060 3093
f 3095 3063 3062
f 3095 3062 3094
f 3096 3063 3095
f 3097 3064 3063
f 3097 3065 3064
f 3097 3063 3096
f 3098 3066 3065
f 3098 3065 3097
f 3099 3066 3098
f 3100 3067 3066
f 3100 3068 3067
f 3100 3066 3099
f 3101 3068 3100
f 3102 3069 3068
f 3102 3070 3069
f 3102 3068 3101
f 3103 3070 3102
f 3104 3071 3070
f 3104 3072 3071
f 3104 3070 3103
f 3105 3072 3104
f 3106 3073 3072
f 3106 3074 3073
f 3106 3072 3105
f 3075 3074 3106
f 3110 3108 3107
f 3110 3109 3108
f 3177 3111 3112
f 3177 3113 3111
f 3178 3114 3113
f 3178 3113 3177
f 3179 3115 3114
f 3179 3114 3178
f 3180 3116 3115
f 3180 3115 3179
f 3181 3117 3116
f 3181 3116 3180
f 3182 3118 3117
f 3182 3117 3181
f 3183 3119 3118
f 3183 3118 3182
f 3184 3120 3119
f 3184 3119 3183
f 3185 3121 3120
f 3185 3120 3184
f 3186 3122 3121
f 3186 3121 3185
f 3187 3123 3122
f 3187 3122 3186
f 3188 3124 3123
f 3188 3123 3187
f 3189 3125 3124
f 3189 3124 3188
f 3190 3126 3125
f 3190 3125 3189
f 3191 3127 3126
f 3191 3126 3190
f 3192 3128 3127
f 3192 3127 3191
f 3193 3129 3128
f 3193 3128 3192
f 3194 3130 3129
f 3194 3129 3193
f 3195 3130 3194
f 3195 3131 3130
f 3196 3131 3195
f 3196 3132 3131
f 3197 3132 3196
f 3197 3133 3132
f 3198 3133 3197
f 3198 3134 3133
f 3199 3135 3134
f 3199 3134 3198
f 3200 3136 3135
f 3200 3135 3199
f 3201 3137 3136
f 3201 3136 3200
f 3202 3138 3137
f 3202 3137 3201
f 3203 3139 3138
f 3203 3138 3202
f 3204 3140 3139
f 3204 3139 3203
f 3205 3141 3140
f 3205 3140 3204
f 3206 3142 3141
f 3206 3141 3205
f 3207 3143 3142
f 3207 3142 3206
f 3208 3144 3143
f 3208 3143 3207
f 3209 3145 3144
f 3209 3144 3208
f 3210 3146 3145
f 3210 3145 3209
f 3211 3147 3146
f 3211 3146 3210
f 3212 3148 3147
f 3212 3147 3211
f 3213 3149 3148
f 3213 3148 3212
f 3214 3150 3149
f 3214 3149 3213
f 3215 3151 3150
f 3215 3150 3214
f 3216 3152 3151
f 3216 3151 3215
f 3217 3153 3152
f 3217 3152 3216
f 3218 3154 3153
f 3218 3153 3217
f 3219 3154 3218
f 3219 3155 3154
f 3220 3155 3219
f 3220 3156 3155
f 3221 3156 3220
f 3221 3157 3156
f 3222 3157 3221
f 3222 3158 3157
f 3223 3158 3222
f 3223 3159 3158
f 3224 3159 3223
f 3224 3160 3159
f 3225 3160 3224
f 3225 3161 3160
f 3225 3162 3161
f 3226 3162 3225
f 3227 3162 3226
f 3227 3163 3162
f 3227 3164 3163
f 3228 3164 3227
f 3229 3164 3228
f 3229 3165 3164
f 3230 3165 3229
f 3230 3166 3165
f 3231 3166 3230
f 3231 3167 3166
f 3232 3167 3231
f 3232 3168 3167
f 3233 3169 3168
f 3233 3168 3232
f 3234 3170 3169
f 3234 3169 3233
f 3235 3171 3170
f 3235 3170 3234
f 3236 3172 3171
f 3236 3171 3235
f 3237 3173 3172
f 3237 3174 3173
f 3237 3172 3236
f 3238 3174 3237
f 3176 3175 3174
f 3176 3174 3238
f 3242 3239 3240
f 3242 3241 3239
f 3309 3244 3243
f 3309 3245 3244
f 3310 3246 3245
f 3310 3245 3309
f 3311 3247 3246
f 3311 3246 3310
f 3312 3248 3247
f 3312 3247 3311
f 3313 3249 3248
f 3313 3248 3312
f 3314 3250 3249
f 3314 3249 3313
f 3315 3251 3250
f 3315 3250 3314
f 3316 3252 3251
f 3316 3251 3315
f 3317 3253 3252
f 3317 3252 3316
f 3318 3254 3253
f 3318 3253 3317
f 3319 3255 3254
f 3319 3254 3318
f 3320 3256 3255
f 3320 3255 3319
f 3321 3257 3256
f 3321 3256 3320
f 3322 3258 3257
f 3322 3257 3321
f 3323 3259 3258
f 3323 3258 3322
f 3324 3260 3259
f 3324 3259 3323
f 3325 3261 3260
f 3325 3260 3324
f 3326 3262 3261
f 3326 3261 3325
f 3327 3262 3326
f 3327 3263 3262
f 3328 3263 3327
f 3328 3264 3263
f 3329 3264 3328
f 3329 3265 3264
f 3330 3265 3329
f 3330 3266 3265
f 3331 3267 3266
f 3331 3266 3330
f 3332 3268 3267
f 3332 3267 3331
f 3333 3269 3268
f 3333 3268 3332
f 3334 3270 3269
f 3334 3269 3333
f 3335 3271 3270
f 3335 3270 3334
f 3336 3272 3271
f 3336 3271 3335
f 3337 3273 3272
f 3337 3272 3336
f 3338 3274 3273
f 3338 3273 3337
f 3339 3275 3274
f 3339 3274 3338
f 3340 3276 3275
f 3340 3275 3339
f 3341 3277 3276
f 3341 3276 3340
f 3342 3278 3277
f 3342 3277 3341
f 3343 3279 3278
f 3343 3278 3342
f 3344 3280 3279
f 3344 3279 3343
f 3345 3281 3280
f 3345 3280 3344
f 3346 3282 3281
f 3346 3281 3345
f 3347 3283 3282
f 3347 3282 3346
f 3348 3284 3283
f 3348 3283 3347
f 3349 3285 3284
f 3349 3284 3348
f 3350 3286 3285
f 3350 3285 3349
f 3351 3286 3350
f 3351 3287 3286
f 3352 3287 3351
f 3352 3288 3287
f 3353 3288 3352
f 3353 3289 3288
f 3354 3289 3353
f 3354 3290 3289
f 3355 3290 3354
f 3355 3291 3290
f 3356 3291 3355
f 3356 3292 3291
f 3357 3292 3356
f 3357 3293 3292
f 3357 3294 3293
f 3358 3294 3357
f 3359 3294 3358
f 3359 3295 3294
f 3359 3296 3295
f 3360 3296 3359
f 3361 3296 3360
f 3361 3297 3296
f 3362 3297 3361
f 3362 3298 3297
f 3363 3298 3362
f 3363 3299 3298
f 3364 3299 3363
f 3364 3300 3299
f 3365 3301 3300
f 3365 3300 3364
f 3366 3302 3301
f 3366 3301 3365
f 3367 3303 3302
f 3367 3302 3366
f 3368 3304 3303
f 3368 3303 3367
f 3369 3305 3304
f 3369 3306 3305
f 3369 3304 3368
f 3370 3306 3369
f 3308 3307 3306
f 3308 3306 3370
f 3435 3402 3403
f 3435 3403 3436
f 3434 3401 3402
f 3434 3402 3435
f 3433 3400 3401
f 3433 3401 3434
f 3432 3399 3400
f 3432 3400 3433
f 3431 3398 3399
f 3431 3399 3432
f 3430 3397 3398
f 3430 3398 3431
f 3429 3396 3397
f 3429 3397 3430
f 3428 3396 3429
f 3428 3394 3395
f 3428 3395 3396
f 3427 3394 3428
f 3426 3394 3427
f 3426 3393 3394
f 3425 3393 3426
f 3425 3391 3392
f 3425 3392 3393
f 3424 3391 3425
f 3423 3390 3391
f 3423 3391 3424
f 3422 3388 3389
f 3422 3389 3390
f 3422 3390 3423
f 3421 3387 3388
f 3421 3388 3422
f 3420 3387 3421
f 3419 3385 3386
f 3419 3386 3387
f 3419 3387 3420
f 3418 3384 3385
f 3418 3385 3419
f 3417 3384 3418
f 3416 3383 3384
f 3416 3384 3417
f 3415 3382 3383
f 3415 3383 3416
f 3414 3381 3382
f 3414 3382 3415
f 3413 3380 3381
f 3413 3381 3414
f 3412 3379 3380
f 3412 3380 3413
f 3411 3378 3379
f 3411 3379 3412
f 3410 3376 3377
f 3410 3377 3378
f 3410 3378 3411
f 3409 3376 3410
f 3408 3375 3376
f 3408 3376 3409
f 3407 3373 3374
f 3407 3374 3375
f 3407 3375 3408
f 3406 3373 3407
f 3405 3372 3373
f 3405 3373 3406
f 3404 3371 3372
f 3404 3372 3405
f 3501 3469 3468
f 3501 3502 3469
f 3500 3468 3467
f 3500 3501 3468
f 3499 3467 3466
f 3499 3500 3467
f 3498 3466 3465
f 3498 3499 3466
f 3497 3465 3464
f 3497 3498 3465
f 3496 3464 3463
f 3496 3497 3464
f 3495 3463 3462
f 3495 3496 3463
f 3494 3495 3462
f 3494 3462 3461
f 3493 3494 3461
f 3493 3461 3460
f 3492 3493 3460
f 3492 3460 3459
f 3491 3492 3459
f 3491 3459 3458
f 3490 3458 3457
f 3490 3491 3458
f 3489 3457 3456
f 3489 3490 3457
f 3488 3456 3455
f 3488 3489 3456
f 3487 3455 3454
f 3487 3488 3455
f 3486 3454 3453
f 3486 3487 3454
f 3485 3453 3452
f 3485 3486 3453
f 3484 3452 3451
f 3484 3485 3452
f 3483 3451 3450
f 3483 3484 3451
f 3482 3450 3449
f 3482 3483 3450
f 3481 3449 3448
f 3481 3482 3449
f 3480 3448 3447
f 3480 3481 3448
f 3479 3447 3446
f 3479 3480 3447
f 3478 3446 3445
f 3478 3479 3446
f 3477 3445 3444
f 3477 3478 3445
f 3476 3444 3443
f 3476 3477 3444
f 3475 3443 3442
f 3475 3476 3443
f 3474 3441 3440
f 3474 3442 3441
f 3474 3475 3442
f 3473 3474 3440
f 3472 3440 3439
f 3472 3473 3440
f 3471 3439 3438
f 3471 3472 3439
f 3470 3438 3437
f 3470 3471 3438
f 3538 3503 3504
f 3538 3537 3503
f 3539 3504 3505
f 3539 3538 3504
f 3540 3505 3506
f 3540 3539 3505
f 3541 3506 3507
f 3541 3540 3506
f 3542 3507 3508
f 3542 3541 3507
f 3543 3508 3509
f 3543 3509 3510
f 3543 3542 3508
f 3544 3543 3510
f 3545 3544 3510
f 3545 3510 3511
f 3546 3545 3511
f 3546 3511 3512
f 3547 3512 3513
f 3547 3546 3512
f 3548 3513 3514
f 3548 3547 3513
f 3549 3514 3515
f 3549 3515 3516
f 3549 3548 3514
f 3550 3516 3517
f 3550 3549 3516
f 3551 3550 3517
f 3552 3517 3518
f 3552 3551 3517
f 3553 3518 3519
f 3553 3519 3520
f 3553 3552 3518
f 3554 3520 3521
f 3554 3553 3520
f 3555 3554 3521
f 3556 3521 3522
f 3556 3555 3521
f 3557 3522 3523
f 3557 3556 3522
f 3558 3523 3524
f 3558 3524 3525
f 3558 3557 3523
f 3559 3525 3526
f 3559 3558 3525
f 3560 3559 3526
f 3561 3526 3527
f 3561 3527 3528
f 3561 3560 3526
f 3562 3561 3528
f 3563 3528 3529
f 3563 3562 3528
f 3564 3529 3530
f 3564 3563 3529
f 3565 3530 3531
f 3565 3564 3530
f 3566 3531 3532
f 3566 3565 3531
f 3567 3532 3533
f 3567 3566 3532
f 3568 3533 3534
f 3568 3567 3533
f 3536 3534 3535
f 3536 3568 3534
f 3604 3600 3601
f 3604 3601 3603
f 3605 3599 3600
f 3605 3600 3604
f 3606 3598 3599
f 3606 3599 3605
f 3607 3597 3598
f 3607 3598 3606
f 3608 3596 3597
f 3608 3597 3607
f 3609 3595 3596
f 3609 3596 3608
f 3610 3594 3595
f 3610 3595 3609
f 3611 3594 3610
f 3611 3593 3594
f 3612 3593 3611
f 3612 3592 3593
f 3613 3592 3612
f 3613 3591 3592
f 3614 3591 3613
f 3614 3590 3591
f 3615 3589 3590
f 3615 3590 3614
f 3616 3588 3589
f 3616 3589 3615
f 3617 3587 3588
f 3617 3588 3616
f 3618 3586 3587
f 3618 3587 3617
f 3619 3585 3586
f 3619 3586 3618
f 3620 3584 3585
f 3620 3585 3619
f 3621 3583 3584
f 3621 3584 3620
f 3622 3582 3583
f 3622 3583 3621
f 3623 3581 3582
f 3623 3582 3622
f 3624 3580 3581
f 3624 3581 3623
f 3625 3579 3580
f 3625 3580 3624
f 3626 3578 3579
f 3626 3579 3625
f 3627 3577 3578
f 3627 3578 3626
f 3628 3576 3577
f 3628 3577 3627
f 3629 3575 3576
f 3629 3576 3628
f 3630 3574 3575
f 3630 3575 3629
f 3631 3573 3574
f 3631 3574 3630
f 3632 3572 3573
f 3632 3573 3631
f 3633 3571 3572
f 3633 3572 3632
f 3634 3570 3571
f 3634 3571 3633
f 3602 3569 3570
f 3602 3570 3634
f 3636 3635 3637
f 3700 3637 3638
f 3700 3636 3637
f 3699 3638 3639
f 3699 3700 3638
f 3698 3639 3640
f 3698 3699 3639
f 3697 3640 3641
f 3697 3698 3640
f 3696 3641 3642
f 3696 3697 3641
f 3695 3642 3643
f 3695 3696 3642
f 3694 3643 3644
f 3694 3695 3643
f 3693 3694 3644
f 3693 3644 3645
f 3692 3693 3645
f 3692 3645 3646
f 3691 3646 3647
f 3691 3692 3646
f 3690 3647 3648
f 3690 3691 3647
f 3689 3648 3649
f 3689 3690 3648
f 3688 3649 3650
f 3688 3689 3649
f 3687 3650 3651
f 3687 3688 3650
f 3686 3651 3652
f 3686 3687 3651
f 3685 3652 3653
f 3685 3686 3652
f 3684 3653 3654
f 3684 3685 3653
f 3683 3654 3655
f 3683 3684 3654
f 3682 3655 3656
f 3682 3683 3655
f 3681 3656 3657
f 3681 3682 3656
f 3680 3657 3658
f 3680 3681 3657
f 3679 3658 3659
f 3679 3680 3658
f 3678 3659 3660
f 3678 3679 3659
f 3677 3660 3661
f 3677 3678 3660
f 3676 3677 3661
f 3675 3661 3662
f 3675 3662 3663
f 3675 3676 3661
f 3674 3663 3664
f 3674 3675 3663
f 3673 3664 3665
f 3673 3674 3664
f 3672 3665 3666
f 3672 3673 3665
f 3671 3672 3666
f 3670 3666 3667
f 3670 3667 3668
f 3670 3671 3666
f 3669 3670 3668
f 3767 3732 3733
f 3766 3765 3797
f 3798 3702 3703
f 3799 3701 3702
f 3799 3702 3798
f 3800 3701 3799
f 3801 3703 3704
f 3801 3798 3703
f 3801 3799 3798
f 3802 3701 3800
f 3803 3799 3801
f 3803 3800 3799
f 3804 3704 3705
f 3804 3705 3706
f 3804 3801 3704
f 3805 3701 3802
f 3806 3800 3803
f 3806 3802 3800
f 3807 3801 3804
f 3807 3803 3801
f 3808 3701 3805
f 3809 3802 3806
f 3809 3805 3802
f 3810 3803 3807
f 3810 3806 3803
f 3811 3706 3707
f 3811 3807 3804
f 3811 3804 3706
f 3812 3701 3808
f 3813 3805 3809
f 3813 3808 3805
f 3814 3806 3810
f 3814 3809 3806
f 3815 3807 3811
f 3815 3810 3807
f 3816 3701 3812
f 3817 3707 3708
f 3817 3708 3709
f 3817 3811 3707
f 3818 3808 3813
f 3818 3812 3808
f 3819 3813 3809
f 3819 3809 3814
f 3820 3810 3815
f 3820 3814 3810
f 3821 3701 3816
f 3822 3815 3811
f 3822 3811 3817
f 3823 3816 3812
f 3823 3812 3818
f 3824 3818 3813
f 3824 3813 3819
f 3825 3814 3820
f 3825 3819 3814
f 3826 3701 3821
f 3827 3815 3822
f 3827 3820 3815
f 3828 3821 3816
f 3828 3816 3823
f 3829 3709 3710
f 3829 3817 3709
f 3829 3822 3817
f 3830 3823 3818
f 3830 3818 3824
f 3831 3819 3825
f 3831 3824 3819
f 3832 3701 3826
f 3833 3820 3827
f 3833 3825 3820
f 3834 3826 3821
f 3834 3821 3828
f 3835 3822 3829
f 3835 3827 3822
f 3836 3828 3823
f 3836 3823 3830
f 3837 3710 3711
f 3837 3829 3710
f 3838 3830 3824
f 3838 3824 3831
f 3839 3734 3701
f 3839 3701 3832
f 3840 3831 3825
f 3840 3825 3833
f 3841 3826 3834
f 3841 3832 3826
f 3842 3827 3835
f 3842 3833 3827
f 3843 3834 3828
f 3843 3828 3836
f 3844 3829 3837
f 3844 3835 3829
f 3845 3836 3830
f 3845 3830 3838
f 3846 3734 3839
f 3847 3838 3831
f 3847 3831 3840
f 3848 3839 3832
f 3848 3832 3841
f 3849 3833 3842
f 3849 3840 3833
f 3850 3841 3834
f 3850 3834 3843
f 3851 3835 3844
f 3851 3842 3835
f 3852 3843 3836
f 3852 3836 3845
f 3853 3844 3837
f 3853 3711 3712
f 3853 3712 3713
f 3853 3837 3711
f 3854 3734 3846
f 3855 3838 3847
f 3855 3845 3838
f 3856 3839 3848
f 3856 3846 3839
f 3857 3847 3840
f 3857 3840 3849
f 3858 3841 3850
f 3858 3848 3841
f 3859 3849 3842
f 3859 3842 3851
f 3860 3843 3852
f 3860 3850 3843
f 3861 3851 3844
f 3861 3844 3853
f 3862 3734 3854
f 3863 3845 3855
f 3863 3852 3845
f 3864 3853 3713
f 3864 3713 3714
f 3865 3854 3846
f 3865 3846 3856
f 3866 3847 3857
f 3866 3855 3847
f 3867 3856 3848
f 3867 3848 3858
f 3868 3857 3849
f 3868 3849 3859
f 3869 3858 3850
f 3869 3850 3860
f 3870 3859 3851
f 3870 3851 3861
f 3871 3734 3862
f 3872 3852 3863
f 3872 3860 3852
f 3873 3861 3853
f 3873 3853 3864
f 3874 3862 3854
f 3874 3854 3865
f 3875 3863 3855
f 3875 3855 3866
f 3876 3856 3867
f 3876 3865 3856
f 3877 3866 3857
f 3877 3857 3868
f 3878 3858 3869
f 3878 3867 3858
f 3879 3868 3859
f 3879 3859 3870
f 3880 3734 3871
f 3881 3860 3872
f 3881 3869 3860
f 3882 3870 3861
f 3882 3861 3873
f 3883 3862 3874
f 3883 3871 3862
f 3884 3863 3875
f 3884 3872 3863
f 3885 3714 3715
f 3885 3873 3864
f 3885 3715 3716
f 3885 3864 3714
f 3886 3874 3865
f 3886 3865 3876
f 3887 3866 3877
f 3887 3875 3866
f 3888 3867 3878
f 3888 3876 3867
f 3889 3877 3868
f 3889 3868 3879
f 3890 3734 3880
f 3891 3878 3869
f 3891 3869 3881
f 3892 3879 3870
f 3892 3870 3882
f 3893 3880 3871
f 3893 3871 3883
f 3894 3881 3872
f 3894 3872 3884
f 3895 3882 3873
f 3895 3873 3885
f 3896 3874 3886
f 3896 3883 3874
f 3897 3884 3875
f 3897 3875 3887
f 3898 3716 3717
f 3898 3885 3716
f 3899 3876 3888
f 3899 3886 3876
f 3900 3887 3877
f 3900 3877 3889
f 3901 3734 3890
f 3902 3888 3878
f 3902 3878 3891
f 3903 3889 3879
f 3903 3879 3892
f 3904 3880 3893
f 3904 3890 3880
f 3905 3881 3894
f 3905 3891 3881
f 3906 3892 3882
f 3906 3882 3895
f 3907 3893 3883
f 3907 3883 3896
f 3908 3884 3897
f 3908 3894 3884
f 3909 3895 3885
f 3909 3885 3898
f 3910 3896 3886
f 3910 3886 3899
f 3911 3897 3887
f 3911 3887 3900
f 3912 3734 3901
f 3913 3888 3902
f 3913 3899 3888
f 3914 3889 3903
f 3914 3900 3889
f 3915 3890 3904
f 3915 3901 3890
f 3916 3891 3905
f 3916 3902 3891
f 3917 3892 3906
f 3917 3903 3892
f 3918 3893 3907
f 3918 3904 3893
f 3919 3905 3894
f 3919 3894 3908
f 3920 3906 3895
f 3920 3895 3909
f 3921 3896 3910
f 3921 3907 3896
f 3922 3897 3911
f 3922 3908 3897
f 3923 3717 3718
f 3923 3909 3898
f 3923 3898 3717
f 3924 3734 3912
f 3925 3899 3913
f 3925 3910 3899
f 3926 3911 3900
f 3926 3900 3914
f 3927 3901 3915
f 3927 3912 3901
f 3928 3902 3916
f 3928 3913 3902
f 3929 3914 3903
f 3929 3903 3917
f 3930 3904 3918
f 3930 3915 3904
f 3931 3916 3905
f 3931 3905 3919
f 3932 3917 3906
f 3932 3906 3920
f 3933 3918 3907
f 3933 3907 3921
f 3934 3919 3908
f 3934 3908 3922
f 3935 3909 3923
f 3935 3920 3909
f 3936 3734 3924
f 3936 3735 3734
f 3937 3921 3910
f 3937 3910 3925
f 3938 3911 3926
f 3938 3922 3911
f 3939 3718 3719
f 3939 3719 3720
f 3939 3923 3718
f 3940 3924 3912
f 3940 3912 3927
f 3941 3925 3913
f 3941 3913 3928
f 3942 3926 3914
f 3942 3914 3929
f 3943 3927 3915
f 3943 3915 3930
f 3944 3928 3916
f 3944 3916 3931
f 3945 3917 3932
f 3945 3929 3917
f 3946 3918 3933
f 3946 3930 3918
f 3947 3919 3934
f 3947 3931 3919
f 3948 3932 3920
f 3948 3920 3935
f 3949 3735 3936
f 3949 3736 3735
f 3950 3921 3937
f 3950 3933 3921
f 3951 3934 3922
f 3951 3922 3938
f 3952 3923 3939
f 3952 3935 3923
f 3953 3924 3940
f 3953 3936 3924
f 3954 3937 3925
f 3954 3925 3941
f 3955 3926 3942
f 3955 3938 3926
f 3956 3940 3927
f 3956 3927 3943
f 3957 3941 3928
f 3957 3928 3944
f 3958 3942 3929
f 3958 3929 3945
f 3959 3943 3930
f 3959 3930 3946
f 3960 3944 3931
f 3960 3931 3947
f 3961 3945 3932
f 3961 3932 3948
f 3962 3946 3933
f 3962 3933 3950
f 3963 3934 3951
f 3963 3947 3934
f 3964 3935 3952
f 3964 3948 3935
f 3965 3737 3736
f 3965 3949 3936
f 3965 3736 3949
f 3965 3936 3953
f 3966 3950 3937
f 3966 3937 3954
f 3967 3951 3938
f 3967 3938 3955
f 3968 3720 3721
f 3968 3952 3939
f 3968 3939 3720
f 3969 3940 3956
f 3969 3953 3940
f 3970 3954 3941
f 3970 3941 3957
f 3971 3942 3958
f 3971 3955 3942
f 3972 3956 3943
f 3972 3943 3959
f 3973 3944 3960
f 3973 3957 3944
f 3974 3958 3945
f 3974 3945 3961
f 3975 3946 3962
f 3975 3959 3946
f 3976 3960 3947
f 3976 3947 3963
f 3977 3961 3948
f 3977 3948 3964
f 3978 3962 3950
f 3978 3950 3966
f 3979 3951 3967
f 3979 3963 3951
f 3980 3964 3952
f 3980 3952 3968
f 3981 3965 3953
f 3981 3953 3969
f 3982 3966 3954
f 3982 3954 3970
f 3983 3955 3971
f 3983 3967 3955
f 3984 3721 3722
f 3984 3722 3723
f 3984 3968 3721
f 3985 3969 3956
f 3985 3956 3972
f 3986 3957 3973
f 3986 3970 3957
f 3987 3971 3958
f 3987 3958 3974
f 3988 3972 3959
f 3988 3959 3975
f 3989 3960 3976
f 3989 3973 3960
f 3990 3961 3977
f 3990 3974 3961
f 3991 3962 3978
f 3991 3975 3962
f 3992 3976 3963
f 3992 3963 3979
f 3993 3964 3980
f 3993 3977 3964
f 3994 3738 3737
f 3994 3739 3738
f 3994 3965 3981
f 3994 3737 3965
f 3995 3966 3982
f 3995 3978 3966
f 3996 3979 3967
f 3996 3967 3983
f 3997 3980 3968
f 3997 3968 3984
f 3998 3969 3985
f 3998 3981 3969
f 3999 3970 3986
f 3999 3982 3970
f 4000 3983 3971
f 4000 3971 3987
f 4001 3972 3988
f 4001 3985 3972
f 4002 3986 3973
f 4002 3973 3989
f 4003 3974 3990
f 4003 3987 3974
f 4004 3988 3975
f 4004 3975 3991
f 4005 3989 3976
f 4005 3976 3992
f 4006 3990 3977
f 4006 3977 3993
f 4007 3978 3995
f 4007 3991 3978
f 4008 3979 3996
f 4008 3992 3979
f 4009 3993 3980
f 4009 3980 3997
f 4010 3994 3981
f 4010 3740 3739
f 4010 3981 3998
f 4010 3739 3994
f 4011 3995 3982
f 4011 3982 3999
f 4012 3996 3983
f 4012 3983 4000
f 4013 3723 3724
f 4013 3984 3723
f 4013 3997 3984
f 4014 3998 3985
f 4014 3985 4001
f 4015 3986 4002
f 4015 3999 3986
f 4016 3987 4003
f 4016 4000 3987
f 4017 4001 3988
f 4017 3988 4004
f 4018 4002 3989
f 4018 3989 4005
f 4019 4003 3990
f 4019 3990 4006
f 4020 3991 4007
f 4020 4004 3991
f 4021 4005 3992
f 4021 3992 4008
f 4022 3993 4009
f 4022 4006 3993
f 4023 4007 3995
f 4023 3995 4011
f 4024 4008 3996
f 4024 3996 4012
f 4025 4009 3997
f 4025 3997 4013
f 4026 4010 3998
f 4026 3998 4014
f 4027 4011 3999
f 4027 3999 4015
f 4028 4012 4000
f 4028 4000 4016
f 4029 3724 3725
f 4029 4013 3724
f 4030 4014 4001
f 4030 4001 4017
f 4031 4002 4018
f 4031 4015 4002
f 4032 4016 4003
f 4032 4003 4019
f 4033 4004 4020
f 4033 4017 4004
f 4034 4018 4005
f 4034 4005 4021
f 4035 4006 4022
f 4035 4019 4006
f 4036 4020 4007
f 4036 4007 4023
f 4037 4008 4024
f 4037 4021 4008
f 4038 4009 4025
f 4038 4022 4009
f 4039 3740 4010
f 4039 4010 4026
f 4039 3741 3740
f 4039 3742 3741
f 4040 4011 4027
f 4040 4023 4011
f 4041 4024 4012
f 4041 4012 4028
f 4042 4025 4013
f 4042 4013 4029
f 4043 4026 4014
f 4043 4014 4030
f 4044 4015 4031
f 4044 4027 4015
f 4045 4028 4016
f 4045 4016 4032
f 4046 4030 4017
f 4046 4017 4033
f 4047 4031 4018
f 4047 4018 4034
f 4048 4032 4019
f 4048 4019 4035
f 4049 4033 4020
f 4049 4020 4036
f 4050 4021 4037
f 4050 4034 4021
f 4051 4022 4038
f 4051 4035 4022
f 4052 4023 4040
f 4052 4036 4023
f 4053 4037 4024
f 4053 4024 4041
f 4054 4038 4025
f 4054 4025 4042
f 4055 4039 4026
f 4055 3742 4039
f 4055 4026 4043
f 4055 3743 3742
f 4056 4027 4044
f 4056 4040 4027
f 4057 4041 4028
f 4057 4028 4045
f 4058 4042 4029
f 4058 3725 3726
f 4058 3726 3727
f 4058 4029 3725
f 4059 4043 4030
f 4059 4030 4046
f 4060 4044 4031
f 4060 4031 4047
f 4061 4032 4048
f 4061 4045 4032
f 4062 4033 4049
f 4062 4046 4033
f 4063 4047 4034
f 4063 4034 4050
f 4064 4048 4035
f 4064 4035 4051
f 4065 4036 4052
f 4065 4049 4036
f 4066 4050 4037
f 4066 4037 4053
f 4067 4051 4038
f 4067 4038 4054
f 4068 4052 4040
f 4068 4040 4056
f 4069 4053 4041
f 4069 4041 4057
f 4070 4054 4042
f 4070 4042 4058
f 4071 4055 4043
f 4071 4043 4059
f 4072 4044 4060
f 4072 4056 4044
f 4073 4045 4061
f 4073 4057 4045
f 4074 3727 3728
f 4074 4058 3727
f 4075 4059 4046
f 4075 4046 4062
f 4076 4047 4063
f 4076 4060 4047
f 4077 4048 4064
f 4077 4061 4048
f 4078 4062 4049
f 4078 4049 4065
f 4079 4050 4066
f 4079 4063 4050
f 4080 4064 4051
f 4080 4051 4067
f 4081 4065 4052
f 4081 4052 4068
f 4082 4053 4069
f 4082 4066 4053
f 4083 4054 4070
f 4083 4067 4054
f 4084 4055 4071
f 4084 3744 3743
f 4084 3743 4055
f 4085 4068 4056
f 4085 4056 4072
f 4086 4057 4073
f 4086 4069 4057
f 4087 4058 4074
f 4087 4070 4058
f 4088 4071 4059
f 4088 4059 4075
f 4089 4060 4076
f 4089 4072 4060
f 4090 4061 4077
f 4090 4073 4061
f 4091 4075 4062
f 4091 4062 4078
f 4092 4063 4079
f 4092 4076 4063
f 4093 4077 4064
f 4093 4064 4080
f 4094 4065 4081
f 4094 4078 4065
f 4095 4066 4082
f 4095 4079 4066
f 4096 4067 4083
f 4096 4080 4067
f 4097 4068 4085
f 4097 4081 4068
f 4098 4069 4086
f 4098 4082 4069
f 4099 4070 4087
f 4099 4083 4070
f 4100 3744 4084
f 4100 3745 3744
f 4100 3746 3745
f 4100 4071 4088
f 4100 4084 4071
f 4101 4072 4089
f 4101 4085 4072
f 4102 4086 4073
f 4102 4073 4090
f 4103 4087 4074
f 4103 3728 3729
f 4103 3729 3730
f 4103 4074 3728
f 4104 4088 4075
f 4104 4075 4091
f 4105 4076 4092
f 4105 4089 4076
f 4106 4090 4077
f 4106 4077 4093
f 4107 4078 4094
f 4107 4091 4078
f 4108 4092 4079
f 4108 4079 4095
f 4109 4093 4080
f 4109 4080 4096
f 4110 4081 4097
f 4110 4094 4081
f 4111 4082 4098
f 4111 4095 4082
f 4112 4083 4099
f 4112 4096 4083
f 4113 4097 4085
f 4113 4085 4101
f 4114 4098 4086
f 4114 4086 4102
f 4115 4099 4087
f 4115 4087 4103
f 4116 4088 4104
f 4116 4100 4088
f 4117 4101 4089
f 4117 4089 4105
f 4118 4102 4090
f 4118 4090 4106
f 4119 3730 3731
f 4119 4103 3730
f 4120 4091 4107
f 4120 4104 4091
f 4121 4105 4092
f 4121 4092 4108
f 4122 4106 4093
f 4122 4093 4109
f 4123 4094 4110
f 4123 4107 4094
f 4124 4108 4095
f 4124 4095 4111
f 4125 4109 4096
f 4125 4096 4112
f 4126 4110 4097
f 4126 4097 4113
f 4127 4111 4098
f 4127 4098 4114
f 4128 4112 4099
f 4128 4099 4115
f 4129 3746 4100
f 4129 3747 3746
f 4129 4100 4116
f 4130 4113 4101
f 4130 4101 4117
f 4131 4114 4102
f 4131 4102 4118
f 4132 4115 4103
f 4132 4103 4119
f 4133 4104 4120
f 4133 4116 4104
f 4134 4105 4121
f 4134 4117 4105
f 4135 4118 4106
f 4135 4106 4122
f 4136 4120 4107
f 4136 4107 4123
f 4137 4121 4108
f 4137 4108 4124
f 4138 4122 4109
f 4138 4109 4125
f 4139 4110 4126
f 4139 4123 4110
f 4140 4124 4111
f 4140 4111 4127
f 4141 4112 4128
f 4141 4125 4112
f 4142 4126 4113
f 4142 4113 4130
f 4143 4114 4131
f 4143 4127 4114
f 4144 4115 4132
f 4144 4128 4115
f 4145 3747 4129
f 4145 4116 4133
f 4145 3748 3747
f 4145 3749 3748
f 4145 4129 4116
f 4146 4130 4117
f 4146 4117 4134
f 4147 4118 4135
f 4147 4131 4118
f 4148 4132 4119
f 4148 3731 3732
f 4148 3767 3768
f 4148 3732 3767
f 4148 4119 3731
f 4149 4120 4136
f 4149 4133 4120
f 4150 4134 4121
f 4150 4121 4137
f 4151 4122 4138
f 4151 4135 4122
f 4152 4123 4139
f 4152 4136 4123
f 4153 4137 4124
f 4153 4124 4140
f 4154 4125 4141
f 4154 4138 4125
f 4155 4139 4126
f 4155 4126 4142
f 4156 4127 4143
f 4156 4140 4127
f 4157 4128 4144
f 4157 4141 4128
f 4158 4142 4130
f 4158 4130 4146
f 4159 4143 4131
f 4159 4131 4147
f 4160 4144 4132
f 4160 3768 3769
f 4160 4132 4148
f 4160 4148 3768
f 4161 4133 4149
f 4161 4145 4133
f 4162 4146 4134
f 4162 4134 4150
f 4163 4135 4151
f 4163 4147 4135
f 4164 4149 4136
f 4164 4136 4152
f 4165 4150 4137
f 4165 4137 4153
f 4166 4138 4154
f 4166 4151 4138
f 4167 4152 4139
f 4167 4139 4155
f 4168 4153 4140
f 4168 4140 4156
f 4169 4141 4157
f 4169 4154 4141
f 4170 4142 4158
f 4170 4155 4142
f 4171 4156 4143
f 4171 4143 4159
f 4172 4160 3769
f 4172 4144 4160
f 4172 4157 4144
f 4172 3769 3770
f 4172 3770 3771
f 4173 3749 4145
f 4173 3750 3749
f 4173 4145 4161
f 4174 4158 4146
f 4174 4146 4162
f 4175 4147 4163
f 4175 4159 4147
f 4176 4161 4149
f 4176 4149 4164
f 4177 4162 4150
f 4177 4150 4165
f 4178 4163 4151
f 4178 4151 4166
f 4179 4152 4167
f 4179 4164 4152
f 4180 4165 4153
f 4180 4153 4168
f 4181 4154 4169
f 4181 4166 4154
f 4182 4167 4155
f 4182 4155 4170
f 4183 4156 4171
f 4183 4168 4156
f 4184 4172 3771
f 4184 4157 4172
f 4184 4169 4157
f 4184 3771 3772
f 4185 4158 4174
f 4185 4170 4158
f 4186 4159 4175
f 4186 4171 4159
f 4187 3750 4173
f 4187 4173 4161
f 4187 3751 3750
f 4187 4161 4176
f 4188 4162 4177
f 4188 4174 4162
f 4189 4163 4178
f 4189 4175 4163
f 4190 4176 4164
f 4190 4164 4179
f 4191 4177 4165
f 4191 4165 4180
f 4192 4166 4181
f 4192 4178 4166
f 4193 4167 4182
f 4193 4179 4167
f 4194 4180 4168
f 4194 4168 4183
f 4195 4169 4184
f 4195 4181 4169
f 4195 4184 3772
f 4195 3772 3773
f 4195 3773 3774
f 4196 4170 4185
f 4196 4182 4170
f 4197 4171 4186
f 4197 4183 4171
f 4198 4185 4174
f 4198 4174 4188
f 4199 4175 4189
f 4199 4186 4175
f 4200 4187 4176
f 4200 4176 4190
f 4201 4188 4177
f 4201 4177 4191
f 4202 4189 4178
f 4202 4178 4192
f 4203 4190 4179
f 4203 4179 4193
f 4204 4180 4194
f 4204 4191 4180
f 4205 4181 4195
f 4205 4192 4181
f 4205 4195 3774
f 4205 3774 3775
f 4206 4182 4196
f 4206 4193 4182
f 4207 4183 4197
f 4207 4194 4183
f 4208 4185 4198
f 4208 4196 4185
f 4209 4197 4186
f 4209 4186 4199
f 4210 4187 4200
f 4210 3751 4187
f 4210 3752 3751
f 4210 3753 3752
f 4211 4188 4201
f 4211 4198 4188
f 4212 4189 4202
f 4212 4199 4189
f 4213 4200 4190
f 4213 4190 4203
f 4214 4191 4204
f 4214 4201 4191
f 4215 4202 4192
f 4215 3775 3776
f 4215 4192 4205
f 4215 4205 3775
f 4216 4193 4206
f 4216 4203 4193
f 4217 4194 4207
f 4217 4204 4194
f 4218 4196 4208
f 4218 4206 4196
f 4219 4197 4209
f 4219 4207 4197
f 4220 4198 4211
f 4220 4208 4198
f 4221 4209 4199
f 4221 4199 4212
f 4222 3753 4210
f 4222 4200 4213
f 4222 3754 3753
f 4222 4210 4200
f 4223 4211 4201
f 4223 4201 4214
f 4224 4215 3776
f 4224 4202 4215
f 4224 3776 3777
f 4224 3777 3778
f 4224 4212 4202
f 4225 4203 4216
f 4225 4213 4203
f 4226 4204 4217
f 4226 4214 4204
f 4227 4206 4218
f 4227 4216 4206
f 4228 4217 4207
f 4228 4207 4219
f 4229 4218 4208
f 4229 4208 4220
f 4230 4209 4221
f 4230 4219 4209
f 4231 4220 4211
f 4231 4211 4223
f 4232 4224 3778
f 4232 4212 4224
f 4232 3778 3779
f 4232 4221 4212
f 4233 4213 4225
f 4233 4222 4213
f 4234 4214 4226
f 4234 4223 4214
f 4235 4225 4216
f 4235 4216 4227
f 4236 4217 4228
f 4236 4226 4217
f 4237 4218 4229
f 4237 4227 4218
f 4238 4219 4230
f 4238 4228 4219
f 4239 4229 4220
f 4239 4220 4231
f 4240 4230 4221
f 4240 4221 4232
f 4240 3779 3780
f 4240 3780 3781
f 4240 4232 3779
f 4241 3754 4222
f 4241 3755 3754
f 4241 3756 3755
f 4241 4222 4233
f 4242 4231 4223
f 4242 4223 4234
f 4243 4225 4235
f 4243 4233 4225
f 4244 4226 4236
f 4244 4234 4226
f 4245 4235 4227
f 4245 4227 4237
f 4246 4228 4238
f 4246 4236 4228
f 4247 4237 4229
f 4247 4229 4239
f 4248 4240 3781
f 4248 4230 4240
f 4248 4238 4230
f 4248 3781 3782
f 4249 4231 4242
f 4249 4239 4231
f 4250 3756 4241
f 4250 4241 4233
f 4250 4233 4243
f 4250 3757 3756
f 4251 4234 4244
f 4251 4242 4234
f 4252 4235 4245
f 4252 4243 4235
f 4253 4244 4236
f 4253 4236 4246
f 4254 4237 4247
f 4254 4245 4237
f 4255 4238 4248
f 4255 4248 3782
f 4255 3782 3783
f 4255 4246 4238
f 4256 4247 4239
f 4256 4239 4249
f 4257 4242 4251
f 4257 4249 4242
f 4258 4250 4243
f 4258 4243 4252
f 4259 4251 4244
f 4259 4244 4253
f 4260 4245 4254
f 4260 4252 4245
f 4261 4253 4246
f 4261 4255 3783
f 4261 4246 4255
f 4261 3783 3784
f 4261 3784 3785
f 4262 4254 4247
f 4262 4247 4256
f 4263 4256 4249
f 4263 4249 4257
f 4264 4250 4258
f 4264 3757 4250
f 4264 3758 3757
f 4265 4257 4251
f 4265 4251 4259
f 4266 4258 4252
f 4266 4252 4260
f 4267 4259 4253
f 4267 4253 4261
f 4267 4261 3785
f 4267 3785 3786
f 4268 4260 4254
f 4268 4254 4262
f 4269 4262 4256
f 4269 4256 4263
f 4270 4257 4265
f 4270 4263 4257
f 4271 4258 4266
f 4271 3759 3758
f 4271 4264 4258
f 4271 3760 3759
f 4271 3758 4264
f 4272 4265 4259
f 4272 4259 4267
f 4272 4267 3786
f 4272 3786 3787
f 4272 3787 3788
f 4273 4266 4260
f 4273 4260 4268
f 4274 4268 4262
f 4274 4262 4269
f 4275 4263 4270
f 4275 4269 4263
f 4276 4272 3788
f 4276 4265 4272
f 4276 4270 4265
f 4276 3788 3789
f 4277 4266 4273
f 4277 4271 4266
f 4278 4273 4268
f 4278 4268 4274
f 4279 4269 4275
f 4279 4274 4269
f 4280 4270 4276
f 4280 4276 3789
f 4280 3789 3790
f 4280 4275 4270
f 4281 4271 4277
f 4281 3761 3760
f 4281 3760 4271
f 4282 4277 4273
f 4282 4273 4278
f 4283 4278 4274
f 4283 4274 4279
f 4284 4275 4280
f 4284 4279 4275
f 4284 4280 3790
f 4284 3790 3791
f 4284 3791 3792
f 4285 4281 4277
f 4285 4277 4282
f 4285 3761 4281
f 4285 3762 3761
f 4285 3763 3762
f 4286 4278 4283
f 4286 4282 4278
f 4287 4279 4284
f 4287 4284 3792
f 4287 4283 4279
f 4287 3792 3793
f 4288 4285 4282
f 4288 4282 4286
f 4289 4286 4283
f 4289 4283 4287
f 4289 4287 3793
f 4289 3793 3794
f 4289 3794 3795
f 4290 3763 4285
f 4290 4285 4288
f 4290 3764 3763
f 4291 4288 4286
f 4291 4289 3795
f 4291 4286 4289
f 4291 3795 3796
f 4292 4288 4291
f 4292 4290 4288
f 4292 3764 4290
f 4292 4291 3796
f 4292 3765 3764
f 4292 3797 3765
f 4292 3796 3797
f 4359 4325 4324
f 4358 4389 4357
f 4390 4295 4294
f 4391 4294 4293
f 4391 4390 4294
f 4392 4391 4293
f 4393 4296 4295
f 4393 4295 4390
f 4393 4390 4391
f 4394 4392 4293
f 4395 4393 4391
f 4395 4391 4392
f 4396 4297 4296
f 4396 4298 4297
f 4396 4296 4393
f 4397 4394 4293
f 4398 4395 4392
f 4398 4392 4394
f 4399 4396 4393
f 4399 4393 4395
f 4400 4397 4293
f 4401 4398 4394
f 4401 4394 4397
f 4402 4399 4395
f 4402 4395 4398
f 4403 4299 4298
f 4403 4396 4399
f 4403 4298 4396
f 4404 4400 4293
f 4405 4401 4397
f 4405 4397 4400
f 4406 4402 4398
f 4406 4398 4401
f 4407 4403 4399
f 4407 4399 4402
f 4408 4404 4293
f 4409 4300 4299
f 4409 4301 4300
f 4409 4299 4403
f 4410 4405 4400
f 4410 4400 4404
f 4411 4401 4405
f 4411 4406 4401
f 4412 4407 4402
f 4412 4402 4406
f 4413 4408 4293
f 4414 4403 4407
f 4414 4409 4403
f 4415 4404 4408
f 4415 4410 4404
f 4416 4405 4410
f 4416 4411 4405
f 4417 4412 4406
f 4417 4406 4411
f 4418 4413 4293
f 4419 4414 4407
f 4419 4407 4412
f 4420 4408 4413
f 4420 4415 4408
f 4421 4302 4301
f 4421 4301 4409
f 4421 4409 4414
f 4422 4410 4415
f 4422 4416 4410
f 4423 4417 4411
f 4423 4411 4416
f 4424 4418 4293
f 4425 4419 4412
f 4425 4412 4417
f 4426 4413 4418
f 4426 4420 4413
f 4427 4421 4414
f 4427 4414 4419
f 4428 4415 4420
f 4428 4422 4415
f 4429 4303 4302
f 4429 4302 4421
f 4430 4416 4422
f 4430 4423 4416
f 4431 4293 4326
f 4431 4424 4293
f 4432 4417 4423
f 4432 4425 4417
f 4433 4426 4418
f 4433 4418 4424
f 4434 4427 4419
f 4434 4419 4425
f 4435 4420 4426
f 4435 4428 4420
f 4436 4429 4421
f 4436 4421 4427
f 4437 4422 4428
f 4437 4430 4422
f 4438 4431 4326
f 4439 4423 4430
f 4439 4432 4423
f 4440 4424 4431
f 4440 4433 4424
f 4441 4434 4425
f 4441 4425 4432
f 4442 4426 4433
f 4442 4435 4426
f 4443 4436 4427
f 4443 4427 4434
f 4444 4428 4435
f 4444 4437 4428
f 4445 4429 4436
f 4445 4304 4303
f 4445 4305 4304
f 4445 4303 4429
f 4446 4438 4326
f 4447 4439 4430
f 4447 4430 4437
f 4448 4440 4431
f 4448 4431 4438
f 4449 4432 4439
f 4449 4441 4432
f 4450 4442 4433
f 4450 4433 4440
f 4451 4434 4441
f 4451 4443 4434
f 4452 4444 4435
f 4452 4435 4442
f 4453 4436 4443
f 4453 4445 4436
f 4454 4446 4326
f 4455 4447 4437
f 4455 4437 4444
f 4456 4305 4445
f 4456 4306 4305
f 4457 4438 4446
f 4457 4448 4438
f 4458 4449 4439
f 4458 4439 4447
f 4459 4440 4448
f 4459 4450 4440
f 4460 4441 4449
f 4460 4451 4441
f 4461 4442 4450
f 4461 4452 4442
f 4462 4443 4451
f 4462 4453 4443
f 4463 4454 4326
f 4464 4455 4444
f 4464 4444 4452
f 4465 4445 4453
f 4465 4456 4445
f 4466 4446 4454
f 4466 4457 4446
f 4467 4447 4455
f 4467 4458 4447
f 4468 4459 4448
f 4468 4448 4457
f 4469 4449 4458
f 4469 4460 4449
f 4470 4461 4450
f 4470 4450 4459
f 4471 4451 4460
f 4471 4462 4451
f 4472 4463 4326
f 4473 4464 4452
f 4473 4452 4461
f 4474 4453 4462
f 4474 4465 4453
f 4475 4466 4454
f 4475 4454 4463
f 4476 4467 4455
f 4476 4455 4464
f 4477 4307 4306
f 4477 4456 4465
f 4477 4308 4307
f 4477 4306 4456
f 4478 4457 4466
f 4478 4468 4457
f 4479 4469 4458
f 4479 4458 4467
f 4480 4470 4459
f 4480 4459 4468
f 4481 4460 4469
f 4481 4471 4460
f 4482 4472 4326
f 4483 4461 4470
f 4483 4473 4461
f 4484 4462 4471
f 4484 4474 4462
f 4485 4463 4472
f 4485 4475 4463
f 4486 4464 4473
f 4486 4476 4464
f 4487 4465 4474
f 4487 4477 4465
f 4488 4478 4466
f 4488 4466 4475
f 4489 4467 4476
f 4489 4479 4467
f 4490 4309 4308
f 4490 4308 4477
f 4491 4480 4468
f 4491 4468 4478
f 4492 4469 4479
f 4492 4481 4469
f 4493 4482 4326
f 4494 4470 4480
f 4494 4483 4470
f 4495 4471 4481
f 4495 4484 4471
f 4496 4485 4472
f 4496 4472 4482
f 4497 4486 4473
f 4497 4473 4483
f 4498 4474 4484
f 4498 4487 4474
f 4499 4475 4485
f 4499 4488 4475
f 4500 4489 4476
f 4500 4476 4486
f 4501 4477 4487
f 4501 4490 4477
f 4502 4478 4488
f 4502 4491 4478
f 4503 4479 4489
f 4503 4492 4479
f 4504 4493 4326
f 4505 4494 4480
f 4505 4480 4491
f 4506 4495 4481
f 4506 4481 4492
f 4507 4496 4482
f 4507 4482 4493
f 4508 4497 4483
f 4508 4483 4494
f 4509 4498 4484
f 4509 4484 4495
f 4510 4499 4485
f 4510 4485 4496
f 4511 4486 4497
f 4511 4500 4486
f 4512 4487 4498
f 4512 4501 4487
f 4513 4502 4488
f 4513 4488 4499
f 4514 4503 4489
f 4514 4489 4500
f 4515 4310 4309
f 4515 4490 4501
f 4515 4309 4490
f 4516 4504 4326
f 4517 4505 4491
f 4517 4491 4502
f 4518 4492 4503
f 4518 4506 4492
f 4519 4507 4493
f 4519 4493 4504
f 4520 4508 4494
f 4520 4494 4505
f 4521 4495 4506
f 4521 4509 4495
f 4522 4510 4496
f 4522 4496 4507
f 4523 4497 4508
f 4523 4511 4497
f 4524 4498 4509
f 4524 4512 4498
f 4525 4499 4510
f 4525 4513 4499
f 4526 4500 4511
f 4526 4514 4500
f 4527 4515 4501
f 4527 4501 4512
f 4528 4516 4326
f 4528 4326 4327
f 4529 4502 4513
f 4529 4517 4502
f 4530 4518 4503
f 4530 4503 4514
f 4531 4311 4310
f 4531 4312 4311
f 4531 4310 4515
f 4532 4504 4516
f 4532 4519 4504
f 4533 4505 4517
f 4533 4520 4505
f 4534 4506 4518
f 4534 4521 4506
f 4535 4507 4519
f 4535 4522 4507
f 4536 4508 4520
f 4536 4523 4508
f 4537 4524 4509
f 4537 4509 4521
f 4538 4525 4510
f 4538 4510 4522
f 4539 4526 4511
f 4539 4511 4523
f 4540 4512 4524
f 4540 4527 4512
f 4541 4528 4327
f 4541 4327 4328
f 4542 4529 4513
f 4542 4513 4525
f 4543 4514 4526
f 4543 4530 4514
f 4544 4531 4515
f 4544 4515 4527
f 4545 4532 4516
f 4545 4516 4528
f 4546 4517 4529
f 4546 4533 4517
f 4547 4534 4518
f 4547 4518 4530
f 4548 4519 4532
f 4548 4535 4519
f 4549 4520 4533
f 4549 4536 4520
f 4550 4521 4534
f 4550 4537 4521
f 4551 4522 4535
f 4551 4538 4522
f 4552 4523 4536
f 4552 4539 4523
f 4553 4524 4537
f 4553 4540 4524
f 4554 4525 4538
f 4554 4542 4525
f 4555 4543 4526
f 4555 4526 4539
f 4556 4544 4527
f 4556 4527 4540
f 4557 4328 4329
f 4557 4528 4541
f 4557 4541 4328
f 4557 4545 4528
f 4558 4529 4542
f 4558 4546 4529
f 4559 4530 4543
f 4559 4547 4530
f 4560 4313 4312
f 4560 4531 4544
f 4560 4312 4531
f 4561 4548 4532
f 4561 4532 4545
f 4562 4533 4546
f 4562 4549 4533
f 4563 4550 4534
f 4563 4534 4547
f 4564 4535 4548
f 4564 4551 4535
f 4565 4552 4536
f 4565 4536 4549
f 4566 4537 4550
f 4566 4553 4537
f 4567 4554 4538
f 4567 4538 4551
f 4568 4539 4552
f 4568 4555 4539
f 4569 4540 4553
f 4569 4556 4540
f 4570 4542 4554
f 4570 4558 4542
f 4571 4559 4543
f 4571 4543 4555
f 4572 4544 4556
f 4572 4560 4544
f 4573 4545 4557
f 4573 4561 4545
f 4574 4546 4558
f 4574 4562 4546
f 4575 4563 4547
f 4575 4547 4559
f 4576 4314 4313
f 4576 4315 4314
f 4576 4313 4560
f 4577 4548 4561
f 4577 4564 4548
f 4578 4565 4549
f 4578 4549 4562
f 4579 4550 4563
f 4579 4566 4550
f 4580 4551 4564
f 4580 4567 4551
f 4581 4568 4552
f 4581 4552 4565
f 4582 4569 4553
f 4582 4553 4566
f 4583 4570 4554
f 4583 4554 4567
f 4584 4555 4568
f 4584 4571 4555
f 4585 4572 4556
f 4585 4556 4569
f 4586 4329 4330
f 4586 4330 4331
f 4586 4573 4557
f 4586 4557 4329
f 4587 4574 4558
f 4587 4558 4570
f 4588 4559 4571
f 4588 4575 4559
f 4589 4560 4572
f 4589 4576 4560
f 4590 4577 4561
f 4590 4561 4573
f 4591 4578 4562
f 4591 4562 4574
f 4592 4563 4575
f 4592 4579 4563
f 4593 4580 4564
f 4593 4564 4577
f 4594 4565 4578
f 4594 4581 4565
f 4595 4582 4566
f 4595 4566 4579
f 4596 4567 4580
f 4596 4583 4567
f 4597 4568 4581
f 4597 4584 4568
f 4598 4569 4582
f 4598 4585 4569
f 4599 4587 4570
f 4599 4570 4583
f 4600 4588 4571
f 4600 4571 4584
f 4601 4572 4585
f 4601 4589 4572
f 4602 4573 4586
f 4602 4331 4332
f 4602 4590 4573
f 4602 4586 4331
f 4603 4574 4587
f 4603 4591 4574
f 4604 4575 4588
f 4604 4592 4575
f 4605 4316 4315
f 4605 4315 4576
f 4605 4576 4589
f 4606 4577 4590
f 4606 4593 4577
f 4607 4594 4578
f 4607 4578 4591
f 4608 4595 4579
f 4608 4579 4592
f 4609 4580 4593
f 4609 4596 4580
f 4610 4581 4594
f 4610 4597 4581
f 4611 4582 4595
f 4611 4598 4582
f 4612 4599 4583
f 4612 4583 4596
f 4613 4584 4597
f 4613 4600 4584
f 4614 4601 4585
f 4614 4585 4598
f 4615 4587 4599
f 4615 4603 4587
f 4616 4588 4600
f 4616 4604 4588
f 4617 4589 4601
f 4617 4605 4589
f 4618 4590 4602
f 4618 4606 4590
f 4619 4591 4603
f 4619 4607 4591
f 4620 4592 4604
f 4620 4608 4592
f 4621 4317 4316
f 4621 4316 4605
f 4622 4593 4606
f 4622 4609 4593
f 4623 4610 4594
f 4623 4594 4607
f 4624 4595 4608
f 4624 4611 4595
f 4625 4612 4596
f 4625 4596 4609
f 4626 4597 4610
f 4626 4613 4597
f 4627 4614 4598
f 4627 4598 4611
f 4628 4599 4612
f 4628 4615 4599
f 4629 4616 4600
f 4629 4600 4613
f 4630 4617 4601
f 4630 4601 4614
f 4631 4602 4332
f 4631 4618 4602
f 4631 4332 4333
f 4631 4333 4334
f 4632 4619 4603
f 4632 4603 4615
f 4633 4604 4616
f 4633 4620 4604
f 4634 4605 4617
f 4634 4621 4605
f 4635 4606 4618
f 4635 4622 4606
f 4636 4623 4607
f 4636 4607 4619
f 4637 4608 4620
f 4637 4624 4608
f 4638 4609 4622
f 4638 4625 4609
f 4639 4610 4623
f 4639 4626 4610
f 4640 4611 4624
f 4640 4627 4611
f 4641 4612 4625
f 4641 4628 4612
f 4642 4629 4613
f 4642 4613 4626
f 4643 4630 4614
f 4643 4614 4627
f 4644 4632 4615
f 4644 4615 4628
f 4645 4616 4629
f 4645 4633 4616
f 4646 4617 4630
f 4646 4634 4617
f 4647 4618 4631
f 4647 4631 4334
f 4647 4635 4618
f 4647 4334 4335
f 4648 4636 4619
f 4648 4619 4632
f 4649 4620 4633
f 4649 4637 4620
f 4650 4621 4634
f 4650 4318 4317
f 4650 4319 4318
f 4650 4317 4621
f 4651 4622 4635
f 4651 4638 4622
f 4652 4623 4636
f 4652 4639 4623
f 4653 4640 4624
f 4653 4624 4637
f 4654 4641 4625
f 4654 4625 4638
f 4655 4626 4639
f 4655 4642 4626
f 4656 4627 4640
f 4656 4643 4627
f 4657 4644 4628
f 4657 4628 4641
f 4658 4629 4642
f 4658 4645 4629
f 4659 4630 4643
f 4659 4646 4630
f 4660 4632 4644
f 4660 4648 4632
f 4661 4633 4645
f 4661 4649 4633
f 4662 4634 4646
f 4662 4650 4634
f 4663 4635 4647
f 4663 4651 4635
f 4664 4652 4636
f 4664 4636 4648
f 4665 4653 4637
f 4665 4637 4649
f 4666 4320 4319
f 4666 4319 4650
f 4667 4638 4651
f 4667 4654 4638
f 4668 4655 4639
f 4668 4639 4652
f 4669 4656 4640
f 4669 4640 4653
f 4670 4641 4654
f 4670 4657 4641
f 4671 4658 4642
f 4671 4642 4655
f 4672 4643 4656
f 4672 4659 4643
f 4673 4644 4657
f 4673 4660 4644
f 4674 4661 4645
f 4674 4645 4658
f 4675 4662 4646
f 4675 4646 4659
f 4676 4663 4647
f 4676 4335 4336
f 4676 4647 4335
f 4677 4648 4660
f 4677 4664 4648
f 4678 4665 4649
f 4678 4649 4661
f 4679 4666 4650
f 4679 4650 4662
f 4680 4651 4663
f 4680 4667 4651
f 4681 4668 4652
f 4681 4652 4664
f 4682 4669 4653
f 4682 4653 4665
f 4683 4654 4667
f 4683 4670 4654
f 4684 4671 4655
f 4684 4655 4668
f 4685 4656 4669
f 4685 4672 4656
f 4686 4673 4657
f 4686 4657 4670
f 4687 4674 4658
f 4687 4658 4671
f 4688 4675 4659
f 4688 4659 4672
f 4689 4677 4660
f 4689 4660 4673
f 4690 4678 4661
f 4690 4661 4674
f 4691 4679 4662
f 4691 4662 4675
f 4692 4676 4336
f 4692 4336 4337
f 4692 4337 4338
f 4692 4680 4663
f 4692 4663 4676
f 4693 4681 4664
f 4693 4664 4677
f 4694 4665 4678
f 4694 4682 4665
f 4695 4666 4679
f 4695 4321 4320
f 4695 4322 4321
f 4695 4320 4666
f 4696 4667 4680
f 4696 4683 4667
f 4697 4684 4668
f 4697 4668 4681
f 4698 4669 4682
f 4698 4685 4669
f 4699 4686 4670
f 4699 4670 4683
f 4700 4671 4684
f 4700 4687 4671
f 4701 4672 4685
f 4701 4688 4672
f 4702 4689 4673
f 4702 4673 4686
f 4703 4690 4674
f 4703 4674 4687
f 4704 4691 4675
f 4704 4675 4688
f 4705 4677 4689
f 4705 4693 4677
f 4706 4678 4690
f 4706 4694 4678
f 4707 4679 4691
f 4707 4695 4679
f 4708 4696 4680
f 4708 4680 4692
f 4709 4681 4693
f 4709 4697 4681
f 4710 4682 4694
f 4710 4698 4682
f 4711 4323 4322
f 4711 4322 4695
f 4712 4699 4683
f 4712 4683 4696
f 4713 4684 4697
f 4713 4700 4684
f 4714 4685 4698
f 4714 4701 4685
f 4715 4702 4686
f 4715 4686 4699
f 4716 4687 4700
f 4716 4703 4687
f 4717 4688 4701
f 4717 4704 4688
f 4718 4689 4702
f 4718 4705 4689
f 4719 4690 4703
f 4719 4706 4690
f 4720 4691 4704
f 4720 4707 4691
f 4721 4692 4338
f 4721 4338 4339
f 4721 4708 4692
f 4722 4693 4705
f 4722 4709 4693
f 4723 4694 4706
f 4723 4710 4694
f 4724 4695 4707
f 4724 4711 4695
f 4725 4712 4696
f 4725 4696 4708
f 4726 4713 4697
f 4726 4697 4709
f 4727 4698 4710
f 4727 4714 4698
f 4728 4699 4712
f 4728 4715 4699
f 4729 4700 4713
f 4729 4716 4700
f 4730 4701 4714
f 4730 4717 4701
f 4731 4718 4702
f 4731 4702 4715
f 4732 4703 4716
f 4732 4719 4703
f 4733 4720 4704
f 4733 4704 4717
f 4734 4705 4718
f 4734 4722 4705
f 4735 4723 4706
f 4735 4706 4719
f 4736 4724 4707
f 4736 4707 4720
f 4737 4721 4339
f 4737 4725 4708
f 4737 4339 4340
f 4737 4340 4341
f 4737 4708 4721
f 4738 4709 4722
f 4738 4726 4709
f 4739 4727 4710
f 4739 4710 4723
f 4740 4711 4724
f 4740 4324 4323
f 4740 4360 4359
f 4740 4359 4324
f 4740 4323 4711
f 4741 4728 4712
f 4741 4712 4725
f 4742 4713 4726
f 4742 4729 4713
f 4743 4730 4714
f 4743 4714 4727
f 4744 4731 4715
f 4744 4715 4728
f 4745 4716 4729
f 4745 4732 4716
f 4746 4733 4717
f 4746 4717 4730
f 4747 4718 4731
f 4747 4734 4718
f 4748 4735 4719
f 4748 4719 4732
f 4749 4736 4720
f 4749 4720 4733
f 4750 4722 4734
f 4750 4738 4722
f 4751 4723 4735
f 4751 4739 4723
f 4752 4724 4736
f 4752 4361 4360
f 4752 4740 4724
f 4752 4360 4740
f 4753 4741 4725
f 4753 4725 4737
f 4754 4726 4738
f 4754 4742 4726
f 4755 4743 4727
f 4755 4727 4739
f 4756 4728 4741
f 4756 4744 4728
f 4757 4729 4742
f 4757 4745 4729
f 4758 4746 4730
f 4758 4730 4743
f 4759 4731 4744
f 4759 4747 4731
f 4760 4732 4745
f 4760 4748 4732
f 4761 4749 4733
f 4761 4733 4746
f 4762 4750 4734
f 4762 4734 4747
f 4763 4735 4748
f 4763 4751 4735
f 4764 4361 4752
f 4764 4752 4736
f 4764 4736 4749
f 4764 4362 4361
f 4764 4363 4362
f 4765 4737 4341
f 4765 4341 4342
f 4765 4753 4737
f 4766 4738 4750
f 4766 4754 4738
f 4767 4755 4739
f 4767 4739 4751
f 4768 4741 4753
f 4768 4756 4741
f 4769 4742 4754
f 4769 4757 4742
f 4770 4743 4755
f 4770 4758 4743
f 4771 4759 4744
f 4771 4744 4756
f 4772 4745 4757
f 4772 4760 4745
f 4773 4761 4746
f 4773 4746 4758
f 4774 4747 4759
f 4774 4762 4747
f 4775 4763 4748
f 4775 4748 4760
f 4776 4363 4764
f 4776 4764 4749
f 4776 4749 4761
f 4776 4364 4363
f 4777 4766 4750
f 4777 4750 4762
f 4778 4767 4751
f 4778 4751 4763
f 4779 4765 4342
f 4779 4753 4765
f 4779 4342 4343
f 4779 4768 4753
f 4780 4769 4754
f 4780 4754 4766
f 4781 4770 4755
f 4781 4755 4767
f 4782 4756 4768
f 4782 4771 4756
f 4783 4757 4769
f 4783 4772 4757
f 4784 4773 4758
f 4784 4758 4770
f 4785 4774 4759
f 4785 4759 4771
f 4786 4760 4772
f 4786 4775 4760
f 4787 4776 4761
f 4787 4761 4773
f 4787 4364 4776
f 4787 4365 4364
f 4787 4366 4365
f 4788 4777 4762
f 4788 4762 4774
f 4789 4778 4763
f 4789 4763 4775
f 4790 4766 4777
f 4790 4780 4766
f 4791 4781 4767
f 4791 4767 4778
f 4792 4768 4779
f 4792 4782 4768
f 4793 4769 4780
f 4793 4783 4769
f 4794 4770 4781
f 4794 4784 4770
f 4795 4771 4782
f 4795 4785 4771
f 4796 4786 4772
f 4796 4772 4783
f 4797 4787 4773
f 4797 4773 4784
f 4797 4366 4787
f 4797 4367 4366
f 4798 4788 4774
f 4798 4774 4785
f 4799 4789 4775
f 4799 4775 4786
f 4800 4790 4777
f 4800 4777 4788
f 4801 4778 4789
f 4801 4791 4778
f 4802 4792 4779
f 4802 4779 4343
f 4802 4343 4344
f 4802 4344 4345
f 4803 4793 4780
f 4803 4780 4790
f 4804 4794 4781
f 4804 4781 4791
f 4805 4782 4792
f 4805 4795 4782
f 4806 4796 4783
f 4806 4783 4793
f 4807 4784 4794
f 4807 4368 4367
f 4807 4797 4784
f 4807 4367 4797
f 4808 4798 4785
f 4808 4785 4795
f 4809 4799 4786
f 4809 4786 4796
f 4810 4800 4788
f 4810 4788 4798
f 4811 4801 4789
f 4811 4789 4799
f 4812 4803 4790
f 4812 4790 4800
f 4813 4791 4801
f 4813 4804 4791
f 4814 4802 4345
f 4814 4805 4792
f 4814 4345 4346
f 4814 4792 4802
f 4815 4793 4803
f 4815 4806 4793
f 4816 4368 4807
f 4816 4807 4794
f 4816 4369 4368
f 4816 4370 4369
f 4816 4794 4804
f 4817 4808 4795
f 4817 4795 4805
f 4818 4809 4796
f 4818 4796 4806
f 4819 4810 4798
f 4819 4798 4808
f 4820 4799 4809
f 4820 4811 4799
f 4821 4800 4810
f 4821 4812 4800
f 4822 4813 4801
f 4822 4801 4811
f 4823 4803 4812
f 4823 4815 4803
f 4824 4370 4816
f 4824 4816 4804
f 4824 4371 4370
f 4824 4804 4813
f 4825 4817 4805
f 4825 4805 4814
f 4826 4818 4806
f 4826 4806 4815
f 4827 4808 4817
f 4827 4819 4808
f 4828 4820 4809
f 4828 4809 4818
f 4829 4821 4810
f 4829 4810 4819
f 4830 4822 4811
f 4830 4811 4820
f 4831 4812 4821
f 4831 4823 4812
f 4832 4813 4822
f 4832 4824 4813
f 4832 4372 4371
f 4832 4373 4372
f 4832 4371 4824
f 4833 4814 4346
f 4833 4346 4347
f 4833 4347 4348
f 4833 4825 4814
f 4834 4815 4823
f 4834 4826 4815
f 4835 4827 4817
f 4835 4817 4825
f 4836 4828 4818
f 4836 4818 4826
f 4837 4819 4827
f 4837 4829 4819
f 4838 4830 4820
f 4838 4820 4828
f 4839 4821 4829
f 4839 4831 4821
f 4840 4373 4832
f 4840 4832 4822
f 4840 4822 4830
f 4840 4374 4373
f 4841 4834 4823
f 4841 4823 4831
f 4842 4833 4348
f 4842 4825 4833
f 4842 4835 4825
f 4842 4348 4349
f 4843 4836 4826
f 4843 4826 4834
f 4844 4837 4827
f 4844 4827 4835
f 4845 4828 4836
f 4845 4838 4828
f 4846 4839 4829
f 4846 4829 4837
f 4847 4840 4830
f 4847 4374 4840
f 4847 4375 4374
f 4847 4830 4838
f 4848 4831 4839
f 4848 4841 4831
f 4849 4843 4834
f 4849 4834 4841
f 4850 4835 4842
f 4850 4844 4835
f 4851 4836 4843
f 4851 4845 4836
f 4852 4846 4837
f 4852 4837 4844
f 4853 4838 4845
f 4853 4375 4847
f 4853 4847 4838
f 4853 4376 4375
f 4853 4377 4376
f 4854 4839 4846
f 4854 4848 4839
f 4855 4841 4848
f 4855 4849 4841
f 4856 4850 4842
f 4856 4842 4349
f 4856 4349 4350
f 4857 4843 4849
f 4857 4851 4843
f 4858 4844 4850
f 4858 4852 4844
f 4859 4845 4851
f 4859 4853 4845
f 4859 4377 4853
f 4859 4378 4377
f 4860 4846 4852
f 4860 4854 4846
f 4861 4848 4854
f 4861 4855 4848
f 4862 4857 4849
f 4862 4849 4855
f 4863 4858 4850
f 4863 4350 4351
f 4863 4850 4856
f 4863 4351 4352
f 4863 4856 4350
f 4864 4851 4857
f 4864 4859 4851
f 4864 4378 4859
f 4864 4379 4378
f 4864 4380 4379
f 4865 4852 4858
f 4865 4860 4852
f 4866 4854 4860
f 4866 4861 4854
f 4867 4862 4855
f 4867 4855 4861
f 4868 4380 4864
f 4868 4864 4857
f 4868 4857 4862
f 4868 4381 4380
f 4869 4865 4858
f 4869 4858 4863
f 4870 4860 4865
f 4870 4866 4860
f 4871 4867 4861
f 4871 4861 4866
f 4872 4868 4862
f 4872 4381 4868
f 4872 4382 4381
f 4872 4862 4867
f 4873 4869 4863
f 4873 4352 4353
f 4873 4863 4352
f 4874 4865 4869
f 4874 4870 4865
f 4875 4866 4870
f 4875 4871 4866
f 4876 4872 4867
f 4876 4867 4871
f 4876 4382 4872
f 4876 4383 4382
f 4876 4384 4383
f 4877 4869 4873
f 4877 4874 4869
f 4877 4873 4353
f 4877 4353 4354
f 4877 4354 4355
f 4878 4875 4870
f 4878 4870 4874
f 4879 4876 4871
f 4879 4384 4876
f 4879 4871 4875
f 4879 4385 4384
f 4880 4874 4877
f 4880 4878 4874
f 4881 4875 4878
f 4881 4879 4875
f 4881 4385 4879
f 4881 4386 4385
f 4881 4387 4386
f 4882 4877 4355
f 4882 4880 4877
f 4882 4355 4356
f 4883 4878 4880
f 4883 4387 4881
f 4883 4881 4878
f 4883 4388 4387
f 4884 4883 4880
f 4884 4880 4882
f 4884 4882 4356
f 4884 4388 4883
f 4884 4356 4357
f 4884 4357 4389
f 4884 4389 4388
f 4886 4885 4887
f 4886 4887 4888
f 4955 4921 4920
f 4954 4985 4953
f 4986 4891 4890
f 4987 4890 4889
f 4987 4986 4890
f 4988 4987 4889
f 4989 4892 4891
f 4989 4891 4986
f 4989 4986 4987
f 4990 4988 4889
f 4991 4989 4987
f 4991 4987 4988
f 4992 4893 4892
f 4992 4894 4893
f 4992 4892 4989
f 4993 4990 4889
f 4994 4991 4988
f 4994 4988 4990
f 4995 4992 4989
f 4995 4989 4991
f 4996 4993 4889
f 4997 4994 4990
f 4997 4990 4993
f 4998 4995 4991
f 4998 4991 4994
f 4999 4895 4894
f 4999 4992 4995
f 4999 4894 4992
f 5000 4996 4889
f 5001 4997 4993
f 5001 4993 4996
f 5002 4998 4994
f 5002 4994 4997
f 5003 4999 4995
f 5003 4995 4998
f 5004 5000 4889
f 5005 4896 4895
f 5005 4897 4896
f 5005 4895 4999
f 5006 5001 4996
f 5006 4996 5000
f 5007 4997 5001
f 5007 5002 4997
f 5008 5003 4998
f 5008 4998 5002
f 5009 5004 4889
f 5010 4999 5003
f 5010 5005 4999
f 5011 5000 5004
f 5011 5006 5000
f 5012 5001 5006
f 5012 5007 5001
f 5013 5008 5002
f 5013 5002 5007
f 5014 5009 4889
f 5015 5010 5003
f 5015 5003 5008
f 5016 5004 5009
f 5016 5011 5004
f 5017 4898 4897
f 5017 4897 5005
f 5017 5005 5010
f 5018 5006 5011
f 5018 5012 5006
f 5019 5013 5007
f 5019 5007 5012
f 5020 5014 4889
f 5021 5015 5008
f 5021 5008 5013
f 5022 5009 5014
f 5022 5016 5009
f 5023 5017 5010
f 5023 5010 5015
f 5024 5011 5016
f 5024 5018 5011
f 5025 4899 4898
f 5025 4898 5017
f 5026 5012 5018
f 5026 5019 5012
f 5027 4889 4922
f 5027 5020 4889
f 5028 5013 5019
f 5028 5021 5013
f 5029 5022 5014
f 5029 5014 5020
f 5030 5023 5015
f 5030 5015 5021
f 5031 5016 5022
f 5031 5024 5016
f 5032 5025 5017
f 5032 5017 5023
f 5033 5018 5024
f 5033 5026 5018
f 5034 5027 4922
f 5035 5019 5026
f 5035 5028 5019
f 5036 5020 5027
f 5036 5029 5020
f 5037 5030 5021
f 5037 5021 5028
f 5038 5022 5029
f 5038 5031 5022
f 5039 5032 5023
f 5039 5023 5030
f 5040 5024 5031
f 5040 5033 5024
f 5041 5025 5032
f 5041 4900 4899
f 5041 4901 4900
f 5041 4899 5025
f 5042 5034 4922
f 5043 5035 5026
f 5043 5026 5033
f 5044 5036 5027
f 5044 5027 5034
f 5045 5028 5035
f 5045 5037 5028
f 5046 5038 5029
f 5046 5029 5036
f 5047 5030 5037
f 5047 5039 5030
f 5048 5040 5031
f 5048 5031 5038
f 5049 5032 5039
f 5049 5041 5032
f 5050 5042 4922
f 5051 5043 5033
f 5051 5033 5040
f 5052 4901 5041
f 5052 4902 4901
f 5053 5034 5042
f 5053 5044 5034
f 5054 5045 5035
f 5054 5035 5043
f 5055 5036 5044
f 5055 5046 5036
f 5056 5037 5045
f 5056 5047 5037
f 5057 5038 5046
f 5057 5048 5038
f 5058 5039 5047
f 5058 5049 5039
f 5059 5050 4922
f 5060 5051 5040
f 5060 5040 5048
f 5061 5041 5049
f 5061 5052 5041
f 5062 5042 5050
f 5062 5053 5042
f 5063 5043 5051
f 5063 5054 5043
f 5064 5055 5044
f 5064 5044 5053
f 5065 5045 5054
f 5065 5056 5045
f 5066 5057 5046
f 5066 5046 5055
f 5067 5047 5056
f 5067 5058 5047
f 5068 5059 4922
f 5069 5060 5048
f 5069 5048 5057
f 5070 5049 5058
f 5070 5061 5049
f 5071 5062 5050
f 5071 5050 5059
f 5072 5063 5051
f 5072 5051 5060
f 5073 4903 4902
f 5073 5052 5061
f 5073 4904 4903
f 5073 4902 5052
f 5074 5053 5062
f 5074 5064 5053
f 5075 5065 5054
f 5075 5054 5063
f 5076 5066 5055
f 5076 5055 5064
f 5077 5056 5065
f 5077 5067 5056
f 5078 5068 4922
f 5079 5057 5066
f 5079 5069 5057
f 5080 5058 5067
f 5080 5070 5058
f 5081 5059 5068
f 5081 5071 5059
f 5082 5060 5069
f 5082 5072 5060
f 5083 5061 5070
f 5083 5073 5061
f 5084 5074 5062
f 5084 5062 5071
f 5085 5063 5072
f 5085 5075 5063
f 5086 4905 4904
f 5086 4904 5073
f 5087 5076 5064
f 5087 5064 5074
f 5088 5065 5075
f 5088 5077 5065
f 5089 5078 4922
f 5090 5066 5076
f 5090 5079 5066
f 5091 5067 5077
f 5091 5080 5067
f 5092 5081 5068
f 5092 5068 5078
f 5093 5082 5069
f 5093 5069 5079
f 5094 5070 5080
f 5094 5083 5070
f 5095 5071 5081
f 5095 5084 5071
f 5096 5085 5072
f 5096 5072 5082
f 5097 5073 5083
f 5097 5086 5073
f 5098 5074 5084
f 5098 5087 5074
f 5099 5075 5085
f 5099 5088 5075
f 5100 5089 4922
f 5101 5090 5076
f 5101 5076 5087
f 5102 5091 5077
f 5102 5077 5088
f 5103 5092 5078
f 5103 5078 5089
f 5104 5093 5079
f 5104 5079 5090
f 5105 5094 5080
f 5105 5080 5091
f 5106 5095 5081
f 5106 5081 5092
f 5107 5082 5093
f 5107 5096 5082
f 5108 5083 5094
f 5108 5097 5083
f 5109 5098 5084
f 5109 5084 5095
f 5110 5099 5085
f 5110 5085 5096
f 5111 4906 4905
f 5111 5086 5097
f 5111 4905 5086
f 5112 5100 4922
f 5113 5101 5087
f 5113 5087 5098
f 5114 5088 5099
f 5114 5102 5088
f 5115 5103 5089
f 5115 5089 5100
f 5116 5104 5090
f 5116 5090 5101
f 5117 5091 5102
f 5117 5105 5091
f 5118 5106 5092
f 5118 5092 5103
f 5119 5093 5104
f 5119 5107 5093
f 5120 5094 5105
f 5120 5108 5094
f 5121 5095 5106
f 5121 5109 5095
f 5122 5096 5107
f 5122 5110 5096
f 5123 5111 5097
f 5123 5097 5108
f 5124 5112 4922
f 5124 4922 4923
f 5125 5098 5109
f 5125 5113 5098
f 5126 5114 5099
f 5126 5099 5110
f 5127 4907 4906
f 5127 4908 4907
f 5127 4906 5111
f 5128 5100 5112
f 5128 5115 5100
f 5129 5101 5113
f 5129 5116 5101
f 5130 5102 5114
f 5130 5117 5102
f 5131 5103 5115
f 5131 5118 5103
f 5132 5104 5116
f 5132 5119 5104
f 5133 5120 5105
f 5133 5105 5117
f 5134 5121 5106
f 5134 5106 5118
f 5135 5122 5107
f 5135 5107 5119
f 5136 5108 5120
f 5136 5123 5108
f 5137 5124 4923
f 5137 4923 4924
f 5138 5125 5109
f 5138 5109 5121
f 5139 5110 5122
f 5139 5126 5110
f 5140 5127 5111
f 5140 5111 5123
f 5141 5128 5112
f 5141 5112 5124
f 5142 5113 5125
f 5142 5129 5113
f 5143 5130 5114
f 5143 5114 5126
f 5144 5115 5128
f 5144 5131 5115
f 5145 5116 5129
f 5145 5132 5116
f 5146 5117 5130
f 5146 5133 5117
f 5147 5118 5131
f 5147 5134 5118
f 5148 5119 5132
f 5148 5135 5119
f 5149 5120 5133
f 5149 5136 5120
f 5150 5121 5134
f 5150 5138 5121
f 5151 5139 5122
f 5151 5122 5135
f 5152 5140 5123
f 5152 5123 5136
f 5153 4924 4925
f 5153 5124 5137
f 5153 5137 4924
f 5153 5141 5124
f 5154 5125 5138
f 5154 5142 5125
f 5155 5126 5139
f 5155 5143 5126
f 5156 4909 4908
f 5156 5127 5140
f 5156 4908 5127
f 5157 5144 5128
f 5157 5128 5141
f 5158 5129 5142
f 5158 5145 5129
f 5159 5146 5130
f 5159 5130 5143
f 5160 5131 5144
f 5160 5147 5131
f 5161 5148 5132
f 5161 5132 5145
f 5162 5133 5146
f 5162 5149 5133
f 5163 5150 5134
f 5163 5134 5147
f 5164 5135 5148
f 5164 5151 5135
f 5165 5136 5149
f 5165 5152 5136
f 5166 5138 5150
f 5166 5154 5138
f 5167 5155 5139
f 5167 5139 5151
f 5168 5140 5152
f 5168 5156 5140
f 5169 5141 5153
f 5169 5157 5141
f 5170 5142 5154
f 5170 5158 5142
f 5171 5159 5143
f 5171 5143 5155
f 5172 4910 4909
f 5172 4911 4910
f 5172 4909 5156
f 5173 5144 5157
f 5173 5160 5144
f 5174 5161 5145
f 5174 5145 5158
f 5175 5146 5159
f 5175 5162 5146
f 5176 5147 5160
f 5176 5163 5147
f 5177 5164 5148
f 5177 5148 5161
f 5178 5165 5149
f 5178 5149 5162
f 5179 5166 5150
f 5179 5150 5163
f 5180 5151 5164
f 5180 5167 5151
f 5181 5168 5152
f 5181 5152 5165
f 5182 4925 4926
f 5182 4926 4927
f 5182 5169 5153
f 5182 5153 4925
f 5183 5170 5154
f 5183 5154 5166
f 5184 5155 5167
f 5184 5171 5155
f 5185 5156 5168
f 5185 5172 5156
f 5186 5173 5157
f 5186 5157 5169
f 5187 5174 5158
f 5187 5158 5170
f 5188 5159 5171
f 5188 5175 5159
f 5189 5176 5160
f 5189 5160 5173
f 5190 5161 5174
f 5190 5177 5161
f 5191 5178 5162
f 5191 5162 5175
f 5192 5163 5176
f 5192 5179 5163
f 5193 5164 5177
f 5193 5180 5164
f 5194 5165 5178
f 5194 5181 5165
f 5195 5183 5166
f 5195 5166 5179
f 5196 5184 5167
f 5196 5167 5180
f 5197 5168 5181
f 5197 5185 5168
f 5198 5169 5182
f 5198 4927 4928
f 5198 5186 5169
f 5198 5182 4927
f 5199 5170 5183
f 5199 5187 5170
f 5200 5171 5184
f 5200 5188 5171
f 5201 4912 4911
f 5201 4911 5172
f 5201 5172 5185
f 5202 5173 5186
f 5202 5189 5173
f 5203 5190 5174
f 5203 5174 5187
f 5204 5191 5175
f 5204 5175 5188
f 5205 5176 5189
f 5205 5192 5176
f 5206 5177 5190
f 5206 5193 5177
f 5207 5178 5191
f 5207 5194 5178
f 5208 5195 5179
f 5208 5179 5192
f 5209 5180 5193
f 5209 5196 5180
f 5210 5197 5181
f 5210 5181 5194
f 5211 5183 5195
f 5211 5199 5183
f 5212 5184 5196
f 5212 5200 5184
f 5213 5185 5197
f 5213 5201 5185
f 5214 5186 5198
f 5214 5202 5186
f 5215 5187 5199
f 5215 5203 5187
f 5216 5188 5200
f 5216 5204 5188
f 5217 4913 4912
f 5217 4912 5201
f 5218 5189 5202
f 5218 5205 5189
f 5219 5206 5190
f 5219 5190 5203
f 5220 5191 5204
f 5220 5207 5191
f 5221 5208 5192
f 5221 5192 5205
f 5222 5193 5206
f 5222 5209 5193
f 5223 5210 5194
f 5223 5194 5207
f 5224 5195 5208
f 5224 5211 5195
f 5225 5212 5196
f 5225 5196 5209
f 5226 5213 5197
f 5226 5197 5210
f 5227 5198 4928
f 5227 5214 5198
f 5227 4928 4929
f 5227 4929 4930
f 5228 5215 5199
f 5228 5199 5211
f 5229 5200 5212
f 5229 5216 5200
f 5230 5201 5213
f 5230 5217 5201
f 5231 5202 5214
f 5231 5218 5202
f 5232 5219 5203
f 5232 5203 5215
f 5233 5204 5216
f 5233 5220 5204
f 5234 5205 5218
f 5234 5221 5205
f 5235 5206 5219
f 5235 5222 5206
f 5236 5207 5220
f 5236 5223 5207
f 5237 5208 5221
f 5237 5224 5208
f 5238 5225 5209
f 5238 5209 5222
f 5239 5226 5210
f 5239 5210 5223
f 5240 5228 5211
f 5240 5211 5224
f 5241 5212 5225
f 5241 5229 5212
f 5242 5213 5226
f 5242 5230 5213
f 5243 5214 5227
f 5243 5227 4930
f 5243 5231 5214
f 5243 4930 4931
f 5244 5232 5215
f 5244 5215 5228
f 5245 5216 5229
f 5245 5233 5216
f 5246 5217 5230
f 5246 4914 4913
f 5246 4915 4914
f 5246 4913 5217
f 5247 5218 5231
f 5247 5234 5218
f 5248 5219 5232
f 5248 5235 5219
f 5249 5236 5220
f 5249 5220 5233
f 5250 5237 5221
f 5250 5221 5234
f 5251 5222 5235
f 5251 5238 5222
f 5252 5223 5236
f 5252 5239 5223
f 5253 5240 5224
f 5253 5224 5237
f 5254 5225 5238
f 5254 5241 5225
f 5255 5226 5239
f 5255 5242 5226
f 5256 5228 5240
f 5256 5244 5228
f 5257 5229 5241
f 5257 5245 5229
f 5258 5230 5242
f 5258 5246 5230
f 5259 5231 5243
f 5259 5247 5231
f 5260 5248 5232
f 5260 5232 5244
f 5261 5249 5233
f 5261 5233 5245
f 5262 4916 4915
f 5262 4915 5246
f 5263 5234 5247
f 5263 5250 5234
f 5264 5251 5235
f 5264 5235 5248
f 5265 5252 5236
f 5265 5236 5249
f 5266 5237 5250
f 5266 5253 5237
f 5267 5254 5238
f 5267 5238 5251
f 5268 5239 5252
f 5268 5255 5239
f 5269 5240 5253
f 5269 5256 5240
f 5270 5257 5241
f 5270 5241 5254
f 5271 5258 5242
f 5271 5242 5255
f 5272 5259 5243
f 5272 4931 4932
f 5272 5243 4931
f 5273 5244 5256
f 5273 5260 5244
f 5274 5261 5245
f 5274 5245 5257
f 5275 5262 5246
f 5275 5246 5258
f 5276 5247 5259
f 5276 5263 5247
f 5277 5264 5248
f 5277 5248 5260
f 5278 5265 5249
f 5278 5249 5261
f 5279 5250 5263
f 5279 5266 5250
f 5280 5267 5251
f 5280 5251 5264
f 5281 5252 5265
f 5281 5268 5252
f 5282 5269 5253
f 5282 5253 5266
f 5283 5270 5254
f 5283 5254 5267
f 5284 5271 5255
f 5284 5255 5268
f 5285 5273 5256
f 5285 5256 5269
f 5286 5274 5257
f 5286 5257 5270
f 5287 5275 5258
f 5287 5258 5271
f 5288 5272 4932
f 5288 4932 4933
f 5288 4933 4934
f 5288 5276 5259
f 5288 5259 5272
f 5289 5277 5260
f 5289 5260 5273
f 5290 5261 5274
f 5290 5278 5261
f 5291 5262 5275
f 5291 4917 4916
f 5291 4918 4917
f 5291 4916 5262
f 5292 5263 5276
f 5292 5279 5263
f 5293 5280 5264
f 5293 5264 5277
f 5294 5265 5278
f 5294 5281 5265
f 5295 5282 5266
f 5295 5266 5279
f 5296 5267 5280
f 5296 5283 5267
f 5297 5268 5281
f 5297 5284 5268
f 5298 5285 5269
f 5298 5269 5282
f 5299 5286 5270
f 5299 5270 5283
f 5300 5287 5271
f 5300 5271 5284
f 5301 5273 5285
f 5301 5289 5273
f 5302 5274 5286
f 5302 5290 5274
f 5303 5275 5287
f 5303 5291 5275
f 5304 5292 5276
f 5304 5276 5288
f 5305 5277 5289
f 5305 5293 5277
f 5306 5278 5290
f 5306 5294 5278
f 5307 4919 4918
f 5307 4918 5291
f 5308 5295 5279
f 5308 5279 5292
f 5309 5280 5293
f 5309 5296 5280
f 5310 5281 5294
f 5310 5297 5281
f 5311 5298 5282
f 5311 5282 5295
f 5312 5283 5296
f 5312 5299 5283
f 5313 5284 5297
f 5313 5300 5284
f 5314 5285 5298
f 5314 5301 5285
f 5315 5286 5299
f 5315 5302 5286
f 5316 5287 5300
f 5316 5303 5287
f 5317 5288 4934
f 5317 4934 4935
f 5317 5304 5288
f 5318 5289 5301
f 5318 5305 5289
f 5319 5290 5302
f 5319 5306 5290
f 5320 5291 5303
f 5320 5307 5291
f 5321 5308 5292
f 5321 5292 5304
f 5322 5309 5293
f 5322 5293 5305
f 5323 5294 5306
f 5323 5310 5294
f 5324 5295 5308
f 5324 5311 5295
f 5325 5296 5309
f 5325 5312 5296
f 5326 5297 5310
f 5326 5313 5297
f 5327 5314 5298
f 5327 5298 5311
f 5328 5299 5312
f 5328 5315 5299
f 5329 5316 5300
f 5329 5300 5313
f 5330 5301 5314
f 5330 5318 5301
f 5331 5319 5302
f 5331 5302 5315
f 5332 5320 5303
f 5332 5303 5316
f 5333 5317 4935
f 5333 5321 5304
f 5333 4935 4936
f 5333 4936 4937
f 5333 5304 5317
f 5334 5305 5318
f 5334 5322 5305
f 5335 5323 5306
f 5335 5306 5319
f 5336 5307 5320
f 5336 4920 4919
f 5336 4956 4955
f 5336 4955 4920
f 5336 4919 5307
f 5337 5324 5308
f 5337 5308 5321
f 5338 5309 5322
f 5338 5325 5309
f 5339 5326 5310
f 5339 5310 5323
f 5340 5327 5311
f 5340 5311 5324
f 5341 5312 5325
f 5341 5328 5312
f 5342 5329 5313
f 5342 5313 5326
f 5343 5314 5327
f 5343 5330 5314
f 5344 5331 5315
f 5344 5315 5328
f 5345 5332 5316
f 5345 5316 5329
f 5346 5318 5330
f 5346 5334 5318
f 5347 5319 5331
f 5347 5335 5319
f 5348 5320 5332
f 5348 4957 4956
f 5348 5336 5320
f 5348 4956 5336
f 5349 5337 5321
f 5349 5321 5333
f 5350 5322 5334
f 5350 5338 5322
f 5351 5339 5323
f 5351 5323 5335
f 5352 5324 5337
f 5352 5340 5324
f 5353 5325 5338
f 5353 5341 5325
f 5354 5342 5326
f 5354 5326 5339
f 5355 5327 5340
f 5355 5343 5327
f 5356 5328 5341
f 5356 5344 5328
f 5357 5345 5329
f 5357 5329 5342
f 5358 5346 5330
f 5358 5330 5343
f 5359 5331 5344
f 5359 5347 5331
f 5360 4957 5348
f 5360 5348 5332
f 5360 5332 5345
f 5360 4958 4957
f 5360 4959 4958
f 5361 5333 4937
f 5361 4937 4938
f 5361 5349 5333
f 5362 5334 5346
f 5362 5350 5334
f 5363 5351 5335
f 5363 5335 5347
f 5364 5337 5349
f 5364 5352 5337
f 5365 5338 5350
f 5365 5353 5338
f 5366 5339 5351
f 5366 5354 5339
f 5367 5355 5340
f 5367 5340 5352
f 5368 5341 5353
f 5368 5356 5341
f 5369 5357 5342
f 5369 5342 5354
f 5370 5343 5355
f 5370 5358 5343
f 5371 5359 5344
f 5371 5344 5356
f 5372 4959 5360
f 5372 5360 5345
f 5372 5345 5357
f 5372 4960 4959
f 5373 5362 5346
f 5373 5346 5358
f 5374 5363 5347
f 5374 5347 5359
f 5375 5361 4938
f 5375 5349 5361
f 5375 4938 4939
f 5375 5364 5349
f 5376 5365 5350
f 5376 5350 5362
f 5377 5366 5351
f 5377 5351 5363
f 5378 5352 5364
f 5378 5367 5352
f 5379 5353 5365
f 5379 5368 5353
f 5380 5369 5354
f 5380 5354 5366
f 5381 5370 5355
f 5381 5355 5367
f 5382 5356 5368
f 5382 5371 5356
f 5383 5372 5357
f 5383 5357 5369
f 5383 4960 5372
f 5383 4961 4960
f 5383 4962 4961
f 5384 5373 5358
f 5384 5358 5370
f 5385 5374 5359
f 5385 5359 5371
f 5386 5362 5373
f 5386 5376 5362
f 5387 5377 5363
f 5387 5363 5374
f 5388 5364 5375
f 5388 5378 5364
f 5389 5365 5376
f 5389 5379 5365
f 5390 5366 5377
f 5390 5380 5366
f 5391 5367 5378
f 5391 5381 5367
f 5392 5382 5368
f 5392 5368 5379
f 5393 5383 5369
f 5393 5369 5380
f 5393 4962 5383
f 5393 4963 4962
f 5394 5384 5370
f 5394 5370 5381
f 5395 5385 5371
f 5395 5371 5382
f 5396 5386 5373
f 5396 5373 5384
f 5397 5374 5385
f 5397 5387 5374
f 5398 5388 5375
f 5398 5375 4939
f 5398 4939 4940
f 5398 4940 4941
f 5399 5389 5376
f 5399 5376 5386
f 5400 5390 5377
f 5400 5377 5387
f 5401 5378 5388
f 5401 5391 5378
f 5402 5392 5379
f 5402 5379 5389
f 5403 5380 5390
f 5403 4964 4963
f 5403 5393 5380
f 5403 4963 5393
f 5404 5394 5381
f 5404 5381 5391
f 5405 5395 5382
f 5405 5382 5392
f 5406 5396 5384
f 5406 5384 5394
f 5407 5397 5385
f 5407 5385 5395
f 5408 5399 5386
f 5408 5386 5396
f 5409 5387 5397
f 5409 5400 5387
f 5410 5398 4941
f 5410 5401 5388
f 5410 4941 4942
f 5410 5388 5398
f 5411 5389 5399
f 5411 5402 5389
f 5412 4964 5403
f 5412 5403 5390
f 5412 4965 4964
f 5412 4966 4965
f 5412 5390 5400
f 5413 5404 5391
f 5413 5391 5401
f 5414 5405 5392
f 5414 5392 5402
f 5415 5406 5394
f 5415 5394 5404
f 5416 5395 5405
f 5416 5407 5395
f 5417 5396 5406
f 5417 5408 5396
f 5418 5409 5397
f 5418 5397 5407
f 5419 5399 5408
f 5419 5411 5399
f 5420 4966 5412
f 5420 5412 5400
f 5420 4967 4966
f 5420 5400 5409
f 5421 5413 5401
f 5421 5401 5410
f 5422 5414 5402
f 5422 5402 5411
f 5423 5404 5413
f 5423 5415 5404
f 5424 5416 5405
f 5424 5405 5414
f 5425 5417 5406
f 5425 5406 5415
f 5426 5418 5407
f 5426 5407 5416
f 5427 5408 5417
f 5427 5419 5408
f 5428 5409 5418
f 5428 5420 5409
f 5428 4968 4967
f 5428 4969 4968
f 5428 4967 5420
f 5429 5410 4942
f 5429 4942 4943
f 5429 4943 4944
f 5429 5421 5410
f 5430 5411 5419
f 5430 5422 5411
f 5431 5423 5413
f 5431 5413 5421
f 5432 5424 5414
f 5432 5414 5422
f 5433 5415 5423
f 5433 5425 5415
f 5434 5426 5416
f 5434 5416 5424
f 5435 5417 5425
f 5435 5427 5417
f 5436 4969 5428
f 5436 5428 5418
f 5436 5418 5426
f 5436 4970 4969
f 5437 5430 5419
f 5437 5419 5427
f 5438 5429 4944
f 5438 5421 5429
f 5438 5431 5421
f 5438 4944 4945
f 5439 5432 5422
f 5439 5422 5430
f 5440 5433 5423
f 5440 5423 5431
f 5441 5424 5432
f 5441 5434 5424
f 5442 5435 5425
f 5442 5425 5433
f 5443 5436 5426
f 5443 4970 5436
f 5443 4971 4970
f 5443 5426 5434
f 5444 5427 5435
f 5444 5437 5427
f 5445 5439 5430
f 5445 5430 5437
f 5446 5431 5438
f 5446 5440 5431
f 5447 5432 5439
f 5447 5441 5432
f 5448 5442 5433
f 5448 5433 5440
f 5449 5434 5441
f 5449 4971 5443
f 5449 5443 5434
f 5449 4972 4971
f 5449 4973 4972
f 5450 5435 5442
f 5450 5444 5435
f 5451 5437 5444
f 5451 5445 5437
f 5452 5446 5438
f 5452 5438 4945
f 5452 4945 4946
f 5453 5439 5445
f 5453 5447 5439
f 5454 5440 5446
f 5454 5448 5440
f 5455 5441 5447
f 5455 5449 5441
f 5455 4973 5449
f 5455 4974 4973
f 5456 5442 5448
f 5456 5450 5442
f 5457 5444 5450
f 5457 5451 5444
f 5458 5453 5445
f 5458 5445 5451
f 5459 5454 5446
f 5459 4946 4947
f 5459 5446 5452
f 5459 4947 4948
f 5459 5452 4946
f 5460 5447 5453
f 5460 5455 5447
f 5460 4974 5455
f 5460 4975 4974
f 5460 4976 4975
f 5461 5448 5454
f 5461 5456 5448
f 5462 5450 5456
f 5462 5457 5450
f 5463 5458 5451
f 5463 5451 5457
f 5464 4976 5460
f 5464 5460 5453
f 5464 5453 5458
f 5464 4977 4976
f 5465 5461 5454
f 5465 5454 5459
f 5466 5456 5461
f 5466 5462 5456
f 5467 5463 5457
f 5467 5457 5462
f 5468 5464 5458
f 5468 4977 5464
f 5468 4978 4977
f 5468 5458 5463
f 5469 5465 5459
f 5469 4948 4949
f 5469 5459 4948
f 5470 5461 5465
f 5470 5466 5461
f 5471 5462 5466
f 5471 5467 5462
f 5472 5468 5463
f 5472 5463 5467
f 5472 4978 5468
f 5472 4979 4978
f 5472 4980 4979
f 5473 5465 5469
f 5473 5470 5465
f 5473 5469 4949
f 5473 4949 4950
f 5473 4950 4951
f 5474 5471 5466
f 5474 5466 5470
f 5475 5472 5467
f 5475 4980 5472
f 5475 5467 5471
f 5475 4981 4980
f 5476 5470 5473
f 5476 5474 5470
f 5477 5471 5474
f 5477 5475 5471
f 5477 4981 5475
f 5477 4982 4981
f 5477 4983 4982
f 5478 5473 4951
f 5478 5476 5473
f 5478 4951 4952
f 5479 5474 5476
f 5479 4983 5477
f 5479 5477 5474
f 5479 4984 4983
f 5480 5479 5476
f 5480 5476 5478
f 5480 5478 4952
f 5480 4984 5479
f 5480 4952 4953
f 5480 4953 4985
f 5480 4985 4984
f 5547 5513 5512
f 5546 5577 5545
f 5578 5483 5482
f 5579 5482 5481
f 5579 5578 5482
f 5580 5579 5481
f 5581 5484 5483
f 5581 5483 5578
f 5581 5578 5579
f 5582 5580 5481
f 5583 5581 5579
f 5583 5579 5580
f 5584 5485 5484
f 5584 5486 5485
f 5584 5484 5581
f 5585 5582 5481
f 5586 5583 5580
f 5586 5580 5582
f 5587 5584 5581
f 5587 5581 5583
f 5588 5585 5481
f 5589 5586 5582
f 5589 5582 5585
f 5590 5587 5583
f 5590 5583 5586
f 5591 5487 5486
f 5591 5584 5587
f 5591 5486 5584
f 5592 5588 5481
f 5593 5589 5585
f 5593 5585 5588
f 5594 5590 5586
f 5594 5586 5589
f 5595 5591 5587
f 5595 5587 5590
f 5596 5592 5481
f 5597 5488 5487
f 5597 5489 5488
f 5597 5487 5591
f 5598 5593 5588
f 5598 5588 5592
f 5599 5589 5593
f 5599 5594 5589
f 5600 5595 5590
f 5600 5590 5594
f 5601 5596 5481
f 5602 5591 5595
f 5602 5597 5591
f 5603 5592 5596
f 5603 5598 5592
f 5604 5593 5598
f 5604 5599 5593
f 5605 5600 5594
f 5605 5594 5599
f 5606 5601 5481
f 5607 5602 5595
f 5607 5595 5600
f 5608 5596 5601
f 5608 5603 5596
f 5609 5490 5489
f 5609 5489 5597
f 5609 5597 5602
f 5610 5598 5603
f 5610 5604 5598
f 5611 5605 5599
f 5611 5599 5604
f 5612 5606 5481
f 5613 5607 5600
f 5613 5600 5605
f 5614 5601 5606
f 5614 5608 5601
f 5615 5609 5602
f 5615 5602 5607
f 5616 5603 5608
f 5616 5610 5603
f 5617 5491 5490
f 5617 5490 5609
f 5618 5604 5610
f 5618 5611 5604
f 5619 5481 5514
f 5619 5612 5481
f 5620 5605 5611
f 5620 5613 5605
f 5621 5614 5606
f 5621 5606 5612
f 5622 5615 5607
f 5622 5607 5613
f 5623 5608 5614
f 5623 5616 5608
f 5624 5617 5609
f 5624 5609 5615
f 5625 5610 5616
f 5625 5618 5610
f 5626 5619 5514
f 5627 5611 5618
f 5627 5620 5611
f 5628 5612 5619
f 5628 5621 5612
f 5629 5622 5613
f 5629 5613 5620
f 5630 5614 5621
f 5630 5623 5614
f 5631 5624 5615
f 5631 5615 5622
f 5632 5616 5623
f 5632 5625 5616
f 5633 5617 5624
f 5633 5492 5491
f 5633 5493 5492
f 5633 5491 5617
f 5634 5626 5514
f 5635 5627 5618
f 5635 5618 5625
f 5636 5628 5619
f 5636 5619 5626
f 5637 5620 5627
f 5637 5629 5620
f 5638 5630 5621
f 5638 5621 5628
f 5639 5622 5629
f 5639 5631 5622
f 5640 5632 5623
f 5640 5623 5630
f 5641 5624 5631
f 5641 5633 5624
f 5642 5634 5514
f 5643 5635 5625
f 5643 5625 5632
f 5644 5493 5633
f 5644 5494 5493
f 5645 5626 5634
f 5645 5636 5626
f 5646 5637 5627
f 5646 5627 5635
f 5647 5628 5636
f 5647 5638 5628
f 5648 5629 5637
f 5648 5639 5629
f 5649 5630 5638
f 5649 5640 5630
f 5650 5631 5639
f 5650 5641 5631
f 5651 5642 5514
f 5652 5643 5632
f 5652 5632 5640
f 5653 5633 5641
f 5653 5644 5633
f 5654 5634 5642
f 5654 5645 5634
f 5655 5635 5643
f 5655 5646 5635
f 5656 5647 5636
f 5656 5636 5645
f 5657 5637 5646
f 5657 5648 5637
f 5658 5649 5638
f 5658 5638 5647
f 5659 5639 5648
f 5659 5650 5639
f 5660 5651 5514
f 5661 5652 5640
f 5661 5640 5649
f 5662 5641 5650
f 5662 5653 5641
f 5663 5654 5642
f 5663 5642 5651
f 5664 5655 5643
f 5664 5643 5652
f 5665 5495 5494
f 5665 5644 5653
f 5665 5496 5495
f 5665 5494 5644
f 5666 5645 5654
f 5666 5656 5645
f 5667 5657 5646
f 5667 5646 5655
f 5668 5658 5647
f 5668 5647 5656
f 5669 5648 5657
f 5669 5659 5648
f 5670 5660 5514
f 5671 5649 5658
f 5671 5661 5649
f 5672 5650 5659
f 5672 5662 5650
f 5673 5651 5660
f 5673 5663 5651
f 5674 5652 5661
f 5674 5664 5652
f 5675 5653 5662
f 5675 5665 5653
f 5676 5666 5654
f 5676 5654 5663
f 5677 5655 5664
f 5677 5667 5655
f 5678 5497 5496
f 5678 5496 5665
f 5679 5668 5656
f 5679 5656 5666
f 5680 5657 5667
f 5680 5669 5657
f 5681 5670 5514
f 5682 5658 5668
f 5682 5671 5658
f 5683 5659 5669
f 5683 5672 5659
f 5684 5673 5660
f 5684 5660 5670
f 5685 5674 5661
f 5685 5661 5671
f 5686 5662 5672
f 5686 5675 5662
f 5687 5663 5673
f 5687 5676 5663
f 5688 5677 5664
f 5688 5664 5674
f 5689 5665 5675
f 5689 5678 5665
f 5690 5666 5676
f 5690 5679 5666
f 5691 5667 5677
f 5691 5680 5667
f 5692 5681 5514
f 5693 5682 5668
f 5693 5668 5679
f 5694 5683 5669
f 5694 5669 5680
f 5695 5684 5670
f 5695 5670 5681
f 5696 5685 5671
f 5696 5671 5682
f 5697 5686 5672
f 5697 5672 5683
f 5698 5687 5673
f 5698 5673 5684
f 5699 5674 5685
f 5699 5688 5674
f 5700 5675 5686
f 5700 5689 5675
f 5701 5690 5676
f 5701 5676 5687
f 5702 5691 5677
f 5702 5677 5688
f 5703 5498 5497
f 5703 5678 5689
f 5703 5497 5678
f 5704 5692 5514
f 5705 5693 5679
f 5705 5679 5690
f 5706 5680 5691
f 5706 5694 5680
f 5707 5695 5681
f 5707 5681 5692
f 5708 5696 5682
f 5708 5682 5693
f 5709 5683 5694
f 5709 5697 5683
f 5710 5698 5684
f 5710 5684 5695
f 5711 5685 5696
f 5711 5699 5685
f 5712 5686 5697
f 5712 5700 5686
f 5713 5687 5698
f 5713 5701 5687
f 5714 5688 5699
f 5714 5702 5688
f 5715 5703 5689
f 5715 5689 5700
f 5716 5704 5514
f 5716 5514 5515
f 5717 5690 5701
f 5717 5705 5690
f 5718 5706 5691
f 5718 5691 5702
f 5719 5499 5498
f 5719 5500 5499
f 5719 5498 5703
f 5720 5692 5704
f 5720 5707 5692
f 5721 5693 5705
f 5721 5708 5693
f 5722 5694 5706
f 5722 5709 5694
f 5723 5695 5707
f 5723 5710 5695
f 5724 5696 5708
f 5724 5711 5696
f 5725 5712 5697
f 5725 5697 5709
f 5726 5713 5698
f 5726 5698 5710
f 5727 5714 5699
f 5727 5699 5711
f 5728 5700 5712
f 5728 5715 5700
f 5729 5716 5515
f 5729 5515 5516
f 5730 5717 5701
f 5730 5701 5713
f 5731 5702 5714
f 5731 5718 5702
f 5732 5719 5703
f 5732 5703 5715
f 5733 5720 5704
f 5733 5704 5716
f 5734 5705 5717
f 5734 5721 5705
f 5735 5722 5706
f 5735 5706 5718
f 5736 5707 5720
f 5736 5723 5707
f 5737 5708 5721
f 5737 5724 5708
f 5738 5709 5722
f 5738 5725 5709
f 5739 5710 5723
f 5739 5726 5710
f 5740 5711 5724
f 5740 5727 5711
f 5741 5712 5725
f 5741 5728 5712
f 5742 5713 5726
f 5742 5730 5713
f 5743 5731 5714
f 5743 5714 5727
f 5744 5732 5715
f 5744 5715 5728
f 5745 5516 5517
f 5745 5716 5729
f 5745 5729 5516
f 5745 5733 5716
f 5746 5717 5730
f 5746 5734 5717
f 5747 5718 5731
f 5747 5735 5718
f 5748 5501 5500
f 5748 5719 5732
f 5748 5500 5719
f 5749 5736 5720
f 5749 5720 5733
f 5750 5721 5734
f 5750 5737 5721
f 5751 5738 5722
f 5751 5722 5735
f 5752 5723 5736
f 5752 5739 5723
f 5753 5740 5724
f 5753 5724 5737
f 5754 5725 5738
f 5754 5741 5725
f 5755 5742 5726
f 5755 5726 5739
f 5756 5727 5740
f 5756 5743 5727
f 5757 5728 5741
f 5757 5744 5728
f 5758 5730 5742
f 5758 5746 5730
f 5759 5747 5731
f 5759 5731 5743
f 5760 5732 5744
f 5760 5748 5732
f 5761 5733 5745
f 5761 5749 5733
f 5762 5734 5746
f 5762 5750 5734
f 5763 5751 5735
f 5763 5735 5747
f 5764 5502 5501
f 5764 5503 5502
f 5764 5501 5748
f 5765 5736 5749
f 5765 5752 5736
f 5766 5753 5737
f 5766 5737 5750
f 5767 5738 5751
f 5767 5754 5738
f 5768 5739 5752
f 5768 5755 5739
f 5769 5756 5740
f 5769 5740 5753
f 5770 5757 5741
f 5770 5741 5754
f 5771 5758 5742
f 5771 5742 5755
f 5772 5743 5756
f 5772 5759 5743
f 5773 5760 5744
f 5773 5744 5757
f 5774 5517 5518
f 5774 5518 5519
f 5774 5761 5745
f 5774 5745 5517
f 5775 5762 5746
f 5775 5746 5758
f 5776 5747 5759
f 5776 5763 5747
f 5777 5748 5760
f 5777 5764 5748
f 5778 5765 5749
f 5778 5749 5761
f 5779 5766 5750
f 5779 5750 5762
f 5780 5751 5763
f 5780 5767 5751
f 5781 5768 5752
f 5781 5752 5765
f 5782 5753 5766
f 5782 5769 5753
f 5783 5770 5754
f 5783 5754 5767
f 5784 5755 5768
f 5784 5771 5755
f 5785 5756 5769
f 5785 5772 5756
f 5786 5757 5770
f 5786 5773 5757
f 5787 5775 5758
f 5787 5758 5771
f 5788 5776 5759
f 5788 5759 5772
f 5789 5760 5773
f 5789 5777 5760
f 5790 5761 5774
f 5790 5519 5520
f 5790 5778 5761
f 5790 5774 5519
f 5791 5762 5775
f 5791 5779 5762
f 5792 5763 5776
f 5792 5780 5763
f 5793 5504 5503
f 5793 5503 5764
f 5793 5764 5777
f 5794 5765 5778
f 5794 5781 5765
f 5795 5782 5766
f 5795 5766 5779
f 5796 5783 5767
f 5796 5767 5780
f 5797 5768 5781
f 5797 5784 5768
f 5798 5769 5782
f 5798 5785 5769
f 5799 5770 5783
f 5799 5786 5770
f 5800 5787 5771
f 5800 5771 5784
f 5801 5772 5785
f 5801 5788 5772
f 5802 5789 5773
f 5802 5773 5786
f 5803 5775 5787
f 5803 5791 5775
f 5804 5776 5788
f 5804 5792 5776
f 5805 5777 5789
f 5805 5793 5777
f 5806 5778 5790
f 5806 5794 5778
f 5807 5779 5791
f 5807 5795 5779
f 5808 5780 5792
f 5808 5796 5780
f 5809 5505 5504
f 5809 5504 5793
f 5810 5781 5794
f 5810 5797 5781
f 5811 5798 5782
f 5811 5782 5795
f 5812 5783 5796
f 5812 5799 5783
f 5813 5800 5784
f 5813 5784 5797
f 5814 5785 5798
f 5814 5801 5785
f 5815 5802 5786
f 5815 5786 5799
f 5816 5787 5800
f 5816 5803 5787
f 5817 5804 5788
f 5817 5788 5801
f 5818 5805 5789
f 5818 5789 5802
f 5819 5790 5520
f 5819 5806 5790
f 5819 5520 5521
f 5819 5521 5522
f 5820 5807 5791
f 5820 5791 5803
f 5821 5792 5804
f 5821 5808 5792
f 5822 5793 5805
f 5822 5809 5793
f 5823 5794 5806
f 5823 5810 5794
f 5824 5811 5795
f 5824 5795 5807
f 5825 5796 5808
f 5825 5812 5796
f 5826 5797 5810
f 5826 5813 5797
f 5827 5798 5811
f 5827 5814 5798
f 5828 5799 5812
f 5828 5815 5799
f 5829 5800 5813
f 5829 5816 5800
f 5830 5817 5801
f 5830 5801 5814
f 5831 5818 5802
f 5831 5802 5815
f 5832 5820 5803
f 5832 5803 5816
f 5833 5804 5817
f 5833 5821 5804
f 5834 5805 5818
f 5834 5822 5805
f 5835 5806 5819
f 5835 5819 5522
f 5835 5823 5806
f 5835 5522 5523
f 5836 5824 5807
f 5836 5807 5820
f 5837 5808 5821
f 5837 5825 5808
f 5838 5809 5822
f 5838 5506 5505
f 5838 5507 5506
f 5838 5505 5809
f 5839 5810 5823
f 5839 5826 5810
f 5840 5811 5824
f 5840 5827 5811
f 5841 5828 5812
f 5841 5812 5825
f 5842 5829 5813
f 5842 5813 5826
f 5843 5814 5827
f 5843 5830 5814
f 5844 5815 5828
f 5844 5831 5815
f 5845 5832 5816
f 5845 5816 5829
f 5846 5817 5830
f 5846 5833 5817
f 5847 5818 5831
f 5847 5834 5818
f 5848 5820 5832
f 5848 5836 5820
f 5849 5821 5833
f 5849 5837 5821
f 5850 5822 5834
f 5850 5838 5822
f 5851 5823 5835
f 5851 5839 5823
f 5852 5840 5824
f 5852 5824 5836
f 5853 5841 5825
f 5853 5825 5837
f 5854 5508 5507
f 5854 5507 5838
f 5855 5826 5839
f 5855 5842 5826
f 5856 5843 5827
f 5856 5827 5840
f 5857 5844 5828
f 5857 5828 5841
f 5858 5829 5842
f 5858 5845 5829
f 5859 5846 5830
f 5859 5830 5843
f 5860 5831 5844
f 5860 5847 5831
f 5861 5832 5845
f 5861 5848 5832
f 5862 5849 5833
f 5862 5833 5846
f 5863 5850 5834
f 5863 5834 5847
f 5864 5851 5835
f 5864 5523 5524
f 5864 5835 5523
f 5865 5836 5848
f 5865 5852 5836
f 5866 5853 5837
f 5866 5837 5849
f 5867 5854 5838
f 5867 5838 5850
f 5868 5839 5851
f 5868 5855 5839
f 5869 5856 5840
f 5869 5840 5852
f 5870 5857 5841
f 5870 5841 5853
f 5871 5842 5855
f 5871 5858 5842
f 5872 5859 5843
f 5872 5843 5856
f 5873 5844 5857
f 5873 5860 5844
f 5874 5861 5845
f 5874 5845 5858
f 5875 5862 5846
f 5875 5846 5859
f 5876 5863 5847
f 5876 5847 5860
f 5877 5865 5848
f 5877 5848 5861
f 5878 5866 5849
f 5878 5849 5862
f 5879 5867 5850
f 5879 5850 5863
f 5880 5864 5524
f 5880 5524 5525
f 5880 5525 5526
f 5880 5868 5851
f 5880 5851 5864
f 5881 5869 5852
f 5881 5852 5865
f 5882 5853 5866
f 5882 5870 5853
f 5883 5854 5867
f 5883 5509 5508
f 5883 5510 5509
f 5883 5508 5854
f 5884 5855 5868
f 5884 5871 5855
f 5885 5872 5856
f 5885 5856 5869
f 5886 5857 5870
f 5886 5873 5857
f 5887 5874 5858
f 5887 5858 5871
f 5888 5859 5872
f 5888 5875 5859
f 5889 5860 5873
f 5889 5876 5860
f 5890 5877 5861
f 5890 5861 5874
f 5891 5878 5862
f 5891 5862 5875
f 5892 5879 5863
f 5892 5863 5876
f 5893 5865 5877
f 5893 5881 5865
f 5894 5866 5878
f 5894 5882 5866
f 5895 5867 5879
f 5895 5883 5867
f 5896 5884 5868
f 5896 5868 5880
f 5897 5869 5881
f 5897 5885 5869
f 5898 5870 5882
f 5898 5886 5870
f 5899 5511 5510
f 5899 5510 5883
f 5900 5887 5871
f 5900 5871 5884
f 5901 5872 5885
f 5901 5888 5872
f 5902 5873 5886
f 5902 5889 5873
f 5903 5890 5874
f 5903 5874 5887
f 5904 5875 5888
f 5904 5891 5875
f 5905 5876 5889
f 5905 5892 5876
f 5906 5877 5890
f 5906 5893 5877
f 5907 5878 5891
f 5907 5894 5878
f 5908 5879 5892
f 5908 5895 5879
f 5909 5880 5526
f 5909 5526 5527
f 5909 5896 5880
f 5910 5881 5893
f 5910 5897 5881
f 5911 5882 5894
f 5911 5898 5882
f 5912 5883 5895
f 5912 5899 5883
f 5913 5900 5884
f 5913 5884 5896
f 5914 5901 5885
f 5914 5885 5897
f 5915 5886 5898
f 5915 5902 5886
f 5916 5887 5900
f 5916 5903 5887
f 5917 5888 5901
f 5917 5904 5888
f 5918 5889 5902
f 5918 5905 5889
f 5919 5906 5890
f 5919 5890 5903
f 5920 5891 5904
f 5920 5907 5891
f 5921 5908 5892
f 5921 5892 5905
f 5922 5893 5906
f 5922 5910 5893
f 5923 5911 5894
f 5923 5894 5907
f 5924 5912 5895
f 5924 5895 5908
f 5925 5909 5527
f 5925 5913 5896
f 5925 5527 5528
f 5925 5528 5529
f 5925 5896 5909
f 5926 5897 5910
f 5926 5914 5897
f 5927 5915 5898
f 5927 5898 5911
f 5928 5899 5912
f 5928 5512 5511
f 5928 5548 5547
f 5928 5547 5512
f 5928 5511 5899
f 5929 5916 5900
f 5929 5900 5913
f 5930 5901 5914
f 5930 5917 5901
f 5931 5918 5902
f 5931 5902 5915
f 5932 5919 5903
f 5932 5903 5916
f 5933 5904 5917
f 5933 5920 5904
f 5934 5921 5905
f 5934 5905 5918
f 5935 5906 5919
f 5935 5922 5906
f 5936 5923 5907
f 5936 5907 5920
f 5937 5924 5908
f 5937 5908 5921
f 5938 5910 5922
f 5938 5926 5910
f 5939 5911 5923
f 5939 5927 5911
f 5940 5912 5924
f 5940 5549 5548
f 5940 5928 5912
f 5940 5548 5928
f 5941 5929 5913
f 5941 5913 5925
f 5942 5914 5926
f 5942 5930 5914
f 5943 5931 5915
f 5943 5915 5927
f 5944 5916 5929
f 5944 5932 5916
f 5945 5917 5930
f 5945 5933 5917
f 5946 5934 5918
f 5946 5918 5931
f 5947 5919 5932
f 5947 5935 5919
f 5948 5920 5933
f 5948 5936 5920
f 5949 5937 5921
f 5949 5921 5934
f 5950 5938 5922
f 5950 5922 5935
f 5951 5923 5936
f 5951 5939 5923
f 5952 5549 5940
f 5952 5940 5924
f 5952 5924 5937
f 5952 5550 5549
f 5952 5551 5550
f 5953 5925 5529
f 5953 5529 5530
f 5953 5941 5925
f 5954 5926 5938
f 5954 5942 5926
f 5955 5943 5927
f 5955 5927 5939
f 5956 5929 5941
f 5956 5944 5929
f 5957 5930 5942
f 5957 5945 5930
f 5958 5931 5943
f 5958 5946 5931
f 5959 5947 5932
f 5959 5932 5944
f 5960 5933 5945
f 5960 5948 5933
f 5961 5949 5934
f 5961 5934 5946
f 5962 5935 5947
f 5962 5950 5935
f 5963 5951 5936
f 5963 5936 5948
f 5964 5551 5952
f 5964 5952 5937
f 5964 5937 5949
f 5964 5552 5551
f 5965 5954 5938
f 5965 5938 5950
f 5966 5955 5939
f 5966 5939 5951
f 5967 5953 5530
f 5967 5941 5953
f 5967 5530 5531
f 5967 5956 5941
f 5968 5957 5942
f 5968 5942 5954
f 5969 5958 5943
f 5969 5943 5955
f 5970 5944 5956
f 5970 5959 5944
f 5971 5945 5957
f 5971 5960 5945
f 5972 5961 5946
f 5972 5946 5958
f 5973 5962 5947
f 5973 5947 5959
f 5974 5948 5960
f 5974 5963 5948
f 5975 5964 5949
f 5975 5949 5961
f 5975 5552 5964
f 5975 5553 5552
f 5975 5554 5553
f 5976 5965 5950
f 5976 5950 5962
f 5977 5966 5951
f 5977 5951 5963
f 5978 5954 5965
f 5978 5968 5954
f 5979 5969 5955
f 5979 5955 5966
f 5980 5956 5967
f 5980 5970 5956
f 5981 5957 5968
f 5981 5971 5957
f 5982 5958 5969
f 5982 5972 5958
f 5983 5959 5970
f 5983 5973 5959
f 5984 5974 5960
f 5984 5960 5971
f 5985 5975 5961
f 5985 5961 5972
f 5985 5554 5975
f 5985 5555 5554
f 5986 5976 5962
f 5986 5962 5973
f 5987 5977 5963
f 5987 5963 5974
f 5988 5978 5965
f 5988 5965 5976
f 5989 5966 5977
f 5989 5979 5966
f 5990 5980 5967
f 5990 5967 5531
f 5990 5531 5532
f 5990 5532 5533
f 5991 5981 5968
f 5991 5968 5978
f 5992 5982 5969
f 5992 5969 5979
f 5993 5970 5980
f 5993 5983 5970
f 5994 5984 5971
f 5994 5971 5981
f 5995 5972 5982
f 5995 5556 5555
f 5995 5985 5972
f 5995 5555 5985
f 5996 5986 5973
f 5996 5973 5983
f 5997 5987 5974
f 5997 5974 5984
f 5998 5988 5976
f 5998 5976 5986
f 5999 5989 5977
f 5999 5977 5987
f 6000 5991 5978
f 6000 5978 5988
f 6001 5979 5989
f 6001 5992 5979
f 6002 5990 5533
f 6002 5993 5980
f 6002 5533 5534
f 6002 5980 5990
f 6003 5981 5991
f 6003 5994 5981
f 6004 5556 5995
f 6004 5995 5982
f 6004 5557 5556
f 6004 5558 5557
f 6004 5982 5992
f 6005 5996 5983
f 6005 5983 5993
f 6006 5997 5984
f 6006 5984 5994
f 6007 5998 5986
f 6007 5986 5996
f 6008 5987 5997
f 6008 5999 5987
f 6009 5988 5998
f 6009 6000 5988
f 6010 6001 5989
f 6010 5989 5999
f 6011 5991 6000
f 6011 6003 5991
f 6012 5558 6004
f 6012 6004 5992
f 6012 5559 5558
f 6012 5992 6001
f 6013 6005 5993
f 6013 5993 6002
f 6014 6006 5994
f 6014 5994 6003
f 6015 5996 6005
f 6015 6007 5996
f 6016 6008 5997
f 6016 5997 6006
f 6017 6009 5998
f 6017 5998 6007
f 6018 6010 5999
f 6018 5999 6008
f 6019 6000 6009
f 6019 6011 6000
f 6020 6001 6010
f 6020 6012 6001
f 6020 5560 5559
f 6020 5561 5560
f 6020 5559 6012
f 6021 6002 5534
f 6021 5534 5535
f 6021 5535 5536
f 6021 6013 6002
f 6022 6003 6011
f 6022 6014 6003
f 6023 6015 6005
f 6023 6005 6013
f 6024 6016 6006
f 6024 6006 6014
f 6025 6007 6015
f 6025 6017 6007
f 6026 6018 6008
f 6026 6008 6016
f 6027 6009 6017
f 6027 6019 6009
f 6028 5561 6020
f 6028 6020 6010
f 6028 6010 6018
f 6028 5562 5561
f 6029 6022 6011
f 6029 6011 6019
f 6030 6021 5536
f 6030 6013 6021
f 6030 6023 6013
f 6030 5536 5537
f 6031 6024 6014
f 6031 6014 6022
f 6032 6025 6015
f 6032 6015 6023
f 6033 6016 6024
f 6033 6026 6016
f 6034 6027 6017
f 6034 6017 6025
f 6035 6028 6018
f 6035 5562 6028
f 6035 5563 5562
f 6035 6018 6026
f 6036 6019 6027
f 6036 6029 6019
f 6037 6031 6022
f 6037 6022 6029
f 6038 6023 6030
f 6038 6032 6023
f 6039 6024 6031
f 6039 6033 6024
f 6040 6034 6025
f 6040 6025 6032
f 6041 6026 6033
f 6041 5563 6035
f 6041 6035 6026
f 6041 5564 5563
f 6041 5565 5564
f 6042 6027 6034
f 6042 6036 6027
f 6043 6029 6036
f 6043 6037 6029
f 6044 6038 6030
f 6044 6030 5537
f 6044 5537 5538
f 6045 6031 6037
f 6045 6039 6031
f 6046 6032 6038
f 6046 6040 6032
f 6047 6033 6039
f 6047 6041 6033
f 6047 5565 6041
f 6047 5566 5565
f 6048 6034 6040
f 6048 6042 6034
f 6049 6036 6042
f 6049 6043 6036
f 6050 6045 6037
f 6050 6037 6043
f 6051 6046 6038
f 6051 5538 5539
f 6051 6038 6044
f 6051 5539 5540
f 6051 6044 5538
f 6052 6039 6045
f 6052 6047 6039
f 6052 5566 6047
f 6052 5567 5566
f 6052 5568 5567
f 6053 6040 6046
f 6053 6048 6040
f 6054 6042 6048
f 6054 6049 6042
f 6055 6050 6043
f 6055 6043 6049
f 6056 5568 6052
f 6056 6052 6045
f 6056 6045 6050
f 6056 5569 5568
f 6057 6053 6046
f 6057 6046 6051
f 6058 6048 6053
f 6058 6054 6048
f 6059 6055 6049
f 6059 6049 6054
f 6060 6056 6050
f 6060 5569 6056
f 6060 5570 5569
f 6060 6050 6055
f 6061 6057 6051
f 6061 5540 5541
f 6061 6051 5540
f 6062 6053 6057
f 6062 6058 6053
f 6063 6054 6058
f 6063 6059 6054
f 6064 6060 6055
f 6064 6055 6059
f 6064 5570 6060
f 6064 5571 5570
f 6064 5572 5571
f 6065 6057 6061
f 6065 6062 6057
f 6065 6061 5541
f 6065 5541 5542
f 6065 5542 5543
f 6066 6063 6058
f 6066 6058 6062
f 6067 6064 6059
f 6067 5572 6064
f 6067 6059 6063
f 6067 5573 5572
f 6068 6062 6065
f 6068 6066 6062
f 6069 6063 6066
f 6069 6067 6063
f 6069 5573 6067
f 6069 5574 5573
f 6069 5575 5574
f 6070 6065 5543
f 6070 6068 6065
f 6070 5543 5544
f 6071 6066 6068
f 6071 5575 6069
f 6071 6069 6066
f 6071 5576 5575
f 6072 6071 6068
f 6072 6068 6070
f 6072 6070 5544
f 6072 5576 6071
f 6072 5544 5545
f 6072 5545 5577
f 6072 5577 5576
