o mesh
v 0.028000 0.000000 0.000000
v 0.028000 -0.000000 0.037000
v 0.023472 -0.007017 0.040500
v 0.027182 -0.006711 0.037000
v 0.027475 -0.005388 0.037000
v 0.027704 -0.004052 0.037000
v 0.027868 -0.002707 0.037000
v 0.027967 -0.001355 0.037000
v 0.022064 -0.010646 0.040500
v 0.025768 -0.010950 0.037000
v 0.026261 -0.009708 0.037000
v 0.026556 -0.008868 0.037000
v 0.011447 -0.021662 0.040500
v 0.014247 -0.024105 0.037000
v 0.015378 -0.023400 0.037000
v 0.016475 -0.022641 0.037000
v 0.017534 -0.021831 0.037000
v 0.018553 -0.020971 0.037000
v 0.019530 -0.020064 0.037000
v 0.020463 -0.019111 0.037000
v 0.021350 -0.018114 0.037000
v 0.022188 -0.017077 0.037000
v 0.022976 -0.016001 0.037000
v 0.023711 -0.014889 0.037000
v 0.024393 -0.013743 0.037000
v 0.024817 -0.012961 0.037000
v -0.003687 -0.024221 0.040500
v -0.002886 -0.027851 0.037000
v -0.001552 -0.027957 0.037000
v -0.000214 -0.027999 0.037000
v 0.001124 -0.027978 0.037000
v 0.002459 -0.027892 0.037000
v 0.003789 -0.027743 0.037000
v 0.005110 -0.027530 0.037000
v 0.006419 -0.027255 0.037000
v 0.007714 -0.026917 0.037000
v 0.008991 -0.026518 0.037000
v 0.010247 -0.026058 0.037000
v 0.011480 -0.025539 0.037000
v 0.012288 -0.025160 0.037000
v -0.019876 -0.014326 0.040500
v -0.021898 -0.017450 0.037000
v -0.021030 -0.018487 0.037000
v -0.020113 -0.019481 0.037000
v -0.019149 -0.020430 0.037000
v -0.018140 -0.021331 0.037000
v -0.017089 -0.022182 0.037000
v -0.015998 -0.022981 0.037000
v -0.014870 -0.023727 0.037000
v -0.013707 -0.024417 0.037000
v -0.012511 -0.025050 0.037000
v -0.011287 -0.025625 0.037000
v -0.010036 -0.026140 0.037000
v -0.008762 -0.026594 0.037000
v -0.007467 -0.026986 0.037000
v -0.006155 -0.027316 0.037000
v -0.005187 -0.027516 0.037000
v -0.024498 0.000000 0.040500
v -0.027968 -0.001311 0.037000
v -0.027876 -0.002619 0.037000
v -0.027722 -0.003922 0.037000
v -0.027508 -0.005215 0.037000
v -0.027234 -0.006498 0.037000
v -0.026900 -0.007766 0.037000
v -0.026507 -0.009017 0.037000
v -0.026056 -0.010248 0.037000
v -0.025548 -0.011457 0.037000
v -0.024984 -0.012641 0.037000
v -0.024365 -0.013797 0.037000
v -0.023692 -0.014923 0.037000
v -0.023215 -0.015655 0.037000
v -0.024143 0.004161 0.040500
v -0.027781 0.003479 0.037000
v -0.027912 0.002196 0.037000
v -0.027977 0.001099 0.037000
v -0.016950 0.017691 0.040500
v -0.020314 0.019272 0.037000
v -0.021209 0.018281 0.037000
v -0.022057 0.017249 0.037000
v -0.022854 0.016177 0.037000
v -0.023600 0.015069 0.037000
v -0.024291 0.013926 0.037000
v -0.024928 0.012752 0.037000
v -0.025507 0.011548 0.037000
v -0.026029 0.010318 0.037000
v -0.026491 0.009065 0.037000
v -0.026893 0.007791 0.037000
v -0.027234 0.006500 0.037000
v -0.027427 0.005631 0.037000
v -0.014991 0.019380 0.040500
v -0.017901 0.021531 0.037000
v -0.018648 0.020888 0.037000
v -0.003122 0.024300 0.040500
v -0.004793 0.027587 0.037000
v -0.006008 0.027348 0.037000
v -0.007211 0.027056 0.037000
v -0.008400 0.026711 0.037000
v -0.009572 0.026314 0.037000
v -0.010726 0.025865 0.037000
v -0.011859 0.025366 0.037000
v -0.012969 0.024817 0.037000
v -0.014053 0.024219 0.037000
v -0.015110 0.023575 0.037000
v -0.016137 0.022884 0.037000
v 0.011447 0.021662 0.040500
v 0.011929 0.025332 0.037000
v 0.010751 0.025854 0.037000
v 0.009550 0.026322 0.037000
v 0.008328 0.026733 0.037000
v 0.007089 0.027088 0.037000
v 0.005834 0.027386 0.037000
v 0.004568 0.027625 0.037000
v 0.003291 0.027806 0.037000
v 0.002008 0.027928 0.037000
v 0.000720 0.027991 0.037000
v -0.000569 0.027994 0.037000
v -0.001858 0.027939 0.037000
v -0.002714 0.027868 0.037000
v 0.022306 0.010130 0.040500
v 0.024890 0.012821 0.037000
v 0.024226 0.014034 0.037000
v 0.023504 0.015213 0.037000
v 0.022725 0.016355 0.037000
v 0.021890 0.017457 0.037000
v 0.021002 0.018516 0.037000
v 0.020063 0.019531 0.037000
v 0.019075 0.020497 0.037000
v 0.018040 0.021414 0.037000
v 0.016962 0.022278 0.037000
v 0.015842 0.023088 0.037000
v 0.014683 0.023842 0.037000
v 0.013890 0.024312 0.037000
v 0.023629 0.006469 0.040500
v 0.026621 0.008673 0.037000
v 0.026177 0.009933 0.037000
v 0.025847 0.010760 0.037000
v 0.024498 0.000292 0.040500
v 0.027958 0.001525 0.037000
v 0.027868 0.002712 0.037000
v 0.027727 0.003895 0.037000
v 0.027536 0.005071 0.037000
v 0.027295 0.006238 0.037000
v 0.027975 0.001183 0.000000
v 0.027900 0.002364 0.000000
v 0.027775 0.003541 0.000000
v 0.027601 0.004711 0.000000
v 0.027377 0.005873 0.000000
v 0.027105 0.007024 0.000000
v 0.026784 0.008163 0.000000
v 0.026415 0.009287 0.000000
v 0.025999 0.010395 0.000000
v 0.025536 0.011484 0.000000
v 0.025028 0.012553 0.000000
v 0.024476 0.013599 0.000000
v 0.023879 0.014621 0.000000
v 0.023240 0.015617 0.000000
v 0.022560 0.016585 0.000000
v 0.021839 0.017523 0.000000
v 0.021079 0.018430 0.000000
v 0.020281 0.019304 0.000000
v 0.019448 0.020144 0.000000
v 0.018579 0.020948 0.000000
v 0.017678 0.021714 0.000000
v 0.016744 0.022442 0.000000
v 0.015781 0.023129 0.000000
v 0.014790 0.023775 0.000000
v 0.013772 0.024379 0.000000
v 0.012730 0.024939 0.000000
v 0.011665 0.025454 0.000000
v 0.010579 0.025924 0.000000
v 0.009475 0.026348 0.000000
v 0.008353 0.026725 0.000000
v 0.007216 0.027054 0.000000
v 0.006067 0.027335 0.000000
v 0.004907 0.027567 0.000000
v 0.003737 0.027749 0.000000
v 0.002562 0.027883 0.000000
v 0.001381 0.027966 0.000000
v 0.000199 0.027999 0.000000
v -0.000985 0.027983 0.000000
v -0.002166 0.027916 0.000000
v -0.003343 0.027800 0.000000
v -0.004515 0.027634 0.000000
v -0.005678 0.027418 0.000000
v -0.006832 0.027154 0.000000
v -0.007973 0.026841 0.000000
v -0.009100 0.026480 0.000000
v -0.010210 0.026072 0.000000
v -0.011303 0.025617 0.000000
v -0.012375 0.025117 0.000000
v -0.013425 0.024572 0.000000
v -0.014451 0.023982 0.000000
v -0.015452 0.023350 0.000000
v -0.016425 0.022677 0.000000
v -0.017368 0.021963 0.000000
v -0.018280 0.021209 0.000000
v -0.019160 0.020418 0.000000
v -0.020006 0.019590 0.000000
v -0.020815 0.018727 0.000000
v -0.021588 0.017831 0.000000
v -0.022322 0.016903 0.000000
v -0.023016 0.015945 0.000000
v -0.023670 0.014958 0.000000
v -0.024280 0.013945 0.000000
v -0.024848 0.012907 0.000000
v -0.025371 0.011845 0.000000
v -0.025849 0.010763 0.000000
v -0.026280 0.009661 0.000000
v -0.026665 0.008542 0.000000
v -0.027002 0.007408 0.000000
v -0.027291 0.006261 0.000000
v -0.027531 0.005102 0.000000
v -0.027722 0.003934 0.000000
v -0.027864 0.002759 0.000000
v -0.027955 0.001580 0.000000
v -0.027997 0.000397 0.000000
v -0.027989 -0.000786 0.000000
v -0.027931 -0.001968 0.000000
v -0.027823 -0.003146 0.000000
v -0.027665 -0.004319 0.000000
v -0.027458 -0.005484 0.000000
v -0.027202 -0.006639 0.000000
v -0.026897 -0.007782 0.000000
v -0.026544 -0.008912 0.000000
v -0.026144 -0.010025 0.000000
v -0.025697 -0.011121 0.000000
v -0.025204 -0.012197 0.000000
v -0.024666 -0.013251 0.000000
v -0.024084 -0.014281 0.000000
v -0.023459 -0.015286 0.000000
v -0.022793 -0.016263 0.000000
v -0.022085 -0.017212 0.000000
v -0.021338 -0.018129 0.000000
v -0.020553 -0.019015 0.000000
v -0.019732 -0.019866 0.000000
v -0.018875 -0.020682 0.000000
v -0.017984 -0.021461 0.000000
v -0.017061 -0.022202 0.000000
v -0.016108 -0.022903 0.000000
v -0.015126 -0.023563 0.000000
v -0.014117 -0.024181 0.000000
v -0.013083 -0.024756 0.000000
v -0.012025 -0.025286 0.000000
v -0.010946 -0.025772 0.000000
v -0.009847 -0.026211 0.000000
v -0.008731 -0.026604 0.000000
v -0.007599 -0.026949 0.000000
v -0.006454 -0.027246 0.000000
v -0.005297 -0.027494 0.000000
v -0.004131 -0.027694 0.000000
v -0.002957 -0.027843 0.000000
v -0.001778 -0.027943 0.000000
v -0.000596 -0.027994 0.000000
v 0.000588 -0.027994 0.000000
v 0.001770 -0.027944 0.000000
v 0.002949 -0.027844 0.000000
v 0.004123 -0.027695 0.000000
v 0.005289 -0.027496 0.000000
v 0.006446 -0.027248 0.000000
v 0.007591 -0.026951 0.000000
v 0.008723 -0.026606 0.000000
v 0.009840 -0.026214 0.000000
v 0.010938 -0.025775 0.000000
v 0.012018 -0.025290 0.000000
v 0.013075 -0.024760 0.000000
v 0.014110 -0.024185 0.000000
v 0.015119 -0.023567 0.000000
v 0.016101 -0.022907 0.000000
v 0.017055 -0.022207 0.000000
v 0.017978 -0.021466 0.000000
v 0.018868 -0.020688 0.000000
v 0.019726 -0.019872 0.000000
v 0.020548 -0.019021 0.000000
v 0.021333 -0.018136 0.000000
v 0.022080 -0.017218 0.000000
v 0.022788 -0.016270 0.000000
v 0.023455 -0.015293 0.000000
v 0.024080 -0.014288 0.000000
v 0.024662 -0.013258 0.000000
v 0.025200 -0.012204 0.000000
v 0.025694 -0.011128 0.000000
v 0.026141 -0.010033 0.000000
v 0.026541 -0.008920 0.000000
v 0.026895 -0.007790 0.000000
v 0.027200 -0.006647 0.000000
v 0.027456 -0.005492 0.000000
v 0.027664 -0.004327 0.000000
v 0.027822 -0.003154 0.000000
v 0.027930 -0.001976 0.000000
v 0.027983 -0.000989 0.000000
v 0.025884 0.010678 0.007920
v 0.026104 0.010128 0.007920
v 0.025653 0.011222 0.007920
v 0.025410 0.011762 0.007920
v 0.025156 0.012296 0.007920
v 0.021647 0.017760 0.007920
v 0.021267 0.018214 0.007920
v 0.015274 0.023467 0.007920
v 0.026452 0.009182 0.027633
v 0.026641 0.008617 0.027633
v 0.014774 0.023785 0.007920
v 0.026250 0.009743 0.027633
v 0.014269 0.024092 0.007920
v 0.026037 0.010299 0.027633
v 0.025812 0.010850 0.027633
v 0.025576 0.011397 0.027633
v 0.025296 0.012004 0.027633
v 0.025003 0.012604 0.027633
v 0.008898 0.026548 0.007920
v 0.008335 0.026731 0.007920
v 0.007769 0.026901 0.007920
v 0.021920 0.017422 0.027633
v 0.021483 0.017958 0.027633
v 0.021033 0.018483 0.027633
v -0.000125 0.028000 0.007920
v -0.000716 0.027991 0.007920
v 0.014974 0.023660 0.027633
v 0.014385 0.024022 0.027633
v -0.007145 0.027073 0.007920
v -0.007715 0.026916 0.007920
v 0.008785 0.026586 0.027633
v 0.008171 0.026781 0.027633
v -0.014986 0.023652 0.007920
v -0.015482 0.023330 0.007920
v -0.015972 0.022998 0.007920
v 0.000295 0.027998 0.027633
v -0.000350 0.027998 0.027633
v -0.000994 0.027982 0.027633
v -0.020440 0.019136 0.007920
v -0.020840 0.018700 0.007920
v -0.021231 0.018256 0.007920
v -0.006815 0.027158 0.027633
v -0.007413 0.027001 0.027633
v -0.008008 0.026830 0.027633
v -0.025514 0.011535 0.007920
v -0.025752 0.010993 0.007920
v -0.015243 0.023487 0.027633
v -0.015758 0.023145 0.027633
v -0.027591 0.004765 0.007920
v -0.027686 0.004181 0.007920
v -0.020745 0.018805 0.027633
v -0.021188 0.018305 0.027633
v -0.027743 -0.003788 0.007920
v -0.027656 -0.004373 0.007920
v -0.027558 -0.004957 0.007920
v -0.025487 0.011594 0.027633
v -0.025756 0.010983 0.027633
v -0.025905 -0.010627 0.007920
v -0.025675 -0.011172 0.007920
v -0.025433 -0.011712 0.007920
v -0.027537 0.005069 0.027633
v -0.027631 0.004528 0.027633
v -0.027715 0.003985 0.027633
v -0.021103 -0.018403 0.007920
v -0.020710 -0.018844 0.007920
v -0.027715 -0.003985 0.027633
v -0.027614 -0.004633 0.027633
v -0.015812 -0.023108 0.007920
v -0.015320 -0.023437 0.007920
v -0.025785 -0.010915 0.027633
v -0.025522 -0.011515 0.027633
v -0.008097 -0.026804 0.007920
v -0.007528 -0.026969 0.007920
v -0.006957 -0.027122 0.007920
v -0.021244 -0.018239 0.027633
v -0.020957 -0.018569 0.027633
v -0.020664 -0.018894 0.027633
v -0.001113 -0.027978 0.007920
v -0.000522 -0.027995 0.007920
v 0.000070 -0.028000 0.007920
v -0.016104 -0.022906 0.027633
v -0.015546 -0.023288 0.027633
v -0.014979 -0.023657 0.027633
v 0.007955 -0.026846 0.007920
v 0.008521 -0.026672 0.007920
v -0.007707 -0.026918 0.027633
v -0.007054 -0.027097 0.027633
v 0.014436 -0.023992 0.007920
v 0.014939 -0.023682 0.007920
v -0.000768 -0.027989 0.027633
v -0.000099 -0.028000 0.027633
v 0.021006 -0.018513 0.007920
v 0.021393 -0.018065 0.007920
v 0.021769 -0.017609 0.007920
v 0.007793 -0.026894 0.027633
v 0.008434 -0.026700 0.027633
v 0.024979 -0.012652 0.007920
v 0.025240 -0.012121 0.007920
v 0.025491 -0.011585 0.007920
v 0.025730 -0.011044 0.007920
v 0.025958 -0.010498 0.007920
v 0.014124 -0.024177 0.027633
v 0.026174 -0.009947 0.007920
v 0.014696 -0.023833 0.027633
v 0.015259 -0.023477 0.027633
v 0.021255 -0.018227 0.027633
v 0.021683 -0.017715 0.027633
v 0.025056 -0.012497 0.027633
v 0.025252 -0.012097 0.027633
v 0.025442 -0.011693 0.027633
v 0.025717 -0.011074 0.027633
v 0.025977 -0.010449 0.027633
v 0.026223 -0.009817 0.027633
v 0.026453 -0.009179 0.027633
v 0.026667 -0.008536 0.027633
v 0.027715 0.003985 0.003685
v 0.027625 0.004570 0.003685
v 0.026866 0.007889 0.007920
v 0.027522 0.005152 0.003685
v 0.026509 0.009017 0.007920
v 0.026693 0.008454 0.007920
v 0.026312 0.009575 0.007920
v 0.023560 0.015130 0.007920
v 0.027715 0.003985 0.020999
v 0.025470 0.011632 0.012815
v 0.025345 0.011900 0.012815
v 0.025218 0.012167 0.012815
v 0.025088 0.012433 0.012815
v 0.024956 0.012697 0.012815
v 0.018458 0.021055 0.007920
v 0.018336 0.021161 0.018480
v 0.027715 0.003985 0.032385
v 0.026866 0.007889 0.027633
v 0.027691 0.004150 0.032385
v 0.025470 0.011632 0.022935
v 0.025435 0.011708 0.022935
v 0.025309 0.011977 0.022935
v 0.027596 0.004738 0.032385
v 0.026818 0.008049 0.027633
v 0.025180 0.012246 0.022935
v 0.025048 0.012513 0.022935
v 0.021161 0.018336 0.018480
v 0.023555 0.015138 0.018480
v 0.011648 0.025462 0.007920
v 0.011632 0.025470 0.018480
v 0.023585 0.015092 0.027633
v 0.015138 0.023555 0.018480
v 0.003861 0.027732 0.007920
v 0.003985 0.027715 0.018480
v 0.018189 0.021288 0.027633
v 0.007889 0.026866 0.018480
v -0.003957 0.027719 0.007920
v -0.003985 0.027715 0.018480
v 0.011656 0.025459 0.027633
v 0.000000 0.028000 0.018480
v -0.011468 0.025544 0.007920
v -0.011632 0.025470 0.018480
v 0.004276 0.027672 0.027633
v -0.007889 0.026866 0.018480
v -0.018308 0.021185 0.007920
v -0.018336 0.021161 0.018480
v -0.003926 0.027723 0.027633
v -0.015138 0.023555 0.018480
v -0.023612 0.015048 0.007920
v -0.023555 0.015138 0.018480
v -0.011745 0.025418 0.027633
v -0.021161 0.018336 0.018480
v -0.026853 0.007933 0.007920
v -0.026866 0.007889 0.018480
v -0.018380 0.021123 0.027633
v -0.025470 0.011632 0.018480
v -0.027999 0.000199 0.007920
v -0.028000 -0.000000 0.018480
v -0.023577 0.015103 0.027633
v -0.027715 0.003985 0.018480
v -0.026881 -0.007835 0.007920
v -0.026866 -0.007889 0.018480
v -0.026810 0.008075 0.027633
v -0.027715 -0.003985 0.018480
v -0.023507 -0.015212 0.007920
v -0.023555 -0.015138 0.018480
v -0.028000 0.000000 0.027633
v -0.025470 -0.011632 0.018480
v -0.018385 -0.021119 0.007920
v -0.018336 -0.021161 0.018480
v -0.026884 -0.007827 0.027633
v -0.021161 -0.018336 0.018480
v -0.011829 -0.025379 0.007920
v -0.011632 -0.025470 0.018480
v -0.023624 -0.015030 0.027633
v -0.015138 -0.023555 0.018480
v -0.004058 -0.027704 0.007920
v -0.003985 -0.027715 0.018480
v -0.018493 -0.021024 0.027633
v -0.007889 -0.026866 0.018480
v 0.004054 -0.027705 0.007920
v 0.003985 -0.027715 0.018480
v -0.011459 -0.025548 0.027633
v 0.000000 -0.028000 0.018480
v 0.011556 -0.025504 0.007920
v 0.011632 -0.025470 0.018480
v -0.003937 -0.027722 0.027633
v 0.007889 -0.026866 0.018480
v 0.018157 -0.021314 0.007920
v 0.018336 -0.021161 0.018480
v 0.003887 -0.027729 0.027633
v 0.015138 -0.023555 0.018480
v 0.023505 -0.015215 0.007920
v 0.011349 -0.025597 0.027633
v 0.027557 -0.004961 0.003685
v 0.026378 -0.009392 0.007920
v 0.026571 -0.008832 0.007920
v 0.026722 -0.008362 0.007920
v 0.026866 -0.007889 0.007920
v 0.027640 -0.004474 0.003685
v 0.027715 -0.003985 0.003685
v 0.021161 -0.018336 0.018480
v 0.023555 -0.015138 0.018480
v 0.025131 -0.012346 0.012815
v 0.024999 -0.012611 0.012815
v 0.025260 -0.012080 0.012815
v 0.025366 -0.011856 0.012815
v 0.025470 -0.011632 0.012815
v 0.018445 -0.021066 0.027633
v 0.025181 -0.012245 0.022935
v 0.025031 -0.012549 0.022935
v 0.025327 -0.011939 0.022935
v 0.023515 -0.015200 0.027633
v 0.025470 -0.011632 0.022935
v 0.027715 -0.003985 0.020999
v 0.027610 -0.004654 0.032385
v 0.026866 -0.007889 0.027633
v 0.027715 -0.003985 0.032385
v 0.026866 0.007889 0.016702
v 0.023438 0.015318 0.010278
v 0.026866 0.007889 0.021961
v 0.023230 0.015632 0.015544
v 0.023518 -0.015196 0.010278
v 0.023257 -0.015592 0.015544
v 0.026866 -0.007889 0.016702
v 0.026866 -0.007889 0.021961
v 0.025470 0.011632 0.017581
v 0.025470 -0.011632 0.017581
v 0.020988 -0.000702 0.044000
v 0.020935 -0.001653 0.044000
v 0.020838 -0.002601 0.044000
v 0.020698 -0.003543 0.044000
v 0.020516 -0.004478 0.044000
v 0.020332 -0.005250 0.044000
v 0.027538 -0.004369 0.038274
v 0.027424 -0.005034 0.038274
v 0.027636 -0.003701 0.038274
v 0.027717 -0.003031 0.038274
v 0.027307 -0.003321 0.039577
v 0.027379 -0.002659 0.039577
v 0.027752 -0.002695 0.038274
v 0.027783 -0.002359 0.038274
v 0.027436 -0.001996 0.039577
v 0.027832 -0.001686 0.038274
v 0.027476 -0.001331 0.039577
v 0.027850 -0.001349 0.038274
v 0.027865 -0.001012 0.038274
v 0.027500 -0.000666 0.039577
v 0.027881 -0.000337 0.038274
v 0.022060 -0.003074 0.043883
v 0.021984 -0.003574 0.043883
v 0.022124 -0.002573 0.043883
v 0.023440 -0.002528 0.043509
v 0.022177 -0.002071 0.043883
v 0.023492 -0.001996 0.043508
v 0.022199 -0.001819 0.043883
v 0.022218 -0.001568 0.043883
v 0.023531 -0.001463 0.043508
v 0.022248 -0.001063 0.043883
v 0.023558 -0.000929 0.043509
v 0.022259 -0.000811 0.043883
v 0.022267 -0.000558 0.043883
v 0.023573 -0.000394 0.043509
v 0.027018 -0.006883 0.038274
v 0.026604 -0.006987 0.039577
v 0.026687 -0.006664 0.039577
v 0.027060 -0.006719 0.038274
v 0.027091 -0.006591 0.038274
v 0.026749 -0.006412 0.039577
v 0.027128 -0.005737 0.038926
v 0.027412 -0.004179 0.038926
v 0.027072 -0.004874 0.039577
v 0.026647 -0.005541 0.040215
v 0.026920 -0.004010 0.040215
v 0.027133 -0.002139 0.040215
v 0.027105 -0.002467 0.040215
v 0.027157 -0.001810 0.040215
v 0.026810 -0.001624 0.040830
v 0.027177 -0.001482 0.040215
v 0.026827 -0.001300 0.040830
v 0.027186 -0.001317 0.040215
v 0.027728 0.000290 0.038926
v 0.027509 0.000000 0.039577
v 0.027193 -0.001153 0.040215
v 0.026841 -0.000975 0.040830
v 0.027205 -0.000823 0.040215
v 0.026851 -0.000650 0.040830
v 0.027210 -0.000659 0.040215
v 0.027213 -0.000494 0.040215
v 0.026857 -0.000325 0.040830
v 0.021538 -0.005670 0.043883
v 0.021484 -0.005873 0.043883
v 0.022770 -0.006109 0.043509
v 0.022842 -0.005833 0.043509
v 0.027217 -0.000165 0.040215
v 0.026859 0.000000 0.040830
v 0.021572 -0.005539 0.043883
v 0.027218 0.000000 0.040215
v 0.021598 -0.005437 0.043883
v 0.022896 -0.005617 0.043509
v 0.021697 -0.005028 0.043883
v 0.022998 -0.005183 0.043509
v 0.026422 -0.000800 0.041412
v 0.023257 -0.003862 0.043509
v 0.023985 -0.003324 0.043218
v 0.023756 -0.004687 0.043218
v 0.021744 -0.004823 0.043883
v 0.026427 -0.000640 0.041412
v 0.026430 -0.000480 0.041412
v 0.026433 -0.000320 0.041412
v 0.026434 -0.000160 0.041412
v 0.025950 0.000000 0.041950
v 0.026434 0.000000 0.041412
v 0.025403 -0.000682 0.042434
v 0.024808 -0.001052 0.042859
v 0.024818 -0.000771 0.042859
v 0.024826 -0.000489 0.042859
v 0.025406 -0.000538 0.042434
v 0.025409 -0.000394 0.042434
v 0.024830 -0.000207 0.042859
v 0.024157 -0.001675 0.043218
v 0.024136 -0.001949 0.043218
v 0.025411 -0.000250 0.042434
v 0.025412 -0.000106 0.042434
v 0.024174 -0.001401 0.043218
v 0.024795 -0.001333 0.042859
v 0.024189 -0.001127 0.043218
v 0.024195 -0.000990 0.043218
v 0.024200 -0.000853 0.043218
v 0.024208 -0.000578 0.043218
v 0.024211 -0.000441 0.043218
v 0.024213 -0.000303 0.043218
v 0.024215 -0.000029 0.043218
v 0.024830 0.000074 0.042859
v 0.023576 0.000141 0.043509
v 0.024215 0.000108 0.043218
v 0.024214 0.000181 0.043218
v 0.024214 0.000253 0.043218
v 0.026585 -0.007879 0.038926
v 0.026844 -0.007535 0.038274
v 0.026211 -0.007328 0.040215
v 0.025838 -0.007327 0.040830
v 0.025925 -0.007013 0.040830
v 0.026427 -0.007629 0.039577
v 0.026298 -0.007010 0.040215
v 0.026008 -0.006699 0.040830
v 0.026340 -0.006851 0.040215
v 0.026381 -0.006691 0.040215
v 0.026048 -0.006542 0.040830
v 0.026401 -0.006611 0.040215
v 0.026417 -0.006549 0.040215
v 0.026079 -0.006418 0.040830
v 0.026447 -0.006424 0.040215
v 0.026139 -0.006172 0.040830
v 0.026477 -0.006299 0.040215
v 0.025447 -0.007151 0.041412
v 0.025413 -0.007271 0.041412
v 0.025490 -0.006997 0.041412
v 0.025573 -0.006688 0.041412
v 0.024997 -0.006961 0.041950
v 0.025158 -0.006353 0.041950
v 0.025613 -0.006533 0.041412
v 0.025632 -0.006455 0.041412
v 0.025648 -0.006395 0.041412
v 0.025707 -0.006152 0.041412
v 0.025274 -0.005877 0.041950
v 0.026794 -0.004777 0.040215
v 0.026449 -0.004669 0.040830
v 0.026304 -0.005423 0.040830
v 0.025898 -0.005293 0.041412
v 0.025736 -0.006030 0.041412
v 0.024463 -0.006874 0.042434
v 0.023887 -0.006773 0.042859
v 0.023950 -0.006547 0.042859
v 0.024495 -0.006758 0.042434
v 0.024536 -0.006610 0.042434
v 0.024027 -0.006257 0.042859
v 0.024614 -0.006313 0.042434
v 0.024065 -0.006111 0.042859
v 0.024633 -0.006238 0.042434
v 0.024647 -0.006180 0.042434
v 0.024094 -0.005998 0.042859
v 0.024676 -0.006063 0.042434
v 0.024149 -0.005770 0.042859
v 0.024733 -0.005830 0.042434
v 0.024203 -0.005541 0.042859
v 0.027024 -0.003240 0.040215
v 0.026673 -0.003152 0.040830
v 0.026572 -0.003912 0.040830
v 0.026158 -0.003806 0.041412
v 0.026039 -0.004551 0.041412
v 0.025569 -0.004425 0.041950
v 0.025432 -0.005153 0.041950
v 0.024913 -0.005004 0.042434
v 0.024760 -0.005713 0.042434
v 0.023279 -0.006660 0.043218
v 0.023215 -0.006880 0.043218
v 0.022650 -0.006538 0.043509
v 0.023341 -0.006440 0.043218
v 0.023371 -0.006330 0.043218
v 0.023409 -0.006188 0.043218
v 0.023446 -0.006046 0.043218
v 0.027933 0.000313 0.037950
v 0.027883 0.000000 0.038274
v 0.027883 0.000083 0.038274
v 0.027882 0.000250 0.038274
v 0.023465 -0.005975 0.043218
v 0.023479 -0.005920 0.043218
v 0.023506 -0.005809 0.043218
v 0.023534 -0.005698 0.043218
v 0.023586 -0.005475 0.043218
v 0.026752 -0.002389 0.040830
v 0.026333 -0.002307 0.041412
v 0.026256 -0.003058 0.041412
v 0.025780 -0.002958 0.041950
v 0.025685 -0.003693 0.041950
v 0.025159 -0.003573 0.042434
v 0.025046 -0.004290 0.042434
v 0.024480 -0.004151 0.042859
v 0.024351 -0.004848 0.042859
v 0.023612 -0.005364 0.043218
v 0.027371 0.000265 0.039898
v 0.027218 0.000041 0.040215
v 0.027218 0.000122 0.040215
v 0.027217 0.000203 0.040215
v 0.026389 -0.001554 0.041412
v 0.025907 -0.001481 0.041950
v 0.025854 -0.002220 0.041950
v 0.025322 -0.002131 0.042434
v 0.025251 -0.002854 0.042434
v 0.024678 -0.002746 0.042859
v 0.024589 -0.003450 0.042859
v 0.023880 -0.004007 0.043218
v 0.027217 0.000244 0.040215
v 0.027045 0.000303 0.040526
v 0.026859 0.000080 0.040830
v 0.026858 0.000240 0.040830
v 0.025939 -0.000741 0.041950
v 0.025373 -0.001407 0.042434
v 0.024746 -0.002041 0.042859
v 0.024070 -0.002637 0.043218
v 0.025686 0.000211 0.042199
v 0.025412 0.000038 0.042434
v 0.025412 0.000114 0.042434
v 0.023251 0.000226 0.043628
v 0.022598 0.000253 0.043815
v 0.022274 -0.000053 0.043883
v 0.022273 0.000199 0.043883
v 0.026772 -0.007969 0.037950
v 0.026750 -0.007859 0.038274
v 0.026251 -0.007746 0.039898
v 0.026130 -0.007610 0.040215
v 0.026166 -0.007486 0.040215
v 0.026112 -0.007672 0.040215
v 0.025921 -0.007715 0.040526
v 0.025768 -0.007570 0.040830
v 0.025144 -0.007355 0.041687
v 0.025378 -0.007391 0.041412
v 0.024930 -0.007196 0.041950
v 0.024913 -0.007255 0.041950
v 0.024896 -0.007314 0.041950
v 0.024635 -0.007269 0.042199
v 0.024430 -0.006990 0.042434
v 0.024397 -0.007105 0.042434
v 0.022300 -0.006580 0.043628
v 0.021659 -0.006447 0.043815
v 0.021369 -0.006278 0.043883
v 0.027773 0.000321 0.038763
v 0.027626 0.000309 0.039252
v 0.027508 0.000164 0.039577
v 0.027507 0.000246 0.039577
v 0.027441 0.000297 0.039738
v 0.025818 0.000279 0.042076
v 0.025686 0.000249 0.042199
v 0.025949 0.000155 0.041950
v 0.025125 0.000281 0.042655
v 0.024978 0.000252 0.042759
v 0.024830 0.000148 0.042859
v 0.024829 0.000222 0.042859
v 0.024370 0.000282 0.043135
v 0.023413 0.000253 0.043570
v 0.021788 0.000252 0.043955
v 0.026614 -0.007939 0.038763
v 0.026478 -0.007881 0.039252
v 0.026391 -0.007753 0.039577
v 0.026305 -0.007813 0.039738
v 0.024750 -0.007351 0.042076
v 0.024080 -0.007167 0.042655
v 0.023952 -0.007083 0.042759
v 0.023855 -0.006886 0.042859
v 0.023822 -0.006999 0.042859
v 0.023353 -0.006966 0.043135
v 0.022444 -0.006666 0.043570
v 0.027944 0.000328 0.037869
v 0.020878 -0.006228 0.043955
v 0.027474 0.000313 0.039657
v 0.027370 0.000306 0.039898
v 0.027089 0.000318 0.040449
v 0.026545 0.000307 0.041270
v 0.026434 0.000039 0.041412
v 0.026434 0.000118 0.041412
v 0.026489 0.000292 0.041342
v 0.026434 0.000197 0.041412
v 0.026433 0.000276 0.041412
v 0.026198 0.000293 0.041687
v 0.025949 0.000232 0.041950
v 0.025884 0.000295 0.042013
v 0.023494 0.000267 0.043540
v 0.023088 0.000267 0.043681
v 0.022680 0.000267 0.043795
v 0.026775 -0.007995 0.037869
v 0.026330 -0.007845 0.039657
v 0.026232 -0.007808 0.039898
v 0.025957 -0.007751 0.040449
v 0.025437 -0.007588 0.041270
v 0.025390 -0.007549 0.041342
v 0.025343 -0.007511 0.041412
v 0.025109 -0.007474 0.041687
v 0.024806 -0.007391 0.042013
v 0.022516 -0.006709 0.043540
v 0.022124 -0.006599 0.043681
v 0.021731 -0.006489 0.043795
v 0.027783 0.000329 0.038722
v 0.027653 0.000325 0.039171
v 0.027491 0.000321 0.039617
v 0.025916 0.000302 0.041982
v 0.025549 0.000295 0.042319
v 0.025411 0.000190 0.042434
v 0.025411 0.000265 0.042434
v 0.025197 0.000296 0.042601
v 0.025161 0.000289 0.042628
v 0.024409 0.000289 0.043113
v 0.023535 0.000274 0.043524
v 0.021828 0.000259 0.043951
v 0.026620 -0.007953 0.038722
v 0.026497 -0.007912 0.039171
v 0.026342 -0.007862 0.039617
v 0.024833 -0.007412 0.041982
v 0.024483 -0.007303 0.042319
v 0.024363 -0.007220 0.042434
v 0.024112 -0.007188 0.042628
v 0.024143 -0.007209 0.042601
v 0.023387 -0.006987 0.043113
v 0.022552 -0.006731 0.043524
v 0.027946 0.000332 0.037849
v 0.020914 -0.006249 0.043951
v 0.027499 0.000324 0.039597
v 0.027100 0.000322 0.040430
v 0.026558 0.000311 0.041253
v 0.026572 0.000315 0.041235
v 0.026258 0.000309 0.041619
v 0.025932 0.000306 0.041966
v 0.023555 0.000278 0.043516
v 0.023128 0.000274 0.043668
v 0.022700 0.000270 0.043790
v 0.026776 -0.008002 0.037849
v 0.026348 -0.007870 0.039597
v 0.025965 -0.007760 0.040430
v 0.025448 -0.007597 0.041253
v 0.025460 -0.007607 0.041235
v 0.025160 -0.007513 0.041619
v 0.024847 -0.007422 0.041966
v 0.022569 -0.006741 0.043516
v 0.022160 -0.006621 0.043668
v 0.021749 -0.006500 0.043790
v 0.027785 0.000331 0.038712
v 0.027660 0.000329 0.039150
v 0.027503 0.000326 0.039587
v 0.025940 0.000308 0.041958
v 0.025583 0.000303 0.042289
v 0.025206 0.000298 0.042594
v 0.025215 0.000300 0.042587
v 0.024418 0.000291 0.043108
v 0.023565 0.000280 0.043513
v 0.021838 0.000260 0.043950
v 0.026622 -0.007957 0.038712
v 0.026501 -0.007920 0.039150
v 0.026351 -0.007874 0.039587
v 0.024854 -0.007427 0.041958
v 0.024513 -0.007324 0.042289
v 0.024159 -0.007220 0.042587
v 0.024151 -0.007215 0.042594
v 0.023396 -0.006993 0.043108
v 0.022578 -0.006747 0.043513
v 0.027947 0.000333 0.037844
v 0.020923 -0.006254 0.043950
v 0.027505 0.000327 0.039582
v 0.027103 0.000323 0.040425
v 0.026579 0.000317 0.041226
v 0.026575 0.000316 0.041230
v 0.026272 0.000312 0.041602
v 0.025944 0.000309 0.041954
v 0.023570 0.000281 0.043511
v 0.023139 0.000276 0.043665
v 0.022705 0.000271 0.043789
v 0.026776 -0.008004 0.037844
v 0.026353 -0.007876 0.039582
v 0.025968 -0.007762 0.040425
v 0.025466 -0.007611 0.041226
v 0.025463 -0.007609 0.041230
v 0.025172 -0.007523 0.041602
v 0.024857 -0.007429 0.041954
v 0.022583 -0.006749 0.043511
v 0.022169 -0.006626 0.043665
v 0.021754 -0.006503 0.043789
v 0.027786 0.000332 0.038709
v 0.027661 0.000330 0.039145
v 0.027506 0.000328 0.039579
v 0.025946 0.000309 0.041952
v 0.025592 0.000305 0.042282
v 0.025219 0.000301 0.042584
v 0.025217 0.000300 0.042586
v 0.024421 0.000291 0.043106
v 0.023572 0.000281 0.043510
v 0.021840 0.000261 0.043949
v 0.019326 -0.008212 0.044000
v 0.019695 -0.007281 0.044000
v 0.019917 -0.006651 0.044000
v 0.025584 -0.011082 0.038274
v 0.025163 -0.011109 0.039577
v 0.025379 -0.010606 0.039577
v 0.025692 -0.010827 0.038274
v 0.025820 -0.010520 0.038274
v 0.025625 -0.009998 0.039577
v 0.026063 -0.009901 0.038274
v 0.025819 -0.009486 0.039577
v 0.026161 -0.009642 0.038274
v 0.026236 -0.009433 0.038274
v 0.025966 -0.009075 0.039577
v 0.026383 -0.009015 0.038274
v 0.026107 -0.008660 0.039577
v 0.026454 -0.008805 0.038274
v 0.020437 -0.008853 0.043883
v 0.021567 -0.009521 0.043509
v 0.020220 -0.009338 0.043883
v 0.021752 -0.009090 0.043509
v 0.020524 -0.008649 0.043883
v 0.020626 -0.008404 0.043883
v 0.021962 -0.008569 0.043509
v 0.020820 -0.007909 0.043883
v 0.022128 -0.008131 0.043509
v 0.020898 -0.007702 0.043883
v 0.020958 -0.007536 0.043883
v 0.022255 -0.007778 0.043509
v 0.021076 -0.007201 0.043883
v 0.022376 -0.007423 0.043509
v 0.021132 -0.007033 0.043883
v 0.025003 -0.011987 0.038926
v 0.025312 -0.011690 0.038274
v 0.024725 -0.011374 0.040215
v 0.024360 -0.011309 0.040830
v 0.024493 -0.011017 0.040830
v 0.024657 -0.011521 0.040215
v 0.024891 -0.011706 0.039577
v 0.024859 -0.011078 0.040215
v 0.024968 -0.010830 0.040215
v 0.024707 -0.010528 0.040830
v 0.025074 -0.010582 0.040215
v 0.024811 -0.010282 0.040830
v 0.025127 -0.010457 0.040215
v 0.025189 -0.010307 0.040215
v 0.024931 -0.009985 0.040830
v 0.024002 -0.011070 0.041412
v 0.023947 -0.011189 0.041412
v 0.025310 -0.010006 0.040215
v 0.024068 -0.010927 0.041412
v 0.023589 -0.010809 0.041950
v 0.025408 -0.009754 0.040215
v 0.025125 -0.009488 0.040830
v 0.024175 -0.010687 0.041412
v 0.024000 -0.009862 0.041950
v 0.025504 -0.009500 0.040215
v 0.025218 -0.009237 0.040830
v 0.026506 -0.008139 0.038926
v 0.026591 -0.008383 0.038274
v 0.025551 -0.009374 0.040215
v 0.025588 -0.009272 0.040215
v 0.025291 -0.009037 0.040830
v 0.024383 -0.010204 0.041412
v 0.025661 -0.009068 0.040215
v 0.025362 -0.008835 0.040830
v 0.024433 -0.010083 0.041412
v 0.025696 -0.008966 0.040215
v 0.026234 -0.008270 0.039577
v 0.024493 -0.009937 0.041412
v 0.025767 -0.008761 0.040215
v 0.024591 -0.009693 0.041412
v 0.024373 -0.008900 0.041950
v 0.023137 -0.010504 0.042434
v 0.022520 -0.010455 0.042859
v 0.022643 -0.010185 0.042859
v 0.023074 -0.010642 0.042434
v 0.025895 -0.008376 0.040215
v 0.025614 -0.008075 0.040830
v 0.023240 -0.010274 0.042434
v 0.022841 -0.009733 0.042859
v 0.024779 -0.009202 0.041412
v 0.024824 -0.009079 0.041412
v 0.024860 -0.008980 0.041412
v 0.024896 -0.008881 0.041412
v 0.023440 -0.009810 0.042434
v 0.022937 -0.009505 0.042859
v 0.023488 -0.009693 0.042434
v 0.021885 -0.010359 0.043218
v 0.021834 -0.010468 0.043218
v 0.021333 -0.010033 0.043509
v 0.023546 -0.009553 0.042434
v 0.023049 -0.009231 0.042859
v 0.025025 -0.008509 0.041412
v 0.024628 -0.008170 0.041950
v 0.021936 -0.010250 0.043218
v 0.021997 -0.010119 0.043218
v 0.023640 -0.009318 0.042434
v 0.023227 -0.008771 0.042859
v 0.025149 -0.008135 0.041412
v 0.022116 -0.009856 0.043218
v 0.023820 -0.008846 0.042434
v 0.023314 -0.008540 0.042859
v 0.022213 -0.009636 0.043218
v 0.023864 -0.008728 0.042434
v 0.023899 -0.008633 0.042434
v 0.023381 -0.008354 0.042859
v 0.022308 -0.009414 0.043218
v 0.023933 -0.008538 0.042434
v 0.023446 -0.008168 0.042859
v 0.022354 -0.009303 0.043218
v 0.022410 -0.009170 0.043218
v 0.024057 -0.008180 0.042434
v 0.022517 -0.008902 0.043218
v 0.022605 -0.008677 0.043218
v 0.022690 -0.008452 0.043218
v 0.022732 -0.008339 0.043218
v 0.023566 -0.007817 0.042859
v 0.022765 -0.008249 0.043218
v 0.022829 -0.008068 0.043218
v 0.022861 -0.007977 0.043218
v 0.022924 -0.007795 0.043218
v 0.023038 -0.007452 0.043218
v 0.023680 -0.007465 0.042859
v 0.025173 -0.012107 0.037950
v 0.025171 -0.011991 0.038274
v 0.024695 -0.011801 0.039898
v 0.024599 -0.011643 0.040215
v 0.024372 -0.011722 0.040526
v 0.024246 -0.011550 0.040830
v 0.026733 -0.008100 0.037950
v 0.023202 -0.011017 0.042199
v 0.023481 -0.011043 0.041950
v 0.023021 -0.010757 0.042434
v 0.022967 -0.010871 0.042434
v 0.026134 -0.008132 0.039898
v 0.025957 -0.008183 0.040215
v 0.025883 -0.007842 0.040526
v 0.020978 -0.010025 0.043628
v 0.024747 -0.007802 0.041950
v 0.020365 -0.009795 0.043815
v 0.020107 -0.009578 0.043883
v 0.024468 -0.007814 0.042199
v 0.024525 -0.007631 0.042199
v 0.024177 -0.007820 0.042434
v 0.022201 -0.006908 0.043628
v 0.021627 -0.006553 0.043815
v 0.021241 -0.006696 0.043883
v 0.025020 -0.012053 0.038763
v 0.024896 -0.011974 0.039252
v 0.024833 -0.011830 0.039577
v 0.024736 -0.011878 0.039738
v 0.023274 -0.011176 0.042076
v 0.023425 -0.011159 0.041950
v 0.023174 -0.011075 0.042199
v 0.026594 -0.008004 0.038763
v 0.026439 -0.008011 0.039252
v 0.022642 -0.010890 0.042655
v 0.026246 -0.008006 0.039738
v 0.022529 -0.010784 0.042759
v 0.022468 -0.010566 0.042859
v 0.022415 -0.010678 0.042859
v 0.021955 -0.010576 0.043135
v 0.021106 -0.010135 0.043570
v 0.024695 -0.007533 0.042076
v 0.024291 -0.007459 0.042434
v 0.019628 -0.009455 0.043955
v 0.024045 -0.007286 0.042655
v 0.023863 -0.007377 0.042759
v 0.023336 -0.007023 0.043135
v 0.023146 -0.007108 0.043218
v 0.022394 -0.006831 0.043570
v 0.020863 -0.006279 0.043955
v 0.025171 -0.012135 0.037869
v 0.024755 -0.011916 0.039657
v 0.024665 -0.011863 0.039898
v 0.024401 -0.011764 0.040449
v 0.023914 -0.011520 0.041270
v 0.023891 -0.011308 0.041412
v 0.023875 -0.011474 0.041342
v 0.023835 -0.011427 0.041412
v 0.026766 -0.008028 0.037869
v 0.023608 -0.011355 0.041687
v 0.023322 -0.011226 0.042013
v 0.026301 -0.007942 0.039657
v 0.026194 -0.007937 0.039898
v 0.025947 -0.007783 0.040449
v 0.021169 -0.010190 0.043540
v 0.025344 -0.007705 0.041342
v 0.025268 -0.007759 0.041412
v 0.025418 -0.007650 0.041270
v 0.020800 -0.010020 0.043681
v 0.025072 -0.007597 0.041687
v 0.020429 -0.009849 0.043795
v 0.024778 -0.007483 0.042013
v 0.022491 -0.006792 0.043540
v 0.022108 -0.006654 0.043681
v 0.021723 -0.006516 0.043795
v 0.025024 -0.012069 0.038722
v 0.024909 -0.012009 0.039171
v 0.024764 -0.011934 0.039617
v 0.023346 -0.011251 0.041982
v 0.026615 -0.007970 0.038722
v 0.023017 -0.011088 0.042319
v 0.022913 -0.010985 0.042434
v 0.026487 -0.007945 0.039171
v 0.022669 -0.010916 0.042628
v 0.022697 -0.010942 0.042601
v 0.026328 -0.007910 0.039617
v 0.021985 -0.010603 0.043113
v 0.021201 -0.010217 0.043524
v 0.024820 -0.007457 0.041982
v 0.024465 -0.007363 0.042319
v 0.019660 -0.009482 0.043951
v 0.024090 -0.007262 0.042628
v 0.024134 -0.007239 0.042601
v 0.023383 -0.007002 0.043113
v 0.022539 -0.006772 0.043524
v 0.020910 -0.006261 0.043951
v 0.025170 -0.012142 0.037849
v 0.024769 -0.011944 0.039597
v 0.024408 -0.011774 0.040430
v 0.023924 -0.011531 0.041253
v 0.023934 -0.011543 0.041235
v 0.026774 -0.008010 0.037849
v 0.023652 -0.011403 0.041619
v 0.023358 -0.011263 0.041966
v 0.026341 -0.007894 0.039597
v 0.025963 -0.007768 0.040430
v 0.021217 -0.010231 0.043516
v 0.025437 -0.007636 0.041253
v 0.025455 -0.007622 0.041235
v 0.020832 -0.010047 0.043668
v 0.025150 -0.007544 0.041619
v 0.020445 -0.009863 0.043790
v 0.024840 -0.007444 0.041966
v 0.022563 -0.006762 0.043516
v 0.022156 -0.006635 0.043668
v 0.021747 -0.006507 0.043790
v 0.025025 -0.012073 0.038712
v 0.024912 -0.012017 0.039150
v 0.024771 -0.011948 0.039587
v 0.023364 -0.011269 0.041958
v 0.026620 -0.007961 0.038712
v 0.023043 -0.011114 0.042289
v 0.026499 -0.007928 0.039150
v 0.022703 -0.010949 0.042594
v 0.022710 -0.010955 0.042587
v 0.026348 -0.007886 0.039587
v 0.021992 -0.010610 0.043108
v 0.021225 -0.010238 0.043513
v 0.024850 -0.007438 0.041958
v 0.024508 -0.007339 0.042289
v 0.019668 -0.009489 0.043950
v 0.024146 -0.007233 0.042594
v 0.024157 -0.007227 0.042587
v 0.023394 -0.006996 0.043108
v 0.022575 -0.006757 0.043513
v 0.020922 -0.006257 0.043950
v 0.024772 -0.011950 0.039582
v 0.023938 -0.011549 0.041226
v 0.023936 -0.011546 0.041230
v 0.026776 -0.008006 0.037844
v 0.023663 -0.011415 0.041602
v 0.023367 -0.011272 0.041954
v 0.026351 -0.007882 0.039582
v 0.025967 -0.007764 0.040425
v 0.021229 -0.010241 0.043511
v 0.025464 -0.007615 0.041226
v 0.025460 -0.007619 0.041230
v 0.020840 -0.010054 0.043665
v 0.025170 -0.007531 0.041602
v 0.024856 -0.007435 0.041954
v 0.022581 -0.006755 0.043511
v 0.022168 -0.006630 0.043665
v 0.021753 -0.006504 0.043789
v 0.024605 -0.011870 0.040008
v 0.024570 -0.011705 0.040215
v 0.024409 -0.011776 0.040427
v 0.026622 -0.007959 0.038709
v 0.023050 -0.011120 0.042282
v 0.026502 -0.007924 0.039145
v 0.022712 -0.010957 0.042586
v 0.026352 -0.007880 0.039579
v 0.024858 -0.007433 0.041952
v 0.024519 -0.007333 0.042282
v 0.024162 -0.007224 0.042584
v 0.024160 -0.007226 0.042586
v 0.023397 -0.006995 0.043106
v 0.022584 -0.006753 0.043510
v 0.020925 -0.006256 0.043949
v 0.010685 -0.018079 0.044000
v 0.011534 -0.017550 0.044000
v 0.012356 -0.016981 0.044000
v 0.013150 -0.016373 0.044000
v 0.013915 -0.015728 0.044000
v 0.014648 -0.015048 0.044000
v 0.015348 -0.014333 0.044000
v 0.016012 -0.013586 0.044000
v 0.016641 -0.012808 0.044000
v 0.017232 -0.012001 0.044000
v 0.017783 -0.011167 0.044000
v 0.018295 -0.010307 0.044000
v 0.018613 -0.009721 0.044000
v 0.019666 -0.009492 0.043950
v 0.019863 -0.010075 0.043883
v 0.019653 -0.009497 0.043951
v 0.013061 -0.024710 0.037844
v 0.013066 -0.024707 0.037849
v 0.012858 -0.024317 0.039582
v 0.012862 -0.024312 0.039587
v 0.013030 -0.024363 0.039252
v 0.012909 -0.024137 0.039898
v 0.012666 -0.023964 0.040425
v 0.013192 -0.023808 0.040215
v 0.012670 -0.023959 0.040430
v 0.012423 -0.023500 0.041226
v 0.013018 -0.023494 0.040830
v 0.012756 -0.023851 0.040526
v 0.012688 -0.023937 0.040449
v 0.012427 -0.023494 0.041230
v 0.012431 -0.023488 0.041235
v 0.012283 -0.023227 0.041602
v 0.012523 -0.023345 0.041342
v 0.012462 -0.023440 0.041270
v 0.012446 -0.023464 0.041253
v 0.012298 -0.023202 0.041619
v 0.012582 -0.023248 0.041412
v 0.012128 -0.022937 0.041954
v 0.012132 -0.022931 0.041958
v 0.012356 -0.023103 0.041687
v 0.011018 -0.020838 0.043511
v 0.011021 -0.020831 0.043513
v 0.011526 -0.021297 0.043218
v 0.010815 -0.020458 0.043665
v 0.011036 -0.020789 0.043524
v 0.011026 -0.020817 0.043516
v 0.010820 -0.020444 0.043668
v 0.011094 -0.020620 0.043570
v 0.011055 -0.020733 0.043540
v 0.010611 -0.020075 0.043789
v 0.010839 -0.020388 0.043681
v 0.010613 -0.020068 0.043790
v 0.025169 -0.012146 0.037844
v 0.025166 -0.012152 0.037849
v 0.024769 -0.011958 0.039582
v 0.024764 -0.011963 0.039587
v 0.024591 -0.012016 0.039898
v 0.024821 -0.012128 0.039252
v 0.024409 -0.011779 0.040425
v 0.024272 -0.012311 0.040215
v 0.024404 -0.011784 0.040430
v 0.023930 -0.011557 0.041230
v 0.023952 -0.012148 0.040830
v 0.023925 -0.011562 0.041235
v 0.023936 -0.011553 0.041226
v 0.024383 -0.011802 0.040449
v 0.024299 -0.011873 0.040526
v 0.023658 -0.011424 0.041602
v 0.023902 -0.011578 0.041253
v 0.023878 -0.011594 0.041270
v 0.023691 -0.011722 0.041412
v 0.023634 -0.011439 0.041619
v 0.023785 -0.011658 0.041342
v 0.023363 -0.011279 0.041954
v 0.023538 -0.011501 0.041687
v 0.023357 -0.011283 0.041958
v 0.021226 -0.010247 0.043511
v 0.021702 -0.010738 0.043218
v 0.021219 -0.010250 0.043513
v 0.020838 -0.010058 0.043665
v 0.021205 -0.010255 0.043516
v 0.021177 -0.010266 0.043524
v 0.021010 -0.010331 0.043570
v 0.020824 -0.010063 0.043668
v 0.021122 -0.010288 0.043540
v 0.020448 -0.009868 0.043789
v 0.020769 -0.010084 0.043681
v 0.020441 -0.009870 0.043790
v 0.012985 -0.024569 0.038709
v 0.012987 -0.024566 0.038712
v 0.013515 -0.024390 0.038274
v 0.013175 -0.024634 0.037950
v 0.013088 -0.024692 0.037869
v 0.012927 -0.024458 0.039145
v 0.012932 -0.024453 0.039150
v 0.013199 -0.024388 0.038926
v 0.013038 -0.024525 0.038763
v 0.012997 -0.024558 0.038722
v 0.012855 -0.024319 0.039579
v 0.012952 -0.024435 0.039171
v 0.012126 -0.022940 0.041952
v 0.011962 -0.022627 0.042282
v 0.011968 -0.022614 0.042289
v 0.012234 -0.022738 0.042076
v 0.012180 -0.022841 0.042013
v 0.012152 -0.022893 0.041982
v 0.012138 -0.022918 0.041966
v 0.011786 -0.022299 0.042584
v 0.012096 -0.022349 0.042434
v 0.011994 -0.022561 0.042319
v 0.011787 -0.022295 0.042586
v 0.011789 -0.022292 0.042587
v 0.011412 -0.021593 0.043106
v 0.011850 -0.022157 0.042655
v 0.011826 -0.022211 0.042628
v 0.011801 -0.022265 0.042601
v 0.011795 -0.022278 0.042594
v 0.011413 -0.021589 0.043108
v 0.012035 -0.021719 0.042859
v 0.011944 -0.021939 0.042759
v 0.011017 -0.020842 0.043510
v 0.011419 -0.021576 0.043113
v 0.011441 -0.021520 0.043135
v 0.010206 -0.019311 0.043949
v 0.010207 -0.019308 0.043950
v 0.010796 -0.019483 0.043883
v 0.010658 -0.019929 0.043815
v 0.010622 -0.020041 0.043795
v 0.025025 -0.012075 0.038709
v 0.025097 -0.012263 0.037950
v 0.024865 -0.012612 0.038274
v 0.025152 -0.012174 0.037869
v 0.025023 -0.012078 0.038712
v 0.024912 -0.012022 0.039145
v 0.024983 -0.012130 0.038763
v 0.024852 -0.012296 0.038926
v 0.025015 -0.012088 0.038722
v 0.024907 -0.012027 0.039150
v 0.024771 -0.011955 0.039579
v 0.024890 -0.012047 0.039171
v 0.023367 -0.011277 0.041952
v 0.023047 -0.011124 0.042282
v 0.023345 -0.011290 0.041966
v 0.023320 -0.011305 0.041982
v 0.023169 -0.011392 0.042076
v 0.023035 -0.011131 0.042289
v 0.023270 -0.011334 0.042013
v 0.022709 -0.010962 0.042586
v 0.022775 -0.011268 0.042434
v 0.022706 -0.010964 0.042587
v 0.022713 -0.010961 0.042584
v 0.022983 -0.011159 0.042319
v 0.021994 -0.010613 0.043106
v 0.022574 -0.011030 0.042655
v 0.022359 -0.011132 0.042759
v 0.022143 -0.011231 0.042859
v 0.022680 -0.010977 0.042601
v 0.022627 -0.011004 0.042628
v 0.022693 -0.010971 0.042594
v 0.021990 -0.010614 0.043108
v 0.021229 -0.010246 0.043510
v 0.021922 -0.010644 0.043135
v 0.021977 -0.010620 0.043113
v 0.019670 -0.009491 0.043949
v 0.020304 -0.009921 0.043815
v 0.020414 -0.009881 0.043795
v 0.014377 -0.023891 0.038274
v 0.014092 -0.024061 0.038274
v 0.013808 -0.023793 0.039577
v 0.014371 -0.023457 0.039577
v 0.014942 -0.023542 0.038274
v 0.014925 -0.023108 0.039577
v 0.015221 -0.023363 0.038274
v 0.015498 -0.023180 0.038274
v 0.015471 -0.022746 0.039577
v 0.016046 -0.022804 0.038274
v 0.016938 -0.022149 0.038274
v 0.017461 -0.021739 0.038274
v 0.017226 -0.021447 0.039577
v 0.017718 -0.021530 0.038274
v 0.017732 -0.021031 0.039577
v 0.018226 -0.021102 0.038274
v 0.018228 -0.020603 0.039577
v 0.018476 -0.020883 0.038274
v 0.018723 -0.020662 0.038274
v 0.018713 -0.020163 0.039577
v 0.019210 -0.020210 0.038274
v 0.019188 -0.019711 0.039577
v 0.019449 -0.019980 0.038274
v 0.019919 -0.019511 0.038274
v 0.020677 -0.018705 0.038274
v 0.021117 -0.018207 0.038274
v 0.020690 -0.018127 0.039577
v 0.021116 -0.017629 0.039577
v 0.021332 -0.017954 0.038274
v 0.011485 -0.019085 0.043883
v 0.011257 -0.019220 0.043883
v 0.011834 -0.020392 0.043509
v 0.012317 -0.020104 0.043509
v 0.021544 -0.017699 0.038274
v 0.021529 -0.017121 0.039577
v 0.011936 -0.018806 0.043883
v 0.012792 -0.019805 0.043509
v 0.021960 -0.017181 0.038274
v 0.021931 -0.016604 0.039577
v 0.012159 -0.018663 0.043883
v 0.022163 -0.016918 0.038274
v 0.012380 -0.018516 0.043883
v 0.013260 -0.019495 0.043509
v 0.022559 -0.016385 0.038274
v 0.012818 -0.018216 0.043883
v 0.023191 -0.015477 0.038274
v 0.013531 -0.017693 0.043883
v 0.014764 -0.018382 0.043509
v 0.023553 -0.014920 0.038274
v 0.023178 -0.014812 0.039577
v 0.013948 -0.017366 0.043883
v 0.023729 -0.014639 0.038274
v 0.023524 -0.014256 0.039577
v 0.014154 -0.017199 0.043883
v 0.015197 -0.018025 0.043509
v 0.024071 -0.014069 0.038274
v 0.023857 -0.013691 0.039577
v 0.014559 -0.016857 0.043883
v 0.015622 -0.017658 0.043509
v 0.024237 -0.013782 0.038274
v 0.014759 -0.016682 0.043883
v 0.024345 -0.013589 0.038274
v 0.024071 -0.013311 0.039577
v 0.014956 -0.016505 0.043883
v 0.016038 -0.017281 0.043509
v 0.024452 -0.013395 0.038274
v 0.024280 -0.012927 0.039577
v 0.024662 -0.013005 0.038274
v 0.015345 -0.016144 0.043883
v 0.016445 -0.016894 0.043509
v 0.015536 -0.015960 0.043883
v 0.015912 -0.015586 0.043883
v 0.017733 -0.015536 0.043509
v 0.016518 -0.014942 0.043883
v 0.016869 -0.014544 0.043883
v 0.018098 -0.015110 0.043509
v 0.017041 -0.014342 0.043883
v 0.017210 -0.014138 0.043883
v 0.018452 -0.014674 0.043509
v 0.017542 -0.013724 0.043883
v 0.018796 -0.014231 0.043509
v 0.017704 -0.013515 0.043883
v 0.018021 -0.013089 0.043883
v 0.018526 -0.012363 0.043883
v 0.019865 -0.012695 0.043509
v 0.018815 -0.011919 0.043883
v 0.018955 -0.011694 0.043883
v 0.020162 -0.012218 0.043509
v 0.019228 -0.011239 0.043883
v 0.020447 -0.011734 0.043509
v 0.019361 -0.011009 0.043883
v 0.019448 -0.010855 0.043883
v 0.020631 -0.011408 0.043509
v 0.019533 -0.010700 0.043883
v 0.020809 -0.011079 0.043509
v 0.019701 -0.010389 0.043883
v 0.013333 -0.024062 0.039577
v 0.013895 -0.023405 0.040215
v 0.013428 -0.023676 0.040215
v 0.013940 -0.022959 0.040830
v 0.014173 -0.023237 0.040215
v 0.014311 -0.023153 0.040215
v 0.014213 -0.022791 0.040830
v 0.014586 -0.022981 0.040215
v 0.014483 -0.022620 0.040830
v 0.016227 -0.022487 0.038926
v 0.014722 -0.022893 0.040215
v 0.014858 -0.022805 0.040215
v 0.014751 -0.022446 0.040830
v 0.015129 -0.022627 0.040215
v 0.013495 -0.022731 0.041412
v 0.013041 -0.022994 0.041412
v 0.013026 -0.022444 0.041950
v 0.015575 -0.022322 0.040215
v 0.015630 -0.021843 0.040830
v 0.013944 -0.022459 0.041412
v 0.013906 -0.021910 0.041950
v 0.014077 -0.022375 0.041412
v 0.014210 -0.022291 0.041412
v 0.014342 -0.022206 0.041412
v 0.014780 -0.021917 0.041412
v 0.016448 -0.021686 0.040215
v 0.012464 -0.021476 0.042859
v 0.012887 -0.021225 0.042859
v 0.012973 -0.021852 0.042434
v 0.013404 -0.021590 0.042434
v 0.013139 -0.021070 0.042859
v 0.013533 -0.021510 0.042434
v 0.013389 -0.020912 0.042859
v 0.013660 -0.021429 0.042434
v 0.011946 -0.021064 0.043218
v 0.013788 -0.021347 0.042434
v 0.013637 -0.020751 0.042859
v 0.017296 -0.021016 0.040215
v 0.017545 -0.020809 0.040215
v 0.017313 -0.020534 0.040830
v 0.012362 -0.020822 0.043218
v 0.014209 -0.021069 0.042434
v 0.014450 -0.020193 0.042859
v 0.017668 -0.020704 0.040215
v 0.017556 -0.020327 0.040830
v 0.012609 -0.020674 0.043218
v 0.017913 -0.020492 0.040215
v 0.017797 -0.020116 0.040830
v 0.012732 -0.020598 0.043218
v 0.018035 -0.020385 0.040215
v 0.018156 -0.020277 0.040215
v 0.018035 -0.019903 0.040830
v 0.012976 -0.020445 0.043218
v 0.013098 -0.020367 0.043218
v 0.018396 -0.020060 0.040215
v 0.018271 -0.019687 0.040830
v 0.013219 -0.020289 0.043218
v 0.018515 -0.019950 0.040215
v 0.013460 -0.020130 0.043218
v 0.018751 -0.019728 0.040215
v 0.017279 -0.020005 0.041412
v 0.016472 -0.020676 0.041412
v 0.020341 -0.018846 0.038926
v 0.017398 -0.019902 0.041412
v 0.017195 -0.019435 0.041950
v 0.013856 -0.019859 0.043218
v 0.017516 -0.019798 0.041412
v 0.017633 -0.019694 0.041412
v 0.017750 -0.019588 0.041412
v 0.019519 -0.018968 0.040215
v 0.014633 -0.019294 0.043218
v 0.016611 -0.019232 0.042434
v 0.015835 -0.019876 0.042434
v 0.016006 -0.018984 0.042859
v 0.016230 -0.018792 0.042859
v 0.016725 -0.019132 0.042434
v 0.016453 -0.018597 0.042859
v 0.018513 -0.018868 0.041412
v 0.016838 -0.019033 0.042434
v 0.020256 -0.018178 0.040215
v 0.019774 -0.018175 0.040830
v 0.020480 -0.017376 0.040830
v 0.016951 -0.018932 0.042434
v 0.016673 -0.018400 0.042859
v 0.017064 -0.018831 0.042434
v 0.016891 -0.018200 0.042859
v 0.015387 -0.018698 0.043218
v 0.020613 -0.017773 0.040215
v 0.015609 -0.018513 0.043218
v 0.020823 -0.017526 0.040215
v 0.020685 -0.017131 0.040830
v 0.015719 -0.018420 0.043218
v 0.020927 -0.017402 0.040215
v 0.021030 -0.017277 0.040215
v 0.020888 -0.016884 0.040830
v 0.015937 -0.018231 0.043218
v 0.017797 -0.018139 0.042434
v 0.016045 -0.018136 0.043218
v 0.021235 -0.017025 0.040215
v 0.021087 -0.016634 0.040830
v 0.016153 -0.018040 0.043218
v 0.022596 -0.016072 0.038926
v 0.021336 -0.016898 0.040215
v 0.016367 -0.017847 0.043218
v 0.019951 -0.017341 0.041412
v 0.021535 -0.016643 0.040215
v 0.016473 -0.017749 0.043218
v 0.016683 -0.017551 0.043218
v 0.020291 -0.016941 0.041412
v 0.021861 -0.016212 0.040215
v 0.021730 -0.015784 0.040830
v 0.020392 -0.016820 0.041412
v 0.020050 -0.016472 0.041950
v 0.020491 -0.016698 0.041412
v 0.020590 -0.016576 0.041412
v 0.017366 -0.016875 0.043218
v 0.019179 -0.016670 0.042434
v 0.018281 -0.016803 0.042859
v 0.018933 -0.016064 0.042859
v 0.020915 -0.016164 0.041412
v 0.022487 -0.015332 0.040215
v 0.019506 -0.016286 0.042434
v 0.019123 -0.015837 0.042859
v 0.019603 -0.016169 0.042434
v 0.019699 -0.016052 0.042434
v 0.019310 -0.015608 0.042859
v 0.019794 -0.015935 0.042434
v 0.019495 -0.015377 0.042859
v 0.018022 -0.016173 0.043218
v 0.023078 -0.014427 0.040215
v 0.020106 -0.015539 0.042434
v 0.020089 -0.014591 0.042859
v 0.023248 -0.014151 0.040215
v 0.022913 -0.014010 0.040830
v 0.018339 -0.015812 0.043218
v 0.023332 -0.014013 0.040215
v 0.023079 -0.013736 0.040830
v 0.018526 -0.015592 0.043218
v 0.023497 -0.013734 0.040215
v 0.023240 -0.013460 0.040830
v 0.018618 -0.015482 0.043218
v 0.023578 -0.013594 0.040215
v 0.018710 -0.015371 0.043218
v 0.023632 -0.013500 0.040215
v 0.023347 -0.013275 0.040830
v 0.023685 -0.013406 0.040215
v 0.023451 -0.013090 0.040830
v 0.018892 -0.015147 0.043218
v 0.023791 -0.013217 0.040215
v 0.018982 -0.015034 0.043218
v 0.023895 -0.013028 0.040215
v 0.024531 -0.012442 0.039577
v 0.019159 -0.014807 0.043218
v 0.022687 -0.013564 0.041412
v 0.022131 -0.014454 0.041412
v 0.024149 -0.012551 0.040215
v 0.022767 -0.013429 0.041412
v 0.022402 -0.013094 0.041950
v 0.019449 -0.014424 0.043218
v 0.022847 -0.013293 0.041412
v 0.022899 -0.013202 0.041412
v 0.022952 -0.013111 0.041412
v 0.023207 -0.012653 0.041412
v 0.022904 -0.012194 0.041950
v 0.020006 -0.013640 0.043218
v 0.021809 -0.013040 0.042434
v 0.021183 -0.012952 0.042859
v 0.021336 -0.012699 0.042859
v 0.021275 -0.013895 0.042434
v 0.023454 -0.012190 0.041412
v 0.021887 -0.012909 0.042434
v 0.021485 -0.012444 0.042859
v 0.021963 -0.012779 0.042434
v 0.022014 -0.012692 0.042434
v 0.022064 -0.012604 0.042434
v 0.021583 -0.012273 0.042859
v 0.021680 -0.012101 0.042859
v 0.020532 -0.012835 0.043218
v 0.022310 -0.012164 0.042434
v 0.020683 -0.012590 0.043218
v 0.020757 -0.012467 0.043218
v 0.020904 -0.012218 0.043218
v 0.020977 -0.012094 0.043218
v 0.021025 -0.012010 0.043218
v 0.021916 -0.011668 0.042859
v 0.021072 -0.011927 0.043218
v 0.021166 -0.011759 0.043218
v 0.021259 -0.011591 0.043218
v 0.021485 -0.011166 0.043218
v 0.013148 -0.024008 0.039898
v 0.012578 -0.022698 0.041950
v 0.012562 -0.022407 0.042199
v 0.012339 -0.022530 0.042199
v 0.012537 -0.022105 0.042434
v 0.014509 -0.021515 0.041950
v 0.015383 -0.021498 0.041412
v 0.015101 -0.021103 0.041950
v 0.016485 -0.021205 0.040830
v 0.011169 -0.020395 0.043628
v 0.016902 -0.020874 0.040830
v 0.014788 -0.020666 0.042434
v 0.016170 -0.020296 0.041950
v 0.018658 -0.019320 0.040830
v 0.015240 -0.019604 0.042859
v 0.019038 -0.018946 0.040830
v 0.015626 -0.019297 0.042859
v 0.018174 -0.018522 0.041950
v 0.019462 -0.017888 0.041412
v 0.019105 -0.017560 0.041950
v 0.017249 -0.017861 0.042859
v 0.017600 -0.017515 0.042859
v 0.018709 -0.017196 0.042434
v 0.019585 -0.017023 0.041950
v 0.020532 -0.015868 0.041950
v 0.021387 -0.015534 0.041412
v 0.020995 -0.015249 0.041950
v 0.022339 -0.014909 0.040830
v 0.020560 -0.014933 0.042434
v 0.021725 -0.014189 0.041950
v 0.024471 -0.012259 0.039898
v 0.020652 -0.013783 0.042859
v 0.023141 -0.011737 0.041950
v 0.022849 -0.011732 0.042199
v 0.022547 -0.011718 0.042434
v 0.022964 -0.011505 0.042199
v 0.020788 -0.010414 0.043628
v 0.013002 -0.024167 0.039738
v 0.010228 -0.019240 0.043955
v 0.024624 -0.012108 0.039738
v 0.019599 -0.009516 0.043955
v 0.012928 -0.024245 0.039657
v 0.024700 -0.012031 0.039657
v 0.012891 -0.024284 0.039617
v 0.010211 -0.019294 0.043951
v 0.024737 -0.011992 0.039617
v 0.012872 -0.024303 0.039597
v 0.024755 -0.011972 0.039597
v -0.002164 -0.020888 0.044000
v -0.001164 -0.020968 0.044000
v -0.000161 -0.021000 0.044000
v 0.000843 -0.020983 0.044000
v 0.001844 -0.020919 0.044000
v 0.002841 -0.020807 0.044000
v 0.003832 -0.020648 0.044000
v 0.004814 -0.020441 0.044000
v 0.005785 -0.020188 0.044000
v 0.006743 -0.019888 0.044000
v 0.007685 -0.019544 0.044000
v 0.008610 -0.019154 0.044000
v 0.009216 -0.018870 0.044000
v -0.004076 -0.026797 0.040425
v -0.003559 -0.026985 0.040215
v -0.003984 -0.027081 0.039898
v -0.004070 -0.026795 0.040430
v -0.003996 -0.026279 0.041226
v -0.003512 -0.026629 0.040830
v -0.003937 -0.026759 0.040526
v -0.004043 -0.026788 0.040449
v -0.003989 -0.026277 0.041230
v -0.003982 -0.026274 0.041235
v -0.003945 -0.025977 0.041602
v -0.003717 -0.026172 0.041412
v -0.003823 -0.026214 0.041342
v -0.003929 -0.026254 0.041270
v -0.003919 -0.025966 0.041619
v -0.003956 -0.026264 0.041253
v -0.003898 -0.025652 0.041954
v -0.003891 -0.025648 0.041958
v -0.003813 -0.025921 0.041687
v -0.003541 -0.023304 0.043511
v -0.003535 -0.023300 0.043513
v -0.003405 -0.023975 0.043218
v -0.003478 -0.022878 0.043665
v -0.003498 -0.023275 0.043524
v -0.003523 -0.023292 0.043516
v -0.003449 -0.023242 0.043540
v -0.003466 -0.022869 0.043668
v -0.003350 -0.023174 0.043570
v -0.003415 -0.022449 0.043789
v -0.003409 -0.022444 0.043790
v -0.003417 -0.022835 0.043681
v 0.013057 -0.024712 0.037844
v 0.013051 -0.024715 0.037849
v 0.012846 -0.024323 0.039582
v 0.012787 -0.024491 0.039252
v 0.012840 -0.024324 0.039587
v 0.012668 -0.024264 0.039898
v 0.012662 -0.023966 0.040425
v 0.012236 -0.024313 0.040215
v 0.012656 -0.023967 0.040430
v 0.012409 -0.023503 0.041230
v 0.012074 -0.023993 0.040830
v 0.012402 -0.023503 0.041235
v 0.012416 -0.023503 0.041226
v 0.012628 -0.023969 0.040449
v 0.012518 -0.023976 0.040526
v 0.012269 -0.023234 0.041602
v 0.012373 -0.023503 0.041253
v 0.012345 -0.023502 0.041270
v 0.012118 -0.023494 0.041412
v 0.012240 -0.023233 0.041619
v 0.012232 -0.023499 0.041342
v 0.012117 -0.022943 0.041954
v 0.012126 -0.023225 0.041687
v 0.012110 -0.022942 0.041958
v 0.011009 -0.020844 0.043511
v 0.011100 -0.021521 0.043218
v 0.011001 -0.020842 0.043513
v 0.010809 -0.020461 0.043665
v 0.010987 -0.020838 0.043516
v 0.010958 -0.020830 0.043524
v 0.010900 -0.020815 0.043540
v 0.010785 -0.020783 0.043570
v 0.010794 -0.020457 0.043668
v 0.010608 -0.020077 0.043789
v 0.010737 -0.020441 0.043681
v 0.010601 -0.020075 0.043790
v -0.004180 -0.027472 0.038709
v -0.004203 -0.027631 0.037844
v -0.004066 -0.027638 0.037950
v -0.004171 -0.027633 0.037869
v -0.003646 -0.027644 0.038274
v -0.004197 -0.027632 0.037849
v -0.004177 -0.027472 0.038712
v -0.004160 -0.027349 0.039145
v -0.004154 -0.027348 0.039150
v -0.003899 -0.027455 0.038926
v -0.004111 -0.027469 0.038763
v -0.004164 -0.027471 0.038722
v -0.004136 -0.027195 0.039579
v -0.004127 -0.027345 0.039171
v -0.004133 -0.027195 0.039582
v -0.004021 -0.027334 0.039252
v -0.003901 -0.025653 0.041952
v -0.003847 -0.025303 0.042282
v -0.003799 -0.025605 0.042013
v -0.003852 -0.025630 0.041982
v -0.003878 -0.025642 0.041966
v -0.003834 -0.025297 0.042289
v -0.003694 -0.025555 0.042076
v -0.003793 -0.024935 0.042584
v -0.003573 -0.025160 0.042434
v -0.003782 -0.025270 0.042319
v -0.003790 -0.024933 0.042586
v -0.003787 -0.024931 0.042587
v -0.003674 -0.024145 0.043106
v -0.003671 -0.024143 0.043108
v -0.003247 -0.024618 0.042859
v -0.003657 -0.024859 0.042655
v -0.003709 -0.024888 0.042628
v -0.003761 -0.024917 0.042601
v -0.003774 -0.024924 0.042594
v -0.003451 -0.024740 0.042759
v -0.003544 -0.023306 0.043510
v -0.003607 -0.024103 0.043135
v -0.003658 -0.024135 0.043113
v -0.003286 -0.021593 0.043949
v -0.003283 -0.021591 0.043950
v -0.002912 -0.022083 0.043883
v -0.003289 -0.022359 0.043815
v -0.003385 -0.022427 0.043795
v 0.012983 -0.024570 0.038709
v 0.013026 -0.024725 0.037869
v 0.012929 -0.024764 0.037950
v 0.012535 -0.024908 0.038274
v 0.012979 -0.024571 0.038712
v 0.012923 -0.024460 0.039145
v 0.012967 -0.024574 0.038722
v 0.012916 -0.024589 0.038763
v 0.012712 -0.024645 0.038926
v 0.012917 -0.024461 0.039150
v 0.012850 -0.024322 0.039579
v 0.012891 -0.024467 0.039171
v 0.012121 -0.022943 0.041952
v 0.011955 -0.022631 0.042282
v 0.012096 -0.022941 0.041966
v 0.012009 -0.022932 0.042013
v 0.011893 -0.022918 0.042076
v 0.012067 -0.022938 0.041982
v 0.011940 -0.022629 0.042289
v 0.011779 -0.022300 0.042586
v 0.011649 -0.022585 0.042434
v 0.011775 -0.022299 0.042587
v 0.011782 -0.022300 0.042584
v 0.011882 -0.022621 0.042319
v 0.011410 -0.021594 0.043106
v 0.011629 -0.022274 0.042655
v 0.011396 -0.022229 0.042759
v 0.011162 -0.022181 0.042859
v 0.011688 -0.022284 0.042628
v 0.011746 -0.022294 0.042601
v 0.011761 -0.022297 0.042594
v 0.011407 -0.021593 0.043108
v 0.011012 -0.020845 0.043510
v 0.011334 -0.021576 0.043135
v 0.011392 -0.021590 0.043113
v 0.010204 -0.019312 0.043949
v 0.010572 -0.020067 0.043795
v 0.010460 -0.020034 0.043815
v 0.010013 -0.019897 0.043883
v 0.010201 -0.019311 0.043950
v -0.002653 -0.027757 0.038274
v -0.002984 -0.027723 0.038274
v -0.003053 -0.027339 0.039577
v -0.002399 -0.027404 0.039577
v -0.001989 -0.027812 0.038274
v -0.001743 -0.027453 0.039577
v -0.001656 -0.027834 0.038274
v -0.001324 -0.027852 0.038274
v -0.001087 -0.027487 0.039577
v -0.000658 -0.027876 0.038274
v 0.000453 -0.027880 0.038274
v 0.001119 -0.027861 0.038274
v 0.001104 -0.027487 0.039577
v 0.001452 -0.027845 0.038274
v 0.001760 -0.027452 0.039577
v 0.002117 -0.027803 0.038274
v 0.002416 -0.027402 0.039577
v 0.002449 -0.027776 0.038274
v 0.002780 -0.027744 0.038274
v 0.003070 -0.027337 0.039577
v 0.003442 -0.027670 0.038274
v 0.003722 -0.027256 0.039577
v 0.003773 -0.027627 0.038274
v 0.004432 -0.027529 0.038274
v 0.005524 -0.027331 0.038274
v 0.006176 -0.027191 0.038274
v 0.005879 -0.026873 0.039577
v 0.006519 -0.026725 0.039577
v -0.002119 -0.022173 0.043883
v -0.002384 -0.022146 0.043883
v -0.002617 -0.023431 0.043509
v -0.002056 -0.023487 0.043509
v 0.006500 -0.027115 0.038274
v 0.006824 -0.027036 0.038274
v 0.007156 -0.026562 0.039577
v -0.001589 -0.022217 0.043883
v -0.001494 -0.023529 0.043509
v -0.001323 -0.022235 0.043883
v 0.007468 -0.026865 0.038274
v 0.007789 -0.026383 0.039577
v -0.001057 -0.022249 0.043883
v -0.000932 -0.023558 0.043509
v 0.007788 -0.026774 0.038274
v -0.000525 -0.022268 0.043883
v 0.008426 -0.026580 0.038274
v 0.000362 -0.022271 0.043883
v 0.000946 -0.023558 0.043509
v 0.009477 -0.026224 0.038274
v 0.000894 -0.022256 0.043883
v 0.010101 -0.025990 0.038274
v 0.009863 -0.025680 0.039577
v 0.001160 -0.022244 0.043883
v 0.001509 -0.023529 0.043509
v 0.010411 -0.025867 0.038274
v 0.010474 -0.025437 0.039577
v 0.001691 -0.022210 0.043883
v 0.002070 -0.023486 0.043509
v 0.011026 -0.025611 0.038274
v 0.011078 -0.025180 0.039577
v 0.001956 -0.022188 0.043883
v 0.011331 -0.025478 0.038274
v 0.011533 -0.025387 0.038274
v 0.011478 -0.025000 0.039577
v 0.002221 -0.022163 0.043883
v 0.002631 -0.023430 0.043509
v 0.011735 -0.025294 0.038274
v 0.011875 -0.024814 0.039577
v 0.012136 -0.025104 0.038274
v 0.002750 -0.022104 0.043883
v 0.003190 -0.023360 0.043509
v 0.003014 -0.022069 0.043883
v 0.003540 -0.021991 0.043883
v 0.005039 -0.023032 0.043509
v 0.004413 -0.021832 0.043883
v 0.004933 -0.021721 0.043883
v 0.005588 -0.022905 0.043509
v 0.005193 -0.021660 0.043883
v 0.005451 -0.021597 0.043883
v 0.006133 -0.022765 0.043509
v 0.005965 -0.021460 0.043883
v 0.006675 -0.022612 0.043509
v 0.006221 -0.021388 0.043883
v 0.006731 -0.021233 0.043883
v 0.007571 -0.020948 0.043883
v 0.008453 -0.022010 0.043509
v 0.008069 -0.020761 0.043883
v 0.008316 -0.020663 0.043883
v 0.008977 -0.021801 0.043509
v 0.008807 -0.020459 0.043883
v 0.009495 -0.021581 0.043509
v 0.009051 -0.020352 0.043883
v 0.009213 -0.020280 0.043883
v 0.009837 -0.021427 0.043509
v 0.009374 -0.020206 0.043883
v 0.010177 -0.021267 0.043509
v 0.009695 -0.020054 0.043883
v -0.003597 -0.027273 0.039577
v -0.002751 -0.027079 0.040215
v -0.003290 -0.027019 0.040215
v -0.002449 -0.026747 0.040830
v -0.002428 -0.027110 0.040215
v -0.002266 -0.027124 0.040215
v -0.002129 -0.026775 0.040830
v -0.001941 -0.027149 0.040215
v -0.001809 -0.026798 0.040830
v -0.000323 -0.027728 0.038926
v -0.001779 -0.027160 0.040215
v -0.001617 -0.027170 0.040215
v -0.001489 -0.026818 0.040830
v -0.001292 -0.027187 0.040215
v -0.002672 -0.026299 0.041412
v -0.003195 -0.026241 0.041412
v -0.002880 -0.025790 0.041950
v -0.000750 -0.027208 0.040215
v -0.000420 -0.026856 0.040830
v -0.002148 -0.026347 0.041412
v -0.001851 -0.025884 0.041950
v -0.001990 -0.026360 0.041412
v -0.001833 -0.026371 0.041412
v -0.001675 -0.026382 0.041412
v -0.001150 -0.026410 0.041412
v 0.000334 -0.027216 0.040215
v -0.002756 -0.024677 0.042859
v -0.002264 -0.024727 0.042859
v -0.002569 -0.025282 0.042434
v -0.002065 -0.025328 0.042434
v -0.001968 -0.024753 0.042859
v -0.001913 -0.025340 0.042434
v -0.001672 -0.024774 0.042859
v -0.001762 -0.025351 0.042434
v -0.002927 -0.024038 0.043218
v -0.001611 -0.025361 0.042434
v -0.001376 -0.024792 0.042859
v 0.001417 -0.027181 0.040215
v -0.002448 -0.024091 0.043218
v 0.001742 -0.027162 0.040215
v 0.001719 -0.026804 0.040830
v -0.001105 -0.025388 0.042434
v -0.000388 -0.024828 0.042859
v 0.001904 -0.027151 0.040215
v 0.002039 -0.026782 0.040830
v -0.002160 -0.024119 0.043218
v -0.002016 -0.024131 0.043218
v 0.002228 -0.027127 0.040215
v 0.002359 -0.026755 0.040830
v 0.002390 -0.027113 0.040215
v -0.001727 -0.024154 0.043218
v 0.002552 -0.027098 0.040215
v 0.002678 -0.026725 0.040830
v -0.001583 -0.024163 0.043218
v -0.001438 -0.024172 0.043218
v 0.002876 -0.027066 0.040215
v 0.002997 -0.026691 0.040830
v 0.003037 -0.027048 0.040215
v -0.001149 -0.024188 0.043218
v 0.003360 -0.027010 0.040215
v 0.002007 -0.026358 0.041412
v 0.000955 -0.026417 0.041412
v 0.005169 -0.027244 0.038926
v 0.002164 -0.026346 0.041412
v 0.002279 -0.025850 0.041950
v -0.000668 -0.024206 0.043218
v 0.002321 -0.026333 0.041412
v 0.002479 -0.026318 0.041412
v 0.002636 -0.026303 0.041412
v 0.004433 -0.026855 0.040215
v 0.000297 -0.024213 0.043218
v 0.001929 -0.025339 0.042434
v 0.000919 -0.025396 0.042434
v 0.001589 -0.024780 0.042859
v 0.001885 -0.024759 0.042859
v 0.002080 -0.025327 0.042434
v 0.002181 -0.024735 0.042859
v 0.003681 -0.026177 0.041412
v 0.002232 -0.025314 0.042434
v 0.005499 -0.026657 0.040215
v 0.005112 -0.026368 0.040830
v 0.006157 -0.026144 0.040830
v 0.002383 -0.025300 0.042434
v 0.002476 -0.024707 0.042859
v 0.002534 -0.025286 0.042434
v 0.002771 -0.024676 0.042859
v 0.001261 -0.024182 0.043218
v 0.006029 -0.026542 0.040215
v 0.001550 -0.024166 0.043218
v 0.001694 -0.024156 0.043218
v 0.006345 -0.026468 0.040215
v 0.006469 -0.026069 0.040830
v 0.006503 -0.026430 0.040215
v 0.001982 -0.024134 0.043218
v 0.006661 -0.026391 0.040215
v 0.006780 -0.025989 0.040830
v 0.003539 -0.025165 0.042434
v 0.002127 -0.024122 0.043218
v 0.002271 -0.024109 0.043218
v 0.006976 -0.026309 0.040215
v 0.007090 -0.025907 0.040830
v 0.008642 -0.026349 0.038926
v 0.007133 -0.026267 0.040215
v 0.002558 -0.024080 0.043218
v 0.005752 -0.025801 0.041412
v 0.002702 -0.024064 0.043218
v 0.007446 -0.026180 0.040215
v 0.002990 -0.024030 0.043218
v 0.006265 -0.025682 0.041412
v 0.007966 -0.026027 0.040215
v 0.008116 -0.025604 0.040830
v 0.006418 -0.025644 0.041412
v 0.006351 -0.025161 0.041950
v 0.006571 -0.025605 0.041412
v 0.006724 -0.025565 0.041412
v 0.003944 -0.023892 0.043218
v 0.005530 -0.024803 0.042434
v 0.004726 -0.024377 0.042859
v 0.005692 -0.024169 0.042859
v 0.007232 -0.025426 0.041412
v 0.008996 -0.025689 0.040215
v 0.006023 -0.024688 0.042434
v 0.005981 -0.024100 0.042859
v 0.006170 -0.024652 0.042434
v 0.006317 -0.024615 0.042434
v 0.006268 -0.024027 0.042859
v 0.006464 -0.024577 0.042434
v 0.006555 -0.023950 0.042859
v 0.004892 -0.023716 0.043218
v 0.010011 -0.025311 0.040215
v 0.006952 -0.024443 0.042434
v 0.007503 -0.023670 0.042859
v 0.005363 -0.023614 0.043218
v 0.010313 -0.025189 0.040215
v 0.010127 -0.024877 0.040830
v 0.010463 -0.025127 0.040215
v 0.010424 -0.024754 0.040830
v 0.005645 -0.023548 0.043218
v 0.005786 -0.023514 0.043218
v 0.010763 -0.025000 0.040215
v 0.010719 -0.024628 0.040830
v 0.005926 -0.023479 0.043218
v 0.010912 -0.024936 0.040215
v 0.011011 -0.024892 0.040215
v 0.010915 -0.024542 0.040830
v 0.011110 -0.024848 0.040215
v 0.011110 -0.024454 0.040830
v 0.006206 -0.023407 0.043218
v 0.011307 -0.024759 0.040215
v 0.006346 -0.023369 0.043218
v 0.011504 -0.024668 0.040215
v 0.012366 -0.024573 0.039577
v 0.006625 -0.023292 0.043218
v 0.010211 -0.024383 0.041412
v 0.009232 -0.024771 0.041412
v 0.011993 -0.024434 0.040215
v 0.010356 -0.024322 0.041412
v 0.010261 -0.023835 0.041950
v 0.007087 -0.023155 0.043218
v 0.010501 -0.024260 0.041412
v 0.010598 -0.024218 0.041412
v 0.010694 -0.024175 0.041412
v 0.011173 -0.023958 0.041412
v 0.011202 -0.023408 0.041950
v 0.008003 -0.022855 0.043218
v 0.009816 -0.023440 0.042434
v 0.009362 -0.022998 0.042859
v 0.009637 -0.022885 0.042859
v 0.008875 -0.023813 0.042434
v 0.011648 -0.023731 0.041412
v 0.009955 -0.023381 0.042434
v 0.009909 -0.022768 0.042859
v 0.010095 -0.023322 0.042434
v 0.010188 -0.023281 0.042434
v 0.010280 -0.023240 0.042434
v 0.010090 -0.022688 0.042859
v 0.010271 -0.022607 0.042859
v 0.008907 -0.022518 0.043218
v 0.010741 -0.023031 0.042434
v 0.009175 -0.022410 0.043218
v 0.009309 -0.022355 0.043218
v 0.009575 -0.022242 0.043218
v 0.009708 -0.022184 0.043218
v 0.009796 -0.022146 0.043218
v 0.010719 -0.022398 0.042859
v 0.009884 -0.022106 0.043218
v 0.010060 -0.022027 0.043218
v 0.010235 -0.021946 0.043218
v 0.010670 -0.021738 0.043218
v -0.003714 -0.027119 0.039898
v -0.003393 -0.025727 0.041950
v -0.003232 -0.025483 0.042199
v -0.003485 -0.025450 0.042199
v -0.003072 -0.025226 0.042434
v -0.001129 -0.025925 0.041950
v -0.000413 -0.026431 0.041412
v -0.000405 -0.025947 0.041950
v 0.000650 -0.026851 0.040830
v -0.003155 -0.023037 0.043628
v 0.001185 -0.026833 0.040830
v -0.000397 -0.025409 0.042434
v 0.000938 -0.025933 0.041950
v 0.003528 -0.026626 0.040830
v 0.000601 -0.024823 0.042859
v 0.004058 -0.026551 0.040830
v 0.001095 -0.024806 0.042859
v 0.003614 -0.025697 0.041950
v 0.005031 -0.025952 0.041412
v 0.004939 -0.025476 0.041950
v 0.003262 -0.024616 0.042859
v 0.003751 -0.024546 0.042859
v 0.004836 -0.024948 0.042434
v 0.005647 -0.025328 0.041950
v 0.007099 -0.024960 0.041950
v 0.007988 -0.025199 0.041412
v 0.007841 -0.024737 0.041950
v 0.009129 -0.025260 0.040830
v 0.007679 -0.024225 0.042434
v 0.009062 -0.024316 0.041950
v 0.012426 -0.024389 0.039898
v 0.008440 -0.023353 0.042859
v 0.011665 -0.023180 0.041950
v 0.011433 -0.023003 0.042199
v 0.011197 -0.022813 0.042434
v 0.011661 -0.022888 0.042199
v 0.010556 -0.020719 0.043628
v -0.003927 -0.027160 0.039738
v -0.003225 -0.021549 0.043955
v 0.012641 -0.024358 0.039738
v 0.010133 -0.019290 0.043955
v -0.004033 -0.027179 0.039657
v 0.012747 -0.024341 0.039657
v -0.004086 -0.027187 0.039617
v -0.003271 -0.021583 0.043951
v 0.012800 -0.024332 0.039617
v 0.010187 -0.019307 0.043951
v -0.004113 -0.027192 0.039597
v 0.012826 -0.024327 0.039597
v -0.004126 -0.027194 0.039587
v 0.020969 0.001144 0.044000
v 0.020901 0.002034 0.044000
v 0.020795 0.002922 0.044000
v 0.020652 0.003803 0.044000
v 0.020471 0.004678 0.044000
v 0.027846 0.001444 0.038274
v 0.027859 0.001148 0.038274
v 0.027475 0.001352 0.039577
v 0.027819 0.001888 0.038274
v 0.027418 0.002228 0.039577
v 0.027772 0.002480 0.038274
v 0.027364 0.002810 0.039577
v 0.027744 0.002775 0.038274
v 0.027713 0.003070 0.038274
v 0.027298 0.003392 0.039577
v 0.027641 0.003659 0.038274
v 0.027579 0.004099 0.038274
v 0.027175 0.004261 0.039577
v 0.027486 0.004685 0.038274
v 0.027078 0.004838 0.039577
v 0.027434 0.004977 0.038274
v 0.027379 0.005269 0.038274
v 0.026969 0.005413 0.039577
v 0.027261 0.005850 0.038274
v 0.026848 0.005986 0.039577
v 0.027197 0.006139 0.038274
v 0.027060 0.006717 0.038274
v 0.022244 0.001154 0.043883
v 0.022255 0.000917 0.043883
v 0.023548 0.001159 0.043509
v 0.022222 0.001509 0.043883
v 0.023499 0.001909 0.043509
v 0.022185 0.001981 0.043883
v 0.023453 0.002409 0.043509
v 0.022163 0.002217 0.043883
v 0.022138 0.002452 0.043883
v 0.023396 0.002907 0.043509
v 0.022080 0.002923 0.043883
v 0.022031 0.003275 0.043883
v 0.023291 0.003652 0.043509
v 0.021956 0.003743 0.043883
v 0.023208 0.004147 0.043509
v 0.021915 0.003976 0.043883
v 0.021871 0.004209 0.043883
v 0.023114 0.004639 0.043509
v 0.021777 0.004673 0.043883
v 0.023010 0.005130 0.043509
v 0.021726 0.004904 0.043883
v 0.021616 0.005365 0.043883
v 0.027726 0.000442 0.038926
v 0.027498 0.000767 0.039577
v 0.027193 0.001157 0.040215
v 0.027204 0.000868 0.040215
v 0.026842 0.000963 0.040830
v 0.026830 0.001249 0.040830
v 0.027187 0.001301 0.040215
v 0.027175 0.001518 0.040215
v 0.026806 0.001677 0.040830
v 0.027148 0.001952 0.040215
v 0.026739 0.002531 0.040830
v 0.027113 0.002385 0.040215
v 0.026413 0.001053 0.041412
v 0.026421 0.000843 0.041412
v 0.025940 0.000724 0.041950
v 0.025925 0.001137 0.041950
v 0.027086 0.002673 0.040215
v 0.026710 0.002815 0.040830
v 0.026407 0.001194 0.041412
v 0.027071 0.002817 0.040215
v 0.026397 0.001404 0.041412
v 0.027056 0.002961 0.040215
v 0.026679 0.003099 0.040830
v 0.027023 0.003248 0.040215
v 0.026996 0.003464 0.040215
v 0.026626 0.003524 0.040830
v 0.026339 0.002246 0.041412
v 0.026937 0.003894 0.040215
v 0.026500 0.004372 0.040830
v 0.025392 0.001013 0.042434
v 0.025399 0.000810 0.042434
v 0.024814 0.000890 0.042859
v 0.024803 0.001154 0.042859
v 0.025386 0.001148 0.042434
v 0.026299 0.002666 0.041412
v 0.026871 0.004323 0.040215
v 0.026285 0.002806 0.041412
v 0.025799 0.002788 0.041950
v 0.025376 0.001350 0.042434
v 0.024782 0.001550 0.042859
v 0.024821 0.000692 0.042859
v 0.026269 0.002945 0.041412
v 0.026824 0.004609 0.040215
v 0.026452 0.004654 0.040830
v 0.026245 0.003155 0.041412
v 0.026799 0.004751 0.040215
v 0.026773 0.004894 0.040215
v 0.026400 0.004935 0.040830
v 0.024208 0.000579 0.043218
v 0.024212 0.000386 0.043218
v 0.023567 0.000658 0.043509
v 0.026719 0.005178 0.040215
v 0.026346 0.005215 0.040830
v 0.025320 0.002159 0.042434
v 0.024720 0.002340 0.042859
v 0.026691 0.005320 0.040215
v 0.024203 0.000772 0.043218
v 0.026829 0.007001 0.038926
v 0.026131 0.003991 0.041412
v 0.026633 0.005604 0.040215
v 0.024193 0.001029 0.043218
v 0.025282 0.002563 0.042434
v 0.024693 0.002603 0.042859
v 0.024187 0.001158 0.043218
v 0.026697 0.006626 0.039577
v 0.025268 0.002697 0.042434
v 0.024177 0.001351 0.043218
v 0.025253 0.002831 0.042434
v 0.024664 0.002865 0.042859
v 0.026063 0.004407 0.041412
v 0.026040 0.004545 0.041412
v 0.025568 0.004428 0.041950
v 0.025230 0.003033 0.042434
v 0.024615 0.003258 0.042859
v 0.026491 0.006240 0.040215
v 0.026066 0.006470 0.040830
v 0.026015 0.004684 0.041412
v 0.024152 0.001736 0.043218
v 0.025990 0.004822 0.041412
v 0.024122 0.002121 0.043218
v 0.025120 0.003836 0.042434
v 0.024498 0.004042 0.042859
v 0.025867 0.005443 0.041412
v 0.025326 0.005646 0.041950
v 0.024098 0.002378 0.043218
v 0.024085 0.002506 0.043218
v 0.024071 0.002634 0.043218
v 0.025055 0.004236 0.042434
v 0.024454 0.004302 0.042859
v 0.025032 0.004370 0.042434
v 0.024041 0.002890 0.043218
v 0.025729 0.006060 0.041412
v 0.025009 0.004503 0.042434
v 0.024407 0.004562 0.042859
v 0.024017 0.003082 0.043218
v 0.024984 0.004636 0.042434
v 0.024357 0.004821 0.042859
v 0.023965 0.003464 0.043218
v 0.024866 0.005232 0.042434
v 0.023907 0.003846 0.043218
v 0.023864 0.004100 0.043218
v 0.023842 0.004227 0.043218
v 0.023819 0.004354 0.043218
v 0.023772 0.004607 0.043218
v 0.024234 0.005403 0.042859
v 0.023747 0.004733 0.043218
v 0.023695 0.004986 0.043218
v 0.023569 0.005551 0.043218
v 0.024098 0.005981 0.042859
v 0.023429 0.006114 0.043218
v 0.027933 0.000389 0.037950
v 0.027878 0.000555 0.038274
v 0.027367 0.000491 0.039898
v 0.027503 0.000548 0.039577
v 0.027210 0.000651 0.040215
v 0.027213 0.000542 0.040215
v 0.027044 0.000377 0.040526
v 0.026854 0.000535 0.040830
v 0.025681 0.000563 0.042199
v 0.025945 0.000517 0.041950
v 0.025405 0.000607 0.042434
v 0.026986 0.007215 0.037950
v 0.025856 0.002205 0.041950
v 0.023248 0.000417 0.043628
v 0.025651 0.003917 0.041950
v 0.026524 0.006752 0.039898
v 0.026415 0.006556 0.040215
v 0.022597 0.000315 0.043815
v 0.022269 0.000444 0.043883
v 0.026127 0.006985 0.040526
v 0.025576 0.006674 0.041412
v 0.025184 0.006251 0.041950
v 0.024966 0.006038 0.042199
v 0.024734 0.005826 0.042434
v 0.024891 0.006337 0.042199
v 0.022532 0.005736 0.043628
v 0.021831 0.005837 0.043815
v 0.027772 0.000359 0.038763
v 0.027625 0.000385 0.039252
v 0.027439 0.000410 0.039738
v 0.026543 0.000449 0.041270
v 0.026427 0.000632 0.041412
v 0.026431 0.000421 0.041412
v 0.025817 0.000385 0.042076
v 0.025683 0.000460 0.042199
v 0.024976 0.000423 0.042759
v 0.024826 0.000494 0.042859
v 0.025124 0.000350 0.042655
v 0.024369 0.000315 0.043135
v 0.026809 0.007253 0.038763
v 0.023412 0.000350 0.043570
v 0.026689 0.007135 0.039252
v 0.026531 0.007008 0.039738
v 0.021787 0.000282 0.043955
v 0.024962 0.006594 0.042076
v 0.024587 0.006416 0.042434
v 0.024187 0.006234 0.042759
v 0.024272 0.006489 0.042655
v 0.023524 0.006365 0.043135
v 0.022637 0.005980 0.043570
v 0.021031 0.005690 0.043955
v 0.027944 0.000348 0.037869
v 0.027474 0.000369 0.039657
v 0.027369 0.000381 0.039898
v 0.027089 0.000337 0.040449
v 0.026488 0.000382 0.041342
v 0.026544 0.000343 0.041270
v 0.026197 0.000365 0.041687
v 0.025883 0.000348 0.042013
v 0.026963 0.007338 0.037869
v 0.023494 0.000316 0.043540
v 0.026531 0.007136 0.039657
v 0.022679 0.000282 0.043795
v 0.023087 0.000299 0.043681
v 0.026441 0.007069 0.039898
v 0.026139 0.007114 0.040449
v 0.025601 0.006803 0.041342
v 0.025623 0.006933 0.041270
v 0.025309 0.006766 0.041687
v 0.024995 0.006723 0.042013
v 0.022688 0.006102 0.043540
v 0.022286 0.006030 0.043681
v 0.021884 0.005956 0.043795
v 0.027783 0.000339 0.038722
v 0.027653 0.000344 0.039171
v 0.027490 0.000349 0.039617
v 0.025916 0.000329 0.041982
v 0.025549 0.000331 0.042319
v 0.025160 0.000332 0.042628
v 0.025197 0.000313 0.042601
v 0.024409 0.000298 0.043113
v 0.026802 0.007316 0.038722
v 0.023534 0.000299 0.043524
v 0.026682 0.007262 0.039171
v 0.026531 0.007200 0.039617
v 0.021828 0.000266 0.043951
v 0.025011 0.006787 0.041982
v 0.024662 0.006673 0.042319
v 0.024292 0.006553 0.042628
v 0.024312 0.006617 0.042601
v 0.023547 0.006428 0.043113
v 0.022713 0.006164 0.043524
v 0.021057 0.005748 0.043951
v 0.027946 0.000337 0.037849
v 0.027498 0.000339 0.039597
v 0.027100 0.000327 0.040430
v 0.026558 0.000334 0.041253
v 0.026572 0.000324 0.041235
v 0.026257 0.000327 0.041619
v 0.025932 0.000319 0.041966
v 0.026957 0.007369 0.037849
v 0.023555 0.000290 0.043516
v 0.023128 0.000282 0.043668
v 0.026531 0.007231 0.039597
v 0.022700 0.000274 0.043790
v 0.026141 0.007146 0.040430
v 0.025629 0.006965 0.041253
v 0.025634 0.006997 0.041235
v 0.025336 0.006896 0.041619
v 0.025019 0.006819 0.041966
v 0.022726 0.006194 0.043516
v 0.022312 0.006091 0.043668
v 0.021897 0.005986 0.043790
v 0.027785 0.000333 0.038712
v 0.027659 0.000334 0.039150
v 0.027502 0.000333 0.039587
v 0.025940 0.000315 0.041958
v 0.025583 0.000312 0.042289
v 0.025206 0.000309 0.042594
v 0.025215 0.000304 0.042587
v 0.024418 0.000293 0.043108
v 0.026801 0.007332 0.038712
v 0.023565 0.000286 0.043513
v 0.026681 0.007294 0.039150
v 0.026530 0.007247 0.039587
v 0.021838 0.000262 0.043950
v 0.025023 0.006836 0.041958
v 0.024680 0.006737 0.042289
v 0.024317 0.006633 0.042594
v 0.024322 0.006649 0.042587
v 0.023553 0.006443 0.043108
v 0.022732 0.006210 0.043513
v 0.021064 0.005763 0.043950
v 0.027947 0.000335 0.037844
v 0.027505 0.000331 0.039582
v 0.027103 0.000324 0.040425
v 0.026579 0.000319 0.041226
v 0.026575 0.000321 0.041230
v 0.026272 0.000317 0.041602
v 0.025944 0.000312 0.041954
v 0.026956 0.007377 0.037844
v 0.023570 0.000284 0.043511
v 0.023139 0.000278 0.043665
v 0.026530 0.007255 0.039582
v 0.022705 0.000272 0.043789
v 0.026142 0.007154 0.040425
v 0.025635 0.007005 0.041230
v 0.025637 0.007014 0.041226
v 0.025343 0.006928 0.041602
v 0.025025 0.006844 0.041954
v 0.022735 0.006217 0.043511
v 0.022319 0.006106 0.043665
v 0.021900 0.005993 0.043789
v 0.027661 0.000331 0.039145
v 0.027506 0.000330 0.039579
v 0.025946 0.000311 0.041952
v 0.025592 0.000307 0.042282
v 0.025219 0.000302 0.042584
v 0.025217 0.000303 0.042586
v 0.026800 0.007336 0.038709
v 0.023572 0.000283 0.043510
v 0.026680 0.007302 0.039145
v 0.026530 0.007259 0.039579
v 0.025026 0.006848 0.041952
v 0.024685 0.006753 0.042282
v 0.024324 0.006653 0.042586
v 0.024325 0.006657 0.042584
v 0.023554 0.006447 0.043106
v 0.022737 0.006221 0.043510
v 0.021065 0.005766 0.043949
v -0.016424 -0.013088 0.044000
v -0.015773 -0.013865 0.044000
v -0.015085 -0.014611 0.044000
v -0.014362 -0.015322 0.044000
v -0.013605 -0.015998 0.044000
v -0.012817 -0.016636 0.044000
v -0.011999 -0.017236 0.044000
v -0.011152 -0.017795 0.044000
v -0.010280 -0.018313 0.044000
v -0.009384 -0.018788 0.044000
v -0.008465 -0.019219 0.044000
v -0.007527 -0.019605 0.044000
v -0.006571 -0.019946 0.044000
v -0.005600 -0.020240 0.044000
v -0.004616 -0.020487 0.044000
v -0.003891 -0.020637 0.044000
v -0.021795 -0.017392 0.038274
v -0.022208 -0.016861 0.038274
v -0.021583 -0.017654 0.038274
v -0.021490 -0.017174 0.039577
v -0.021069 -0.017688 0.039577
v -0.021150 -0.018170 0.038274
v -0.020636 -0.018191 0.039577
v -0.020930 -0.018425 0.038274
v -0.020706 -0.018676 0.038274
v -0.020190 -0.018684 0.039577
v -0.020249 -0.019171 0.038274
v -0.019733 -0.019167 0.039577
v -0.020016 -0.019414 0.038274
v -0.019541 -0.019892 0.038274
v -0.018529 -0.020838 0.038274
v -0.018020 -0.021279 0.038274
v -0.017734 -0.021030 0.039577
v -0.017762 -0.021495 0.038274
v -0.017221 -0.021452 0.039577
v -0.017238 -0.021918 0.038274
v -0.016698 -0.021862 0.039577
v -0.016972 -0.022124 0.038274
v -0.016703 -0.022328 0.038274
v -0.016165 -0.022259 0.039577
v -0.016159 -0.022725 0.038274
v -0.015623 -0.022643 0.039577
v -0.015883 -0.022918 0.038274
v -0.015325 -0.023295 0.038274
v -0.017410 -0.013893 0.043883
v -0.017740 -0.013469 0.043883
v -0.017241 -0.014103 0.043883
v -0.018418 -0.014719 0.043509
v -0.018058 -0.015160 0.043509
v -0.014149 -0.024028 0.038274
v -0.016896 -0.014515 0.043883
v -0.017686 -0.015591 0.043509
v -0.016719 -0.014718 0.043883
v -0.013565 -0.024362 0.038274
v -0.013299 -0.024081 0.039577
v -0.016540 -0.014919 0.043883
v -0.017305 -0.016014 0.043509
v -0.013269 -0.024524 0.038274
v -0.012713 -0.024396 0.039577
v -0.016175 -0.015314 0.043883
v -0.016913 -0.016427 0.043509
v -0.012673 -0.024838 0.038274
v -0.012120 -0.024696 0.039577
v -0.015989 -0.015508 0.043883
v -0.012372 -0.024989 0.038274
v -0.012070 -0.025137 0.038274
v -0.011520 -0.024981 0.039577
v -0.015610 -0.015890 0.043883
v -0.011459 -0.025421 0.038274
v -0.010913 -0.025252 0.039577
v -0.011151 -0.025557 0.038274
v -0.014801 -0.016646 0.043883
v -0.010530 -0.025819 0.038274
v -0.014395 -0.016998 0.043883
v -0.014189 -0.017171 0.043883
v -0.014760 -0.018386 0.043509
v -0.015199 -0.018024 0.043509
v -0.009235 -0.026310 0.038274
v -0.013770 -0.017509 0.043883
v -0.014311 -0.018737 0.043509
v -0.013557 -0.017674 0.043883
v -0.008596 -0.026526 0.038274
v -0.008353 -0.026210 0.039577
v -0.013343 -0.017836 0.043883
v -0.013855 -0.019078 0.043509
v -0.008275 -0.026627 0.038274
v -0.007718 -0.026404 0.039577
v -0.012908 -0.018153 0.043883
v -0.013390 -0.019407 0.043509
v -0.007630 -0.026820 0.038274
v -0.007078 -0.026583 0.039577
v -0.012688 -0.018308 0.043883
v -0.007305 -0.026910 0.038274
v -0.006979 -0.026996 0.038274
v -0.006433 -0.026746 0.039577
v -0.012242 -0.018609 0.043883
v -0.006325 -0.027157 0.038274
v -0.005960 -0.026855 0.039577
v -0.006085 -0.027211 0.038274
v -0.005845 -0.027264 0.038274
v -0.005485 -0.026956 0.039577
v -0.011303 -0.019194 0.043883
v -0.005363 -0.027363 0.038274
v -0.010836 -0.019461 0.043883
v -0.004879 -0.027453 0.038274
v -0.010600 -0.019591 0.043883
v -0.010896 -0.020909 0.043509
v -0.011398 -0.020639 0.043509
v -0.010124 -0.019841 0.043883
v -0.010388 -0.021166 0.043509
v -0.009883 -0.019962 0.043883
v -0.009641 -0.020080 0.043883
v -0.009874 -0.021410 0.043509
v -0.009154 -0.020307 0.043883
v -0.009354 -0.021643 0.043509
v -0.008908 -0.020416 0.043883
v -0.008412 -0.020625 0.043883
v -0.007377 -0.021017 0.043883
v -0.006867 -0.021189 0.043883
v -0.006610 -0.021271 0.043883
v -0.007159 -0.022464 0.043509
v -0.006615 -0.022630 0.043509
v -0.006095 -0.021424 0.043883
v -0.006066 -0.022783 0.043509
v -0.005835 -0.021496 0.043883
v -0.005575 -0.021565 0.043883
v -0.005514 -0.022923 0.043509
v -0.005053 -0.021693 0.043883
v -0.005108 -0.023017 0.043509
v -0.004861 -0.021737 0.043883
v -0.004669 -0.021779 0.043883
v -0.004701 -0.023103 0.043509
v -0.004284 -0.021858 0.043883
v -0.003898 -0.021930 0.043883
v -0.022293 -0.016493 0.038926
v -0.021910 -0.016634 0.039577
v -0.021472 -0.016727 0.040215
v -0.021050 -0.017255 0.040215
v -0.021393 -0.016242 0.040830
v -0.020559 -0.017284 0.040830
v -0.020840 -0.017508 0.040215
v -0.020734 -0.017634 0.040215
v -0.020349 -0.017531 0.040830
v -0.020520 -0.017883 0.040215
v -0.020136 -0.017776 0.040830
v -0.020412 -0.018006 0.040215
v -0.020302 -0.018129 0.040215
v -0.019920 -0.018018 0.040830
v -0.020082 -0.018373 0.040215
v -0.019701 -0.018257 0.040830
v -0.020444 -0.016758 0.041412
v -0.020854 -0.016245 0.041412
v -0.020272 -0.016201 0.041950
v -0.019971 -0.018494 0.040215
v -0.019172 -0.020035 0.038926
v -0.019746 -0.018734 0.040215
v -0.020022 -0.017261 0.041412
v -0.019442 -0.017188 0.041950
v -0.019917 -0.017382 0.041412
v -0.019812 -0.017502 0.041412
v -0.019274 -0.019219 0.040215
v -0.018770 -0.019213 0.040830
v -0.019706 -0.017621 0.041412
v -0.019599 -0.017740 0.041412
v -0.019398 -0.015502 0.042859
v -0.019007 -0.015979 0.042859
v -0.019654 -0.016110 0.042434
v -0.019152 -0.018221 0.041412
v -0.019247 -0.016594 0.042434
v -0.018812 -0.016207 0.042859
v -0.019103 -0.014881 0.043218
v -0.019777 -0.015015 0.042859
v -0.019467 -0.014402 0.043218
v -0.019147 -0.016710 0.042434
v -0.018615 -0.016433 0.042859
v -0.019046 -0.016825 0.042434
v -0.018296 -0.020153 0.040215
v -0.018944 -0.016940 0.042434
v -0.018416 -0.016657 0.042859
v -0.018841 -0.017054 0.042434
v -0.018213 -0.016878 0.042859
v -0.018728 -0.015351 0.043218
v -0.018541 -0.015577 0.043218
v -0.018447 -0.015688 0.043218
v -0.018411 -0.017517 0.042434
v -0.017352 -0.017762 0.042859
v -0.018256 -0.015910 0.043218
v -0.017272 -0.021037 0.040215
v -0.018160 -0.016020 0.043218
v -0.018062 -0.016129 0.043218
v -0.017017 -0.021244 0.040215
v -0.016771 -0.020981 0.040830
v -0.016889 -0.021346 0.040215
v -0.016516 -0.021182 0.040830
v -0.017866 -0.016346 0.043218
v -0.017767 -0.016454 0.043218
v -0.016629 -0.021548 0.040215
v -0.016259 -0.021380 0.040830
v -0.016499 -0.021648 0.040215
v -0.017567 -0.016667 0.043218
v -0.016368 -0.021748 0.040215
v -0.016000 -0.021575 0.040830
v -0.016104 -0.021944 0.040215
v -0.015738 -0.021766 0.040830
v -0.015971 -0.022041 0.040215
v -0.014920 -0.023375 0.038926
v -0.017148 -0.017098 0.043218
v -0.015704 -0.022232 0.040215
v -0.016107 -0.020962 0.041412
v -0.016233 -0.020864 0.041412
v -0.015666 -0.020689 0.041950
v -0.015980 -0.021059 0.041412
v -0.016203 -0.020271 0.041950
v -0.015147 -0.022615 0.040215
v -0.014637 -0.022521 0.040830
v -0.015853 -0.021155 0.041412
v -0.015725 -0.021250 0.041412
v -0.016277 -0.017929 0.043218
v -0.015192 -0.021634 0.041412
v -0.015606 -0.020057 0.042434
v -0.015484 -0.020151 0.042434
v -0.015269 -0.019582 0.042859
v -0.015031 -0.019765 0.042859
v -0.014005 -0.023340 0.040215
v -0.015362 -0.020244 0.042434
v -0.015240 -0.020337 0.042434
v -0.014791 -0.019945 0.042859
v -0.015117 -0.020428 0.042434
v -0.014549 -0.020122 0.042859
v -0.015367 -0.018716 0.043218
v -0.015140 -0.018900 0.043218
v -0.015504 -0.019396 0.042859
v -0.015025 -0.018991 0.043218
v -0.014604 -0.020798 0.042434
v -0.013532 -0.020820 0.042859
v -0.014795 -0.019171 0.043218
v -0.012828 -0.024007 0.040215
v -0.014679 -0.019260 0.043218
v -0.014562 -0.019348 0.043218
v -0.012537 -0.024160 0.040215
v -0.012330 -0.023863 0.040830
v -0.012391 -0.024235 0.040215
v -0.012041 -0.024010 0.040830
v -0.014327 -0.019523 0.043218
v -0.014209 -0.019609 0.043218
v -0.012097 -0.024383 0.040215
v -0.011750 -0.024153 0.040830
v -0.011950 -0.024456 0.040215
v -0.013971 -0.019779 0.043218
v -0.011802 -0.024527 0.040215
v -0.011457 -0.024294 0.040830
v -0.011505 -0.024668 0.040215
v -0.011163 -0.024430 0.040830
v -0.011355 -0.024737 0.040215
v -0.010099 -0.025826 0.038926
v -0.013476 -0.020120 0.043218
v -0.011056 -0.024872 0.040215
v -0.011666 -0.023722 0.041412
v -0.011809 -0.023651 0.041412
v -0.011271 -0.023375 0.041950
v -0.011523 -0.023792 0.041412
v -0.011913 -0.023055 0.041950
v -0.010434 -0.025139 0.040215
v -0.009936 -0.024955 0.040830
v -0.011379 -0.023861 0.041412
v -0.011235 -0.023929 0.041412
v -0.012460 -0.020765 0.043218
v -0.010637 -0.024201 0.041412
v -0.011353 -0.022736 0.042434
v -0.011215 -0.022804 0.042434
v -0.011132 -0.022196 0.042859
v -0.010863 -0.022329 0.042859
v -0.009172 -0.025627 0.040215
v -0.011077 -0.022872 0.042434
v -0.010939 -0.022938 0.042434
v -0.010592 -0.022459 0.042859
v -0.010800 -0.023004 0.042434
v -0.010320 -0.022585 0.042859
v -0.011412 -0.021358 0.043218
v -0.011154 -0.021494 0.043218
v -0.011399 -0.022060 0.042859
v -0.011024 -0.021561 0.043218
v -0.010225 -0.023265 0.042434
v -0.009185 -0.023070 0.042859
v -0.010762 -0.021693 0.043218
v -0.007888 -0.026051 0.040215
v -0.010631 -0.021757 0.043218
v -0.010500 -0.021821 0.043218
v -0.007572 -0.026144 0.040215
v -0.007410 -0.025817 0.040830
v -0.007414 -0.026189 0.040215
v -0.007097 -0.025905 0.040830
v -0.010235 -0.021946 0.043218
v -0.010103 -0.022008 0.043218
v -0.007098 -0.026277 0.040215
v -0.006784 -0.025989 0.040830
v -0.006939 -0.026319 0.040215
v -0.009836 -0.022128 0.043218
v -0.006780 -0.026361 0.040215
v -0.006469 -0.026069 0.040830
v -0.006461 -0.026441 0.040215
v -0.006239 -0.026125 0.040830
v -0.006344 -0.026469 0.040215
v -0.006227 -0.026497 0.040215
v -0.006008 -0.026179 0.040830
v -0.009283 -0.022366 0.043218
v -0.005993 -0.026550 0.040215
v -0.004513 -0.027360 0.038926
v -0.005759 -0.026602 0.040215
v -0.006769 -0.025554 0.041412
v -0.006923 -0.025512 0.041412
v -0.006432 -0.025140 0.041950
v -0.004814 -0.027084 0.039577
v -0.006614 -0.025594 0.041412
v -0.007159 -0.024943 0.041950
v -0.006460 -0.025634 0.041412
v -0.005096 -0.026737 0.040215
v -0.004700 -0.026445 0.040830
v -0.006346 -0.025662 0.041412
v -0.006233 -0.025690 0.041412
v -0.008160 -0.022799 0.043218
v -0.005593 -0.025836 0.041412
v -0.005175 -0.025429 0.041950
v -0.006655 -0.024526 0.042434
v -0.006507 -0.024565 0.042434
v -0.006561 -0.023948 0.042859
v -0.006272 -0.024026 0.042859
v -0.006359 -0.024604 0.042434
v -0.006210 -0.024642 0.042434
v -0.005981 -0.024100 0.042859
v -0.004949 -0.025967 0.041412
v -0.006101 -0.024669 0.042434
v -0.007017 -0.023176 0.043218
v -0.005992 -0.024696 0.042434
v -0.005768 -0.024152 0.042859
v -0.005555 -0.024202 0.042859
v -0.006737 -0.023260 0.043218
v -0.006850 -0.023867 0.042859
v -0.006596 -0.023300 0.043218
v -0.005377 -0.024837 0.042434
v -0.006314 -0.023378 0.043218
v -0.006173 -0.023415 0.043218
v -0.006032 -0.023452 0.043218
v -0.005748 -0.023523 0.043218
v -0.005644 -0.023549 0.043218
v -0.005540 -0.023573 0.043218
v -0.004951 -0.024332 0.042859
v -0.005332 -0.023621 0.043218
v -0.005123 -0.023667 0.043218
v -0.004533 -0.023787 0.043218
v -0.004345 -0.024448 0.042859
v -0.003941 -0.023893 0.043218
v -0.022561 -0.016475 0.037950
v -0.021903 -0.016416 0.039898
v -0.021678 -0.016459 0.040215
v -0.021843 -0.015951 0.040526
v -0.021251 -0.015722 0.041412
v -0.020668 -0.015692 0.041950
v -0.020362 -0.015660 0.042199
v -0.020555 -0.015406 0.042199
v -0.020048 -0.015617 0.042434
v -0.018801 -0.017887 0.041950
v -0.018607 -0.013945 0.043628
v -0.018473 -0.018910 0.041412
v -0.018134 -0.018563 0.041950
v -0.018251 -0.013328 0.043815
v -0.017998 -0.019363 0.041412
v -0.017190 -0.019441 0.041950
v -0.017788 -0.019853 0.041126
v -0.017759 -0.018178 0.042434
v -0.017014 -0.020233 0.041412
v -0.017302 -0.018614 0.042434
v -0.016506 -0.020649 0.041412
v -0.016768 -0.018714 0.042655
v -0.016356 -0.019450 0.042434
v -0.014479 -0.023391 0.039577
v -0.015867 -0.019851 0.042434
v -0.015966 -0.016905 0.043628
v -0.014913 -0.021238 0.041950
v -0.015541 -0.017297 0.043628
v -0.014406 -0.022165 0.041412
v -0.014142 -0.021759 0.041950
v -0.013851 -0.022516 0.041412
v -0.013043 -0.022435 0.041950
v -0.013557 -0.022951 0.041126
v -0.013849 -0.021308 0.042434
v -0.012715 -0.023177 0.041412
v -0.013315 -0.021646 0.042434
v -0.012135 -0.023485 0.041412
v -0.012779 -0.021635 0.042655
v -0.012223 -0.022280 0.042434
v -0.009645 -0.025763 0.039577
v -0.011666 -0.022577 0.042434
v -0.012375 -0.019687 0.043628
v -0.010442 -0.023757 0.041950
v -0.011882 -0.019988 0.043628
v -0.009779 -0.024560 0.041412
v -0.009599 -0.024110 0.041950
v -0.009165 -0.024795 0.041412
v -0.008389 -0.024557 0.041950
v -0.008800 -0.025161 0.041126
v -0.009400 -0.023610 0.042434
v -0.004375 -0.027591 0.037950
v -0.007922 -0.025220 0.041412
v -0.008811 -0.023836 0.042434
v -0.007293 -0.025409 0.041412
v -0.008296 -0.023718 0.042655
v -0.007615 -0.024245 0.042434
v -0.004622 -0.026979 0.039898
v -0.004763 -0.026798 0.040215
v -0.007011 -0.024426 0.042434
v -0.008311 -0.021717 0.043628
v -0.004236 -0.026713 0.040526
v -0.007768 -0.021917 0.043628
v -0.004302 -0.026082 0.041412
v -0.004541 -0.025550 0.041950
v -0.004652 -0.025263 0.042199
v -0.004758 -0.024963 0.042434
v -0.004338 -0.025318 0.042199
v -0.003927 -0.022919 0.043628
v -0.003539 -0.022321 0.043815
v -0.022481 -0.016310 0.038763
v -0.022312 -0.016294 0.039252
v -0.022112 -0.016253 0.039738
v -0.020805 -0.015292 0.042076
v -0.020429 -0.015114 0.042434
v -0.020035 -0.014919 0.042759
v -0.020292 -0.014818 0.042655
v -0.019727 -0.014312 0.043135
v -0.018867 -0.013868 0.043570
v -0.017637 -0.012795 0.043955
v -0.017166 -0.020659 0.040830
v -0.015870 -0.019099 0.042859
v -0.012789 -0.023620 0.040830
v -0.011823 -0.021836 0.042859
v -0.007916 -0.025666 0.040830
v -0.004265 -0.027445 0.038763
v -0.004327 -0.027287 0.039252
v -0.004382 -0.027091 0.039738
v -0.007319 -0.023728 0.042859
v -0.004123 -0.025489 0.042076
v -0.004136 -0.025074 0.042434
v -0.004142 -0.024634 0.042759
v -0.003935 -0.024816 0.042655
v -0.003742 -0.024083 0.043135
v -0.003739 -0.023115 0.043570
v -0.003346 -0.021531 0.043955
v -0.022646 -0.016376 0.037869
v -0.022215 -0.016170 0.039657
v -0.022106 -0.016143 0.039898
v -0.021953 -0.015875 0.040449
v -0.021370 -0.015656 0.041342
v -0.021488 -0.015589 0.041270
v -0.021159 -0.015451 0.041687
v -0.020929 -0.015233 0.042013
v -0.018997 -0.013827 0.043540
v -0.018689 -0.013559 0.043681
v -0.018379 -0.013291 0.043795
v -0.004248 -0.027621 0.037869
v -0.004261 -0.027144 0.039657
v -0.004287 -0.027034 0.039898
v -0.004118 -0.026777 0.040449
v -0.004189 -0.026158 0.041342
v -0.004076 -0.026232 0.041270
v -0.004103 -0.025876 0.041687
v -0.004014 -0.025572 0.042013
v -0.003644 -0.023212 0.043540
v -0.003545 -0.022816 0.043681
v -0.003448 -0.022418 0.043795
v -0.022528 -0.016264 0.038722
v -0.022410 -0.016205 0.039171
v -0.022266 -0.016127 0.039617
v -0.020990 -0.015204 0.041982
v -0.020682 -0.015005 0.042319
v -0.020356 -0.014792 0.042628
v -0.020419 -0.014766 0.042601
v -0.019792 -0.014289 0.043113
v -0.019062 -0.013807 0.043524
v -0.017699 -0.012778 0.043951
v -0.004202 -0.027466 0.038722
v -0.004204 -0.027334 0.039171
v -0.004200 -0.027170 0.039617
v -0.003960 -0.025614 0.041982
v -0.003923 -0.025248 0.042319
v -0.003883 -0.024861 0.042628
v -0.003830 -0.024906 0.042601
v -0.003692 -0.024130 0.043113
v -0.003596 -0.023260 0.043524
v -0.003301 -0.021578 0.043951
v -0.022667 -0.016351 0.037849
v -0.022291 -0.016106 0.039597
v -0.021981 -0.015856 0.040430
v -0.021517 -0.015572 0.041253
v -0.021546 -0.015555 0.041235
v -0.021279 -0.015388 0.041619
v -0.021021 -0.015189 0.041966
v -0.019094 -0.013796 0.043516
v -0.018754 -0.013539 0.043668
v -0.018412 -0.013281 0.043790
v -0.004216 -0.027629 0.037849
v -0.004170 -0.027183 0.039597
v -0.004088 -0.026792 0.040430
v -0.004047 -0.026250 0.041253
v -0.004019 -0.026269 0.041235
v -0.003992 -0.025955 0.041619
v -0.003932 -0.025634 0.041966
v -0.003572 -0.023284 0.043516
v -0.003498 -0.022864 0.043668
v -0.003425 -0.022442 0.043790
v -0.022539 -0.016252 0.038712
v -0.022434 -0.016183 0.039150
v -0.022304 -0.016096 0.039587
v -0.021036 -0.015181 0.041958
v -0.020744 -0.014976 0.042289
v -0.020435 -0.014759 0.042594
v -0.020451 -0.014753 0.042587
v -0.019808 -0.014283 0.043108
v -0.019110 -0.013791 0.043513
v -0.017715 -0.012773 0.043950
v -0.004187 -0.027471 0.038712
v -0.004173 -0.027345 0.039150
v -0.004154 -0.027189 0.039587
v -0.003918 -0.025644 0.041958
v -0.003869 -0.025291 0.042289
v -0.003817 -0.024917 0.042594
v -0.003804 -0.024928 0.042587
v -0.003679 -0.024142 0.043108
v -0.003560 -0.023296 0.043513
v -0.003290 -0.021590 0.043950
v -0.022672 -0.016345 0.037844
v -0.022310 -0.016090 0.039582
v -0.021987 -0.015851 0.040425
v -0.021561 -0.015547 0.041226
v -0.021553 -0.015551 0.041230
v -0.021309 -0.015371 0.041602
v -0.021044 -0.015177 0.041954
v -0.019118 -0.013788 0.043511
v -0.018770 -0.013534 0.043665
v -0.018420 -0.013279 0.043789
v -0.004208 -0.027631 0.037844
v -0.004147 -0.027192 0.039582
v -0.004081 -0.026796 0.040425
v -0.004012 -0.026273 0.041230
v -0.004005 -0.026278 0.041226
v -0.003964 -0.025974 0.041602
v -0.003912 -0.025649 0.041954
v -0.003554 -0.023302 0.043511
v -0.003486 -0.022876 0.043665
v -0.003419 -0.022448 0.043789
v -0.022542 -0.016249 0.038709
v -0.022440 -0.016177 0.039145
v -0.022313 -0.016088 0.039579
v -0.021048 -0.015175 0.041952
v -0.020760 -0.014969 0.042282
v -0.020459 -0.014749 0.042584
v -0.020455 -0.014751 0.042586
v -0.019812 -0.014281 0.043106
v -0.019123 -0.013787 0.043510
v -0.017718 -0.012772 0.043949
v -0.004183 -0.027472 0.038709
v -0.004165 -0.027348 0.039145
v -0.004143 -0.027194 0.039579
v -0.003908 -0.025652 0.041952
v -0.003856 -0.025302 0.042282
v -0.003801 -0.024931 0.042586
v -0.003797 -0.024934 0.042584
v -0.003676 -0.024145 0.043106
v -0.003551 -0.023305 0.043510
v -0.003288 -0.021593 0.043949
v 0.019965 0.006505 0.044000
v 0.019632 0.007450 0.044000
v 0.019386 0.008070 0.044000
v 0.026569 0.008452 0.038274
v 0.026269 0.008156 0.039577
v 0.026102 0.008676 0.039577
v 0.026484 0.008716 0.038274
v 0.026378 0.009031 0.038274
v 0.025888 0.009297 0.039577
v 0.026155 0.009658 0.038274
v 0.025698 0.009809 0.039577
v 0.026057 0.009917 0.038274
v 0.025978 0.010124 0.038274
v 0.025538 0.010217 0.039577
v 0.025813 0.010536 0.038274
v 0.025373 0.010622 0.039577
v 0.025729 0.010741 0.038274
v 0.021224 0.006752 0.043883
v 0.022515 0.006990 0.043509
v 0.021379 0.006243 0.043883
v 0.022371 0.007436 0.043509
v 0.021156 0.006962 0.043883
v 0.021071 0.007214 0.043883
v 0.022187 0.007968 0.043509
v 0.020893 0.007715 0.043883
v 0.022025 0.008407 0.043509
v 0.020815 0.007922 0.043883
v 0.020752 0.008087 0.043883
v 0.021888 0.008757 0.043509
v 0.020620 0.008416 0.043883
v 0.021746 0.009104 0.043509
v 0.020553 0.008580 0.043883
v 0.026725 0.007388 0.038926
v 0.026763 0.007816 0.038274
v 0.026113 0.007668 0.040215
v 0.025795 0.007477 0.040830
v 0.025704 0.007784 0.040830
v 0.026159 0.007512 0.040215
v 0.026457 0.007527 0.039577
v 0.026020 0.007979 0.040215
v 0.025939 0.008237 0.040215
v 0.025544 0.008294 0.040830
v 0.025856 0.008495 0.040215
v 0.025460 0.008547 0.040830
v 0.025814 0.008623 0.040215
v 0.025762 0.008777 0.040215
v 0.025357 0.008851 0.040830
v 0.025369 0.007422 0.041412
v 0.025406 0.007296 0.041412
v 0.025655 0.009084 0.040215
v 0.025324 0.007573 0.041412
v 0.024886 0.007348 0.041950
v 0.025563 0.009338 0.040215
v 0.025176 0.009353 0.040830
v 0.025248 0.007825 0.041412
v 0.024574 0.008331 0.041950
v 0.025469 0.009592 0.040215
v 0.025081 0.009603 0.040830
v 0.025331 0.011277 0.038926
v 0.025555 0.011149 0.038274
v 0.025421 0.009718 0.040215
v 0.025383 0.009819 0.040215
v 0.025004 0.009802 0.040830
v 0.025087 0.008325 0.041412
v 0.025304 0.010021 0.040215
v 0.024925 0.010000 0.040830
v 0.025045 0.008450 0.041412
v 0.025264 0.010122 0.040215
v 0.025211 0.010999 0.039577
v 0.024995 0.008599 0.041412
v 0.025182 0.010322 0.040215
v 0.024908 0.008847 0.041412
v 0.024223 0.009302 0.041950
v 0.024345 0.007280 0.042434
v 0.023847 0.006913 0.042859
v 0.023763 0.007197 0.042859
v 0.024388 0.007135 0.042434
v 0.025026 0.010696 0.040215
v 0.024616 0.010739 0.040830
v 0.024271 0.007522 0.042434
v 0.023615 0.007668 0.042859
v 0.024727 0.009340 0.041412
v 0.024680 0.009463 0.041412
v 0.024642 0.009561 0.041412
v 0.024604 0.009659 0.041412
v 0.024117 0.008003 0.042434
v 0.023537 0.007902 0.042859
v 0.024077 0.008123 0.042434
v 0.023306 0.006568 0.043218
v 0.023338 0.006452 0.043218
v 0.022675 0.006451 0.043509
v 0.024028 0.008266 0.042434
v 0.023441 0.008182 0.042859
v 0.024457 0.010025 0.041412
v 0.023935 0.010020 0.041950
v 0.023273 0.006683 0.043218
v 0.023232 0.006822 0.043218
v 0.023944 0.008505 0.042434
v 0.023274 0.008647 0.042859
v 0.024305 0.010389 0.041412
v 0.023149 0.007099 0.043218
v 0.023771 0.008979 0.042434
v 0.023187 0.008878 0.042859
v 0.023077 0.007329 0.043218
v 0.023726 0.009097 0.042434
v 0.023689 0.009192 0.042434
v 0.023116 0.009062 0.042859
v 0.023003 0.007558 0.043218
v 0.023653 0.009286 0.042434
v 0.023043 0.009245 0.042859
v 0.022966 0.007672 0.043218
v 0.022919 0.007809 0.043218
v 0.023511 0.009637 0.042434
v 0.022825 0.008082 0.043218
v 0.022743 0.008308 0.043218
v 0.022659 0.008534 0.043218
v 0.022617 0.008646 0.043218
v 0.022902 0.009588 0.042859
v 0.022582 0.008736 0.043218
v 0.022512 0.008915 0.043218
v 0.022476 0.009005 0.043218
v 0.022404 0.009183 0.043218
v 0.022265 0.009516 0.043218
v 0.022757 0.009928 0.042859
v 0.026933 0.007409 0.037950
v 0.026855 0.007496 0.038274
v 0.026371 0.007326 0.039898
v 0.026196 0.007382 0.040215
v 0.026076 0.007174 0.040526
v 0.025868 0.007220 0.040830
v 0.025476 0.011455 0.037950
v 0.024731 0.006936 0.042199
v 0.024958 0.007100 0.041950
v 0.024423 0.007014 0.042434
v 0.024458 0.006892 0.042434
v 0.025045 0.011038 0.039898
v 0.024945 0.010883 0.040215
v 0.024666 0.011091 0.040526
v 0.022402 0.006223 0.043628
v 0.023783 0.010376 0.041950
v 0.021788 0.005994 0.043815
v 0.021452 0.005988 0.043883
v 0.023580 0.010183 0.042199
v 0.023504 0.010358 0.042199
v 0.023365 0.009987 0.042434
v 0.021276 0.009377 0.043628
v 0.020610 0.009267 0.043815
v 0.020414 0.008906 0.043883
v 0.026782 0.007350 0.038763
v 0.026636 0.007328 0.039252
v 0.026494 0.007395 0.039577
v 0.026453 0.007295 0.039738
v 0.024889 0.006864 0.042076
v 0.024993 0.006976 0.041950
v 0.024748 0.006875 0.042199
v 0.025308 0.011436 0.038763
v 0.025196 0.011329 0.039252
v 0.024224 0.006664 0.042655
v 0.025047 0.011206 0.039738
v 0.024071 0.006670 0.042759
v 0.023881 0.006794 0.042859
v 0.023915 0.006675 0.042859
v 0.023501 0.006450 0.043135
v 0.022571 0.006225 0.043570
v 0.023567 0.010544 0.042076
v 0.023214 0.010334 0.042434
v 0.021011 0.005766 0.043955
v 0.022914 0.010303 0.042655
v 0.022837 0.010116 0.042759
v 0.022207 0.010035 0.043135
v 0.022120 0.009847 0.043218
v 0.021371 0.009562 0.043570
v 0.019854 0.008972 0.043955
v 0.026950 0.007387 0.037869
v 0.026492 0.007279 0.039657
v 0.026390 0.007260 0.039898
v 0.026126 0.007161 0.040449
v 0.025598 0.007025 0.041270
v 0.025442 0.007170 0.041412
v 0.025538 0.007034 0.041342
v 0.025477 0.007043 0.041412
v 0.025453 0.011531 0.037869
v 0.025259 0.006949 0.041687
v 0.024958 0.006858 0.042013
v 0.025047 0.011290 0.039657
v 0.024962 0.011224 0.039898
v 0.024675 0.011178 0.040449
v 0.022654 0.006225 0.043540
v 0.024169 0.010840 0.041342
v 0.024189 0.010931 0.041270
v 0.024148 0.010750 0.041412
v 0.022264 0.006110 0.043681
v 0.023893 0.010743 0.041687
v 0.021873 0.005996 0.043795
v 0.023597 0.010637 0.042013
v 0.021418 0.009655 0.043540
v 0.021039 0.009507 0.043681
v 0.020658 0.009359 0.043795
v 0.026796 0.007340 0.038722
v 0.026669 0.007310 0.039171
v 0.026511 0.007271 0.039617
v 0.024993 0.006855 0.041982
v 0.025302 0.011476 0.038722
v 0.024638 0.006762 0.042319
v 0.024492 0.006771 0.042434
v 0.025188 0.011411 0.039171
v 0.024262 0.006663 0.042628
v 0.024300 0.006661 0.042601
v 0.025046 0.011332 0.039617
v 0.023541 0.006449 0.043113
v 0.022696 0.006225 0.043524
v 0.023611 0.010683 0.041982
v 0.023282 0.010521 0.042319
v 0.021052 0.005767 0.043951
v 0.022933 0.010350 0.042628
v 0.022951 0.010397 0.042601
v 0.022229 0.010082 0.043113
v 0.021442 0.009701 0.043524
v 0.019878 0.009016 0.043951
v 0.026954 0.007381 0.037849
v 0.026521 0.007267 0.039597
v 0.026138 0.007158 0.040430
v 0.025613 0.007023 0.041253
v 0.025628 0.007021 0.041235
v 0.025448 0.011550 0.037849
v 0.025323 0.006941 0.041619
v 0.025010 0.006853 0.041966
v 0.025045 0.011353 0.039597
v 0.024677 0.011200 0.040430
v 0.022717 0.006225 0.043516
v 0.024194 0.010953 0.041253
v 0.024199 0.010976 0.041235
v 0.022307 0.006111 0.043668
v 0.023917 0.010835 0.041619
v 0.021894 0.005996 0.043790
v 0.023618 0.010706 0.041966
v 0.021453 0.009725 0.043516
v 0.021063 0.009554 0.043668
v 0.020670 0.009381 0.043790
v 0.026799 0.007338 0.038712
v 0.026677 0.007306 0.039150
v 0.026526 0.007265 0.039587
v 0.025018 0.006853 0.041958
v 0.025300 0.011486 0.038712
v 0.024674 0.006759 0.042289
v 0.025187 0.011431 0.039150
v 0.024310 0.006661 0.042594
v 0.024319 0.006660 0.042587
v 0.025045 0.011363 0.039587
v 0.023551 0.006449 0.043108
v 0.022728 0.006225 0.043513
v 0.023622 0.010718 0.041958
v 0.023299 0.010568 0.042289
v 0.021062 0.005767 0.043950
v 0.022956 0.010409 0.042594
v 0.022960 0.010421 0.042587
v 0.022234 0.010094 0.043108
v 0.021459 0.009736 0.043513
v 0.019884 0.009027 0.043950
v 0.026528 0.007264 0.039582
v 0.025635 0.007019 0.041226
v 0.025631 0.007020 0.041230
v 0.025446 0.011554 0.037844
v 0.025339 0.006939 0.041602
v 0.025023 0.006852 0.041954
v 0.025045 0.011368 0.039582
v 0.024678 0.011205 0.040425
v 0.022733 0.006225 0.043511
v 0.024201 0.010987 0.041226
v 0.024200 0.010982 0.041230
v 0.022317 0.006111 0.043665
v 0.023923 0.010858 0.041602
v 0.023624 0.010723 0.041954
v 0.021462 0.009742 0.043511
v 0.021069 0.009565 0.043665
v 0.020673 0.009387 0.043789
v 0.026349 0.007215 0.040008
v 0.026214 0.007317 0.040215
v 0.026139 0.007158 0.040427
v 0.025299 0.011489 0.038709
v 0.024683 0.006759 0.042282
v 0.025186 0.011436 0.039145
v 0.024322 0.006660 0.042586
v 0.025045 0.011371 0.039579
v 0.023625 0.010726 0.041952
v 0.023303 0.010579 0.042282
v 0.022963 0.010427 0.042584
v 0.022962 0.010424 0.042586
v 0.022235 0.010097 0.043106
v 0.021463 0.009745 0.043510
v 0.019886 0.009030 0.043949
v -0.020976 -0.000983 0.044000
v -0.020907 -0.001964 0.044000
v -0.020792 -0.002941 0.044000
v -0.020631 -0.003912 0.044000
v -0.020426 -0.004873 0.044000
v -0.020175 -0.005824 0.044000
v -0.019881 -0.006763 0.044000
v -0.019542 -0.007686 0.044000
v -0.019161 -0.008593 0.044000
v -0.018738 -0.009481 0.044000
v -0.018274 -0.010348 0.044000
v -0.017769 -0.011192 0.044000
v -0.017411 -0.011741 0.044000
v -0.026579 -0.000004 0.041226
v -0.027045 -0.000132 0.040526
v -0.027090 -0.000033 0.040449
v -0.027100 -0.000008 0.040430
v -0.026852 -0.000524 0.040830
v -0.027103 -0.000002 0.040425
v -0.026576 -0.000010 0.041230
v -0.026572 -0.000016 0.041235
v -0.026273 -0.000008 0.041602
v -0.026258 -0.000032 0.041619
v -0.026432 -0.000258 0.041412
v -0.026489 -0.000162 0.041342
v -0.026545 -0.000065 0.041270
v -0.026558 -0.000040 0.041253
v -0.025944 -0.000006 0.041954
v -0.025940 -0.000012 0.041958
v -0.026197 -0.000128 0.041687
v -0.023570 -0.000005 0.043511
v -0.023565 -0.000011 0.043513
v -0.024212 -0.000236 0.043218
v -0.023139 -0.000004 0.043665
v -0.023555 -0.000022 0.043516
v -0.023413 -0.000171 0.043570
v -0.023494 -0.000086 0.043540
v -0.023535 -0.000043 0.043524
v -0.023129 -0.000014 0.043668
v -0.022705 -0.000002 0.043789
v -0.023088 -0.000056 0.043681
v -0.022700 -0.000007 0.043790
v -0.022677 -0.016337 0.037844
v -0.022688 -0.016321 0.037849
v -0.022326 -0.016068 0.039582
v -0.022494 -0.016088 0.039171
v -0.022335 -0.016052 0.039587
v -0.021993 -0.015844 0.040425
v -0.022354 -0.016019 0.039597
v -0.022437 -0.015678 0.039898
v -0.022001 -0.015827 0.040430
v -0.021579 -0.015516 0.041230
v -0.022171 -0.015492 0.040526
v -0.021586 -0.015499 0.041235
v -0.021571 -0.015533 0.041226
v -0.022036 -0.015760 0.040449
v -0.021329 -0.015344 0.041602
v -0.021618 -0.015432 0.041253
v -0.021649 -0.015364 0.041270
v -0.021359 -0.015276 0.041619
v -0.021059 -0.015157 0.041954
v -0.021066 -0.015140 0.041958
v -0.019132 -0.013770 0.043511
v -0.019875 -0.014106 0.043135
v -0.019137 -0.013754 0.043513
v -0.018779 -0.013522 0.043665
v -0.019148 -0.013722 0.043516
v -0.019169 -0.013657 0.043524
v -0.018789 -0.013490 0.043668
v -0.018424 -0.013273 0.043789
v -0.018830 -0.013363 0.043681
v -0.018429 -0.013257 0.043790
v -0.027786 -0.000001 0.038709
v -0.027933 -0.000136 0.037950
v -0.027944 -0.000034 0.037869
v -0.027947 -0.000009 0.037849
v -0.027947 -0.000002 0.037844
v -0.027876 -0.000544 0.038274
v -0.027786 -0.000004 0.038712
v -0.027661 -0.000002 0.039145
v -0.027727 -0.000271 0.038926
v -0.027773 -0.000068 0.038763
v -0.027660 -0.000008 0.039150
v -0.027783 -0.000017 0.038722
v -0.027506 -0.000003 0.039579
v -0.027370 -0.000134 0.039898
v -0.027505 -0.000006 0.039582
v -0.027626 -0.000135 0.039252
v -0.027653 -0.000034 0.039171
v -0.025946 -0.000003 0.041952
v -0.025592 -0.000004 0.042282
v -0.025584 -0.000016 0.042289
v -0.025818 -0.000189 0.042076
v -0.025883 -0.000095 0.042013
v -0.025916 -0.000047 0.041982
v -0.025932 -0.000024 0.041966
v -0.025220 -0.000002 0.042584
v -0.025549 -0.000062 0.042319
v -0.025409 -0.000248 0.042434
v -0.025217 -0.000005 0.042586
v -0.025215 -0.000008 0.042587
v -0.024421 -0.000001 0.043106
v -0.025206 -0.000019 0.042594
v -0.025197 -0.000031 0.042601
v -0.024824 -0.000485 0.042859
v -0.024976 -0.000305 0.042759
v -0.025124 -0.000123 0.042655
v -0.025161 -0.000077 0.042628
v -0.024418 -0.000004 0.043108
v -0.023573 -0.000003 0.043510
v -0.024370 -0.000059 0.043135
v -0.024409 -0.000015 0.043113
v -0.021840 -0.000001 0.043949
v -0.021838 -0.000003 0.043950
v -0.022598 -0.000110 0.043815
v -0.022680 -0.000028 0.043795
v -0.022268 -0.000435 0.043883
v -0.022545 -0.016246 0.038709
v -0.022899 -0.016001 0.037950
v -0.022550 -0.016238 0.038712
v -0.022731 -0.016258 0.037869
v -0.022445 -0.016170 0.039145
v -0.022570 -0.016205 0.038722
v -0.022650 -0.016075 0.038763
v -0.022455 -0.016154 0.039150
v -0.022321 -0.016077 0.039579
v -0.021055 -0.015165 0.041952
v -0.020770 -0.014956 0.042282
v -0.021080 -0.015106 0.041966
v -0.021109 -0.015039 0.041982
v -0.020783 -0.014922 0.042289
v -0.020467 -0.014734 0.042586
v -0.020837 -0.014788 0.042319
v -0.020470 -0.014726 0.042587
v -0.020464 -0.014743 0.042584
v -0.019814 -0.014278 0.043106
v -0.020496 -0.014659 0.042601
v -0.020547 -0.014526 0.042628
v -0.019817 -0.014270 0.043108
v -0.020483 -0.014693 0.042594
v -0.019129 -0.013778 0.043510
v -0.019829 -0.014237 0.043113
v -0.017721 -0.012769 0.043949
v -0.017723 -0.012762 0.043950
v -0.018449 -0.013195 0.043795
v -0.018525 -0.012945 0.043815
v -0.027840 -0.001523 0.038274
v -0.027856 -0.001197 0.038274
v -0.027486 -0.001073 0.039577
v -0.027453 -0.001717 0.039577
v -0.027796 -0.002175 0.038274
v -0.027405 -0.002359 0.039577
v -0.027769 -0.002500 0.038274
v -0.027738 -0.002825 0.038274
v -0.027343 -0.003001 0.039577
v -0.027664 -0.003474 0.038274
v -0.027508 -0.004551 0.038274
v -0.027394 -0.005194 0.038274
v -0.027026 -0.005124 0.039577
v -0.027331 -0.005514 0.038274
v -0.026898 -0.005755 0.039577
v -0.027194 -0.006153 0.038274
v -0.026756 -0.006384 0.039577
v -0.027121 -0.006471 0.038274
v -0.027043 -0.006788 0.038274
v -0.026599 -0.007009 0.039577
v -0.026877 -0.007419 0.038274
v -0.026428 -0.007630 0.039577
v -0.026788 -0.007734 0.038274
v -0.026600 -0.008359 0.038274
v -0.026253 -0.009390 0.038274
v -0.026026 -0.010003 0.038274
v -0.025753 -0.009668 0.039577
v -0.025520 -0.010268 0.039577
v -0.025908 -0.010307 0.038274
v -0.022239 -0.001217 0.043883
v -0.022252 -0.000956 0.043883
v -0.023557 -0.000920 0.043509
v -0.023529 -0.001471 0.043509
v -0.025785 -0.010609 0.038274
v -0.025272 -0.010863 0.039577
v -0.022205 -0.001737 0.043883
v -0.023488 -0.002022 0.043509
v -0.025530 -0.011210 0.038274
v -0.025011 -0.011452 0.039577
v -0.022183 -0.001997 0.043883
v -0.025397 -0.011509 0.038274
v -0.022158 -0.002257 0.043883
v -0.023435 -0.002572 0.043509
v -0.025260 -0.011805 0.038274
v -0.024736 -0.012034 0.039577
v -0.022099 -0.002775 0.043883
v -0.024977 -0.012394 0.038274
v -0.024448 -0.012610 0.039577
v -0.024830 -0.012685 0.038274
v -0.024731 -0.012879 0.038274
v -0.024248 -0.012990 0.039577
v -0.021974 -0.003635 0.043883
v -0.023163 -0.004392 0.043509
v -0.024422 -0.013454 0.038274
v -0.024042 -0.013367 0.039577
v -0.024317 -0.013644 0.038274
v -0.021883 -0.004149 0.043883
v -0.021833 -0.004405 0.043883
v -0.023054 -0.004933 0.043509
v -0.023990 -0.014210 0.038274
v -0.023766 -0.014583 0.038274
v -0.021724 -0.004915 0.043883
v -0.022932 -0.005471 0.043509
v -0.021665 -0.005169 0.043883
v -0.023535 -0.014952 0.038274
v -0.021603 -0.005422 0.043883
v -0.022798 -0.006007 0.043509
v -0.021470 -0.005927 0.043883
v -0.022651 -0.006539 0.043509
v -0.021399 -0.006178 0.043883
v -0.021248 -0.006677 0.043883
v -0.022072 -0.008286 0.043509
v -0.020972 -0.007501 0.043883
v -0.020791 -0.007990 0.043883
v -0.021872 -0.008800 0.043509
v -0.020696 -0.008233 0.043883
v -0.020598 -0.008475 0.043883
v -0.021660 -0.009310 0.043509
v -0.020394 -0.008955 0.043883
v -0.021436 -0.009815 0.043509
v -0.020288 -0.009193 0.043883
v -0.020179 -0.009430 0.043883
v -0.021201 -0.010314 0.043509
v -0.019952 -0.009900 0.043883
v -0.020953 -0.010808 0.043509
v -0.019835 -0.010133 0.043883
v -0.019755 -0.010288 0.043883
v -0.020782 -0.011134 0.043509
v -0.019509 -0.010748 0.043883
v -0.020606 -0.011457 0.043509
v -0.019425 -0.010900 0.043883
v -0.019164 -0.011351 0.043883
v -0.018985 -0.011649 0.043883
v -0.018801 -0.011944 0.043883
v -0.027502 -0.000537 0.039577
v -0.027184 -0.001327 0.040215
v -0.026811 -0.001572 0.040830
v -0.027205 -0.000797 0.040215
v -0.027166 -0.001646 0.040215
v -0.027156 -0.001805 0.040215
v -0.026791 -0.001886 0.040830
v -0.027133 -0.002123 0.040215
v -0.026767 -0.002199 0.040830
v -0.027470 -0.003777 0.038926
v -0.027121 -0.002281 0.040215
v -0.027107 -0.002440 0.040215
v -0.026740 -0.002512 0.040830
v -0.027076 -0.002758 0.040215
v -0.026401 -0.001289 0.041412
v -0.026421 -0.000774 0.041412
v -0.025928 -0.001013 0.041950
v -0.027017 -0.003285 0.040215
v -0.026621 -0.003554 0.040830
v -0.026371 -0.001804 0.041412
v -0.025869 -0.002024 0.041950
v -0.026360 -0.001959 0.041412
v -0.026348 -0.002113 0.041412
v -0.026335 -0.002267 0.041412
v -0.026869 -0.004337 0.040215
v -0.026286 -0.002781 0.041412
v -0.024810 -0.000969 0.042859
v -0.024786 -0.001453 0.042859
v -0.025380 -0.001239 0.042434
v -0.025351 -0.001734 0.042434
v -0.024768 -0.001743 0.042859
v -0.025341 -0.001883 0.042434
v -0.024746 -0.002033 0.042859
v -0.025329 -0.002031 0.042434
v -0.024203 -0.000709 0.043218
v -0.025317 -0.002180 0.042434
v -0.024720 -0.002323 0.042859
v -0.026679 -0.005383 0.040215
v -0.026614 -0.005695 0.040215
v -0.026263 -0.005619 0.040830
v -0.024185 -0.001181 0.043218
v -0.025720 -0.003434 0.041950
v -0.025270 -0.002673 0.042434
v -0.024611 -0.003286 0.042859
v -0.026580 -0.005850 0.040215
v -0.026196 -0.005927 0.040830
v -0.024169 -0.001464 0.043218
v -0.026510 -0.006161 0.040215
v -0.026124 -0.006233 0.040830
v -0.024160 -0.001606 0.043218
v -0.026474 -0.006316 0.040215
v -0.026436 -0.006471 0.040215
v -0.026050 -0.006539 0.040830
v -0.024140 -0.001888 0.043218
v -0.024128 -0.002030 0.043218
v -0.026359 -0.006780 0.040215
v -0.025971 -0.006843 0.040830
v -0.024116 -0.002171 0.043218
v -0.026319 -0.006935 0.040215
v -0.024089 -0.002453 0.043218
v -0.026236 -0.007242 0.040215
v -0.026217 -0.009032 0.038926
v -0.025782 -0.005833 0.041412
v -0.025989 -0.004822 0.041412
v -0.025747 -0.005984 0.041412
v -0.025240 -0.006022 0.041950
v -0.024037 -0.002923 0.043218
v -0.025712 -0.006134 0.041412
v -0.025675 -0.006285 0.041412
v -0.025638 -0.006435 0.041412
v -0.025933 -0.008261 0.040215
v -0.023904 -0.003859 0.043218
v -0.024784 -0.005607 0.042434
v -0.024984 -0.004636 0.042434
v -0.024280 -0.005195 0.042859
v -0.024217 -0.005479 0.042859
v -0.024751 -0.005752 0.042434
v -0.024151 -0.005762 0.042859
v -0.025367 -0.007431 0.041412
v -0.024717 -0.005897 0.042434
v -0.025591 -0.009266 0.040215
v -0.025359 -0.008848 0.040830
v -0.024994 -0.009831 0.040830
v -0.024682 -0.006042 0.042434
v -0.024082 -0.006045 0.042859
v -0.024646 -0.006186 0.042434
v -0.024010 -0.006326 0.042859
v -0.023736 -0.004789 0.043218
v -0.025406 -0.009764 0.040215
v -0.023678 -0.005066 0.043218
v -0.025289 -0.010061 0.040215
v -0.024878 -0.010123 0.040830
v -0.023648 -0.005205 0.043218
v -0.025230 -0.010209 0.040215
v -0.025170 -0.010356 0.040215
v -0.024757 -0.010413 0.040830
v -0.023585 -0.005481 0.043218
v -0.024386 -0.007143 0.042434
v -0.023553 -0.005619 0.043218
v -0.025047 -0.010650 0.040215
v -0.024634 -0.010703 0.040830
v -0.023520 -0.005757 0.043218
v -0.024984 -0.010797 0.040215
v -0.024921 -0.010943 0.040215
v -0.024507 -0.010990 0.040830
v -0.023451 -0.006032 0.043218
v -0.024711 -0.009387 0.041412
v -0.024500 -0.008548 0.041950
v -0.023997 -0.009874 0.041950
v -0.023415 -0.006169 0.043218
v -0.024791 -0.011234 0.040215
v -0.024377 -0.011277 0.040830
v -0.024725 -0.011379 0.040215
v -0.023341 -0.006443 0.043218
v -0.024680 -0.011475 0.040215
v -0.024288 -0.011466 0.040830
v -0.024523 -0.009867 0.041412
v -0.024465 -0.010011 0.041412
v -0.024544 -0.011764 0.040215
v -0.024198 -0.011656 0.040830
v -0.024406 -0.010154 0.041412
v -0.024498 -0.011859 0.040215
v -0.024346 -0.010296 0.041412
v -0.024285 -0.010439 0.041412
v -0.024358 -0.012145 0.040215
v -0.024224 -0.010581 0.041412
v -0.024262 -0.012335 0.040215
v -0.024183 -0.010675 0.041412
v -0.023755 -0.009024 0.042434
v -0.023444 -0.008180 0.042859
v -0.023107 -0.009088 0.042859
v -0.023072 -0.007349 0.043218
v -0.024141 -0.010769 0.041412
v -0.024165 -0.012524 0.040215
v -0.023831 -0.014179 0.038926
v -0.023575 -0.009485 0.042434
v -0.022999 -0.009358 0.042859
v -0.023519 -0.009623 0.042434
v -0.023462 -0.009761 0.042434
v -0.022888 -0.009627 0.042859
v -0.023405 -0.009898 0.042434
v -0.022768 -0.008244 0.043218
v -0.023346 -0.010035 0.042434
v -0.022773 -0.009894 0.042859
v -0.023287 -0.010171 0.042434
v -0.023247 -0.010262 0.042434
v -0.022656 -0.010160 0.042859
v -0.023207 -0.010353 0.042434
v -0.022536 -0.010425 0.042859
v -0.022603 -0.008687 0.043218
v -0.023391 -0.013917 0.040215
v -0.023219 -0.014751 0.039577
v -0.022961 -0.015549 0.038926
v -0.022499 -0.008951 0.043218
v -0.022447 -0.009082 0.043218
v -0.022393 -0.009214 0.043218
v -0.022284 -0.009475 0.043218
v -0.022228 -0.009606 0.043218
v -0.022171 -0.009736 0.043218
v -0.022056 -0.009995 0.043218
v -0.021997 -0.010124 0.043218
v -0.021957 -0.010209 0.043218
v -0.022454 -0.010600 0.042859
v -0.021836 -0.010466 0.043218
v -0.022370 -0.010775 0.042859
v -0.021795 -0.010551 0.043218
v -0.021670 -0.010805 0.043218
v -0.021585 -0.010974 0.043218
v -0.021499 -0.011142 0.043218
v -0.020050 -0.013578 0.043218
v -0.020959 -0.013315 0.042859
v -0.020810 -0.012381 0.043218
v -0.027367 -0.000401 0.039898
v -0.027211 -0.000531 0.040215
v -0.025943 -0.000506 0.041950
v -0.025678 -0.000627 0.042199
v -0.025683 -0.000376 0.042199
v -0.025400 -0.000744 0.042434
v -0.026200 -0.003498 0.041412
v -0.026462 -0.004590 0.040830
v -0.026368 -0.005106 0.040830
v -0.023248 -0.000340 0.043628
v -0.025187 -0.003363 0.042434
v -0.025513 -0.004734 0.041950
v -0.025833 -0.007349 0.040830
v -0.024464 -0.004244 0.042859
v -0.025685 -0.007851 0.040830
v -0.024376 -0.004720 0.042859
v -0.024902 -0.007295 0.041950
v -0.024958 -0.008708 0.041412
v -0.023882 -0.006794 0.042859
v -0.023745 -0.007258 0.042859
v -0.023993 -0.008371 0.042434
v -0.023146 -0.015641 0.037950
v -0.023698 -0.010572 0.041950
v -0.023815 -0.011472 0.041412
v -0.023379 -0.011261 0.041950
v -0.023846 -0.012359 0.040830
v -0.023469 -0.012164 0.041412
v -0.023788 -0.013226 0.040215
v -0.023474 -0.013052 0.040830
v -0.022894 -0.011028 0.042434
v -0.023039 -0.011941 0.041950
v -0.022562 -0.011693 0.042434
v -0.023103 -0.012846 0.041412
v -0.022680 -0.012610 0.041950
v -0.022718 -0.013516 0.041412
v -0.023082 -0.013733 0.040830
v -0.022974 -0.014596 0.040215
v -0.022671 -0.014403 0.040830
v -0.022886 -0.015015 0.039898
v -0.022045 -0.011426 0.042859
v -0.022210 -0.012349 0.042434
v -0.021702 -0.012066 0.042859
v -0.021839 -0.012994 0.042434
v -0.021881 -0.013456 0.042199
v -0.021903 -0.013916 0.041950
v -0.021888 -0.014823 0.041412
v -0.021164 -0.011767 0.043218
v -0.021478 -0.014091 0.042199
v -0.019901 -0.012025 0.043628
v -0.019807 -0.012180 0.043628
v -0.019442 -0.012755 0.043628
v -0.027440 -0.000201 0.039738
v -0.021788 -0.000053 0.043955
v -0.022647 -0.015825 0.039252
v -0.022609 -0.015554 0.039738
v -0.022312 -0.014175 0.041412
v -0.021339 -0.012696 0.042859
v -0.021273 -0.014634 0.042076
v -0.021042 -0.014249 0.042434
v -0.020785 -0.013855 0.042759
v -0.020596 -0.014392 0.042655
v -0.019291 -0.013271 0.043570
v -0.017964 -0.012332 0.043955
v -0.017769 -0.012611 0.043955
v -0.027474 -0.000101 0.039657
v -0.022465 -0.015820 0.039657
v -0.021771 -0.015094 0.041342
v -0.021476 -0.015007 0.041687
v -0.021164 -0.014904 0.042013
v -0.019211 -0.013528 0.043540
v -0.027491 -0.000050 0.039617
v -0.021828 -0.000013 0.043951
v -0.022391 -0.015953 0.039617
v -0.017732 -0.012732 0.043951
v -0.027499 -0.000025 0.039597
v -0.027503 -0.000013 0.039587
v 0.018667 0.009616 0.044000
v 0.018170 0.010526 0.044000
v 0.017628 0.011410 0.044000
v 0.017044 0.012266 0.044000
v 0.016418 0.013093 0.044000
v 0.015752 0.013887 0.044000
v 0.015047 0.014648 0.044000
v 0.014306 0.015373 0.044000
v 0.013530 0.016060 0.044000
v 0.012721 0.016709 0.044000
v 0.011881 0.017316 0.044000
v 0.011012 0.017881 0.044000
v 0.010418 0.018234 0.044000
v 0.023619 0.010733 0.041954
v 0.023613 0.010737 0.041958
v 0.023797 0.010955 0.041687
v 0.021458 0.009751 0.043511
v 0.021451 0.009754 0.043513
v 0.021942 0.010238 0.043218
v 0.021066 0.009571 0.043665
v 0.021242 0.009845 0.043570
v 0.021354 0.009797 0.043540
v 0.021409 0.009773 0.043524
v 0.021437 0.009760 0.043516
v 0.021052 0.009577 0.043668
v 0.020672 0.009390 0.043789
v 0.020997 0.009601 0.043681
v 0.020665 0.009393 0.043790
v 0.013061 0.024710 0.037844
v 0.013066 0.024706 0.037849
v 0.012858 0.024317 0.039582
v 0.012863 0.024312 0.039587
v 0.012913 0.024135 0.039898
v 0.013034 0.024361 0.039252
v 0.012666 0.023964 0.040425
v 0.013210 0.023798 0.040215
v 0.012671 0.023959 0.040430
v 0.012427 0.023494 0.041230
v 0.013035 0.023484 0.040830
v 0.012431 0.023488 0.041235
v 0.012423 0.023500 0.041226
v 0.012689 0.023937 0.040449
v 0.012760 0.023848 0.040526
v 0.012284 0.023227 0.041602
v 0.012448 0.023463 0.041253
v 0.012464 0.023439 0.041270
v 0.012591 0.023244 0.041412
v 0.012299 0.023202 0.041619
v 0.012528 0.023342 0.041342
v 0.012128 0.022937 0.041954
v 0.012360 0.023101 0.041687
v 0.012132 0.022931 0.041958
v 0.011018 0.020838 0.043511
v 0.011534 0.021292 0.043218
v 0.011021 0.020831 0.043513
v 0.010815 0.020458 0.043665
v 0.011026 0.020817 0.043516
v 0.011037 0.020788 0.043524
v 0.011058 0.020731 0.043540
v 0.011100 0.020617 0.043570
v 0.010820 0.020444 0.043668
v 0.010611 0.020075 0.043789
v 0.010841 0.020387 0.043681
v 0.010613 0.020068 0.043790
v 0.025299 0.011490 0.038709
v 0.025143 0.012048 0.038274
v 0.025373 0.011681 0.037950
v 0.025428 0.011587 0.037869
v 0.025441 0.011564 0.037849
v 0.025297 0.011493 0.038712
v 0.025445 0.011558 0.037844
v 0.025184 0.011440 0.039145
v 0.025257 0.011549 0.038763
v 0.025289 0.011504 0.038722
v 0.024676 0.011209 0.040425
v 0.025180 0.011445 0.039150
v 0.025127 0.011724 0.038926
v 0.025042 0.011376 0.039579
v 0.025040 0.011379 0.039582
v 0.025094 0.011552 0.039252
v 0.025163 0.011467 0.039171
v 0.024862 0.011445 0.039898
v 0.023622 0.010731 0.041952
v 0.023893 0.010888 0.041619
v 0.023917 0.010871 0.041602
v 0.024198 0.010994 0.041226
v 0.023300 0.010586 0.042282
v 0.023600 0.010745 0.041966
v 0.023287 0.010593 0.042289
v 0.023424 0.010857 0.042076
v 0.023525 0.010793 0.042013
v 0.023575 0.010761 0.041982
v 0.022961 0.010430 0.042584
v 0.023235 0.010624 0.042319
v 0.023027 0.010744 0.042434
v 0.022958 0.010432 0.042586
v 0.022955 0.010433 0.042587
v 0.022235 0.010099 0.043106
v 0.022875 0.010477 0.042628
v 0.022928 0.010448 0.042601
v 0.022941 0.010441 0.042594
v 0.022822 0.010506 0.042655
v 0.022607 0.010620 0.042759
v 0.022231 0.010100 0.043108
v 0.022390 0.010729 0.042859
v 0.021461 0.009750 0.043510
v 0.022217 0.010107 0.043113
v 0.022163 0.010134 0.043135
v 0.019885 0.009031 0.043949
v 0.020527 0.009450 0.043815
v 0.020638 0.009404 0.043795
v 0.019882 0.009033 0.043950
v 0.020085 0.009625 0.043883
v 0.012985 0.024569 0.038709
v 0.013532 0.024380 0.038274
v 0.012987 0.024566 0.038712
v 0.013179 0.024632 0.037950
v 0.013089 0.024692 0.037869
v 0.012927 0.024458 0.039145
v 0.013040 0.024523 0.038763
v 0.013208 0.024383 0.038926
v 0.012932 0.024453 0.039150
v 0.012998 0.024558 0.038722
v 0.012855 0.024319 0.039579
v 0.012953 0.024435 0.039171
v 0.012126 0.022940 0.041952
v 0.011962 0.022627 0.042282
v 0.012139 0.022918 0.041966
v 0.012154 0.022892 0.041982
v 0.012240 0.022735 0.042076
v 0.011969 0.022614 0.042289
v 0.012183 0.022840 0.042013
v 0.011788 0.022295 0.042586
v 0.012104 0.022345 0.042434
v 0.011789 0.022292 0.042587
v 0.011786 0.022298 0.042584
v 0.011996 0.022560 0.042319
v 0.011412 0.021593 0.043106
v 0.011854 0.022155 0.042655
v 0.011954 0.021934 0.042759
v 0.012051 0.021711 0.042859
v 0.011802 0.022264 0.042601
v 0.011828 0.022210 0.042628
v 0.011796 0.022278 0.042594
v 0.011413 0.021589 0.043108
v 0.011017 0.020842 0.043510
v 0.011443 0.021519 0.043135
v 0.011419 0.021575 0.043113
v 0.010206 0.019311 0.043949
v 0.010662 0.019927 0.043815
v 0.010810 0.019475 0.043883
v 0.010207 0.019308 0.043950
v 0.010623 0.020040 0.043795
v 0.024838 0.012666 0.038274
v 0.024680 0.012971 0.038274
v 0.024555 0.012395 0.039577
v 0.024242 0.012997 0.039577
v 0.024352 0.013577 0.038274
v 0.023914 0.013592 0.039577
v 0.024183 0.013876 0.038274
v 0.024010 0.014174 0.038274
v 0.023571 0.014178 0.039577
v 0.023652 0.014762 0.038274
v 0.023025 0.015723 0.038274
v 0.022630 0.016287 0.038274
v 0.022326 0.016068 0.039577
v 0.022428 0.016565 0.038274
v 0.021923 0.016614 0.039577
v 0.022012 0.017114 0.038274
v 0.021506 0.017151 0.039577
v 0.021799 0.017384 0.038274
v 0.021583 0.017652 0.038274
v 0.021076 0.017676 0.039577
v 0.021141 0.018179 0.038274
v 0.020634 0.018191 0.039577
v 0.020915 0.018439 0.038274
v 0.020453 0.018950 0.038274
v 0.019657 0.019775 0.038274
v 0.019841 0.010118 0.043883
v 0.019163 0.020255 0.038274
v 0.019069 0.019826 0.039577
v 0.018574 0.020291 0.039577
v 0.019715 0.010362 0.043883
v 0.021046 0.010623 0.043509
v 0.020777 0.011139 0.043509
v 0.018911 0.020490 0.038274
v 0.018657 0.020721 0.038274
v 0.018068 0.020743 0.039577
v 0.019453 0.010845 0.043883
v 0.020496 0.011649 0.043509
v 0.019318 0.011085 0.043883
v 0.018140 0.021176 0.038274
v 0.017550 0.021183 0.039577
v 0.019179 0.011322 0.043883
v 0.020202 0.012151 0.043509
v 0.017877 0.021398 0.038274
v 0.018894 0.011793 0.043883
v 0.017344 0.021833 0.038274
v 0.018393 0.012560 0.043883
v 0.019135 0.013771 0.043509
v 0.016431 0.022528 0.038274
v 0.018078 0.013010 0.043883
v 0.015870 0.022927 0.038274
v 0.015750 0.022554 0.039577
v 0.017916 0.013232 0.043883
v 0.018789 0.014240 0.043509
v 0.015586 0.023121 0.038274
v 0.015188 0.022936 0.039577
v 0.017584 0.013671 0.043883
v 0.018432 0.014699 0.043509
v 0.015010 0.023499 0.038274
v 0.014617 0.023304 0.039577
v 0.017414 0.013887 0.043883
v 0.014719 0.023682 0.038274
v 0.017241 0.014101 0.043883
v 0.018064 0.015150 0.043509
v 0.014524 0.023802 0.038274
v 0.014232 0.023541 0.039577
v 0.014327 0.023921 0.038274
v 0.013843 0.023773 0.039577
v 0.016888 0.014522 0.043883
v 0.017685 0.015591 0.043509
v 0.013932 0.024154 0.038274
v 0.016707 0.014730 0.043883
v 0.016339 0.015138 0.043883
v 0.016343 0.016992 0.043509
v 0.015702 0.015797 0.043883
v 0.015308 0.016180 0.043883
v 0.015919 0.017391 0.043509
v 0.015107 0.016368 0.043883
v 0.014904 0.016553 0.043883
v 0.015485 0.017778 0.043509
v 0.014491 0.016916 0.043883
v 0.015042 0.018155 0.043509
v 0.014281 0.017093 0.043883
v 0.013855 0.017441 0.043883
v 0.013126 0.017996 0.043883
v 0.013499 0.019330 0.043509
v 0.012677 0.018314 0.043883
v 0.012450 0.018470 0.043883
v 0.013017 0.019658 0.043509
v 0.011991 0.018771 0.043883
v 0.012528 0.019973 0.043509
v 0.011758 0.018918 0.043883
v 0.011602 0.019014 0.043883
v 0.012198 0.020177 0.043509
v 0.011445 0.019109 0.043883
v 0.011864 0.020375 0.043509
v 0.011129 0.019295 0.043883
v 0.024805 0.011887 0.039577
v 0.024169 0.012513 0.040215
v 0.024421 0.012013 0.040215
v 0.024220 0.011606 0.040830
v 0.023722 0.012593 0.040830
v 0.024012 0.012810 0.040215
v 0.023933 0.012958 0.040215
v 0.023564 0.012885 0.040830
v 0.023771 0.013253 0.040215
v 0.023404 0.013175 0.040830
v 0.023689 0.013399 0.040215
v 0.023339 0.014971 0.038926
v 0.023606 0.013545 0.040215
v 0.023239 0.013462 0.040830
v 0.023473 0.012153 0.041412
v 0.023718 0.011667 0.041412
v 0.023164 0.011692 0.041950
v 0.023437 0.013836 0.040215
v 0.023218 0.012633 0.041412
v 0.022664 0.012635 0.041950
v 0.023147 0.014315 0.040215
v 0.022666 0.014407 0.040830
v 0.023140 0.012776 0.041412
v 0.023060 0.012919 0.041412
v 0.022980 0.013061 0.041412
v 0.022707 0.013531 0.041412
v 0.022539 0.015255 0.040215
v 0.022165 0.011188 0.042859
v 0.021930 0.011642 0.042859
v 0.022565 0.011683 0.042434
v 0.022320 0.012145 0.042434
v 0.021785 0.011911 0.042859
v 0.022245 0.012282 0.042434
v 0.021636 0.012180 0.042859
v 0.022168 0.012419 0.042434
v 0.021727 0.010688 0.043218
v 0.022091 0.012556 0.042434
v 0.021484 0.012446 0.042859
v 0.021893 0.016170 0.040215
v 0.021502 0.011132 0.043218
v 0.021828 0.013008 0.042434
v 0.020954 0.013319 0.042859
v 0.021691 0.016439 0.040215
v 0.021405 0.016222 0.040830
v 0.021590 0.016572 0.040215
v 0.021203 0.016485 0.040830
v 0.021363 0.011397 0.043218
v 0.021292 0.011529 0.043218
v 0.021383 0.016838 0.040215
v 0.020998 0.016746 0.040830
v 0.021279 0.016969 0.040215
v 0.021149 0.011791 0.043218
v 0.021174 0.017100 0.040215
v 0.020790 0.017004 0.040830
v 0.021075 0.011921 0.043218
v 0.021001 0.012051 0.043218
v 0.020961 0.017361 0.040215
v 0.020579 0.017259 0.040830
v 0.020854 0.017490 0.040215
v 0.020851 0.012309 0.043218
v 0.020636 0.017746 0.040215
v 0.020868 0.016224 0.041412
v 0.021518 0.015352 0.041412
v 0.020593 0.012736 0.043218
v 0.019790 0.019424 0.038926
v 0.020768 0.016353 0.041412
v 0.020288 0.016179 0.041950
v 0.020667 0.016481 0.041412
v 0.020564 0.016608 0.041412
v 0.020462 0.016735 0.041412
v 0.019889 0.018580 0.040215
v 0.020052 0.013572 0.043218
v 0.020061 0.015597 0.042434
v 0.019789 0.014997 0.042859
v 0.019602 0.015240 0.042859
v 0.020686 0.014758 0.042434
v 0.019965 0.015721 0.042434
v 0.019413 0.015481 0.042859
v 0.019756 0.017562 0.041412
v 0.019867 0.015843 0.042434
v 0.019769 0.015966 0.042434
v 0.019220 0.015719 0.042859
v 0.019108 0.019382 0.040215
v 0.019091 0.018892 0.040830
v 0.018298 0.019662 0.040830
v 0.019670 0.016088 0.042434
v 0.019025 0.015955 0.042859
v 0.019477 0.014386 0.043218
v 0.018706 0.019771 0.040215
v 0.019298 0.014625 0.043218
v 0.019208 0.014744 0.043218
v 0.018460 0.020001 0.040215
v 0.018054 0.019886 0.040830
v 0.018336 0.020114 0.040215
v 0.019024 0.014980 0.043218
v 0.018992 0.016883 0.042434
v 0.018212 0.020227 0.040215
v 0.017807 0.020108 0.040830
v 0.018931 0.015097 0.043218
v 0.018838 0.015214 0.043218
v 0.017961 0.020450 0.040215
v 0.017557 0.020326 0.040830
v 0.017024 0.021889 0.038926
v 0.017834 0.020561 0.040215
v 0.018649 0.015445 0.043218
v 0.018553 0.015560 0.043218
v 0.018246 0.019127 0.041412
v 0.017579 0.020780 0.040215
v 0.018360 0.015788 0.043218
v 0.017849 0.019499 0.041412
v 0.017148 0.021137 0.040215
v 0.016707 0.021031 0.040830
v 0.017728 0.019608 0.041412
v 0.017363 0.019285 0.041950
v 0.017607 0.019717 0.041412
v 0.017485 0.019826 0.041412
v 0.017695 0.016530 0.043218
v 0.017540 0.018387 0.042434
v 0.017649 0.017466 0.042859
v 0.016916 0.018177 0.042859
v 0.017073 0.020181 0.041412
v 0.016264 0.021824 0.040215
v 0.017158 0.018744 0.042434
v 0.016690 0.018384 0.042859
v 0.017042 0.018850 0.042434
v 0.016926 0.018955 0.042434
v 0.016462 0.018589 0.042859
v 0.017000 0.017244 0.043218
v 0.016809 0.019059 0.042434
v 0.016231 0.018791 0.042859
v 0.015353 0.022475 0.040215
v 0.016642 0.017590 0.043218
v 0.016413 0.019401 0.042434
v 0.015445 0.019443 0.042859
v 0.015074 0.022663 0.040215
v 0.014922 0.022333 0.040830
v 0.014934 0.022755 0.040215
v 0.014645 0.022516 0.040830
v 0.016424 0.017794 0.043218
v 0.016313 0.017895 0.043218
v 0.014652 0.022938 0.040215
v 0.014366 0.022695 0.040830
v 0.016203 0.017995 0.043218
v 0.014510 0.023028 0.040215
v 0.014416 0.023088 0.040215
v 0.014179 0.022812 0.040830
v 0.015979 0.018194 0.043218
v 0.014320 0.023147 0.040215
v 0.013990 0.022928 0.040830
v 0.015867 0.018292 0.043218
v 0.014129 0.023264 0.040215
v 0.013938 0.023379 0.040215
v 0.015640 0.018487 0.043218
v 0.013351 0.024052 0.039577
v 0.014459 0.022130 0.041412
v 0.015357 0.021517 0.041412
v 0.014322 0.022219 0.041412
v 0.013970 0.021869 0.041950
v 0.013454 0.023661 0.040215
v 0.015256 0.018805 0.043218
v 0.014185 0.022307 0.041412
v 0.014093 0.022365 0.041412
v 0.014001 0.022423 0.041412
v 0.013536 0.022706 0.041412
v 0.013058 0.022425 0.041950
v 0.014470 0.019416 0.043218
v 0.013900 0.021274 0.042434
v 0.013795 0.020647 0.042859
v 0.013539 0.020815 0.042859
v 0.014763 0.020684 0.042434
v 0.013768 0.021360 0.042434
v 0.013281 0.020981 0.042859
v 0.013066 0.022980 0.041412
v 0.013636 0.021444 0.042434
v 0.013548 0.021500 0.042434
v 0.013459 0.021556 0.042434
v 0.013108 0.021089 0.042859
v 0.012934 0.021197 0.042859
v 0.013659 0.019995 0.043218
v 0.013013 0.021828 0.042434
v 0.013411 0.020162 0.043218
v 0.013287 0.020245 0.043218
v 0.013036 0.020407 0.043218
v 0.012910 0.020487 0.043218
v 0.012825 0.020540 0.043218
v 0.012495 0.021458 0.042859
v 0.012740 0.020593 0.043218
v 0.012571 0.020697 0.043218
v 0.012400 0.020800 0.043218
v 0.011969 0.021051 0.043218
v 0.024743 0.011700 0.039898
v 0.024543 0.011761 0.040215
v 0.024566 0.011309 0.040526
v 0.023953 0.011177 0.041412
v 0.023400 0.011213 0.041950
v 0.023105 0.011219 0.042199
v 0.023220 0.010980 0.042199
v 0.022801 0.011216 0.042434
v 0.022290 0.013283 0.041950
v 0.022308 0.014180 0.041412
v 0.021899 0.013920 0.041950
v 0.022054 0.015328 0.040830
v 0.021019 0.009939 0.043628
v 0.021734 0.015778 0.040830
v 0.021445 0.013631 0.042434
v 0.021123 0.015071 0.041950
v 0.020389 0.014170 0.042859
v 0.020219 0.017679 0.040830
v 0.020093 0.014587 0.042859
v 0.019852 0.018091 0.040830
v 0.019394 0.017240 0.041950
v 0.018789 0.018594 0.041412
v 0.018445 0.018253 0.041950
v 0.018692 0.016343 0.042859
v 0.018352 0.016725 0.042859
v 0.018062 0.017875 0.042434
v 0.017911 0.018777 0.041950
v 0.016760 0.019811 0.041950
v 0.016443 0.020699 0.041412
v 0.016141 0.020319 0.041950
v 0.015828 0.021700 0.040830
v 0.015807 0.019898 0.042434
v 0.015075 0.021122 0.041950
v 0.013161 0.024001 0.039898
v 0.014632 0.020062 0.042859
v 0.012594 0.022689 0.041950
v 0.012582 0.022395 0.042199
v 0.012561 0.022091 0.042434
v 0.012351 0.022523 0.042199
v 0.011180 0.020389 0.043628
v 0.024896 0.011539 0.039738
v 0.019814 0.009060 0.043955
v 0.013009 0.024164 0.039738
v 0.010230 0.019239 0.043955
v 0.024971 0.011457 0.039657
v 0.024650 0.011233 0.040449
v 0.024047 0.011108 0.041342
v 0.024140 0.011038 0.041270
v 0.012931 0.024243 0.039657
v 0.025008 0.011415 0.039617
v 0.019868 0.009038 0.043951
v 0.012892 0.024283 0.039617
v 0.010212 0.019294 0.043951
v 0.025026 0.011394 0.039597
v 0.024671 0.011214 0.040430
v 0.024164 0.011020 0.041253
v 0.024187 0.011003 0.041235
v 0.012873 0.024302 0.039597
v 0.025035 0.011384 0.039587
v 0.024192 0.010998 0.041230
v -0.020836 0.002609 0.044000
v -0.020934 0.001647 0.044000
v -0.020982 0.000824 0.044000
v -0.027643 0.003636 0.038274
v -0.027249 0.003756 0.039577
v -0.027323 0.003174 0.039577
v -0.027681 0.003341 0.038274
v -0.027717 0.003022 0.038274
v -0.027389 0.002543 0.039577
v -0.027779 0.002382 0.038274
v -0.027437 0.001958 0.039577
v -0.027803 0.002086 0.038274
v -0.027822 0.001813 0.038274
v -0.027470 0.001420 0.039577
v -0.027853 0.001267 0.038274
v -0.027493 0.000880 0.039577
v -0.027864 0.000993 0.038274
v -0.022082 0.002904 0.043883
v -0.023418 0.002720 0.043509
v -0.023355 0.003219 0.043509
v -0.022112 0.002669 0.043883
v -0.022141 0.002414 0.043883
v -0.023474 0.002180 0.043509
v -0.022191 0.001903 0.043883
v -0.023515 0.001678 0.043509
v -0.022210 0.001666 0.043883
v -0.022225 0.001448 0.043883
v -0.023544 0.001217 0.043509
v -0.022249 0.001012 0.043883
v -0.023563 0.000754 0.043509
v -0.022258 0.000793 0.043883
v -0.027338 0.004637 0.038926
v -0.027552 0.004272 0.038274
v -0.026904 0.004110 0.040215
v -0.026537 0.004138 0.040830
v -0.026583 0.003832 0.040830
v -0.026880 0.004265 0.040215
v -0.027156 0.004382 0.039577
v -0.026950 0.003799 0.040215
v -0.026989 0.003512 0.040215
v -0.026658 0.003264 0.040830
v -0.027025 0.003224 0.040215
v -0.026692 0.002979 0.040830
v -0.027042 0.003079 0.040215
v -0.027059 0.002924 0.040215
v -0.026724 0.002671 0.040830
v -0.026128 0.004002 0.041412
v -0.026106 0.004142 0.041412
v -0.025617 0.004134 0.041950
v -0.025659 0.003861 0.041950
v -0.027091 0.002612 0.040215
v -0.026151 0.003852 0.041412
v -0.027117 0.002323 0.040215
v -0.026775 0.002101 0.040830
v -0.026190 0.003573 0.041412
v -0.025801 0.002763 0.041950
v -0.027140 0.002033 0.040215
v -0.026796 0.001815 0.040830
v -0.027151 0.001888 0.040215
v -0.027160 0.001755 0.040215
v -0.026812 0.001552 0.040830
v -0.027727 0.000222 0.038926
v -0.027878 0.000446 0.038274
v -0.026261 0.003013 0.041412
v -0.027176 0.001489 0.040215
v -0.026826 0.001289 0.040830
v -0.026276 0.002873 0.041412
v -0.027183 0.001355 0.040215
v -0.026292 0.002722 0.041412
v -0.027503 0.000440 0.039577
v -0.025118 0.003848 0.042434
v -0.025097 0.003982 0.042434
v -0.024533 0.003825 0.042859
v -0.027194 0.001088 0.040215
v -0.026320 0.002441 0.041412
v -0.025895 0.001660 0.041950
v -0.025139 0.003703 0.042434
v -0.024575 0.003542 0.042859
v -0.025177 0.003435 0.042434
v -0.024645 0.003017 0.042859
v -0.027208 0.000653 0.040215
v -0.026854 0.000430 0.040830
v -0.026366 0.001879 0.041412
v -0.026376 0.001738 0.041412
v -0.026384 0.001609 0.041412
v -0.025245 0.002897 0.042434
v -0.024676 0.002754 0.042859
v -0.026391 0.001480 0.041412
v -0.025260 0.002762 0.042434
v -0.023894 0.003922 0.043218
v -0.023873 0.004049 0.043218
v -0.023274 0.003756 0.043509
v -0.025275 0.002616 0.042434
v -0.024706 0.002470 0.042859
v -0.023915 0.003794 0.043218
v -0.024512 0.003956 0.042859
v -0.023936 0.003656 0.043218
v -0.026412 0.001057 0.041412
v -0.025935 0.000830 0.041950
v -0.025302 0.002347 0.042434
v -0.024753 0.001942 0.042859
v -0.023977 0.003380 0.043218
v -0.026425 0.000634 0.041412
v -0.024011 0.003124 0.043218
v -0.025346 0.001806 0.042434
v -0.024772 0.001678 0.042859
v -0.025355 0.001671 0.042434
v -0.024043 0.002868 0.043218
v -0.025363 0.001547 0.042434
v -0.024787 0.001435 0.042859
v -0.024058 0.002740 0.043218
v -0.025371 0.001422 0.042434
v -0.024800 0.001191 0.042859
v -0.024073 0.002601 0.043218
v -0.024102 0.002324 0.043218
v -0.025390 0.001016 0.042434
v -0.024125 0.002066 0.043218
v -0.024146 0.001809 0.043218
v -0.024155 0.001680 0.043218
v -0.024163 0.001562 0.043218
v -0.024816 0.000794 0.042859
v -0.024177 0.001324 0.043218
v -0.024183 0.001206 0.043218
v -0.024194 0.000968 0.043218
v -0.024207 0.000581 0.043218
v -0.024826 0.000397 0.042859
v -0.024213 0.000194 0.043218
v -0.027534 0.004708 0.037950
v -0.027501 0.004589 0.038274
v -0.026991 0.004541 0.039898
v -0.026857 0.004408 0.040215
v -0.026845 0.004479 0.040215
v -0.026659 0.004558 0.040526
v -0.026491 0.004420 0.040830
v -0.027933 0.000112 0.037950
v -0.025341 0.004194 0.042199
v -0.025075 0.004115 0.042434
v -0.027368 0.000328 0.039898
v -0.027213 0.000435 0.040215
v -0.027045 0.000108 0.040526
v -0.022929 0.003857 0.043628
v -0.022010 0.003412 0.043883
v -0.022275 0.003808 0.043815
v -0.021969 0.003666 0.043883
v -0.025945 0.000415 0.041950
v -0.025680 0.000514 0.042199
v -0.025684 0.000308 0.042199
v -0.025403 0.000610 0.042434
v -0.023249 0.000279 0.043628
v -0.022598 0.000090 0.043815
v -0.022269 0.000356 0.043883
v -0.027372 0.004699 0.038763
v -0.027231 0.004656 0.039252
v -0.027132 0.004527 0.039577
v -0.027051 0.004607 0.039738
v -0.025452 0.004334 0.042076
v -0.025594 0.004271 0.041950
v -0.025330 0.004261 0.042199
v -0.027773 0.000056 0.038763
v -0.027626 0.000111 0.039252
v -0.024629 0.004160 0.042759
v -0.024490 0.004087 0.042859
v -0.024765 0.004234 0.042655
v -0.027440 0.000165 0.039738
v -0.024019 0.004123 0.043135
v -0.023081 0.003930 0.043570
v -0.025818 0.000155 0.042076
v -0.021474 0.003686 0.043955
v -0.025410 0.000203 0.042434
v -0.024977 0.000250 0.042759
v -0.025124 0.000101 0.042655
v -0.024370 0.000049 0.043135
v -0.023413 0.000140 0.043570
v -0.021788 0.000044 0.043955
v -0.027540 0.004737 0.037869
v -0.027080 0.004639 0.039657
v -0.026979 0.004613 0.039898
v -0.026698 0.004592 0.040449
v -0.026162 0.004491 0.041270
v -0.026084 0.004281 0.041412
v -0.026112 0.004456 0.041342
v -0.026061 0.004420 0.041412
v -0.027944 0.000028 0.037869
v -0.025823 0.004415 0.041687
v -0.025512 0.004371 0.042013
v -0.027474 0.000082 0.039657
v -0.027370 0.000109 0.039898
v -0.027090 0.000027 0.040449
v -0.023157 0.003967 0.043540
v -0.022755 0.003906 0.043681
v -0.026489 0.000132 0.041342
v -0.026432 0.000211 0.041412
v -0.026545 0.000053 0.041270
v -0.022352 0.003845 0.043795
v -0.026197 0.000105 0.041687
v -0.025883 0.000078 0.042013
v -0.023494 0.000070 0.043540
v -0.023088 0.000046 0.043681
v -0.022680 0.000023 0.043795
v -0.027380 0.004714 0.038722
v -0.027253 0.004688 0.039171
v -0.027094 0.004656 0.039617
v -0.025542 0.004389 0.041982
v -0.025181 0.004323 0.042319
v -0.025053 0.004249 0.042434
v -0.027783 0.000014 0.038722
v -0.024799 0.004253 0.042628
v -0.024833 0.004271 0.042601
v -0.027653 0.000028 0.039171
v -0.027491 0.000041 0.039617
v -0.024055 0.004142 0.043113
v -0.023195 0.003986 0.043524
v -0.025916 0.000039 0.041982
v -0.021511 0.003704 0.043951
v -0.025549 0.000051 0.042319
v -0.025161 0.000063 0.042628
v -0.025197 0.000025 0.042601
v -0.024409 0.000012 0.043113
v -0.023535 0.000035 0.043524
v -0.021828 0.000011 0.043951
v -0.027541 0.004744 0.037849
v -0.027101 0.004664 0.039597
v -0.026707 0.004601 0.040430
v -0.026175 0.004500 0.041253
v -0.026187 0.004509 0.041235
v -0.025878 0.004451 0.041619
v -0.027947 0.000007 0.037849
v -0.025557 0.004398 0.041966
v -0.027499 0.000021 0.039597
v -0.027100 0.000007 0.040430
v -0.023214 0.003995 0.043516
v -0.022793 0.003924 0.043668
v -0.026559 0.000033 0.041253
v -0.026572 0.000013 0.041235
v -0.022371 0.003854 0.043790
v -0.026258 0.000026 0.041619
v -0.025932 0.000019 0.041966
v -0.023555 0.000018 0.043516
v -0.023129 0.000012 0.043668
v -0.022700 0.000006 0.043790
v -0.027382 0.004718 0.038712
v -0.027258 0.004696 0.039150
v -0.027104 0.004668 0.039587
v -0.025564 0.004403 0.041958
v -0.025213 0.004341 0.042289
v -0.027786 0.000003 0.038712
v -0.024841 0.004276 0.042594
v -0.024849 0.004281 0.042587
v -0.027660 0.000007 0.039150
v -0.027503 0.000010 0.039587
v -0.024064 0.004146 0.043108
v -0.023223 0.004000 0.043513
v -0.025940 0.000010 0.041958
v -0.021521 0.003708 0.043950
v -0.025584 0.000013 0.042289
v -0.025206 0.000016 0.042594
v -0.025215 0.000006 0.042587
v -0.024418 0.000003 0.043108
v -0.023565 0.000009 0.043513
v -0.021838 0.000003 0.043950
v -0.027541 0.004746 0.037844
v -0.027106 0.004670 0.039582
v -0.026710 0.004603 0.040425
v -0.026193 0.004513 0.041226
v -0.026190 0.004511 0.041230
v -0.025892 0.004460 0.041602
v -0.027947 0.000002 0.037844
v -0.025568 0.004405 0.041954
v -0.027505 0.000005 0.039582
v -0.027103 0.000002 0.040425
v -0.023228 0.004002 0.043511
v -0.022803 0.003929 0.043665
v -0.026579 0.000003 0.041226
v -0.026576 0.000008 0.041230
v -0.022376 0.003856 0.043789
v -0.026273 0.000007 0.041602
v -0.025944 0.000005 0.041954
v -0.023570 0.000004 0.043511
v -0.023139 0.000003 0.043665
v -0.022705 0.000001 0.043789
v -0.027260 0.004698 0.039145
v -0.027107 0.004671 0.039579
v -0.025569 0.004406 0.041952
v -0.025221 0.004346 0.042282
v -0.027786 0.000001 0.038709
v -0.024853 0.004283 0.042584
v -0.024851 0.004282 0.042586
v -0.027661 0.000002 0.039145
v -0.027506 0.000003 0.039579
v -0.023230 0.004003 0.043510
v -0.025946 0.000002 0.041952
v -0.025592 0.000003 0.042282
v -0.025220 0.000002 0.042584
v -0.025217 0.000004 0.042586
v -0.024421 0.000001 0.043106
v -0.023573 0.000002 0.043510
v -0.021840 0.000001 0.043949
v 0.008947 0.018999 0.044000
v 0.008063 0.019391 0.044000
v 0.007162 0.019741 0.044000
v 0.006246 0.020050 0.044000
v 0.005317 0.020316 0.044000
v 0.004376 0.020539 0.044000
v 0.003426 0.020719 0.044000
v 0.002468 0.020855 0.044000
v 0.001506 0.020946 0.044000
v 0.000540 0.020993 0.044000
v -0.000427 0.020996 0.044000
v -0.001393 0.020954 0.044000
v -0.002036 0.020901 0.044000
v 0.012416 0.023503 0.041226
v 0.012656 0.023966 0.040430
v 0.012663 0.023966 0.040425
v 0.012522 0.023974 0.040526
v 0.012629 0.023968 0.040449
v 0.012409 0.023503 0.041230
v 0.012402 0.023503 0.041235
v 0.012092 0.023984 0.040830
v 0.012269 0.023234 0.041602
v 0.012237 0.023496 0.041342
v 0.012347 0.023501 0.041270
v 0.012126 0.023490 0.041412
v 0.012241 0.023232 0.041619
v 0.012375 0.023502 0.041253
v 0.012118 0.022943 0.041954
v 0.012111 0.022942 0.041958
v 0.012130 0.023223 0.041687
v 0.011009 0.020843 0.043511
v 0.011002 0.020841 0.043513
v 0.011108 0.021517 0.043218
v 0.010809 0.020461 0.043665
v 0.010791 0.020780 0.043570
v 0.010903 0.020813 0.043540
v 0.010988 0.020837 0.043516
v 0.010959 0.020829 0.043524
v 0.010795 0.020457 0.043668
v 0.010608 0.020077 0.043789
v 0.010739 0.020440 0.043681
v 0.010601 0.020075 0.043790
v -0.003556 0.027722 0.037844
v -0.003537 0.027724 0.037849
v -0.003487 0.027285 0.039582
v -0.003426 0.027442 0.039171
v -0.003468 0.027285 0.039587
v -0.003448 0.026885 0.040425
v -0.003097 0.027196 0.039898
v -0.003430 0.026885 0.040430
v -0.003357 0.026365 0.041230
v -0.003061 0.026873 0.040526
v -0.003339 0.026363 0.041235
v -0.003376 0.026366 0.041226
v -0.003356 0.026883 0.040449
v -0.003325 0.026063 0.041602
v -0.003266 0.026359 0.041253
v -0.003194 0.026354 0.041270
v -0.003253 0.026057 0.041619
v -0.003289 0.025737 0.041954
v -0.003271 0.025735 0.041958
v -0.002988 0.023382 0.043511
v -0.002932 0.024195 0.043135
v -0.002972 0.023379 0.043513
v -0.002939 0.022953 0.043665
v -0.002939 0.023373 0.043516
v -0.002874 0.023360 0.043524
v -0.002906 0.022947 0.043668
v -0.002889 0.022522 0.043789
v -0.002778 0.022922 0.043681
v -0.002873 0.022519 0.043790
v 0.012983 0.024570 0.038709
v 0.013028 0.024724 0.037869
v 0.013051 0.024715 0.037849
v 0.013057 0.024712 0.037844
v 0.012980 0.024570 0.038712
v 0.012553 0.024898 0.038274
v 0.012934 0.024761 0.037950
v 0.012923 0.024460 0.039145
v 0.012967 0.024574 0.038722
v 0.012917 0.024461 0.039150
v 0.012721 0.024641 0.038926
v 0.012918 0.024588 0.038763
v 0.012850 0.024322 0.039579
v 0.012673 0.024262 0.039898
v 0.012847 0.024323 0.039582
v 0.012791 0.024489 0.039252
v 0.012892 0.024467 0.039171
v 0.012121 0.022943 0.041952
v 0.011955 0.022631 0.042282
v 0.011941 0.022629 0.042289
v 0.011899 0.022915 0.042076
v 0.012012 0.022930 0.042013
v 0.012068 0.022937 0.041982
v 0.012096 0.022940 0.041966
v 0.011782 0.022300 0.042584
v 0.011657 0.022581 0.042434
v 0.011884 0.022620 0.042319
v 0.011779 0.022300 0.042586
v 0.011775 0.022299 0.042587
v 0.011410 0.021594 0.043106
v 0.011178 0.022173 0.042859
v 0.011406 0.022224 0.042759
v 0.011633 0.022272 0.042655
v 0.011407 0.021593 0.043108
v 0.011690 0.022283 0.042628
v 0.011747 0.022294 0.042601
v 0.011761 0.022296 0.042594
v 0.011012 0.020844 0.043510
v 0.011392 0.021589 0.043113
v 0.011335 0.021575 0.043135
v 0.010204 0.019312 0.043949
v 0.010201 0.019311 0.043950
v 0.010027 0.019889 0.043883
v 0.010463 0.020032 0.043815
v 0.010573 0.020066 0.043795
v -0.003538 0.027562 0.038709
v -0.003462 0.027731 0.037869
v -0.003161 0.027756 0.037950
v -0.003529 0.027563 0.038712
v -0.003519 0.027439 0.039145
v -0.003341 0.027573 0.038763
v -0.003501 0.027439 0.039150
v -0.003491 0.027565 0.038722
v -0.003496 0.027285 0.039579
v -0.003298 0.025738 0.041952
v -0.003250 0.025387 0.042282
v -0.003236 0.025731 0.041966
v -0.003164 0.025724 0.041982
v -0.003215 0.025383 0.042289
v -0.003200 0.025015 0.042586
v -0.003074 0.025366 0.042319
v -0.003191 0.025014 0.042587
v -0.003209 0.025016 0.042584
v -0.003110 0.024224 0.043106
v -0.003156 0.025009 0.042594
v -0.003121 0.025005 0.042601
v -0.002982 0.024985 0.042628
v -0.003101 0.024223 0.043108
v -0.002996 0.023383 0.043510
v -0.003067 0.024217 0.043113
v -0.002781 0.021664 0.043949
v -0.002810 0.022507 0.043795
v -0.002557 0.022455 0.043815
v -0.002774 0.021663 0.043950
v 0.011686 0.025317 0.038274
v 0.011976 0.025181 0.038274
v 0.011911 0.024797 0.039577
v 0.011337 0.025064 0.039577
v 0.011100 0.025579 0.038274
v 0.010757 0.025319 0.039577
v 0.010805 0.025705 0.038274
v 0.010508 0.025828 0.038274
v 0.010171 0.025560 0.039577
v 0.009911 0.026063 0.038274
v 0.008904 0.026424 0.038274
v 0.008293 0.026622 0.038274
v 0.008182 0.026264 0.039577
v 0.007986 0.026715 0.038274
v 0.007575 0.026445 0.039577
v 0.007369 0.026892 0.038274
v 0.006964 0.026613 0.039577
v 0.007059 0.026975 0.038274
v 0.006748 0.027055 0.038274
v 0.006350 0.026766 0.039577
v 0.006124 0.027203 0.038274
v 0.005732 0.026905 0.039577
v 0.005810 0.027271 0.038274
v 0.005181 0.027398 0.038274
v 0.004126 0.027576 0.038274
v 0.003490 0.027664 0.038274
v 0.003652 0.027265 0.039577
v 0.003024 0.027342 0.039577
v 0.003171 0.027702 0.038274
v 0.002852 0.027737 0.038274
v 0.002393 0.027404 0.039577
v 0.009335 0.020224 0.043883
v 0.009567 0.020115 0.043883
v 0.010208 0.021253 0.043509
v 0.009716 0.021482 0.043509
v 0.002213 0.027795 0.038274
v 0.001762 0.027452 0.039577
v 0.008867 0.020433 0.043883
v 0.009219 0.021700 0.043509
v 0.001893 0.027819 0.038274
v 0.008631 0.020534 0.043883
v 0.001572 0.027839 0.038274
v 0.001129 0.027485 0.039577
v 0.008394 0.020632 0.043883
v 0.008717 0.021906 0.043509
v 0.000931 0.027868 0.038274
v 0.000496 0.027504 0.039577
v 0.007917 0.020820 0.043883
v 0.000610 0.027877 0.038274
v 0.000396 0.027880 0.038274
v 0.000074 0.027509 0.039577
v 0.007113 0.021108 0.043883
v 0.007012 0.022510 0.043509
v -0.000246 0.027882 0.038274
v -0.000348 0.027506 0.039577
v -0.000460 0.027880 0.038274
v 0.006625 0.021266 0.043883
v -0.001102 0.027862 0.038274
v 0.006380 0.021341 0.043883
v 0.006492 0.022665 0.043509
v -0.001529 0.027841 0.038274
v 0.005887 0.021482 0.043883
v 0.005969 0.022809 0.043509
v -0.001957 0.027815 0.038274
v 0.005639 0.021548 0.043883
v 0.005391 0.021612 0.043883
v 0.005442 0.022940 0.043509
v 0.004892 0.021730 0.043883
v 0.004913 0.023059 0.043509
v 0.004641 0.021785 0.043883
v 0.004138 0.021886 0.043883
v 0.003130 0.023368 0.043509
v 0.003296 0.022029 0.043883
v 0.002788 0.022099 0.043883
v 0.002591 0.023434 0.043509
v 0.002533 0.022129 0.043883
v 0.002278 0.022157 0.043883
v 0.002051 0.023487 0.043509
v 0.001768 0.022204 0.043883
v 0.001510 0.023528 0.043509
v 0.001512 0.022223 0.043883
v 0.001256 0.022238 0.043883
v 0.000968 0.023557 0.043509
v 0.000744 0.022261 0.043883
v 0.000425 0.023573 0.043509
v 0.000487 0.022269 0.043883
v 0.000316 0.022272 0.043883
v 0.000063 0.023577 0.043509
v -0.000197 0.022273 0.043883
v -0.000299 0.023575 0.043509
v -0.000368 0.022271 0.043883
v -0.000880 0.022257 0.043883
v -0.001222 0.022240 0.043883
v -0.001563 0.022219 0.043883
v 0.012384 0.024564 0.039577
v 0.011549 0.024647 0.040215
v 0.011163 0.024430 0.040830
v 0.012020 0.024421 0.040215
v 0.011265 0.024778 0.040215
v 0.011122 0.024843 0.040215
v 0.010881 0.024557 0.040830
v 0.010835 0.024969 0.040215
v 0.010598 0.024680 0.040830
v 0.009557 0.026031 0.038926
v 0.010691 0.025031 0.040215
v 0.010547 0.025092 0.040215
v 0.010313 0.024801 0.040830
v 0.010258 0.025212 0.040215
v 0.011217 0.023937 0.041412
v 0.011674 0.023718 0.041412
v 0.011236 0.023392 0.041950
v 0.009772 0.025404 0.040215
v 0.009354 0.025178 0.040830
v 0.010755 0.024148 0.041412
v 0.010330 0.023806 0.041950
v 0.010616 0.024210 0.041412
v 0.010477 0.024270 0.041412
v 0.010337 0.024330 0.041412
v 0.008790 0.025760 0.040215
v 0.009868 0.024524 0.041412
v 0.010751 0.022383 0.042859
v 0.010320 0.022585 0.042859
v 0.010783 0.023012 0.042434
v 0.010339 0.023214 0.042434
v 0.010059 0.022702 0.042859
v 0.010206 0.023273 0.042434
v 0.009797 0.022816 0.042859
v 0.010071 0.023332 0.042434
v 0.010694 0.021727 0.043218
v 0.009937 0.023389 0.042434
v 0.009534 0.022928 0.042859
v 0.007796 0.026078 0.040215
v 0.007495 0.026166 0.040215
v 0.007396 0.025821 0.040830
v 0.007344 0.026209 0.040215
v 0.007099 0.025904 0.040830
v 0.009037 0.024326 0.041950
v 0.010275 0.021928 0.043218
v 0.009487 0.023575 0.042434
v 0.008648 0.023276 0.042859
v 0.007042 0.026292 0.040215
v 0.006800 0.025984 0.040830
v 0.010022 0.022044 0.043218
v 0.006891 0.026332 0.040215
v 0.009895 0.022102 0.043218
v 0.006739 0.026371 0.040215
v 0.006500 0.026061 0.040830
v 0.009640 0.022214 0.043218
v 0.006435 0.026447 0.040215
v 0.006200 0.026134 0.040830
v 0.009512 0.022269 0.043218
v 0.006283 0.026483 0.040215
v 0.009383 0.022324 0.043218
v 0.005978 0.026554 0.040215
v 0.009126 0.022430 0.043218
v 0.004419 0.027376 0.038926
v 0.006986 0.025495 0.041412
v 0.007959 0.025208 0.041412
v 0.006840 0.025535 0.041412
v 0.006570 0.025105 0.041950
v 0.008694 0.022601 0.043218
v 0.006692 0.025574 0.041412
v 0.006545 0.025612 0.041412
v 0.006398 0.025649 0.041412
v 0.004954 0.026764 0.040215
v 0.007821 0.022918 0.043218
v 0.006716 0.024509 0.042434
v 0.006838 0.023871 0.042859
v 0.006562 0.023948 0.042859
v 0.007651 0.024233 0.042434
v 0.006575 0.024547 0.042434
v 0.006286 0.024022 0.042859
v 0.005409 0.025875 0.041412
v 0.006434 0.024585 0.042434
v 0.003924 0.026934 0.040215
v 0.004178 0.026532 0.040830
v 0.003157 0.026673 0.040830
v 0.006292 0.024621 0.042434
v 0.006009 0.024093 0.042859
v 0.006150 0.024657 0.042434
v 0.005732 0.024160 0.042859
v 0.003407 0.027004 0.040215
v 0.006936 0.023201 0.043218
v 0.003095 0.027042 0.040215
v 0.002850 0.026708 0.040830
v 0.006668 0.023279 0.043218
v 0.002940 0.027059 0.040215
v 0.006534 0.023317 0.043218
v 0.002784 0.027075 0.040215
v 0.002542 0.026739 0.040830
v 0.006265 0.023391 0.043218
v 0.005200 0.024875 0.042434
v 0.002472 0.027106 0.040215
v 0.002234 0.026766 0.040830
v 0.006131 0.023427 0.043218
v 0.002316 0.027119 0.040215
v 0.005996 0.023461 0.043218
v 0.002160 0.027132 0.040215
v 0.001926 0.026790 0.040830
v 0.003409 0.026214 0.041412
v 0.004037 0.025634 0.041950
v 0.002654 0.025814 0.041950
v 0.005725 0.023529 0.043218
v 0.001847 0.027155 0.040215
v 0.001617 0.026810 0.040830
v 0.005590 0.023561 0.043218
v 0.001691 0.027166 0.040215
v 0.001587 0.027172 0.040215
v 0.001411 0.026822 0.040830
v 0.005318 0.023624 0.043218
v 0.002906 0.026274 0.041412
v 0.002754 0.026291 0.041412
v 0.001274 0.027188 0.040215
v 0.001206 0.026832 0.040830
v 0.002603 0.026306 0.041412
v 0.001170 0.027193 0.040215
v 0.002451 0.026321 0.041412
v 0.002300 0.026334 0.041412
v 0.000856 0.027205 0.040215
v 0.002148 0.026347 0.041412
v 0.000648 0.027210 0.040215
v 0.002047 0.026355 0.041412
v 0.003277 0.025200 0.042434
v 0.003862 0.024528 0.042859
v 0.002919 0.024659 0.042859
v 0.001946 0.026363 0.041412
v 0.004408 0.023811 0.043218
v 0.000439 0.027215 0.040215
v -0.001149 0.027706 0.038926
v 0.002793 0.025258 0.042434
v 0.002635 0.024690 0.042859
v 0.002648 0.025274 0.042434
v 0.002502 0.025289 0.042434
v 0.002350 0.024719 0.042859
v 0.002357 0.025303 0.042434
v 0.003491 0.023962 0.043218
v 0.002211 0.025316 0.042434
v 0.002065 0.024745 0.042859
v 0.002065 0.025328 0.042434
v 0.001968 0.025336 0.042434
v 0.001780 0.024767 0.042859
v 0.001871 0.025343 0.042434
v 0.001495 0.024786 0.042859
v 0.003031 0.024025 0.043218
v -0.001128 0.027195 0.040215
v -0.001930 0.027441 0.039577
v -0.002741 0.027594 0.038926
v 0.002754 0.024058 0.043218
v 0.002615 0.024074 0.043218
v 0.002477 0.024088 0.043218
v 0.002199 0.024115 0.043218
v 0.002061 0.024127 0.043218
v 0.001922 0.024139 0.043218
v 0.001644 0.024159 0.043218
v 0.001504 0.024168 0.043218
v 0.001412 0.024174 0.043218
v 0.001305 0.024796 0.042859
v 0.001133 0.024189 0.043218
v 0.001115 0.024806 0.042859
v 0.001040 0.024193 0.043218
v 0.000762 0.024203 0.043218
v 0.000576 0.024208 0.043218
v 0.000390 0.024212 0.043218
v -0.002394 0.024097 0.043218
v -0.001742 0.024769 0.042859
v -0.001003 0.024194 0.043218
v 0.012440 0.024383 0.039898
v 0.012253 0.024304 0.040215
v 0.011682 0.023172 0.041950
v 0.011454 0.022993 0.042199
v 0.011674 0.022882 0.042199
v 0.011222 0.022801 0.042434
v 0.009206 0.024780 0.041412
v 0.008381 0.025518 0.040830
v 0.010567 0.020713 0.043628
v 0.008850 0.023822 0.042434
v 0.007813 0.024746 0.041950
v 0.007748 0.023591 0.042859
v 0.005193 0.026353 0.040830
v 0.005310 0.025401 0.041950
v 0.004112 0.026113 0.041412
v 0.004801 0.024362 0.042859
v 0.003953 0.025103 0.042434
v -0.002735 0.027801 0.037950
v 0.001910 0.025880 0.041950
v 0.001187 0.026408 0.041412
v 0.001165 0.025924 0.041950
v 0.000433 0.026856 0.040830
v 0.000426 0.026431 0.041412
v -0.000345 0.027216 0.040215
v -0.000340 0.026857 0.040830
v 0.001141 0.025387 0.042434
v 0.000418 0.025947 0.041950
v 0.000410 0.025409 0.042434
v -0.000335 0.026433 0.041412
v -0.000329 0.025948 0.041950
v -0.001095 0.026412 0.041412
v -0.001113 0.026836 0.040830
v -0.001910 0.027151 0.040215
v -0.001885 0.026793 0.040830
v -0.002313 0.027274 0.039898
v 0.000400 0.024827 0.042859
v -0.000322 0.025410 0.042434
v -0.000314 0.024829 0.042859
v -0.001053 0.025390 0.042434
v -0.001433 0.025647 0.042199
v -0.001821 0.025886 0.041950
v -0.002613 0.026305 0.041412
v -0.000307 0.024213 0.043218
v -0.002171 0.025595 0.042199
v -0.001119 0.023225 0.043628
v -0.001298 0.023216 0.043628
v -0.001965 0.023169 0.043628
v 0.012647 0.024355 0.039738
v 0.010134 0.019289 0.043955
v -0.003126 0.027451 0.039252
v -0.002909 0.027288 0.039738
v -0.001855 0.026370 0.041412
v -0.001029 0.024809 0.042859
v -0.002737 0.025675 0.042076
v -0.002512 0.025288 0.042434
v -0.002290 0.024874 0.042759
v -0.002843 0.024965 0.042655
v -0.002482 0.023283 0.043570
v -0.002289 0.021669 0.043955
v -0.002621 0.021631 0.043955
v 0.012750 0.024339 0.039657
v -0.003207 0.027288 0.039657
v -0.002903 0.026332 0.041342
v -0.002965 0.026031 0.041687
v -0.003022 0.025709 0.042013
v -0.002743 0.023335 0.043540
v 0.012802 0.024331 0.039617
v 0.010188 0.019306 0.043951
v -0.003357 0.027287 0.039617
v -0.002743 0.021656 0.043951
v 0.012827 0.024326 0.039597
v -0.003431 0.027286 0.039597
v 0.012840 0.024324 0.039587
v -0.015235 0.014454 0.044000
v -0.015907 0.013711 0.044000
v -0.016543 0.012937 0.044000
v -0.017141 0.012133 0.044000
v -0.017700 0.011302 0.044000
v -0.018218 0.010445 0.044000
v -0.018696 0.009564 0.044000
v -0.019130 0.008661 0.044000
v -0.019521 0.007739 0.044000
v -0.019868 0.006799 0.044000
v -0.020170 0.005844 0.044000
v -0.020425 0.004875 0.044000
v -0.020570 0.004223 0.044000
v -0.021520 0.003712 0.043950
v -0.021869 0.004218 0.043883
v -0.021508 0.003721 0.043951
v -0.019338 0.020180 0.037844
v -0.019342 0.020176 0.037849
v -0.019035 0.019858 0.039582
v -0.019035 0.019671 0.039898
v -0.019038 0.019852 0.039587
v -0.019213 0.019855 0.039252
v -0.018754 0.019571 0.040425
v -0.018756 0.019565 0.040430
v -0.019217 0.019276 0.040215
v -0.018392 0.019191 0.041226
v -0.018809 0.019437 0.040526
v -0.018767 0.019539 0.040449
v -0.018964 0.019022 0.040830
v -0.018395 0.019184 0.041230
v -0.018397 0.019178 0.041235
v -0.018183 0.018967 0.041602
v -0.018477 0.018906 0.041412
v -0.018446 0.019015 0.041342
v -0.018405 0.019151 0.041253
v -0.018413 0.019124 0.041270
v -0.018191 0.018939 0.041619
v -0.017955 0.018731 0.041954
v -0.017956 0.018724 0.041958
v -0.018219 0.018828 0.041687
v -0.016312 0.017017 0.043511
v -0.016312 0.017010 0.043513
v -0.016926 0.017318 0.043218
v -0.016012 0.016707 0.043665
v -0.016325 0.016787 0.043570
v -0.016318 0.016906 0.043540
v -0.016313 0.016995 0.043516
v -0.016013 0.016692 0.043668
v -0.016315 0.016965 0.043524
v -0.015711 0.016395 0.043789
v -0.015711 0.016388 0.043790
v -0.016015 0.016633 0.043681
v -0.027541 0.004749 0.037844
v -0.027539 0.004755 0.037849
v -0.027104 0.004678 0.039582
v -0.027101 0.004684 0.039587
v -0.026949 0.004783 0.039898
v -0.027201 0.004827 0.039252
v -0.026709 0.004605 0.040425
v -0.026724 0.005155 0.040215
v -0.026706 0.004611 0.040430
v -0.026188 0.004524 0.041230
v -0.026371 0.005087 0.040830
v -0.026184 0.004529 0.041235
v -0.026192 0.004518 0.041226
v -0.026690 0.004634 0.040449
v -0.026629 0.004726 0.040526
v -0.025890 0.004470 0.041602
v -0.026166 0.004551 0.041253
v -0.026148 0.004574 0.041270
v -0.026003 0.004748 0.041412
v -0.025871 0.004492 0.041619
v -0.026076 0.004661 0.041342
v -0.025566 0.004412 0.041954
v -0.025795 0.004578 0.041687
v -0.025561 0.004418 0.041958
v -0.023227 0.004009 0.043511
v -0.023820 0.004350 0.043218
v -0.023221 0.004013 0.043513
v -0.022802 0.003934 0.043665
v -0.023209 0.004022 0.043516
v -0.023186 0.004040 0.043524
v -0.023043 0.004149 0.043570
v -0.022790 0.003942 0.043668
v -0.023138 0.004077 0.043540
v -0.022375 0.003858 0.043789
v -0.022743 0.003978 0.043681
v -0.022369 0.003862 0.043790
v -0.019226 0.020065 0.038709
v -0.019427 0.020076 0.037950
v -0.019359 0.020156 0.037869
v -0.019687 0.019747 0.038274
v -0.019228 0.020062 0.038712
v -0.019140 0.019974 0.039145
v -0.019265 0.020008 0.038763
v -0.019235 0.020052 0.038722
v -0.019143 0.019968 0.039150
v -0.019383 0.019832 0.038926
v -0.019033 0.019861 0.039579
v -0.019157 0.019946 0.039171
v -0.017954 0.018735 0.041952
v -0.017710 0.018479 0.042282
v -0.017978 0.018625 0.042013
v -0.017966 0.018682 0.041982
v -0.018002 0.018511 0.042076
v -0.017959 0.018710 0.041966
v -0.017712 0.018464 0.042289
v -0.017450 0.018211 0.042584
v -0.017763 0.018174 0.042434
v -0.017723 0.018406 0.042319
v -0.017451 0.018207 0.042586
v -0.017451 0.018204 0.042587
v -0.016897 0.017635 0.043106
v -0.017473 0.018057 0.042655
v -0.017465 0.018116 0.042628
v -0.017456 0.018174 0.042601
v -0.016897 0.017631 0.043108
v -0.017532 0.017585 0.042859
v -0.017454 0.018189 0.042594
v -0.017504 0.017822 0.042759
v -0.016311 0.017021 0.043510
v -0.016905 0.017557 0.043135
v -0.016899 0.017616 0.043113
v -0.015112 0.015771 0.043949
v -0.015712 0.016359 0.043795
v -0.015112 0.015768 0.043950
v -0.015726 0.015774 0.043883
v -0.015716 0.016241 0.043815
v -0.027383 0.004720 0.038709
v -0.027504 0.004881 0.037950
v -0.027377 0.005281 0.038274
v -0.027532 0.004780 0.037869
v -0.027382 0.004724 0.038712
v -0.027259 0.004700 0.039145
v -0.027277 0.004981 0.038926
v -0.027257 0.004706 0.039150
v -0.027358 0.004785 0.038763
v -0.027377 0.004736 0.038722
v -0.027106 0.004675 0.039579
v -0.027246 0.004731 0.039171
v -0.025569 0.004410 0.041952
v -0.025220 0.004351 0.042282
v -0.025551 0.004428 0.041966
v -0.025531 0.004449 0.041982
v -0.025491 0.004491 0.042013
v -0.025410 0.004575 0.042076
v -0.025209 0.004361 0.042289
v -0.024850 0.004288 0.042586
v -0.024997 0.004565 0.042434
v -0.024848 0.004290 0.042587
v -0.024853 0.004285 0.042584
v -0.025168 0.004402 0.042319
v -0.024066 0.004149 0.043106
v -0.024738 0.004390 0.042655
v -0.024561 0.004548 0.042759
v -0.024380 0.004703 0.042859
v -0.024782 0.004350 0.042628
v -0.024826 0.004310 0.042601
v -0.024063 0.004151 0.043108
v -0.024837 0.004300 0.042594
v -0.023230 0.004006 0.043510
v -0.024006 0.004199 0.043135
v -0.024052 0.004161 0.043113
v -0.021523 0.003710 0.043949
v -0.022346 0.003880 0.043795
v -0.022251 0.003949 0.043815
v -0.020381 0.019030 0.038274
v -0.020152 0.019272 0.038274
v -0.019806 0.019092 0.039577
v -0.020256 0.018614 0.039577
v -0.020829 0.018538 0.038274
v -0.020694 0.018125 0.039577
v -0.021048 0.018289 0.038274
v -0.021265 0.018036 0.038274
v -0.021120 0.017627 0.039577
v -0.021689 0.017524 0.038274
v -0.022368 0.016648 0.038274
v -0.022759 0.016110 0.038274
v -0.022453 0.015893 0.039577
v -0.022949 0.015837 0.038274
v -0.022826 0.015353 0.039577
v -0.023321 0.015285 0.038274
v -0.023185 0.014804 0.039577
v -0.023501 0.015006 0.038274
v -0.023678 0.014725 0.038274
v -0.023532 0.014247 0.039577
v -0.024023 0.014155 0.038274
v -0.023865 0.013682 0.039577
v -0.024190 0.013868 0.038274
v -0.024514 0.013287 0.038274
v -0.025022 0.012302 0.038274
v -0.025308 0.011702 0.038274
v -0.024876 0.011743 0.039577
v -0.025149 0.011146 0.039577
v -0.025446 0.011399 0.038274
v -0.016281 0.015202 0.043883
v -0.016098 0.015395 0.043883
v -0.016975 0.016363 0.043509
v -0.017360 0.015953 0.043509
v -0.025580 0.011095 0.038274
v -0.025407 0.010543 0.039577
v -0.016639 0.014809 0.043883
v -0.017736 0.015535 0.043509
v -0.025837 0.010481 0.038274
v -0.025651 0.009934 0.039577
v -0.016814 0.014609 0.043883
v -0.025961 0.010172 0.038274
v -0.016987 0.014408 0.043883
v -0.018101 0.015107 0.043509
v -0.026196 0.009550 0.038274
v -0.017326 0.013999 0.043883
v -0.026554 0.008501 0.038274
v -0.017868 0.013299 0.043883
v -0.019244 0.013622 0.043509
v -0.026750 0.007865 0.038274
v -0.026359 0.007865 0.039577
v -0.018180 0.012869 0.043883
v -0.026841 0.007546 0.038274
v -0.026539 0.007234 0.039577
v -0.018333 0.012651 0.043883
v -0.019563 0.013159 0.043509
v -0.027014 0.006903 0.038274
v -0.026704 0.006598 0.039577
v -0.018629 0.012210 0.043883
v -0.019871 0.012688 0.043509
v -0.027094 0.006581 0.038274
v -0.018773 0.011987 0.043883
v -0.027146 0.006365 0.038274
v -0.026806 0.006173 0.039577
v -0.018915 0.011762 0.043883
v -0.020168 0.012211 0.043509
v -0.027195 0.006149 0.038274
v -0.026900 0.005746 0.039577
v -0.027290 0.005716 0.038274
v -0.019190 0.011308 0.043883
v -0.020454 0.011726 0.043509
v -0.019323 0.011078 0.043883
v -0.019582 0.010614 0.043883
v -0.021320 0.010064 0.043509
v -0.019988 0.009827 0.043883
v -0.020217 0.009348 0.043883
v -0.021554 0.009553 0.043509
v -0.020327 0.009106 0.043883
v -0.020434 0.008863 0.043883
v -0.021776 0.009036 0.043509
v -0.020640 0.008373 0.043883
v -0.021985 0.008514 0.043509
v -0.020738 0.008126 0.043883
v -0.020926 0.007629 0.043883
v -0.021212 0.006791 0.043883
v -0.022592 0.006740 0.043509
v -0.021368 0.006283 0.043883
v -0.021442 0.006028 0.043883
v -0.022746 0.006200 0.043509
v -0.021579 0.005515 0.043883
v -0.022887 0.005655 0.043509
v -0.021643 0.005257 0.043883
v -0.021685 0.005084 0.043883
v -0.022974 0.005291 0.043509
v -0.021724 0.004912 0.043883
v -0.023055 0.004925 0.043509
v -0.021800 0.004566 0.043883
v -0.019422 0.019482 0.039577
v -0.019783 0.018694 0.040215
v -0.019408 0.019084 0.040215
v -0.019705 0.018253 0.040830
v -0.020005 0.018457 0.040215
v -0.020115 0.018337 0.040215
v -0.019921 0.018017 0.040830
v -0.020332 0.018096 0.040215
v -0.020135 0.017778 0.040830
v -0.021776 0.017169 0.038926
v -0.020439 0.017975 0.040215
v -0.020546 0.017852 0.040215
v -0.020345 0.017536 0.040830
v -0.020758 0.017606 0.040215
v -0.019214 0.018156 0.041412
v -0.018849 0.018535 0.041412
v -0.018684 0.018010 0.041950
v -0.021103 0.017190 0.040215
v -0.021026 0.016714 0.040830
v -0.019571 0.017771 0.041412
v -0.019385 0.017253 0.041950
v -0.019677 0.017654 0.041412
v -0.019782 0.017536 0.041412
v -0.019886 0.017418 0.041412
v -0.020228 0.017019 0.041412
v -0.021770 0.016338 0.040215
v -0.017878 0.017233 0.042859
v -0.018217 0.016874 0.042859
v -0.018471 0.017454 0.042434
v -0.018814 0.017083 0.042434
v -0.018417 0.016656 0.042859
v -0.018916 0.016971 0.042434
v -0.018614 0.016435 0.042859
v -0.019016 0.016858 0.042434
v -0.017267 0.016978 0.043218
v -0.019117 0.016744 0.042434
v -0.018809 0.016212 0.042859
v -0.022402 0.015459 0.040215
v -0.022585 0.015191 0.040215
v -0.022287 0.014991 0.040830
v -0.017601 0.016632 0.043218
v -0.019446 0.016361 0.042434
v -0.019438 0.015451 0.042859
v -0.022675 0.015056 0.040215
v -0.022464 0.014724 0.040830
v -0.017798 0.016421 0.043218
v -0.022853 0.014784 0.040215
v -0.022638 0.014455 0.040830
v -0.017895 0.016314 0.043218
v -0.022941 0.014648 0.040215
v -0.023027 0.014511 0.040215
v -0.022809 0.014184 0.040830
v -0.018089 0.016100 0.043218
v -0.018184 0.015992 0.043218
v -0.023199 0.014235 0.040215
v -0.022976 0.013911 0.040830
v -0.018279 0.015883 0.043218
v -0.023283 0.014097 0.040215
v -0.018468 0.015664 0.043218
v -0.023450 0.013818 0.040215
v -0.022109 0.014491 0.041412
v -0.021516 0.015358 0.041412
v -0.024737 0.012530 0.038926
v -0.022195 0.014359 0.041412
v -0.021872 0.013965 0.041950
v -0.018775 0.015293 0.043218
v -0.022280 0.014226 0.041412
v -0.022365 0.014093 0.041412
v -0.022448 0.013959 0.041412
v -0.023980 0.012875 0.040215
v -0.019368 0.014535 0.043218
v -0.021254 0.013931 0.042434
v -0.020683 0.014764 0.042434
v -0.020604 0.013858 0.042859
v -0.020767 0.013612 0.042859
v -0.021336 0.013804 0.042434
v -0.020928 0.013363 0.042859
v -0.022985 0.013056 0.041412
v -0.021418 0.013676 0.042434
v -0.024473 0.011911 0.040215
v -0.024008 0.012041 0.040830
v -0.024468 0.011078 0.040830
v -0.021500 0.013548 0.042434
v -0.021086 0.013112 0.042859
v -0.021580 0.013420 0.042434
v -0.021241 0.012860 0.042859
v -0.019930 0.013754 0.043218
v -0.024705 0.011422 0.040215
v -0.020093 0.013515 0.043218
v -0.024839 0.011127 0.040215
v -0.024598 0.010785 0.040830
v -0.020173 0.013395 0.043218
v -0.024905 0.010979 0.040215
v -0.024970 0.010830 0.040215
v -0.024725 0.010491 0.040830
v -0.020331 0.013153 0.043218
v -0.022096 0.012551 0.042434
v -0.020410 0.013032 0.043218
v -0.025097 0.010531 0.040215
v -0.024848 0.010195 0.040830
v -0.020487 0.012910 0.043218
v -0.026145 0.009238 0.038926
v -0.025160 0.010381 0.040215
v -0.020639 0.012665 0.043218
v -0.023949 0.011189 0.041412
v -0.025282 0.010081 0.040215
v -0.020714 0.012541 0.043218
v -0.020863 0.012293 0.043218
v -0.024167 0.010711 0.041412
v -0.025477 0.009576 0.040215
v -0.025234 0.009199 0.040830
v -0.024230 0.010566 0.041412
v -0.023807 0.010325 0.041950
v -0.024293 0.010422 0.041412
v -0.024355 0.010277 0.041412
v -0.021335 0.011454 0.043218
v -0.023023 0.010756 0.042434
v -0.022195 0.011132 0.042859
v -0.022620 0.010241 0.042859
v -0.024554 0.009790 0.041412
v -0.025837 0.008556 0.040215
v -0.023232 0.010296 0.042434
v -0.022740 0.009970 0.042859
v -0.023293 0.010158 0.042434
v -0.023353 0.010019 0.042434
v -0.022857 0.009698 0.042859
v -0.023413 0.009879 0.042434
v -0.022971 0.009425 0.042859
v -0.021773 0.010597 0.043218
v -0.026157 0.007522 0.040215
v -0.023604 0.009412 0.042434
v -0.023328 0.008505 0.042859
v -0.026245 0.007209 0.040215
v -0.025884 0.007166 0.040830
v -0.021979 0.010162 0.043218
v -0.026287 0.007053 0.040215
v -0.025968 0.006856 0.040830
v -0.022099 0.009899 0.043218
v -0.026369 0.006739 0.040215
v -0.026048 0.006546 0.040830
v -0.022157 0.009767 0.043218
v -0.026409 0.006581 0.040215
v -0.022215 0.009635 0.043218
v -0.026435 0.006476 0.040215
v -0.026099 0.006339 0.040830
v -0.026461 0.006371 0.040215
v -0.026148 0.006131 0.040830
v -0.022328 0.009369 0.043218
v -0.026510 0.006160 0.040215
v -0.022384 0.009236 0.043218
v -0.026558 0.005949 0.040215
v -0.027009 0.005210 0.039577
v -0.022492 0.008968 0.043218
v -0.025544 0.006799 0.041412
v -0.025254 0.007809 0.041412
v -0.026671 0.005420 0.040215
v -0.025584 0.006646 0.041412
v -0.025141 0.006425 0.041950
v -0.022666 0.008519 0.043218
v -0.025623 0.006494 0.041412
v -0.025649 0.006392 0.041412
v -0.025674 0.006290 0.041412
v -0.025794 0.005778 0.041412
v -0.025376 0.005420 0.041950
v -0.022987 0.007612 0.043218
v -0.024556 0.006536 0.042434
v -0.023929 0.006625 0.042859
v -0.024007 0.006339 0.042859
v -0.024277 0.007507 0.042434
v -0.025904 0.005264 0.041412
v -0.024595 0.006389 0.042434
v -0.024080 0.006052 0.042859
v -0.024632 0.006243 0.042434
v -0.024657 0.006145 0.042434
v -0.024681 0.006046 0.042434
v -0.024128 0.005860 0.042859
v -0.024174 0.005668 0.042859
v -0.023271 0.006692 0.043218
v -0.024796 0.005555 0.042434
v -0.023349 0.006414 0.043218
v -0.023387 0.006275 0.043218
v -0.023460 0.005995 0.043218
v -0.023495 0.005855 0.043218
v -0.023518 0.005762 0.043218
v -0.024281 0.005186 0.042859
v -0.023541 0.005668 0.043218
v -0.023585 0.005481 0.043218
v -0.023628 0.005293 0.043218
v -0.023729 0.004822 0.043218
v -0.019229 0.019481 0.039898
v -0.018322 0.018378 0.041950
v -0.018227 0.018101 0.042199
v -0.018046 0.018282 0.042199
v -0.018120 0.017818 0.042434
v -0.019857 0.016707 0.041950
v -0.020694 0.016449 0.041412
v -0.020314 0.016148 0.041950
v -0.021673 0.015865 0.040830
v -0.016335 0.016549 0.043628
v -0.021984 0.015431 0.040830
v -0.019893 0.015813 0.042434
v -0.021121 0.015077 0.041950
v -0.023248 0.013451 0.040830
v -0.020037 0.014666 0.042859
v -0.023511 0.012986 0.040830
v -0.020324 0.014265 0.042859
v -0.022564 0.012817 0.041950
v -0.023629 0.011851 0.041412
v -0.023195 0.011634 0.041950
v -0.021492 0.012435 0.042859
v -0.021735 0.012006 0.042859
v -0.022715 0.011393 0.042434
v -0.023510 0.010984 0.041950
v -0.024104 0.009611 0.041950
v -0.024835 0.009054 0.041412
v -0.024379 0.008888 0.041950
v -0.025579 0.008189 0.040830
v -0.023874 0.008704 0.042434
v -0.024791 0.007666 0.041950
v -0.026900 0.005050 0.039898
v -0.023647 0.007571 0.042859
v -0.025479 0.004915 0.041950
v -0.025196 0.004990 0.042199
v -0.024902 0.005061 0.042434
v -0.025245 0.004739 0.042199
v -0.022852 0.004290 0.043628
v -0.019133 0.019674 0.039738
v -0.015113 0.015696 0.043955
v -0.027007 0.004862 0.039738
v -0.021462 0.003754 0.043955
v -0.019083 0.019769 0.039657
v -0.027058 0.004767 0.039657
v -0.019057 0.019817 0.039617
v -0.015112 0.015753 0.043951
v -0.027083 0.004720 0.039617
v -0.019044 0.019840 0.039597
v -0.027095 0.004696 0.039597
v -0.003595 0.020690 0.044000
v -0.004506 0.020511 0.044000
v -0.005408 0.020292 0.044000
v -0.006300 0.020033 0.044000
v -0.007179 0.019735 0.044000
v -0.008045 0.019399 0.044000
v -0.008894 0.019024 0.044000
v -0.009726 0.018613 0.044000
v -0.010540 0.018164 0.044000
v -0.011332 0.017681 0.044000
v -0.012103 0.017163 0.044000
v -0.004924 0.027445 0.038274
v -0.004621 0.027498 0.038274
v -0.004409 0.027153 0.039577
v -0.005008 0.027049 0.039577
v -0.005228 0.027389 0.038274
v -0.005605 0.026932 0.039577
v -0.005832 0.027267 0.038274
v -0.006133 0.027201 0.038274
v -0.006199 0.026801 0.039577
v -0.006733 0.027059 0.038274
v -0.007626 0.026820 0.038274
v -0.007962 0.026332 0.039577
v -0.008218 0.026645 0.038274
v -0.008512 0.026553 0.038274
v -0.008542 0.026149 0.039577
v -0.008805 0.026457 0.038274
v -0.009118 0.025954 0.039577
v -0.009387 0.026256 0.038274
v -0.009677 0.026151 0.038274
v -0.009690 0.025746 0.039577
v -0.010253 0.025930 0.038274
v -0.011107 0.025576 0.038274
v -0.011375 0.025048 0.039577
v -0.011670 0.025325 0.038274
v -0.011949 0.025194 0.038274
v -0.011926 0.024790 0.039577
v -0.012227 0.025060 0.038274
v -0.012471 0.024520 0.039577
v -0.012778 0.024784 0.038274
v -0.013051 0.024641 0.038274
v -0.013010 0.024239 0.039577
v -0.013322 0.024496 0.038274
v -0.013542 0.023945 0.039577
v -0.003934 0.021924 0.043883
v -0.003778 0.023272 0.043509
v -0.003691 0.021966 0.043883
v -0.004292 0.023183 0.043509
v -0.004176 0.021879 0.043883
v -0.004804 0.023082 0.043509
v -0.013861 0.024195 0.038274
v -0.014127 0.024040 0.038274
v -0.014068 0.023640 0.039577
v -0.004659 0.021781 0.043883
v -0.014392 0.023883 0.038274
v -0.014588 0.023323 0.039577
v -0.004899 0.021729 0.043883
v -0.005313 0.022971 0.043509
v -0.014917 0.023559 0.038274
v -0.005378 0.021615 0.043883
v -0.015434 0.023223 0.038274
v -0.006092 0.021425 0.043883
v -0.006824 0.022568 0.043509
v -0.015943 0.022877 0.038274
v -0.006564 0.021285 0.043883
v -0.006799 0.021211 0.043883
v -0.007321 0.022412 0.043509
v -0.007033 0.021135 0.043883
v -0.007815 0.022244 0.043509
v -0.007499 0.020974 0.043883
v -0.007730 0.020890 0.043883
v -0.008305 0.022066 0.043509
v -0.008190 0.020714 0.043883
v -0.008873 0.020431 0.043883
v -0.009749 0.021467 0.043509
v -0.009322 0.020230 0.043883
v -0.009545 0.020126 0.043883
v -0.010221 0.021247 0.043509
v -0.009767 0.020019 0.043883
v -0.010688 0.021016 0.043509
v -0.010207 0.019798 0.043883
v -0.010425 0.019684 0.043883
v -0.011150 0.020774 0.043509
v -0.010642 0.019568 0.043883
v -0.011607 0.020523 0.043509
v -0.011072 0.019328 0.043883
v -0.011285 0.019204 0.043883
v -0.012058 0.020261 0.043509
v -0.011497 0.019078 0.043883
v -0.012503 0.019990 0.043509
v -0.011916 0.018819 0.043883
v -0.012329 0.018551 0.043883
v -0.012736 0.018274 0.043883
v -0.003762 0.027474 0.038926
v -0.004012 0.027593 0.038274
v -0.003958 0.027223 0.039577
v -0.004585 0.026829 0.040215
v -0.004139 0.026902 0.040215
v -0.003864 0.026580 0.040830
v -0.004744 0.026437 0.040830
v -0.004881 0.026777 0.040215
v -0.005029 0.026750 0.040215
v -0.005036 0.026383 0.040830
v -0.005177 0.026722 0.040215
v -0.005327 0.026326 0.040830
v -0.005472 0.026663 0.040215
v -0.005619 0.026632 0.040215
v -0.005618 0.026265 0.040830
v -0.005913 0.026568 0.040215
v -0.004453 0.026057 0.041412
v -0.004020 0.026127 0.041412
v -0.004159 0.025615 0.041950
v -0.006353 0.026467 0.040215
v -0.006486 0.026065 0.040830
v -0.004884 0.025980 0.041412
v -0.005006 0.025463 0.041950
v -0.005028 0.025952 0.041412
v -0.005171 0.025924 0.041412
v -0.005314 0.025895 0.041412
v -0.007227 0.026241 0.040215
v -0.005743 0.025803 0.041412
v -0.004695 0.024975 0.042434
v -0.004280 0.025049 0.042434
v -0.004385 0.024440 0.042859
v -0.004655 0.024391 0.042859
v -0.003979 0.024510 0.042859
v -0.004833 0.024949 0.042434
v -0.008093 0.025987 0.040215
v -0.004971 0.024921 0.042434
v -0.004925 0.024338 0.042859
v -0.005109 0.024894 0.042434
v -0.005193 0.024282 0.042859
v -0.008380 0.025896 0.040215
v -0.008199 0.025578 0.040830
v -0.003682 0.023934 0.043218
v -0.003572 0.024572 0.042859
v -0.003285 0.023991 0.043218
v -0.008523 0.025850 0.040215
v -0.008481 0.025485 0.040830
v -0.008666 0.025802 0.040215
v -0.008762 0.025390 0.040830
v -0.006266 0.025182 0.041950
v -0.005521 0.024806 0.042434
v -0.005996 0.024096 0.042859
v -0.004079 0.023869 0.043218
v -0.008951 0.025705 0.040215
v -0.009093 0.025655 0.040215
v -0.009043 0.025292 0.040830
v -0.004343 0.023823 0.043218
v -0.004474 0.023798 0.043218
v -0.009376 0.025553 0.040215
v -0.004606 0.023773 0.043218
v -0.004868 0.023721 0.043218
v -0.009798 0.025394 0.040215
v -0.009876 0.024978 0.040830
v -0.004999 0.023694 0.043218
v -0.008278 0.025106 0.041412
v -0.007441 0.025366 0.041412
v -0.008416 0.025059 0.041412
v -0.008330 0.024577 0.041950
v -0.005261 0.023637 0.043218
v -0.008555 0.025013 0.041412
v -0.008693 0.024965 0.041412
v -0.005652 0.023547 0.043218
v -0.010635 0.025055 0.040215
v -0.009106 0.024817 0.041412
v -0.007958 0.024135 0.042434
v -0.007153 0.024385 0.042434
v -0.007580 0.023646 0.042859
v -0.007841 0.023561 0.042859
v -0.006430 0.023346 0.043218
v -0.008091 0.024090 0.042434
v -0.011460 0.024689 0.040215
v -0.008224 0.024045 0.042434
v -0.008101 0.023473 0.042859
v -0.008357 0.023999 0.042434
v -0.008360 0.023382 0.042859
v -0.011732 0.024561 0.040215
v -0.011510 0.024269 0.040830
v -0.011867 0.024496 0.040215
v -0.011778 0.024140 0.040830
v -0.012003 0.024430 0.040215
v -0.012044 0.024008 0.040830
v -0.009542 0.024132 0.041950
v -0.008754 0.023858 0.042434
v -0.009130 0.023092 0.042859
v -0.007200 0.023120 0.043218
v -0.012272 0.024295 0.040215
v -0.012406 0.024227 0.040215
v -0.012308 0.023874 0.040830
v -0.007456 0.023039 0.043218
v -0.012540 0.024158 0.040215
v -0.012572 0.023736 0.040830
v -0.007583 0.022998 0.043218
v -0.007710 0.022956 0.043218
v -0.012806 0.024018 0.040215
v -0.012939 0.023947 0.040215
v -0.012833 0.023596 0.040830
v -0.007963 0.022869 0.043218
v -0.013071 0.023875 0.040215
v -0.013093 0.023453 0.040830
v -0.008089 0.022825 0.043218
v -0.011526 0.023790 0.041412
v -0.010731 0.024159 0.041412
v -0.011657 0.023726 0.041412
v -0.011508 0.023260 0.041950
v -0.013334 0.023729 0.040215
v -0.008341 0.022734 0.043218
v -0.011788 0.023662 0.041412
v -0.011919 0.023596 0.041412
v -0.013595 0.023581 0.040215
v -0.012049 0.023530 0.041412
v -0.008717 0.022592 0.043218
v -0.012179 0.023463 0.041412
v -0.013855 0.023429 0.040215
v -0.012308 0.023395 0.041412
v -0.011080 0.022870 0.042434
v -0.010641 0.022436 0.042859
v -0.010888 0.022317 0.042859
v -0.010316 0.023225 0.042434
v -0.009461 0.022291 0.043218
v -0.011206 0.022809 0.042434
v -0.011332 0.022746 0.042434
v -0.011134 0.022195 0.042859
v -0.011458 0.022683 0.042434
v -0.015729 0.022569 0.039577
v -0.016416 0.022350 0.038926
v -0.011583 0.022620 0.042434
v -0.011379 0.022071 0.042859
v -0.015003 0.022711 0.040215
v -0.011708 0.022555 0.042434
v -0.013456 0.022754 0.041412
v -0.011832 0.022490 0.042434
v -0.011622 0.021944 0.042859
v -0.011864 0.021814 0.042859
v -0.012104 0.021681 0.042859
v -0.010195 0.021965 0.043218
v -0.010437 0.021851 0.043218
v -0.010558 0.021793 0.043218
v -0.010678 0.021734 0.043218
v -0.010918 0.021615 0.043218
v -0.011037 0.021554 0.043218
v -0.014571 0.022057 0.041412
v -0.013761 0.022002 0.041950
v -0.011156 0.021493 0.043218
v -0.012936 0.021874 0.042434
v -0.011393 0.021368 0.043218
v -0.011511 0.021305 0.043218
v -0.011629 0.021241 0.043218
v -0.011863 0.021111 0.043218
v -0.012095 0.020979 0.043218
v -0.013167 0.021053 0.042859
v -0.012327 0.020844 0.043218
v -0.013348 0.020205 0.043218
v -0.014198 0.020372 0.042859
v -0.014336 0.019517 0.043218
v -0.003675 0.027693 0.037950
v -0.003826 0.027104 0.039898
v -0.003916 0.026935 0.040215
v -0.003558 0.026812 0.040526
v -0.003733 0.025680 0.041950
v -0.003801 0.025404 0.042199
v -0.003590 0.025435 0.042199
v -0.003865 0.025117 0.042434
v -0.006383 0.025653 0.041412
v -0.007346 0.025835 0.040830
v -0.003250 0.023024 0.043628
v -0.003205 0.022042 0.043883
v -0.006136 0.024661 0.042434
v -0.002973 0.022403 0.043815
v -0.007304 0.024901 0.041950
v -0.006791 0.023884 0.042859
v -0.009720 0.024583 0.041412
v -0.010699 0.024637 0.040830
v -0.009344 0.023632 0.042434
v -0.010534 0.023716 0.041950
v -0.009891 0.022776 0.042859
v -0.016817 0.022308 0.037950
v -0.013672 0.023120 0.040830
v -0.012083 0.022966 0.041950
v -0.014243 0.022773 0.040830
v -0.012650 0.022659 0.041950
v -0.015563 0.022331 0.040215
v -0.015929 0.022261 0.039898
v -0.014805 0.022411 0.040830
v -0.015358 0.022036 0.040830
v -0.013210 0.022337 0.041950
v -0.016282 0.021598 0.040526
v -0.013476 0.021546 0.042434
v -0.015650 0.021306 0.041412
v -0.014838 0.021290 0.041950
v -0.014424 0.021256 0.042199
v -0.014007 0.021204 0.042434
v -0.014948 0.020891 0.042199
v -0.013057 0.019241 0.043628
v -0.013532 0.018910 0.043628
v -0.013605 0.018047 0.043815
v -0.003597 0.027541 0.038763
v -0.003635 0.027388 0.039252
v -0.003667 0.027197 0.039738
v -0.003450 0.025589 0.042076
v -0.003447 0.025177 0.042434
v -0.003440 0.024742 0.042759
v -0.003305 0.024908 0.042655
v -0.003156 0.024167 0.043135
v -0.003128 0.023205 0.043570
v -0.002822 0.021606 0.043955
v -0.016858 0.022075 0.038763
v -0.016632 0.022062 0.039252
v -0.016384 0.022016 0.039738
v -0.015415 0.020715 0.042076
v -0.015044 0.020482 0.042434
v -0.014663 0.020224 0.042759
v -0.015126 0.020065 0.042655
v -0.014792 0.019370 0.043135
v -0.013979 0.018785 0.043570
v -0.013225 0.017318 0.043955
v -0.003590 0.027714 0.037869
v -0.003586 0.027241 0.039657
v -0.003601 0.027134 0.039898
v -0.003480 0.026867 0.040449
v -0.003512 0.026257 0.041342
v -0.003438 0.026323 0.041270
v -0.003586 0.026190 0.041412
v -0.003447 0.025972 0.041687
v -0.003379 0.025664 0.042013
v -0.003067 0.023295 0.043540
v -0.002990 0.022895 0.043681
v -0.002914 0.022493 0.043795
v -0.017031 0.022158 0.037869
v -0.016608 0.021889 0.039657
v -0.016478 0.021858 0.039898
v -0.016510 0.021481 0.040449
v -0.015881 0.021204 0.041342
v -0.016112 0.021099 0.041270
v -0.015772 0.020921 0.041687
v -0.015647 0.020622 0.042013
v -0.014203 0.018719 0.043540
v -0.014014 0.018351 0.043681
v -0.013822 0.017984 0.043795
v -0.003555 0.027557 0.038722
v -0.003553 0.027426 0.039171
v -0.003546 0.027263 0.039617
v -0.003343 0.025701 0.041982
v -0.003309 0.025336 0.042319
v -0.003271 0.024949 0.042628
v -0.003237 0.024990 0.042601
v -0.003123 0.024210 0.043113
v -0.003036 0.023340 0.043524
v -0.002793 0.021650 0.043951
v -0.016967 0.022004 0.038722
v -0.016853 0.021928 0.039171
v -0.016720 0.021825 0.039617
v -0.015763 0.020575 0.041982
v -0.015508 0.020308 0.042319
v -0.015241 0.020023 0.042628
v -0.015356 0.019980 0.042601
v -0.014906 0.019332 0.043113
v -0.014314 0.018684 0.043524
v -0.013330 0.017288 0.043951
v -0.003569 0.027720 0.037849
v -0.003526 0.027274 0.039597
v -0.003461 0.026881 0.040430
v -0.003419 0.026339 0.041253
v -0.003400 0.026356 0.041235
v -0.003374 0.026042 0.041619
v -0.003325 0.025720 0.041966
v -0.003020 0.023362 0.043516
v -0.002960 0.022940 0.043668
v -0.002899 0.022516 0.043790
v -0.017084 0.022121 0.037849
v -0.016776 0.021792 0.039597
v -0.016566 0.021451 0.040430
v -0.016170 0.021072 0.041253
v -0.016227 0.021045 0.041235
v -0.016003 0.020821 0.041619
v -0.015820 0.020551 0.041966
v -0.014370 0.018667 0.043516
v -0.014124 0.018318 0.043668
v -0.013877 0.017968 0.043790
v -0.003545 0.027561 0.038712
v -0.003532 0.027435 0.039150
v -0.003516 0.027279 0.039587
v -0.003316 0.025729 0.041958
v -0.003274 0.025375 0.042289
v -0.003229 0.025000 0.042594
v -0.003220 0.025010 0.042587
v -0.003115 0.024221 0.043108
v -0.003012 0.023373 0.043513
v -0.002786 0.021661 0.043950
v -0.016994 0.021987 0.038712
v -0.016908 0.021894 0.039150
v -0.016804 0.021776 0.039587
v -0.015849 0.020539 0.041958
v -0.015623 0.020262 0.042289
v -0.015385 0.019969 0.042594
v -0.015414 0.019958 0.042587
v -0.014934 0.019322 0.043108
v -0.014398 0.018658 0.043513
v -0.013356 0.017280 0.043950
v -0.003564 0.027721 0.037844
v -0.003511 0.027282 0.039582
v -0.003456 0.026884 0.040425
v -0.003391 0.026364 0.041226
v -0.003396 0.026360 0.041230
v -0.003355 0.026059 0.041602
v -0.003312 0.025734 0.041954
v -0.003009 0.023379 0.043511
v -0.002952 0.022951 0.043665
v -0.002895 0.022522 0.043789
v -0.017097 0.022111 0.037844
v -0.016818 0.021768 0.039582
v -0.016581 0.021443 0.040425
v -0.016242 0.021039 0.041230
v -0.016256 0.021032 0.041226
v -0.016060 0.020796 0.041602
v -0.015864 0.020532 0.041954
v -0.014412 0.018654 0.043511
v -0.014152 0.018310 0.043665
v -0.013890 0.017964 0.043789
v -0.003542 0.027562 0.038709
v -0.003527 0.027438 0.039145
v -0.003508 0.027283 0.039579
v -0.003309 0.025736 0.041952
v -0.003265 0.025385 0.042282
v -0.003216 0.025015 0.042584
v -0.003218 0.025013 0.042586
v -0.003113 0.024223 0.043106
v -0.003007 0.023382 0.043510
v -0.002784 0.021664 0.043949
v -0.017001 0.021982 0.038709
v -0.016922 0.021885 0.039145
v -0.016825 0.021763 0.039579
v -0.015871 0.020529 0.041952
v -0.015652 0.020251 0.042282
v -0.015421 0.019956 0.042586
v -0.015428 0.019953 0.042584
v -0.014942 0.019320 0.043106
v -0.014419 0.018651 0.043510
v -0.013363 0.017278 0.043949
v -0.013426 0.016149 0.044000
v -0.013986 0.015666 0.044000
v -0.017708 0.021539 0.038274
v -0.017353 0.021346 0.039577
v -0.017634 0.021115 0.039577
v -0.017850 0.021422 0.038274
v -0.017991 0.021304 0.038274
v -0.017911 0.020880 0.039577
v -0.018363 0.020984 0.038274
v -0.018275 0.020562 0.039577
v -0.018547 0.020821 0.038274
v -0.018730 0.020657 0.038274
v -0.014146 0.017206 0.043883
v -0.015113 0.018097 0.043509
v -0.014873 0.018295 0.043509
v -0.014259 0.017112 0.043883
v -0.014372 0.017018 0.043883
v -0.015351 0.017896 0.043509
v -0.014669 0.016762 0.043883
v -0.015663 0.017623 0.043509
v -0.014816 0.016633 0.043883
v -0.014962 0.016502 0.043883
v -0.017003 0.021906 0.038926
v -0.017112 0.021167 0.040215
v -0.016925 0.021317 0.040215
v -0.016829 0.020935 0.040830
v -0.017251 0.021054 0.040215
v -0.017104 0.020711 0.040830
v -0.017390 0.020940 0.040215
v -0.017240 0.020597 0.040830
v -0.017459 0.020882 0.040215
v -0.017528 0.020824 0.040215
v -0.017375 0.020483 0.040830
v -0.019085 0.020118 0.038926
v -0.018634 0.020237 0.039577
v -0.019090 0.020324 0.038274
v -0.017665 0.020708 0.040215
v -0.017801 0.020591 0.040215
v -0.017644 0.020252 0.040830
v -0.017981 0.020434 0.040215
v -0.017822 0.020096 0.040830
v -0.018071 0.020354 0.040215
v -0.016506 0.020649 0.041412
v -0.016644 0.021082 0.040830
v -0.016415 0.020722 0.041412
v -0.018161 0.020275 0.040215
v -0.017998 0.019938 0.040830
v -0.016642 0.020540 0.041412
v -0.016148 0.020315 0.041950
v -0.016678 0.019882 0.041950
v -0.018338 0.020114 0.040215
v -0.016912 0.020318 0.041412
v -0.018537 0.019932 0.040215
v -0.018389 0.019578 0.040830
v -0.016979 0.020262 0.041412
v -0.017045 0.020206 0.041412
v -0.017178 0.020093 0.041412
v -0.017197 0.019434 0.041950
v -0.017442 0.019865 0.041412
v -0.017529 0.019788 0.041412
v -0.017616 0.019711 0.041412
v -0.015998 0.019745 0.042434
v -0.015868 0.019851 0.042434
v -0.015558 0.019353 0.042859
v -0.015812 0.019146 0.042859
v -0.017810 0.019535 0.041412
v -0.017579 0.019090 0.041950
v -0.016258 0.019532 0.042434
v -0.015938 0.019042 0.042859
v -0.018003 0.019358 0.041412
v -0.016322 0.019479 0.042434
v -0.016386 0.019425 0.042434
v -0.016063 0.018936 0.042859
v -0.016514 0.019316 0.042434
v -0.016312 0.018722 0.042859
v -0.014911 0.019081 0.043218
v -0.014848 0.019130 0.043218
v -0.014549 0.018554 0.043509
v -0.016767 0.019096 0.042434
v -0.016476 0.018578 0.042859
v -0.014974 0.019031 0.043218
v -0.016851 0.019023 0.042434
v -0.015058 0.018965 0.043218
v -0.015387 0.019490 0.042859
v -0.016935 0.018948 0.042434
v -0.016639 0.018432 0.042859
v -0.015224 0.018832 0.043218
v -0.017122 0.018780 0.042434
v -0.015348 0.018731 0.043218
v -0.015471 0.018629 0.043218
v -0.015533 0.018578 0.043218
v -0.015594 0.018527 0.043218
v -0.015716 0.018424 0.043218
v -0.015837 0.018319 0.043218
v -0.016820 0.018267 0.042859
v -0.015998 0.018179 0.043218
v -0.016077 0.018109 0.043218
v -0.016157 0.018038 0.043218
v -0.016315 0.017895 0.043218
v -0.015971 0.017344 0.043509
v -0.016491 0.017733 0.043218
v -0.017000 0.018099 0.042859
v -0.016666 0.017568 0.043218
v -0.017111 0.022083 0.037950
v -0.017134 0.021999 0.038274
v -0.017327 0.021848 0.038274
v -0.016802 0.021610 0.039898
v -0.016975 0.021648 0.039577
v -0.016831 0.021391 0.040215
v -0.019277 0.020220 0.037950
v -0.016567 0.021381 0.040526
v -0.016504 0.021191 0.040830
v -0.018790 0.019905 0.039898
v -0.018834 0.020051 0.039577
v -0.018635 0.019840 0.040215
v -0.015801 0.020254 0.042199
v -0.016013 0.020421 0.041950
v -0.015714 0.019972 0.042434
v -0.015780 0.019920 0.042434
v -0.018664 0.019577 0.040526
v -0.017540 0.018767 0.042199
v -0.017767 0.018915 0.041950
v -0.017307 0.018609 0.042434
v -0.014273 0.018357 0.043628
v -0.013843 0.017865 0.043815
v -0.013687 0.017574 0.043883
v -0.013841 0.017452 0.043883
v -0.015962 0.016909 0.043628
v -0.015595 0.016358 0.043815
v -0.015250 0.016236 0.043883
v -0.017003 0.021963 0.038763
v -0.016923 0.021840 0.039252
v -0.016903 0.021704 0.039577
v -0.016818 0.021686 0.039738
v -0.019191 0.020080 0.038763
v -0.019064 0.019997 0.039252
v -0.018912 0.019887 0.039738
v -0.015824 0.020404 0.042076
v -0.015767 0.020280 0.042199
v -0.015390 0.019862 0.042655
v -0.015325 0.019727 0.042759
v -0.015258 0.019591 0.042859
v -0.015322 0.019540 0.042859
v -0.014920 0.019272 0.043135
v -0.017794 0.018711 0.042076
v -0.017633 0.018680 0.042199
v -0.014350 0.018503 0.043570
v -0.017490 0.018437 0.042434
v -0.017170 0.018144 0.042759
v -0.017338 0.018187 0.042655
v -0.016839 0.017620 0.043135
v -0.013339 0.017230 0.043955
v -0.016136 0.016968 0.043570
v -0.015055 0.015752 0.043955
v -0.017104 0.022102 0.037869
v -0.016825 0.021723 0.039657
v -0.016766 0.021637 0.039898
v -0.019321 0.020192 0.037869
v -0.016581 0.021426 0.040449
v -0.016231 0.020938 0.041342
v -0.016278 0.020829 0.041412
v -0.016347 0.020776 0.041412
v -0.016252 0.020992 0.041270
v -0.016209 0.020883 0.041412
v -0.016048 0.020710 0.041687
v -0.015946 0.020474 0.041950
v -0.018972 0.019876 0.039657
v -0.015851 0.020466 0.042013
v -0.018888 0.019812 0.039898
v -0.018731 0.019574 0.040449
v -0.018342 0.019192 0.041270
v -0.018268 0.019186 0.041342
v -0.018194 0.019179 0.041412
v -0.018079 0.018963 0.041687
v -0.017874 0.018725 0.042013
v -0.014388 0.018576 0.043540
v -0.014135 0.018258 0.043681
v -0.013882 0.017938 0.043795
v -0.016224 0.016996 0.043540
v -0.015682 0.016388 0.043795
v -0.015953 0.016693 0.043681
v -0.017003 0.021976 0.038722
v -0.016926 0.021872 0.039171
v -0.016829 0.021741 0.039617
v -0.019216 0.020069 0.038722
v -0.019120 0.019981 0.039171
v -0.019002 0.019870 0.039617
v -0.015865 0.020496 0.041982
v -0.015642 0.020205 0.042319
v -0.015582 0.020075 0.042434
v -0.015648 0.020024 0.042434
v -0.015407 0.019896 0.042628
v -0.015422 0.019929 0.042601
v -0.014938 0.019307 0.043113
v -0.017913 0.018732 0.041982
v -0.014407 0.018613 0.043524
v -0.017654 0.018472 0.042319
v -0.017380 0.018197 0.042628
v -0.017422 0.018207 0.042601
v -0.016883 0.017632 0.043113
v -0.013358 0.017266 0.043951
v -0.016267 0.017011 0.043524
v -0.015097 0.015768 0.043951
v -0.017102 0.022106 0.037849
v -0.016830 0.021750 0.039597
v -0.019333 0.020184 0.037849
v -0.016584 0.021437 0.040430
v -0.016257 0.021005 0.041253
v -0.016262 0.021018 0.041235
v -0.016072 0.020768 0.041619
v -0.019017 0.019867 0.039597
v -0.015871 0.020511 0.041966
v -0.018747 0.019573 0.040430
v -0.018361 0.019193 0.041253
v -0.018379 0.019195 0.041235
v -0.018156 0.018973 0.041619
v -0.017933 0.018735 0.041966
v -0.014416 0.018631 0.043516
v -0.014155 0.018295 0.043668
v -0.013891 0.017956 0.043790
v -0.016289 0.017018 0.043516
v -0.015997 0.016707 0.043668
v -0.015703 0.016395 0.043790
v -0.017003 0.021980 0.038712
v -0.016926 0.021880 0.039150
v -0.016831 0.021755 0.039587
v -0.019223 0.020067 0.038712
v -0.019134 0.019977 0.039150
v -0.019024 0.019865 0.039587
v -0.015875 0.020519 0.041958
v -0.015657 0.020236 0.042289
v -0.015426 0.019937 0.042594
v -0.015430 0.019946 0.042587
v -0.014942 0.019316 0.043108
v -0.017943 0.018737 0.041958
v -0.014421 0.018640 0.043513
v -0.017695 0.018481 0.042289
v -0.017433 0.018209 0.042594
v -0.017443 0.018212 0.042587
v -0.016893 0.017635 0.043108
v -0.013363 0.017275 0.043950
v -0.016300 0.017021 0.043513
v -0.015108 0.015771 0.043950
v -0.016831 0.021757 0.039582
v -0.019335 0.020183 0.037844
v -0.016265 0.021025 0.041226
v -0.016263 0.021022 0.041230
v -0.016078 0.020782 0.041602
v -0.019028 0.019865 0.039582
v -0.015876 0.020523 0.041954
v -0.018751 0.019573 0.040425
v -0.018388 0.019195 0.041226
v -0.018383 0.019195 0.041230
v -0.018175 0.018976 0.041602
v -0.017948 0.018738 0.041954
v -0.014424 0.018645 0.043511
v -0.014159 0.018304 0.043665
v -0.016306 0.017023 0.043511
v -0.016008 0.016711 0.043665
v -0.015709 0.016397 0.043789
v -0.016718 0.021611 0.040008
v -0.016725 0.021474 0.040215
v -0.016760 0.021447 0.040215
v -0.016585 0.021439 0.040427
v -0.019138 0.019976 0.039145
v -0.019030 0.019864 0.039579
v -0.015661 0.020244 0.042282
v -0.015431 0.019948 0.042586
v -0.017951 0.018738 0.041952
v -0.017705 0.018483 0.042282
v -0.017448 0.018213 0.042584
v -0.017446 0.018212 0.042586
v -0.016308 0.017024 0.043510
f 291 151 152
f 291 292 151
f 293 291 152
f 294 293 152
f 294 152 153
f 295 153 154
f 295 294 153
f 296 157 158
f 296 158 159
f 297 296 159
f 297 159 160
f 298 164 165
f 298 165 166
f 299 135 134
f 299 134 300
f 301 298 166
f 302 135 299
f 303 301 166
f 303 166 167
f 303 167 168
f 304 136 135
f 304 135 302
f 305 136 304
f 306 136 305
f 306 119 136
f 307 119 306
f 307 120 119
f 308 121 120
f 308 120 307
f 309 170 171
f 309 171 172
f 310 309 172
f 311 310 172
f 311 172 173
f 311 173 174
f 312 124 123
f 313 125 124
f 313 124 312
f 314 126 125
f 314 125 313
f 315 178 179
f 315 179 180
f 316 315 180
f 316 180 181
f 317 130 129
f 317 131 130
f 318 132 131
f 318 105 132
f 318 131 317
f 319 184 185
f 319 185 186
f 320 319 186
f 320 186 187
f 321 108 107
f 321 109 108
f 322 109 321
f 322 110 109
f 322 111 110
f 323 191 192
f 323 192 193
f 324 323 193
f 325 193 194
f 325 324 193
f 325 194 195
f 326 115 114
f 326 116 115
f 327 116 326
f 328 117 116
f 328 118 117
f 328 116 327
f 329 197 198
f 329 198 199
f 330 329 199
f 331 200 201
f 331 330 199
f 331 199 200
f 332 95 94
f 332 96 95
f 333 96 332
f 334 96 333
f 334 97 96
f 334 98 97
f 335 205 206
f 335 206 207
f 336 335 207
f 336 207 208
f 337 103 102
f 338 104 103
f 338 90 104
f 338 103 337
f 339 211 212
f 339 212 213
f 340 213 214
f 340 339 213
f 341 77 76
f 341 78 77
f 342 78 341
f 342 79 78
f 343 218 219
f 343 219 220
f 344 343 220
f 345 220 221
f 345 221 222
f 345 344 220
f 346 83 82
f 346 84 83
f 347 85 84
f 347 86 85
f 347 84 346
f 348 224 225
f 348 225 226
f 349 348 226
f 350 226 227
f 350 227 228
f 350 349 226
f 351 89 88
f 351 72 89
f 352 72 351
f 353 73 72
f 353 74 73
f 353 72 352
f 354 232 233
f 354 233 234
f 355 234 235
f 355 354 234
f 356 61 60
f 357 62 61
f 357 63 62
f 357 61 356
f 358 238 239
f 358 239 240
f 359 240 241
f 359 358 240
f 360 66 65
f 360 67 66
f 361 67 360
f 361 68 67
f 361 69 68
f 362 245 246
f 362 246 247
f 363 362 247
f 364 363 247
f 364 247 248
f 364 248 249
f 365 42 41
f 365 43 42
f 366 43 365
f 367 43 366
f 367 44 43
f 367 45 44
f 368 251 252
f 368 252 253
f 369 368 253
f 370 369 253
f 370 253 254
f 370 254 255
f 371 48 47
f 372 48 371
f 372 49 48
f 373 49 372
f 373 50 49
f 374 259 260
f 374 260 261
f 375 374 261
f 375 261 262
f 376 54 53
f 376 55 54
f 377 55 376
f 377 56 55
f 377 57 56
f 378 265 266
f 378 266 267
f 379 378 267
f 379 267 268
f 379 268 269
f 380 29 28
f 380 30 29
f 381 31 30
f 381 32 31
f 381 30 380
f 382 272 273
f 382 273 274
f 383 382 274
f 384 383 274
f 384 274 275
f 384 275 276
f 385 36 35
f 386 37 36
f 386 38 37
f 386 36 385
f 387 278 279
f 387 279 280
f 388 387 280
f 389 388 280
f 389 280 281
f 390 389 281
f 391 390 281
f 391 281 282
f 392 14 13
f 393 391 282
f 394 15 14
f 394 14 392
f 395 16 15
f 395 15 394
f 396 20 19
f 396 21 20
f 397 22 21
f 397 23 22
f 397 21 396
f 398 26 25
f 398 9 26
f 399 9 398
f 400 10 9
f 400 9 399
f 401 10 400
f 402 11 10
f 402 10 401
f 403 11 402
f 404 12 11
f 404 11 403
f 405 3 12
f 405 12 404
f 406 1 143
f 406 143 144
f 406 144 145
f 406 145 146
f 407 408 406
f 407 406 146
f 409 410 411
f 409 407 146
f 409 411 408
f 409 146 147
f 409 147 148
f 409 148 149
f 409 149 150
f 409 150 151
f 409 151 292
f 409 408 407
f 409 412 410
f 409 292 412
f 413 295 154
f 413 154 155
f 413 155 156
f 413 156 157
f 413 157 296
f 414 1 406
f 414 406 408
f 414 2 1
f 415 411 410
f 415 408 411
f 415 410 412
f 415 293 294
f 415 412 292
f 415 291 293
f 415 292 291
f 416 415 294
f 416 294 295
f 417 416 295
f 418 417 295
f 419 418 295
f 420 164 298
f 420 297 160
f 420 160 161
f 420 161 162
f 420 162 163
f 420 163 164
f 420 298 421
f 422 2 414
f 422 138 137
f 422 139 138
f 422 140 139
f 422 414 423
f 422 137 2
f 424 422 423
f 424 140 422
f 425 305 304
f 425 306 305
f 425 304 302
f 426 307 306
f 426 306 425
f 427 307 426
f 428 423 429
f 428 134 133
f 428 141 140
f 428 142 141
f 428 140 424
f 428 133 142
f 428 424 423
f 428 429 300
f 428 300 134
f 430 308 307
f 430 307 427
f 431 308 430
f 432 421 314
f 432 314 313
f 432 420 421
f 432 312 433
f 432 313 312
f 432 297 420
f 434 435 303
f 434 303 168
f 434 168 169
f 434 169 170
f 434 170 309
f 434 309 435
f 436 122 121
f 436 123 122
f 436 433 312
f 436 312 123
f 436 121 308
f 436 431 433
f 436 308 431
f 437 301 303
f 437 318 317
f 437 303 435
f 437 435 318
f 437 298 301
f 437 421 298
f 438 311 174
f 438 439 311
f 438 178 315
f 438 174 175
f 438 175 176
f 438 176 177
f 438 177 178
f 440 314 421
f 440 127 126
f 440 128 127
f 440 129 128
f 440 437 317
f 440 317 129
f 440 421 437
f 440 126 314
f 441 309 310
f 441 310 311
f 441 311 439
f 441 435 309
f 441 321 435
f 441 322 321
f 442 443 316
f 442 316 181
f 442 184 319
f 442 319 443
f 442 181 182
f 442 182 183
f 442 183 184
f 444 106 105
f 444 107 106
f 444 321 107
f 444 105 318
f 444 318 435
f 444 435 321
f 445 327 326
f 445 315 316
f 445 438 315
f 445 316 443
f 445 439 438
f 445 326 439
f 445 328 327
f 445 443 328
f 446 320 187
f 446 191 323
f 446 323 447
f 446 187 188
f 446 188 189
f 446 189 190
f 446 190 191
f 448 112 111
f 448 113 112
f 448 114 113
f 448 441 439
f 448 111 322
f 448 326 114
f 448 439 326
f 448 322 441
f 449 446 447
f 449 332 443
f 449 333 332
f 449 334 333
f 449 447 334
f 449 443 319
f 449 320 446
f 449 319 320
f 450 451 325
f 450 325 195
f 450 197 329
f 450 195 196
f 450 196 197
f 450 329 451
f 452 332 94
f 452 93 118
f 452 443 332
f 452 118 328
f 452 328 443
f 452 94 93
f 453 325 451
f 453 451 338
f 453 324 325
f 453 447 323
f 453 338 337
f 453 323 324
f 454 201 202
f 454 202 203
f 454 203 204
f 454 204 205
f 454 331 201
f 454 455 331
f 454 205 335
f 456 337 102
f 456 447 453
f 456 334 447
f 456 98 334
f 456 99 98
f 456 453 337
f 456 100 99
f 456 101 100
f 456 102 101
f 457 342 341
f 457 330 331
f 457 341 451
f 457 329 330
f 457 331 455
f 457 455 342
f 457 451 329
f 458 459 336
f 458 208 209
f 458 209 210
f 458 210 211
f 458 211 339
f 458 339 459
f 458 336 208
f 460 90 338
f 460 341 76
f 460 338 451
f 460 451 341
f 460 91 90
f 460 92 91
f 460 76 92
f 461 336 459
f 461 454 335
f 461 455 454
f 461 459 347
f 461 347 346
f 461 335 336
f 462 214 215
f 462 215 216
f 462 218 343
f 462 216 217
f 462 217 218
f 462 340 214
f 462 343 463
f 464 455 461
f 464 461 346
f 464 346 82
f 464 80 79
f 464 81 80
f 464 82 81
f 464 342 455
f 464 79 342
f 465 351 459
f 465 340 462
f 465 462 463
f 465 352 351
f 465 339 340
f 465 459 339
f 465 353 352
f 466 345 222
f 466 348 467
f 466 222 223
f 466 223 224
f 466 224 348
f 466 467 345
f 468 351 88
f 468 459 351
f 468 347 459
f 468 86 347
f 468 87 86
f 468 88 87
f 469 357 356
f 469 467 357
f 469 343 344
f 469 356 463
f 469 344 345
f 469 345 467
f 469 463 343
f 470 232 354
f 470 228 229
f 470 229 230
f 470 471 350
f 470 350 228
f 470 230 231
f 470 231 232
f 472 356 60
f 472 59 58
f 472 60 59
f 472 463 356
f 472 75 74
f 472 58 75
f 472 465 463
f 472 353 465
f 472 74 353
f 473 467 348
f 473 350 471
f 473 349 350
f 473 360 467
f 473 361 360
f 473 348 349
f 474 235 236
f 474 236 237
f 474 237 238
f 474 475 355
f 474 355 235
f 474 238 358
f 474 358 475
f 476 63 357
f 476 357 467
f 476 467 360
f 476 64 63
f 476 65 64
f 476 360 65
f 477 367 366
f 477 365 471
f 477 355 475
f 477 471 470
f 477 354 355
f 477 366 365
f 477 475 367
f 477 470 354
f 478 359 241
f 478 362 479
f 478 241 242
f 478 242 243
f 478 243 244
f 478 244 245
f 478 245 362
f 480 361 473
f 480 471 365
f 480 365 41
f 480 70 69
f 480 71 70
f 480 41 71
f 480 69 361
f 480 473 471
f 481 358 359
f 481 478 479
f 481 359 478
f 481 371 475
f 481 372 371
f 481 373 372
f 481 479 373
f 481 475 358
f 482 364 249
f 482 368 483
f 482 483 364
f 482 249 250
f 482 250 251
f 482 251 368
f 484 371 47
f 484 46 45
f 484 47 46
f 484 475 371
f 484 45 367
f 484 367 475
f 485 483 377
f 485 479 362
f 485 364 483
f 485 363 364
f 485 377 376
f 485 362 363
f 486 487 370
f 486 259 374
f 486 370 255
f 486 255 256
f 486 256 257
f 486 257 258
f 486 258 259
f 488 376 53
f 488 479 485
f 488 51 50
f 488 52 51
f 488 53 52
f 488 50 373
f 488 485 376
f 488 373 479
f 489 370 487
f 489 380 483
f 489 381 380
f 489 483 368
f 489 369 370
f 489 368 369
f 490 375 262
f 490 262 263
f 490 263 264
f 490 264 265
f 490 265 378
f 490 491 375
f 490 378 491
f 492 57 377
f 492 377 483
f 492 483 380
f 492 28 27
f 492 27 57
f 492 380 28
f 493 385 487
f 493 386 385
f 493 374 375
f 493 486 374
f 493 491 386
f 493 487 486
f 493 375 491
f 494 382 495
f 494 272 382
f 494 269 270
f 494 270 271
f 494 271 272
f 494 379 269
f 496 487 385
f 496 33 32
f 496 34 33
f 496 35 34
f 496 489 487
f 496 32 381
f 496 385 35
f 496 381 489
f 497 378 379
f 497 379 494
f 497 494 495
f 497 392 491
f 497 394 392
f 497 395 394
f 497 495 395
f 497 491 378
f 498 276 277
f 498 277 278
f 498 384 276
f 498 278 387
f 499 392 13
f 499 38 386
f 499 39 38
f 499 40 39
f 499 13 40
f 499 491 392
f 499 386 491
f 500 393 282
f 500 501 393
f 500 502 501
f 500 503 502
f 500 504 503
f 500 282 283
f 500 283 284
f 500 284 285
f 500 285 286
f 500 286 287
f 505 504 500
f 505 500 287
f 506 504 505
f 506 505 287
f 506 287 288
f 506 288 289
f 506 289 290
f 506 290 1
f 507 495 382
f 507 508 397
f 507 397 396
f 509 387 388
f 509 510 387
f 511 509 388
f 512 511 388
f 512 388 389
f 513 512 389
f 513 390 391
f 513 389 390
f 513 391 393
f 513 393 501
f 513 501 502
f 513 502 503
f 513 503 504
f 514 17 16
f 514 18 17
f 514 19 18
f 514 396 19
f 514 507 396
f 514 16 395
f 514 395 495
f 514 495 507
f 515 399 398
f 515 398 516
f 517 399 515
f 517 400 399
f 518 24 23
f 518 25 24
f 518 398 25
f 518 23 397
f 518 397 508
f 518 516 398
f 518 508 516
f 519 404 403
f 519 400 517
f 519 401 400
f 519 402 401
f 519 403 402
f 520 1 2
f 520 504 506
f 520 506 1
f 521 405 522
f 521 4 3
f 521 5 4
f 521 6 5
f 521 3 405
f 523 7 6
f 523 8 7
f 523 521 522
f 523 2 8
f 523 6 521
f 523 522 520
f 523 520 2
f 524 408 415
f 524 414 408
f 525 413 296
f 525 419 295
f 525 295 413
f 525 296 297
f 526 302 299
f 526 425 302
f 526 429 423
f 526 299 300
f 526 423 414
f 526 414 524
f 526 300 429
f 527 419 525
f 527 297 432
f 527 432 433
f 527 525 297
f 528 382 383
f 528 383 384
f 528 387 510
f 528 498 387
f 528 384 498
f 529 508 507
f 529 382 528
f 529 528 510
f 529 507 382
f 530 504 520
f 530 513 504
f 531 522 405
f 531 405 404
f 531 520 522
f 531 404 519
f 531 530 520
f 532 416 417
f 532 417 418
f 532 418 419
f 532 427 426
f 532 426 425
f 532 433 431
f 532 430 427
f 532 431 430
f 532 419 527
f 532 527 433
f 532 526 524
f 532 524 415
f 532 425 526
f 532 415 416
f 533 512 513
f 533 508 529
f 533 511 512
f 533 517 515
f 533 515 516
f 533 519 517
f 533 510 509
f 533 529 510
f 533 513 530
f 533 509 511
f 533 516 508
f 533 531 519
f 533 530 531
f 540 5 6
f 540 541 5
f 542 540 6
f 543 6 7
f 543 544 542
f 543 545 544
f 543 542 6
f 546 545 543
f 546 543 7
f 547 545 546
f 547 546 7
f 547 548 545
f 549 7 8
f 549 548 547
f 549 550 548
f 549 547 7
f 551 549 8
f 551 550 549
f 552 551 8
f 552 553 550
f 552 550 551
f 554 8 2
f 554 552 8
f 554 553 552
f 555 536 537
f 555 537 556
f 557 536 555
f 557 555 558
f 559 557 558
f 559 535 536
f 559 558 560
f 559 536 557
f 561 559 560
f 561 535 559
f 562 535 561
f 562 561 560
f 562 560 563
f 564 534 535
f 564 535 562
f 564 562 563
f 564 563 565
f 566 534 564
f 566 564 565
f 567 534 566
f 567 566 565
f 567 565 568
f 569 571 570
f 572 569 4
f 572 571 569
f 573 4 5
f 573 572 4
f 573 571 572
f 573 5 541
f 573 574 571
f 575 573 541
f 575 574 573
f 576 540 542
f 576 542 544
f 576 541 540
f 577 575 541
f 577 541 576
f 578 575 577
f 578 574 575
f 579 576 544
f 579 577 576
f 580 545 548
f 580 581 545
f 582 583 580
f 582 580 548
f 584 583 582
f 584 582 548
f 584 585 583
f 584 548 550
f 586 585 584
f 586 584 550
f 587 553 554
f 587 588 553
f 589 585 586
f 589 586 550
f 589 590 585
f 591 589 550
f 591 590 589
f 591 550 553
f 591 592 590
f 593 592 591
f 593 591 553
f 594 592 593
f 594 595 592
f 594 593 553
f 596 539 597
f 596 597 598
f 596 598 599
f 600 594 553
f 600 553 588
f 600 595 594
f 600 601 595
f 602 539 596
f 602 596 599
f 603 601 600
f 604 599 605
f 604 539 602
f 604 602 599
f 606 538 539
f 606 605 607
f 606 604 605
f 606 539 604
f 608 585 590
f 608 590 592
f 609 610 558
f 609 607 611
f 609 555 556
f 609 558 555
f 612 609 556
f 612 537 538
f 612 606 607
f 612 538 606
f 612 556 537
f 612 607 609
f 613 608 592
f 614 592 595
f 614 613 592
f 615 614 595
f 616 617 615
f 616 615 595
f 616 595 601
f 618 617 616
f 618 616 601
f 619 621 620
f 619 622 621
f 623 622 619
f 624 625 622
f 624 622 623
f 626 560 627
f 626 563 560
f 628 625 624
f 628 624 617
f 629 625 628
f 629 628 617
f 630 626 631
f 630 563 626
f 632 630 631
f 632 565 563
f 632 563 630
f 632 631 620
f 633 632 620
f 633 565 632
f 634 565 633
f 634 633 620
f 634 620 621
f 635 565 634
f 635 568 565
f 635 634 621
f 635 621 622
f 636 635 622
f 636 568 635
f 637 622 625
f 637 636 622
f 637 568 636
f 638 625 639
f 638 640 568
f 638 637 625
f 638 568 637
f 641 640 638
f 642 640 641
f 643 640 642
f 644 569 570
f 644 645 569
f 646 648 647
f 646 649 570
f 650 646 570
f 650 651 648
f 650 648 646
f 652 650 570
f 652 651 650
f 653 652 570
f 653 654 651
f 653 651 652
f 653 570 571
f 655 653 571
f 655 654 653
f 656 655 571
f 656 654 655
f 656 657 654
f 658 656 571
f 658 657 656
f 658 659 657
f 658 571 574
f 660 659 658
f 660 658 574
f 660 578 659
f 660 574 578
f 661 662 647
f 663 661 647
f 663 647 648
f 664 663 648
f 664 666 665
f 664 648 651
f 664 665 663
f 667 666 664
f 667 651 654
f 667 664 651
f 668 666 667
f 668 667 654
f 669 666 668
f 669 668 654
f 669 654 657
f 670 671 666
f 670 666 669
f 670 669 657
f 670 657 659
f 672 578 577
f 672 577 579
f 672 579 673
f 674 659 578
f 674 672 673
f 674 578 672
f 674 673 675
f 676 659 674
f 676 671 670
f 676 670 659
f 676 674 675
f 676 675 671
f 677 679 678
f 680 677 665
f 680 679 677
f 681 680 665
f 681 665 666
f 681 679 680
f 681 682 679
f 683 681 666
f 683 682 681
f 683 684 682
f 685 683 666
f 685 684 683
f 686 684 685
f 686 687 684
f 686 685 666
f 688 686 666
f 688 689 687
f 688 666 671
f 688 687 686
f 690 691 689
f 690 689 688
f 690 688 671
f 692 579 544
f 692 544 545
f 692 581 693
f 692 545 581
f 694 693 695
f 694 579 692
f 694 692 693
f 694 673 579
f 696 694 695
f 696 695 697
f 696 673 694
f 696 675 673
f 698 697 699
f 698 696 697
f 698 675 696
f 698 671 675
f 700 691 690
f 700 690 671
f 700 698 699
f 700 699 691
f 700 671 698
f 701 703 702
f 704 703 701
f 704 598 703
f 704 701 678
f 704 678 679
f 705 598 704
f 705 704 679
f 706 598 705
f 706 599 598
f 706 679 682
f 706 705 679
f 707 599 706
f 707 706 682
f 707 682 684
f 708 710 709
f 708 711 710
f 708 709 554
f 712 599 707
f 712 707 684
f 713 684 687
f 713 712 684
f 713 605 599
f 713 599 712
f 714 605 713
f 714 713 687
f 715 687 689
f 715 605 714
f 715 714 687
f 716 689 691
f 716 605 715
f 716 607 605
f 716 715 689
f 717 581 580
f 717 693 581
f 717 580 583
f 717 583 718
f 719 695 693
f 719 718 720
f 719 693 717
f 719 717 718
f 721 695 719
f 721 697 695
f 721 720 722
f 721 719 720
f 723 699 697
f 723 722 724
f 723 697 721
f 723 721 722
f 725 691 699
f 725 699 723
f 725 724 611
f 725 723 724
f 726 691 725
f 726 611 607
f 726 716 691
f 726 607 716
f 726 725 611
f 727 600 588
f 727 603 600
f 727 728 603
f 727 730 729
f 727 729 728
f 731 583 585
f 731 585 608
f 731 608 732
f 731 718 583
f 733 732 734
f 733 720 718
f 733 731 732
f 733 718 731
f 735 734 736
f 735 733 734
f 735 722 720
f 735 720 733
f 737 735 736
f 737 724 722
f 737 736 610
f 737 722 735
f 738 609 611
f 738 610 609
f 738 611 724
f 738 724 737
f 738 737 610
f 739 730 727
f 740 741 601
f 740 742 741
f 740 601 603
f 740 603 728
f 743 613 614
f 743 615 617
f 743 614 615
f 743 617 624
f 743 732 608
f 743 624 623
f 743 608 613
f 743 623 619
f 744 734 732
f 744 732 743
f 744 743 619
f 744 619 620
f 744 620 631
f 745 736 734
f 745 626 627
f 745 631 626
f 745 744 631
f 745 734 744
f 746 745 627
f 746 627 560
f 746 558 610
f 746 610 736
f 746 560 558
f 746 736 745
f 747 629 617
f 747 748 629
f 747 749 748
f 750 568 640
f 751 753 752
f 754 645 755
f 756 758 757
f 756 649 646
f 756 646 758
f 759 756 757
f 760 646 647
f 760 758 646
f 760 647 761
f 762 661 663
f 762 763 662
f 762 662 661
f 762 665 764
f 762 663 665
f 765 762 764
f 765 766 762
f 767 677 768
f 767 768 769
f 767 764 665
f 767 665 677
f 770 703 598
f 770 598 597
f 771 597 772
f 773 587 554
f 773 554 709
f 774 775 588
f 774 776 775
f 777 588 775
f 777 727 588
f 778 779 747
f 778 747 617
f 778 617 780
f 781 639 625
f 781 625 629
f 781 629 748
f 782 784 783
f 782 639 781
f 782 783 639
f 785 642 641
f 785 643 642
f 786 750 640
f 787 137 534
f 787 534 567
f 787 567 752
f 788 645 644
f 789 649 790
f 789 570 649
f 789 644 570
f 791 790 649
f 791 649 756
f 792 765 764
f 792 766 765
f 792 764 767
f 793 768 677
f 793 677 678
f 794 793 678
f 794 678 795
f 794 795 796
f 797 701 702
f 798 703 770
f 799 708 554
f 800 539 3
f 800 597 539
f 801 777 775
f 801 775 776
f 802 777 801
f 802 727 777
f 802 739 727
f 803 740 728
f 803 728 729
f 804 806 805
f 807 809 808
f 807 806 804
f 807 808 806
f 810 811 780
f 810 617 618
f 810 618 805
f 810 780 617
f 812 778 780
f 812 780 811
f 813 786 640
f 814 568 750
f 814 567 568
f 815 751 752
f 816 645 754
f 817 790 791
f 818 791 756
f 818 817 791
f 818 756 759
f 819 757 758
f 819 758 760
f 820 662 763
f 821 763 822
f 821 820 763
f 823 762 766
f 824 766 792
f 825 703 798
f 826 770 597
f 827 597 771
f 828 773 709
f 829 774 588
f 829 588 587
f 830 802 801
f 830 801 776
f 831 812 811
f 832 749 747
f 832 833 749
f 832 834 833
f 835 748 749
f 836 781 748
f 836 748 835
f 837 785 641
f 837 641 638
f 838 813 640
f 839 787 752
f 839 137 787
f 840 645 788
f 841 644 789
f 842 790 817
f 842 817 818
f 843 766 824
f 844 769 845
f 844 767 769
f 846 847 769
f 846 769 768
f 846 768 793
f 848 701 797
f 849 703 825
f 850 799 554
f 851 597 800
f 851 800 3
f 852 830 776
f 852 802 830
f 853 803 729
f 854 805 855
f 854 804 805
f 856 810 805
f 856 805 806
f 857 831 811
f 858 838 640
f 859 814 750
f 860 815 752
f 861 645 816
f 862 790 842
f 862 842 818
f 863 757 819
f 864 662 820
f 864 865 662
f 866 762 823
f 867 766 843
f 868 703 849
f 869 770 826
f 870 597 827
f 871 828 709
f 872 829 587
f 873 852 776
f 873 802 852
f 874 857 811
f 875 832 747
f 876 835 749
f 876 749 877
f 878 837 638
f 879 858 640
f 880 137 839
f 880 839 752
f 881 755 645
f 881 816 754
f 881 861 816
f 881 645 840
f 881 754 755
f 882 644 841
f 882 788 644
f 882 840 788
f 882 881 840
f 883 790 862
f 883 862 818
f 884 766 867
f 885 824 792
f 885 843 824
f 885 884 867
f 885 767 844
f 885 792 767
f 885 867 843
f 886 845 769
f 886 885 844
f 886 844 845
f 887 769 847
f 887 886 769
f 888 886 887
f 888 794 796
f 888 793 794
f 888 678 701
f 888 701 848
f 888 846 793
f 888 795 678
f 888 887 847
f 888 847 846
f 888 796 795
f 889 703 868
f 890 554 2
f 890 2 137
f 890 850 554
f 891 870 827
f 891 597 851
f 891 772 597
f 891 771 772
f 891 851 3
f 891 827 771
f 892 802 873
f 892 873 776
f 893 730 739
f 893 739 802
f 893 729 730
f 893 853 729
f 894 853 893
f 894 618 601
f 894 805 618
f 894 803 853
f 894 601 741
f 894 741 742
f 894 740 803
f 894 742 740
f 895 855 805
f 895 805 894
f 896 808 809
f 896 854 855
f 896 856 806
f 896 806 808
f 896 809 807
f 896 807 804
f 896 804 854
f 896 855 895
f 896 895 894
f 897 874 811
f 898 879 640
f 899 838 858
f 899 813 838
f 899 858 879
f 899 859 750
f 899 750 786
f 899 786 813
f 899 879 898
f 900 859 899
f 900 752 567
f 900 814 859
f 900 860 752
f 900 567 814
f 901 3 4
f 901 4 569
f 901 569 645
f 901 861 881
f 901 645 861
f 902 789 790
f 902 881 882
f 902 882 841
f 902 790 883
f 902 883 818
f 902 841 789
f 903 901 881
f 903 902 818
f 903 3 3
f 903 881 902
f 903 3 901
f 903 757 863
f 903 759 757
f 903 818 759
f 904 903 863
f 904 888 903
f 904 761 647
f 904 647 662
f 904 760 761
f 904 863 819
f 904 819 760
f 905 662 865
f 905 904 662
f 906 904 905
f 906 905 865
f 906 763 762
f 906 822 763
f 906 762 866
f 906 821 822
f 906 820 821
f 906 864 820
f 906 865 864
f 907 766 884
f 907 888 904
f 907 884 885
f 907 904 906
f 907 906 866
f 907 823 766
f 907 885 886
f 907 886 888
f 907 866 823
f 908 797 702
f 908 702 703
f 908 703 889
f 908 848 797
f 908 888 848
f 909 888 908
f 909 825 798
f 909 908 889
f 909 798 770
f 909 849 825
f 909 889 868
f 909 868 849
f 909 770 869
f 910 903 888
f 910 597 870
f 910 909 869
f 910 3 903
f 910 870 891
f 910 869 826
f 910 891 3
f 910 826 597
f 910 888 909
f 911 708 799
f 911 709 710
f 911 710 711
f 911 711 708
f 911 799 850
f 911 850 890
f 911 871 709
f 911 890 137
f 912 828 871
f 912 872 587
f 912 587 773
f 912 911 893
f 912 871 911
f 912 773 828
f 913 893 802
f 913 872 912
f 913 774 829
f 913 912 893
f 913 802 892
f 913 776 774
f 913 892 776
f 913 829 872
f 914 856 896
f 914 894 893
f 914 811 810
f 914 896 894
f 914 897 811
f 914 810 856
f 915 747 779
f 915 874 897
f 915 831 857
f 915 778 812
f 915 897 914
f 915 875 747
f 915 812 831
f 915 779 778
f 915 857 874
f 916 834 832
f 916 832 875
f 916 749 833
f 916 915 914
f 916 914 893
f 916 833 834
f 916 875 915
f 917 877 749
f 917 749 916
f 918 836 835
f 918 781 836
f 918 137 137
f 918 784 782
f 918 835 876
f 918 876 877
f 918 783 784
f 918 916 893
f 918 917 916
f 918 878 638
f 918 877 917
f 918 893 911
f 918 639 783
f 918 782 781
f 918 638 639
f 918 911 137
f 919 837 878
f 919 918 900
f 919 643 785
f 919 878 918
f 919 900 899
f 919 898 640
f 919 640 643
f 919 785 837
f 919 899 898
f 920 860 900
f 920 900 918
f 920 815 860
f 920 137 880
f 920 751 815
f 920 753 751
f 920 880 752
f 920 752 753
f 920 918 137
f 147 149 148
f 146 150 149
f 146 149 147
f 145 151 150
f 145 152 151
f 145 150 146
f 144 153 152
f 144 154 153
f 144 152 145
f 143 155 154
f 143 156 155
f 143 157 156
f 143 154 144
f 1 158 157
f 1 159 158
f 1 160 159
f 1 157 143
f 173 171 170
f 173 172 171
f 174 170 169
f 174 173 170
f 175 169 168
f 175 174 169
f 176 168 167
f 176 175 168
f 177 176 167
f 178 167 166
f 178 177 167
f 179 178 166
f 179 166 165
f 284 286 285
f 180 165 164
f 180 179 165
f 283 286 284
f 283 287 286
f 181 180 164
f 282 287 283
f 282 288 287
f 182 164 163
f 182 181 164
f 281 288 282
f 183 182 163
f 280 289 288
f 280 288 281
f 279 289 280
f 278 289 279
f 278 290 289
f 277 290 278
f 276 290 277
f 275 290 276
f 275 1 290
f 274 1 275
f 273 160 1
f 273 1 274
f 272 161 160
f 272 160 273
f 271 162 161
f 271 161 272
f 200 199 198
f 201 200 198
f 201 198 197
f 202 201 197
f 202 197 196
f 203 202 196
f 203 196 195
f 260 262 261
f 204 203 195
f 204 195 194
f 259 263 262
f 259 262 260
f 205 204 194
f 205 194 193
f 258 264 263
f 258 263 259
f 206 205 193
f 206 193 192
f 257 265 264
f 257 264 258
f 207 206 192
f 207 192 191
f 256 266 265
f 256 265 257
f 208 191 190
f 208 207 191
f 255 266 256
f 255 267 266
f 209 190 189
f 209 208 190
f 254 267 255
f 210 209 189
f 210 188 187
f 210 189 188
f 253 268 267
f 253 267 254
f 211 210 187
f 211 187 186
f 252 269 268
f 252 268 253
f 212 211 186
f 212 186 185
f 251 269 252
f 213 212 185
f 213 185 184
f 250 269 251
f 250 270 269
f 214 183 163
f 214 184 183
f 214 213 184
f 215 163 162
f 215 214 163
f 216 215 162
f 216 162 271
f 217 271 270
f 217 216 271
f 218 217 270
f 219 250 249
f 219 270 250
f 219 218 270
f 220 248 247
f 220 249 248
f 220 219 249
f 221 247 246
f 221 220 247
f 222 246 245
f 222 221 246
f 223 245 244
f 223 222 245
f 224 244 243
f 224 223 244
f 225 243 242
f 225 224 243
f 226 225 242
f 226 241 240
f 226 242 241
f 227 226 240
f 227 240 239
f 228 227 239
f 228 239 238
f 229 228 238
f 229 238 237
f 230 229 237
f 230 237 236
f 231 230 236
f 231 236 235
f 232 231 235
f 232 234 233
f 232 235 234
f 924 926 925
f 927 924 10
f 927 926 924
f 928 10 11
f 928 926 927
f 928 929 926
f 928 927 10
f 930 931 929
f 930 928 11
f 930 929 928
f 932 931 930
f 932 930 11
f 933 11 12
f 933 934 931
f 933 932 11
f 933 931 932
f 935 936 934
f 935 933 12
f 935 934 933
f 937 935 12
f 938 940 939
f 938 939 941
f 942 921 938
f 942 938 941
f 943 922 921
f 943 942 941
f 943 921 942
f 943 941 944
f 945 944 946
f 945 922 943
f 945 943 944
f 947 945 946
f 947 922 945
f 948 923 922
f 948 922 947
f 948 946 949
f 948 947 946
f 950 949 951
f 950 923 948
f 950 948 949
f 952 923 950
f 953 924 925
f 953 954 924
f 955 957 956
f 955 956 958
f 955 959 925
f 960 957 955
f 960 955 925
f 961 962 957
f 961 957 960
f 961 960 925
f 961 925 926
f 963 964 962
f 963 962 961
f 963 961 926
f 965 964 963
f 965 963 926
f 966 967 964
f 966 964 965
f 966 965 926
f 966 926 929
f 968 969 956
f 970 967 966
f 970 966 929
f 971 956 957
f 971 968 956
f 971 972 968
f 973 974 967
f 973 967 970
f 973 970 929
f 973 929 931
f 975 957 962
f 975 976 972
f 975 971 957
f 975 972 971
f 977 978 974
f 977 974 973
f 977 973 931
f 979 935 937
f 979 937 980
f 979 936 935
f 981 978 977
f 981 977 931
f 982 983 978
f 982 978 981
f 982 931 934
f 982 981 931
f 984 962 964
f 984 975 962
f 984 976 975
f 985 983 982
f 985 986 983
f 985 982 934
f 987 984 964
f 987 976 984
f 988 986 985
f 988 985 934
f 989 936 979
f 990 964 967
f 990 987 964
f 990 976 987
f 991 934 936
f 991 986 988
f 991 988 934
f 992 990 967
f 992 967 974
f 992 993 976
f 992 976 990
f 994 996 995
f 994 997 972
f 994 995 997
f 998 986 991
f 998 991 936
f 998 999 986
f 1000 972 976
f 1000 1001 996
f 1000 994 972
f 1000 996 994
f 1002 992 974
f 1002 974 978
f 1002 993 992
f 1003 993 1002
f 1003 1002 978
f 1004 993 1003
f 1004 978 983
f 1004 1003 978
f 1005 1004 983
f 1005 993 1004
f 1005 983 986
f 1006 1001 1000
f 1006 1007 1001
f 1006 1000 976
f 1008 1007 1006
f 1008 1006 976
f 1009 1011 1010
f 1012 1007 1008
f 1012 1008 976
f 1012 1013 1007
f 1014 993 1005
f 1014 1005 986
f 1014 1015 993
f 1016 1011 1009
f 1017 939 1011
f 1017 1011 1016
f 1017 1016 995
f 1017 995 996
f 1018 976 993
f 1018 1013 1012
f 1018 1012 976
f 1018 1019 1013
f 1020 1014 986
f 1020 1015 1014
f 1020 986 999
f 1021 939 1017
f 1021 1017 996
f 1022 1018 993
f 1022 1019 1018
f 1022 1023 1019
f 1024 996 1001
f 1024 1021 996
f 1024 939 1021
f 1024 941 939
f 1025 1022 993
f 1025 1023 1022
f 1026 1025 993
f 1026 1023 1025
f 1026 1027 1023
f 1028 1024 1001
f 1028 941 1024
f 1028 1001 1007
f 1029 1026 993
f 1029 1027 1026
f 1029 1030 1027
f 1031 1028 1007
f 1031 941 1028
f 1032 1031 1007
f 1032 1007 1013
f 1032 944 941
f 1032 941 1031
f 1033 993 1015
f 1033 1029 993
f 1033 1030 1029
f 1034 1032 1013
f 1034 944 1032
f 1035 1013 1019
f 1035 1034 1013
f 1035 946 944
f 1035 944 1034
f 1036 1019 1023
f 1036 1035 1019
f 1036 946 1035
f 1037 946 1036
f 1037 1036 1023
f 1038 1030 1033
f 1039 1023 1027
f 1039 1037 1023
f 1039 949 946
f 1039 946 1037
f 1040 1027 1030
f 1040 949 1039
f 1040 1039 1027
f 1041 949 1040
f 1041 1040 1030
f 1042 951 949
f 1042 1030 1038
f 1042 949 1041
f 1042 1041 1030
f 1043 951 1042
f 1043 1038 1044
f 1043 1042 1038
f 1045 954 1046
f 1047 955 958
f 1047 958 1048
f 1047 959 955
f 1049 958 956
f 1049 956 1050
f 1051 937 12
f 1051 980 937
f 1052 1053 972
f 1052 972 997
f 1052 997 1054
f 1055 1052 1054
f 1056 936 989
f 1056 998 936
f 1057 998 1056
f 1057 999 998
f 1058 999 1057
f 1059 1011 939
f 1059 939 940
f 1060 1015 1020
f 1061 940 1062
f 1063 1033 1015
f 1063 1015 1060
f 1064 1063 1060
f 1065 1033 1063
f 1065 1038 1033
f 1066 950 951
f 1066 952 950
f 1067 952 1066
f 1067 1068 952
f 1069 954 953
f 1070 959 1071
f 1070 925 959
f 1070 953 925
f 1072 1071 959
f 1072 959 1047
f 1073 1053 1052
f 1073 1074 1053
f 1073 1052 1075
f 1076 979 980
f 1077 989 979
f 1078 997 995
f 1078 1054 997
f 1079 1056 989
f 1080 995 1081
f 1080 1078 995
f 1080 1081 1082
f 1083 1009 1010
f 1083 1016 1009
f 1084 1011 1059
f 1085 1064 1060
f 1086 1065 1063
f 1086 1063 1064
f 1087 921 9
f 1087 938 921
f 1087 940 938
f 1088 1065 1086
f 1089 1044 1038
f 1089 1065 1088
f 1089 1038 1065
f 1090 1043 1044
f 1090 1091 1043
f 1092 1066 951
f 1093 3 923
f 1093 923 952
f 1093 952 1068
f 1094 954 1045
f 1095 1071 1072
f 1096 1095 1072
f 1096 1072 1047
f 1097 1048 958
f 1097 958 1049
f 1098 969 1099
f 1100 1099 1101
f 1100 1098 1099
f 1102 1051 12
f 1103 972 1053
f 1103 1053 1074
f 1103 968 972
f 1103 969 968
f 1104 1074 1073
f 1105 1079 989
f 1106 1056 1079
f 1106 1079 1105
f 1106 1057 1056
f 1107 1058 1057
f 1108 1011 1084
f 1109 1020 999
f 1109 1110 1020
f 1109 999 1111
f 1112 1059 940
f 1113 1020 1110
f 1113 1060 1020
f 1114 940 1061
f 1115 1085 1060
f 1116 1092 951
f 1117 1067 1066
f 1118 1067 1117
f 1119 954 1069
f 1120 953 1070
f 1121 1095 1096
f 1121 1071 1095
f 1122 1074 1104
f 1123 1076 980
f 1124 1052 1055
f 1124 1055 1125
f 1126 1077 979
f 1127 1128 1055
f 1127 1055 1054
f 1127 1054 1078
f 1129 1106 1105
f 1129 1105 989
f 1130 1016 1083
f 1131 1011 1108
f 1132 1115 1060
f 1133 1086 1064
f 1134 1087 9
f 1134 940 1087
f 1135 1086 1136
f 1135 1088 1086
f 1137 1090 1044
f 1138 1116 951
f 1139 3 1093
f 1139 1093 1068
f 1140 9 10
f 1140 954 1094
f 1140 10 924
f 1140 924 954
f 1141 1071 1121
f 1142 1048 1097
f 1143 969 1098
f 1143 1144 969
f 1145 1102 12
f 1146 1099 969
f 1146 969 1103
f 1147 1074 1122
f 1148 1106 1129
f 1148 1129 989
f 1149 1107 1057
f 1150 1011 1131
f 1151 1111 999
f 1151 999 1152
f 1153 1059 1112
f 1154 1113 1110
f 1155 1153 1112
f 1155 1112 940
f 1155 940 1114
f 1156 1132 1060
f 1157 1043 1091
f 1157 1138 951
f 1157 951 1043
f 1158 1117 1066
f 1159 1118 1117
f 1160 1046 954
f 1160 1094 1045
f 1160 9 1140
f 1160 954 1119
f 1160 1140 1094
f 1160 1045 1046
f 1161 953 1120
f 1161 1160 1119
f 1161 1069 953
f 1161 1119 1069
f 1162 1071 1141
f 1163 1074 1147
f 1164 1123 980
f 1165 1075 1052
f 1165 1052 1124
f 1166 1126 979
f 1167 1055 1128
f 1167 1168 1055
f 1169 1148 989
f 1169 1106 1148
f 1169 989 1077
f 1170 1081 995
f 1170 1078 1080
f 1170 1016 1130
f 1170 1080 1082
f 1170 1128 1127
f 1170 1127 1078
f 1170 995 1016
f 1170 1168 1167
f 1170 1167 1128
f 1170 1082 1081
f 1171 1011 1150
f 1172 1060 1113
f 1172 1156 1060
f 1173 1133 1064
f 1174 1155 1114
f 1174 940 1134
f 1174 1061 1062
f 1174 1062 940
f 1174 1134 9
f 1174 1114 1061
f 1175 1136 1086
f 1175 1086 1176
f 1177 1137 1044
f 1178 1157 1091
f 1179 3 1139
f 1179 1139 1068
f 1180 1160 1161
f 1180 1161 1120
f 1180 1071 1162
f 1180 1070 1071
f 1180 1120 1070
f 1181 1049 1050
f 1181 1097 1049
f 1181 956 969
f 1181 1142 1097
f 1181 1050 956
f 1182 969 1144
f 1182 1181 969
f 1183 12 3
f 1183 1145 12
f 1184 1100 1101
f 1184 1101 1099
f 1184 1098 1100
f 1184 1099 1146
f 1184 1181 1182
f 1184 1143 1098
f 1184 1144 1143
f 1184 1182 1144
f 1185 1184 1146
f 1185 1074 1163
f 1185 1146 1103
f 1185 1181 1184
f 1185 1103 1074
f 1186 1106 1169
f 1186 1169 1077
f 1187 1057 1106
f 1187 1149 1057
f 1188 1130 1083
f 1188 1083 1010
f 1188 1010 1011
f 1188 1011 1171
f 1188 1170 1130
f 1189 1058 1107
f 1189 999 1058
f 1189 1149 1187
f 1189 1107 1149
f 1190 999 1189
f 1190 1152 999
f 1191 1170 1188
f 1191 1084 1059
f 1191 1155 1174
f 1191 1131 1108
f 1191 1059 1153
f 1191 1108 1084
f 1191 1174 9
f 1191 1171 1150
f 1191 1150 1131
f 1191 1188 1171
f 1191 9 1170
f 1191 1153 1155
f 1192 1151 1152
f 1192 1190 1189
f 1192 1152 1190
f 1192 1110 1109
f 1192 1109 1111
f 1192 1111 1151
f 1192 1154 1110
f 1193 1172 1113
f 1194 1178 1091
f 1195 1138 1157
f 1195 1158 1066
f 1195 1092 1116
f 1195 1066 1092
f 1195 1116 1138
f 1195 1178 1194
f 1195 1157 1178
f 1196 1159 1117
f 1196 1117 1158
f 1196 1158 1195
f 1197 1141 1121
f 1197 1047 1048
f 1197 1048 1198
f 1197 1160 1180
f 1197 1180 1162
f 1197 1096 1047
f 1197 9 1160
f 1197 1121 1096
f 1197 1181 9
f 1197 1162 1141
f 1199 1048 1142
f 1199 1198 1048
f 1199 1197 1198
f 1199 1181 1197
f 1199 1142 1181
f 1200 980 1051
f 1200 1164 980
f 1200 1102 1145
f 1200 1051 1102
f 1200 1145 1183
f 1200 1183 3
f 1201 9 9
f 1201 1122 1104
f 1201 1181 1185
f 1201 1075 1165
f 1201 1147 1122
f 1201 1104 1073
f 1201 9 1181
f 1201 1170 9
f 1201 1073 1075
f 1201 1163 1147
f 1201 1185 1163
f 1202 1200 1187
f 1202 1166 979
f 1202 1123 1164
f 1202 979 1076
f 1202 1076 1123
f 1202 1164 1200
f 1203 1124 1125
f 1203 1168 1170
f 1203 1170 1201
f 1203 1055 1168
f 1203 1201 1165
f 1203 1125 1055
f 1203 1165 1124
f 1204 1202 1187
f 1204 1106 1186
f 1204 1166 1202
f 1204 1187 1106
f 1204 1126 1166
f 1204 1077 1126
f 1204 1186 1077
f 1205 1193 1113
f 1205 1154 1192
f 1205 1189 1187
f 1205 1113 1154
f 1205 1192 1189
f 1206 1193 1205
f 1206 1132 1156
f 1206 1115 1132
f 1206 1085 1115
f 1206 1156 1172
f 1206 1173 1064
f 1206 1172 1193
f 1206 1064 1085
f 1207 1205 1187
f 1207 1086 1133
f 1207 1206 1205
f 1207 1173 1206
f 1207 1133 1173
f 1208 1176 1086
f 1208 1086 1207
f 1209 1200 3
f 1209 3 3
f 1209 1187 1200
f 1209 1177 1044
f 1209 1089 1088
f 1209 1135 1136
f 1209 1088 1135
f 1209 1176 1208
f 1209 1208 1207
f 1209 1136 1175
f 1209 1044 1089
f 1209 1175 1176
f 1209 1207 1187
f 1210 1195 1194
f 1210 1091 1090
f 1210 1090 1137
f 1210 1196 1195
f 1210 1137 1177
f 1210 1209 1196
f 1210 1194 1091
f 1210 1177 1209
f 1211 3 1179
f 1211 1067 1118
f 1211 1159 1196
f 1211 1118 1159
f 1211 1209 3
f 1211 1196 1209
f 1211 1068 1067
f 1211 1179 1068
f 1225 1227 1226
f 1225 9 1227
f 1228 13 1229
f 1230 1232 1231
f 1230 1231 1233
f 1234 1233 1235
f 1234 1235 1236
f 1237 1239 1238
f 1237 1240 1239
f 1237 1236 1240
f 1237 1234 1236
f 1241 1238 1242
f 1241 1237 1238
f 1243 1245 1244
f 1243 1242 1246
f 1243 1246 1245
f 1243 1248 1247
f 1243 1244 1248
f 1243 1237 1241
f 1243 1241 1242
f 1249 1251 1250
f 1252 1254 1253
f 1255 1257 1256
f 1255 1259 1258
f 1255 1256 1260
f 1255 1260 1259
f 1255 1253 1257
f 1255 1252 1253
f 1261 1258 1262
f 1261 1255 1258
f 1261 1262 1263
f 1264 26 9
f 1264 1265 26
f 1266 1268 1267
f 1266 1267 1269
f 1270 1271 1268
f 1270 1272 1271
f 1273 1275 1274
f 1276 1272 1270
f 1276 1278 1277
f 1276 1273 1274
f 1276 1274 1278
f 1276 1277 1272
f 1279 1281 1280
f 1279 1283 1282
f 1279 1275 1273
f 1279 1273 1276
f 1279 1284 1281
f 1279 1282 1284
f 1279 1280 1275
f 1285 1287 1286
f 1288 1290 1289
f 1291 1293 1292
f 1291 1295 1294
f 1291 1294 1296
f 1291 1296 1293
f 1291 1290 1288
f 1291 1292 1290
f 1297 1299 1298
f 1297 1298 1295
f 1297 1295 1291
f 1300 1302 1301
f 1300 1304 1303
f 1300 1303 1302
f 1300 1229 1304
f 1300 1228 1229
f 1300 13 1228
f 1305 1307 1306
f 1305 1234 1300
f 1305 1300 1301
f 1305 1308 1307
f 1305 1301 1309
f 1305 1309 1308
f 1310 1311 1232
f 1310 1234 1305
f 1310 1232 1230
f 1310 1306 1311
f 1310 1305 1306
f 1310 1230 1233
f 1310 1233 1234
f 1312 1247 1251
f 1312 1251 1249
f 1312 1234 1237
f 1312 1243 1247
f 1312 1237 1243
f 1313 1315 1314
f 1313 1249 1250
f 1313 1317 1316
f 1313 1316 1315
f 1313 1250 1318
f 1313 1318 1317
f 1313 1312 1249
f 1319 1321 1320
f 1319 1234 1312
f 1319 1312 1313
f 1319 1313 1314
f 1319 1314 1321
f 1322 1319 1320
f 1322 1320 1323
f 1324 13 13
f 1324 1326 1325
f 1324 1327 1326
f 1324 1300 1234
f 1324 1234 1319
f 1324 1328 1327
f 1324 1323 1328
f 1324 1330 1329
f 1324 1322 1323
f 1324 1319 1322
f 1324 13 1300
f 1324 1331 1330
f 1324 1325 1331
f 1332 1255 1261
f 1332 1252 1255
f 1332 1329 1333
f 1332 1324 1329
f 1332 1254 1252
f 1332 1261 1324
f 1332 1334 1254
f 1332 1333 1334
f 1335 1261 1263
f 1335 1337 1336
f 1335 13 1324
f 1335 1336 13
f 1335 1324 1261
f 1335 1339 1338
f 1335 1338 1337
f 1335 1263 1339
f 1340 1265 1264
f 1340 1342 1341
f 1340 1264 9
f 1340 1341 1343
f 1340 1343 1265
f 1340 1344 1342
f 1345 1347 1346
f 1345 1346 1348
f 1345 1348 1344
f 1345 1349 1347
f 1345 1340 1270
f 1345 1344 1340
f 1350 1266 1269
f 1350 1270 1268
f 1350 1345 1270
f 1350 1351 1349
f 1350 1268 1266
f 1350 1349 1345
f 1350 1269 1351
f 1352 1276 1270
f 1352 1283 1279
f 1352 1279 1276
f 1352 1285 1286
f 1352 1286 1283
f 1353 1355 1354
f 1353 1287 1285
f 1353 1357 1356
f 1353 1285 1352
f 1353 1354 1287
f 1353 1356 1358
f 1353 1358 1355
f 1359 1361 1360
f 1362 1363 1357
f 1362 1359 1360
f 1362 1352 1270
f 1362 1360 1363
f 1362 1357 1353
f 1362 1353 1352
f 1364 9 9
f 1364 1366 1365
f 1364 1367 1366
f 1364 1369 1368
f 1364 1365 1369
f 1364 1270 1340
f 1364 1340 9
f 1364 1368 1370
f 1364 1370 1361
f 1364 1371 1367
f 1364 1361 1359
f 1364 1362 1270
f 1364 1359 1362
f 1372 1288 1289
f 1372 1289 1373
f 1372 1371 1364
f 1372 1291 1288
f 1372 1297 1291
f 1372 1374 1371
f 1372 1364 1297
f 1372 1373 1374
f 1375 1364 9
f 1375 1226 1376
f 1375 1377 1299
f 1375 1376 1377
f 1375 1299 1297
f 1375 1225 1226
f 1375 9 1225
f 1375 1297 1364
f 1378 1379 14
f 1378 1380 1379
f 1378 1381 1380
f 1382 14 15
f 1382 1378 14
f 1382 1383 1381
f 1382 1381 1378
f 1384 1383 1382
f 1384 1382 15
f 1385 1386 1383
f 1385 1384 15
f 1385 1383 1384
f 1387 15 16
f 1387 1385 15
f 1388 16 17
f 1388 1387 16
f 1389 1390 1388
f 1389 1388 17
f 1391 1389 17
f 1391 1392 1390
f 1391 1390 1389
f 1393 1391 17
f 1393 1392 1391
f 1393 17 18
f 1393 1394 1392
f 1395 1393 18
f 1395 1394 1393
f 1396 1395 18
f 1396 1394 1395
f 1396 1397 1394
f 1398 1399 1397
f 1398 1397 1396
f 1398 18 19
f 1398 1396 18
f 1400 1399 1398
f 1400 1398 19
f 1401 19 20
f 1401 1400 19
f 1401 1399 1400
f 1402 20 21
f 1402 1401 20
f 1403 1405 1404
f 1403 1402 21
f 1406 1405 1403
f 1406 1403 21
f 1407 1212 1408
f 1407 1408 1409
f 1407 1409 1410
f 1411 1405 1406
f 1411 21 22
f 1411 1412 1405
f 1411 1406 21
f 1413 1213 1212
f 1413 1410 1414
f 1413 1407 1410
f 1413 1212 1407
f 1415 1416 1412
f 1415 1412 1411
f 1415 1411 22
f 1417 1413 1414
f 1417 1213 1413
f 1418 1416 1415
f 1418 1415 22
f 1419 1417 1414
f 1419 1414 1420
f 1419 1213 1417
f 1421 1418 22
f 1421 22 23
f 1422 1214 1213
f 1422 1419 1420
f 1422 1213 1419
f 1423 1421 23
f 1423 23 24
f 1424 1215 1214
f 1424 1420 1425
f 1424 1214 1422
f 1424 1422 1420
f 1426 1427 1423
f 1426 1423 24
f 1428 1215 1424
f 1428 1424 1425
f 1429 1430 1427
f 1429 1427 1426
f 1429 1426 24
f 1431 1425 1432
f 1431 1215 1428
f 1431 1428 1425
f 1433 24 25
f 1433 1434 1430
f 1433 1430 1429
f 1433 1429 24
f 1435 1216 1215
f 1435 1431 1432
f 1435 1432 1436
f 1435 1215 1431
f 1437 1434 1433
f 1437 1433 25
f 1438 1216 1435
f 1438 1435 1436
f 1439 1440 1434
f 1439 1437 25
f 1439 1434 1437
f 1441 1436 1442
f 1441 1216 1438
f 1441 1438 1436
f 1443 25 26
f 1443 1444 1440
f 1443 1439 25
f 1443 1440 1439
f 1445 1443 26
f 1445 1444 1443
f 1446 1217 1216
f 1446 1441 1442
f 1446 1442 1447
f 1446 1216 1441
f 1448 1217 1446
f 1448 1446 1447
f 1449 1448 1447
f 1449 1218 1217
f 1449 1447 1450
f 1449 1217 1448
f 1451 1219 1218
f 1451 1218 1449
f 1451 1449 1450
f 1452 1451 1450
f 1452 1450 1453
f 1452 1219 1451
f 1454 1219 1452
f 1454 1452 1453
f 1455 1220 1219
f 1455 1219 1454
f 1455 1454 1453
f 1455 1453 1456
f 1457 1220 1455
f 1457 1455 1456
f 1457 1456 1458
f 1459 1220 1457
f 1459 1457 1458
f 1460 1221 1220
f 1460 1220 1459
f 1460 1459 1458
f 1461 1222 1221
f 1461 1221 1460
f 1461 1458 1462
f 1461 1460 1458
f 1463 1461 1462
f 1463 1222 1461
f 1464 1463 1462
f 1464 1462 1465
f 1464 1222 1463
f 1466 1223 1222
f 1466 1465 1467
f 1466 1222 1464
f 1466 1464 1465
f 1468 1466 1467
f 1468 1223 1466
f 1469 1467 1470
f 1469 1223 1468
f 1469 1468 1467
f 1471 1224 1223
f 1471 1223 1469
f 1471 1470 1472
f 1471 1469 1470
f 1473 1224 1471
f 1473 1471 1472
f 1307 1302 1379
f 1307 1379 1380
f 1474 1307 1380
f 1475 1476 1380
f 1475 1238 1476
f 1475 1380 1381
f 1475 1477 1238
f 1478 1475 1381
f 1478 1477 1475
f 1479 1480 1477
f 1479 1478 1381
f 1479 1477 1478
f 1481 1480 1479
f 1481 1479 1381
f 1481 1482 1480
f 1481 1381 1383
f 1483 1387 1388
f 1483 1388 1390
f 1483 1386 1385
f 1483 1385 1387
f 1484 1482 1481
f 1484 1481 1383
f 1485 1486 1482
f 1485 1482 1484
f 1485 1484 1383
f 1487 1486 1485
f 1487 1485 1383
f 1487 1383 1386
f 1488 1489 1238
f 1488 1490 1489
f 1488 1238 1477
f 1491 1492 1486
f 1491 1386 1483
f 1491 1486 1487
f 1491 1487 1386
f 1493 1477 1480
f 1493 1494 1490
f 1493 1488 1477
f 1493 1490 1488
f 1495 1494 1493
f 1495 1493 1480
f 1495 1480 1482
f 1496 1494 1495
f 1496 1495 1482
f 1497 1482 1486
f 1497 1496 1482
f 1497 1494 1496
f 1498 1486 1492
f 1498 1497 1486
f 1499 1483 1390
f 1499 1492 1491
f 1499 1491 1483
f 1500 1502 1501
f 1503 1504 1501
f 1503 1490 1494
f 1503 1501 1502
f 1503 1502 1490
f 1505 1506 1504
f 1505 1504 1503
f 1505 1503 1494
f 1507 1506 1505
f 1507 1505 1494
f 1508 1254 1330
f 1508 1330 1500
f 1509 1510 1506
f 1509 1506 1507
f 1509 1507 1494
f 1511 1499 1390
f 1511 1390 1392
f 1512 1513 1511
f 1512 1511 1392
f 1514 1500 1501
f 1514 1409 1508
f 1514 1508 1500
f 1514 1410 1409
f 1515 1510 1509
f 1515 1516 1510
f 1517 1518 1513
f 1517 1513 1512
f 1517 1512 1392
f 1519 1514 1501
f 1519 1410 1514
f 1520 1517 1392
f 1520 1521 1518
f 1520 1392 1394
f 1520 1518 1517
f 1522 1410 1519
f 1522 1501 1504
f 1522 1519 1501
f 1523 1521 1520
f 1523 1520 1394
f 1524 1521 1523
f 1524 1523 1394
f 1524 1525 1521
f 1526 1522 1504
f 1526 1414 1410
f 1526 1410 1522
f 1526 1504 1506
f 1527 1526 1506
f 1527 1414 1526
f 1528 1524 1394
f 1528 1525 1524
f 1528 1529 1525
f 1528 1394 1397
f 1530 1527 1506
f 1530 1414 1527
f 1530 1506 1510
f 1531 1528 1397
f 1531 1529 1528
f 1532 1530 1510
f 1532 1414 1530
f 1532 1420 1414
f 1533 1397 1399
f 1533 1529 1531
f 1533 1531 1397
f 1534 1535 1513
f 1534 1513 1518
f 1536 1399 1401
f 1536 1402 1403
f 1536 1403 1404
f 1536 1401 1402
f 1537 1534 1518
f 1537 1538 1534
f 1537 1518 1521
f 1539 1420 1532
f 1539 1532 1510
f 1539 1510 1516
f 1540 1538 1537
f 1540 1537 1521
f 1541 1538 1540
f 1541 1540 1521
f 1541 1521 1525
f 1542 1538 1541
f 1542 1541 1525
f 1542 1525 1529
f 1543 1533 1399
f 1543 1399 1536
f 1544 1425 1420
f 1544 1420 1539
f 1544 1539 1516
f 1545 1547 1546
f 1545 1548 1547
f 1549 1550 1548
f 1549 1548 1545
f 1549 1545 1538
f 1551 1542 1529
f 1552 1550 1549
f 1552 1549 1538
f 1553 1554 1543
f 1553 1555 1554
f 1553 1536 1404
f 1553 1543 1536
f 1556 1557 1550
f 1556 1550 1552
f 1556 1552 1538
f 1558 1559 1557
f 1558 1557 1556
f 1558 1556 1538
f 1560 1432 1425
f 1560 1425 1544
f 1561 1404 1405
f 1561 1553 1404
f 1561 1555 1553
f 1562 1560 1547
f 1562 1432 1560
f 1563 1564 1555
f 1563 1561 1405
f 1563 1555 1561
f 1565 1432 1562
f 1565 1547 1548
f 1565 1562 1547
f 1566 1563 1405
f 1566 1564 1563
f 1567 1566 1405
f 1567 1564 1566
f 1567 1568 1564
f 1567 1405 1412
f 1569 1432 1565
f 1569 1548 1550
f 1569 1436 1432
f 1569 1565 1548
f 1570 1559 1558
f 1571 1569 1550
f 1571 1436 1569
f 1572 1567 1412
f 1572 1568 1567
f 1572 1573 1568
f 1574 1436 1571
f 1574 1550 1557
f 1574 1571 1550
f 1575 1418 1421
f 1575 1421 1423
f 1575 1423 1427
f 1575 1416 1418
f 1576 1572 1412
f 1576 1573 1572
f 1577 1436 1574
f 1577 1574 1557
f 1577 1557 1559
f 1577 1442 1436
f 1578 1554 1555
f 1579 1412 1416
f 1579 1576 1412
f 1579 1573 1576
f 1580 1577 1559
f 1580 1442 1577
f 1581 1580 1559
f 1581 1447 1442
f 1581 1442 1580
f 1582 1555 1564
f 1582 1578 1555
f 1583 1579 1416
f 1583 1573 1579
f 1583 1584 1573
f 1585 1586 1582
f 1585 1582 1564
f 1587 1564 1568
f 1587 1585 1564
f 1587 1586 1585
f 1588 1568 1573
f 1588 1587 1568
f 1588 1586 1587
f 1589 1450 1447
f 1589 1447 1581
f 1590 1592 1591
f 1593 1588 1573
f 1593 1573 1584
f 1594 1416 1575
f 1594 1575 1427
f 1594 1583 1416
f 1594 1584 1583
f 1595 1592 1590
f 1595 1596 1592
f 1597 1595 1586
f 1597 1596 1595
f 1598 1597 1586
f 1598 1596 1597
f 1598 1599 1596
f 1600 1601 1599
f 1600 1598 1586
f 1600 1599 1598
f 1602 1450 1589
f 1602 1589 1591
f 1602 1591 1592
f 1603 1427 1430
f 1603 1594 1427
f 1604 1601 1600
f 1604 1605 1601
f 1606 1607 1603
f 1606 1603 1430
f 1608 1453 1450
f 1608 1450 1602
f 1608 1602 1592
f 1609 1606 1430
f 1609 1610 1607
f 1609 1607 1606
f 1611 1608 1592
f 1611 1453 1608
f 1611 1592 1596
f 1612 1609 1430
f 1612 1613 1610
f 1612 1430 1434
f 1612 1610 1609
f 1614 1453 1611
f 1614 1611 1596
f 1615 1612 1434
f 1615 1613 1612
f 1616 1453 1614
f 1616 1614 1596
f 1616 1456 1453
f 1616 1596 1599
f 1617 1615 1434
f 1617 1618 1613
f 1617 1613 1615
f 1619 1617 1434
f 1619 1618 1617
f 1619 1620 1618
f 1619 1434 1440
f 1347 1445 1342
f 1347 1444 1445
f 1621 1616 1599
f 1621 1599 1601
f 1621 1456 1616
f 1622 1620 1619
f 1622 1619 1440
f 1623 1456 1621
f 1623 1621 1601
f 1624 1620 1622
f 1624 1622 1440
f 1624 1440 1444
f 1625 1444 1347
f 1626 1623 1601
f 1626 1456 1623
f 1626 1458 1456
f 1627 1607 1610
f 1627 1628 1607
f 1629 1274 1620
f 1629 1620 1624
f 1629 1624 1444
f 1630 1627 1610
f 1630 1610 1613
f 1630 1631 1627
f 1632 1601 1605
f 1632 1626 1601
f 1632 1458 1626
f 1633 1630 1613
f 1633 1631 1630
f 1634 1633 1613
f 1634 1631 1633
f 1635 1613 1618
f 1635 1634 1613
f 1635 1618 1620
f 1635 1631 1634
f 1636 1637 1631
f 1636 1635 1620
f 1636 1631 1635
f 1638 1632 1605
f 1638 1462 1458
f 1638 1458 1632
f 1639 1641 1640
f 1639 1640 1642
f 1643 1620 1274
f 1643 1636 1620
f 1643 1637 1636
f 1644 1639 1631
f 1644 1645 1641
f 1644 1641 1639
f 1646 1644 1631
f 1646 1645 1644
f 1647 1646 1631
f 1647 1645 1646
f 1648 1645 1647
f 1648 1649 1645
f 1648 1650 1649
f 1648 1647 1631
f 1651 1465 1462
f 1651 1462 1638
f 1652 1648 1631
f 1652 1650 1648
f 1652 1631 1637
f 1653 1465 1651
f 1653 1651 1640
f 1654 1640 1641
f 1654 1465 1653
f 1654 1653 1640
f 1655 1654 1641
f 1655 1641 1645
f 1655 1467 1465
f 1655 1465 1654
f 1656 1467 1655
f 1656 1655 1645
f 1657 1656 1645
f 1657 1467 1656
f 1657 1645 1649
f 1658 1650 1652
f 1659 1467 1657
f 1659 1657 1649
f 1659 1470 1467
f 1659 1649 1650
f 1660 1659 1650
f 1660 1470 1659
f 1661 1660 1650
f 1661 1650 1658
f 1661 1470 1660
f 1661 1472 1470
f 1662 1661 1658
f 1662 1472 1661
f 1662 1658 1367
f 1289 1662 1367
f 1303 13 14
f 1303 1379 1302
f 1303 14 1379
f 1663 1474 1380
f 1663 1380 1476
f 1235 1476 1238
f 1235 1238 1239
f 1235 1663 1476
f 1248 1238 1489
f 1664 1489 1490
f 1665 1490 1502
f 1665 1664 1490
f 1665 1666 1664
f 1667 1502 1500
f 1667 1665 1502
f 1667 1500 1330
f 1668 1494 1497
f 1668 1497 1498
f 1668 1509 1494
f 1668 1515 1509
f 1669 1498 1492
f 1669 1668 1498
f 1669 1670 1668
f 1671 1669 1492
f 1671 1499 1511
f 1671 1492 1499
f 1671 1535 1669
f 1672 1408 1337
f 1672 1409 1408
f 1673 1535 1671
f 1673 1513 1535
f 1673 1511 1513
f 1673 1671 1511
f 1338 1672 1337
f 1674 1515 1668
f 1674 1668 1670
f 1674 1516 1515
f 1675 1546 1674
f 1675 1545 1546
f 1675 1535 1534
f 1675 1534 1538
f 1675 1538 1545
f 1675 1670 1669
f 1675 1669 1535
f 1675 1674 1670
f 1676 1529 1533
f 1676 1551 1529
f 1677 1674 1546
f 1677 1560 1544
f 1677 1516 1674
f 1677 1544 1516
f 1678 1551 1676
f 1678 1543 1554
f 1678 1533 1543
f 1678 1676 1533
f 1679 1546 1547
f 1679 1560 1677
f 1679 1677 1546
f 1679 1547 1560
f 1680 1538 1542
f 1680 1570 1558
f 1680 1542 1551
f 1680 1558 1538
f 1681 1678 1554
f 1681 1682 1680
f 1681 1680 1551
f 1681 1551 1678
f 1681 1554 1578
f 1683 1559 1570
f 1683 1581 1559
f 1684 1581 1683
f 1684 1589 1581
f 1684 1683 1570
f 1684 1591 1589
f 1685 1570 1680
f 1685 1680 1682
f 1685 1684 1570
f 1685 1591 1684
f 1685 1590 1591
f 1686 1586 1595
f 1686 1682 1681
f 1686 1681 1578
f 1686 1590 1685
f 1686 1582 1586
f 1686 1685 1682
f 1686 1578 1582
f 1686 1595 1590
f 1687 1586 1588
f 1687 1588 1593
f 1687 1600 1586
f 1687 1604 1600
f 1688 1689 1687
f 1688 1687 1593
f 1688 1593 1584
f 1690 1584 1594
f 1690 1607 1628
f 1690 1628 1688
f 1690 1688 1584
f 1690 1603 1607
f 1690 1594 1603
f 1341 1342 1445
f 1341 1445 26
f 1691 1687 1689
f 1691 1605 1604
f 1691 1604 1687
f 1692 1689 1688
f 1692 1691 1689
f 1692 1688 1628
f 1692 1628 1627
f 1692 1642 1691
f 1692 1631 1639
f 1692 1627 1631
f 1692 1639 1642
f 1693 1444 1625
f 1693 1629 1444
f 1271 1629 1693
f 1271 1274 1629
f 1694 1651 1638
f 1694 1638 1605
f 1694 1605 1691
f 1694 1691 1642
f 1694 1640 1651
f 1694 1642 1640
f 1278 1274 1271
f 1282 1643 1274
f 1695 1637 1643
f 1696 1652 1637
f 1696 1637 1695
f 1697 1367 1658
f 1697 1658 1652
f 1697 1652 1696
f 1698 1696 1695
f 1699 1226 1473
f 1699 1473 1472
f 1376 1226 1699
f 1308 1302 1307
f 1232 1307 1474
f 1700 1474 1663
f 1315 1664 1666
f 1320 1666 1665
f 1320 1665 1667
f 1331 1667 1330
f 1331 1320 1667
f 1331 1325 1320
f 1334 1330 1254
f 1259 1254 1508
f 1259 1508 1409
f 1259 1409 1672
f 1701 1212 13
f 1701 1408 1212
f 1701 1337 1408
f 1346 1347 1342
f 1269 1625 1347
f 1702 1693 1625
f 1356 1698 1695
f 1360 1697 1696
f 1360 1696 1698
f 1366 1697 1360
f 1366 1367 1697
f 1365 1366 1360
f 1373 1289 1367
f 1294 1472 1662
f 1294 1662 1289
f 1294 1699 1472
f 1703 1473 1226
f 1703 9 1224
f 1703 1224 1473
f 1304 13 1303
f 1704 1232 1474
f 1704 1474 1700
f 1233 1704 1700
f 1233 1663 1235
f 1233 1700 1663
f 1240 1235 1239
f 1244 1238 1248
f 1244 1245 1238
f 1251 1489 1664
f 1251 1248 1489
f 1316 1251 1664
f 1316 1664 1315
f 1260 1254 1259
f 1262 1259 1672
f 1262 1672 1338
f 1339 1262 1338
f 1343 1341 26
f 1705 1625 1269
f 1705 1702 1625
f 1268 1702 1705
f 1268 1693 1702
f 1268 1271 1693
f 1277 1278 1271
f 1284 1282 1274
f 1281 1284 1274
f 1286 1643 1282
f 1286 1695 1643
f 1358 1695 1286
f 1358 1356 1695
f 1296 1294 1289
f 1298 1699 1294
f 1298 1376 1699
f 1377 1376 1298
f 1309 1302 1308
f 1311 1307 1232
f 1706 1232 1704
f 1706 1704 1233
f 1317 1251 1316
f 1321 1315 1666
f 1321 1666 1320
f 1326 1327 1320
f 1326 1320 1325
f 1333 1330 1334
f 1256 1254 1260
f 1707 1337 1701
f 1707 1701 13
f 1348 1346 1342
f 1351 1269 1347
f 1708 1705 1269
f 1708 1268 1705
f 1355 1358 1286
f 1363 1698 1356
f 1363 1360 1698
f 1369 1365 1360
f 1368 1369 1360
f 1374 1373 1367
f 1293 1296 1289
f 1227 9 1703
f 1227 1703 1226
f 1229 13 1304
f 1709 1706 1233
f 1709 1232 1706
f 1236 1235 1240
f 1246 1242 1238
f 1246 1238 1245
f 1247 1248 1251
f 1318 1251 1317
f 1257 1254 1256
f 1258 1259 1262
f 1263 1262 1339
f 1265 1343 26
f 1710 1268 1708
f 1710 1708 1269
f 1272 1277 1271
f 1280 1281 1274
f 1275 1280 1274
f 1283 1286 1282
f 1354 1355 1286
f 1292 1293 1289
f 1295 1298 1294
f 1299 1377 1298
f 1301 1302 1309
f 1306 1307 1311
f 1231 1709 1233
f 1231 1232 1709
f 1250 1251 1318
f 1314 1315 1321
f 1328 1323 1320
f 1328 1320 1327
f 1329 1330 1333
f 1253 1254 1257
f 1336 1337 1707
f 1336 1707 13
f 1344 1348 1342
f 1349 1351 1347
f 1267 1268 1710
f 1267 1710 1269
f 1287 1354 1286
f 1357 1363 1356
f 1370 1368 1360
f 1361 1370 1360
f 1371 1374 1367
f 1290 1292 1289
f 1724 1726 1725
f 1724 1725 1727
f 1728 1730 1729
f 1728 1731 1730
f 1728 1727 1731
f 1728 1724 1727
f 1732 1728 1729
f 1732 1729 1733
f 1734 1736 1735
f 1734 1737 1736
f 1734 1735 1738
f 1734 1739 1737
f 1734 1733 1739
f 1734 1728 1732
f 1734 1732 1733
f 1740 1742 1741
f 1743 1745 1744
f 1746 1748 1747
f 1746 1747 1749
f 1746 1751 1750
f 1746 1743 1744
f 1746 1744 1748
f 1746 1749 1751
f 1752 1754 1753
f 1752 1750 1754
f 1752 1746 1750
f 1755 40 13
f 1755 1756 40
f 1757 1759 1758
f 1757 1760 1759
f 1761 1763 1762
f 1761 1762 1760
f 1764 1766 1765
f 1767 1768 1763
f 1767 1765 1769
f 1767 1764 1765
f 1767 1763 1761
f 1767 1769 1768
f 1770 1772 1771
f 1770 1771 1766
f 1770 1774 1773
f 1770 1764 1767
f 1770 1766 1764
f 1770 1773 1775
f 1770 1775 1772
f 1776 1778 1777
f 1779 1781 1780
f 1782 1784 1783
f 1782 1786 1785
f 1782 1785 1784
f 1782 1781 1779
f 1782 1783 1781
f 1782 1787 1786
f 1788 1789 1787
f 1788 1790 1789
f 1788 1787 1782
f 1791 27 1792
f 1791 1794 1793
f 1791 1793 1795
f 1791 1796 1794
f 1791 1795 1797
f 1791 1792 1796
f 1798 1800 1799
f 1798 1802 1801
f 1798 1791 1797
f 1798 1724 1791
f 1798 1801 1800
f 1798 1797 1802
f 1803 1799 1804
f 1803 1805 1726
f 1803 1806 1805
f 1803 1724 1798
f 1803 1804 1806
f 1803 1798 1799
f 1803 1726 1724
f 1807 1734 1738
f 1807 1742 1740
f 1807 1728 1734
f 1807 1738 1742
f 1807 1724 1728
f 1808 1810 1809
f 1808 1811 1810
f 1808 1813 1812
f 1808 1740 1741
f 1808 1809 1813
f 1808 1741 1811
f 1808 1807 1740
f 1814 1816 1815
f 1814 1808 1812
f 1814 1724 1807
f 1814 1807 1808
f 1814 1812 1816
f 1817 1814 1815
f 1817 1815 1818
f 1819 27 27
f 1819 1821 1820
f 1819 1823 1822
f 1819 1824 1823
f 1819 1825 1824
f 1819 1818 1825
f 1819 1791 1724
f 1819 1817 1818
f 1819 1814 1817
f 1819 1826 1821
f 1819 1724 1814
f 1819 27 1791
f 1819 1822 1826
f 1827 1743 1746
f 1827 1752 1819
f 1827 1745 1743
f 1827 1819 1820
f 1827 1829 1828
f 1827 1820 1829
f 1827 1828 1745
f 1827 1746 1752
f 1830 1752 1753
f 1830 1819 1752
f 1830 1831 27
f 1830 1832 1831
f 1830 1833 1832
f 1830 27 1819
f 1830 1834 1833
f 1830 1753 1834
f 1835 1837 1836
f 1835 1756 1755
f 1835 1838 1837
f 1835 1755 13
f 1835 1839 1838
f 1835 1836 1756
f 1840 1835 1761
f 1840 1842 1841
f 1840 1843 1842
f 1840 1844 1843
f 1840 1839 1835
f 1840 1841 1839
f 1845 1757 1758
f 1845 1761 1760
f 1845 1844 1840
f 1845 1846 1844
f 1845 1840 1761
f 1845 1758 1846
f 1845 1760 1757
f 1847 1770 1767
f 1847 1767 1761
f 1847 1776 1777
f 1847 1774 1770
f 1847 1777 1774
f 1848 1849 1778
f 1848 1778 1776
f 1848 1776 1847
f 1848 1851 1850
f 1848 1850 1852
f 1848 1852 1849
f 1848 1853 1851
f 1854 1856 1855
f 1857 1848 1847
f 1857 1847 1761
f 1857 1855 1858
f 1857 1853 1848
f 1857 1854 1855
f 1857 1858 1853
f 1859 1761 1835
f 1859 13 13
f 1859 1861 1860
f 1859 1862 1861
f 1859 1857 1761
f 1859 1860 1863
f 1859 1863 1864
f 1859 1835 13
f 1859 1856 1854
f 1859 1864 1865
f 1859 1866 1862
f 1859 1865 1856
f 1859 1854 1857
f 1867 1780 1868
f 1867 1788 1782
f 1867 1859 1788
f 1867 1782 1779
f 1867 1869 1866
f 1867 1866 1859
f 1867 1779 1780
f 1867 1868 1869
f 1870 1871 1790
f 1870 1790 1788
f 1870 1873 1872
f 1870 1788 1859
f 1870 13 1874
f 1870 1874 1873
f 1870 1859 13
f 1870 1872 1871
f 1875 1876 28
f 1875 1877 1876
f 1875 1878 1877
f 1879 28 29
f 1879 1875 28
f 1879 1880 1878
f 1879 1878 1875
f 1881 1880 1879
f 1881 1879 29
f 1882 1883 1880
f 1882 1881 29
f 1882 1880 1881
f 1884 29 30
f 1884 1882 29
f 1885 30 31
f 1885 1884 30
f 1886 1887 1885
f 1886 1885 31
f 1888 1886 31
f 1888 1889 1887
f 1888 1887 1886
f 1890 1888 31
f 1890 1889 1888
f 1890 31 32
f 1890 1891 1889
f 1892 1890 32
f 1892 1891 1890
f 1893 1892 32
f 1893 1891 1892
f 1893 1894 1891
f 1895 1896 1894
f 1895 1894 1893
f 1895 32 33
f 1895 1893 32
f 1897 1896 1895
f 1897 1895 33
f 1898 33 34
f 1898 1897 33
f 1898 1896 1897
f 1899 34 35
f 1899 1898 34
f 1900 1902 1901
f 1900 1899 35
f 1903 1711 1904
f 1903 1904 1905
f 1903 1905 1906
f 1907 1902 1900
f 1907 1900 35
f 1908 1902 1907
f 1908 35 36
f 1908 1909 1902
f 1908 1907 35
f 1910 1712 1711
f 1910 1906 1911
f 1910 1711 1903
f 1910 1903 1906
f 1912 1712 1910
f 1912 1910 1911
f 1913 1914 1909
f 1913 1909 1908
f 1913 1908 36
f 1915 1911 1916
f 1915 1712 1912
f 1915 1912 1911
f 1917 1913 36
f 1917 1914 1913
f 1918 1713 1712
f 1918 1915 1916
f 1918 1712 1915
f 1919 1917 36
f 1919 36 37
f 1920 1714 1713
f 1920 1918 1916
f 1920 1916 1921
f 1920 1713 1918
f 1922 1919 37
f 1922 37 38
f 1923 1714 1920
f 1923 1920 1921
f 1924 1925 1922
f 1924 1922 38
f 1926 1921 1927
f 1926 1714 1923
f 1926 1923 1921
f 1928 1925 1924
f 1928 1929 1925
f 1928 1924 38
f 1930 1715 1714
f 1930 1927 1931
f 1930 1926 1927
f 1930 1714 1926
f 1932 38 39
f 1932 1933 1929
f 1932 1929 1928
f 1932 1928 38
f 1934 1930 1931
f 1934 1715 1930
f 1935 1933 1932
f 1935 1932 39
f 1936 1937 1933
f 1936 1935 39
f 1936 1933 1935
f 1938 1931 1939
f 1938 1934 1931
f 1938 1715 1934
f 1940 39 40
f 1940 1941 1937
f 1940 1936 39
f 1940 1937 1936
f 1942 1940 40
f 1942 1941 1940
f 1943 1716 1715
f 1943 1938 1939
f 1943 1939 1944
f 1943 1715 1938
f 1945 1716 1943
f 1945 1943 1944
f 1946 1945 1944
f 1946 1717 1716
f 1946 1944 1947
f 1946 1716 1945
f 1948 1718 1717
f 1948 1717 1946
f 1948 1946 1947
f 1949 1948 1947
f 1949 1947 1950
f 1949 1718 1948
f 1951 1718 1949
f 1951 1949 1950
f 1952 1719 1718
f 1952 1718 1951
f 1952 1951 1950
f 1952 1950 1953
f 1954 1719 1952
f 1954 1952 1953
f 1954 1953 1955
f 1956 1719 1954
f 1956 1954 1955
f 1957 1720 1719
f 1957 1719 1956
f 1957 1956 1955
f 1958 1721 1720
f 1958 1720 1957
f 1958 1955 1959
f 1958 1957 1955
f 1960 1958 1959
f 1960 1721 1958
f 1961 1959 1962
f 1961 1960 1959
f 1961 1721 1960
f 1963 1722 1721
f 1963 1961 1962
f 1963 1962 1964
f 1963 1721 1961
f 1965 1722 1963
f 1965 1963 1964
f 1966 1964 1967
f 1966 1722 1965
f 1966 1965 1964
f 1968 1723 1722
f 1968 1722 1966
f 1968 1967 1969
f 1968 1966 1967
f 1970 1723 1968
f 1970 1968 1969
f 1800 1795 1876
f 1800 1876 1877
f 1971 1800 1877
f 1972 1973 1877
f 1972 1729 1973
f 1972 1877 1878
f 1972 1974 1729
f 1975 1972 1878
f 1975 1974 1972
f 1976 1977 1974
f 1976 1975 1878
f 1976 1974 1975
f 1978 1977 1976
f 1978 1976 1878
f 1978 1979 1977
f 1978 1878 1880
f 1980 1884 1885
f 1980 1885 1887
f 1980 1883 1882
f 1980 1882 1884
f 1981 1979 1978
f 1981 1978 1880
f 1982 1983 1979
f 1982 1979 1981
f 1982 1981 1880
f 1984 1983 1982
f 1984 1982 1880
f 1984 1880 1883
f 1985 1986 1729
f 1985 1987 1986
f 1985 1729 1974
f 1988 1989 1983
f 1988 1883 1980
f 1988 1983 1984
f 1988 1984 1883
f 1990 1974 1977
f 1990 1991 1987
f 1990 1987 1985
f 1990 1985 1974
f 1992 1991 1990
f 1992 1977 1979
f 1992 1990 1977
f 1993 1991 1992
f 1993 1992 1979
f 1994 1993 1979
f 1994 1979 1983
f 1994 1991 1993
f 1995 1994 1983
f 1995 1983 1989
f 1996 1980 1887
f 1996 1989 1988
f 1996 1988 1980
f 1997 1999 1998
f 2000 1987 1991
f 2000 2001 1998
f 2000 1998 1999
f 2000 1999 1987
f 2002 2003 2001
f 2002 2001 2000
f 2002 2000 1991
f 2004 2003 2002
f 2004 2002 1991
f 2005 1745 1821
f 2005 1821 1997
f 2006 2007 2003
f 2006 2003 2004
f 2006 2004 1991
f 2008 1996 1887
f 2008 1887 1889
f 2009 2005 1997
f 2009 1997 1998
f 2009 1905 2005
f 2009 1906 1905
f 2010 2011 2008
f 2010 2008 1889
f 2012 2007 2006
f 2012 2013 2007
f 2014 2015 2011
f 2014 2011 2010
f 2014 2010 1889
f 2016 2009 1998
f 2016 1906 2009
f 2017 2016 1998
f 2017 1998 2001
f 2017 1906 2016
f 2018 2014 1889
f 2018 2019 2015
f 2018 1889 1891
f 2018 2015 2014
f 2020 2019 2018
f 2020 2018 1891
f 2021 1911 1906
f 2021 1906 2017
f 2021 2017 2001
f 2021 2001 2003
f 2022 2019 2020
f 2022 2020 1891
f 2022 2023 2019
f 2024 1911 2021
f 2024 2021 2003
f 2025 1911 2024
f 2025 2024 2003
f 2025 2003 2007
f 2026 2022 1891
f 2026 2023 2022
f 2026 2027 2023
f 2026 1891 1894
f 2028 2026 1894
f 2028 2027 2026
f 2029 1911 2025
f 2029 2025 2007
f 2029 1916 1911
f 2030 1894 1896
f 2030 2027 2028
f 2030 2028 1894
f 2031 2032 2011
f 2031 2011 2015
f 2033 1896 1898
f 2033 1899 1900
f 2033 1900 1901
f 2033 1898 1899
f 2034 2031 2015
f 2034 2035 2031
f 2034 2015 2019
f 2036 1916 2029
f 2036 2029 2007
f 2036 2007 2013
f 2037 2035 2034
f 2037 2034 2019
f 2038 2035 2037
f 2038 2037 2019
f 2038 2019 2023
f 2039 2035 2038
f 2039 2038 2023
f 2039 2023 2027
f 2040 2030 1896
f 2040 1896 2033
f 2041 1921 1916
f 2041 1916 2036
f 2041 2036 2013
f 2042 2044 2043
f 2042 2045 2044
f 2046 2047 2045
f 2046 2045 2042
f 2046 2042 2035
f 2048 2039 2027
f 2049 2047 2046
f 2049 2046 2035
f 2050 2051 2040
f 2050 2052 2051
f 2050 2033 1901
f 2050 2040 2033
f 2053 2054 2047
f 2053 2049 2035
f 2053 2047 2049
f 2055 2056 2054
f 2055 2053 2035
f 2055 2054 2053
f 2057 1927 1921
f 2057 1921 2041
f 2058 1901 1902
f 2058 2050 1901
f 2058 2052 2050
f 2059 2057 2044
f 2059 1927 2057
f 2060 1927 2059
f 2060 2044 2045
f 2060 2059 2044
f 2061 2062 2052
f 2061 2058 1902
f 2061 2052 2058
f 2063 2061 1902
f 2063 2062 2061
f 2064 1927 2060
f 2064 2045 2047
f 2064 1931 1927
f 2064 2060 2045
f 2065 2063 1902
f 2065 2062 2063
f 2065 2066 2062
f 2065 1902 1909
f 2067 2056 2055
f 2068 2064 2047
f 2068 1931 2064
f 2069 1931 2068
f 2069 2047 2054
f 2069 2068 2047
f 2070 2065 1909
f 2070 2066 2065
f 2070 2071 2066
f 2072 1914 1917
f 2072 1917 1919
f 2072 1919 1922
f 2072 1922 1925
f 2073 2070 1909
f 2073 2071 2070
f 2074 1931 2069
f 2074 2069 2054
f 2074 2054 2056
f 2074 1939 1931
f 2075 2051 2052
f 2076 2074 2056
f 2076 1939 2074
f 2077 1909 1914
f 2077 2073 1909
f 2077 2071 2073
f 2078 2076 2056
f 2078 1944 1939
f 2078 1939 2076
f 2079 2052 2062
f 2079 2075 2052
f 2080 2077 1914
f 2080 2071 2077
f 2080 2081 2071
f 2082 2083 2079
f 2082 2079 2062
f 2084 2062 2066
f 2084 2082 2062
f 2084 2083 2082
f 2085 2066 2071
f 2085 2084 2066
f 2085 2083 2084
f 2086 1947 1944
f 2086 1944 2078
f 2087 2089 2088
f 2090 2085 2071
f 2090 2071 2081
f 2091 2080 1914
f 2091 2072 1925
f 2091 2081 2080
f 2091 1914 2072
f 2092 2089 2087
f 2092 2093 2089
f 2094 2092 2083
f 2094 2093 2092
f 2095 2094 2083
f 2095 2093 2094
f 2095 2096 2093
f 2097 2098 2096
f 2097 2095 2083
f 2097 2096 2095
f 2099 2086 2088
f 2099 1947 2086
f 2099 2088 2089
f 2100 1925 1929
f 2100 2091 1925
f 2101 2098 2097
f 2101 2102 2098
f 2103 1950 1947
f 2103 2099 2089
f 2103 1947 2099
f 2104 2105 2100
f 2104 2100 1929
f 2106 2104 1929
f 2106 2107 2105
f 2106 2105 2104
f 2108 2103 2089
f 2108 1950 2103
f 2108 2089 2093
f 2109 1950 2108
f 2109 2108 2093
f 2110 2106 1929
f 2110 2111 2107
f 2110 1929 1933
f 2110 2107 2106
f 2112 1950 2109
f 2112 2109 2093
f 2112 1953 1950
f 2112 2093 2096
f 2113 2110 1933
f 2113 2111 2110
f 2114 2111 2113
f 2114 2115 2111
f 2114 2113 1933
f 2116 2114 1933
f 2116 2117 2115
f 2116 2115 2114
f 2116 1933 1937
f 1843 1942 1838
f 1843 1941 1942
f 2118 2096 2098
f 2118 1953 2112
f 2118 2112 2096
f 2119 2117 2116
f 2119 2116 1937
f 2120 2118 2098
f 2120 1953 2118
f 2121 2117 2119
f 2121 2119 1937
f 2121 1937 1941
f 2122 1941 1843
f 2123 1953 2120
f 2123 1955 1953
f 2123 2120 2098
f 2124 2105 2107
f 2124 2125 2105
f 2126 1765 2117
f 2126 2117 2121
f 2126 2121 1941
f 2127 2124 2107
f 2127 2107 2111
f 2127 2128 2124
f 2129 2098 2102
f 2129 2123 2098
f 2129 1955 2123
f 2130 2127 2111
f 2130 2128 2127
f 2131 2130 2111
f 2131 2128 2130
f 2132 2111 2115
f 2132 2131 2111
f 2132 2115 2117
f 2132 2128 2131
f 2133 2134 2128
f 2133 2132 2117
f 2133 2128 2132
f 2135 2129 2102
f 2135 1959 1955
f 2135 1955 2129
f 2136 2138 2137
f 2136 2137 2139
f 2140 2117 1765
f 2140 2133 2117
f 2140 2134 2133
f 2141 2136 2128
f 2141 2142 2138
f 2141 2138 2136
f 2143 2141 2128
f 2143 2142 2141
f 2144 2143 2128
f 2144 2142 2143
f 2145 2142 2144
f 2145 2146 2142
f 2145 2147 2146
f 2145 2144 2128
f 2148 1962 1959
f 2148 1959 2135
f 2149 2145 2128
f 2149 2147 2145
f 2149 2128 2134
f 2150 1962 2148
f 2150 2148 2137
f 2151 2137 2138
f 2151 1962 2150
f 2151 2150 2137
f 2152 2151 2138
f 2152 2138 2142
f 2152 1964 1962
f 2152 1962 2151
f 2153 1964 2152
f 2153 2152 2142
f 2154 2153 2142
f 2154 1964 2153
f 2154 2142 2146
f 2155 2147 2149
f 2156 1964 2154
f 2156 2154 2146
f 2156 1967 1964
f 2156 2146 2147
f 2157 2156 2147
f 2157 1967 2156
f 2158 2157 2147
f 2158 2147 2155
f 2158 1967 2157
f 2158 1969 1967
f 2159 2158 2155
f 2159 1969 2158
f 2159 2155 1862
f 1780 2159 1862
f 1793 27 28
f 1793 1876 1795
f 1793 28 1876
f 2160 1971 1877
f 2160 1877 1973
f 1725 1973 1729
f 1725 1729 1730
f 1725 2160 1973
f 1735 1729 1986
f 2161 1986 1987
f 2162 2161 1987
f 2162 2163 2161
f 2162 1987 1999
f 2164 2162 1999
f 2164 1997 1821
f 2164 1999 1997
f 2165 1994 1995
f 2165 1991 1994
f 2165 2006 1991
f 2165 2012 2006
f 2166 1995 1989
f 2166 2165 1995
f 2166 2167 2165
f 2168 2166 1989
f 2168 1996 2008
f 2168 1989 1996
f 2168 2032 2166
f 2169 1905 1904
f 2169 1904 1832
f 2170 2011 2032
f 2170 2008 2011
f 2170 2032 2168
f 2170 2168 2008
f 1833 2169 1832
f 2171 2012 2165
f 2171 2165 2167
f 2171 2013 2012
f 2172 2043 2171
f 2172 2042 2043
f 2172 2032 2031
f 2172 2031 2035
f 2172 2035 2042
f 2172 2167 2166
f 2172 2166 2032
f 2172 2171 2167
f 2173 2027 2030
f 2173 2048 2027
f 2174 2171 2043
f 2174 2057 2041
f 2174 2013 2171
f 2174 2041 2013
f 2175 2048 2173
f 2175 2040 2051
f 2175 2030 2040
f 2175 2173 2030
f 2176 2043 2044
f 2176 2057 2174
f 2176 2174 2043
f 2176 2044 2057
f 2177 2067 2055
f 2177 2035 2039
f 2177 2055 2035
f 2177 2039 2048
f 2178 2175 2051
f 2178 2179 2177
f 2178 2177 2048
f 2178 2048 2175
f 2178 2051 2075
f 2180 2078 2056
f 2180 2056 2067
f 2181 2078 2180
f 2181 2180 2067
f 2181 2088 2086
f 2181 2086 2078
f 2182 2177 2179
f 2182 2088 2181
f 2182 2181 2067
f 2182 2067 2177
f 2182 2087 2088
f 2183 2083 2092
f 2183 2179 2178
f 2183 2178 2075
f 2183 2087 2182
f 2183 2079 2083
f 2183 2182 2179
f 2183 2075 2079
f 2183 2092 2087
f 2184 2083 2085
f 2184 2085 2090
f 2184 2097 2083
f 2184 2101 2097
f 2185 2186 2184
f 2185 2184 2090
f 2185 2090 2081
f 2187 2105 2125
f 2187 2125 2185
f 2187 2185 2081
f 2187 2100 2105
f 2187 2081 2091
f 2187 2091 2100
f 1837 1838 1942
f 1837 1942 40
f 2188 2184 2186
f 2188 2102 2101
f 2188 2101 2184
f 2189 2186 2185
f 2189 2188 2186
f 2189 2185 2125
f 2189 2125 2124
f 2189 2139 2188
f 2189 2128 2136
f 2189 2124 2128
f 2189 2136 2139
f 2190 1941 2122
f 2190 2126 1941
f 1762 2126 2190
f 1762 1765 2126
f 2191 2148 2135
f 2191 2135 2102
f 2191 2102 2188
f 2191 2188 2139
f 2191 2137 2148
f 2191 2139 2137
f 1769 1765 1762
f 1773 2140 1765
f 2192 2134 2140
f 2193 2149 2134
f 2193 2134 2192
f 2194 1862 2155
f 2194 2149 2193
f 2194 2155 2149
f 2195 2193 2192
f 2196 1873 1970
f 2196 1970 1969
f 1872 1873 2196
f 1801 1795 1800
f 1806 1800 1971
f 2197 1971 2160
f 1813 2161 2163
f 1815 2163 2162
f 1815 2162 2164
f 1826 2164 1821
f 1826 1815 2164
f 1826 1822 1815
f 1828 1821 1745
f 1751 1745 2005
f 1751 2005 1905
f 1751 1905 2169
f 2198 1711 27
f 2198 1904 1711
f 2198 1832 1904
f 1842 1843 1838
f 1758 2122 1843
f 2199 2190 2122
f 1851 2195 2192
f 1855 2194 2193
f 1855 2193 2195
f 1861 2194 1855
f 1861 1862 2194
f 1860 1861 1855
f 1868 1780 1862
f 1786 1969 2159
f 1786 2159 1780
f 1786 2196 1969
f 2200 1970 1873
f 2200 13 1723
f 2200 1723 1970
f 1794 27 1793
f 2201 1806 1971
f 2201 1971 2197
f 1726 2201 2197
f 1726 2160 1725
f 1726 2197 2160
f 1731 1725 1730
f 1736 1729 1735
f 1736 1737 1729
f 1742 1986 2161
f 1742 1735 1986
f 1809 1742 2161
f 1809 2161 1813
f 1749 1745 1751
f 1754 1751 2169
f 1754 2169 1833
f 1834 1754 1833
f 1836 1837 40
f 2202 2122 1758
f 2202 2199 2122
f 1760 2199 2202
f 1760 2190 2199
f 1760 1762 2190
f 1768 1769 1762
f 1775 1773 1765
f 1772 1775 1765
f 1777 2140 1773
f 1777 2192 2140
f 1850 1851 2192
f 1850 2192 1777
f 1785 1786 1780
f 1789 2196 1786
f 1789 1872 2196
f 1871 1872 1789
f 1802 1795 1801
f 1804 1800 1806
f 2203 1806 2201
f 2203 2201 1726
f 1810 1742 1809
f 1816 1813 2163
f 1816 2163 1815
f 1823 1815 1822
f 1823 1824 1815
f 1829 1821 1828
f 1747 1745 1749
f 2204 1832 2198
f 2204 2198 27
f 1841 1842 1838
f 1846 1758 1843
f 2205 2202 1758
f 2205 1760 2202
f 1852 1850 1777
f 1858 2195 1851
f 1858 1855 2195
f 1863 1860 1855
f 1864 1863 1855
f 1869 1868 1862
f 1784 1785 1780
f 2206 13 2200
f 2206 2200 1873
f 1796 27 1794
f 2207 1806 2203
f 2207 2203 1726
f 1727 1725 1731
f 1739 1729 1737
f 1739 1733 1729
f 1738 1735 1742
f 1811 1742 1810
f 1748 1745 1747
f 1750 1751 1754
f 1753 1754 1834
f 1756 1836 40
f 2208 1760 2205
f 2208 2205 1758
f 1763 1768 1762
f 1771 1772 1765
f 1766 1771 1765
f 1774 1777 1773
f 1849 1852 1777
f 1783 1784 1780
f 1787 1789 1786
f 1790 1871 1789
f 1797 1795 1802
f 1799 1800 1804
f 2209 1806 2207
f 2209 2207 1726
f 1741 1742 1811
f 1812 1813 1816
f 1825 1818 1815
f 1825 1815 1824
f 1820 1821 1829
f 1744 1745 1748
f 1831 2204 27
f 1831 1832 2204
f 1839 1841 1838
f 1844 1846 1843
f 1759 1760 2208
f 1759 2208 1758
f 1778 1849 1777
f 1853 1858 1851
f 1865 1864 1855
f 1856 1865 1855
f 1866 1869 1862
f 1781 1783 1780
f 1874 13 2206
f 1874 2206 1873
f 1792 27 1796
f 1805 2209 1726
f 1805 1806 2209
f 2215 2216 138
f 2215 2217 2216
f 2218 138 139
f 2218 2215 138
f 2218 2219 2217
f 2218 2217 2215
f 2220 2219 2218
f 2220 2221 2219
f 2220 2218 139
f 2222 2221 2220
f 2222 2220 139
f 2223 2221 2222
f 2223 2222 139
f 2223 139 140
f 2223 2224 2221
f 2225 2224 2223
f 2225 2223 140
f 2226 2224 2225
f 2226 2225 140
f 2226 2227 2224
f 2228 140 141
f 2228 2227 2226
f 2228 2226 140
f 2228 2229 2227
f 2230 2228 141
f 2230 2229 2228
f 2231 2230 141
f 2231 2229 2230
f 2231 2232 2229
f 2233 141 142
f 2233 2231 141
f 2233 2232 2231
f 2233 2234 2232
f 2235 2233 142
f 2235 2234 2233
f 2236 2235 142
f 2237 2210 2238
f 2237 2238 2239
f 2240 2237 2239
f 2240 2211 2210
f 2240 2210 2237
f 2240 2239 2241
f 2242 2240 2241
f 2242 2211 2240
f 2242 2241 2243
f 2244 2211 2242
f 2244 2242 2243
f 2245 2212 2211
f 2245 2211 2244
f 2245 2244 2243
f 2245 2243 2246
f 2247 2212 2245
f 2247 2245 2246
f 2248 2212 2247
f 2248 2247 2246
f 2248 2246 2249
f 2250 2213 2212
f 2250 2212 2248
f 2250 2248 2249
f 2250 2249 2251
f 2252 2213 2250
f 2252 2250 2251
f 2253 2213 2252
f 2253 2252 2251
f 2253 2251 2254
f 2255 2214 2213
f 2255 2213 2253
f 2255 2253 2254
f 2255 2254 2256
f 2257 2214 2255
f 2257 2255 2256
f 2258 2214 2257
f 2259 2217 2260
f 2259 2216 2217
f 2261 2263 2262
f 2261 2264 2263
f 2261 2260 2217
f 2261 2262 2260
f 2265 2264 2261
f 2265 2261 2217
f 2266 2267 2264
f 2266 2264 2265
f 2266 2265 2217
f 2268 2267 2266
f 2268 2217 2219
f 2268 2269 2267
f 2268 2266 2217
f 2270 2219 2221
f 2270 2268 2219
f 2270 2269 2268
f 2271 2272 2263
f 2271 2263 2264
f 2271 2274 2273
f 2271 2273 2272
f 2275 2270 2221
f 2275 2276 2269
f 2275 2269 2270
f 2277 2271 2264
f 2277 2274 2271
f 2278 2275 2221
f 2278 2276 2275
f 2279 2264 2267
f 2279 2277 2264
f 2279 2274 2277
f 2280 2281 2276
f 2280 2221 2224
f 2280 2276 2278
f 2280 2278 2221
f 2282 2280 2224
f 2282 2281 2280
f 2283 2284 2281
f 2283 2281 2282
f 2283 2282 2224
f 2285 2267 2269
f 2285 2279 2267
f 2286 2284 2283
f 2286 2283 2224
f 2286 2224 2227
f 2286 2287 2284
f 2288 2290 2289
f 2288 2291 2290
f 2292 2291 2288
f 2292 2288 2274
f 2293 2269 2276
f 2293 2285 2269
f 2294 2287 2286
f 2294 2286 2227
f 2295 2293 2276
f 2295 2296 2293
f 2297 2292 2274
f 2297 2291 2292
f 2297 2298 2291
f 2299 2289 2290
f 2300 2295 2276
f 2300 2276 2281
f 2300 2296 2295
f 2301 2287 2294
f 2301 2227 2229
f 2301 2302 2287
f 2301 2294 2227
f 2303 2296 2300
f 2303 2300 2281
f 2303 2281 2284
f 2304 2301 2229
f 2304 2302 2301
f 2305 2304 2229
f 2305 2302 2304
f 2305 2306 2302
f 2307 2309 2308
f 2310 2305 2229
f 2310 2229 2232
f 2310 2306 2305
f 2310 2311 2306
f 2312 2298 2297
f 2312 2313 2298
f 2314 2310 2232
f 2314 2311 2310
f 2315 2307 2299
f 2315 2309 2307
f 2315 2299 2290
f 2316 2234 2235
f 2316 2235 2236
f 2317 2303 2284
f 2317 2284 2287
f 2318 2232 2234
f 2318 2314 2232
f 2318 2311 2314
f 2319 2290 2291
f 2319 2239 2309
f 2319 2315 2290
f 2319 2309 2315
f 2320 2321 2313
f 2320 2313 2312
f 2322 2319 2291
f 2322 2239 2319
f 2323 2234 2316
f 2324 2320 2296
f 2324 2321 2320
f 2325 2291 2298
f 2325 2322 2291
f 2325 2239 2322
f 2326 2327 2321
f 2326 2324 2296
f 2326 2321 2324
f 2328 2287 2302
f 2328 2317 2287
f 2329 2328 2302
f 2329 2330 2328
f 2331 2327 2326
f 2331 2332 2327
f 2331 2326 2296
f 2333 2318 2234
f 2333 2311 2318
f 2333 2234 2323
f 2333 2334 2311
f 2335 2302 2306
f 2335 2329 2302
f 2335 2330 2329
f 2336 2239 2325
f 2336 2241 2239
f 2336 2298 2313
f 2336 2325 2298
f 2337 2330 2335
f 2337 2335 2306
f 2337 2306 2311
f 2338 2336 2313
f 2338 2243 2241
f 2338 2241 2336
f 2339 2332 2331
f 2339 2340 2332
f 2341 2342 2330
f 2341 2330 2337
f 2341 2337 2311
f 2343 2338 2313
f 2343 2243 2338
f 2343 2313 2321
f 2344 2343 2321
f 2344 2243 2343
f 2345 2344 2321
f 2345 2243 2344
f 2345 2246 2243
f 2345 2321 2327
f 2346 2347 2340
f 2346 2340 2339
f 2348 2347 2346
f 2348 2346 2330
f 2349 2246 2345
f 2349 2345 2327
f 2350 2342 2341
f 2350 2341 2311
f 2350 2311 2334
f 2351 2352 2347
f 2351 2347 2348
f 2351 2348 2330
f 2353 2349 2327
f 2353 2246 2349
f 2353 2327 2332
f 2354 2355 2352
f 2354 2351 2330
f 2354 2352 2351
f 2356 2246 2353
f 2356 2353 2332
f 2356 2249 2246
f 2356 2332 2340
f 2357 2330 2342
f 2357 2354 2330
f 2357 2355 2354
f 2358 2356 2340
f 2358 2249 2356
f 2359 2340 2347
f 2359 2358 2340
f 2359 2249 2358
f 2359 2251 2249
f 2360 2359 2347
f 2360 2251 2359
f 2361 2347 2352
f 2361 2360 2347
f 2361 2251 2360
f 2362 2352 2355
f 2362 2361 2352
f 2362 2251 2361
f 2362 2254 2251
f 2363 2355 2357
f 2364 2362 2355
f 2364 2254 2362
f 2365 2256 2254
f 2365 2355 2363
f 2365 2364 2355
f 2365 2254 2364
f 2366 2256 2365
f 2366 2365 2363
f 2366 2363 2367
f 2368 2366 2367
f 2369 2216 2370
f 2371 2372 2260
f 2371 2260 2262
f 2371 2262 2373
f 2374 2371 2373
f 2375 2374 2373
f 2375 2262 2263
f 2375 2263 2376
f 2375 2373 2262
f 2377 2288 2289
f 2377 2378 2273
f 2377 2273 2274
f 2377 2274 2288
f 2379 2377 2289
f 2380 142 133
f 2380 2236 142
f 2381 2279 2285
f 2381 2297 2274
f 2381 2285 2293
f 2381 2293 2296
f 2381 2312 2297
f 2381 2320 2312
f 2381 2296 2320
f 2381 2274 2279
f 2382 2309 2239
f 2382 2239 2238
f 2383 2330 2346
f 2383 2331 2296
f 2383 2339 2331
f 2383 2346 2339
f 2383 2296 2303
f 2383 2303 2317
f 2383 2317 2328
f 2383 2328 2330
f 2384 2333 2323
f 2385 2334 2333
f 2385 2333 2384
f 2386 2382 2238
f 2386 2238 2387
f 2388 2334 2385
f 2389 2350 2334
f 2390 2342 2350
f 2390 2350 2389
f 2391 2342 2390
f 2392 2357 2342
f 2392 2342 2391
f 2392 2367 2363
f 2392 2363 2357
f 2393 2391 2390
f 2394 2257 2256
f 2394 2258 2257
f 2395 2258 2394
f 2396 2216 2259
f 2396 2370 2216
f 2397 2260 2372
f 2397 2259 2260
f 2398 2372 2371
f 2399 2263 2272
f 2399 2376 2263
f 2399 2272 2400
f 2401 2399 2400
f 2402 2378 2377
f 2402 2377 2403
f 2404 2379 2289
f 2404 2289 2299
f 2404 2299 2405
f 2404 2406 2379
f 2407 2307 2308
f 2408 2316 2236
f 2409 2309 2382
f 2410 2323 2316
f 2411 2384 2323
f 2412 2210 137
f 2412 2387 2238
f 2412 2238 2210
f 2413 2393 2390
f 2414 2392 2391
f 2414 2391 2393
f 2415 2392 2414
f 2415 2367 2392
f 2416 2415 2414
f 2417 2368 2367
f 2418 2256 2366
f 2418 2366 2368
f 2418 2394 2256
f 2419 133 2214
f 2419 2214 2258
f 2420 2216 2369
f 2421 2372 2398
f 2422 2371 2374
f 2422 2421 2398
f 2422 2398 2371
f 2423 2374 2375
f 2424 2425 2399
f 2424 2399 2401
f 2426 2273 2378
f 2426 2272 2273
f 2426 2400 2272
f 2427 2378 2402
f 2428 2380 133
f 2429 2309 2409
f 2430 2323 2410
f 2430 2411 2323
f 2431 2382 2386
f 2431 2432 2382
f 2433 2411 2430
f 2433 2384 2411
f 2433 2385 2384
f 2434 2388 2385
f 2434 2385 2433
f 2435 2389 2334
f 2436 2435 2334
f 2437 2390 2389
f 2438 2413 2390
f 2438 2390 2437
f 2439 2418 2368
f 2440 2394 2418
f 2440 2395 2394
f 2441 2395 2440
f 2442 2370 2396
f 2443 2259 2397
f 2444 2372 2421
f 2444 2421 2422
f 2445 2378 2427
f 2446 2403 2377
f 2446 2377 2379
f 2447 2448 2379
f 2447 2379 2406
f 2449 2299 2307
f 2449 2307 2407
f 2450 2408 2236
f 2451 2309 2429
f 2452 2410 2316
f 2453 2430 2410
f 2453 2433 2430
f 2454 2387 2412
f 2454 2412 137
f 2455 2438 2437
f 2456 2393 2413
f 2456 2414 2393
f 2457 2416 2414
f 2458 2457 2414
f 2459 2367 2415
f 2459 2417 2367
f 2460 2439 2368
f 2461 2419 2258
f 2461 133 2419
f 2462 138 2216
f 2462 2216 2420
f 2463 2444 2422
f 2463 2372 2444
f 2464 2374 2423
f 2465 2399 2425
f 2465 2466 2399
f 2467 2400 2426
f 2467 2401 2400
f 2468 2378 2445
f 2469 2428 133
f 2470 2309 2451
f 2471 2382 2432
f 2472 2433 2453
f 2472 2453 2410
f 2473 2432 2431
f 2474 2434 2433
f 2475 2436 2334
f 2476 2475 2334
f 2477 2437 2389
f 2478 2455 2437
f 2479 2460 2368
f 2480 2440 2418
f 2481 2441 2440
f 2482 2369 2370
f 2482 2370 2442
f 2482 2462 2420
f 2482 2420 2369
f 2483 2259 2443
f 2484 2372 2463
f 2484 2463 2422
f 2485 2378 2468
f 2486 2403 2446
f 2487 2488 2379
f 2487 2379 2448
f 2489 2448 2447
f 2489 2447 2406
f 2489 2488 2487
f 2489 2487 2448
f 2489 2299 2449
f 2489 2405 2299
f 2489 2404 2405
f 2489 2406 2404
f 2490 2450 2236
f 2491 2309 2470
f 2492 2452 2316
f 2493 2433 2472
f 2493 2472 2410
f 2494 2431 2386
f 2494 2387 2454
f 2494 2454 137
f 2494 2386 2387
f 2494 2473 2431
f 2495 2478 2437
f 2496 2456 2413
f 2497 2458 2414
f 2498 2497 2414
f 2499 2459 2415
f 2500 2479 2368
f 2501 2461 2258
f 2501 133 2461
f 2502 138 2462
f 2502 137 138
f 2502 2462 2482
f 2503 2484 2422
f 2503 2372 2484
f 2504 2374 2464
f 2504 2422 2374
f 2505 2375 2376
f 2505 2423 2375
f 2505 2464 2423
f 2505 2376 2399
f 2505 2504 2464
f 2506 2399 2466
f 2506 2505 2399
f 2507 2465 2425
f 2507 2425 2424
f 2507 2424 2401
f 2507 2466 2465
f 2507 2401 2467
f 2507 2506 2466
f 2507 2505 2506
f 2508 2378 2485
f 2509 2469 133
f 2510 2309 2491
f 2511 2470 2451
f 2511 2451 2429
f 2511 2510 2491
f 2511 2409 2382
f 2511 2429 2409
f 2511 2491 2470
f 2511 2382 2471
f 2512 2493 2410
f 2512 2433 2493
f 2513 2471 2432
f 2513 2511 2471
f 2513 2432 2473
f 2513 2473 2494
f 2513 2494 137
f 2514 2474 2433
f 2515 2476 2334
f 2516 2388 2434
f 2516 2474 2514
f 2516 2434 2474
f 2516 2515 2334
f 2516 2334 2388
f 2517 2436 2475
f 2517 2477 2389
f 2517 2476 2515
f 2517 2475 2476
f 2517 2389 2435
f 2517 2435 2436
f 2517 2515 2516
f 2518 2495 2437
f 2519 2500 2368
f 2520 2480 2418
f 2520 2500 2519
f 2520 2418 2439
f 2520 2460 2479
f 2520 2479 2500
f 2520 2439 2460
f 2521 2481 2440
f 2521 2440 2480
f 2521 2480 2520
f 2522 2442 2396
f 2522 2482 2442
f 2522 2259 2483
f 2522 2396 2259
f 2522 137 2502
f 2522 2502 2482
f 2522 2504 137
f 2523 2443 2397
f 2523 2483 2443
f 2523 2503 2422
f 2523 2504 2522
f 2523 2422 2504
f 2523 2522 2483
f 2523 2397 2372
f 2523 2372 2503
f 2524 2505 2507
f 2524 2426 2378
f 2524 2467 2426
f 2524 2378 2508
f 2524 2504 2505
f 2524 2507 2467
f 2525 2485 2468
f 2525 2403 2486
f 2525 2524 2508
f 2525 2445 2427
f 2525 2427 2402
f 2525 2468 2445
f 2525 2402 2403
f 2525 2508 2485
f 2526 137 137
f 2526 2486 2446
f 2526 2513 137
f 2526 2446 2379
f 2526 2525 2486
f 2526 2504 2524
f 2526 2524 2525
f 2526 137 2504
f 2527 2379 2488
f 2527 2488 2489
f 2527 2489 2526
f 2527 2526 2379
f 2528 2469 2509
f 2528 2236 2380
f 2528 2380 2428
f 2528 2428 2469
f 2528 2490 2236
f 2528 2509 133
f 2529 2309 2510
f 2529 2489 2449
f 2529 2513 2526
f 2529 2449 2407
f 2529 2526 2489
f 2529 2308 2309
f 2529 2510 2511
f 2529 2511 2513
f 2529 2407 2308
f 2530 2316 2408
f 2530 2528 2514
f 2530 2450 2490
f 2530 2492 2316
f 2530 2408 2450
f 2530 2490 2528
f 2531 2433 2512
f 2531 2512 2410
f 2531 2530 2514
f 2531 2514 2433
f 2531 2452 2492
f 2531 2492 2530
f 2531 2410 2452
f 2532 2518 2437
f 2532 2517 2516
f 2532 2516 2514
f 2532 2437 2477
f 2532 2477 2517
f 2533 2518 2532
f 2533 2438 2455
f 2533 2478 2495
f 2533 2495 2518
f 2533 2496 2413
f 2533 2455 2478
f 2533 2413 2438
f 2534 2498 2414
f 2535 2533 2532
f 2535 2456 2496
f 2535 2534 2414
f 2535 2532 2514
f 2535 2496 2533
f 2535 2414 2456
f 2536 2514 2528
f 2536 133 133
f 2536 2534 2535
f 2536 2528 133
f 2536 2457 2458
f 2536 2458 2497
f 2536 2416 2457
f 2536 2415 2416
f 2536 2497 2498
f 2536 2535 2514
f 2536 2498 2534
f 2536 2499 2415
f 2537 2499 2536
f 2537 2521 2520
f 2537 2368 2417
f 2537 2417 2459
f 2537 2459 2499
f 2537 2519 2368
f 2537 2536 2521
f 2537 2520 2519
f 2538 2441 2481
f 2538 2501 2258
f 2538 2258 2395
f 2538 2481 2521
f 2538 2521 2536
f 2538 133 2501
f 2538 2536 133
f 2538 2395 2441
f 2555 2556 42
f 2557 2558 2555
f 2557 2555 42
f 2557 42 43
f 2557 2559 2558
f 2560 2557 43
f 2560 2559 2557
f 2560 2561 2559
f 2562 2560 43
f 2562 2561 2560
f 2563 2561 2562
f 2563 2562 43
f 2563 43 44
f 2563 2564 2561
f 2565 2564 2563
f 2565 2563 44
f 2565 2566 2564
f 2567 2565 44
f 2567 2566 2565
f 2568 44 45
f 2568 2567 44
f 2569 45 46
f 2569 2568 45
f 2570 2571 2569
f 2570 2569 46
f 2572 2573 2571
f 2572 46 47
f 2572 2571 2570
f 2572 2570 46
f 2574 2572 47
f 2574 2573 2572
f 2574 2575 2573
f 2576 2574 47
f 2576 2575 2574
f 2577 47 48
f 2577 2576 47
f 2577 2575 2576
f 2577 2578 2575
f 2579 2580 2578
f 2579 2577 48
f 2579 2578 2577
f 2581 2579 48
f 2581 2580 2579
f 2582 48 49
f 2582 2581 48
f 2583 2539 2584
f 2585 2540 2539
f 2585 2583 2586
f 2585 2586 2587
f 2585 2539 2583
f 2588 49 50
f 2588 2582 49
f 2589 2540 2585
f 2589 2585 2587
f 2589 2587 2590
f 2591 2540 2589
f 2591 2589 2590
f 2592 2593 2588
f 2592 2588 50
f 2594 2541 2540
f 2594 2590 2595
f 2594 2540 2591
f 2594 2591 2590
f 2596 50 51
f 2596 2597 2593
f 2596 2592 50
f 2596 2593 2592
f 2598 2594 2595
f 2598 2595 2599
f 2598 2541 2594
f 2600 2596 51
f 2600 2597 2596
f 2600 2601 2597
f 2602 2541 2598
f 2602 2598 2599
f 2603 2600 51
f 2603 2601 2600
f 2604 51 52
f 2604 2603 51
f 2604 2605 2601
f 2604 2601 2603
f 2606 2542 2541
f 2606 2541 2602
f 2606 2602 2599
f 2607 2604 52
f 2607 2608 2605
f 2607 2605 2604
f 2609 2607 52
f 2609 2608 2607
f 2610 2543 2542
f 2610 2542 2606
f 2611 52 53
f 2611 2609 52
f 2612 2543 2610
f 2613 2544 2543
f 2613 2615 2614
f 2613 2543 2612
f 2613 2612 2615
f 2616 53 54
f 2616 2611 53
f 2617 2613 2614
f 2617 2614 2618
f 2617 2544 2613
f 2619 2617 2618
f 2619 2544 2617
f 2620 2621 2616
f 2620 2616 54
f 2622 2545 2544
f 2622 2544 2619
f 2622 2618 2623
f 2622 2619 2618
f 2624 2620 54
f 2624 54 55
f 2624 2621 2620
f 2624 2625 2621
f 2626 2545 2622
f 2626 2622 2623
f 2626 2623 2627
f 2628 2625 2624
f 2628 2624 55
f 2628 2629 2625
f 2630 2545 2626
f 2630 2626 2627
f 2631 2629 2628
f 2631 2628 55
f 2632 55 56
f 2632 2631 55
f 2632 2633 2629
f 2632 2629 2631
f 2634 2546 2545
f 2634 2545 2630
f 2634 2630 2627
f 2635 2632 56
f 2635 2633 2632
f 2635 2636 2633
f 2637 2635 56
f 2637 2636 2635
f 2638 56 57
f 2638 2637 56
f 2638 2636 2637
f 2638 2639 2636
f 2640 2547 2546
f 2640 2546 2634
f 2641 2638 57
f 2641 2639 2638
f 2642 2547 2640
f 2643 2641 57
f 2644 2548 2547
f 2644 2646 2645
f 2644 2547 2642
f 2644 2642 2646
f 2647 2644 2645
f 2647 2645 2648
f 2647 2548 2644
f 2649 2647 2648
f 2649 2548 2647
f 2650 2649 2648
f 2650 2549 2548
f 2650 2648 2651
f 2650 2548 2649
f 2652 2549 2650
f 2652 2650 2651
f 2652 2651 2653
f 2654 2549 2652
f 2654 2652 2653
f 2655 2549 2654
f 2655 2550 2549
f 2655 2654 2653
f 2656 2551 2550
f 2656 2550 2655
f 2657 2551 2656
f 2658 2552 2551
f 2658 2551 2657
f 2658 2657 2659
f 2658 2659 2660
f 2661 2658 2660
f 2661 2552 2658
f 2661 2660 2662
f 2663 2552 2661
f 2663 2661 2662
f 2664 2553 2552
f 2664 2552 2663
f 2664 2663 2662
f 2664 2662 2665
f 2666 2553 2664
f 2666 2664 2665
f 2666 2665 2667
f 2668 2666 2667
f 2668 2553 2666
f 2669 2667 2670
f 2669 2554 2553
f 2669 2668 2667
f 2669 2553 2668
f 2671 2669 2670
f 2671 2554 2669
f 2672 2554 2671
f 2673 2555 2558
f 2673 2556 2555
f 2674 2673 2558
f 2675 2674 2558
f 2676 2678 2677
f 2676 2558 2559
f 2676 2677 2675
f 2676 2675 2558
f 2679 2678 2676
f 2679 2676 2559
f 2680 2679 2559
f 2680 2678 2679
f 2680 2559 2561
f 2680 2681 2678
f 2682 2680 2561
f 2682 2683 2681
f 2682 2681 2680
f 2684 2682 2561
f 2684 2683 2682
f 2685 2683 2684
f 2685 2684 2561
f 2685 2686 2683
f 2685 2561 2564
f 2687 2685 2564
f 2687 2688 2686
f 2687 2686 2685
f 2689 2690 2677
f 2689 2677 2678
f 2689 2691 2690
f 2692 2687 2564
f 2692 2688 2687
f 2693 2566 2567
f 2693 2567 2568
f 2693 2569 2571
f 2693 2568 2569
f 2694 2692 2564
f 2694 2688 2692
f 2694 2564 2566
f 2695 2691 2689
f 2695 2696 2691
f 2695 2689 2678
f 2695 2678 2681
f 2697 2681 2683
f 2697 2695 2681
f 2697 2696 2695
f 2698 2697 2683
f 2698 2696 2697
f 2699 2688 2694
f 2699 2694 2566
f 2699 2566 2693
f 2699 2700 2688
f 2701 2698 2683
f 2701 2696 2698
f 2701 2683 2686
f 2702 2701 2686
f 2702 2686 2688
f 2702 2696 2701
f 2703 2705 2704
f 2706 2702 2688
f 2706 2688 2700
f 2707 2691 2696
f 2707 2704 2705
f 2707 2705 2691
f 2707 2708 2704
f 2709 2711 2710
f 2709 2710 2703
f 2712 2707 2696
f 2712 2713 2708
f 2712 2708 2707
f 2714 2712 2696
f 2714 2713 2712
f 2715 2693 2571
f 2715 2700 2699
f 2715 2699 2693
f 2716 2713 2714
f 2716 2717 2713
f 2716 2714 2696
f 2718 2716 2696
f 2718 2717 2716
f 2718 2719 2717
f 2720 2709 2703
f 2720 2703 2704
f 2720 2587 2586
f 2720 2586 2709
f 2721 2587 2720
f 2721 2720 2704
f 2722 2590 2587
f 2722 2587 2721
f 2722 2704 2708
f 2722 2721 2704
f 2723 2724 2719
f 2723 2719 2718
f 2725 2708 2713
f 2725 2590 2722
f 2725 2722 2708
f 2726 2571 2573
f 2726 2715 2571
f 2727 2725 2713
f 2727 2590 2725
f 2728 2595 2590
f 2728 2713 2717
f 2728 2727 2713
f 2728 2590 2727
f 2729 2726 2573
f 2729 2730 2726
f 2731 2729 2573
f 2731 2732 2730
f 2731 2730 2729
f 2731 2573 2575
f 2733 2595 2728
f 2733 2728 2717
f 2733 2717 2719
f 2734 2595 2733
f 2734 2733 2719
f 2735 2736 2732
f 2735 2732 2731
f 2735 2731 2575
f 2737 2736 2735
f 2737 2735 2575
f 2738 2595 2734
f 2738 2734 2719
f 2738 2599 2595
f 2739 2740 2736
f 2739 2736 2737
f 2739 2737 2575
f 2739 2575 2578
f 2741 2740 2739
f 2741 2739 2578
f 2741 2742 2740
f 2743 2742 2741
f 2743 2741 2578
f 2744 2581 2582
f 2744 2582 2588
f 2744 2580 2581
f 2745 2599 2738
f 2745 2738 2719
f 2745 2719 2724
f 2746 2578 2580
f 2746 2743 2578
f 2746 2742 2743
f 2747 2748 2732
f 2747 2732 2736
f 2747 2749 2748
f 2750 2747 2736
f 2750 2749 2747
f 2751 2748 2749
f 2752 2753 2742
f 2752 2746 2580
f 2752 2742 2746
f 2754 2736 2740
f 2754 2750 2736
f 2754 2749 2750
f 2755 2754 2740
f 2755 2740 2742
f 2755 2749 2754
f 2756 2745 2724
f 2757 2742 2753
f 2757 2755 2742
f 2758 2751 2749
f 2759 2760 2758
f 2759 2758 2749
f 2759 2761 2760
f 2762 2753 2752
f 2763 2759 2749
f 2763 2761 2759
f 2764 2765 2761
f 2764 2761 2763
f 2764 2763 2749
f 2766 2767 2765
f 2766 2765 2764
f 2766 2764 2749
f 2768 2614 2615
f 2768 2615 2756
f 2769 2768 2770
f 2769 2614 2768
f 2771 2618 2614
f 2771 2770 2760
f 2771 2614 2769
f 2771 2769 2770
f 2772 2773 2767
f 2772 2767 2766
f 2774 2771 2760
f 2774 2618 2771
f 2774 2760 2761
f 2775 2593 2597
f 2775 2762 2593
f 2776 2774 2761
f 2776 2618 2774
f 2777 2776 2761
f 2777 2623 2618
f 2777 2618 2776
f 2777 2761 2765
f 2778 2779 2775
f 2778 2775 2597
f 2780 2781 2779
f 2780 2779 2778
f 2780 2778 2597
f 2780 2597 2601
f 2782 2777 2765
f 2782 2765 2767
f 2782 2623 2777
f 2783 2782 2767
f 2783 2623 2782
f 2784 2785 2781
f 2784 2780 2601
f 2784 2781 2780
f 2786 2785 2784
f 2786 2784 2601
f 2787 2783 2767
f 2787 2623 2783
f 2787 2627 2623
f 2788 2789 2785
f 2788 2785 2786
f 2788 2786 2601
f 2788 2601 2605
f 2790 2791 2789
f 2790 2789 2788
f 2790 2788 2605
f 2792 2790 2605
f 2792 2791 2790
f 2793 2611 2616
f 2793 2608 2609
f 2793 2609 2611
f 2794 2767 2773
f 2794 2787 2767
f 2794 2627 2787
f 2795 2605 2608
f 2795 2791 2792
f 2795 2792 2605
f 2796 2781 2785
f 2796 2798 2797
f 2796 2797 2781
f 2799 2796 2785
f 2799 2798 2796
f 2800 2797 2798
f 2801 2802 2791
f 2801 2791 2795
f 2801 2795 2608
f 2803 2785 2789
f 2803 2799 2785
f 2803 2798 2799
f 2804 2789 2791
f 2804 2803 2789
f 2804 2798 2803
f 2805 2794 2773
f 2806 2791 2802
f 2806 2804 2791
f 2807 2800 2798
f 2808 2810 2809
f 2808 2809 2807
f 2808 2807 2798
f 2811 2802 2801
f 2812 2810 2808
f 2812 2808 2798
f 2813 2810 2812
f 2813 2814 2810
f 2813 2812 2798
f 2815 2814 2813
f 2815 2813 2798
f 2815 2816 2814
f 2817 2646 2805
f 2817 2645 2646
f 2818 2645 2817
f 2818 2817 2819
f 2820 2645 2818
f 2820 2819 2809
f 2820 2818 2819
f 2820 2648 2645
f 2821 2816 2815
f 2821 2822 2816
f 2823 2820 2809
f 2823 2648 2820
f 2823 2809 2810
f 2824 2621 2625
f 2824 2811 2621
f 2825 2648 2823
f 2825 2823 2810
f 2826 2648 2825
f 2826 2825 2810
f 2826 2651 2648
f 2826 2810 2814
f 2827 2828 2824
f 2827 2824 2625
f 2829 2827 2625
f 2829 2828 2827
f 2829 2625 2629
f 2829 2830 2828
f 2831 2826 2814
f 2831 2651 2826
f 2831 2814 2816
f 2832 2831 2816
f 2832 2651 2831
f 2833 2834 2830
f 2833 2830 2829
f 2833 2829 2629
f 2835 2834 2833
f 2835 2833 2629
f 2836 2832 2816
f 2836 2651 2832
f 2836 2653 2651
f 2837 2838 2834
f 2837 2834 2835
f 2837 2835 2629
f 2837 2629 2633
f 2839 2838 2837
f 2839 2840 2838
f 2839 2837 2633
f 2841 2840 2839
f 2841 2839 2633
f 2842 2843 2840
f 2842 2840 2841
f 2842 2841 2633
f 2842 2633 2636
f 2844 2836 2816
f 2844 2653 2836
f 2844 2816 2822
f 2845 2843 2842
f 2845 2842 2636
f 2846 2639 2641
f 2846 2641 2643
f 2847 2843 2845
f 2847 2845 2636
f 2847 2636 2639
f 2848 2849 2830
f 2848 2830 2834
f 2848 2850 2849
f 2851 2639 2846
f 2852 2848 2834
f 2852 2850 2848
f 2853 2849 2850
f 2854 2834 2838
f 2854 2852 2834
f 2854 2850 2852
f 2855 2856 2843
f 2855 2847 2639
f 2855 2843 2847
f 2855 2639 2851
f 2857 2850 2854
f 2857 2854 2838
f 2858 2857 2838
f 2858 2838 2840
f 2858 2840 2843
f 2858 2850 2857
f 2859 2844 2822
f 2860 2858 2843
f 2860 2850 2858
f 2860 2861 2850
f 2862 2853 2850
f 2863 2862 2850
f 2863 2864 2862
f 2863 2865 2864
f 2866 2863 2850
f 2866 2865 2863
f 2867 2866 2850
f 2867 2865 2866
f 2867 2868 2865
f 2869 2860 2843
f 2869 2861 2860
f 2869 2843 2856
f 2870 2868 2867
f 2870 2867 2850
f 2871 2659 2859
f 2871 2660 2659
f 2872 2868 2870
f 2872 2870 2850
f 2872 2873 2868
f 2872 2874 2873
f 2875 2871 2876
f 2875 2660 2871
f 2877 2876 2864
f 2877 2660 2875
f 2877 2662 2660
f 2877 2875 2876
f 2878 2872 2850
f 2878 2874 2872
f 2878 2850 2861
f 2879 2864 2865
f 2879 2877 2864
f 2879 2662 2877
f 2880 2879 2865
f 2880 2662 2879
f 2881 2865 2868
f 2881 2880 2865
f 2881 2662 2880
f 2881 2665 2662
f 2882 2868 2873
f 2882 2881 2868
f 2882 2665 2881
f 2883 2882 2873
f 2883 2665 2882
f 2884 2873 2874
f 2884 2883 2873
f 2884 2665 2883
f 2884 2667 2665
f 2885 2874 2878
f 2886 2667 2884
f 2886 2884 2874
f 2887 2670 2667
f 2887 2874 2885
f 2887 2667 2886
f 2887 2886 2874
f 2888 2885 2889
f 2888 2670 2887
f 2888 2887 2885
f 2890 2888 2889
f 2891 41 42
f 2891 42 2556
f 2892 2674 2675
f 2893 2675 2677
f 2893 2892 2675
f 2893 2677 2894
f 2895 2677 2690
f 2896 2895 2690
f 2896 2690 2691
f 2897 2898 2896
f 2897 2896 2691
f 2899 2703 2710
f 2899 2897 2691
f 2899 2705 2703
f 2899 2691 2705
f 2900 2696 2702
f 2900 2702 2706
f 2900 2718 2696
f 2900 2723 2718
f 2901 2586 2583
f 2901 2583 2584
f 2901 2709 2586
f 2902 2903 2900
f 2902 2706 2700
f 2902 2900 2706
f 2904 2901 2584
f 2905 2902 2700
f 2905 2906 2903
f 2905 2903 2902
f 2907 2905 2700
f 2907 2906 2905
f 2907 2700 2715
f 2908 2723 2900
f 2908 2900 2903
f 2908 2724 2723
f 2909 2906 2907
f 2909 2751 2906
f 2910 2903 2906
f 2910 2908 2903
f 2910 2724 2908
f 2911 2730 2732
f 2911 2732 2748
f 2911 2751 2909
f 2911 2748 2751
f 2912 2756 2724
f 2912 2910 2906
f 2912 2724 2910
f 2913 2906 2751
f 2913 2912 2906
f 2914 2588 2593
f 2914 2744 2588
f 2914 2580 2744
f 2914 2752 2580
f 2914 2593 2762
f 2914 2762 2752
f 2915 2913 2751
f 2915 2760 2770
f 2915 2758 2760
f 2915 2751 2758
f 2916 2745 2756
f 2916 2599 2745
f 2916 2606 2599
f 2916 2610 2606
f 2917 2772 2766
f 2917 2749 2755
f 2917 2755 2757
f 2917 2766 2749
f 2918 2610 2916
f 2918 2612 2610
f 2918 2916 2756
f 2918 2756 2615
f 2918 2615 2612
f 2919 2917 2757
f 2919 2757 2753
f 2919 2920 2917
f 2921 2922 2920
f 2921 2920 2919
f 2921 2919 2753
f 2923 2922 2921
f 2923 2921 2753
f 2923 2753 2762
f 2924 2772 2917
f 2924 2917 2920
f 2924 2773 2772
f 2925 2922 2923
f 2925 2800 2922
f 2926 2920 2922
f 2926 2924 2920
f 2926 2773 2924
f 2927 2779 2781
f 2927 2797 2800
f 2927 2800 2925
f 2927 2781 2797
f 2928 2926 2922
f 2928 2773 2926
f 2928 2805 2773
f 2929 2922 2800
f 2929 2928 2922
f 2930 2793 2616
f 2930 2616 2621
f 2930 2608 2793
f 2930 2801 2608
f 2930 2811 2801
f 2930 2621 2811
f 2931 2809 2819
f 2931 2800 2807
f 2931 2807 2809
f 2931 2929 2800
f 2932 2634 2627
f 2932 2640 2634
f 2932 2627 2794
f 2932 2794 2805
f 2933 2815 2798
f 2933 2821 2815
f 2933 2798 2804
f 2933 2804 2806
f 2934 2642 2640
f 2934 2805 2646
f 2934 2640 2932
f 2934 2646 2642
f 2934 2932 2805
f 2935 2933 2806
f 2935 2806 2802
f 2935 2936 2933
f 2937 2936 2935
f 2937 2935 2802
f 2937 2938 2936
f 2939 2937 2802
f 2939 2938 2937
f 2939 2802 2811
f 2940 2822 2821
f 2940 2821 2933
f 2940 2933 2936
f 2941 2643 57
f 2942 2938 2939
f 2942 2853 2938
f 2943 2940 2936
f 2943 2936 2938
f 2943 2822 2940
f 2944 2830 2849
f 2944 2853 2942
f 2944 2828 2830
f 2944 2849 2853
f 2945 2859 2822
f 2945 2822 2943
f 2945 2943 2938
f 2946 2945 2938
f 2946 2938 2853
f 2947 2855 2851
f 2948 2856 2855
f 2948 2855 2947
f 2949 2864 2876
f 2949 2853 2862
f 2949 2946 2853
f 2949 2862 2864
f 2950 2844 2859
f 2950 2655 2653
f 2950 2656 2655
f 2950 2653 2844
f 2951 2856 2948
f 2952 2656 2950
f 2952 2657 2656
f 2952 2659 2657
f 2952 2859 2659
f 2952 2950 2859
f 2953 2869 2856
f 2954 2869 2953
f 2954 2861 2869
f 2955 2861 2954
f 2956 2889 2885
f 2956 2885 2878
f 2956 2878 2861
f 2956 2861 2955
f 2957 2955 2954
f 2958 2671 2670
f 2958 2670 2888
f 2958 2672 2671
f 2959 2672 2958
f 2960 2556 2673
f 2961 2673 2674
f 2962 2674 2892
f 2963 2896 2898
f 2964 2897 2899
f 2964 2898 2897
f 2965 2964 2899
f 2965 2899 2710
f 2965 2966 2964
f 2967 2710 2711
f 2967 2965 2710
f 2968 2709 2901
f 2968 2711 2709
f 2969 2539 41
f 2969 2584 2539
f 2970 2726 2730
f 2970 2715 2726
f 2970 2730 2911
f 2970 2909 2907
f 2970 2911 2909
f 2970 2907 2715
f 2971 2756 2912
f 2971 2770 2768
f 2971 2768 2756
f 2971 2915 2770
f 2971 2912 2913
f 2971 2913 2915
f 2972 2779 2927
f 2972 2762 2775
f 2972 2775 2779
f 2972 2923 2762
f 2972 2925 2923
f 2972 2927 2925
f 2973 2817 2805
f 2973 2819 2817
f 2973 2931 2819
f 2973 2805 2928
f 2973 2928 2929
f 2973 2929 2931
f 2974 2942 2939
f 2974 2939 2811
f 2974 2828 2944
f 2974 2944 2942
f 2974 2824 2828
f 2974 2811 2824
f 2975 2846 2643
f 2976 2851 2846
f 2977 2947 2851
f 2978 2949 2876
f 2978 2876 2871
f 2978 2871 2859
f 2978 2946 2949
f 2978 2859 2945
f 2978 2945 2946
f 2979 2957 2954
f 2980 2956 2955
f 2980 2955 2957
f 2981 2956 2980
f 2981 2889 2956
f 2982 2981 2980
f 2983 2889 2981
f 2983 2890 2889
f 2984 2958 2888
f 2984 2888 2890
f 2985 27 2554
f 2985 2554 2672
f 2986 41 2891
f 2987 2961 2674
f 2987 2674 2962
f 2988 2987 2962
f 2988 2962 2892
f 2988 2892 2893
f 2989 2988 2893
f 2989 2893 2894
f 2990 2991 2677
f 2990 2677 2895
f 2992 2895 2896
f 2993 2896 2963
f 2993 2992 2896
f 2994 2711 2968
f 2995 2901 2904
f 2995 2968 2901
f 2996 2995 2904
f 2997 2941 57
f 2997 57 27
f 2998 2851 2976
f 2998 2977 2851
f 2999 2947 2977
f 2999 2948 2947
f 2999 2977 2998
f 3000 2951 2948
f 3000 2948 2999
f 3001 2953 2856
f 3002 3001 2856
f 3003 2954 2953
f 3004 2979 2954
f 3004 2954 3003
f 3005 2984 2890
f 3006 2958 2984
f 3006 2959 2958
f 3007 2959 3006
f 3008 2556 2960
f 3009 2673 2961
f 3010 2961 2987
f 3010 2987 2988
f 3011 2992 2993
f 3012 2898 2964
f 3012 2963 2898
f 3013 3014 2964
f 3013 2964 2966
f 3015 2965 2967
f 3016 2711 2994
f 3017 2584 2969
f 3017 2969 41
f 3018 2975 2643
f 3019 2976 2846
f 3020 2998 2976
f 3020 2999 2998
f 3021 3004 3003
f 3022 2957 2979
f 3022 2980 2957
f 3023 2982 2980
f 3024 3023 2980
f 3025 2983 2981
f 3026 3005 2890
f 3027 27 2985
f 3027 2985 2672
f 3028 41 2986
f 3029 2961 3010
f 3029 3010 2988
f 3030 2988 2989
f 3031 2677 2991
f 3031 3032 2677
f 3033 2990 2895
f 3033 2895 2992
f 3034 2992 3011
f 3035 2711 3016
f 3036 2968 2995
f 3037 2995 2996
f 3038 2997 27
f 3039 2999 3020
f 3039 3020 2976
f 3040 3000 2999
f 3041 3002 2856
f 3042 3041 2856
f 3043 3003 2953
f 3043 2953 3001
f 3044 3021 3003
f 3045 3026 2890
f 3046 3006 2984
f 3047 3007 3006
f 3048 2556 3008
f 3049 2673 3009
f 3050 3029 2988
f 3050 2961 3029
f 3051 2992 3034
f 3052 2963 3012
f 3053 2964 3014
f 3053 3054 2964
f 3055 2965 3015
f 3056 2711 3035
f 3057 3017 41
f 3057 2584 3017
f 3058 3018 2643
f 3059 3019 2846
f 3060 2999 3039
f 3060 3039 2976
f 3061 3044 3003
f 3062 3022 2979
f 3063 3024 2980
f 3064 3063 2980
f 3065 3025 2981
f 3066 3045 2890
f 3067 27 3027
f 3067 3027 2672
f 3068 41 3028
f 3069 2961 3050
f 3069 3050 2988
f 3070 2988 3030
f 3071 3070 3030
f 3071 2989 2894
f 3071 3030 2989
f 3071 2894 2677
f 3072 3071 2677
f 3072 2677 3032
f 3073 3071 3072
f 3073 3072 3032
f 3073 3031 2991
f 3073 2991 2990
f 3073 2990 3033
f 3073 3032 3031
f 3074 2992 3051
f 3075 2711 3056
f 3076 3075 3056
f 3076 3016 2994
f 3076 3056 3035
f 3076 2994 2968
f 3076 3035 3016
f 3076 2968 3036
f 3077 3036 2995
f 3077 3076 3036
f 3077 2995 3037
f 3078 3038 27
f 3079 2999 3060
f 3079 3060 2976
f 3080 3040 2999
f 3081 3042 2856
f 3082 3000 3040
f 3082 3040 3080
f 3082 2856 2951
f 3082 3081 2856
f 3082 2951 3000
f 3083 3002 3041
f 3083 3043 3001
f 3083 3041 3042
f 3083 3081 3082
f 3083 3042 3081
f 3083 3001 3002
f 3084 3061 3003
f 3085 3066 2890
f 3086 2984 3005
f 3086 3026 3045
f 3086 3005 3026
f 3086 3046 2984
f 3086 3045 3066
f 3086 3066 3085
f 3087 3006 3046
f 3087 3046 3086
f 3087 3047 3006
f 3088 3068 3028
f 3088 2556 3048
f 3088 2986 2891
f 3088 3028 2986
f 3088 2891 2556
f 3088 41 3068
f 3089 3048 3008
f 3089 3070 3088
f 3089 2673 3049
f 3089 3008 2960
f 3089 2960 2673
f 3089 3088 3048
f 3090 3009 2961
f 3090 3089 3049
f 3090 2961 3069
f 3090 3069 2988
f 3090 2988 3070
f 3090 3070 3089
f 3090 3049 3009
f 3091 3070 3071
f 3091 3033 2992
f 3091 3073 3033
f 3091 2992 3074
f 3091 3071 3073
f 3092 3074 3051
f 3092 3091 3074
f 3092 3051 3034
f 3092 2963 3052
f 3092 2993 2963
f 3092 3011 2993
f 3092 3034 3011
f 3093 3070 3091
f 3093 3012 2964
f 3093 3052 3012
f 3093 3091 3092
f 3093 3092 3052
f 3094 3093 2964
f 3094 2964 3054
f 3095 41 41
f 3095 3053 3014
f 3095 3014 3013
f 3095 3013 2966
f 3095 3088 3070
f 3095 3070 3093
f 3095 3054 3053
f 3095 3094 3054
f 3095 3093 3094
f 3095 2966 2965
f 3095 41 3088
f 3095 2965 3055
f 3096 2711 3075
f 3096 3076 3077
f 3096 3015 2967
f 3096 3075 3076
f 3096 3077 3095
f 3096 3095 3055
f 3096 3055 3015
f 3096 2967 2711
f 3097 3037 2996
f 3097 2904 2584
f 3097 41 3095
f 3097 3077 3037
f 3097 2584 3057
f 3097 3057 41
f 3097 3095 3077
f 3097 2996 2904
f 3098 2997 3038
f 3098 2643 2941
f 3098 3038 3078
f 3098 3058 2643
f 3098 3078 27
f 3098 2941 2997
f 3099 2846 2975
f 3099 3098 3080
f 3099 3018 3058
f 3099 3059 2846
f 3099 3058 3098
f 3099 2975 3018
f 3100 2976 3019
f 3100 3079 2976
f 3100 3080 2999
f 3100 3059 3099
f 3100 2999 3079
f 3100 3099 3080
f 3100 3019 3059
f 3101 3003 3043
f 3101 3043 3083
f 3101 3082 3080
f 3101 3084 3003
f 3101 3083 3082
f 3102 2979 3004
f 3102 3062 2979
f 3102 3021 3044
f 3102 3044 3061
f 3102 3084 3101
f 3102 3004 3021
f 3102 3061 3084
f 3103 3064 2980
f 3104 3101 3080
f 3104 2980 3022
f 3104 3022 3062
f 3104 3102 3101
f 3104 3062 3102
f 3104 3103 2980
f 3105 2982 3023
f 3105 3098 27
f 3105 3103 3104
f 3105 27 27
f 3105 3080 3098
f 3105 3064 3103
f 3105 3023 3024
f 3105 3024 3063
f 3105 2981 2982
f 3105 3063 3064
f 3105 3065 2981
f 3105 3104 3080
f 3106 3087 3086
f 3106 2890 2983
f 3106 3086 3085
f 3106 2983 3025
f 3106 3025 3065
f 3106 3065 3105
f 3106 3105 3087
f 3106 3085 2890
f 3107 2959 3007
f 3107 3007 3047
f 3107 3105 27
f 3107 3047 3087
f 3107 2672 2959
f 3107 3087 3105
f 3107 27 3067
f 3107 3067 2672
f 3111 3113 3112
f 3114 3111 134
f 3114 3113 3111
f 3115 134 135
f 3115 3113 3114
f 3115 3116 3113
f 3115 3114 134
f 3117 3118 3116
f 3117 3115 135
f 3117 3116 3115
f 3119 3117 135
f 3119 3118 3117
f 3120 135 136
f 3120 3121 3118
f 3120 3119 135
f 3120 3118 3119
f 3122 3123 3121
f 3122 3120 136
f 3122 3121 3120
f 3124 3122 136
f 3125 3127 3126
f 3125 3126 3128
f 3129 3108 3125
f 3129 3125 3128
f 3130 3109 3108
f 3130 3108 3129
f 3130 3129 3128
f 3130 3128 3131
f 3132 3131 3133
f 3132 3109 3130
f 3132 3130 3131
f 3134 3132 3133
f 3134 3109 3132
f 3135 3110 3109
f 3135 3109 3134
f 3135 3133 3136
f 3135 3134 3133
f 3137 3136 3138
f 3137 3110 3135
f 3137 3135 3136
f 3139 3110 3137
f 3140 3111 3112
f 3140 3141 3111
f 3142 3144 3143
f 3142 3143 3145
f 3142 3146 3112
f 3147 3144 3142
f 3147 3142 3112
f 3148 3149 3144
f 3148 3144 3147
f 3148 3147 3112
f 3148 3112 3113
f 3150 3151 3149
f 3150 3149 3148
f 3150 3148 3113
f 3152 3151 3150
f 3152 3150 3113
f 3153 3154 3151
f 3153 3151 3152
f 3153 3152 3113
f 3153 3113 3116
f 3155 3156 3143
f 3157 3154 3153
f 3157 3153 3116
f 3158 3143 3144
f 3158 3155 3143
f 3158 3159 3155
f 3160 3161 3154
f 3160 3154 3157
f 3160 3157 3116
f 3160 3116 3118
f 3162 3144 3149
f 3162 3163 3159
f 3162 3158 3144
f 3162 3159 3158
f 3164 3165 3161
f 3164 3161 3160
f 3164 3160 3118
f 3166 3122 3124
f 3166 3124 3167
f 3166 3123 3122
f 3168 3165 3164
f 3168 3164 3118
f 3169 3170 3165
f 3169 3165 3168
f 3169 3118 3121
f 3169 3168 3118
f 3171 3149 3151
f 3171 3162 3149
f 3171 3163 3162
f 3172 3170 3169
f 3172 3173 3170
f 3172 3169 3121
f 3174 3171 3151
f 3174 3163 3171
f 3175 3173 3172
f 3175 3172 3121
f 3176 3123 3166
f 3177 3151 3154
f 3177 3174 3151
f 3177 3163 3174
f 3178 3121 3123
f 3178 3173 3175
f 3178 3175 3121
f 3179 3177 3154
f 3179 3154 3161
f 3179 3180 3163
f 3179 3163 3177
f 3181 3183 3182
f 3181 3184 3159
f 3181 3182 3184
f 3185 3186 3173
f 3185 3173 3178
f 3185 3178 3123
f 3187 3159 3163
f 3187 3188 3183
f 3187 3181 3159
f 3187 3183 3181
f 3189 3179 3161
f 3189 3161 3165
f 3189 3180 3179
f 3190 3180 3189
f 3190 3189 3165
f 3191 3180 3190
f 3191 3165 3170
f 3191 3190 3165
f 3192 3191 3170
f 3192 3180 3191
f 3192 3170 3173
f 3193 3188 3187
f 3193 3194 3188
f 3193 3187 3163
f 3195 3194 3193
f 3195 3193 3163
f 3196 3198 3197
f 3199 3194 3195
f 3199 3195 3163
f 3199 3200 3194
f 3201 3192 3173
f 3201 3180 3192
f 3201 3202 3180
f 3203 3198 3196
f 3204 3126 3198
f 3204 3203 3182
f 3204 3198 3203
f 3204 3182 3183
f 3205 3163 3180
f 3205 3200 3199
f 3205 3199 3163
f 3205 3206 3200
f 3207 3173 3186
f 3207 3201 3173
f 3207 3202 3201
f 3208 3126 3204
f 3208 3204 3183
f 3209 3205 3180
f 3209 3206 3205
f 3209 3210 3206
f 3211 3183 3188
f 3211 3208 3183
f 3211 3126 3208
f 3211 3128 3126
f 3212 3209 3180
f 3212 3210 3209
f 3213 3212 3180
f 3213 3210 3212
f 3213 3214 3210
f 3215 3211 3188
f 3215 3128 3211
f 3215 3188 3194
f 3216 3213 3180
f 3216 3214 3213
f 3216 3217 3214
f 3218 3215 3194
f 3218 3128 3215
f 3219 3218 3194
f 3219 3194 3200
f 3219 3131 3128
f 3219 3128 3218
f 3220 3217 3216
f 3220 3180 3202
f 3220 3216 3180
f 3221 3219 3200
f 3221 3131 3219
f 3222 3200 3206
f 3222 3221 3200
f 3222 3133 3131
f 3222 3131 3221
f 3223 3206 3210
f 3223 3222 3206
f 3223 3133 3222
f 3224 3133 3223
f 3224 3223 3210
f 3225 3217 3220
f 3226 3210 3214
f 3226 3224 3210
f 3226 3136 3133
f 3226 3133 3224
f 3227 3214 3217
f 3227 3136 3226
f 3227 3226 3214
f 3228 3136 3227
f 3228 3227 3217
f 3229 3138 3136
f 3229 3217 3225
f 3229 3136 3228
f 3229 3228 3217
f 3230 3138 3229
f 3230 3225 3231
f 3230 3229 3225
f 3232 3141 3233
f 3234 3142 3145
f 3234 3145 3235
f 3234 3146 3142
f 3236 3145 3143
f 3236 3143 3237
f 3238 3124 136
f 3238 3167 3124
f 3239 3240 3159
f 3239 3159 3184
f 3239 3184 3241
f 3242 3239 3241
f 3243 3123 3176
f 3243 3185 3123
f 3244 3185 3243
f 3244 3186 3185
f 3245 3186 3244
f 3246 3198 3126
f 3246 3126 3127
f 3247 3202 3207
f 3248 3127 3249
f 3250 3202 3247
f 3250 3220 3202
f 3251 3250 3247
f 3252 3225 3220
f 3252 3220 3250
f 3253 3137 3138
f 3253 3139 3137
f 3254 3139 3253
f 3254 3255 3139
f 3256 3141 3140
f 3257 3146 3258
f 3257 3112 3146
f 3257 3140 3112
f 3259 3258 3146
f 3259 3146 3234
f 3260 3240 3239
f 3260 3261 3240
f 3260 3239 3262
f 3263 3166 3167
f 3264 3176 3166
f 3265 3184 3182
f 3265 3241 3184
f 3266 3243 3176
f 3267 3182 3268
f 3267 3265 3182
f 3267 3268 3269
f 3270 3203 3196
f 3270 3196 3197
f 3271 3198 3246
f 3272 3251 3247
f 3273 3250 3251
f 3273 3252 3250
f 3274 3108 133
f 3274 3125 3108
f 3274 3127 3125
f 3275 3252 3273
f 3276 3231 3225
f 3276 3252 3275
f 3276 3225 3252
f 3277 3230 3231
f 3277 3278 3230
f 3279 3253 3138
f 3280 119 3110
f 3280 3110 3139
f 3280 3139 3255
f 3281 3141 3232
f 3282 3258 3259
f 3283 3282 3259
f 3283 3259 3234
f 3284 3235 3145
f 3284 3145 3236
f 3285 3156 3286
f 3287 3285 3286
f 3287 3286 3288
f 3289 3238 136
f 3290 3159 3240
f 3290 3240 3261
f 3290 3155 3159
f 3290 3156 3155
f 3291 3261 3260
f 3292 3266 3176
f 3293 3243 3266
f 3293 3244 3243
f 3293 3266 3292
f 3294 3245 3244
f 3295 3198 3271
f 3296 3207 3186
f 3296 3186 3297
f 3296 3298 3207
f 3299 3246 3127
f 3300 3247 3207
f 3300 3207 3298
f 3301 3127 3248
f 3302 3272 3247
f 3303 3279 3138
f 3304 3254 3253
f 3305 3254 3304
f 3306 3141 3256
f 3307 3140 3257
f 3308 3258 3282
f 3308 3282 3283
f 3309 3261 3291
f 3310 3263 3167
f 3311 3239 3242
f 3311 3242 3312
f 3313 3264 3166
f 3314 3241 3265
f 3314 3315 3242
f 3314 3242 3241
f 3316 3292 3176
f 3316 3293 3292
f 3317 3203 3270
f 3318 3198 3295
f 3319 3302 3247
f 3320 3273 3251
f 3321 3127 3274
f 3321 3274 133
f 3322 3273 3323
f 3322 3275 3273
f 3324 3277 3231
f 3325 3303 3138
f 3326 3280 3255
f 3326 119 3280
f 3327 133 134
f 3327 3141 3281
f 3327 134 3111
f 3327 3111 3141
f 3328 3258 3308
f 3329 3235 3284
f 3330 3156 3285
f 3330 3331 3156
f 3332 3289 136
f 3333 3286 3156
f 3333 3156 3290
f 3334 3261 3309
f 3335 3293 3316
f 3335 3316 3176
f 3336 3294 3244
f 3337 3198 3318
f 3338 3297 3186
f 3338 3186 3339
f 3340 3246 3299
f 3341 3300 3298
f 3342 3340 3299
f 3342 3299 3127
f 3342 3127 3301
f 3343 3319 3247
f 3344 3138 3230
f 3344 3325 3138
f 3344 3230 3278
f 3345 3304 3253
f 3346 3305 3304
f 3347 133 3327
f 3347 3233 3141
f 3347 3281 3232
f 3347 3327 3281
f 3347 3232 3233
f 3347 3141 3306
f 3348 3140 3307
f 3348 3256 3140
f 3348 3347 3306
f 3348 3306 3256
f 3349 3258 3328
f 3350 3261 3334
f 3351 3310 3167
f 3352 3262 3239
f 3352 3239 3311
f 3353 3313 3166
f 3354 3242 3315
f 3354 3355 3242
f 3356 3293 3335
f 3356 3335 3176
f 3356 3176 3264
f 3357 3268 3182
f 3357 3267 3269
f 3357 3354 3315
f 3357 3315 3314
f 3357 3182 3203
f 3357 3355 3354
f 3357 3265 3267
f 3357 3203 3317
f 3357 3314 3265
f 3357 3269 3268
f 3358 3198 3337
f 3359 3343 3247
f 3359 3247 3300
f 3360 3320 3251
f 3361 3342 3301
f 3361 3321 133
f 3361 3248 3249
f 3361 3249 3127
f 3361 3127 3321
f 3361 3301 3248
f 3362 3323 3273
f 3362 3273 3363
f 3364 3324 3231
f 3365 3344 3278
f 3366 119 3326
f 3366 3326 3255
f 3367 3307 3257
f 3367 3347 3348
f 3367 3258 3349
f 3367 3348 3307
f 3367 3257 3258
f 3368 3236 3237
f 3368 3329 3284
f 3368 3284 3236
f 3368 3143 3156
f 3368 3237 3143
f 3369 3156 3331
f 3369 3368 3156
f 3370 136 119
f 3370 3332 136
f 3371 3288 3286
f 3371 3286 3333
f 3371 3368 3369
f 3371 3287 3288
f 3371 3330 3285
f 3371 3331 3330
f 3371 3285 3287
f 3371 3369 3331
f 3372 3333 3290
f 3372 3261 3350
f 3372 3368 3371
f 3372 3371 3333
f 3372 3290 3261
f 3373 3356 3264
f 3373 3293 3356
f 3374 3244 3293
f 3374 3336 3244
f 3375 3197 3198
f 3375 3270 3197
f 3375 3317 3270
f 3375 3198 3358
f 3375 3357 3317
f 3376 3336 3374
f 3376 3245 3294
f 3376 3186 3245
f 3376 3294 3336
f 3377 3186 3376
f 3377 3339 3186
f 3378 3375 3358
f 3378 3357 3375
f 3378 3246 3340
f 3378 3271 3246
f 3378 3342 3361
f 3378 3358 3337
f 3378 3318 3295
f 3378 3361 133
f 3378 3295 3271
f 3378 133 3357
f 3378 3337 3318
f 3378 3340 3342
f 3379 3341 3298
f 3379 3377 3376
f 3379 3339 3377
f 3379 3296 3297
f 3379 3298 3296
f 3379 3297 3338
f 3379 3338 3339
f 3380 3359 3300
f 3381 3365 3278
f 3382 3325 3344
f 3382 3345 3253
f 3382 3365 3381
f 3382 3253 3279
f 3382 3303 3325
f 3382 3344 3365
f 3382 3279 3303
f 3383 3304 3345
f 3383 3345 3382
f 3383 3346 3304
f 3384 3283 3234
f 3384 3347 3367
f 3384 3234 3235
f 3384 3308 3283
f 3384 3368 133
f 3384 3235 3385
f 3384 3349 3328
f 3384 3328 3308
f 3384 133 3347
f 3384 3367 3349
f 3386 3385 3235
f 3386 3235 3329
f 3386 3368 3384
f 3386 3384 3385
f 3386 3329 3368
f 3387 3238 3289
f 3387 3167 3238
f 3387 3351 3167
f 3387 3289 3332
f 3387 3370 119
f 3387 3332 3370
f 3388 133 133
f 3388 133 3368
f 3388 3291 3260
f 3388 3350 3334
f 3388 3372 3350
f 3388 3262 3352
f 3388 3334 3309
f 3388 3309 3291
f 3388 3260 3262
f 3388 3357 133
f 3388 3368 3372
f 3389 3263 3310
f 3389 3353 3166
f 3389 3351 3387
f 3389 3310 3351
f 3389 3387 3374
f 3389 3166 3263
f 3390 3311 3312
f 3390 3242 3355
f 3390 3357 3388
f 3390 3355 3357
f 3390 3388 3352
f 3390 3352 3311
f 3390 3312 3242
f 3391 3293 3373
f 3391 3353 3389
f 3391 3264 3313
f 3391 3373 3264
f 3391 3313 3353
f 3391 3389 3374
f 3391 3374 3293
f 3392 3341 3379
f 3392 3379 3376
f 3392 3380 3300
f 3392 3300 3341
f 3392 3376 3374
f 3393 3272 3302
f 3393 3251 3272
f 3393 3380 3392
f 3393 3343 3359
f 3393 3302 3319
f 3393 3319 3343
f 3393 3359 3380
f 3393 3360 3251
f 3394 3393 3392
f 3394 3273 3320
f 3394 3392 3374
f 3394 3360 3393
f 3394 3320 3360
f 3395 3273 3394
f 3395 3363 3273
f 3396 3364 3231
f 3396 119 119
f 3396 3387 119
f 3396 3276 3275
f 3396 3231 3276
f 3396 3322 3323
f 3396 3275 3322
f 3396 3394 3374
f 3396 3363 3395
f 3396 3323 3362
f 3396 3395 3394
f 3396 3362 3363
f 3396 3374 3387
f 3397 3278 3277
f 3397 3396 3383
f 3397 3382 3381
f 3397 3277 3324
f 3397 3324 3364
f 3397 3381 3278
f 3397 3383 3382
f 3397 3364 3396
f 3398 3383 3396
f 3398 3254 3305
f 3398 119 3366
f 3398 3346 3383
f 3398 3305 3346
f 3398 3396 119
f 3398 3255 3254
f 3398 3366 3255
f 3412 3414 3413
f 3412 3415 3414
f 3412 3413 3416
f 3412 3417 3415
f 3418 3416 3419
f 3418 3412 3416
f 3420 3422 3421
f 3420 3424 3423
f 3420 3423 3422
f 3420 3418 3419
f 3420 3419 3425
f 3420 3412 3418
f 3420 3425 3424
f 3426 3428 3427
f 3429 3431 3430
f 3432 3430 3433
f 3432 3435 3434
f 3432 3436 3435
f 3432 3433 3436
f 3432 3429 3430
f 3432 3434 3437
f 3438 3437 3439
f 3438 3439 3440
f 3438 3432 3437
f 3441 3442 41
f 3443 3445 3444
f 3446 3447 3445
f 3446 3448 3447
f 3446 3449 3448
f 3446 3445 3443
f 3450 3452 3451
f 3453 3454 3449
f 3453 3449 3446
f 3453 3451 3454
f 3453 3450 3451
f 3455 3457 3456
f 3455 3458 3457
f 3455 3456 3452
f 3455 3452 3450
f 3455 3450 3453
f 3459 3460 3458
f 3461 3463 3462
f 3464 3465 3463
f 3464 3466 3465
f 3464 3463 3461
f 3464 3467 3466
f 3468 3467 3464
f 3468 3469 3467
f 3468 3470 3469
f 3471 3473 3472
f 3471 3475 3474
f 3471 3474 3473
f 3471 58 3475
f 3471 3472 3476
f 3471 3476 3477
f 3478 3480 3479
f 3478 3479 3481
f 3478 3417 3471
f 3478 3482 3480
f 3478 3477 3482
f 3478 3471 3477
f 3483 3417 3478
f 3483 3484 3417
f 3483 3486 3485
f 3483 3478 3481
f 3483 3487 3486
f 3483 3485 3484
f 3483 3481 3487
f 3488 3421 3428
f 3488 3428 3426
f 3488 3412 3420
f 3488 3417 3412
f 3488 3420 3421
f 3489 3491 3490
f 3489 3492 3491
f 3489 3493 3492
f 3489 3494 3493
f 3489 3426 3427
f 3489 3488 3426
f 3489 3427 3494
f 3495 3488 3489
f 3495 3490 3496
f 3495 3496 3497
f 3495 3417 3488
f 3495 3489 3490
f 3498 3497 3499
f 3498 3495 3497
f 3500 58 58
f 3500 58 3471
f 3500 3499 3501
f 3500 3501 3502
f 3500 3417 3495
f 3500 3498 3499
f 3500 3495 3498
f 3500 3504 3503
f 3500 3505 3504
f 3500 3471 3417
f 3500 3506 3505
f 3500 3502 3506
f 3500 3503 3507
f 3508 3500 3507
f 3508 3431 3429
f 3508 3510 3509
f 3508 3438 3500
f 3508 3507 3510
f 3508 3429 3432
f 3508 3432 3438
f 3508 3509 3431
f 3511 3512 58
f 3511 58 3500
f 3511 3500 3438
f 3511 3514 3513
f 3511 3515 3512
f 3511 3440 3514
f 3511 3513 3515
f 3511 3438 3440
f 3516 3518 3517
f 3516 3517 3519
f 3516 3519 3442
f 3516 3442 3441
f 3516 3441 41
f 3520 3522 3521
f 3520 3518 3516
f 3520 3516 3446
f 3520 3521 3518
f 3520 3523 3522
f 3524 3444 3523
f 3524 3443 3444
f 3524 3523 3520
f 3524 3520 3446
f 3524 3446 3443
f 3525 3458 3455
f 3525 3453 3446
f 3525 3459 3458
f 3525 3455 3453
f 3526 3527 3460
f 3526 3459 3525
f 3526 3529 3528
f 3526 3460 3459
f 3526 3528 3527
f 3530 3532 3531
f 3533 3526 3525
f 3533 3530 3531
f 3533 3525 3446
f 3533 3531 3529
f 3533 3529 3526
f 3534 41 41
f 3534 3536 3535
f 3534 3537 3536
f 3534 3538 3532
f 3534 3535 3538
f 3534 3446 3516
f 3534 3530 3533
f 3534 3532 3530
f 3534 3533 3446
f 3534 3516 41
f 3539 3462 3540
f 3539 3461 3462
f 3539 3540 3537
f 3539 3534 3468
f 3539 3464 3461
f 3539 3468 3464
f 3539 3537 3534
f 3541 3470 3468
f 3541 3468 3534
f 3541 41 3542
f 3541 3543 3470
f 3541 3544 3543
f 3541 3542 3544
f 3541 3534 41
f 3545 3546 59
f 3545 3547 3546
f 3545 3548 3547
f 3549 59 60
f 3549 3548 3545
f 3549 3550 3548
f 3549 3545 59
f 3551 3549 60
f 3551 3550 3549
f 3552 3553 3550
f 3552 3551 60
f 3552 3550 3551
f 3554 60 61
f 3554 3552 60
f 3555 61 62
f 3555 3554 61
f 3556 3557 3555
f 3556 3555 62
f 3558 3556 62
f 3558 3559 3557
f 3558 3557 3556
f 3560 3558 62
f 3560 3559 3558
f 3560 62 63
f 3560 3561 3559
f 3562 3561 3560
f 3562 3560 63
f 3563 3561 3562
f 3563 3562 63
f 3563 3564 3561
f 3565 63 64
f 3565 3564 3563
f 3565 3563 63
f 3565 3566 3564
f 3567 3566 3565
f 3567 3565 64
f 3568 64 65
f 3568 3566 3567
f 3568 3567 64
f 3569 65 66
f 3569 3568 65
f 3570 3572 3571
f 3570 3569 66
f 3573 3572 3570
f 3573 3570 66
f 3574 3399 3575
f 3574 3575 3576
f 3574 3576 3577
f 3578 3579 3572
f 3578 66 67
f 3578 3572 3573
f 3578 3573 66
f 3580 3577 3581
f 3580 3400 3399
f 3580 3399 3574
f 3580 3574 3577
f 3582 3583 3579
f 3582 3578 67
f 3582 3579 3578
f 3584 3400 3580
f 3584 3580 3581
f 3585 3582 67
f 3585 3583 3582
f 3586 3400 3584
f 3586 3581 3587
f 3586 3584 3581
f 3588 67 68
f 3588 3589 3583
f 3588 3585 67
f 3588 3583 3585
f 3590 3586 3587
f 3590 3401 3400
f 3590 3400 3586
f 3591 3589 3588
f 3591 3592 3589
f 3591 3588 68
f 3593 3591 68
f 3593 3592 3591
f 3594 3593 68
f 3594 3595 3592
f 3594 3592 3593
f 3596 3402 3401
f 3596 3587 3597
f 3596 3401 3590
f 3596 3590 3587
f 3598 3594 68
f 3598 68 69
f 3598 3599 3595
f 3598 3595 3594
f 3600 3598 69
f 3600 3599 3598
f 3601 3402 3596
f 3601 3596 3597
f 3602 3402 3601
f 3602 3601 3597
f 3602 3597 3603
f 3604 69 70
f 3604 3600 69
f 3605 3604 70
f 3606 3403 3402
f 3606 3603 3607
f 3606 3402 3602
f 3606 3602 3603
f 3608 3403 3606
f 3608 3606 3607
f 3609 3605 70
f 3610 3607 3611
f 3610 3403 3608
f 3610 3608 3607
f 3612 3404 3403
f 3612 3610 3611
f 3612 3611 3613
f 3612 3403 3610
f 3614 3404 3612
f 3614 3612 3613
f 3615 3614 3613
f 3615 3405 3404
f 3615 3613 3616
f 3615 3404 3614
f 3617 3406 3405
f 3617 3405 3615
f 3617 3615 3616
f 3618 3617 3616
f 3618 3616 3619
f 3618 3406 3617
f 3620 3406 3618
f 3620 3618 3619
f 3621 3407 3406
f 3621 3406 3620
f 3621 3620 3619
f 3621 3619 3622
f 3623 3407 3621
f 3623 3621 3622
f 3623 3622 3624
f 3625 3623 3624
f 3625 3407 3623
f 3626 3408 3407
f 3626 3625 3624
f 3626 3407 3625
f 3626 3624 3627
f 3628 3408 3626
f 3628 3626 3627
f 3628 3627 3629
f 3630 3408 3628
f 3630 3628 3629
f 3631 3408 3630
f 3631 3630 3629
f 3631 3629 3632
f 3633 3409 3408
f 3633 3408 3631
f 3633 3631 3632
f 3633 3632 3634
f 3635 3409 3633
f 3635 3633 3634
f 3636 3410 3409
f 3636 3409 3635
f 3637 3410 3636
f 3638 3410 3637
f 3479 3476 3546
f 3479 3546 3547
f 3639 3479 3547
f 3640 3641 3416
f 3640 3547 3548
f 3640 3642 3547
f 3640 3416 3642
f 3643 3640 3548
f 3643 3641 3640
f 3644 3643 3548
f 3644 3641 3643
f 3644 3645 3641
f 3646 3647 3645
f 3646 3548 3550
f 3646 3644 3548
f 3646 3645 3644
f 3648 3555 3557
f 3648 3553 3552
f 3648 3552 3554
f 3648 3554 3555
f 3649 3646 3550
f 3649 3647 3646
f 3650 3649 3550
f 3650 3651 3647
f 3650 3647 3649
f 3652 3650 3550
f 3652 3651 3650
f 3652 3550 3553
f 3653 3654 3416
f 3653 3416 3641
f 3653 3655 3654
f 3656 3657 3651
f 3656 3651 3652
f 3656 3652 3553
f 3656 3553 3648
f 3658 3655 3653
f 3658 3659 3655
f 3658 3653 3641
f 3658 3641 3645
f 3660 3645 3647
f 3660 3659 3658
f 3660 3658 3645
f 3661 3659 3660
f 3661 3660 3647
f 3662 3647 3651
f 3662 3661 3647
f 3662 3659 3661
f 3663 3657 3656
f 3663 3656 3648
f 3663 3648 3557
f 3664 3651 3657
f 3664 3662 3651
f 3664 3659 3662
f 3665 3667 3666
f 3668 3667 3655
f 3668 3655 3659
f 3668 3666 3667
f 3668 3669 3666
f 3670 3668 3659
f 3670 3671 3669
f 3670 3669 3668
f 3672 3670 3659
f 3672 3671 3670
f 3673 3431 3503
f 3673 3503 3665
f 3674 3675 3671
f 3674 3672 3659
f 3674 3671 3672
f 3676 3663 3557
f 3676 3557 3559
f 3677 3676 3559
f 3677 3678 3676
f 3679 3673 3665
f 3679 3576 3673
f 3679 3665 3666
f 3679 3577 3576
f 3680 3659 3664
f 3681 3674 3659
f 3681 3675 3674
f 3681 3682 3675
f 3681 3659 3680
f 3683 3684 3678
f 3683 3678 3677
f 3683 3677 3559
f 3685 3577 3679
f 3685 3679 3666
f 3686 3684 3683
f 3686 3687 3684
f 3686 3559 3561
f 3686 3683 3559
f 3688 3577 3685
f 3688 3685 3666
f 3688 3666 3669
f 3689 3687 3686
f 3689 3686 3561
f 3690 3691 3687
f 3690 3687 3689
f 3690 3689 3561
f 3692 3581 3577
f 3692 3669 3671
f 3692 3577 3688
f 3692 3688 3669
f 3693 3692 3671
f 3693 3581 3692
f 3694 3695 3691
f 3694 3691 3690
f 3694 3561 3564
f 3694 3690 3561
f 3696 3693 3671
f 3696 3581 3693
f 3696 3671 3675
f 3697 3694 3564
f 3697 3695 3694
f 3698 3696 3675
f 3698 3581 3696
f 3698 3587 3581
f 3699 3695 3697
f 3699 3564 3566
f 3699 3697 3564
f 3700 3566 3568
f 3700 3568 3569
f 3700 3570 3571
f 3700 3569 3570
f 3701 3678 3684
f 3701 3702 3678
f 3703 3704 3701
f 3703 3684 3687
f 3703 3701 3684
f 3705 3698 3675
f 3705 3587 3698
f 3705 3675 3682
f 3706 3704 3703
f 3706 3703 3687
f 3707 3704 3706
f 3707 3706 3687
f 3707 3687 3691
f 3708 3707 3691
f 3708 3691 3695
f 3708 3704 3707
f 3709 3699 3566
f 3709 3566 3700
f 3710 3597 3587
f 3710 3587 3705
f 3710 3705 3682
f 3711 3713 3712
f 3711 3714 3713
f 3715 3716 3714
f 3715 3714 3711
f 3715 3711 3704
f 3717 3708 3695
f 3718 3716 3715
f 3718 3715 3704
f 3719 3700 3571
f 3719 3721 3720
f 3719 3720 3709
f 3719 3709 3700
f 3722 3723 3716
f 3722 3718 3704
f 3722 3716 3718
f 3724 3722 3704
f 3724 3723 3722
f 3724 3725 3723
f 3726 3597 3710
f 3726 3603 3597
f 3727 3571 3572
f 3727 3719 3571
f 3727 3721 3719
f 3728 3603 3726
f 3728 3726 3713
f 3729 3730 3721
f 3729 3727 3572
f 3729 3721 3727
f 3731 3603 3728
f 3731 3728 3713
f 3731 3713 3714
f 3732 3729 3572
f 3732 3730 3729
f 3733 3572 3579
f 3733 3734 3730
f 3733 3732 3572
f 3733 3730 3732
f 3735 3714 3716
f 3735 3607 3603
f 3735 3731 3714
f 3735 3603 3731
f 3736 3725 3724
f 3737 3607 3735
f 3737 3735 3716
f 3738 3739 3734
f 3738 3734 3733
f 3738 3733 3579
f 3740 3716 3723
f 3740 3737 3716
f 3740 3607 3737
f 3741 3739 3738
f 3741 3738 3579
f 3742 3741 3579
f 3742 3739 3741
f 3742 3579 3583
f 3742 3743 3739
f 3744 3607 3740
f 3744 3611 3607
f 3744 3723 3725
f 3744 3740 3723
f 3745 3720 3721
f 3746 3745 3747
f 3748 3744 3725
f 3748 3611 3744
f 3749 3743 3742
f 3749 3742 3583
f 3749 3750 3743
f 3751 3749 3583
f 3751 3750 3749
f 3752 3748 3725
f 3752 3611 3748
f 3752 3613 3611
f 3753 3751 3583
f 3753 3750 3751
f 3753 3754 3750
f 3755 3745 3721
f 3755 3747 3745
f 3755 3721 3730
f 3756 3755 3730
f 3756 3747 3755
f 3757 3753 3583
f 3757 3754 3753
f 3757 3583 3589
f 3757 3758 3754
f 3759 3730 3734
f 3759 3747 3756
f 3759 3756 3730
f 3760 3757 3589
f 3760 3758 3757
f 3761 3747 3759
f 3761 3759 3734
f 3762 3734 3739
f 3762 3747 3761
f 3762 3761 3734
f 3763 3760 3589
f 3763 3758 3760
f 3763 3589 3592
f 3764 3762 3739
f 3765 3763 3592
f 3766 3739 3743
f 3766 3764 3739
f 3767 3746 3747
f 3767 3769 3768
f 3770 3613 3752
f 3770 3616 3613
f 3771 3743 3750
f 3771 3766 3743
f 3772 3592 3595
f 3772 3765 3592
f 3773 3599 3600
f 3773 3600 3604
f 3773 3604 3605
f 3773 3605 3609
f 3774 3775 3769
f 3774 3769 3767
f 3774 3767 3747
f 3776 3775 3774
f 3776 3774 3747
f 3777 3778 3775
f 3777 3776 3747
f 3777 3775 3776
f 3779 3777 3747
f 3779 3778 3777
f 3780 3768 3769
f 3780 3616 3770
f 3780 3770 3768
f 3781 3782 3778
f 3781 3779 3747
f 3781 3778 3779
f 3783 3782 3781
f 3784 3785 3782
f 3784 3782 3783
f 3786 3785 3784
f 3786 3787 3785
f 3788 3619 3616
f 3788 3780 3769
f 3788 3616 3780
f 3789 3599 3773
f 3790 3789 3773
f 3790 3773 3609
f 3791 3790 3609
f 3792 3769 3775
f 3792 3788 3769
f 3792 3619 3788
f 3793 3792 3775
f 3793 3619 3792
f 3794 3793 3775
f 3794 3619 3793
f 3794 3622 3619
f 3794 3775 3778
f 3795 3778 3782
f 3795 3794 3778
f 3795 3622 3794
f 3796 3795 3782
f 3796 3622 3795
f 3797 3782 3785
f 3797 3622 3796
f 3797 3624 3622
f 3797 3796 3782
f 3798 3797 3785
f 3798 3624 3797
f 3798 3785 3787
f 3799 3798 3787
f 3799 3624 3798
f 3800 3799 3787
f 3800 3787 3801
f 3800 3624 3799
f 3802 3801 3803
f 3802 3627 3624
f 3802 3800 3801
f 3802 3624 3800
f 3804 3802 3803
f 3804 3627 3802
f 3805 3629 3627
f 3805 3804 3803
f 3805 3627 3804
f 3806 3629 3805
f 3807 3632 3629
f 3807 3629 3806
f 3808 3810 3809
f 3472 58 59
f 3472 59 3546
f 3472 3546 3476
f 3811 3639 3547
f 3811 3547 3642
f 3812 3416 3413
f 3812 3642 3416
f 3812 3811 3642
f 3422 3416 3654
f 3813 3654 3655
f 3814 3655 3667
f 3814 3813 3655
f 3814 3815 3813
f 3816 3814 3667
f 3816 3665 3503
f 3816 3667 3665
f 3817 3680 3664
f 3817 3664 3657
f 3818 3817 3657
f 3818 3702 3817
f 3818 3657 3663
f 3818 3663 3676
f 3819 3818 3676
f 3819 3702 3818
f 3819 3676 3678
f 3819 3678 3702
f 3820 3575 3515
f 3820 3576 3575
f 3513 3820 3515
f 3821 3682 3681
f 3821 3681 3680
f 3822 3704 3711
f 3822 3680 3817
f 3822 3817 3702
f 3822 3701 3704
f 3822 3712 3821
f 3822 3821 3680
f 3822 3711 3712
f 3822 3702 3701
f 3823 3695 3699
f 3823 3717 3695
f 3824 3821 3712
f 3824 3726 3710
f 3824 3710 3682
f 3824 3682 3821
f 3825 3699 3709
f 3825 3823 3699
f 3825 3717 3823
f 3825 3709 3720
f 3826 3726 3824
f 3826 3824 3712
f 3826 3713 3726
f 3826 3712 3713
f 3827 3704 3708
f 3827 3724 3704
f 3827 3708 3717
f 3827 3736 3724
f 3828 3827 3717
f 3828 3746 3827
f 3828 3720 3745
f 3828 3745 3746
f 3828 3717 3825
f 3828 3825 3720
f 3829 3752 3725
f 3829 3725 3736
f 3830 3752 3829
f 3830 3829 3736
f 3830 3768 3770
f 3830 3770 3752
f 3831 3827 3746
f 3831 3736 3827
f 3831 3830 3736
f 3831 3768 3830
f 3831 3746 3767
f 3831 3767 3768
f 3832 70 71
f 3832 3609 70
f 3832 3791 3609
f 3833 3783 3781
f 3833 3786 3784
f 3833 3747 3762
f 3833 3762 3764
f 3833 3764 3766
f 3833 3766 3771
f 3833 3784 3783
f 3833 3781 3747
f 3834 3833 3771
f 3834 3835 3833
f 3834 3771 3750
f 3834 3754 3758
f 3834 3750 3754
f 3836 3834 3758
f 3836 3837 3834
f 3836 3758 3763
f 3836 3763 3765
f 3836 3765 3772
f 3838 3599 3789
f 3838 3595 3599
f 3838 3839 3836
f 3838 3772 3595
f 3838 3836 3772
f 3517 3832 71
f 3840 3786 3833
f 3840 3787 3786
f 3840 3801 3787
f 3840 3803 3801
f 3840 3833 3835
f 3841 3834 3837
f 3841 3835 3834
f 3841 3842 3840
f 3841 3840 3835
f 3843 3841 3837
f 3843 3837 3836
f 3843 3836 3839
f 3843 3844 3841
f 3843 3845 3844
f 3846 3838 3789
f 3846 3839 3838
f 3846 3843 3839
f 3846 3845 3843
f 3847 3789 3790
f 3847 3846 3789
f 3847 3848 3846
f 3849 3847 3790
f 3850 3803 3840
f 3850 3805 3803
f 3850 3806 3805
f 3850 3807 3806
f 3850 3840 3842
f 3851 3841 3844
f 3851 3850 3842
f 3851 3852 3850
f 3851 3842 3841
f 3451 3848 3847
f 3451 3847 3849
f 3853 3851 3844
f 3854 3853 3844
f 3854 3844 3845
f 3854 3809 3853
f 3855 3854 3845
f 3856 3848 3451
f 3857 3807 3850
f 3857 3810 3634
f 3857 3634 3632
f 3857 3850 3852
f 3857 3632 3807
f 3858 3809 3854
f 3858 3854 3855
f 3859 3634 3810
f 3859 3635 3634
f 3859 3636 3635
f 3859 3637 3636
f 3860 3637 3859
f 3860 3638 3637
f 3860 3859 3810
f 3861 3638 3860
f 3861 3860 3810
f 3861 3810 3808
f 3544 3638 3861
f 3480 3476 3479
f 3486 3479 3639
f 3862 3639 3811
f 3491 3813 3815
f 3497 3815 3814
f 3497 3814 3816
f 3504 3816 3503
f 3504 3505 3497
f 3504 3497 3816
f 3509 3503 3431
f 3434 3576 3820
f 3434 3431 3673
f 3434 3673 3576
f 3863 3399 58
f 3863 3575 3399
f 3863 3515 3575
f 3522 3832 3517
f 3522 3791 3832
f 3864 3791 3522
f 3865 3849 3790
f 3865 3790 3791
f 3865 3791 3864
f 3866 3855 3845
f 3866 3856 3855
f 3866 3848 3856
f 3866 3845 3846
f 3866 3846 3848
f 3867 3852 3851
f 3867 3851 3853
f 3867 3810 3857
f 3867 3857 3852
f 3867 3853 3809
f 3867 3809 3810
f 3868 3855 3856
f 3868 3858 3855
f 3869 3858 3868
f 3870 3808 3809
f 3870 3858 3869
f 3870 3809 3858
f 3871 3870 3869
f 3462 3808 3870
f 3462 3870 3871
f 3872 3861 3808
f 3872 3544 3861
f 3873 3411 3410
f 3873 41 3411
f 3873 3638 3544
f 3873 3410 3638
f 3874 41 3873
f 3874 3873 3544
f 3473 58 3472
f 3875 3486 3639
f 3875 3639 3862
f 3484 3811 3812
f 3484 3875 3862
f 3484 3862 3811
f 3414 3812 3413
f 3423 3424 3416
f 3423 3416 3422
f 3428 3654 3813
f 3428 3422 3654
f 3492 3813 3491
f 3492 3428 3813
f 3435 3431 3434
f 3439 3820 3513
f 3439 3434 3820
f 3514 3439 3513
f 3519 71 41
f 3519 3517 71
f 3876 3865 3864
f 3448 3451 3849
f 3448 3849 3865
f 3448 3865 3876
f 3454 3451 3448
f 3877 3856 3451
f 3457 3877 3451
f 3878 3856 3877
f 3878 3868 3856
f 3879 3868 3878
f 3880 3872 3808
f 3469 3872 3880
f 3469 3544 3872
f 3543 3544 3469
f 3482 3476 3480
f 3487 3479 3486
f 3881 3875 3484
f 3881 3486 3875
f 3493 3428 3492
f 3496 3491 3815
f 3496 3815 3497
f 3506 3497 3505
f 3506 3502 3497
f 3510 3503 3509
f 3436 3431 3435
f 3882 3863 58
f 3882 3515 3863
f 3521 3522 3517
f 3444 3864 3522
f 3883 3876 3864
f 3883 3448 3876
f 3528 3879 3878
f 3531 3868 3879
f 3531 3869 3868
f 3531 3871 3869
f 3536 3871 3531
f 3535 3536 3531
f 3540 3871 3536
f 3540 3462 3871
f 3466 3880 3808
f 3466 3808 3462
f 3884 41 3874
f 3884 3874 3544
f 3474 58 3473
f 3885 3881 3484
f 3885 3486 3881
f 3415 3812 3414
f 3425 3416 3424
f 3425 3419 3416
f 3421 3422 3428
f 3494 3428 3493
f 3433 3431 3436
f 3437 3434 3439
f 3440 3439 3514
f 3442 3519 41
f 3447 3864 3444
f 3447 3883 3864
f 3447 3448 3883
f 3449 3454 3448
f 3456 3457 3451
f 3452 3456 3451
f 3458 3877 3457
f 3458 3878 3877
f 3527 3528 3878
f 3527 3878 3458
f 3465 3466 3462
f 3467 3880 3466
f 3467 3469 3880
f 3470 3543 3469
f 3477 3476 3482
f 3481 3479 3487
f 3886 3486 3885
f 3886 3885 3484
f 3427 3428 3494
f 3490 3491 3496
f 3501 3499 3497
f 3501 3497 3502
f 3507 3503 3510
f 3430 3431 3433
f 3512 3515 3882
f 3512 3882 58
f 3518 3521 3517
f 3523 3444 3522
f 3445 3447 3444
f 3460 3527 3458
f 3529 3879 3528
f 3529 3531 3879
f 3538 3535 3531
f 3532 3538 3531
f 3537 3540 3536
f 3463 3465 3462
f 3542 3884 3544
f 3542 41 3884
f 3475 58 3474
f 3485 3486 3886
f 3485 3886 3484
f 3417 3812 3415
f 3417 3484 3812
f 3900 3902 3901
f 3903 3905 3904
f 3906 3908 3907
f 3906 3909 3908
f 3906 3904 3910
f 3906 3903 3904
f 3906 3910 3909
f 3906 3907 3911
f 3912 3906 3911
f 3912 3911 3913
f 3912 3913 3914
f 3915 132 105
f 3915 3916 132
f 3917 3919 3918
f 3917 3918 3920
f 3921 3922 3919
f 3921 3923 3922
f 3924 3926 3925
f 3927 3924 3925
f 3927 3929 3928
f 3927 3925 3929
f 3927 3923 3921
f 3927 3928 3923
f 3930 3932 3931
f 3930 3934 3933
f 3930 3926 3924
f 3930 3924 3927
f 3930 3931 3926
f 3930 3935 3932
f 3930 3933 3935
f 3936 3938 3937
f 3939 3941 3940
f 3942 3944 3943
f 3942 3946 3945
f 3942 3941 3939
f 3942 3943 3941
f 3942 3947 3946
f 3942 3945 3944
f 3948 3950 3949
f 3948 3949 3947
f 3948 3947 3942
f 3951 3953 3952
f 3951 3954 3953
f 3951 3955 3954
f 3951 3952 3956
f 3951 3957 3955
f 3951 119 3957
f 3958 3960 3959
f 3958 3961 3951
f 3958 3963 3962
f 3958 3951 3956
f 3958 3959 3963
f 3958 3956 3960
f 3964 3966 3965
f 3964 3967 3966
f 3964 3962 3967
f 3964 3965 3968
f 3964 3958 3962
f 3964 3961 3958
f 3964 3968 3961
f 3969 3971 3970
f 3969 3902 3900
f 3969 3970 3902
f 3969 3961 3972
f 3969 3972 3971
f 3973 3901 3974
f 3973 3976 3975
f 3973 3969 3900
f 3973 3978 3977
f 3973 3977 3976
f 3973 3900 3901
f 3973 3974 3978
f 3979 3961 3969
f 3979 3969 3973
f 3979 3975 3980
f 3979 3973 3975
f 3979 3980 3981
f 3982 3981 3983
f 3982 3979 3981
f 3984 119 119
f 3984 3961 3979
f 3984 3951 3961
f 3984 3986 3985
f 3984 3982 3983
f 3984 3987 3986
f 3984 3983 3987
f 3984 3985 3988
f 3984 3979 3982
f 3984 3988 3989
f 3984 3991 3990
f 3984 119 3951
f 3984 3989 3991
f 3992 3905 3903
f 3992 3906 3912
f 3992 3990 3993
f 3992 3993 3994
f 3992 3984 3990
f 3992 3912 3984
f 3992 3903 3906
f 3992 3994 3905
f 3995 3997 3996
f 3995 3912 3914
f 3995 3998 119
f 3995 119 3984
f 3995 3999 3998
f 3995 3984 3912
f 3995 3996 3999
f 3995 3914 3997
f 4000 4002 4001
f 4000 3915 105
f 4000 3916 3915
f 4000 4001 4003
f 4000 4003 4004
f 4000 4004 3916
f 4005 4007 4006
f 4005 4002 4000
f 4005 4008 4007
f 4005 4006 4009
f 4005 4009 4002
f 4005 4000 3921
f 4010 3917 3920
f 4010 3921 3919
f 4010 4008 4005
f 4010 3919 3917
f 4010 4011 4008
f 4010 4005 3921
f 4010 3920 4011
f 4012 3934 3930
f 4012 3930 3927
f 4012 3937 3934
f 4012 3927 3921
f 4012 3936 3937
f 4013 4015 4014
f 4013 3936 4012
f 4013 4017 4016
f 4013 3938 3936
f 4013 4016 4018
f 4013 4018 4015
f 4013 4014 3938
f 4019 4021 4020
f 4022 4023 4017
f 4022 4013 4012
f 4022 4012 3921
f 4022 4020 4023
f 4022 4017 4013
f 4022 4019 4020
f 4024 105 105
f 4024 4026 4025
f 4024 4027 4026
f 4024 4029 4028
f 4024 4025 4029
f 4024 4028 4030
f 4024 4030 4021
f 4024 3921 4000
f 4024 4000 105
f 4024 4031 4027
f 4024 4021 4019
f 4024 4022 3921
f 4024 4019 4022
f 4032 4024 3948
f 4032 4031 4024
f 4032 3940 4033
f 4032 3948 3942
f 4032 4033 4034
f 4032 3939 3940
f 4032 4034 4031
f 4032 3942 3939
f 4035 3948 4024
f 4035 4037 4036
f 4035 4038 4037
f 4035 4036 4039
f 4035 4039 3950
f 4035 105 4038
f 4035 4024 105
f 4035 3950 3948
f 4040 3952 120
f 4041 4040 120
f 4041 4042 4040
f 4041 4043 4042
f 4044 120 121
f 4044 4041 120
f 4044 4045 4043
f 4044 4043 4041
f 4046 4044 121
f 4046 4045 4044
f 4047 4048 4045
f 4047 4046 121
f 4047 4045 4046
f 4049 121 122
f 4049 4047 121
f 4050 122 123
f 4050 4049 122
f 4051 4052 4050
f 4051 4050 123
f 4053 4051 123
f 4053 4054 4052
f 4053 4052 4051
f 4055 4053 123
f 4055 123 124
f 4055 4054 4053
f 4055 4056 4054
f 4057 4056 4055
f 4057 4055 124
f 4058 4057 124
f 4058 4056 4057
f 4058 4059 4056
f 4060 4061 4059
f 4060 124 125
f 4060 4058 124
f 4060 4059 4058
f 4062 4061 4060
f 4062 4060 125
f 4063 125 126
f 4063 4062 125
f 4063 4061 4062
f 4064 126 127
f 4064 4063 126
f 4065 3887 3999
f 4066 4068 4067
f 4066 4064 127
f 4069 3887 4065
f 4069 4065 4070
f 4069 4070 4071
f 4072 4068 4066
f 4072 4066 127
f 4073 4068 4072
f 4073 127 128
f 4073 4074 4068
f 4073 4072 127
f 4075 4071 4076
f 4075 3888 3887
f 4075 4069 4071
f 4075 3887 4069
f 4077 3888 4075
f 4077 4075 4076
f 4078 4079 4074
f 4078 4074 4073
f 4078 4073 128
f 4080 4077 4076
f 4080 4076 4081
f 4080 3888 4077
f 4082 4078 128
f 4082 4079 4078
f 4083 3889 3888
f 4083 4080 4081
f 4083 3888 4080
f 4084 4082 128
f 4084 128 129
f 4085 3889 4083
f 4085 3890 3889
f 4085 4081 4086
f 4085 4083 4081
f 4087 4084 129
f 4087 129 130
f 4088 3890 4085
f 4088 4085 4086
f 4089 4090 4087
f 4089 4087 130
f 4091 4088 4086
f 4091 4086 4092
f 4091 3890 4088
f 4093 4094 4090
f 4093 4090 4089
f 4093 4089 130
f 4095 3890 4091
f 4095 3891 3890
f 4095 4091 4092
f 4095 4092 4096
f 4097 130 131
f 4097 4094 4093
f 4097 4098 4094
f 4097 4093 130
f 4099 3891 4095
f 4099 4095 4096
f 4100 4097 131
f 4100 4098 4097
f 4101 4096 4102
f 4101 3891 4099
f 4101 4099 4096
f 4103 4104 4098
f 4103 4100 131
f 4103 4098 4100
f 4105 131 132
f 4105 4106 4104
f 4105 4103 131
f 4105 4104 4103
f 4107 3892 3891
f 4107 4102 4108
f 4107 4101 4102
f 4107 3891 4101
f 4109 4105 132
f 4109 4106 4105
f 4110 3892 4107
f 4110 4107 4108
f 4111 4110 4108
f 4111 3893 3892
f 4111 4108 4112
f 4111 3892 4110
f 4113 3894 3893
f 4113 3893 4111
f 4113 4111 4112
f 4114 4113 4112
f 4114 4112 4115
f 4114 3894 4113
f 4116 3894 4114
f 4116 4114 4115
f 4117 3895 3894
f 4117 3894 4116
f 4117 4116 4115
f 4117 4115 4118
f 4119 3895 4117
f 4119 4117 4118
f 4119 4118 4120
f 4121 3895 4119
f 4121 4119 4120
f 4122 3896 3895
f 4122 3895 4121
f 4122 4121 4120
f 4123 3897 3896
f 4123 3896 4122
f 4123 4120 4124
f 4123 4122 4120
f 4125 3897 4123
f 4125 4123 4124
f 4126 4124 4127
f 4126 3897 4125
f 4126 4125 4124
f 4128 3898 3897
f 4128 4126 4127
f 4128 4127 4129
f 4128 3897 4126
f 4130 3898 4128
f 4130 4128 4129
f 4131 3898 4130
f 4131 4129 4132
f 4131 4130 4129
f 4133 3899 3898
f 4133 4132 4134
f 4133 3898 4131
f 4133 4131 4132
f 4135 3899 4133
f 4135 4133 4134
f 3963 3952 4040
f 3963 4040 4042
f 4136 3963 4042
f 4137 4139 4138
f 4137 4138 4042
f 4137 4042 4043
f 4137 4140 4139
f 4141 4140 4137
f 4141 4137 4043
f 4142 4140 4141
f 4142 4141 4043
f 4142 4143 4140
f 4144 4142 4043
f 4144 4143 4142
f 4144 4043 4045
f 4144 4145 4143
f 4146 4145 4144
f 4146 4144 4045
f 4147 4049 4050
f 4147 4050 4052
f 4147 4048 4047
f 4147 4047 4049
f 4148 4149 4145
f 4148 4145 4146
f 4148 4146 4045
f 4150 4151 4139
f 4150 4152 4151
f 4150 4139 4140
f 4153 4149 4148
f 4153 4148 4045
f 4153 4045 4048
f 4154 4155 4152
f 4154 4150 4140
f 4154 4140 4143
f 4154 4152 4150
f 4156 4157 4149
f 4156 4048 4147
f 4156 4149 4153
f 4156 4153 4048
f 4158 4154 4143
f 4158 4143 4145
f 4158 4155 4154
f 4159 4158 4145
f 4159 4155 4158
f 4160 4145 4149
f 4160 4159 4145
f 4160 4155 4159
f 4161 4149 4157
f 4161 4160 4149
f 4162 4147 4052
f 4162 4157 4156
f 4162 4156 4147
f 4163 4165 4164
f 4166 4165 4152
f 4166 4152 4155
f 4166 4167 4164
f 4166 4164 4165
f 4168 4166 4155
f 4168 4169 4167
f 4168 4167 4166
f 4170 4168 4155
f 4170 4169 4168
f 4171 3991 4163
f 4171 3905 3991
f 4172 4173 4169
f 4172 4169 4170
f 4172 4170 4155
f 4174 4052 4054
f 4174 4162 4052
f 4175 4171 4163
f 4175 4163 4164
f 4175 4070 4171
f 4175 4071 4070
f 4176 4177 4173
f 4176 4173 4172
f 4178 4179 4174
f 4178 4174 4054
f 4180 4178 4054
f 4180 4179 4178
f 4180 4181 4179
f 4182 4071 4175
f 4182 4175 4164
f 4183 4182 4164
f 4183 4164 4167
f 4183 4071 4182
f 4184 4181 4180
f 4184 4185 4181
f 4184 4054 4056
f 4184 4180 4054
f 4186 4184 4056
f 4186 4185 4184
f 4187 4076 4071
f 4187 4071 4183
f 4187 4183 4167
f 4187 4167 4169
f 4188 4186 4056
f 4188 4185 4186
f 4188 4189 4185
f 4190 4076 4187
f 4190 4187 4169
f 4191 4190 4169
f 4191 4076 4190
f 4191 4169 4173
f 4192 4188 4056
f 4192 4189 4188
f 4192 4193 4189
f 4192 4056 4059
f 4194 4192 4059
f 4194 4193 4192
f 4195 4076 4191
f 4195 4191 4173
f 4195 4081 4076
f 4196 4059 4061
f 4196 4193 4194
f 4196 4194 4059
f 4197 4198 4179
f 4197 4179 4181
f 4199 4195 4173
f 4199 4081 4195
f 4199 4173 4177
f 4200 4064 4066
f 4200 4066 4067
f 4200 4061 4063
f 4200 4063 4064
f 4201 4202 4197
f 4201 4197 4181
f 4201 4181 4185
f 4203 4202 4201
f 4203 4201 4185
f 4204 4202 4203
f 4204 4203 4185
f 4204 4185 4189
f 4205 4202 4204
f 4205 4204 4189
f 4205 4189 4193
f 4206 4196 4061
f 4206 4061 4200
f 4207 4086 4081
f 4207 4199 4177
f 4207 4081 4199
f 4208 4210 4209
f 4208 4209 4211
f 4212 4210 4208
f 4212 4213 4210
f 4212 4208 4202
f 4214 4205 4193
f 4215 4213 4212
f 4215 4212 4202
f 4216 4217 4213
f 4216 4215 4202
f 4216 4213 4215
f 4218 4219 4206
f 4218 4220 4219
f 4218 4200 4067
f 4218 4206 4200
f 4221 4222 4217
f 4221 4216 4202
f 4221 4217 4216
f 4223 4086 4207
f 4223 4092 4086
f 4224 4067 4068
f 4224 4218 4067
f 4224 4220 4218
f 4225 4223 4209
f 4225 4092 4223
f 4226 4225 4209
f 4226 4092 4225
f 4226 4209 4210
f 4227 4228 4220
f 4227 4220 4224
f 4227 4224 4068
f 4229 4227 4068
f 4229 4228 4227
f 4230 4226 4210
f 4230 4092 4226
f 4230 4210 4213
f 4230 4096 4092
f 4231 4222 4221
f 4232 4228 4229
f 4232 4068 4074
f 4232 4233 4228
f 4232 4229 4068
f 4234 4230 4213
f 4234 4096 4230
f 4235 4234 4213
f 4235 4213 4217
f 4235 4096 4234
f 4236 4232 4074
f 4236 4233 4232
f 4236 4237 4233
f 4238 4079 4082
f 4238 4082 4084
f 4238 4087 4090
f 4238 4084 4087
f 4239 4236 4074
f 4239 4237 4236
f 4240 4235 4217
f 4240 4096 4235
f 4240 4102 4096
f 4240 4217 4222
f 4241 4240 4222
f 4241 4102 4240
f 4242 4219 4220
f 4243 4074 4079
f 4243 4239 4074
f 4243 4237 4239
f 4244 4102 4241
f 4244 4108 4102
f 4244 4241 4222
f 4245 4220 4228
f 4245 4242 4220
f 4246 4243 4079
f 4246 4247 4237
f 4246 4237 4243
f 4248 4249 4245
f 4248 4245 4228
f 4250 4228 4233
f 4250 4249 4248
f 4250 4248 4228
f 4251 4233 4237
f 4251 4250 4233
f 4251 4249 4250
f 4252 4112 4108
f 4252 4108 4244
f 4253 4255 4254
f 4256 4237 4247
f 4256 4251 4237
f 4257 4246 4079
f 4257 4238 4090
f 4257 4079 4238
f 4257 4247 4246
f 4258 4255 4253
f 4258 4259 4255
f 4260 4259 4258
f 4260 4258 4249
f 4261 4262 4259
f 4261 4259 4260
f 4261 4260 4249
f 4263 4252 4254
f 4263 4112 4252
f 4263 4254 4255
f 4264 4262 4261
f 4264 4265 4262
f 4264 4261 4249
f 4266 4090 4094
f 4266 4257 4090
f 4267 4115 4112
f 4267 4263 4255
f 4267 4112 4263
f 4268 4265 4264
f 4268 4269 4265
f 4270 4271 4266
f 4270 4266 4094
f 4272 4270 4094
f 4272 4273 4271
f 4272 4271 4270
f 4274 4267 4255
f 4274 4115 4267
f 4274 4255 4259
f 4275 4115 4274
f 4275 4274 4259
f 4276 4272 4094
f 4276 4277 4273
f 4276 4273 4272
f 4276 4094 4098
f 4278 4259 4262
f 4278 4275 4259
f 4278 4115 4275
f 4278 4118 4115
f 4279 4276 4098
f 4279 4277 4276
f 4280 4279 4098
f 4280 4281 4277
f 4280 4277 4279
f 4282 4262 4265
f 4282 4118 4278
f 4282 4278 4262
f 4283 4280 4098
f 4283 4281 4280
f 4283 4284 4281
f 4283 4098 4104
f 4007 4109 4001
f 4007 4106 4109
f 4285 4282 4265
f 4285 4118 4282
f 4286 4284 4283
f 4286 4283 4104
f 4287 4284 4286
f 4287 4286 4104
f 4287 4104 4106
f 4288 4118 4285
f 4288 4120 4118
f 4288 4285 4265
f 4289 4106 4007
f 4290 4271 4273
f 4290 4291 4271
f 4292 4290 4273
f 4292 4273 4277
f 4292 4293 4290
f 4294 3925 4284
f 4294 4284 4287
f 4294 4287 4106
f 4295 4265 4269
f 4295 4288 4265
f 4295 4120 4288
f 4296 4292 4277
f 4296 4293 4292
f 4297 4296 4277
f 4297 4293 4296
f 4298 4297 4277
f 4298 4277 4281
f 4298 4281 4284
f 4298 4293 4297
f 4299 4300 4293
f 4299 4298 4284
f 4299 4293 4298
f 4301 4295 4269
f 4301 4124 4120
f 4301 4120 4295
f 4302 4304 4303
f 4302 4303 4305
f 4306 4302 4293
f 4306 4307 4304
f 4306 4304 4302
f 4308 4284 3925
f 4308 4299 4284
f 4308 4300 4299
f 4309 4306 4293
f 4309 4307 4306
f 4310 4309 4293
f 4310 4307 4309
f 4311 4307 4310
f 4311 4312 4307
f 4311 4313 4312
f 4311 4310 4293
f 4314 4127 4124
f 4314 4124 4301
f 4315 4311 4293
f 4315 4313 4311
f 4315 4293 4300
f 4316 4127 4314
f 4316 4314 4303
f 4317 4303 4304
f 4317 4316 4303
f 4317 4127 4316
f 4318 4317 4304
f 4318 4127 4317
f 4318 4304 4307
f 4318 4129 4127
f 4319 4318 4307
f 4319 4129 4318
f 4320 4129 4319
f 4320 4307 4312
f 4320 4319 4307
f 4321 4313 4315
f 4322 4129 4320
f 4322 4320 4312
f 4322 4132 4129
f 4322 4312 4313
f 4323 4322 4313
f 4323 4132 4322
f 4324 4323 4313
f 4324 4313 4321
f 4324 4132 4323
f 4324 4134 4132
f 4325 4324 4321
f 4325 4134 4324
f 4325 4321 4027
f 3940 4325 4027
f 3953 119 120
f 3953 120 3952
f 4326 4136 4042
f 4326 4042 4138
f 4327 4138 4139
f 4327 4326 4138
f 4327 4139 4328
f 4329 4139 4151
f 4330 4151 4152
f 4331 4152 4165
f 4331 4330 4152
f 4331 4332 4330
f 4333 4331 4165
f 4333 4165 4163
f 4333 4163 3991
f 4334 4155 4160
f 4334 4160 4161
f 4334 4172 4155
f 4334 4176 4172
f 4335 4161 4157
f 4335 4334 4161
f 4335 4336 4334
f 4337 4198 4335
f 4337 4335 4157
f 4337 4157 4162
f 4337 4162 4174
f 4338 4065 3999
f 4338 4070 4065
f 4339 4198 4337
f 4339 4179 4198
f 4339 4174 4179
f 4339 4337 4174
f 3996 4338 3999
f 4340 4176 4334
f 4340 4334 4336
f 4340 4177 4176
f 4341 4335 4198
f 4341 4197 4202
f 4341 4198 4197
f 4341 4202 4208
f 4341 4208 4211
f 4341 4336 4335
f 4341 4211 4340
f 4341 4340 4336
f 4342 4207 4177
f 4342 4177 4340
f 4342 4340 4211
f 4342 4223 4207
f 4343 4193 4196
f 4343 4214 4193
f 4344 4209 4223
f 4344 4342 4211
f 4344 4211 4209
f 4344 4223 4342
f 4345 4343 4196
f 4345 4214 4343
f 4345 4206 4219
f 4345 4196 4206
f 4346 4231 4221
f 4346 4202 4205
f 4346 4221 4202
f 4346 4205 4214
f 4347 4214 4345
f 4347 4345 4219
f 4347 4346 4214
f 4347 4348 4346
f 4347 4219 4242
f 4349 4244 4222
f 4349 4222 4231
f 4350 4244 4349
f 4350 4349 4231
f 4350 4254 4252
f 4350 4252 4244
f 4351 4254 4350
f 4351 4346 4348
f 4351 4350 4231
f 4351 4231 4346
f 4351 4253 4254
f 4352 4348 4347
f 4352 4347 4242
f 4352 4253 4351
f 4352 4245 4249
f 4352 4242 4245
f 4352 4351 4348
f 4352 4249 4258
f 4352 4258 4253
f 4353 4249 4251
f 4353 4251 4256
f 4353 4268 4264
f 4353 4264 4249
f 4354 4355 4353
f 4354 4353 4256
f 4354 4256 4247
f 4356 4271 4291
f 4356 4291 4354
f 4356 4354 4247
f 4356 4266 4271
f 4356 4247 4257
f 4356 4257 4266
f 4003 4001 4109
f 4003 4109 132
f 4357 4353 4355
f 4357 4269 4268
f 4357 4268 4353
f 4358 4355 4354
f 4358 4357 4355
f 4358 4354 4291
f 4358 4291 4290
f 4358 4305 4357
f 4358 4293 4302
f 4358 4290 4293
f 4358 4302 4305
f 4359 4106 4289
f 4359 4294 4106
f 3922 4294 4359
f 3922 3925 4294
f 4360 4314 4301
f 4360 4301 4269
f 4360 4269 4357
f 4360 4357 4305
f 4360 4303 4314
f 4360 4305 4303
f 3929 3925 3922
f 3933 4308 3925
f 4361 4300 4308
f 4362 4315 4300
f 4362 4300 4361
f 4363 4027 4321
f 4363 4321 4315
f 4363 4315 4362
f 4364 4362 4361
f 4365 4037 4135
f 4365 4135 4134
f 4036 4037 4365
f 3959 3952 3963
f 3966 3963 4136
f 4366 4136 4326
f 3976 4330 4332
f 3981 4332 4331
f 3981 4331 4333
f 3989 3988 3981
f 3989 4333 3991
f 3989 3981 4333
f 3994 3991 3905
f 3907 3905 4171
f 3907 4171 4070
f 3907 4070 4338
f 4367 3887 119
f 4367 3999 3887
f 4006 4007 4001
f 3920 4289 4007
f 4368 4359 4289
f 4016 4364 4361
f 4020 4363 4362
f 4020 4362 4364
f 4026 4363 4020
f 4026 4027 4363
f 4025 4026 4020
f 4033 3940 4027
f 3946 4134 4325
f 3946 4325 3940
f 3946 4365 4134
f 4369 4135 4037
f 4369 105 3899
f 4369 3899 4135
f 3954 119 3953
f 4370 3966 4136
f 4370 4136 4366
f 3968 4370 4366
f 3968 4326 4327
f 3968 4366 4326
f 4371 4327 4328
f 4372 4139 4329
f 4372 4373 4139
f 3902 4151 4330
f 3902 4329 4151
f 3977 3902 4330
f 3977 4330 3976
f 3908 3905 3907
f 3913 3907 4338
f 3913 4338 3996
f 3997 3913 3996
f 4004 4003 132
f 4374 4289 3920
f 4374 4368 4289
f 3919 4368 4374
f 3919 4359 4368
f 3919 3922 4359
f 3928 3929 3922
f 3935 3933 3925
f 3932 3935 3925
f 3937 4308 3933
f 3937 4361 4308
f 4018 4361 3937
f 4018 4016 4361
f 3945 3946 3940
f 3949 4365 3946
f 3949 4036 4365
f 4039 4036 3949
f 3960 3952 3959
f 3967 3963 3966
f 4375 3966 4370
f 4375 4370 3968
f 3978 3902 3977
f 3980 3976 4332
f 3980 4332 3981
f 3985 3981 3988
f 3985 3986 3981
f 3993 3991 3994
f 3909 3905 3908
f 4376 3999 4367
f 4376 4367 119
f 4009 4006 4001
f 4011 3920 4007
f 4377 4374 3920
f 4377 3919 4374
f 4015 4018 3937
f 4023 4364 4016
f 4023 4020 4364
f 4029 4025 4020
f 4028 4029 4020
f 4034 4033 4027
f 3944 3945 3940
f 4378 105 4369
f 4378 4369 4037
f 3955 119 3954
f 4379 4375 3968
f 4379 3966 4375
f 4380 4327 4371
f 4381 4139 4373
f 4381 4382 4139
f 3970 4329 3902
f 3974 3902 3978
f 3910 3905 3909
f 3911 3907 3913
f 3914 3913 3997
f 3916 4004 132
f 4383 3919 4377
f 4383 4377 3920
f 3923 3928 3922
f 3931 3932 3925
f 3926 3931 3925
f 3934 3937 3933
f 4014 4015 3937
f 3943 3944 3940
f 3947 3949 3946
f 3950 4039 3949
f 3956 3952 3960
f 3962 3963 3967
f 4384 4379 3968
f 4384 3966 4379
f 3901 3902 3974
f 3975 3976 3980
f 3987 3983 3981
f 3987 3981 3986
f 3990 3991 3993
f 3904 3905 3910
f 3998 3999 4376
f 3998 4376 119
f 4002 4009 4001
f 4008 4011 4007
f 3918 3919 4383
f 3918 4383 3920
f 3938 4014 3937
f 4017 4023 4016
f 4030 4028 4020
f 4021 4030 4020
f 4031 4034 4027
f 3941 3943 3940
f 4038 4378 4037
f 4038 105 4378
f 3957 119 3955
f 3965 4384 3968
f 3965 3966 4384
f 3961 4327 4380
f 3961 3968 4327
f 3972 4371 4328
f 3972 4328 4139
f 3972 4380 4371
f 3972 3961 4380
f 4385 4139 4382
f 4385 3972 4139
f 3971 4372 4329
f 3971 4373 4372
f 3971 4329 3970
f 3971 4381 4373
f 3971 4382 4381
f 3971 4385 4382
f 3971 3972 4385
f 4389 4391 4390
f 4392 4389 73
f 4392 4391 4389
f 4393 73 74
f 4393 4394 4391
f 4393 4392 73
f 4393 4391 4392
f 4395 4394 4393
f 4395 4396 4394
f 4395 4393 74
f 4397 4395 74
f 4397 4396 4395
f 4398 74 75
f 4398 4399 4396
f 4398 4397 74
f 4398 4396 4397
f 4400 4398 75
f 4400 4401 4399
f 4400 4399 4398
f 4402 4400 75
f 4402 4401 4400
f 4403 4405 4404
f 4406 4403 4404
f 4406 4386 4403
f 4407 4387 4386
f 4407 4386 4406
f 4407 4404 4408
f 4407 4406 4404
f 4409 4408 4410
f 4409 4387 4407
f 4409 4407 4408
f 4411 4387 4409
f 4411 4409 4410
f 4412 4388 4387
f 4412 4410 4413
f 4412 4387 4411
f 4412 4411 4410
f 4414 4413 4415
f 4414 4388 4412
f 4414 4412 4413
f 4416 4388 4414
f 4416 4414 4415
f 4417 4418 4389
f 4417 4389 4390
f 4419 4421 4420
f 4419 4420 4422
f 4419 4423 4390
f 4424 4421 4419
f 4424 4419 4390
f 4425 4426 4421
f 4425 4421 4424
f 4425 4424 4390
f 4425 4390 4391
f 4427 4428 4426
f 4427 4426 4425
f 4427 4425 4391
f 4429 4428 4427
f 4429 4427 4391
f 4430 4431 4428
f 4430 4428 4429
f 4430 4429 4391
f 4430 4391 4394
f 4432 4433 4420
f 4432 4435 4434
f 4432 4434 4433
f 4436 4431 4430
f 4436 4430 4394
f 4437 4420 4421
f 4437 4432 4420
f 4437 4435 4432
f 4438 4439 4431
f 4438 4431 4436
f 4438 4436 4394
f 4438 4394 4396
f 4440 4421 4426
f 4440 4441 4435
f 4440 4437 4421
f 4440 4435 4437
f 4442 4439 4438
f 4442 4443 4439
f 4442 4438 4396
f 4444 4443 4442
f 4444 4442 4396
f 4445 4446 4443
f 4445 4396 4399
f 4445 4443 4444
f 4445 4444 4396
f 4447 4401 4402
f 4447 4402 4448
f 4449 4426 4428
f 4449 4440 4426
f 4449 4441 4440
f 4450 4451 4446
f 4450 4446 4445
f 4450 4445 4399
f 4452 4449 4428
f 4452 4441 4449
f 4453 4451 4450
f 4453 4450 4399
f 4454 4428 4431
f 4454 4452 4428
f 4454 4441 4452
f 4455 4401 4447
f 4456 4458 4457
f 4459 4451 4453
f 4459 4399 4401
f 4459 4453 4399
f 4460 4431 4439
f 4460 4461 4441
f 4460 4454 4431
f 4460 4441 4454
f 4462 4463 4458
f 4462 4458 4456
f 4462 4456 4435
f 4464 4435 4441
f 4464 4465 4463
f 4464 4462 4435
f 4464 4463 4462
f 4466 4467 4451
f 4466 4451 4459
f 4466 4459 4401
f 4468 4439 4443
f 4468 4460 4439
f 4468 4461 4460
f 4469 4461 4468
f 4469 4468 4443
f 4470 4469 4443
f 4470 4443 4446
f 4470 4461 4469
f 4471 4472 4465
f 4471 4465 4464
f 4471 4464 4441
f 4473 4461 4470
f 4473 4470 4446
f 4473 4446 4451
f 4474 4471 4441
f 4474 4472 4471
f 4475 4477 4476
f 4478 4474 4441
f 4478 4472 4474
f 4478 4479 4472
f 4480 4481 4458
f 4480 4477 4475
f 4482 4405 4477
f 4482 4480 4458
f 4482 4477 4480
f 4482 4458 4463
f 4483 4461 4473
f 4483 4473 4451
f 4483 4484 4461
f 4485 4478 4441
f 4485 4441 4461
f 4485 4479 4478
f 4485 4486 4479
f 4487 4405 4482
f 4487 4482 4463
f 4488 4483 4451
f 4488 4451 4467
f 4488 4484 4483
f 4489 4405 4487
f 4489 4487 4463
f 4489 4404 4405
f 4489 4463 4465
f 4490 4486 4485
f 4490 4485 4461
f 4490 4491 4486
f 4492 4491 4490
f 4492 4490 4461
f 4493 4465 4472
f 4493 4489 4465
f 4493 4404 4489
f 4494 4492 4461
f 4494 4491 4492
f 4494 4495 4491
f 4496 4493 4472
f 4496 4404 4493
f 4497 4494 4461
f 4497 4495 4494
f 4497 4498 4495
f 4499 4472 4479
f 4499 4408 4404
f 4499 4496 4472
f 4499 4404 4496
f 4500 4499 4479
f 4500 4408 4499
f 4501 4461 4484
f 4501 4497 4461
f 4501 4498 4497
f 4502 4479 4486
f 4502 4500 4479
f 4502 4410 4408
f 4502 4408 4500
f 4503 4486 4491
f 4503 4502 4486
f 4503 4410 4502
f 4504 4410 4503
f 4504 4503 4491
f 4505 4491 4495
f 4505 4413 4410
f 4505 4504 4491
f 4505 4410 4504
f 4506 4498 4501
f 4507 4495 4498
f 4507 4505 4495
f 4507 4413 4505
f 4508 4507 4498
f 4508 4413 4507
f 4509 4415 4413
f 4509 4498 4506
f 4509 4413 4508
f 4509 4508 4498
f 4510 4506 4511
f 4510 4509 4506
f 4510 4415 4509
f 4512 4510 4511
f 4513 4418 4514
f 4515 4419 4422
f 4515 4422 4516
f 4515 4423 4419
f 4517 4515 4516
f 4518 4516 4422
f 4518 4422 4420
f 4518 4420 4519
f 4520 4402 75
f 4520 4448 4402
f 4521 4434 4435
f 4521 4435 4456
f 4521 4456 4457
f 4522 4521 4457
f 4523 4466 4401
f 4523 4401 4455
f 4524 4466 4523
f 4524 4467 4466
f 4525 4467 4524
f 4526 4477 4405
f 4526 4405 4403
f 4526 4403 4527
f 4528 4527 4529
f 4530 4484 4488
f 4531 4484 4530
f 4531 4501 4484
f 4532 4531 4530
f 4533 4501 4531
f 4533 4511 4506
f 4533 4506 4501
f 4534 4416 4415
f 4535 4416 4534
f 4535 4536 4416
f 4537 4418 4417
f 4538 4417 4390
f 4538 4423 4539
f 4538 4390 4423
f 4540 4539 4423
f 4540 4423 4515
f 4541 4542 4434
f 4541 4521 4543
f 4541 4434 4521
f 4544 4447 4448
f 4545 4455 4447
f 4546 4481 4547
f 4546 4458 4481
f 4546 4548 4457
f 4546 4457 4458
f 4549 4523 4455
f 4550 4480 4475
f 4550 4475 4476
f 4551 4477 4526
f 4552 4532 4530
f 4553 4386 72
f 4553 4403 4386
f 4553 4527 4403
f 4554 4533 4531
f 4554 4531 4532
f 4555 4554 4556
f 4555 4533 4554
f 4555 4511 4533
f 4557 4512 4511
f 4558 4534 4415
f 4559 58 4388
f 4559 4388 4416
f 4559 4416 4536
f 4560 4418 4513
f 4561 4539 4540
f 4562 4540 4515
f 4562 4515 4517
f 4562 4561 4540
f 4563 4516 4518
f 4564 4433 4565
f 4566 4565 4567
f 4566 4564 4565
f 4568 4520 75
f 4569 4434 4542
f 4569 4565 4433
f 4569 4433 4434
f 4570 4542 4541
f 4571 4549 4455
f 4572 4523 4549
f 4572 4524 4523
f 4572 4549 4571
f 4573 4525 4524
f 4574 4477 4551
f 4575 4526 4527
f 4576 4488 4467
f 4576 4577 4488
f 4576 4467 4578
f 4579 4527 4528
f 4580 4488 4577
f 4580 4530 4488
f 4581 4552 4530
f 4582 4558 4415
f 4583 4535 4534
f 4584 4535 4583
f 4585 4418 4537
f 4586 4417 4538
f 4587 4539 4561
f 4587 4561 4562
f 4588 4542 4570
f 4589 4543 4521
f 4589 4521 4522
f 4589 4522 4590
f 4591 4544 4448
f 4592 4457 4548
f 4592 4593 4522
f 4592 4522 4457
f 4594 4545 4447
f 4595 4571 4455
f 4595 4572 4571
f 4596 4480 4550
f 4597 4477 4574
f 4598 4581 4530
f 4599 4527 4553
f 4599 4553 72
f 4600 4554 4532
f 4601 4556 4554
f 4601 4554 4602
f 4603 4557 4511
f 4604 4415 4510
f 4604 4510 4512
f 4604 4582 4415
f 4605 58 4559
f 4605 4559 4536
f 4606 4418 4560
f 4607 4539 4587
f 4607 4587 4562
f 4608 4516 4563
f 4609 4610 4433
f 4609 4433 4564
f 4611 4565 4569
f 4612 4568 75
f 4613 4542 4588
f 4614 4595 4455
f 4614 4572 4595
f 4614 4455 4545
f 4615 4573 4524
f 4616 4477 4597
f 4617 4526 4575
f 4618 4578 4467
f 4618 4467 4619
f 4620 4575 4527
f 4620 4527 4579
f 4621 4580 4577
f 4622 4598 4530
f 4622 4530 4580
f 4623 4604 4512
f 4624 4583 4534
f 4625 4584 4583
f 4626 4514 4418
f 4626 4418 4585
f 4626 4560 4513
f 4626 4606 4560
f 4626 4513 4514
f 4627 4417 4586
f 4628 4539 4607
f 4628 4607 4562
f 4629 4542 4613
f 4630 4543 4589
f 4631 4591 4448
f 4632 4522 4593
f 4632 4633 4522
f 4634 4594 4447
f 4635 4614 4545
f 4635 4572 4614
f 4636 4547 4481
f 4636 4548 4546
f 4636 4592 4548
f 4636 4593 4592
f 4636 4481 4480
f 4636 4546 4547
f 4636 4632 4593
f 4636 4633 4632
f 4636 4480 4596
f 4637 4477 4616
f 4638 4622 4580
f 4639 4527 4599
f 4639 4529 4527
f 4639 4528 4529
f 4639 4579 4528
f 4639 4599 72
f 4639 4620 4579
f 4640 4600 4532
f 4641 4554 4642
f 4641 4602 4554
f 4643 4603 4511
f 4644 4623 4512
f 4645 58 4605
f 4645 4605 4536
f 4646 4606 4626
f 4646 72 73
f 4646 4389 4418
f 4646 4418 4606
f 4646 73 4389
f 4647 4628 4562
f 4647 4539 4628
f 4648 4516 4608
f 4648 4517 4516
f 4648 4562 4517
f 4649 4420 4433
f 4649 4519 4420
f 4649 4648 4608
f 4649 4518 4519
f 4649 4608 4563
f 4649 4563 4518
f 4650 4433 4610
f 4650 4649 4433
f 4651 4567 4565
f 4651 4566 4567
f 4651 4564 4566
f 4651 4565 4611
f 4651 4610 4609
f 4651 4609 4564
f 4651 4650 4610
f 4651 4649 4650
f 4652 75 58
f 4652 4612 75
f 4653 4542 4629
f 4654 4572 4635
f 4654 4635 4545
f 4655 4615 4524
f 4655 4524 4572
f 4656 4477 4637
f 4657 4574 4551
f 4657 4656 4637
f 4657 4551 4526
f 4657 4597 4574
f 4657 4616 4597
f 4657 4637 4616
f 4657 4526 4617
f 4658 4615 4655
f 4658 4467 4525
f 4658 4525 4573
f 4658 4573 4615
f 4659 4619 4467
f 4659 4467 4658
f 4660 4620 4639
f 4660 4575 4620
f 4660 4657 4617
f 4660 4617 4575
f 4660 4639 72
f 4661 4578 4618
f 4661 4618 4619
f 4661 4621 4577
f 4661 4659 4658
f 4661 4619 4659
f 4661 4577 4576
f 4661 4576 4578
f 4662 4638 4580
f 4663 4644 4512
f 4664 4604 4623
f 4664 4534 4558
f 4664 4644 4663
f 4664 4582 4604
f 4664 4623 4644
f 4664 4558 4582
f 4664 4624 4534
f 4665 4625 4583
f 4665 4624 4664
f 4665 4583 4624
f 4666 4585 4537
f 4666 4626 4585
f 4666 4537 4417
f 4666 72 4646
f 4666 4646 4626
f 4666 4417 4627
f 4666 4648 72
f 4667 4627 4586
f 4667 4647 4562
f 4667 4648 4666
f 4667 4666 4627
f 4667 4538 4539
f 4667 4586 4538
f 4667 4539 4647
f 4667 4562 4648
f 4668 4569 4542
f 4668 4611 4569
f 4668 4648 4649
f 4668 4651 4611
f 4668 4542 4653
f 4668 4649 4651
f 4669 4541 4543
f 4669 4653 4629
f 4669 4588 4570
f 4669 4668 4653
f 4669 4570 4541
f 4669 4629 4613
f 4669 4613 4588
f 4669 4543 4630
f 4670 4631 4448
f 4670 4652 58
f 4670 4448 4520
f 4670 4520 4568
f 4670 4568 4612
f 4670 4612 4652
f 4671 72 72
f 4671 4648 4668
f 4671 4630 4589
f 4671 4660 72
f 4671 4668 4669
f 4671 4669 4630
f 4671 72 4648
f 4671 4590 4522
f 4671 4589 4590
f 4672 4522 4633
f 4672 4633 4636
f 4672 4671 4522
f 4672 4636 4671
f 4673 4634 4447
f 4673 4544 4591
f 4673 4631 4670
f 4673 4670 4655
f 4673 4591 4631
f 4673 4447 4544
f 4674 4634 4673
f 4674 4572 4654
f 4674 4655 4572
f 4674 4545 4594
f 4674 4654 4545
f 4674 4673 4655
f 4674 4594 4634
f 4675 4636 4596
f 4675 4550 4476
f 4675 4656 4657
f 4675 4477 4656
f 4675 4476 4477
f 4675 4671 4636
f 4675 4657 4660
f 4675 4660 4671
f 4675 4596 4550
f 4676 4658 4655
f 4676 4661 4658
f 4676 4662 4580
f 4676 4580 4621
f 4676 4621 4661
f 4677 4662 4676
f 4677 4598 4622
f 4677 4532 4552
f 4677 4622 4638
f 4677 4581 4598
f 4677 4638 4662
f 4677 4640 4532
f 4677 4552 4581
f 4678 4676 4655
f 4678 4600 4640
f 4678 4554 4600
f 4678 4640 4677
f 4678 4677 4676
f 4679 4642 4554
f 4679 4554 4678
f 4680 4670 58
f 4680 58 58
f 4680 4511 4555
f 4680 4678 4655
f 4680 4556 4601
f 4680 4601 4602
f 4680 4655 4670
f 4680 4643 4511
f 4680 4641 4642
f 4680 4602 4641
f 4680 4679 4678
f 4680 4642 4679
f 4680 4555 4556
f 4681 4512 4557
f 4681 4664 4663
f 4681 4680 4665
f 4681 4643 4680
f 4681 4603 4643
f 4681 4665 4664
f 4681 4557 4603
f 4681 4663 4512
f 4682 4645 4536
f 4682 4535 4584
f 4682 4536 4535
f 4682 4584 4625
f 4682 4680 58
f 4682 4665 4680
f 4682 4625 4665
f 4682 58 4645
f 4696 4698 4697
f 4696 4700 4699
f 4701 4703 4702
f 4701 4696 4703
f 4704 4706 4705
f 4704 4705 4707
f 4704 4707 4708
f 4704 4702 4709
f 4704 4709 4706
f 4704 4701 4702
f 4704 4696 4701
f 4710 4712 4711
f 4713 4715 4714
f 4716 4713 4714
f 4716 4718 4717
f 4716 4714 4719
f 4716 4719 4720
f 4716 4717 4721
f 4716 4720 4718
f 4722 4721 4723
f 4722 4723 4724
f 4722 4716 4721
f 4725 4726 93
f 4727 4729 4728
f 4730 4732 4731
f 4730 4731 4729
f 4730 4729 4727
f 4733 4735 4734
f 4736 4732 4730
f 4736 4734 4737
f 4736 4733 4734
f 4736 4737 4732
f 4738 4739 4735
f 4738 4740 4739
f 4738 4741 4740
f 4738 4735 4733
f 4738 4733 4736
f 4742 4743 4741
f 4744 4746 4745
f 4747 4746 4744
f 4747 4748 4746
f 4747 4749 4748
f 4747 4750 4749
f 4751 4752 4750
f 4751 4753 4752
f 4751 4750 4747
f 4754 4756 4755
f 4754 105 4757
f 4754 4757 4756
f 4754 4759 4758
f 4754 4760 4759
f 4754 4755 4760
f 4761 4754 4758
f 4761 4758 4762
f 4761 4764 4763
f 4761 4765 4764
f 4761 4762 4765
f 4761 4698 4754
f 4766 4698 4761
f 4766 4768 4767
f 4766 4769 4768
f 4766 4763 4770
f 4766 4761 4763
f 4766 4767 4698
f 4766 4770 4769
f 4771 4704 4708
f 4771 4698 4696
f 4771 4696 4704
f 4771 4708 4712
f 4771 4712 4710
f 4772 4771 4710
f 4772 4774 4773
f 4772 4776 4775
f 4772 4711 4777
f 4772 4710 4711
f 4772 4777 4776
f 4772 4775 4774
f 4778 4780 4779
f 4778 4773 4780
f 4778 4771 4772
f 4778 4772 4773
f 4778 4698 4771
f 4781 4778 4779
f 4781 4779 4782
f 4783 105 105
f 4783 4698 4778
f 4783 4781 4782
f 4783 4778 4781
f 4783 4785 4784
f 4783 105 4754
f 4783 4786 4785
f 4783 4784 4787
f 4783 4789 4788
f 4783 4788 4786
f 4783 4790 4789
f 4783 4782 4790
f 4783 4754 4698
f 4791 4722 4783
f 4791 4787 4792
f 4791 4793 4715
f 4791 4792 4793
f 4791 4713 4716
f 4791 4716 4722
f 4791 4715 4713
f 4791 4783 4787
f 4794 4783 4722
f 4794 4796 4795
f 4794 4795 105
f 4794 4798 4797
f 4794 4722 4724
f 4794 4797 4796
f 4794 4724 4798
f 4794 105 4783
f 4799 4801 4800
f 4799 4802 4801
f 4799 4800 4726
f 4799 4726 4725
f 4799 4725 93
f 4803 4805 4804
f 4803 4799 4730
f 4803 4804 4806
f 4803 4806 4802
f 4803 4802 4799
f 4807 4728 4805
f 4807 4803 4730
f 4807 4727 4728
f 4807 4805 4803
f 4807 4730 4727
f 4808 4736 4730
f 4808 4742 4741
f 4808 4741 4738
f 4808 4738 4736
f 4809 4810 4743
f 4809 4812 4811
f 4809 4742 4808
f 4809 4811 4810
f 4809 4743 4742
f 4813 4815 4814
f 4816 4809 4808
f 4816 4813 4814
f 4816 4812 4809
f 4816 4808 4730
f 4816 4814 4812
f 4817 93 93
f 4817 4818 4815
f 4817 4815 4813
f 4817 4819 4818
f 4817 4813 4816
f 4817 4730 4799
f 4817 4816 4730
f 4817 4799 93
f 4817 4821 4820
f 4817 4820 4819
f 4822 4823 4821
f 4822 4745 4823
f 4822 4744 4745
f 4822 4817 4751
f 4822 4821 4817
f 4822 4747 4744
f 4822 4751 4747
f 4824 4825 4753
f 4824 4827 4826
f 4824 93 4827
f 4824 4817 93
f 4824 4826 4825
f 4824 4751 4817
f 4824 4753 4751
f 4828 4829 106
f 4828 4830 4829
f 4828 4831 4830
f 4832 106 107
f 4832 4831 4828
f 4832 4833 4831
f 4832 4828 106
f 4834 4832 107
f 4834 4833 4832
f 4835 4836 4833
f 4835 4834 107
f 4835 4833 4834
f 4837 107 108
f 4837 4835 107
f 4838 108 109
f 4838 4837 108
f 4839 4838 109
f 4839 4840 4838
f 4841 4840 4839
f 4841 4839 109
f 4841 4842 4840
f 4843 4842 4841
f 4843 109 110
f 4843 4841 109
f 4843 4844 4842
f 4845 4844 4843
f 4845 4843 110
f 4846 4844 4845
f 4846 4845 110
f 4846 4847 4844
f 4848 110 111
f 4848 4847 4846
f 4848 4846 110
f 4848 4849 4847
f 4850 4849 4848
f 4850 4848 111
f 4851 111 112
f 4851 4849 4850
f 4851 4850 111
f 4852 112 113
f 4852 4851 112
f 4853 4855 4854
f 4853 4852 113
f 4856 4855 4853
f 4856 4853 113
f 4857 4858 4855
f 4857 113 114
f 4857 4855 4856
f 4857 4856 113
f 4859 4683 4860
f 4859 4860 4861
f 4859 4861 4862
f 4863 4864 4858
f 4863 4857 114
f 4863 4858 4857
f 4865 4862 4866
f 4865 4684 4683
f 4865 4683 4859
f 4865 4859 4862
f 4867 4864 4863
f 4867 4863 114
f 4868 4684 4865
f 4868 4865 4866
f 4869 114 115
f 4869 4870 4864
f 4869 4867 114
f 4869 4864 4867
f 4871 4866 4872
f 4871 4684 4868
f 4871 4868 4866
f 4873 4874 4870
f 4873 4869 115
f 4873 4870 4869
f 4875 4685 4684
f 4875 4871 4872
f 4875 4684 4871
f 4876 4873 115
f 4876 4874 4873
f 4877 4876 115
f 4877 4878 4874
f 4877 4874 4876
f 4879 4686 4685
f 4879 4872 4880
f 4879 4685 4875
f 4879 4875 4872
f 4881 4877 115
f 4881 115 116
f 4881 4882 4878
f 4881 4878 4877
f 4883 4881 116
f 4883 4882 4881
f 4884 4686 4879
f 4884 4879 4880
f 4885 116 117
f 4885 4883 116
f 4886 4880 4887
f 4886 4686 4884
f 4886 4884 4880
f 4888 4885 117
f 4889 4886 4887
f 4889 4687 4686
f 4889 4887 4890
f 4889 4686 4886
f 4891 4888 117
f 4892 4687 4889
f 4892 4889 4890
f 4893 4890 4894
f 4893 4687 4892
f 4893 4892 4890
f 4895 4688 4687
f 4895 4894 4896
f 4895 4687 4893
f 4895 4893 4894
f 4897 4895 4896
f 4897 4688 4895
f 4898 4897 4896
f 4898 4689 4688
f 4898 4896 4899
f 4898 4688 4897
f 4900 4690 4689
f 4900 4689 4898
f 4900 4898 4899
f 4901 4900 4899
f 4901 4899 4902
f 4901 4690 4900
f 4903 4690 4901
f 4903 4901 4902
f 4904 4691 4690
f 4904 4690 4903
f 4904 4903 4902
f 4904 4902 4905
f 4906 4691 4904
f 4906 4904 4905
f 4906 4905 4907
f 4908 4691 4906
f 4908 4906 4907
f 4909 4692 4691
f 4909 4691 4908
f 4909 4908 4907
f 4909 4907 4910
f 4911 4692 4909
f 4911 4909 4910
f 4911 4910 4912
f 4913 4692 4911
f 4913 4911 4912
f 4914 4692 4913
f 4914 4913 4912
f 4914 4912 4915
f 4916 4693 4692
f 4916 4692 4914
f 4916 4914 4915
f 4916 4915 4917
f 4918 4693 4916
f 4918 4916 4917
f 4919 4694 4693
f 4919 4693 4918
f 4920 4694 4919
f 4921 4694 4920
f 4764 4759 4829
f 4764 4829 4830
f 4922 4764 4830
f 4923 4924 4703
f 4923 4830 4831
f 4923 4925 4830
f 4923 4703 4925
f 4926 4923 4831
f 4926 4924 4923
f 4927 4926 4831
f 4927 4924 4926
f 4927 4928 4924
f 4929 4930 4928
f 4929 4831 4833
f 4929 4927 4831
f 4929 4928 4927
f 4931 4836 4835
f 4931 4835 4837
f 4931 4837 4838
f 4931 4838 4840
f 4932 4929 4833
f 4932 4930 4929
f 4933 4932 4833
f 4933 4934 4930
f 4933 4930 4932
f 4935 4933 4833
f 4935 4934 4933
f 4935 4833 4836
f 4936 4937 4703
f 4936 4703 4924
f 4936 4938 4937
f 4939 4940 4934
f 4939 4934 4935
f 4939 4935 4836
f 4941 4938 4936
f 4941 4942 4938
f 4941 4936 4924
f 4941 4924 4928
f 4943 4928 4930
f 4943 4942 4941
f 4943 4941 4928
f 4944 4942 4943
f 4944 4943 4930
f 4945 4930 4934
f 4945 4944 4930
f 4945 4942 4944
f 4946 4940 4939
f 4946 4939 4836
f 4946 4931 4840
f 4946 4836 4931
f 4947 4934 4940
f 4947 4945 4934
f 4947 4942 4945
f 4948 4950 4949
f 4951 4950 4938
f 4951 4938 4942
f 4951 4949 4950
f 4951 4952 4949
f 4953 4951 4942
f 4953 4954 4952
f 4953 4952 4951
f 4955 4953 4942
f 4955 4954 4953
f 4956 4715 4784
f 4956 4784 4948
f 4957 4958 4954
f 4957 4955 4942
f 4957 4954 4955
f 4959 4946 4840
f 4959 4840 4842
f 4960 4961 4959
f 4960 4959 4842
f 4962 4963 4961
f 4962 4961 4960
f 4962 4960 4842
f 4964 4942 4947
f 4965 4948 4949
f 4965 4956 4948
f 4965 4861 4956
f 4965 4862 4861
f 4966 4942 4964
f 4966 4967 4958
f 4966 4957 4942
f 4966 4958 4957
f 4968 4963 4962
f 4968 4962 4842
f 4968 4842 4844
f 4968 4969 4963
f 4970 4965 4949
f 4970 4862 4965
f 4971 4968 4844
f 4971 4969 4968
f 4972 4862 4970
f 4972 4970 4949
f 4972 4949 4952
f 4973 4974 4969
f 4973 4971 4844
f 4973 4969 4971
f 4975 4866 4862
f 4975 4952 4954
f 4975 4862 4972
f 4975 4972 4952
f 4976 4844 4847
f 4976 4977 4974
f 4976 4973 4844
f 4976 4974 4973
f 4978 4975 4954
f 4978 4866 4975
f 4979 4976 4847
f 4979 4977 4976
f 4980 4978 4954
f 4980 4866 4978
f 4980 4954 4958
f 4981 4977 4979
f 4981 4979 4847
f 4981 4847 4849
f 4982 4980 4958
f 4982 4872 4866
f 4982 4866 4980
f 4983 4849 4851
f 4983 4851 4852
f 4983 4853 4854
f 4983 4852 4853
f 4984 4961 4963
f 4984 4985 4961
f 4986 4987 4984
f 4986 4984 4963
f 4986 4963 4969
f 4988 4982 4958
f 4988 4872 4982
f 4988 4958 4967
f 4989 4986 4969
f 4989 4987 4986
f 4990 4989 4969
f 4990 4987 4989
f 4990 4969 4974
f 4991 4990 4974
f 4991 4974 4977
f 4991 4987 4990
f 4992 4981 4849
f 4992 4983 4854
f 4992 4849 4983
f 4993 4880 4872
f 4993 4872 4988
f 4993 4988 4967
f 4994 4996 4995
f 4994 4995 4997
f 4998 4996 4994
f 4998 4999 4996
f 4998 4994 4987
f 5000 4991 4977
f 5001 4998 4987
f 5001 4999 4998
f 5002 5004 5003
f 5002 5003 4992
f 5002 4992 4854
f 5005 5006 4999
f 5005 4999 5001
f 5005 5001 4987
f 5007 5005 4987
f 5007 5006 5005
f 5007 5008 5006
f 5009 4854 4855
f 5009 5002 4854
f 5009 5004 5002
f 5010 4887 4880
f 5010 4880 4993
f 5011 5012 5004
f 5011 5009 4855
f 5011 5004 5009
f 5013 4887 5010
f 5013 5010 4995
f 5014 5011 4855
f 5014 5012 5011
f 5015 4995 4996
f 5015 4887 5013
f 5015 5013 4995
f 5016 4855 4858
f 5016 5017 5012
f 5016 5014 4855
f 5016 5012 5014
f 5018 4996 4999
f 5018 4890 4887
f 5018 4887 5015
f 5018 5015 4996
f 5019 5008 5007
f 5020 5021 5017
f 5020 5016 4858
f 5020 5017 5016
f 5022 5018 4999
f 5022 4890 5018
f 5023 5020 4858
f 5023 5021 5020
f 5024 4999 5006
f 5024 5022 4999
f 5024 4890 5022
f 5025 4858 4864
f 5025 5026 5021
f 5025 5021 5023
f 5025 5023 4858
f 5027 5003 5004
f 5028 5027 5029
f 5030 5024 5006
f 5030 4890 5024
f 5030 4894 4890
f 5030 5006 5008
f 5031 5025 4864
f 5031 5026 5025
f 5031 5032 5026
f 5033 4894 5030
f 5033 5030 5008
f 5034 5031 4864
f 5034 5032 5031
f 5035 5032 5034
f 5035 5034 4864
f 5035 5036 5032
f 5037 5033 5008
f 5037 4894 5033
f 5037 4896 4894
f 5038 5027 5004
f 5038 5029 5027
f 5038 5004 5012
f 5039 5029 5038
f 5039 5038 5012
f 5040 5035 4864
f 5040 5036 5035
f 5040 5041 5036
f 5040 4864 4870
f 5042 5029 5039
f 5042 5039 5012
f 5042 5012 5017
f 5043 5040 4870
f 5043 5041 5040
f 5044 5029 5042
f 5044 5042 5017
f 5045 5044 5017
f 5045 5029 5044
f 5045 5017 5021
f 5046 4870 4874
f 5046 5043 4870
f 5046 5041 5043
f 5047 5045 5021
f 5048 5046 4874
f 5049 5021 5026
f 5049 5047 5021
f 5050 5052 5051
f 5050 5028 5029
f 5053 5049 5026
f 5053 5026 5032
f 5054 4896 5037
f 5054 4899 4896
f 5055 4874 4878
f 5055 5048 4874
f 5056 4882 4883
f 5056 4883 4885
f 5056 4885 4888
f 5056 4888 4891
f 5057 5052 5050
f 5057 5050 5029
f 5057 5058 5052
f 5059 5057 5029
f 5059 5058 5057
f 5060 5059 5029
f 5060 5058 5059
f 5060 5061 5058
f 5062 5060 5029
f 5062 5061 5060
f 5063 5051 5052
f 5063 4899 5054
f 5063 5054 5051
f 5064 5062 5029
f 5064 5065 5061
f 5064 5061 5062
f 5066 5065 5064
f 5067 5068 5065
f 5067 5065 5066
f 5069 5070 5068
f 5069 5068 5067
f 5071 4902 4899
f 5071 5063 5052
f 5071 4899 5063
f 5072 4882 5056
f 5073 5072 5056
f 5073 5056 4891
f 5074 5073 4891
f 5075 5071 5052
f 5075 4902 5071
f 5075 5052 5058
f 5076 4902 5075
f 5076 5075 5058
f 5077 4902 5076
f 5077 5076 5058
f 5077 4905 4902
f 5077 5058 5061
f 5078 5061 5065
f 5078 5077 5061
f 5078 4905 5077
f 5079 5078 5065
f 5079 4905 5078
f 5080 5065 5068
f 5080 5079 5065
f 5080 4905 5079
f 5080 4907 4905
f 5081 5068 5070
f 5081 4907 5080
f 5081 5080 5068
f 5082 5081 5070
f 5082 4907 5081
f 5083 5070 5084
f 5083 4907 5082
f 5083 5082 5070
f 5085 5084 5086
f 5085 4910 4907
f 5085 5083 5084
f 5085 4907 5083
f 5087 4910 5085
f 5087 5085 5086
f 5088 4912 4910
f 5088 5087 5086
f 5088 4910 5087
f 5089 4912 5088
f 5090 4915 4912
f 5090 4912 5089
f 5091 5093 5092
f 4760 106 4829
f 4760 4829 4759
f 5094 4922 4830
f 5094 4830 4925
f 5095 4703 4699
f 5095 4925 4703
f 5095 5094 4925
f 4707 4703 4937
f 5096 4937 4938
f 5097 4938 4950
f 5097 5096 4938
f 5097 5098 5096
f 5099 5097 4950
f 5099 4948 4784
f 5099 4950 4948
f 5100 4947 4940
f 5100 4964 4947
f 5101 4940 4946
f 5101 4985 5100
f 5101 4959 4961
f 5101 5100 4940
f 5101 4946 4959
f 5101 4961 4985
f 5102 4860 4796
f 5102 4861 4860
f 4797 5102 4796
f 5103 4966 4964
f 5103 4967 4966
f 5104 4964 5100
f 5104 5100 4985
f 5104 5103 4964
f 5104 4987 4994
f 5104 4994 4997
f 5104 4985 4984
f 5104 4984 4987
f 5104 4997 5103
f 5105 4967 5103
f 5105 4993 4967
f 5105 5103 4997
f 5105 4995 5010
f 5105 4997 4995
f 5105 5010 4993
f 5106 4981 4992
f 5106 4977 4981
f 5106 5000 4977
f 5106 4992 5003
f 5107 4987 4991
f 5107 4991 5000
f 5107 5007 4987
f 5107 5019 5007
f 5108 5107 5000
f 5108 5027 5028
f 5108 5003 5027
f 5108 5000 5106
f 5108 5106 5003
f 5108 5028 5107
f 5109 5037 5008
f 5109 5054 5037
f 5109 5051 5054
f 5109 5008 5019
f 5110 5051 5109
f 5110 5109 5019
f 5110 5107 5028
f 5110 5019 5107
f 5110 5028 5050
f 5110 5050 5051
f 5111 5074 4891
f 5111 117 118
f 5111 4891 117
f 5112 5067 5066
f 5112 5066 5064
f 5112 5069 5067
f 5112 5049 5053
f 5112 5029 5045
f 5112 5045 5047
f 5112 5047 5049
f 5112 5064 5029
f 5113 5032 5036
f 5113 5036 5041
f 5113 5114 5112
f 5113 5112 5053
f 5113 5053 5032
f 5115 5116 5113
f 5115 5041 5046
f 5115 5046 5048
f 5115 5048 5055
f 5115 5113 5041
f 5117 4882 5072
f 5117 4878 4882
f 5117 5055 4878
f 5117 5118 5115
f 5117 5115 5055
f 4801 5111 118
f 5119 5069 5112
f 5119 5070 5069
f 5119 5084 5070
f 5119 5086 5084
f 5119 5112 5114
f 5120 5113 5116
f 5120 5121 5119
f 5120 5114 5113
f 5120 5119 5114
f 5122 5116 5115
f 5122 5124 5123
f 5122 5120 5116
f 5122 5115 5118
f 5122 5123 5120
f 5125 5117 5072
f 5125 5118 5117
f 5125 5122 5118
f 5125 5124 5122
f 5126 5072 5073
f 5126 5125 5072
f 5126 5127 5125
f 5128 5126 5073
f 5129 5086 5119
f 5129 5088 5086
f 5129 5119 5121
f 5129 5089 5088
f 5129 5090 5089
f 5130 5121 5120
f 5130 5129 5121
f 5130 5120 5123
f 5130 5131 5129
f 4734 5127 5126
f 4734 5126 5128
f 5132 5130 5123
f 5133 5123 5124
f 5133 5132 5123
f 5133 5092 5132
f 5134 5133 5124
f 5135 5127 4734
f 5136 5093 4917
f 5136 4917 4915
f 5136 5129 5131
f 5136 4915 5090
f 5136 5090 5129
f 5137 5092 5133
f 5137 5133 5134
f 5138 4917 5093
f 5138 4918 4917
f 5138 4919 4918
f 5138 4920 4919
f 5139 4920 5138
f 5139 4921 4920
f 5139 5138 5093
f 5140 4921 5139
f 5140 5139 5093
f 5140 5093 5091
f 4826 4921 5140
f 4765 4759 4764
f 4769 4764 4922
f 5141 4922 5094
f 4774 5096 5098
f 4779 5098 5097
f 4779 5097 5099
f 4785 5099 4784
f 4785 4786 4779
f 4785 4779 5099
f 4793 4784 4715
f 4717 4861 5102
f 4717 4956 4861
f 5142 4683 105
f 5142 4860 4683
f 5142 4796 4860
f 4804 5111 4801
f 4804 5074 5111
f 5143 5074 4804
f 5144 5074 5143
f 5144 5073 5074
f 5144 5128 5073
f 5145 5134 5124
f 5145 5135 5134
f 5145 5127 5135
f 5145 5124 5125
f 5145 5125 5127
f 5146 5136 5131
f 5146 5093 5136
f 5146 5132 5092
f 5146 5130 5132
f 5146 5092 5093
f 5146 5131 5130
f 5147 5134 5135
f 5147 5137 5134
f 5148 5137 5147
f 5149 5092 5137
f 5149 5137 5148
f 5149 5091 5092
f 5150 5149 5148
f 4745 5091 5149
f 4745 5149 5150
f 5151 5140 5091
f 5151 4826 5140
f 5152 4695 4694
f 5152 93 4695
f 5152 4921 4826
f 5152 4694 4921
f 5153 93 5152
f 5153 5152 4826
f 4755 105 106
f 4755 106 4760
f 5154 4769 4922
f 5154 4922 5141
f 4767 5094 5095
f 4767 5141 5094
f 4767 5154 5141
f 4700 5095 4699
f 4705 4706 4703
f 4705 4703 4707
f 4712 4937 5096
f 4712 4707 4937
f 4775 5096 4774
f 4775 4712 5096
f 4718 4956 4717
f 4718 4715 4956
f 4723 5102 4797
f 4723 4717 5102
f 4798 4723 4797
f 4800 118 93
f 4800 4801 118
f 5155 5144 5143
f 4731 5144 5155
f 4731 5128 5144
f 4731 4734 5128
f 4737 4734 4731
f 5156 5135 4734
f 4740 5156 4734
f 5157 5135 5156
f 5157 5147 5135
f 5158 5147 5157
f 5159 5151 5091
f 4752 5151 5159
f 4752 4826 5151
f 4825 4826 4752
f 4762 4759 4765
f 4770 4764 4769
f 5160 5154 4767
f 5160 4769 5154
f 4776 4712 4775
f 4780 4774 5098
f 4780 5098 4779
f 4788 4789 4779
f 4788 4779 4786
f 4792 4784 4793
f 4720 4715 4718
f 5161 5142 105
f 5161 4796 5142
f 4806 4804 4801
f 4728 5143 4804
f 5162 5155 5143
f 5162 4731 5155
f 4811 5158 5157
f 4814 5147 5158
f 4814 5148 5147
f 4814 5150 5148
f 4820 5150 4814
f 4819 4820 4814
f 4823 4745 5150
f 4749 5159 5091
f 4749 5091 4745
f 5163 5153 4826
f 5163 93 5153
f 4756 105 4755
f 5164 5160 4767
f 5164 4769 5160
f 4697 5095 4700
f 4709 4703 4706
f 4709 4702 4703
f 4708 4707 4712
f 4777 4712 4776
f 4719 4715 4720
f 4721 4717 4723
f 4724 4723 4798
f 4726 4800 93
f 5165 4731 5162
f 5165 5143 4728
f 5165 5162 5143
f 4732 4737 4731
f 4739 4740 4734
f 4735 4739 4734
f 4741 5156 4740
f 4741 5157 5156
f 4810 4811 5157
f 4810 5157 4741
f 4748 4749 4745
f 4750 5159 4749
f 4750 4752 5159
f 4753 4825 4752
f 4758 4759 4762
f 4763 4764 4770
f 5166 4769 5164
f 5166 5164 4767
f 4711 4712 4777
f 4773 4774 4780
f 4790 4779 4789
f 4790 4782 4779
f 4787 4784 4792
f 4714 4715 4719
f 4795 5161 105
f 4795 4796 5161
f 4802 4806 4801
f 4805 4728 4804
f 4729 5165 4728
f 4729 4731 5165
f 4743 4810 4741
f 4812 5158 4811
f 4812 4814 5158
f 4818 4819 4814
f 4815 4818 4814
f 4821 5150 4820
f 4821 4823 5150
f 4746 4748 4745
f 4827 5163 4826
f 4827 93 5163
f 4757 105 4756
f 4768 5166 4767
f 4768 4769 5166
f 4698 5095 4697
f 4698 4767 5095
f 4696 4697 4700
f 4696 4699 4703
f 5180 5182 5181
f 5183 76 5184
f 5185 5187 5186
f 5185 5188 5187
f 5189 5191 5190
f 5189 5186 5191
f 5192 5194 5193
f 5192 5193 5195
f 5192 5190 5194
f 5192 5189 5190
f 5196 5195 5197
f 5196 5192 5195
f 5198 5200 5199
f 5198 5197 5201
f 5198 5202 5200
f 5198 5199 5203
f 5198 5201 5202
f 5198 5196 5197
f 5198 5192 5196
f 5204 5206 5205
f 5207 5209 5208
f 5210 5207 5208
f 5210 5212 5211
f 5210 5208 5213
f 5210 5211 5214
f 5210 5215 5212
f 5210 5213 5215
f 5216 5210 5214
f 5216 5218 5217
f 5216 5214 5218
f 5219 89 72
f 5219 5220 89
f 5221 5223 5222
f 5221 5222 5224
f 5225 5227 5226
f 5225 5226 5223
f 5228 5230 5229
f 5231 5232 5227
f 5231 5228 5229
f 5231 5229 5233
f 5231 5227 5225
f 5231 5233 5232
f 5234 5236 5235
f 5234 5235 5230
f 5234 5230 5228
f 5234 5238 5237
f 5234 5228 5231
f 5234 5237 5239
f 5234 5239 5236
f 5240 5242 5241
f 5243 5245 5244
f 5246 5248 5247
f 5246 5250 5249
f 5246 5249 5251
f 5246 5251 5248
f 5246 5247 5245
f 5246 5245 5243
f 5252 5253 5250
f 5252 5254 5253
f 5252 5250 5246
f 5255 5257 5256
f 5255 5256 5258
f 5255 76 5183
f 5255 5184 5257
f 5255 5258 5259
f 5255 5183 5184
f 5260 5262 5261
f 5260 5255 5259
f 5260 5189 5255
f 5260 5264 5263
f 5260 5261 5264
f 5260 5259 5262
f 5265 5266 5188
f 5265 5188 5185
f 5265 5263 5266
f 5265 5260 5263
f 5265 5189 5260
f 5265 5186 5189
f 5265 5185 5186
f 5267 5189 5192
f 5267 5203 5206
f 5267 5198 5203
f 5267 5206 5204
f 5267 5192 5198
f 5268 5270 5269
f 5268 5267 5204
f 5268 5269 5271
f 5268 5205 5272
f 5268 5272 5270
f 5268 5204 5205
f 5268 5271 5273
f 5274 5276 5275
f 5274 5273 5276
f 5274 5268 5273
f 5274 5267 5268
f 5274 5189 5267
f 5277 5274 5275
f 5277 5275 5278
f 5279 76 76
f 5279 5281 5280
f 5279 5282 5281
f 5279 5284 5283
f 5279 5278 5285
f 5279 5255 5189
f 5279 5285 5282
f 5279 5277 5278
f 5279 5274 5277
f 5279 5189 5274
f 5279 5286 5284
f 5279 76 5255
f 5279 5280 5286
f 5287 5209 5207
f 5287 5216 5279
f 5287 5289 5288
f 5287 5210 5216
f 5287 5207 5210
f 5287 5279 5283
f 5287 5288 5209
f 5287 5283 5289
f 5290 5279 5216
f 5290 5217 5291
f 5290 5292 76
f 5290 5216 5217
f 5290 5294 5293
f 5290 5293 5292
f 5290 5291 5294
f 5290 76 5279
f 5295 5220 5219
f 5295 5297 5296
f 5295 5296 5298
f 5295 5299 5297
f 5295 5219 72
f 5295 5298 5220
f 5300 5302 5301
f 5300 5301 5303
f 5300 5303 5304
f 5300 5304 5299
f 5300 5299 5295
f 5300 5295 5225
f 5305 5223 5221
f 5305 5225 5223
f 5305 5224 5306
f 5305 5300 5225
f 5305 5306 5302
f 5305 5221 5224
f 5305 5302 5300
f 5307 5241 5238
f 5307 5231 5225
f 5307 5240 5241
f 5307 5234 5231
f 5307 5238 5234
f 5308 5310 5309
f 5308 5312 5311
f 5308 5309 5242
f 5308 5313 5312
f 5308 5240 5307
f 5308 5242 5240
f 5308 5311 5310
f 5314 5316 5315
f 5317 5307 5225
f 5317 5315 5318
f 5317 5318 5313
f 5317 5314 5315
f 5317 5308 5307
f 5317 5313 5308
f 5319 5295 72
f 5319 72 72
f 5319 5321 5320
f 5319 5322 5321
f 5319 5320 5323
f 5319 5323 5324
f 5319 5325 5322
f 5319 5324 5326
f 5319 5326 5316
f 5319 5316 5314
f 5319 5317 5225
f 5319 5314 5317
f 5319 5225 5295
f 5327 5325 5319
f 5327 5244 5328
f 5327 5252 5246
f 5327 5328 5329
f 5327 5243 5244
f 5327 5329 5325
f 5327 5246 5243
f 5327 5319 5252
f 5330 5331 5254
f 5330 5332 5331
f 5330 5254 5252
f 5330 5181 5332
f 5330 72 5180
f 5330 5180 5181
f 5330 5319 72
f 5330 5252 5319
f 5333 5334 77
f 5333 5335 5334
f 5333 5336 5335
f 5337 77 78
f 5337 5333 77
f 5337 5338 5336
f 5337 5336 5333
f 5339 5338 5337
f 5339 5337 78
f 5340 5341 5338
f 5340 5339 78
f 5340 5338 5339
f 5342 78 79
f 5342 5340 78
f 5343 79 80
f 5343 5342 79
f 5344 5345 5343
f 5344 5343 80
f 5346 5344 80
f 5346 5347 5345
f 5346 5345 5344
f 5348 5346 80
f 5348 5347 5346
f 5348 80 81
f 5348 5349 5347
f 5350 5348 81
f 5350 5349 5348
f 5351 5350 81
f 5351 5349 5350
f 5351 5352 5349
f 5353 5354 5352
f 5353 5352 5351
f 5353 81 82
f 5353 5351 81
f 5355 5354 5353
f 5355 5353 82
f 5356 82 83
f 5356 5355 82
f 5356 5354 5355
f 5357 83 84
f 5357 5356 83
f 5358 5360 5359
f 5358 5357 84
f 5361 5360 5358
f 5361 5358 84
f 5362 5167 5363
f 5362 5363 5364
f 5362 5364 5365
f 5366 5360 5361
f 5366 84 85
f 5366 5367 5360
f 5366 5361 84
f 5368 5168 5167
f 5368 5365 5369
f 5368 5362 5365
f 5368 5167 5362
f 5370 5371 5367
f 5370 5367 5366
f 5370 5366 85
f 5372 5368 5369
f 5372 5168 5368
f 5373 5371 5370
f 5373 5370 85
f 5374 5372 5369
f 5374 5369 5375
f 5374 5168 5372
f 5376 5373 85
f 5376 85 86
f 5377 5169 5168
f 5377 5374 5375
f 5377 5168 5374
f 5378 5376 86
f 5378 86 87
f 5379 5170 5169
f 5379 5375 5380
f 5379 5169 5377
f 5379 5377 5375
f 5381 5382 5378
f 5381 5378 87
f 5383 5170 5379
f 5383 5379 5380
f 5384 5385 5382
f 5384 5382 5381
f 5384 5381 87
f 5386 5380 5387
f 5386 5170 5383
f 5386 5383 5380
f 5388 87 88
f 5388 5389 5385
f 5388 5385 5384
f 5388 5384 87
f 5390 5171 5170
f 5390 5386 5387
f 5390 5387 5391
f 5390 5170 5386
f 5392 5389 5388
f 5392 5388 88
f 5393 5171 5390
f 5393 5390 5391
f 5394 5395 5389
f 5394 5392 88
f 5394 5389 5392
f 5396 5391 5397
f 5396 5171 5393
f 5396 5393 5391
f 5398 88 89
f 5398 5399 5395
f 5398 5394 88
f 5398 5395 5394
f 5400 5398 89
f 5400 5399 5398
f 5401 5172 5171
f 5401 5396 5397
f 5401 5397 5402
f 5401 5171 5396
f 5403 5172 5401
f 5403 5401 5402
f 5404 5403 5402
f 5404 5173 5172
f 5404 5402 5405
f 5404 5172 5403
f 5406 5174 5173
f 5406 5173 5404
f 5406 5404 5405
f 5407 5406 5405
f 5407 5405 5408
f 5407 5174 5406
f 5409 5174 5407
f 5409 5407 5408
f 5410 5175 5174
f 5410 5174 5409
f 5410 5409 5408
f 5410 5408 5411
f 5412 5175 5410
f 5412 5410 5411
f 5412 5411 5413
f 5414 5175 5412
f 5414 5412 5413
f 5415 5176 5175
f 5415 5175 5414
f 5415 5414 5413
f 5416 5177 5176
f 5416 5176 5415
f 5416 5413 5417
f 5416 5415 5413
f 5418 5416 5417
f 5418 5177 5416
f 5419 5418 5417
f 5419 5417 5420
f 5419 5177 5418
f 5421 5178 5177
f 5421 5420 5422
f 5421 5177 5419
f 5421 5419 5420
f 5423 5421 5422
f 5423 5178 5421
f 5424 5422 5425
f 5424 5178 5423
f 5424 5423 5422
f 5426 5179 5178
f 5426 5178 5424
f 5426 5425 5427
f 5426 5424 5425
f 5428 5179 5426
f 5428 5426 5427
f 5264 5258 5334
f 5264 5334 5335
f 5429 5264 5335
f 5430 5431 5335
f 5430 5195 5431
f 5430 5335 5336
f 5430 5432 5195
f 5433 5430 5336
f 5433 5432 5430
f 5434 5435 5432
f 5434 5433 5336
f 5434 5432 5433
f 5436 5435 5434
f 5436 5434 5336
f 5436 5437 5435
f 5436 5336 5338
f 5438 5342 5343
f 5438 5343 5345
f 5438 5341 5340
f 5438 5340 5342
f 5439 5437 5436
f 5439 5436 5338
f 5440 5441 5437
f 5440 5437 5439
f 5440 5439 5338
f 5442 5441 5440
f 5442 5440 5338
f 5442 5338 5341
f 5443 5444 5195
f 5443 5445 5444
f 5443 5195 5432
f 5446 5447 5441
f 5446 5341 5438
f 5446 5441 5442
f 5446 5442 5341
f 5448 5432 5435
f 5448 5449 5445
f 5448 5443 5432
f 5448 5445 5443
f 5450 5449 5448
f 5450 5448 5435
f 5450 5435 5437
f 5451 5449 5450
f 5451 5450 5437
f 5452 5437 5441
f 5452 5451 5437
f 5452 5449 5451
f 5453 5441 5447
f 5453 5452 5441
f 5454 5438 5345
f 5454 5447 5446
f 5454 5446 5438
f 5455 5457 5456
f 5458 5459 5456
f 5458 5445 5449
f 5458 5456 5457
f 5458 5457 5445
f 5460 5461 5459
f 5460 5459 5458
f 5460 5458 5449
f 5462 5461 5460
f 5462 5460 5449
f 5463 5209 5284
f 5463 5284 5455
f 5464 5465 5461
f 5464 5461 5462
f 5464 5462 5449
f 5466 5454 5345
f 5466 5345 5347
f 5467 5468 5466
f 5467 5466 5347
f 5469 5455 5456
f 5469 5364 5463
f 5469 5463 5455
f 5469 5365 5364
f 5470 5465 5464
f 5470 5471 5465
f 5472 5473 5468
f 5472 5468 5467
f 5472 5467 5347
f 5474 5469 5456
f 5474 5365 5469
f 5475 5472 5347
f 5475 5476 5473
f 5475 5347 5349
f 5475 5473 5472
f 5477 5365 5474
f 5477 5456 5459
f 5477 5474 5456
f 5478 5476 5475
f 5478 5475 5349
f 5479 5476 5478
f 5479 5478 5349
f 5479 5480 5476
f 5481 5477 5459
f 5481 5369 5365
f 5481 5365 5477
f 5481 5459 5461
f 5482 5481 5461
f 5482 5369 5481
f 5483 5479 5349
f 5483 5480 5479
f 5483 5484 5480
f 5483 5349 5352
f 5485 5482 5461
f 5485 5369 5482
f 5485 5461 5465
f 5486 5483 5352
f 5486 5484 5483
f 5487 5485 5465
f 5487 5369 5485
f 5487 5375 5369
f 5488 5352 5354
f 5488 5484 5486
f 5488 5486 5352
f 5489 5490 5468
f 5489 5468 5473
f 5491 5357 5358
f 5491 5354 5356
f 5491 5358 5359
f 5491 5356 5357
f 5492 5489 5473
f 5492 5493 5489
f 5492 5473 5476
f 5494 5375 5487
f 5494 5487 5465
f 5494 5465 5471
f 5495 5493 5492
f 5495 5492 5476
f 5496 5493 5495
f 5496 5495 5476
f 5496 5476 5480
f 5497 5493 5496
f 5497 5496 5480
f 5497 5480 5484
f 5498 5488 5354
f 5498 5354 5491
f 5499 5380 5375
f 5499 5375 5494
f 5499 5494 5471
f 5500 5502 5501
f 5500 5503 5502
f 5504 5505 5503
f 5504 5503 5500
f 5504 5500 5493
f 5506 5497 5484
f 5507 5505 5504
f 5507 5504 5493
f 5508 5509 5498
f 5508 5510 5509
f 5508 5491 5359
f 5508 5498 5491
f 5511 5512 5505
f 5511 5505 5507
f 5511 5507 5493
f 5513 5514 5512
f 5513 5512 5511
f 5513 5511 5493
f 5515 5387 5380
f 5515 5380 5499
f 5516 5359 5360
f 5516 5508 5359
f 5516 5510 5508
f 5517 5515 5502
f 5517 5387 5515
f 5518 5519 5510
f 5518 5516 5360
f 5518 5510 5516
f 5520 5387 5517
f 5520 5502 5503
f 5520 5517 5502
f 5521 5518 5360
f 5521 5519 5518
f 5522 5521 5360
f 5522 5519 5521
f 5522 5523 5519
f 5522 5360 5367
f 5524 5387 5520
f 5524 5503 5505
f 5524 5391 5387
f 5524 5520 5503
f 5525 5514 5513
f 5526 5524 5505
f 5526 5391 5524
f 5527 5522 5367
f 5527 5523 5522
f 5527 5528 5523
f 5529 5391 5526
f 5529 5505 5512
f 5529 5526 5505
f 5530 5373 5376
f 5530 5376 5378
f 5530 5378 5382
f 5530 5371 5373
f 5531 5527 5367
f 5531 5528 5527
f 5532 5391 5529
f 5532 5529 5512
f 5532 5512 5514
f 5532 5397 5391
f 5533 5509 5510
f 5534 5367 5371
f 5534 5531 5367
f 5534 5528 5531
f 5535 5532 5514
f 5535 5397 5532
f 5536 5535 5514
f 5536 5402 5397
f 5536 5397 5535
f 5537 5510 5519
f 5537 5533 5510
f 5538 5534 5371
f 5538 5528 5534
f 5538 5539 5528
f 5540 5541 5537
f 5540 5537 5519
f 5542 5519 5523
f 5542 5540 5519
f 5542 5541 5540
f 5543 5523 5528
f 5543 5542 5523
f 5543 5541 5542
f 5544 5405 5402
f 5544 5402 5536
f 5545 5547 5546
f 5548 5543 5528
f 5548 5528 5539
f 5549 5371 5530
f 5549 5530 5382
f 5549 5538 5371
f 5549 5539 5538
f 5550 5547 5545
f 5550 5551 5547
f 5552 5550 5541
f 5552 5551 5550
f 5553 5552 5541
f 5553 5551 5552
f 5553 5554 5551
f 5555 5556 5554
f 5555 5553 5541
f 5555 5554 5553
f 5557 5405 5544
f 5557 5544 5546
f 5557 5546 5547
f 5558 5382 5385
f 5558 5549 5382
f 5559 5556 5555
f 5559 5560 5556
f 5561 5562 5558
f 5561 5558 5385
f 5563 5408 5405
f 5563 5557 5547
f 5563 5405 5557
f 5564 5561 5385
f 5564 5565 5562
f 5564 5562 5561
f 5566 5563 5547
f 5566 5408 5563
f 5566 5547 5551
f 5567 5564 5385
f 5567 5568 5565
f 5567 5385 5389
f 5567 5565 5564
f 5569 5408 5566
f 5569 5566 5551
f 5570 5567 5389
f 5570 5568 5567
f 5571 5408 5569
f 5571 5569 5551
f 5571 5411 5408
f 5571 5551 5554
f 5572 5570 5389
f 5572 5573 5568
f 5572 5568 5570
f 5574 5572 5389
f 5574 5573 5572
f 5574 5575 5573
f 5574 5389 5395
f 5301 5400 5297
f 5301 5399 5400
f 5576 5554 5556
f 5576 5411 5571
f 5576 5571 5554
f 5577 5575 5574
f 5577 5574 5395
f 5578 5576 5556
f 5578 5411 5576
f 5579 5575 5577
f 5579 5577 5395
f 5579 5395 5399
f 5580 5399 5301
f 5581 5411 5578
f 5581 5413 5411
f 5581 5578 5556
f 5582 5562 5565
f 5582 5583 5562
f 5584 5229 5575
f 5584 5575 5579
f 5584 5579 5399
f 5585 5582 5565
f 5585 5565 5568
f 5585 5586 5582
f 5587 5556 5560
f 5587 5581 5556
f 5587 5413 5581
f 5588 5585 5568
f 5588 5586 5585
f 5589 5588 5568
f 5589 5586 5588
f 5590 5568 5573
f 5590 5589 5568
f 5590 5573 5575
f 5590 5586 5589
f 5591 5592 5586
f 5591 5590 5575
f 5591 5586 5590
f 5593 5587 5560
f 5593 5417 5413
f 5593 5413 5587
f 5594 5596 5595
f 5594 5595 5597
f 5598 5575 5229
f 5598 5591 5575
f 5598 5592 5591
f 5599 5594 5586
f 5599 5600 5596
f 5599 5596 5594
f 5601 5599 5586
f 5601 5600 5599
f 5602 5601 5586
f 5602 5600 5601
f 5603 5600 5602
f 5603 5604 5600
f 5603 5605 5604
f 5603 5602 5586
f 5606 5420 5417
f 5606 5417 5593
f 5607 5603 5586
f 5607 5605 5603
f 5607 5586 5592
f 5608 5420 5606
f 5608 5606 5595
f 5609 5595 5596
f 5609 5420 5608
f 5609 5608 5595
f 5610 5609 5596
f 5610 5596 5600
f 5610 5422 5420
f 5610 5420 5609
f 5611 5422 5610
f 5611 5610 5600
f 5612 5611 5600
f 5612 5422 5611
f 5612 5600 5604
f 5613 5605 5607
f 5614 5422 5612
f 5614 5612 5604
f 5614 5425 5422
f 5614 5604 5605
f 5615 5614 5605
f 5615 5425 5614
f 5616 5615 5605
f 5616 5605 5613
f 5616 5425 5615
f 5616 5427 5425
f 5617 5616 5613
f 5617 5427 5616
f 5617 5613 5322
f 5244 5617 5322
f 5256 76 77
f 5256 5334 5258
f 5256 77 5334
f 5618 5429 5335
f 5618 5335 5431
f 5191 5431 5195
f 5191 5618 5431
f 5191 5195 5193
f 5199 5195 5444
f 5619 5444 5445
f 5620 5445 5457
f 5620 5619 5445
f 5620 5621 5619
f 5622 5620 5457
f 5622 5457 5455
f 5622 5455 5284
f 5623 5449 5452
f 5623 5452 5453
f 5623 5464 5449
f 5623 5470 5464
f 5624 5453 5447
f 5624 5623 5453
f 5624 5625 5623
f 5626 5624 5447
f 5626 5454 5466
f 5626 5447 5454
f 5626 5490 5624
f 5627 5364 5363
f 5627 5363 5293
f 5628 5468 5490
f 5628 5466 5468
f 5628 5490 5626
f 5628 5626 5466
f 5294 5627 5293
f 5629 5470 5623
f 5629 5623 5625
f 5629 5471 5470
f 5630 5501 5629
f 5630 5500 5501
f 5630 5490 5489
f 5630 5489 5493
f 5630 5493 5500
f 5630 5625 5624
f 5630 5624 5490
f 5630 5629 5625
f 5631 5484 5488
f 5631 5506 5484
f 5632 5629 5501
f 5632 5515 5499
f 5632 5471 5629
f 5632 5499 5471
f 5633 5506 5631
f 5633 5498 5509
f 5633 5488 5498
f 5633 5631 5488
f 5634 5501 5502
f 5634 5515 5632
f 5634 5632 5501
f 5634 5502 5515
f 5635 5493 5497
f 5635 5525 5513
f 5635 5497 5506
f 5635 5513 5493
f 5636 5633 5509
f 5636 5637 5635
f 5636 5635 5506
f 5636 5506 5633
f 5636 5509 5533
f 5638 5536 5514
f 5638 5514 5525
f 5639 5638 5525
f 5639 5544 5536
f 5639 5536 5638
f 5639 5546 5544
f 5640 5525 5635
f 5640 5635 5637
f 5640 5639 5525
f 5640 5546 5639
f 5640 5545 5546
f 5641 5541 5550
f 5641 5637 5636
f 5641 5636 5533
f 5641 5545 5640
f 5641 5537 5541
f 5641 5640 5637
f 5641 5533 5537
f 5641 5550 5545
f 5642 5541 5543
f 5642 5543 5548
f 5642 5555 5541
f 5642 5559 5555
f 5643 5644 5642
f 5643 5642 5548
f 5643 5548 5539
f 5645 5562 5583
f 5645 5539 5549
f 5645 5583 5643
f 5645 5643 5539
f 5645 5558 5562
f 5645 5549 5558
f 5296 5297 5400
f 5296 5400 89
f 5646 5642 5644
f 5646 5560 5559
f 5646 5559 5642
f 5647 5644 5643
f 5647 5646 5644
f 5647 5643 5583
f 5647 5583 5582
f 5647 5597 5646
f 5647 5586 5594
f 5647 5582 5586
f 5647 5594 5597
f 5648 5399 5580
f 5648 5584 5399
f 5226 5584 5648
f 5226 5229 5584
f 5649 5606 5593
f 5649 5593 5560
f 5649 5560 5646
f 5649 5646 5597
f 5649 5595 5606
f 5649 5597 5595
f 5233 5229 5226
f 5237 5598 5229
f 5650 5592 5598
f 5651 5607 5592
f 5651 5592 5650
f 5652 5322 5613
f 5652 5613 5607
f 5652 5607 5651
f 5653 5651 5650
f 5654 5181 5428
f 5654 5428 5427
f 5332 5181 5654
f 5261 5258 5264
f 5188 5264 5429
f 5655 5429 5618
f 5271 5619 5621
f 5275 5621 5620
f 5275 5620 5622
f 5286 5622 5284
f 5286 5275 5622
f 5286 5280 5275
f 5288 5284 5209
f 5211 5209 5463
f 5211 5364 5627
f 5211 5463 5364
f 5656 5167 76
f 5656 5363 5167
f 5656 5293 5363
f 5303 5301 5297
f 5224 5580 5301
f 5657 5648 5580
f 5312 5653 5650
f 5315 5652 5651
f 5315 5651 5653
f 5321 5652 5315
f 5321 5322 5652
f 5320 5321 5315
f 5328 5244 5322
f 5249 5427 5617
f 5249 5617 5244
f 5249 5654 5427
f 5658 5428 5181
f 5658 72 5179
f 5658 5179 5428
f 5257 76 5256
f 5659 5188 5429
f 5659 5429 5655
f 5186 5659 5655
f 5186 5618 5191
f 5186 5655 5618
f 5194 5191 5193
f 5200 5195 5199
f 5200 5202 5195
f 5206 5444 5619
f 5206 5199 5444
f 5269 5206 5619
f 5269 5619 5271
f 5212 5209 5211
f 5218 5211 5627
f 5218 5627 5294
f 5291 5218 5294
f 5298 5296 89
f 5660 5580 5224
f 5660 5657 5580
f 5223 5657 5660
f 5223 5648 5657
f 5223 5226 5648
f 5232 5233 5226
f 5239 5237 5229
f 5236 5239 5229
f 5241 5598 5237
f 5241 5650 5598
f 5311 5312 5650
f 5311 5650 5241
f 5251 5249 5244
f 5253 5654 5249
f 5253 5332 5654
f 5331 5332 5253
f 5262 5258 5261
f 5266 5264 5188
f 5661 5188 5659
f 5661 5659 5186
f 5270 5206 5269
f 5276 5271 5621
f 5276 5621 5275
f 5281 5282 5275
f 5281 5275 5280
f 5289 5284 5288
f 5215 5209 5212
f 5662 5293 5656
f 5662 5656 76
f 5304 5303 5297
f 5306 5224 5301
f 5663 5660 5224
f 5663 5223 5660
f 5310 5311 5241
f 5318 5653 5312
f 5318 5315 5653
f 5323 5320 5315
f 5324 5323 5315
f 5329 5328 5322
f 5248 5251 5244
f 5182 72 5658
f 5182 5658 5181
f 5184 76 5257
f 5664 5188 5661
f 5664 5661 5186
f 5190 5191 5194
f 5201 5195 5202
f 5201 5197 5195
f 5203 5199 5206
f 5272 5206 5270
f 5213 5209 5215
f 5214 5211 5218
f 5217 5218 5291
f 5220 5298 89
f 5665 5663 5224
f 5665 5223 5663
f 5227 5232 5226
f 5235 5236 5229
f 5230 5235 5229
f 5238 5241 5237
f 5309 5310 5241
f 5247 5248 5244
f 5250 5253 5249
f 5254 5331 5253
f 5259 5258 5262
f 5263 5264 5266
f 5187 5188 5664
f 5187 5664 5186
f 5205 5206 5272
f 5273 5271 5276
f 5285 5278 5275
f 5285 5275 5282
f 5283 5284 5289
f 5208 5209 5213
f 5292 5662 76
f 5292 5293 5662
f 5299 5304 5297
f 5302 5306 5301
f 5222 5665 5224
f 5222 5223 5665
f 5242 5309 5241
f 5313 5318 5312
f 5326 5324 5315
f 5316 5326 5315
f 5325 5329 5322
f 5245 5247 5244
f 5180 72 5182
f 5677 5678 94
f 5677 5680 5679
f 5677 5679 5678
f 5681 94 95
f 5681 5677 94
f 5681 5682 5680
f 5681 5680 5677
f 5683 5681 95
f 5683 5682 5681
f 5684 5683 95
f 5684 5682 5683
f 5684 5685 5682
f 5686 95 96
f 5686 5684 95
f 5686 5685 5684
f 5687 96 97
f 5687 5688 5685
f 5687 5686 96
f 5687 5685 5686
f 5689 5688 5687
f 5689 5687 97
f 5690 5691 5688
f 5690 5688 5689
f 5690 5689 97
f 5692 97 98
f 5692 5693 5691
f 5692 5690 97
f 5692 5691 5690
f 5694 5693 5692
f 5694 5692 98
f 5695 5696 5693
f 5695 5693 5694
f 5695 5694 98
f 5697 5696 5695
f 5697 98 99
f 5697 5695 98
f 5698 99 100
f 5698 5697 99
f 5698 5699 5696
f 5698 5696 5697
f 5700 5699 5698
f 5700 5698 100
f 5701 5699 5700
f 5701 5700 100
f 5701 5702 5699
f 5703 5704 5702
f 5703 100 101
f 5703 5701 100
f 5703 5702 5701
f 5705 5703 101
f 5705 5704 5703
f 5706 5707 5704
f 5706 5705 101
f 5706 5704 5705
f 5708 101 102
f 5708 5709 5707
f 5708 5707 5706
f 5708 5706 101
f 5710 5712 5711
f 5710 5666 5712
f 5710 5711 5713
f 5714 5667 5666
f 5714 5666 5710
f 5714 5710 5713
f 5714 5713 5715
f 5716 5708 102
f 5716 5709 5708
f 5717 5718 5709
f 5717 5716 102
f 5717 5709 5716
f 5719 5667 5714
f 5719 5714 5715
f 5720 102 103
f 5720 5721 5718
f 5720 5718 5717
f 5720 5717 102
f 5722 5719 5715
f 5722 5667 5719
f 5722 5715 5723
f 5724 5721 5720
f 5724 5720 103
f 5725 5668 5667
f 5725 5667 5722
f 5725 5722 5723
f 5726 5724 103
f 5726 5721 5724
f 5726 103 104
f 5727 5669 5668
f 5727 5723 5728
f 5727 5725 5723
f 5727 5668 5725
f 5729 5726 104
f 5730 5727 5728
f 5730 5669 5727
f 5731 5728 5732
f 5731 5669 5730
f 5731 5730 5728
f 5733 5670 5669
f 5733 5731 5732
f 5733 5669 5731
f 5733 5732 5734
f 5735 5670 5733
f 5735 5733 5734
f 5736 5670 5735
f 5736 5734 5737
f 5736 5735 5734
f 5738 5671 5670
f 5738 5670 5736
f 5738 5736 5737
f 5739 5672 5671
f 5739 5671 5738
f 5739 5737 5740
f 5739 5738 5737
f 5741 5672 5739
f 5741 5739 5740
f 5742 5740 5743
f 5742 5741 5740
f 5742 5672 5741
f 5744 5673 5672
f 5744 5743 5745
f 5744 5742 5743
f 5744 5672 5742
f 5746 5744 5745
f 5746 5673 5744
f 5747 5673 5746
f 5747 5745 5748
f 5747 5746 5745
f 5749 5674 5673
f 5749 5748 5750
f 5749 5747 5748
f 5749 5673 5747
f 5751 5749 5750
f 5751 5674 5749
f 5752 5674 5751
f 5752 5750 5753
f 5752 5751 5750
f 5754 5674 5752
f 5754 5752 5753
f 5754 5675 5674
f 5754 5753 5755
f 5756 5754 5755
f 5756 5675 5754
f 5757 5676 5675
f 5757 5675 5756
f 5758 5676 5757
f 5759 5678 5679
f 5759 5760 5678
f 5761 5759 5679
f 5762 5763 5679
f 5762 5765 5764
f 5762 5679 5680
f 5762 5764 5763
f 5766 5762 5680
f 5766 5765 5762
f 5767 5768 5765
f 5767 5766 5680
f 5767 5765 5766
f 5769 5767 5680
f 5769 5768 5767
f 5769 5680 5682
f 5769 5770 5768
f 5771 5770 5769
f 5771 5769 5682
f 5772 5770 5771
f 5772 5771 5682
f 5772 5773 5770
f 5774 5772 5682
f 5774 5682 5685
f 5774 5773 5772
f 5775 5776 5764
f 5775 5764 5765
f 5775 5777 5776
f 5778 5779 5773
f 5778 5774 5685
f 5778 5773 5774
f 5780 5765 5768
f 5780 5781 5777
f 5780 5775 5765
f 5780 5777 5775
f 5782 5781 5780
f 5782 5780 5768
f 5783 5781 5782
f 5783 5782 5768
f 5783 5768 5770
f 5784 5781 5783
f 5784 5783 5770
f 5784 5770 5773
f 5785 5779 5778
f 5785 5685 5688
f 5785 5778 5685
f 5786 5773 5779
f 5786 5784 5773
f 5786 5781 5784
f 5787 5777 5781
f 5787 5788 5777
f 5787 5789 5788
f 5787 5790 5789
f 5791 5788 5789
f 5792 5790 5787
f 5792 5787 5781
f 5793 5688 5691
f 5793 5785 5688
f 5794 5795 5790
f 5794 5790 5792
f 5794 5792 5781
f 5796 5794 5781
f 5796 5795 5794
f 5796 5797 5795
f 5798 5799 5793
f 5798 5793 5691
f 5800 5802 5801
f 5800 5801 5791
f 5803 5798 5691
f 5803 5804 5799
f 5803 5799 5798
f 5805 5803 5691
f 5805 5806 5804
f 5805 5804 5803
f 5805 5691 5693
f 5807 5781 5786
f 5808 5797 5796
f 5808 5781 5807
f 5808 5809 5797
f 5808 5796 5781
f 5810 5800 5791
f 5810 5711 5800
f 5810 5791 5789
f 5810 5713 5711
f 5811 5805 5693
f 5811 5806 5805
f 5812 5811 5693
f 5812 5813 5806
f 5812 5806 5811
f 5814 5810 5789
f 5814 5713 5810
f 5815 5814 5789
f 5815 5713 5814
f 5815 5789 5790
f 5816 5812 5693
f 5816 5813 5812
f 5816 5693 5696
f 5817 5815 5790
f 5817 5790 5795
f 5817 5713 5815
f 5817 5715 5713
f 5818 5817 5795
f 5818 5715 5817
f 5819 5813 5816
f 5819 5820 5813
f 5819 5816 5696
f 5821 5795 5797
f 5821 5818 5795
f 5821 5715 5818
f 5822 5799 5804
f 5822 5823 5799
f 5824 5822 5804
f 5824 5825 5822
f 5826 5821 5797
f 5826 5715 5821
f 5826 5723 5715
f 5827 5804 5806
f 5827 5824 5804
f 5827 5825 5824
f 5828 5806 5813
f 5828 5827 5806
f 5828 5825 5827
f 5829 5797 5809
f 5829 5723 5826
f 5829 5826 5797
f 5830 5820 5819
f 5830 5819 5696
f 5830 5696 5699
f 5831 5813 5820
f 5831 5828 5813
f 5831 5825 5828
f 5832 5834 5833
f 5832 5835 5834
f 5836 5728 5723
f 5836 5723 5829
f 5836 5829 5809
f 5837 5835 5832
f 5837 5832 5825
f 5838 5830 5699
f 5838 5699 5702
f 5839 5835 5837
f 5839 5837 5825
f 5839 5840 5835
f 5841 5842 5840
f 5841 5840 5839
f 5841 5839 5825
f 5843 5838 5702
f 5843 5844 5838
f 5845 5846 5844
f 5845 5843 5702
f 5845 5844 5843
f 5847 5845 5702
f 5847 5702 5704
f 5847 5848 5846
f 5847 5846 5845
f 5849 5825 5831
f 5850 5825 5849
f 5850 5851 5842
f 5850 5841 5825
f 5850 5842 5841
f 5852 5732 5728
f 5852 5728 5836
f 5853 5847 5704
f 5853 5848 5847
f 5854 5853 5704
f 5854 5855 5848
f 5854 5848 5853
f 5856 5732 5852
f 5856 5852 5834
f 5857 5704 5707
f 5857 5858 5855
f 5857 5854 5704
f 5857 5855 5854
f 5859 5856 5834
f 5859 5834 5835
f 5859 5732 5856
f 5860 5859 5835
f 5860 5732 5859
f 5860 5734 5732
f 5860 5835 5840
f 5861 5858 5857
f 5861 5857 5707
f 5862 5863 5858
f 5862 5858 5861
f 5862 5861 5707
f 5864 5734 5860
f 5864 5860 5840
f 5865 5863 5862
f 5865 5866 5863
f 5865 5707 5709
f 5865 5862 5707
f 5867 5840 5842
f 5867 5864 5840
f 5867 5734 5864
f 5868 5844 5846
f 5868 5869 5844
f 5870 5871 5868
f 5870 5868 5846
f 5872 5865 5709
f 5872 5866 5865
f 5873 5737 5734
f 5873 5867 5842
f 5873 5734 5867
f 5874 5871 5870
f 5874 5870 5846
f 5874 5846 5848
f 5875 5874 5848
f 5875 5871 5874
f 5876 5709 5718
f 5876 5872 5709
f 5876 5866 5872
f 5877 5848 5855
f 5877 5875 5848
f 5877 5871 5875
f 5878 5737 5873
f 5878 5873 5842
f 5878 5842 5851
f 5879 5877 5855
f 5880 5876 5718
f 5880 5718 5721
f 5881 5858 5863
f 5881 5855 5858
f 5881 5863 5866
f 5881 5879 5855
f 5882 5884 5883
f 5882 5883 5885
f 5886 5740 5737
f 5886 5878 5851
f 5886 5737 5878
f 5887 5884 5882
f 5887 5882 5871
f 5888 5884 5887
f 5888 5889 5884
f 5888 5887 5871
f 5890 5888 5871
f 5890 5889 5888
f 5891 5729 5892
f 5891 5721 5726
f 5891 5726 5729
f 5893 5890 5871
f 5893 5894 5889
f 5893 5889 5890
f 5895 5721 5891
f 5895 5880 5721
f 5896 5894 5893
f 5897 5881 5866
f 5898 5894 5896
f 5898 5899 5894
f 5898 5900 5899
f 5898 5901 5900
f 5902 5740 5886
f 5902 5743 5740
f 5903 5902 5883
f 5903 5743 5902
f 5904 5903 5883
f 5904 5743 5903
f 5904 5883 5884
f 5905 5743 5904
f 5905 5904 5884
f 5905 5745 5743
f 5905 5884 5889
f 5906 5905 5889
f 5906 5745 5905
f 5907 5906 5889
f 5907 5745 5906
f 5907 5889 5894
f 5908 5909 5897
f 5910 5748 5745
f 5910 5745 5907
f 5910 5907 5894
f 5910 5894 5899
f 5911 5901 5898
f 5912 5748 5910
f 5912 5910 5899
f 5913 5748 5912
f 5913 5912 5899
f 5913 5899 5900
f 5914 5750 5748
f 5914 5748 5913
f 5914 5913 5900
f 5914 5900 5901
f 5915 5750 5914
f 5915 5914 5901
f 5916 5753 5750
f 5916 5750 5915
f 5916 5915 5901
f 5917 5901 5911
f 5918 5755 5753
f 5918 5916 5901
f 5918 5901 5917
f 5918 5753 5916
f 5919 5755 5918
f 5919 5918 5917
f 5919 5917 5920
f 5921 5919 5920
f 5922 94 5678
f 5922 5678 5760
f 5923 5761 5679
f 5923 5679 5763
f 5924 5763 5764
f 5924 5923 5763
f 5925 5924 5764
f 5926 5776 5777
f 5927 5777 5788
f 5927 5928 5926
f 5927 5926 5777
f 5929 5927 5788
f 5929 5788 5791
f 5929 5791 5801
f 5930 5807 5786
f 5930 5786 5779
f 5931 5779 5785
f 5931 5823 5930
f 5931 5930 5779
f 5931 5799 5823
f 5931 5793 5799
f 5931 5785 5793
f 5932 5711 5712
f 5932 5712 5933
f 5934 5809 5808
f 5934 5808 5807
f 5935 5932 5933
f 5936 5807 5930
f 5936 5930 5823
f 5936 5934 5807
f 5936 5833 5934
f 5936 5823 5822
f 5936 5822 5825
f 5936 5832 5833
f 5936 5825 5832
f 5937 5834 5852
f 5937 5809 5934
f 5937 5934 5833
f 5937 5833 5834
f 5937 5852 5836
f 5937 5836 5809
f 5938 5831 5820
f 5938 5849 5831
f 5939 5844 5869
f 5939 5869 5938
f 5939 5938 5820
f 5939 5820 5830
f 5939 5830 5838
f 5939 5838 5844
f 5940 5850 5849
f 5940 5851 5850
f 5941 5938 5869
f 5941 5885 5940
f 5941 5868 5871
f 5941 5869 5868
f 5941 5849 5938
f 5941 5871 5882
f 5941 5940 5849
f 5941 5882 5885
f 5942 5902 5886
f 5942 5851 5940
f 5942 5940 5885
f 5942 5883 5902
f 5942 5885 5883
f 5942 5886 5851
f 5943 5892 5729
f 5943 104 90
f 5943 5729 104
f 5944 5897 5866
f 5944 5866 5876
f 5944 5876 5880
f 5945 5893 5871
f 5945 5896 5893
f 5945 5898 5896
f 5945 5871 5877
f 5945 5877 5879
f 5945 5879 5881
f 5946 5880 5895
f 5946 5908 5897
f 5946 5897 5944
f 5946 5944 5880
f 5947 5898 5945
f 5947 5881 5897
f 5947 5911 5898
f 5947 5945 5881
f 5948 5895 5891
f 5948 5891 5949
f 5950 5908 5946
f 5950 5895 5948
f 5950 5948 5951
f 5950 5946 5895
f 5950 5951 5908
f 5952 5897 5909
f 5952 5947 5897
f 5952 5911 5947
f 5953 5951 5948
f 5953 5948 5949
f 5954 5952 5909
f 5954 5917 5911
f 5954 5911 5952
f 5955 5908 5951
f 5956 5908 5955
f 5957 5908 5956
f 5957 5909 5908
f 5958 5954 5909
f 5958 5920 5917
f 5958 5917 5954
f 5958 5909 5957
f 5958 5957 5920
f 5959 5957 5956
f 5959 5920 5957
f 5960 5756 5755
f 5960 5757 5756
f 5960 5758 5757
f 5960 5755 5919
f 5961 5919 5921
f 5961 5758 5960
f 5961 5960 5919
f 5962 5758 5961
f 5963 5760 5759
f 5964 5759 5761
f 5965 5761 5923
f 5966 5926 5928
f 5967 5928 5927
f 5967 5927 5929
f 5968 5967 5929
f 5968 5929 5801
f 5968 5969 5967
f 5970 5801 5802
f 5971 5711 5932
f 5972 5666 93
f 5972 5933 5712
f 5972 5712 5666
f 5973 5892 5943
f 5974 5892 5973
f 5974 5891 5892
f 5975 5949 5891
f 5975 5891 5974
f 5976 5959 5956
f 5977 5959 5976
f 5978 5959 5977
f 5978 5921 5920
f 5978 5920 5959
f 5979 5978 5977
f 5980 5921 5978
f 5980 5978 5979
f 5981 5961 5921
f 5982 90 5676
f 5982 5676 5758
f 5982 5758 5962
f 5983 93 94
f 5983 94 5922
f 5984 5761 5965
f 5985 5984 5965
f 5985 5965 5923
f 5985 5923 5924
f 5986 5924 5925
f 5987 5764 5776
f 5987 5988 5764
f 5987 5776 5989
f 5990 5989 5776
f 5990 5776 5926
f 5991 5926 5966
f 5992 5802 5800
f 5992 5800 5711
f 5992 5711 5971
f 5993 5932 5935
f 5994 5993 5935
f 5995 5943 90
f 5996 5975 5974
f 5997 5949 5975
f 5997 5953 5949
f 5997 5975 5996
f 5998 5953 5997
f 5999 5951 5953
f 5999 5955 5951
f 6000 5999 5953
f 6001 5955 5999
f 6001 5976 5956
f 6001 5956 5955
f 6002 5976 6001
f 6003 5981 5921
f 6004 5962 5961
f 6004 5981 6003
f 6004 5961 5981
f 6005 5962 6004
f 6006 5760 5963
f 6007 5759 5964
f 6008 5964 5761
f 6008 5984 5985
f 6008 5761 5984
f 6009 5990 5926
f 6009 5926 5991
f 6010 5928 5967
f 6011 6012 5967
f 6011 5967 5969
f 6013 5801 5970
f 6014 5802 5992
f 6015 5972 93
f 6015 5933 5972
f 6016 5973 5943
f 6017 5974 5973
f 6018 5997 5996
f 6018 5996 5974
f 6019 6002 6001
f 6020 5976 6002
f 6020 5977 5976
f 6021 5979 5977
f 6021 5977 6020
f 6022 6021 6020
f 6023 5980 5979
f 6024 6003 5921
f 6024 5921 5980
f 6025 90 5982
f 6025 5982 5962
f 6026 93 5983
f 6027 5964 6008
f 6027 6008 5985
f 6028 5924 5986
f 6029 5764 5988
f 6029 6030 5764
f 6031 5989 5990
f 6032 5990 6009
f 6033 5802 6014
f 6034 5932 5993
f 6035 5993 5994
f 6036 5995 90
f 6037 5974 6017
f 6037 6018 5974
f 6037 5997 6018
f 6038 5998 5997
f 6039 6000 5953
f 6040 6039 5953
f 6041 6001 5999
f 6041 5999 6000
f 6042 6001 6041
f 6042 6019 6001
f 6043 6024 5980
f 6044 6004 6003
f 6044 6003 6024
f 6045 6005 6004
f 6046 5760 6006
f 6047 5759 6007
f 6048 5964 6027
f 6048 6027 5985
f 6049 5990 6032
f 6050 5928 6010
f 6051 6052 5967
f 6051 5967 6012
f 6053 5801 6013
f 6054 5802 6033
f 6055 5933 6015
f 6055 6015 93
f 6056 6016 5943
f 6057 6017 5973
f 6058 6037 6017
f 6058 5997 6037
f 6059 6042 6041
f 6060 6002 6019
f 6060 6020 6002
f 6061 6022 6020
f 6062 6061 6020
f 6063 6023 5979
f 6064 6043 5980
f 6065 90 6025
f 6065 6025 5962
f 6066 93 6026
f 6067 5964 6048
f 6067 6048 5985
f 6068 5985 5924
f 6068 5924 6028
f 6069 6068 6028
f 6069 5986 5925
f 6069 5925 5764
f 6069 6028 5986
f 6070 6069 5764
f 6070 5764 6030
f 6071 5989 6031
f 6071 6070 6030
f 6071 6069 6070
f 6071 5988 5987
f 6071 5987 5989
f 6071 6029 5988
f 6071 6030 6029
f 6072 5990 6049
f 6073 5802 6054
f 6074 5932 6034
f 6074 6033 6014
f 6074 5971 5932
f 6074 6014 5992
f 6074 6073 6054
f 6074 6054 6033
f 6074 5992 5971
f 6075 6034 5993
f 6075 6074 6034
f 6075 5993 6035
f 6076 6036 90
f 6077 6058 6017
f 6077 5997 6058
f 6078 6038 5997
f 6079 6040 5953
f 6080 5953 5998
f 6080 5998 6038
f 6080 6079 5953
f 6080 6038 6078
f 6081 6000 6039
f 6081 6039 6040
f 6081 6079 6080
f 6081 6040 6079
f 6081 6041 6000
f 6082 6059 6041
f 6083 6064 5980
f 6084 6043 6064
f 6084 6024 6043
f 6084 6064 6083
f 6084 6044 6024
f 6085 6004 6044
f 6085 6044 6084
f 6085 6045 6004
f 6086 6066 6026
f 6086 93 6066
f 6086 5760 6046
f 6086 5983 5922
f 6086 5922 5760
f 6086 6026 5983
f 6087 6068 6086
f 6087 6006 5963
f 6087 6046 6006
f 6087 6086 6046
f 6087 5759 6047
f 6087 5963 5759
f 6088 6047 6007
f 6088 5964 6067
f 6088 6067 5985
f 6088 5985 6068
f 6088 6007 5964
f 6088 6068 6087
f 6088 6087 6047
f 6089 6069 6071
f 6089 6071 6031
f 6089 6068 6069
f 6089 6031 5990
f 6089 5990 6072
f 6090 6072 6049
f 6090 6009 5991
f 6090 6032 6009
f 6090 5928 6050
f 6090 5991 5966
f 6090 5966 5928
f 6090 6089 6072
f 6090 6049 6032
f 6091 6010 5967
f 6091 6090 6050
f 6091 6050 6010
f 6091 6068 6089
f 6091 6089 6090
f 6092 5967 6052
f 6092 6091 5967
f 6093 93 93
f 6093 6092 6052
f 6093 6086 6068
f 6093 5969 5968
f 6093 5968 5801
f 6093 6011 5969
f 6093 6012 6011
f 6093 5801 6053
f 6093 6052 6051
f 6093 6051 6012
f 6093 6068 6091
f 6093 6091 6092
f 6093 93 6086
f 6094 6073 6074
f 6094 5970 5802
f 6094 6093 6053
f 6094 6074 6075
f 6094 6053 6013
f 6094 5802 6073
f 6094 6075 6093
f 6094 6013 5970
f 6095 93 6093
f 6095 6035 5994
f 6095 6075 6035
f 6095 6055 93
f 6095 5933 6055
f 6095 5935 5933
f 6095 6093 6075
f 6095 5994 5935
f 6096 6036 6076
f 6096 5995 6036
f 6096 6076 90
f 6096 6056 5943
f 6096 5943 5995
f 6097 6057 5973
f 6097 5973 6016
f 6097 6016 6056
f 6097 6056 6096
f 6097 6096 6078
f 6098 6057 6097
f 6098 6078 5997
f 6098 6017 6057
f 6098 6077 6017
f 6098 5997 6077
f 6098 6097 6078
f 6099 6041 6081
f 6099 6080 6078
f 6099 6082 6041
f 6099 6081 6080
f 6100 6042 6059
f 6100 6082 6099
f 6100 6019 6042
f 6100 6059 6082
f 6100 6060 6019
f 6101 6062 6020
f 6102 6060 6100
f 6102 6101 6020
f 6102 6020 6060
f 6102 6100 6099
f 6102 6099 6078
f 6103 6062 6101
f 6103 90 90
f 6103 6063 5979
f 6103 6101 6102
f 6103 5979 6021
f 6103 6021 6022
f 6103 6022 6061
f 6103 6102 6078
f 6103 6061 6062
f 6103 6096 90
f 6103 6078 6096
f 6104 5980 6023
f 6104 6084 6083
f 6104 6103 6085
f 6104 6083 5980
f 6104 6085 6084
f 6104 6023 6063
f 6104 6063 6103
f 6105 6045 6085
f 6105 90 6065
f 6105 6103 90
f 6105 5962 6005
f 6105 6065 5962
f 6105 6085 6103
f 6105 6005 6045
f 6108 6110 6109
f 6111 6110 6108
f 6111 6108 91
f 6112 6113 6110
f 6112 6110 6111
f 6112 6111 91
f 6114 91 92
f 6114 6115 6113
f 6114 6112 91
f 6114 6113 6112
f 6116 6114 92
f 6116 6115 6114
f 6117 6116 92
f 6118 6120 6119
f 6121 6118 6119
f 6121 6106 6118
f 6122 6121 6119
f 6122 6106 6121
f 6122 6119 6123
f 6124 6107 6106
f 6124 6106 6122
f 6124 6123 6125
f 6124 6122 6123
f 6126 6107 6124
f 6126 6124 6125
f 6127 6107 6126
f 6127 6126 6125
f 6128 6108 6109
f 6129 6131 6130
f 6132 6109 6110
f 6132 6131 6129
f 6132 6129 6109
f 6132 6133 6131
f 6134 6132 6110
f 6134 6133 6132
f 6134 6135 6133
f 6136 6134 6110
f 6136 6135 6134
f 6137 6138 6135
f 6137 6110 6113
f 6137 6136 6110
f 6137 6135 6136
f 6139 6140 6115
f 6139 6115 6116
f 6139 6116 6117
f 6139 6117 6141
f 6142 6138 6137
f 6142 6137 6113
f 6143 6144 6138
f 6143 6142 6113
f 6143 6138 6142
f 6145 6146 6144
f 6145 6144 6143
f 6145 6113 6115
f 6145 6143 6113
f 6147 6146 6145
f 6147 6145 6115
f 6148 6150 6149
f 6148 6149 6131
f 6151 6146 6147
f 6151 6147 6115
f 6151 6152 6146
f 6153 6154 6148
f 6153 6155 6154
f 6153 6148 6131
f 6153 6131 6133
f 6156 6152 6151
f 6156 6151 6115
f 6156 6115 6140
f 6157 6155 6153
f 6157 6153 6133
f 6157 6133 6135
f 6158 6159 6152
f 6158 6152 6156
f 6160 6157 6135
f 6160 6155 6157
f 6161 6135 6138
f 6161 6160 6135
f 6161 6155 6160
f 6162 6138 6144
f 6162 6163 6155
f 6162 6161 6138
f 6162 6155 6161
f 6164 6144 6146
f 6164 6163 6162
f 6164 6162 6144
f 6165 6164 6146
f 6165 6163 6164
f 6166 6146 6152
f 6166 6165 6146
f 6166 6163 6165
f 6167 6154 6155
f 6167 6168 6154
f 6167 6170 6169
f 6167 6169 6168
f 6171 6166 6152
f 6171 6172 6163
f 6171 6163 6166
f 6173 6174 6170
f 6173 6170 6167
f 6173 6167 6155
f 6175 6152 6159
f 6175 6171 6152
f 6175 6172 6171
f 6176 6173 6155
f 6176 6174 6173
f 6177 6178 6174
f 6177 6176 6155
f 6177 6174 6176
f 6179 6155 6163
f 6179 6180 6178
f 6179 6177 6155
f 6179 6178 6177
f 6181 6183 6182
f 6184 6185 6180
f 6184 6179 6163
f 6184 6180 6179
f 6186 6183 6181
f 6187 6185 6184
f 6187 6184 6163
f 6188 6183 6186
f 6188 6120 6183
f 6188 6189 6169
f 6190 6187 6163
f 6190 6185 6187
f 6190 6191 6185
f 6192 6120 6188
f 6192 6188 6169
f 6193 6190 6163
f 6193 6191 6190
f 6193 6163 6172
f 6194 6120 6192
f 6194 6192 6169
f 6194 6119 6120
f 6194 6169 6170
f 6195 6170 6174
f 6195 6119 6194
f 6195 6194 6170
f 6196 6195 6174
f 6196 6119 6195
f 6197 6174 6178
f 6197 6196 6174
f 6197 6119 6196
f 6197 6123 6119
f 6198 6197 6178
f 6198 6123 6197
f 6199 6198 6178
f 6199 6178 6180
f 6199 6123 6198
f 6200 6191 6193
f 6201 6180 6185
f 6201 6123 6199
f 6201 6199 6180
f 6201 6125 6123
f 6202 6201 6185
f 6202 6125 6201
f 6203 6185 6191
f 6203 6202 6185
f 6203 6125 6202
f 6204 6203 6191
f 6204 6205 6125
f 6204 6125 6203
f 6204 6191 6200
f 6206 6200 6207
f 6206 6204 6200
f 6206 6205 6204
f 6208 6205 6206
f 6209 6211 6210
f 6209 6108 6211
f 6212 6213 6109
f 6212 6130 6214
f 6212 6129 6130
f 6212 6109 6129
f 6215 6117 92
f 6215 6141 6117
f 6216 6130 6131
f 6216 6149 6217
f 6216 6131 6149
f 6218 6140 6219
f 6218 6156 6140
f 6218 6158 6156
f 6220 6158 6218
f 6221 6222 6154
f 6221 6154 6168
f 6221 6224 6223
f 6221 6168 6224
f 6225 6159 6158
f 6225 6158 6220
f 6226 6172 6227
f 6226 6193 6172
f 6228 6193 6226
f 6228 6200 6193
f 6229 6183 6120
f 6230 6232 6231
f 6230 6118 6232
f 6233 6125 6205
f 6233 6127 6125
f 6234 6127 6233
f 6234 6235 6127
f 6236 6211 6108
f 6236 6108 6128
f 6237 6109 6213
f 6237 6213 6238
f 6239 6213 6212
f 6240 6139 6141
f 6241 6219 6140
f 6241 6140 6139
f 6242 6218 6219
f 6243 6221 6244
f 6243 6222 6221
f 6245 6169 6189
f 6245 6168 6169
f 6245 6224 6168
f 6246 6245 6189
f 6246 6248 6247
f 6246 6189 6248
f 6249 6181 6182
f 6249 6186 6181
f 6250 6226 6227
f 6250 6251 6226
f 6252 6183 6229
f 6253 6226 6251
f 6253 6228 6226
f 6254 6207 6200
f 6254 6200 6228
f 6254 6228 6255
f 6256 6206 6207
f 6256 6208 6206
f 6257 6106 90
f 6257 6118 6106
f 6257 6232 6118
f 6258 6233 6205
f 6259 76 6107
f 6259 6107 6127
f 6259 6127 6235
f 6260 6108 6209
f 6261 6213 6239
f 6261 6238 6213
f 6262 6239 6212
f 6262 6261 6239
f 6263 6215 92
f 6264 6130 6216
f 6264 6214 6130
f 6265 6267 6266
f 6265 6268 6267
f 6265 6266 6269
f 6270 6154 6222
f 6270 6148 6154
f 6270 6150 6148
f 6270 6222 6271
f 6272 6242 6219
f 6273 6222 6243
f 6273 6271 6222
f 6274 6218 6242
f 6274 6242 6272
f 6274 6220 6218
f 6275 6225 6220
f 6276 6175 6159
f 6277 6278 6175
f 6277 6175 6276
f 6279 6175 6278
f 6279 6227 6172
f 6279 6172 6175
f 6280 6250 6227
f 6281 6183 6252
f 6282 6229 6120
f 6282 6120 6118
f 6283 6118 6230
f 6284 6258 6205
f 6285 6234 6233
f 6285 6233 6286
f 6287 6211 6236
f 6288 6109 6237
f 6288 6128 6109
f 6289 6238 6261
f 6289 6261 6262
f 6290 6240 6141
f 6291 6241 6139
f 6292 6274 6272
f 6292 6272 6219
f 6293 6271 6273
f 6294 6296 6295
f 6294 6223 6296
f 6294 6221 6223
f 6297 6224 6245
f 6297 6223 6224
f 6297 6298 6223
f 6299 6186 6249
f 6299 6188 6186
f 6300 6280 6227
f 6301 6183 6281
f 6302 6253 6251
f 6303 6253 6304
f 6303 6228 6253
f 6303 6255 6228
f 6305 6256 6207
f 6306 6257 90
f 6306 6232 6257
f 6307 6284 6205
f 6308 76 6259
f 6308 6259 6235
f 6309 90 91
f 6309 91 6108
f 6309 6108 6260
f 6310 6238 6289
f 6311 6263 92
f 6312 6214 6264
f 6313 6150 6267
f 6313 6267 6268
f 6313 6314 6150
f 6315 6150 6270
f 6315 6267 6150
f 6316 6292 6219
f 6316 6274 6292
f 6317 6271 6293
f 6318 6275 6220
f 6319 6159 6320
f 6319 6276 6159
f 6321 6279 6278
f 6322 6300 6227
f 6323 6183 6301
f 6324 6229 6282
f 6325 6324 6282
f 6325 6118 6283
f 6325 6282 6118
f 6326 6307 6205
f 6327 6286 6233
f 6328 6285 6286
f 6329 6210 6211
f 6329 6309 6260
f 6329 6211 6287
f 6329 6209 6210
f 6329 90 6309
f 6329 6260 6209
f 6330 6236 6128
f 6330 6287 6236
f 6330 6128 6288
f 6330 6329 6287
f 6331 6238 6310
f 6332 6215 6263
f 6332 6263 6311
f 6332 6290 6141
f 6332 6141 6215
f 6333 6291 6139
f 6334 6316 6219
f 6334 6274 6316
f 6335 6271 6317
f 6336 6221 6294
f 6337 6223 6298
f 6337 6338 6223
f 6339 6338 6337
f 6339 6337 6298
f 6339 6189 6188
f 6339 6188 6299
f 6339 6246 6247
f 6339 6245 6246
f 6339 6247 6248
f 6339 6297 6245
f 6339 6248 6189
f 6339 6298 6297
f 6340 6322 6227
f 6341 6183 6323
f 6342 6302 6251
f 6343 6304 6253
f 6343 6253 6344
f 6345 6303 6304
f 6345 6255 6303
f 6345 6304 6343
f 6345 6343 6344
f 6345 6305 6207
f 6345 6207 6254
f 6345 6254 6255
f 6346 6232 6306
f 6346 6306 90
f 6346 6230 6231
f 6346 6231 6232
f 6346 6283 6230
f 6346 6325 6283
f 6347 6326 6205
f 6348 6308 6235
f 6348 6234 6285
f 6348 6235 6234
f 6348 6285 6328
f 6348 76 6308
f 6349 6237 6238
f 6349 6288 6237
f 6349 6238 6331
f 6349 6330 6288
f 6349 6329 6330
f 6350 92 76
f 6350 6311 92
f 6350 6332 6311
f 6351 6149 6150
f 6351 6264 6216
f 6351 6312 6264
f 6351 6216 6217
f 6351 6217 6149
f 6352 6150 6314
f 6352 6351 6150
f 6353 6266 6267
f 6353 6267 6315
f 6353 6265 6269
f 6353 6268 6265
f 6353 6314 6313
f 6353 6313 6268
f 6353 6352 6314
f 6353 6351 6352
f 6353 6269 6266
f 6354 6274 6334
f 6354 6334 6219
f 6355 6270 6271
f 6355 6271 6335
f 6355 6315 6270
f 6355 6353 6315
f 6355 6351 6353
f 6356 6220 6274
f 6356 6318 6220
f 6357 6225 6275
f 6357 6275 6318
f 6357 6318 6356
f 6357 6159 6225
f 6358 6320 6159
f 6358 6159 6357
f 6359 6321 6278
f 6359 6278 6277
f 6359 6277 6276
f 6359 6276 6319
f 6359 6319 6320
f 6359 6358 6357
f 6359 6320 6358
f 6360 6340 6227
f 6361 6299 6249
f 6361 6249 6182
f 6361 6182 6183
f 6361 6339 6299
f 6361 6183 6341
f 6362 6229 6324
f 6362 6361 6341
f 6362 90 6339
f 6362 6325 6346
f 6362 6281 6252
f 6362 6323 6301
f 6362 6341 6323
f 6362 6346 90
f 6362 6252 6229
f 6362 6324 6325
f 6362 6301 6281
f 6362 6339 6361
f 6363 6347 6205
f 6364 6347 6363
f 6364 6307 6326
f 6364 6284 6307
f 6364 6327 6233
f 6364 6233 6258
f 6364 6326 6347
f 6364 6258 6284
f 6365 76 6348
f 6365 6286 6327
f 6365 6328 6286
f 6365 6348 6328
f 6365 6327 6364
f 6366 6351 90
f 6366 6310 6289
f 6366 6289 6262
f 6366 6349 6331
f 6366 6212 6214
f 6366 6368 6367
f 6366 6329 6349
f 6366 6331 6310
f 6366 6214 6368
f 6366 90 6329
f 6366 6262 6212
f 6369 6214 6312
f 6369 6312 6351
f 6369 6367 6368
f 6369 6351 6366
f 6369 6368 6214
f 6369 6366 6367
f 6370 6332 6350
f 6370 76 6356
f 6370 6350 76
f 6370 6240 6290
f 6370 6139 6240
f 6370 6290 6332
f 6370 6333 6139
f 6371 6333 6370
f 6371 6291 6333
f 6371 6356 6274
f 6371 6219 6241
f 6371 6241 6291
f 6371 6354 6219
f 6371 6370 6356
f 6371 6274 6354
f 6372 90 90
f 6372 6293 6273
f 6372 6273 6243
f 6372 6355 6335
f 6372 90 6351
f 6372 6351 6355
f 6372 6339 90
f 6372 6317 6293
f 6372 6335 6317
f 6372 6221 6336
f 6372 6244 6221
f 6372 6243 6244
f 6373 6295 6296
f 6373 6338 6339
f 6373 6296 6223
f 6373 6336 6294
f 6373 6339 6372
f 6373 6294 6295
f 6373 6223 6338
f 6373 6372 6336
f 6374 6227 6279
f 6374 6360 6227
f 6374 6321 6359
f 6374 6357 6356
f 6374 6359 6357
f 6374 6279 6321
f 6375 6251 6250
f 6375 6342 6251
f 6375 6250 6280
f 6375 6360 6374
f 6375 6340 6360
f 6375 6280 6300
f 6375 6300 6322
f 6375 6322 6340
f 6376 76 76
f 6376 6302 6342
f 6376 6375 6374
f 6376 6342 6375
f 6376 6253 6302
f 6376 6374 6356
f 6376 6356 76
f 6376 76 6365
f 6377 6345 6344
f 6377 6253 6376
f 6377 6344 6253
f 6377 6376 6345
f 6378 6365 6364
f 6378 6305 6345
f 6378 6376 6365
f 6378 6363 6205
f 6378 6205 6208
f 6378 6256 6305
f 6378 6345 6376
f 6378 6208 6256
f 6378 6364 6363
f 3897 3895 3896
f 3898 3894 3895
f 3898 3895 3897
f 3899 3894 3898
f 105 3893 3894
f 105 3894 3899
f 4683 3892 3893
f 4683 3893 105
f 4684 3892 4683
f 4685 3891 3892
f 4685 3892 4684
f 4686 3890 3891
f 4686 3891 4685
f 4687 3890 4686
f 534 137 2210
f 534 2210 2211
f 4688 3889 3890
f 4688 3890 4687
f 535 534 2211
f 4689 3889 4688
f 4690 3888 3889
f 4690 3889 4689
f 537 536 535
f 537 2211 2212
f 537 535 2211
f 4691 3888 4690
f 538 2212 2213
f 538 2213 2214
f 538 537 2212
f 539 2214 133
f 539 538 2214
f 4692 3888 4691
f 4692 3887 3888
f 3 539 133
f 3 133 3108
f 4693 3887 4692
f 923 3 3108
f 4694 3887 4693
f 922 3108 3109
f 922 923 3108
f 921 922 3109
f 921 3109 3110
f 1213 1214 1215
f 1213 1215 1216
f 1212 1216 1217
f 1212 1213 1216
f 76 6106 6107
f 13 1212 1217
f 5167 5676 90
f 5167 90 6106
f 5167 6106 76
f 1723 1217 1218
f 1723 13 1217
f 5168 5676 5167
f 5168 5675 5676
f 1722 1218 1219
f 1722 1723 1218
f 5169 5675 5168
f 5169 5674 5675
f 1721 1722 1219
f 5170 5674 5169
f 5170 5673 5674
f 1720 1219 1220
f 1720 1721 1219
f 5171 5673 5170
f 5171 5672 5673
f 1719 1720 1220
f 1719 1220 1221
f 5172 5672 5171
f 5172 5671 5672
f 1718 1719 1221
f 5173 5671 5172
f 5173 5670 5671
f 1717 1221 1222
f 1717 1718 1221
f 5174 5670 5173
f 5174 5669 5670
f 1716 1717 1222
f 5175 5669 5174
f 5175 5668 5669
f 1715 1716 1222
f 1715 1222 1223
f 5176 5668 5175
f 5176 5666 5667
f 5176 5667 5668
f 1714 1715 1223
f 5177 5666 5176
f 5177 93 5666
f 1713 1223 1224
f 1713 1714 1223
f 5178 93 5177
f 5178 4695 93
f 1712 1713 1224
f 5179 4694 4695
f 5179 4695 5178
f 72 3887 4694
f 72 4694 5179
f 4386 119 3887
f 4386 3887 72
f 4387 119 4386
f 4388 3110 119
f 4388 119 4387
f 58 921 3110
f 58 3110 4388
f 3399 9 921
f 3399 921 58
f 3400 9 3399
f 3401 1224 9
f 3401 9 3400
f 3402 1711 1712
f 3402 1712 1224
f 3402 1224 3401
f 3403 27 1711
f 3403 1711 3402
f 3404 2554 27
f 3404 27 3403
f 3405 2553 2554
f 3405 2554 3404
f 3406 2552 2553
f 3406 2553 3405
f 3407 2551 2552
f 3407 2552 3406
f 3408 2551 3407
f 3408 2550 2551
f 3409 2549 2550
f 3409 2550 3408
f 2541 2542 2543
f 2541 2543 2544
f 3410 2548 2549
f 3410 2549 3409
f 2540 2541 2544
f 2540 2544 2545
f 3411 2547 2548
f 3411 2548 3410
f 2539 2540 2545
f 2539 2545 2546
f 41 2546 2547
f 41 2547 3411
f 41 2539 2546
