{"min": [-0.36228311883710257, -0.05936204895273495, -0.9080928530931608], "max": [0.3633325946734046, 0.12204187942489185, 0.9059465009904153]}