{"handle_min": [-0.13565077936098913, -0.05564990340788, -0.013350542294722063], "handle_max": [0.011893281177503698, 0.0056936283439893865, 0.013053658737490358], "goal_pos": [-0.06782538968049456, -0.0020909243232432252, 0.045887380041864816]}