v -0.040800 -0.007650 -0.050650
v -0.040800 -0.007650 0.050650
v -0.040800 -0.006350 -0.050650
v -0.040800 -0.006350 0.050650
v -0.040800 -0.007650 -0.050650
v -0.040800 -0.007650 0.050650
v -0.040450 -0.008000 0.050650
v -0.040450 -0.008000 -0.050650
v -0.040450 -0.007650 -0.051000
v -0.040800 -0.007650 -0.050650
v -0.040800 -0.006350 -0.050650
v -0.040450 -0.006350 -0.051000
v -0.040450 -0.007650 0.051000
v -0.040800 -0.007650 0.050650
v -0.040800 -0.006350 0.050650
v -0.040450 -0.006350 0.051000
v -0.040800 -0.006350 -0.050650
v -0.040800 -0.006350 0.050650
v -0.040450 -0.006000 0.050650
v -0.040450 -0.006000 -0.050650
v -0.040450 -0.007650 -0.051000
v -0.040800 -0.007650 -0.050650
v -0.040450 -0.008000 -0.050650
v -0.040450 -0.007650 0.051000
v -0.040800 -0.007650 0.050650
v -0.040450 -0.008000 0.050650
v -0.040450 -0.008000 -0.050650
v -0.040450 -0.008000 0.050650
v -0.005150 -0.008000 0.050650
v -0.005150 -0.008000 -0.050650
v -0.040450 -0.007650 -0.051000
v -0.040450 -0.006350 -0.051000
v -0.005150 -0.007650 -0.051000
v -0.005150 -0.006350 -0.051000
v -0.040450 -0.006350 -0.051000
v -0.040800 -0.006350 -0.050650
v -0.040450 -0.006000 -0.050650
v -0.040450 -0.007650 0.051000
v -0.040450 -0.006350 0.051000
v -0.005150 -0.007650 0.051000
v -0.005150 -0.006350 0.051000
v -0.040450 -0.006000 0.050650
v -0.040800 -0.006350 0.050650
v -0.040450 -0.006350 0.051000
v -0.040450 -0.006000 -0.050650
v -0.008800 -0.006000 -0.050650
v -0.040450 -0.006000 0.050650
v -0.008800 -0.006000 0.050650
v -0.008800 -0.006000 0.021250
v -0.008550 -0.006000 0.021000
v -0.005150 -0.006000 0.021000
v -0.005150 -0.006000 -0.021000
v -0.008550 -0.006000 -0.021000
v -0.008800 -0.006000 -0.021250
v -0.040450 -0.007650 -0.051000
v -0.040450 -0.008000 -0.050650
v -0.005150 -0.008000 -0.050650
v -0.005150 -0.007650 -0.051000
v -0.040450 -0.007650 0.051000
v -0.040450 -0.008000 0.050650
v -0.005150 -0.008000 0.050650
v -0.005150 -0.007650 0.051000
v -0.004800 -0.007650 -0.050650
v -0.004800 -0.007650 0.050650
v -0.005150 -0.008000 0.050650
v -0.005150 -0.008000 -0.050650
v -0.040450 -0.006350 -0.051000
v -0.005150 -0.006350 -0.051000
v -0.040450 -0.006000 -0.050650
v -0.008800 -0.006000 -0.050650
v -0.008800 -0.006100 -0.050750
v -0.008650 -0.006250 -0.050900
v -0.008550 -0.006300 -0.050950
v -0.005150 -0.006300 -0.050950
v -0.005150 -0.007650 -0.051000
v -0.004800 -0.007650 -0.050650
v -0.004800 -0.006350 -0.050650
v -0.004900 -0.006350 -0.050750
v -0.005050 -0.006350 -0.050900
v -0.005150 -0.006350 -0.051000
v -0.040450 -0.006000 0.050650
v -0.040450 -0.006350 0.051000
v -0.008800 -0.006000 0.050650
v -0.008800 -0.006100 0.050750
v -0.008650 -0.006250 0.050900
v -0.008550 -0.006300 0.050950
v -0.005150 -0.006300 0.050950
v -0.005150 -0.006350 0.051000
v -0.005150 -0.007650 0.051000
v -0.004800 -0.007650 0.050650
v -0.004800 -0.006350 0.050650
v -0.004900 -0.006350 0.050750
v -0.005050 -0.006350 0.050900
v -0.005150 -0.006350 0.051000
v -0.008800 -0.006000 -0.050650
v -0.008800 -0.006100 -0.050750
v -0.008800 -0.001550 -0.050750
v -0.008800 -0.001550 -0.021250
v -0.008800 -0.006000 -0.021250
v -0.008550 -0.006000 -0.021000
v -0.008550 -0.001550 -0.021000
v -0.008800 -0.006000 -0.021250
v -0.008800 -0.001550 -0.021250
v -0.008550 -0.006000 -0.021000
v -0.008550 -0.001550 -0.021000
v -0.005150 -0.006000 -0.021000
v -0.005050 -0.006100 -0.021000
v -0.005050 -0.004092 -0.021000
v -0.004946 -0.004217 -0.021000
v -0.004839 -0.004339 -0.021000
v -0.004730 -0.004459 -0.021000
v -0.004617 -0.004576 -0.021000
v -0.004501 -0.004689 -0.021000
v -0.004383 -0.004800 -0.021000
v -0.004261 -0.004908 -0.021000
v -0.004138 -0.005013 -0.021000
v -0.004011 -0.005115 -0.021000
v -0.003882 -0.005213 -0.021000
v -0.003751 -0.005309 -0.021000
v -0.003617 -0.005401 -0.021000
v -0.003481 -0.005489 -0.021000
v -0.003343 -0.005574 -0.021000
v -0.003203 -0.005656 -0.021000
v -0.003060 -0.005734 -0.021000
v -0.002916 -0.005809 -0.021000
v -0.002770 -0.005880 -0.021000
v -0.002623 -0.005947 -0.021000
v -0.002473 -0.006011 -0.021000
v -0.002323 -0.006071 -0.021000
v -0.002170 -0.006127 -0.021000
v -0.002017 -0.006179 -0.021000
v -0.001862 -0.006228 -0.021000
v -0.001706 -0.006272 -0.021000
v -0.001549 -0.006313 -0.021000
v -0.001390 -0.006350 -0.021000
v -0.001231 -0.006382 -0.021000
v -0.001072 -0.006411 -0.021000
v -0.000911 -0.006436 -0.021000
v -0.000750 -0.006457 -0.021000
v -0.000589 -0.006473 -0.021000
v -0.000427 -0.006486 -0.021000
v -0.000265 -0.006495 -0.021000
v -0.000103 -0.006499 -0.021000
v 0.000059 -0.006500 -0.021000
v 0.000222 -0.006496 -0.021000
v 0.000384 -0.006489 -0.021000
v 0.000546 -0.006477 -0.021000
v 0.000707 -0.006461 -0.021000
v 0.000868 -0.006442 -0.021000
v 0.001029 -0.006418 -0.021000
v 0.001189 -0.006390 -0.021000
v 0.001348 -0.006359 -0.021000
v 0.001506 -0.006323 -0.021000
v 0.001664 -0.006283 -0.021000
v 0.001820 -0.006240 -0.021000
v 0.001975 -0.006193 -0.021000
v 0.002129 -0.006141 -0.021000
v 0.002282 -0.006086 -0.021000
v 0.002433 -0.006027 -0.021000
v 0.002583 -0.005965 -0.021000
v 0.002731 -0.005898 -0.021000
v 0.002878 -0.005828 -0.021000
v 0.003022 -0.005755 -0.021000
v 0.003165 -0.005677 -0.021000
v 0.003306 -0.005597 -0.021000
v 0.003444 -0.005512 -0.021000
v 0.003581 -0.005425 -0.021000
v 0.003715 -0.005334 -0.021000
v 0.003847 -0.005239 -0.021000
v 0.003977 -0.005141 -0.021000
v 0.004104 -0.005041 -0.021000
v 0.004229 -0.004937 -0.021000
v 0.004350 -0.004829 -0.021000
v 0.004470 -0.004719 -0.021000
v 0.004586 -0.004606 -0.021000
v 0.004700 -0.004490 -0.021000
v 0.004810 -0.004372 -0.021000
v 0.004918 -0.004250 -0.021000
v 0.005023 -0.004126 -0.021000
v 0.005124 -0.003999 -0.021000
v 0.005222 -0.003870 -0.021000
v 0.005317 -0.003739 -0.021000
v 0.005409 -0.003605 -0.021000
v 0.005497 -0.003468 -0.021000
v 0.005582 -0.003330 -0.021000
v 0.005664 -0.003190 -0.021000
v 0.005741 -0.003047 -0.021000
v 0.005816 -0.002903 -0.021000
v 0.005886 -0.002757 -0.021000
v 0.005953 -0.002609 -0.021000
v 0.006017 -0.002460 -0.021000
v 0.006076 -0.002309 -0.021000
v 0.006132 -0.002156 -0.021000
v 0.006184 -0.002002 -0.021000
v 0.006232 -0.001847 -0.021000
v 0.006276 -0.001691 -0.021000
v 0.006316 -0.001534 -0.021000
v 0.006353 -0.001376 -0.021000
v 0.006385 -0.001217 -0.021000
v 0.006413 -0.001057 -0.021000
v 0.006438 -0.000897 -0.021000
v 0.006458 -0.000736 -0.021000
v 0.006475 -0.000574 -0.021000
v 0.006487 -0.000412 -0.021000
v 0.006495 -0.000250 -0.021000
v 0.006499 -0.000088 -0.021000
v 0.006500 0.000074 -0.021000
v 0.006496 0.000237 -0.021000
v 0.006488 0.000399 -0.021000
v 0.006476 0.000561 -0.021000
v 0.006460 0.000722 -0.021000
v 0.006440 0.000883 -0.021000
v 0.006416 0.001044 -0.021000
v 0.006388 0.001204 -0.021000
v 0.006356 0.001363 -0.021000
v 0.006320 0.001521 -0.021000
v 0.006280 0.001678 -0.021000
v 0.006236 0.001834 -0.021000
v 0.006188 0.001990 -0.021000
v 0.006136 0.002143 -0.021000
v 0.006081 0.002296 -0.021000
v 0.006022 0.002447 -0.021000
v 0.005959 0.002597 -0.021000
v 0.005892 0.002745 -0.021000
v 0.005822 0.002891 -0.021000
v 0.005748 0.003035 -0.021000
v 0.005670 0.003178 -0.021000
v 0.005589 0.003319 -0.021000
v 0.005504 0.003457 -0.021000
v 0.005416 0.003593 -0.021000
v 0.005325 0.003728 -0.021000
v 0.005230 0.003859 -0.021000
v 0.005132 0.003989 -0.021000
v 0.005031 0.004116 -0.021000
v 0.004927 0.004240 -0.021000
v 0.004819 0.004362 -0.021000
v 0.004709 0.004481 -0.021000
v 0.004596 0.004597 -0.021000
v 0.004479 0.004710 -0.021000
v 0.004360 0.004820 -0.021000
v 0.004239 0.004928 -0.021000
v 0.004114 0.005032 -0.021000
v 0.003987 0.005133 -0.021000
v 0.003858 0.005231 -0.021000
v 0.003726 0.005326 -0.021000
v 0.003592 0.005417 -0.021000
v 0.003456 0.005505 -0.021000
v 0.003317 0.005590 -0.021000
v 0.003177 0.005671 -0.021000
v 0.003034 0.005748 -0.021000
v 0.002890 0.005822 -0.021000
v 0.002743 0.005893 -0.021000
v 0.002595 0.005959 -0.021000
v 0.002446 0.006022 -0.021000
v 0.002295 0.006082 -0.021000
v 0.002142 0.006137 -0.021000
v 0.001988 0.006188 -0.021000
v 0.001833 0.006236 -0.021000
v 0.001677 0.006280 -0.021000
v 0.001519 0.006320 -0.021000
v 0.001361 0.006356 -0.021000
v 0.001202 0.006388 -0.021000
v 0.001042 0.006416 -0.021000
v 0.000882 0.006440 -0.021000
v 0.000721 0.006460 -0.021000
v 0.000559 0.006476 -0.021000
v 0.000397 0.006488 -0.021000
v 0.000235 0.006496 -0.021000
v 0.000073 0.006500 -0.021000
v -0.000089 0.006499 -0.021000
v -0.000252 0.006495 -0.021000
v -0.000414 0.006487 -0.021000
v -0.000576 0.006474 -0.021000
v -0.000737 0.006458 -0.021000
v -0.000898 0.006438 -0.021000
v -0.001058 0.006413 -0.021000
v -0.001218 0.006385 -0.021000
v -0.001377 0.006352 -0.021000
v -0.001535 0.006316 -0.021000
v -0.001693 0.006276 -0.021000
v -0.001849 0.006232 -0.021000
v -0.002004 0.006183 -0.021000
v -0.002158 0.006131 -0.021000
v -0.002310 0.006076 -0.021000
v -0.002461 0.006016 -0.021000
v -0.002610 0.005953 -0.021000
v -0.002758 0.005886 -0.021000
v -0.002904 0.005815 -0.021000
v -0.003049 0.005741 -0.021000
v -0.003191 0.005663 -0.021000
v -0.003331 0.005581 -0.021000
v -0.003470 0.005496 -0.021000
v -0.003606 0.005408 -0.021000
v -0.003740 0.005316 -0.021000
v -0.003871 0.005221 -0.021000
v -0.004000 0.005123 -0.021000
v -0.004127 0.005022 -0.021000
v -0.004251 0.004917 -0.021000
v -0.004373 0.004809 -0.021000
v -0.004491 0.004699 -0.021000
v -0.004607 0.004585 -0.021000
v -0.004720 0.004469 -0.021000
v -0.004830 0.004349 -0.021000
v -0.004938 0.004227 -0.021000
v -0.005042 0.004103 -0.021000
v -0.005142 0.003976 -0.021000
v -0.005240 0.003846 -0.021000
v -0.005334 0.003714 -0.021000
v -0.005426 0.003580 -0.021000
v -0.005513 0.003443 -0.021000
v -0.005597 0.003304 -0.021000
v -0.005678 0.003164 -0.021000
v -0.005755 0.003021 -0.021000
v -0.005829 0.002876 -0.021000
v -0.005899 0.002730 -0.021000
v -0.005965 0.002582 -0.021000
v -0.006028 0.002432 -0.021000
v -0.006087 0.002281 -0.021000
v -0.006142 0.002128 -0.021000
v -0.006193 0.001974 -0.021000
v -0.006240 0.001819 -0.021000
v -0.006284 0.001662 -0.021000
v -0.006323 0.001505 -0.021000
v -0.006359 0.001347 -0.021000
v -0.006391 0.001187 -0.021000
v -0.006418 0.001027 -0.021000
v -0.006442 0.000867 -0.021000
v -0.006462 0.000706 -0.021000
v -0.006477 0.000544 -0.021000
v -0.006489 0.000382 -0.021000
v -0.006496 0.000220 -0.021000
v -0.006500 0.000058 -0.021000
v -0.006499 -0.000104 -0.021000
v -0.006495 -0.000267 -0.021000
v -0.006486 -0.000429 -0.021000
v -0.006473 -0.000590 -0.021000
v -0.006456 -0.000752 -0.021000
v -0.006436 -0.000913 -0.021000
v -0.006411 -0.001073 -0.021000
v -0.006382 -0.001233 -0.021000
v -0.006349 -0.001392 -0.021000
v -0.006312 -0.001550 -0.021000
v 0.004500 -0.000000 -0.021000
v 0.004499 0.000112 -0.021000
v 0.004494 0.000224 -0.021000
v 0.004487 0.000336 -0.021000
v 0.004478 0.000448 -0.021000
v 0.004465 0.000560 -0.021000
v 0.004450 0.000671 -0.021000
v 0.004432 0.000781 -0.021000
v 0.004411 0.000892 -0.021000
v 0.004387 0.001001 -0.021000
v 0.004361 0.001110 -0.021000
v 0.004332 0.001219 -0.021000
v 0.004300 0.001326 -0.021000
v 0.004266 0.001433 -0.021000
v 0.004229 0.001539 -0.021000
v 0.004189 0.001644 -0.021000
v 0.004147 0.001748 -0.021000
v 0.004102 0.001851 -0.021000
v 0.004054 0.001952 -0.021000
v 0.004004 0.002053 -0.021000
v 0.003952 0.002152 -0.021000
v 0.003897 0.002250 -0.021000
v 0.003840 0.002346 -0.021000
v 0.003780 0.002441 -0.021000
v 0.003718 0.002535 -0.021000
v 0.003654 0.002627 -0.021000
v 0.003587 0.002717 -0.021000
v 0.003518 0.002806 -0.021000
v 0.003447 0.002893 -0.021000
v 0.003374 0.002978 -0.021000
v 0.003299 0.003061 -0.021000
v 0.003221 0.003142 -0.021000
v 0.003142 0.003221 -0.021000
v 0.003061 0.003299 -0.021000
v 0.002978 0.003374 -0.021000
v 0.002893 0.003447 -0.021000
v 0.002806 0.003518 -0.021000
v 0.002717 0.003587 -0.021000
v 0.002627 0.003654 -0.021000
v 0.002535 0.003718 -0.021000
v 0.002441 0.003780 -0.021000
v 0.002346 0.003840 -0.021000
v 0.002250 0.003897 -0.021000
v 0.002152 0.003952 -0.021000
v 0.002053 0.004004 -0.021000
v 0.001952 0.004054 -0.021000
v 0.001851 0.004102 -0.021000
v 0.001748 0.004147 -0.021000
v 0.001644 0.004189 -0.021000
v 0.001539 0.004229 -0.021000
v 0.001433 0.004266 -0.021000
v 0.001326 0.004300 -0.021000
v 0.001219 0.004332 -0.021000
v 0.001110 0.004361 -0.021000
v 0.001001 0.004387 -0.021000
v 0.000892 0.004411 -0.021000
v 0.000781 0.004432 -0.021000
v 0.000671 0.004450 -0.021000
v 0.000560 0.004465 -0.021000
v 0.000448 0.004478 -0.021000
v 0.000336 0.004487 -0.021000
v 0.000224 0.004494 -0.021000
v 0.000112 0.004499 -0.021000
v 0.000000 0.004500 -0.021000
v -0.000112 0.004499 -0.021000
v -0.000224 0.004494 -0.021000
v -0.000336 0.004487 -0.021000
v -0.000448 0.004478 -0.021000
v -0.000560 0.004465 -0.021000
v -0.000671 0.004450 -0.021000
v -0.000781 0.004432 -0.021000
v -0.000892 0.004411 -0.021000
v -0.001001 0.004387 -0.021000
v -0.001110 0.004361 -0.021000
v -0.001219 0.004332 -0.021000
v -0.001326 0.004300 -0.021000
v -0.001433 0.004266 -0.021000
v -0.001539 0.004229 -0.021000
v -0.001644 0.004189 -0.021000
v -0.001748 0.004147 -0.021000
v -0.001851 0.004102 -0.021000
v -0.001952 0.004054 -0.021000
v -0.002053 0.004004 -0.021000
v -0.002152 0.003952 -0.021000
v -0.002250 0.003897 -0.021000
v -0.002346 0.003840 -0.021000
v -0.002441 0.003780 -0.021000
v -0.002535 0.003718 -0.021000
v -0.002627 0.003654 -0.021000
v -0.002717 0.003587 -0.021000
v -0.002806 0.003518 -0.021000
v -0.002893 0.003447 -0.021000
v -0.002978 0.003374 -0.021000
v -0.003061 0.003299 -0.021000
v -0.003142 0.003221 -0.021000
v -0.003221 0.003142 -0.021000
v -0.003299 0.003061 -0.021000
v -0.003374 0.002978 -0.021000
v -0.003447 0.002893 -0.021000
v -0.003518 0.002806 -0.021000
v -0.003587 0.002717 -0.021000
v -0.003654 0.002627 -0.021000
v -0.003718 0.002535 -0.021000
v -0.003780 0.002441 -0.021000
v -0.003840 0.002346 -0.021000
v -0.003897 0.002250 -0.021000
v -0.003952 0.002152 -0.021000
v -0.004004 0.002053 -0.021000
v -0.004054 0.001952 -0.021000
v -0.004102 0.001851 -0.021000
v -0.004147 0.001748 -0.021000
v -0.004189 0.001644 -0.021000
v -0.004229 0.001539 -0.021000
v -0.004266 0.001433 -0.021000
v -0.004300 0.001326 -0.021000
v -0.004332 0.001219 -0.021000
v -0.004361 0.001110 -0.021000
v -0.004387 0.001001 -0.021000
v -0.004411 0.000892 -0.021000
v -0.004432 0.000781 -0.021000
v -0.004450 0.000671 -0.021000
v -0.004465 0.000560 -0.021000
v -0.004478 0.000448 -0.021000
v -0.004487 0.000336 -0.021000
v -0.004494 0.000224 -0.021000
v -0.004499 0.000112 -0.021000
v -0.004500 -0.000000 -0.021000
v -0.004499 -0.000112 -0.021000
v -0.004494 -0.000224 -0.021000
v -0.004487 -0.000336 -0.021000
v -0.004478 -0.000448 -0.021000
v -0.004465 -0.000560 -0.021000
v -0.004450 -0.000671 -0.021000
v -0.004432 -0.000781 -0.021000
v -0.004411 -0.000892 -0.021000
v -0.004387 -0.001001 -0.021000
v -0.004361 -0.001110 -0.021000
v -0.004332 -0.001219 -0.021000
v -0.004300 -0.001326 -0.021000
v -0.004266 -0.001433 -0.021000
v -0.004229 -0.001539 -0.021000
v -0.004189 -0.001644 -0.021000
v -0.004147 -0.001748 -0.021000
v -0.004102 -0.001851 -0.021000
v -0.004054 -0.001952 -0.021000
v -0.004004 -0.002053 -0.021000
v -0.003952 -0.002152 -0.021000
v -0.003897 -0.002250 -0.021000
v -0.003840 -0.002346 -0.021000
v -0.003780 -0.002441 -0.021000
v -0.003718 -0.002535 -0.021000
v -0.003654 -0.002627 -0.021000
v -0.003587 -0.002717 -0.021000
v -0.003518 -0.002806 -0.021000
v -0.003447 -0.002893 -0.021000
v -0.003374 -0.002978 -0.021000
v -0.003299 -0.003061 -0.021000
v -0.003221 -0.003142 -0.021000
v -0.003142 -0.003221 -0.021000
v -0.003061 -0.003299 -0.021000
v -0.002978 -0.003374 -0.021000
v -0.002893 -0.003447 -0.021000
v -0.002806 -0.003518 -0.021000
v -0.002717 -0.003587 -0.021000
v -0.002627 -0.003654 -0.021000
v -0.002535 -0.003718 -0.021000
v -0.002441 -0.003780 -0.021000
v -0.002346 -0.003840 -0.021000
v -0.002250 -0.003897 -0.021000
v -0.002152 -0.003952 -0.021000
v -0.002053 -0.004004 -0.021000
v -0.001952 -0.004054 -0.021000
v -0.001851 -0.004102 -0.021000
v -0.001748 -0.004147 -0.021000
v -0.001644 -0.004189 -0.021000
v -0.001539 -0.004229 -0.021000
v -0.001433 -0.004266 -0.021000
v -0.001326 -0.004300 -0.021000
v -0.001219 -0.004332 -0.021000
v -0.001110 -0.004361 -0.021000
v -0.001001 -0.004387 -0.021000
v -0.000892 -0.004411 -0.021000
v -0.000781 -0.004432 -0.021000
v -0.000671 -0.004450 -0.021000
v -0.000560 -0.004465 -0.021000
v -0.000448 -0.004478 -0.021000
v -0.000336 -0.004487 -0.021000
v -0.000224 -0.004494 -0.021000
v -0.000112 -0.004499 -0.021000
v 0.000000 -0.004500 -0.021000
v 0.000112 -0.004499 -0.021000
v 0.000224 -0.004494 -0.021000
v 0.000336 -0.004487 -0.021000
v 0.000448 -0.004478 -0.021000
v 0.000560 -0.004465 -0.021000
v 0.000671 -0.004450 -0.021000
v 0.000781 -0.004432 -0.021000
v 0.000892 -0.004411 -0.021000
v 0.001001 -0.004387 -0.021000
v 0.001110 -0.004361 -0.021000
v 0.001219 -0.004332 -0.021000
v 0.001326 -0.004300 -0.021000
v 0.001433 -0.004266 -0.021000
v 0.001539 -0.004229 -0.021000
v 0.001644 -0.004189 -0.021000
v 0.001748 -0.004147 -0.021000
v 0.001851 -0.004102 -0.021000
v 0.001952 -0.004054 -0.021000
v 0.002053 -0.004004 -0.021000
v 0.002152 -0.003952 -0.021000
v 0.002250 -0.003897 -0.021000
v 0.002346 -0.003840 -0.021000
v 0.002441 -0.003780 -0.021000
v 0.002535 -0.003718 -0.021000
v 0.002627 -0.003654 -0.021000
v 0.002717 -0.003587 -0.021000
v 0.002806 -0.003518 -0.021000
v 0.002893 -0.003447 -0.021000
v 0.002978 -0.003374 -0.021000
v 0.003061 -0.003299 -0.021000
v 0.003142 -0.003221 -0.021000
v 0.003221 -0.003142 -0.021000
v 0.003299 -0.003061 -0.021000
v 0.003374 -0.002978 -0.021000
v 0.003447 -0.002893 -0.021000
v 0.003518 -0.002806 -0.021000
v 0.003587 -0.002717 -0.021000
v 0.003654 -0.002627 -0.021000
v 0.003718 -0.002535 -0.021000
v 0.003780 -0.002441 -0.021000
v 0.003840 -0.002346 -0.021000
v 0.003897 -0.002250 -0.021000
v 0.003952 -0.002152 -0.021000
v 0.004004 -0.002053 -0.021000
v 0.004054 -0.001952 -0.021000
v 0.004102 -0.001851 -0.021000
v 0.004147 -0.001748 -0.021000
v 0.004189 -0.001644 -0.021000
v 0.004229 -0.001539 -0.021000
v 0.004266 -0.001433 -0.021000
v 0.004300 -0.001326 -0.021000
v 0.004332 -0.001219 -0.021000
v 0.004361 -0.001110 -0.021000
v 0.004387 -0.001001 -0.021000
v 0.004411 -0.000892 -0.021000
v 0.004432 -0.000781 -0.021000
v 0.004450 -0.000671 -0.021000
v 0.004465 -0.000560 -0.021000
v 0.004478 -0.000448 -0.021000
v 0.004487 -0.000336 -0.021000
v 0.004494 -0.000224 -0.021000
v 0.004499 -0.000112 -0.021000
v -0.004800 -0.006350 -0.050650
v -0.004850 -0.006300 -0.050650
v -0.004800 -0.006350 0.050650
v -0.004850 -0.006300 0.050650
v -0.004850 -0.006300 0.021250
v -0.004900 -0.006250 0.021150
v -0.005050 -0.006100 0.021000
v -0.005150 -0.006000 0.021000
v -0.005150 -0.006000 -0.021000
v -0.005050 -0.006100 -0.021000
v -0.004900 -0.006250 -0.021150
v -0.004850 -0.006300 -0.021250
v -0.008550 -0.006000 0.021000
v -0.008550 -0.001550 0.021000
v -0.005150 -0.006000 0.021000
v -0.005050 -0.006100 0.021000
v -0.005050 -0.004092 0.021000
v -0.006312 -0.001550 0.021000
v -0.006349 -0.001392 0.021000
v -0.006382 -0.001233 0.021000
v -0.006411 -0.001073 0.021000
v -0.006436 -0.000913 0.021000
v -0.006456 -0.000752 0.021000
v -0.006473 -0.000590 0.021000
v -0.006486 -0.000429 0.021000
v -0.006495 -0.000267 0.021000
v -0.006499 -0.000104 0.021000
v -0.006500 0.000058 0.021000
v -0.006496 0.000220 0.021000
v -0.006489 0.000382 0.021000
v -0.006477 0.000544 0.021000
v -0.006462 0.000706 0.021000
v -0.006442 0.000867 0.021000
v -0.006418 0.001027 0.021000
v -0.006391 0.001187 0.021000
v -0.006359 0.001347 0.021000
v -0.006323 0.001505 0.021000
v -0.006284 0.001662 0.021000
v -0.006240 0.001819 0.021000
v -0.006193 0.001974 0.021000
v -0.006142 0.002128 0.021000
v -0.006087 0.002281 0.021000
v -0.006028 0.002432 0.021000
v -0.005965 0.002582 0.021000
v -0.005899 0.002730 0.021000
v -0.005829 0.002876 0.021000
v -0.005755 0.003021 0.021000
v -0.005678 0.003164 0.021000
v -0.005597 0.003304 0.021000
v -0.005513 0.003443 0.021000
v -0.005426 0.003580 0.021000
v -0.005334 0.003714 0.021000
v -0.005240 0.003846 0.021000
v -0.005142 0.003976 0.021000
v -0.005042 0.004103 0.021000
v -0.004938 0.004227 0.021000
v -0.004830 0.004349 0.021000
v -0.004720 0.004469 0.021000
v -0.004607 0.004585 0.021000
v -0.004491 0.004699 0.021000
v -0.004373 0.004809 0.021000
v -0.004251 0.004917 0.021000
v -0.004127 0.005022 0.021000
v -0.004000 0.005123 0.021000
v -0.003871 0.005221 0.021000
v -0.003740 0.005316 0.021000
v -0.003606 0.005408 0.021000
v -0.003470 0.005496 0.021000
v -0.003331 0.005581 0.021000
v -0.003191 0.005663 0.021000
v -0.003049 0.005741 0.021000
v -0.002904 0.005815 0.021000
v -0.002758 0.005886 0.021000
v -0.002610 0.005953 0.021000
v -0.002461 0.006016 0.021000
v -0.002310 0.006076 0.021000
v -0.002158 0.006131 0.021000
v -0.002004 0.006183 0.021000
v -0.001849 0.006232 0.021000
v -0.001693 0.006276 0.021000
v -0.001535 0.006316 0.021000
v -0.001377 0.006352 0.021000
v -0.001218 0.006385 0.021000
v -0.001058 0.006413 0.021000
v -0.000898 0.006438 0.021000
v -0.000737 0.006458 0.021000
v -0.000576 0.006474 0.021000
v -0.000414 0.006487 0.021000
v -0.000252 0.006495 0.021000
v -0.000089 0.006499 0.021000
v 0.000073 0.006500 0.021000
v 0.000235 0.006496 0.021000
v 0.000397 0.006488 0.021000
v 0.000559 0.006476 0.021000
v 0.000721 0.006460 0.021000
v 0.000882 0.006440 0.021000
v 0.001042 0.006416 0.021000
v 0.001202 0.006388 0.021000
v 0.001361 0.006356 0.021000
v 0.001519 0.006320 0.021000
v 0.001677 0.006280 0.021000
v 0.001833 0.006236 0.021000
v 0.001988 0.006188 0.021000
v 0.002142 0.006137 0.021000
v 0.002295 0.006082 0.021000
v 0.002446 0.006022 0.021000
v 0.002595 0.005959 0.021000
v 0.002743 0.005893 0.021000
v 0.002890 0.005822 0.021000
v 0.003034 0.005748 0.021000
v 0.003177 0.005671 0.021000
v 0.003317 0.005590 0.021000
v 0.003456 0.005505 0.021000
v 0.003592 0.005417 0.021000
v 0.003726 0.005326 0.021000
v 0.003858 0.005231 0.021000
v 0.003987 0.005133 0.021000
v 0.004114 0.005032 0.021000
v 0.004239 0.004928 0.021000
v 0.004360 0.004820 0.021000
v 0.004479 0.004710 0.021000
v 0.004596 0.004597 0.021000
v 0.004709 0.004481 0.021000
v 0.004819 0.004362 0.021000
v 0.004927 0.004240 0.021000
v 0.005031 0.004116 0.021000
v 0.005132 0.003989 0.021000
v 0.005230 0.003859 0.021000
v 0.005325 0.003728 0.021000
v 0.005416 0.003593 0.021000
v 0.005504 0.003457 0.021000
v 0.005589 0.003319 0.021000
v 0.005670 0.003178 0.021000
v 0.005748 0.003035 0.021000
v 0.005822 0.002891 0.021000
v 0.005892 0.002745 0.021000
v 0.005959 0.002597 0.021000
v 0.006022 0.002447 0.021000
v 0.006081 0.002296 0.021000
v 0.006136 0.002143 0.021000
v 0.006188 0.001990 0.021000
v 0.006236 0.001834 0.021000
v 0.006280 0.001678 0.021000
v 0.006320 0.001521 0.021000
v 0.006356 0.001363 0.021000
v 0.006388 0.001204 0.021000
v 0.006416 0.001044 0.021000
v 0.006440 0.000883 0.021000
v 0.006460 0.000722 0.021000
v 0.006476 0.000561 0.021000
v 0.006488 0.000399 0.021000
v 0.006496 0.000237 0.021000
v 0.006500 0.000074 0.021000
v 0.006499 -0.000088 0.021000
v 0.006495 -0.000250 0.021000
v 0.006487 -0.000412 0.021000
v 0.006475 -0.000574 0.021000
v 0.006458 -0.000736 0.021000
v 0.006438 -0.000897 0.021000
v 0.006413 -0.001057 0.021000
v 0.006385 -0.001217 0.021000
v 0.006353 -0.001376 0.021000
v 0.006316 -0.001534 0.021000
v 0.006276 -0.001691 0.021000
v 0.006232 -0.001847 0.021000
v 0.006184 -0.002002 0.021000
v 0.006132 -0.002156 0.021000
v 0.006076 -0.002309 0.021000
v 0.006017 -0.002460 0.021000
v 0.005953 -0.002609 0.021000
v 0.005886 -0.002757 0.021000
v 0.005816 -0.002903 0.021000
v 0.005741 -0.003047 0.021000
v 0.005664 -0.003190 0.021000
v 0.005582 -0.003330 0.021000
v 0.005497 -0.003468 0.021000
v 0.005409 -0.003605 0.021000
v 0.005317 -0.003739 0.021000
v 0.005222 -0.003870 0.021000
v 0.005124 -0.003999 0.021000
v 0.005023 -0.004126 0.021000
v 0.004918 -0.004250 0.021000
v 0.004810 -0.004372 0.021000
v 0.004700 -0.004490 0.021000
v 0.004586 -0.004606 0.021000
v 0.004470 -0.004719 0.021000
v 0.004350 -0.004829 0.021000
v 0.004229 -0.004937 0.021000
v 0.004104 -0.005041 0.021000
v 0.003977 -0.005141 0.021000
v 0.003847 -0.005239 0.021000
v 0.003715 -0.005334 0.021000
v 0.003581 -0.005425 0.021000
v 0.003444 -0.005512 0.021000
v 0.003306 -0.005597 0.021000
v 0.003165 -0.005677 0.021000
v 0.003022 -0.005755 0.021000
v 0.002878 -0.005828 0.021000
v 0.002731 -0.005898 0.021000
v 0.002583 -0.005965 0.021000
v 0.002433 -0.006027 0.021000
v 0.002282 -0.006086 0.021000
v 0.002129 -0.006141 0.021000
v 0.001975 -0.006193 0.021000
v 0.001820 -0.006240 0.021000
v 0.001664 -0.006283 0.021000
v 0.001506 -0.006323 0.021000
v 0.001348 -0.006359 0.021000
v 0.001189 -0.006390 0.021000
v 0.001029 -0.006418 0.021000
v 0.000868 -0.006442 0.021000
v 0.000707 -0.006461 0.021000
v 0.000546 -0.006477 0.021000
v 0.000384 -0.006489 0.021000
v 0.000222 -0.006496 0.021000
v 0.000059 -0.006500 0.021000
v -0.000103 -0.006499 0.021000
v -0.000265 -0.006495 0.021000
v -0.000427 -0.006486 0.021000
v -0.000589 -0.006473 0.021000
v -0.000750 -0.006457 0.021000
v -0.000911 -0.006436 0.021000
v -0.001072 -0.006411 0.021000
v -0.001231 -0.006382 0.021000
v -0.001390 -0.006350 0.021000
v -0.001549 -0.006313 0.021000
v -0.001706 -0.006272 0.021000
v -0.001862 -0.006228 0.021000
v -0.002017 -0.006179 0.021000
v -0.002170 -0.006127 0.021000
v -0.002323 -0.006071 0.021000
v -0.002473 -0.006011 0.021000
v -0.002623 -0.005947 0.021000
v -0.002770 -0.005880 0.021000
v -0.002916 -0.005809 0.021000
v -0.003060 -0.005734 0.021000
v -0.003203 -0.005656 0.021000
v -0.003343 -0.005574 0.021000
v -0.003481 -0.005489 0.021000
v -0.003617 -0.005401 0.021000
v -0.003751 -0.005309 0.021000
v -0.003882 -0.005213 0.021000
v -0.004011 -0.005115 0.021000
v -0.004138 -0.005013 0.021000
v -0.004261 -0.004908 0.021000
v -0.004383 -0.004800 0.021000
v -0.004501 -0.004689 0.021000
v -0.004617 -0.004576 0.021000
v -0.004730 -0.004459 0.021000
v -0.004839 -0.004339 0.021000
v -0.004946 -0.004217 0.021000
v 0.004500 -0.000000 0.021000
v 0.004499 0.000112 0.021000
v 0.004494 0.000224 0.021000
v 0.004487 0.000336 0.021000
v 0.004478 0.000448 0.021000
v 0.004465 0.000560 0.021000
v 0.004450 0.000671 0.021000
v 0.004432 0.000781 0.021000
v 0.004411 0.000892 0.021000
v 0.004387 0.001001 0.021000
v 0.004361 0.001110 0.021000
v 0.004332 0.001219 0.021000
v 0.004300 0.001326 0.021000
v 0.004266 0.001433 0.021000
v 0.004229 0.001539 0.021000
v 0.004189 0.001644 0.021000
v 0.004147 0.001748 0.021000
v 0.004102 0.001851 0.021000
v 0.004054 0.001952 0.021000
v 0.004004 0.002053 0.021000
v 0.003952 0.002152 0.021000
v 0.003897 0.002250 0.021000
v 0.003840 0.002346 0.021000
v 0.003780 0.002441 0.021000
v 0.003718 0.002535 0.021000
v 0.003654 0.002627 0.021000
v 0.003587 0.002717 0.021000
v 0.003518 0.002806 0.021000
v 0.003447 0.002893 0.021000
v 0.003374 0.002978 0.021000
v 0.003299 0.003061 0.021000
v 0.003221 0.003142 0.021000
v 0.003142 0.003221 0.021000
v 0.003061 0.003299 0.021000
v 0.002978 0.003374 0.021000
v 0.002893 0.003447 0.021000
v 0.002806 0.003518 0.021000
v 0.002717 0.003587 0.021000
v 0.002627 0.003654 0.021000
v 0.002535 0.003718 0.021000
v 0.002441 0.003780 0.021000
v 0.002346 0.003840 0.021000
v 0.002250 0.003897 0.021000
v 0.002152 0.003952 0.021000
v 0.002053 0.004004 0.021000
v 0.001952 0.004054 0.021000
v 0.001851 0.004102 0.021000
v 0.001748 0.004147 0.021000
v 0.001644 0.004189 0.021000
v 0.001539 0.004229 0.021000
v 0.001433 0.004266 0.021000
v 0.001326 0.004300 0.021000
v 0.001219 0.004332 0.021000
v 0.001110 0.004361 0.021000
v 0.001001 0.004387 0.021000
v 0.000892 0.004411 0.021000
v 0.000781 0.004432 0.021000
v 0.000671 0.004450 0.021000
v 0.000560 0.004465 0.021000
v 0.000448 0.004478 0.021000
v 0.000336 0.004487 0.021000
v 0.000224 0.004494 0.021000
v 0.000112 0.004499 0.021000
v 0.000000 0.004500 0.021000
v -0.000112 0.004499 0.021000
v -0.000224 0.004494 0.021000
v -0.000336 0.004487 0.021000
v -0.000448 0.004478 0.021000
v -0.000560 0.004465 0.021000
v -0.000671 0.004450 0.021000
v -0.000781 0.004432 0.021000
v -0.000892 0.004411 0.021000
v -0.001001 0.004387 0.021000
v -0.001110 0.004361 0.021000
v -0.001219 0.004332 0.021000
v -0.001326 0.004300 0.021000
v -0.001433 0.004266 0.021000
v -0.001539 0.004229 0.021000
v -0.001644 0.004189 0.021000
v -0.001748 0.004147 0.021000
v -0.001851 0.004102 0.021000
v -0.001952 0.004054 0.021000
v -0.002053 0.004004 0.021000
v -0.002152 0.003952 0.021000
v -0.002250 0.003897 0.021000
v -0.002346 0.003840 0.021000
v -0.002441 0.003780 0.021000
v -0.002535 0.003718 0.021000
v -0.002627 0.003654 0.021000
v -0.002717 0.003587 0.021000
v -0.002806 0.003518 0.021000
v -0.002893 0.003447 0.021000
v -0.002978 0.003374 0.021000
v -0.003061 0.003299 0.021000
v -0.003142 0.003221 0.021000
v -0.003221 0.003142 0.021000
v -0.003299 0.003061 0.021000
v -0.003374 0.002978 0.021000
v -0.003447 0.002893 0.021000
v -0.003518 0.002806 0.021000
v -0.003587 0.002717 0.021000
v -0.003654 0.002627 0.021000
v -0.003718 0.002535 0.021000
v -0.003780 0.002441 0.021000
v -0.003840 0.002346 0.021000
v -0.003897 0.002250 0.021000
v -0.003952 0.002152 0.021000
v -0.004004 0.002053 0.021000
v -0.004054 0.001952 0.021000
v -0.004102 0.001851 0.021000
v -0.004147 0.001748 0.021000
v -0.004189 0.001644 0.021000
v -0.004229 0.001539 0.021000
v -0.004266 0.001433 0.021000
v -0.004300 0.001326 0.021000
v -0.004332 0.001219 0.021000
v -0.004361 0.001110 0.021000
v -0.004387 0.001001 0.021000
v -0.004411 0.000892 0.021000
v -0.004432 0.000781 0.021000
v -0.004450 0.000671 0.021000
v -0.004465 0.000560 0.021000
v -0.004478 0.000448 0.021000
v -0.004487 0.000336 0.021000
v -0.004494 0.000224 0.021000
v -0.004499 0.000112 0.021000
v -0.004500 -0.000000 0.021000
v -0.004499 -0.000112 0.021000
v -0.004494 -0.000224 0.021000
v -0.004487 -0.000336 0.021000
v -0.004478 -0.000448 0.021000
v -0.004465 -0.000560 0.021000
v -0.004450 -0.000671 0.021000
v -0.004432 -0.000781 0.021000
v -0.004411 -0.000892 0.021000
v -0.004387 -0.001001 0.021000
v -0.004361 -0.001110 0.021000
v -0.004332 -0.001219 0.021000
v -0.004300 -0.001326 0.021000
v -0.004266 -0.001433 0.021000
v -0.004229 -0.001539 0.021000
v -0.004189 -0.001644 0.021000
v -0.004147 -0.001748 0.021000
v -0.004102 -0.001851 0.021000
v -0.004054 -0.001952 0.021000
v -0.004004 -0.002053 0.021000
v -0.003952 -0.002152 0.021000
v -0.003897 -0.002250 0.021000
v -0.003840 -0.002346 0.021000
v -0.003780 -0.002441 0.021000
v -0.003718 -0.002535 0.021000
v -0.003654 -0.002627 0.021000
v -0.003587 -0.002717 0.021000
v -0.003518 -0.002806 0.021000
v -0.003447 -0.002893 0.021000
v -0.003374 -0.002978 0.021000
v -0.003299 -0.003061 0.021000
v -0.003221 -0.003142 0.021000
v -0.003142 -0.003221 0.021000
v -0.003061 -0.003299 0.021000
v -0.002978 -0.003374 0.021000
v -0.002893 -0.003447 0.021000
v -0.002806 -0.003518 0.021000
v -0.002717 -0.003587 0.021000
v -0.002627 -0.003654 0.021000
v -0.002535 -0.003718 0.021000
v -0.002441 -0.003780 0.021000
v -0.002346 -0.003840 0.021000
v -0.002250 -0.003897 0.021000
v -0.002152 -0.003952 0.021000
v -0.002053 -0.004004 0.021000
v -0.001952 -0.004054 0.021000
v -0.001851 -0.004102 0.021000
v -0.001748 -0.004147 0.021000
v -0.001644 -0.004189 0.021000
v -0.001539 -0.004229 0.021000
v -0.001433 -0.004266 0.021000
v -0.001326 -0.004300 0.021000
v -0.001219 -0.004332 0.021000
v -0.001110 -0.004361 0.021000
v -0.001001 -0.004387 0.021000
v -0.000892 -0.004411 0.021000
v -0.000781 -0.004432 0.021000
v -0.000671 -0.004450 0.021000
v -0.000560 -0.004465 0.021000
v -0.000448 -0.004478 0.021000
v -0.000336 -0.004487 0.021000
v -0.000224 -0.004494 0.021000
v -0.000112 -0.004499 0.021000
v 0.000000 -0.004500 0.021000
v 0.000112 -0.004499 0.021000
v 0.000224 -0.004494 0.021000
v 0.000336 -0.004487 0.021000
v 0.000448 -0.004478 0.021000
v 0.000560 -0.004465 0.021000
v 0.000671 -0.004450 0.021000
v 0.000781 -0.004432 0.021000
v 0.000892 -0.004411 0.021000
v 0.001001 -0.004387 0.021000
v 0.001110 -0.004361 0.021000
v 0.001219 -0.004332 0.021000
v 0.001326 -0.004300 0.021000
v 0.001433 -0.004266 0.021000
v 0.001539 -0.004229 0.021000
v 0.001644 -0.004189 0.021000
v 0.001748 -0.004147 0.021000
v 0.001851 -0.004102 0.021000
v 0.001952 -0.004054 0.021000
v 0.002053 -0.004004 0.021000
v 0.002152 -0.003952 0.021000
v 0.002250 -0.003897 0.021000
v 0.002346 -0.003840 0.021000
v 0.002441 -0.003780 0.021000
v 0.002535 -0.003718 0.021000
v 0.002627 -0.003654 0.021000
v 0.002717 -0.003587 0.021000
v 0.002806 -0.003518 0.021000
v 0.002893 -0.003447 0.021000
v 0.002978 -0.003374 0.021000
v 0.003061 -0.003299 0.021000
v 0.003142 -0.003221 0.021000
v 0.003221 -0.003142 0.021000
v 0.003299 -0.003061 0.021000
v 0.003374 -0.002978 0.021000
v 0.003447 -0.002893 0.021000
v 0.003518 -0.002806 0.021000
v 0.003587 -0.002717 0.021000
v 0.003654 -0.002627 0.021000
v 0.003718 -0.002535 0.021000
v 0.003780 -0.002441 0.021000
v 0.003840 -0.002346 0.021000
v 0.003897 -0.002250 0.021000
v 0.003952 -0.002152 0.021000
v 0.004004 -0.002053 0.021000
v 0.004054 -0.001952 0.021000
v 0.004102 -0.001851 0.021000
v 0.004147 -0.001748 0.021000
v 0.004189 -0.001644 0.021000
v 0.004229 -0.001539 0.021000
v 0.004266 -0.001433 0.021000
v 0.004300 -0.001326 0.021000
v 0.004332 -0.001219 0.021000
v 0.004361 -0.001110 0.021000
v 0.004387 -0.001001 0.021000
v 0.004411 -0.000892 0.021000
v 0.004432 -0.000781 0.021000
v 0.004450 -0.000671 0.021000
v 0.004465 -0.000560 0.021000
v 0.004478 -0.000448 0.021000
v 0.004487 -0.000336 0.021000
v 0.004494 -0.000224 0.021000
v 0.004499 -0.000112 0.021000
v -0.008550 -0.006000 0.021000
v -0.008550 -0.001550 0.021000
v -0.008800 -0.006000 0.021250
v -0.008800 -0.001550 0.021250
v -0.008800 -0.006000 0.050650
v -0.008800 -0.006000 0.021250
v -0.008800 -0.001550 0.021250
v -0.008800 -0.001550 0.050750
v -0.008800 -0.006100 0.050750
v -0.005150 -0.007650 -0.051000
v -0.004800 -0.007650 -0.050650
v -0.005150 -0.008000 -0.050650
v -0.005150 -0.007650 0.051000
v -0.004800 -0.007650 0.050650
v -0.005150 -0.008000 0.050650
v -0.004800 -0.007650 -0.050650
v -0.004800 -0.007650 0.050650
v -0.004800 -0.006350 -0.050650
v -0.004800 -0.006350 0.050650
v -0.005150 -0.006350 -0.051000
v -0.005050 -0.006350 -0.050900
v -0.005150 -0.006300 -0.050950
v -0.008550 -0.006250 -0.051000
v -0.005050 -0.006250 -0.051000
v -0.008550 -0.006300 -0.050950
v -0.005150 -0.006300 -0.050950
v -0.005050 -0.006350 -0.050900
v -0.008550 -0.006250 -0.051000
v -0.008650 -0.006250 -0.050900
v -0.008550 -0.006300 -0.050950
v -0.008550 -0.006250 -0.051000
v -0.008550 -0.001550 -0.051000
v -0.008650 -0.006250 -0.050900
v -0.008800 -0.006100 -0.050750
v -0.008800 -0.001550 -0.050750
v -0.005050 -0.006250 -0.051000
v -0.004800 -0.006250 -0.050750
v -0.005050 -0.006350 -0.050900
v -0.004900 -0.006350 -0.050750
v -0.004900 -0.006350 -0.050750
v -0.004800 -0.006350 -0.050650
v -0.004850 -0.006300 -0.050650
v -0.005150 -0.006300 0.050950
v -0.005050 -0.006350 0.050900
v -0.005150 -0.006350 0.051000
v -0.008550 -0.006250 0.051000
v -0.005050 -0.006250 0.051000
v -0.008550 -0.006300 0.050950
v -0.005150 -0.006300 0.050950
v -0.005050 -0.006350 0.050900
v -0.008550 -0.006250 0.051000
v -0.008650 -0.006250 0.050900
v -0.008550 -0.006300 0.050950
v -0.008550 -0.006250 0.051000
v -0.008550 -0.001550 0.051000
v -0.008650 -0.006250 0.050900
v -0.008800 -0.006100 0.050750
v -0.008800 -0.001550 0.050750
v -0.004850 -0.006300 0.050650
v -0.004800 -0.006350 0.050650
v -0.004900 -0.006350 0.050750
v -0.005050 -0.006250 0.051000
v -0.004800 -0.006250 0.050750
v -0.005050 -0.006350 0.050900
v -0.004900 -0.006350 0.050750
v -0.008800 -0.001550 -0.050750
v -0.008800 -0.001550 -0.021250
v -0.008550 -0.001300 -0.021250
v -0.008550 -0.001300 -0.050750
v -0.008550 -0.001300 -0.021250
v -0.008800 -0.001550 -0.021250
v -0.008550 -0.001550 -0.021000
v -0.004900 -0.006250 -0.021150
v -0.005050 -0.006100 -0.021000
v -0.004800 -0.006250 -0.021250
v -0.004800 -0.004383 -0.021250
v -0.005050 -0.004092 -0.021000
v -0.005010 -0.004142 -0.021040
v -0.004969 -0.004191 -0.021081
v -0.004927 -0.004239 -0.021123
v -0.004885 -0.004288 -0.021165
v -0.004843 -0.004336 -0.021207
v -0.006312 -0.001550 -0.051000
v -0.006349 -0.001392 -0.051000
v -0.006382 -0.001233 -0.051000
v -0.006411 -0.001073 -0.051000
v -0.006436 -0.000913 -0.051000
v -0.006456 -0.000752 -0.051000
v -0.006473 -0.000590 -0.051000
v -0.006486 -0.000429 -0.051000
v -0.006495 -0.000267 -0.051000
v -0.006499 -0.000104 -0.051000
v -0.006500 0.000058 -0.051000
v -0.006496 0.000220 -0.051000
v -0.006489 0.000382 -0.051000
v -0.006477 0.000544 -0.051000
v -0.006462 0.000706 -0.051000
v -0.006442 0.000867 -0.051000
v -0.006418 0.001027 -0.051000
v -0.006391 0.001187 -0.051000
v -0.006359 0.001347 -0.051000
v -0.006323 0.001505 -0.051000
v -0.006284 0.001662 -0.051000
v -0.006240 0.001819 -0.051000
v -0.006193 0.001974 -0.051000
v -0.006142 0.002128 -0.051000
v -0.006087 0.002281 -0.051000
v -0.006028 0.002432 -0.051000
v -0.005965 0.002582 -0.051000
v -0.005899 0.002730 -0.051000
v -0.005829 0.002876 -0.051000
v -0.005755 0.003021 -0.051000
v -0.005678 0.003164 -0.051000
v -0.005597 0.003304 -0.051000
v -0.005513 0.003443 -0.051000
v -0.005426 0.003580 -0.051000
v -0.005334 0.003714 -0.051000
v -0.005240 0.003846 -0.051000
v -0.005142 0.003976 -0.051000
v -0.005042 0.004103 -0.051000
v -0.004938 0.004227 -0.051000
v -0.004830 0.004349 -0.051000
v -0.004720 0.004469 -0.051000
v -0.004607 0.004585 -0.051000
v -0.004491 0.004699 -0.051000
v -0.004373 0.004809 -0.051000
v -0.004251 0.004917 -0.051000
v -0.004127 0.005022 -0.051000
v -0.004000 0.005123 -0.051000
v -0.003871 0.005221 -0.051000
v -0.003740 0.005316 -0.051000
v -0.003606 0.005408 -0.051000
v -0.003470 0.005496 -0.051000
v -0.003331 0.005581 -0.051000
v -0.003191 0.005663 -0.051000
v -0.003049 0.005741 -0.051000
v -0.002904 0.005815 -0.051000
v -0.002758 0.005886 -0.051000
v -0.002610 0.005953 -0.051000
v -0.002461 0.006016 -0.051000
v -0.002310 0.006076 -0.051000
v -0.002158 0.006131 -0.051000
v -0.002004 0.006183 -0.051000
v -0.001849 0.006232 -0.051000
v -0.001693 0.006276 -0.051000
v -0.001535 0.006316 -0.051000
v -0.001377 0.006352 -0.051000
v -0.001218 0.006385 -0.051000
v -0.001058 0.006413 -0.051000
v -0.000898 0.006438 -0.051000
v -0.000737 0.006458 -0.051000
v -0.000576 0.006474 -0.051000
v -0.000414 0.006487 -0.051000
v -0.000252 0.006495 -0.051000
v -0.000089 0.006499 -0.051000
v 0.000073 0.006500 -0.051000
v 0.000235 0.006496 -0.051000
v 0.000397 0.006488 -0.051000
v 0.000559 0.006476 -0.051000
v 0.000721 0.006460 -0.051000
v 0.000882 0.006440 -0.051000
v 0.001042 0.006416 -0.051000
v 0.001202 0.006388 -0.051000
v 0.001361 0.006356 -0.051000
v 0.001519 0.006320 -0.051000
v 0.001677 0.006280 -0.051000
v 0.001833 0.006236 -0.051000
v 0.001988 0.006188 -0.051000
v 0.002142 0.006137 -0.051000
v 0.002295 0.006082 -0.051000
v 0.002446 0.006022 -0.051000
v 0.002595 0.005959 -0.051000
v 0.002743 0.005893 -0.051000
v 0.002890 0.005822 -0.051000
v 0.003034 0.005748 -0.051000
v 0.003177 0.005671 -0.051000
v 0.003317 0.005590 -0.051000
v 0.003456 0.005505 -0.051000
v 0.003592 0.005417 -0.051000
v 0.003726 0.005326 -0.051000
v 0.003858 0.005231 -0.051000
v 0.003987 0.005133 -0.051000
v 0.004114 0.005032 -0.051000
v 0.004239 0.004928 -0.051000
v 0.004360 0.004820 -0.051000
v 0.004479 0.004710 -0.051000
v 0.004596 0.004597 -0.051000
v 0.004709 0.004481 -0.051000
v 0.004819 0.004362 -0.051000
v 0.004927 0.004240 -0.051000
v 0.005031 0.004116 -0.051000
v 0.005132 0.003989 -0.051000
v 0.005230 0.003859 -0.051000
v 0.005325 0.003728 -0.051000
v 0.005416 0.003593 -0.051000
v 0.005504 0.003457 -0.051000
v 0.005589 0.003319 -0.051000
v 0.005670 0.003178 -0.051000
v 0.005748 0.003035 -0.051000
v 0.005822 0.002891 -0.051000
v 0.005892 0.002745 -0.051000
v 0.005959 0.002597 -0.051000
v 0.006022 0.002447 -0.051000
v 0.006081 0.002296 -0.051000
v 0.006136 0.002143 -0.051000
v 0.006188 0.001990 -0.051000
v 0.006236 0.001834 -0.051000
v 0.006280 0.001678 -0.051000
v 0.006320 0.001521 -0.051000
v 0.006356 0.001363 -0.051000
v 0.006388 0.001204 -0.051000
v 0.006416 0.001044 -0.051000
v 0.006440 0.000883 -0.051000
v 0.006460 0.000722 -0.051000
v 0.006476 0.000561 -0.051000
v 0.006488 0.000399 -0.051000
v 0.006496 0.000237 -0.051000
v 0.006500 0.000074 -0.051000
v 0.006499 -0.000088 -0.051000
v 0.006495 -0.000250 -0.051000
v 0.006487 -0.000412 -0.051000
v 0.006475 -0.000574 -0.051000
v 0.006458 -0.000736 -0.051000
v 0.006438 -0.000897 -0.051000
v 0.006413 -0.001057 -0.051000
v 0.006385 -0.001217 -0.051000
v 0.006353 -0.001376 -0.051000
v 0.006316 -0.001534 -0.051000
v 0.006276 -0.001691 -0.051000
v 0.006232 -0.001847 -0.051000
v 0.006184 -0.002002 -0.051000
v 0.006132 -0.002156 -0.051000
v 0.006076 -0.002309 -0.051000
v 0.006017 -0.002460 -0.051000
v 0.005953 -0.002609 -0.051000
v 0.005886 -0.002757 -0.051000
v 0.005816 -0.002903 -0.051000
v 0.005741 -0.003047 -0.051000
v 0.005664 -0.003190 -0.051000
v 0.005582 -0.003330 -0.051000
v 0.005497 -0.003468 -0.051000
v 0.005409 -0.003605 -0.051000
v 0.005317 -0.003739 -0.051000
v 0.005222 -0.003870 -0.051000
v 0.005124 -0.003999 -0.051000
v 0.005023 -0.004126 -0.051000
v 0.004918 -0.004250 -0.051000
v 0.004810 -0.004372 -0.051000
v 0.004700 -0.004490 -0.051000
v 0.004586 -0.004606 -0.051000
v 0.004470 -0.004719 -0.051000
v 0.004350 -0.004829 -0.051000
v 0.004229 -0.004937 -0.051000
v 0.004104 -0.005041 -0.051000
v 0.003977 -0.005141 -0.051000
v 0.003847 -0.005239 -0.051000
v 0.003715 -0.005334 -0.051000
v 0.003581 -0.005425 -0.051000
v 0.003444 -0.005512 -0.051000
v 0.003306 -0.005597 -0.051000
v 0.003165 -0.005677 -0.051000
v 0.003022 -0.005755 -0.051000
v 0.002878 -0.005828 -0.051000
v 0.002731 -0.005898 -0.051000
v 0.002583 -0.005965 -0.051000
v 0.002433 -0.006027 -0.051000
v 0.002282 -0.006086 -0.051000
v 0.002129 -0.006141 -0.051000
v 0.001975 -0.006193 -0.051000
v 0.001820 -0.006240 -0.051000
v 0.001664 -0.006283 -0.051000
v 0.001506 -0.006323 -0.051000
v 0.001348 -0.006359 -0.051000
v 0.001189 -0.006390 -0.051000
v 0.001029 -0.006418 -0.051000
v 0.000868 -0.006442 -0.051000
v 0.000707 -0.006461 -0.051000
v 0.000546 -0.006477 -0.051000
v 0.000384 -0.006489 -0.051000
v 0.000222 -0.006496 -0.051000
v 0.000059 -0.006500 -0.051000
v -0.000103 -0.006499 -0.051000
v -0.000265 -0.006495 -0.051000
v -0.000427 -0.006486 -0.051000
v -0.000589 -0.006473 -0.051000
v -0.000750 -0.006457 -0.051000
v -0.000911 -0.006436 -0.051000
v -0.001072 -0.006411 -0.051000
v -0.001231 -0.006382 -0.051000
v -0.001390 -0.006350 -0.051000
v -0.001549 -0.006313 -0.051000
v -0.001706 -0.006272 -0.051000
v -0.001862 -0.006228 -0.051000
v -0.002017 -0.006179 -0.051000
v -0.002170 -0.006127 -0.051000
v -0.002323 -0.006071 -0.051000
v -0.002473 -0.006011 -0.051000
v -0.002623 -0.005947 -0.051000
v -0.002770 -0.005880 -0.051000
v -0.002916 -0.005809 -0.051000
v -0.003060 -0.005734 -0.051000
v -0.003203 -0.005656 -0.051000
v -0.003343 -0.005574 -0.051000
v -0.003481 -0.005489 -0.051000
v -0.003617 -0.005401 -0.051000
v -0.003751 -0.005309 -0.051000
v -0.003882 -0.005213 -0.051000
v -0.004011 -0.005115 -0.051000
v -0.004138 -0.005013 -0.051000
v -0.004261 -0.004908 -0.051000
v -0.004383 -0.004800 -0.051000
v -0.004501 -0.004689 -0.051000
v -0.004617 -0.004576 -0.051000
v -0.004730 -0.004459 -0.051000
v -0.004839 -0.004339 -0.051000
v -0.004946 -0.004217 -0.051000
v -0.005050 -0.004092 -0.051000
v -0.005010 -0.004142 -0.050960
v -0.004969 -0.004191 -0.050919
v -0.004927 -0.004239 -0.050877
v -0.004885 -0.004288 -0.050835
v -0.004843 -0.004336 -0.050793
v -0.004800 -0.004383 -0.050750
v -0.004800 -0.004383 -0.021250
v -0.005050 -0.004092 -0.021000
v -0.005010 -0.004142 -0.021040
v -0.004969 -0.004191 -0.021081
v -0.004927 -0.004239 -0.021123
v -0.004885 -0.004288 -0.021165
v -0.004843 -0.004336 -0.021207
v -0.004946 -0.004217 -0.021000
v -0.004839 -0.004339 -0.021000
v -0.004730 -0.004459 -0.021000
v -0.004617 -0.004576 -0.021000
v -0.004501 -0.004689 -0.021000
v -0.004383 -0.004800 -0.021000
v -0.004261 -0.004908 -0.021000
v -0.004138 -0.005013 -0.021000
v -0.004011 -0.005115 -0.021000
v -0.003882 -0.005213 -0.021000
v -0.003751 -0.005309 -0.021000
v -0.003617 -0.005401 -0.021000
v -0.003481 -0.005489 -0.021000
v -0.003343 -0.005574 -0.021000
v -0.003203 -0.005656 -0.021000
v -0.003060 -0.005734 -0.021000
v -0.002916 -0.005809 -0.021000
v -0.002770 -0.005880 -0.021000
v -0.002623 -0.005947 -0.021000
v -0.002473 -0.006011 -0.021000
v -0.002323 -0.006071 -0.021000
v -0.002170 -0.006127 -0.021000
v -0.002017 -0.006179 -0.021000
v -0.001862 -0.006228 -0.021000
v -0.001706 -0.006272 -0.021000
v -0.001549 -0.006313 -0.021000
v -0.001390 -0.006350 -0.021000
v -0.001231 -0.006382 -0.021000
v -0.001072 -0.006411 -0.021000
v -0.000911 -0.006436 -0.021000
v -0.000750 -0.006457 -0.021000
v -0.000589 -0.006473 -0.021000
v -0.000427 -0.006486 -0.021000
v -0.000265 -0.006495 -0.021000
v -0.000103 -0.006499 -0.021000
v 0.000059 -0.006500 -0.021000
v 0.000222 -0.006496 -0.021000
v 0.000384 -0.006489 -0.021000
v 0.000546 -0.006477 -0.021000
v 0.000707 -0.006461 -0.021000
v 0.000868 -0.006442 -0.021000
v 0.001029 -0.006418 -0.021000
v 0.001189 -0.006390 -0.021000
v 0.001348 -0.006359 -0.021000
v 0.001506 -0.006323 -0.021000
v 0.001664 -0.006283 -0.021000
v 0.001820 -0.006240 -0.021000
v 0.001975 -0.006193 -0.021000
v 0.002129 -0.006141 -0.021000
v 0.002282 -0.006086 -0.021000
v 0.002433 -0.006027 -0.021000
v 0.002583 -0.005965 -0.021000
v 0.002731 -0.005898 -0.021000
v 0.002878 -0.005828 -0.021000
v 0.003022 -0.005755 -0.021000
v 0.003165 -0.005677 -0.021000
v 0.003306 -0.005597 -0.021000
v 0.003444 -0.005512 -0.021000
v 0.003581 -0.005425 -0.021000
v 0.003715 -0.005334 -0.021000
v 0.003847 -0.005239 -0.021000
v 0.003977 -0.005141 -0.021000
v 0.004104 -0.005041 -0.021000
v 0.004229 -0.004937 -0.021000
v 0.004350 -0.004829 -0.021000
v 0.004470 -0.004719 -0.021000
v 0.004586 -0.004606 -0.021000
v 0.004700 -0.004490 -0.021000
v 0.004810 -0.004372 -0.021000
v 0.004918 -0.004250 -0.021000
v 0.005023 -0.004126 -0.021000
v 0.005124 -0.003999 -0.021000
v 0.005222 -0.003870 -0.021000
v 0.005317 -0.003739 -0.021000
v 0.005409 -0.003605 -0.021000
v 0.005497 -0.003468 -0.021000
v 0.005582 -0.003330 -0.021000
v 0.005664 -0.003190 -0.021000
v 0.005741 -0.003047 -0.021000
v 0.005816 -0.002903 -0.021000
v 0.005886 -0.002757 -0.021000
v 0.005953 -0.002609 -0.021000
v 0.006017 -0.002460 -0.021000
v 0.006076 -0.002309 -0.021000
v 0.006132 -0.002156 -0.021000
v 0.006184 -0.002002 -0.021000
v 0.006232 -0.001847 -0.021000
v 0.006276 -0.001691 -0.021000
v 0.006316 -0.001534 -0.021000
v 0.006353 -0.001376 -0.021000
v 0.006385 -0.001217 -0.021000
v 0.006413 -0.001057 -0.021000
v 0.006438 -0.000897 -0.021000
v 0.006458 -0.000736 -0.021000
v 0.006475 -0.000574 -0.021000
v 0.006487 -0.000412 -0.021000
v 0.006495 -0.000250 -0.021000
v 0.006499 -0.000088 -0.021000
v 0.006500 0.000074 -0.021000
v 0.006496 0.000237 -0.021000
v 0.006488 0.000399 -0.021000
v 0.006476 0.000561 -0.021000
v 0.006460 0.000722 -0.021000
v 0.006440 0.000883 -0.021000
v 0.006416 0.001044 -0.021000
v 0.006388 0.001204 -0.021000
v 0.006356 0.001363 -0.021000
v 0.006320 0.001521 -0.021000
v 0.006280 0.001678 -0.021000
v 0.006236 0.001834 -0.021000
v 0.006188 0.001990 -0.021000
v 0.006136 0.002143 -0.021000
v 0.006081 0.002296 -0.021000
v 0.006022 0.002447 -0.021000
v 0.005959 0.002597 -0.021000
v 0.005892 0.002745 -0.021000
v 0.005822 0.002891 -0.021000
v 0.005748 0.003035 -0.021000
v 0.005670 0.003178 -0.021000
v 0.005589 0.003319 -0.021000
v 0.005504 0.003457 -0.021000
v 0.005416 0.003593 -0.021000
v 0.005325 0.003728 -0.021000
v 0.005230 0.003859 -0.021000
v 0.005132 0.003989 -0.021000
v 0.005031 0.004116 -0.021000
v 0.004927 0.004240 -0.021000
v 0.004819 0.004362 -0.021000
v 0.004709 0.004481 -0.021000
v 0.004596 0.004597 -0.021000
v 0.004479 0.004710 -0.021000
v 0.004360 0.004820 -0.021000
v 0.004239 0.004928 -0.021000
v 0.004114 0.005032 -0.021000
v 0.003987 0.005133 -0.021000
v 0.003858 0.005231 -0.021000
v 0.003726 0.005326 -0.021000
v 0.003592 0.005417 -0.021000
v 0.003456 0.005505 -0.021000
v 0.003317 0.005590 -0.021000
v 0.003177 0.005671 -0.021000
v 0.003034 0.005748 -0.021000
v 0.002890 0.005822 -0.021000
v 0.002743 0.005893 -0.021000
v 0.002595 0.005959 -0.021000
v 0.002446 0.006022 -0.021000
v 0.002295 0.006082 -0.021000
v 0.002142 0.006137 -0.021000
v 0.001988 0.006188 -0.021000
v 0.001833 0.006236 -0.021000
v 0.001677 0.006280 -0.021000
v 0.001519 0.006320 -0.021000
v 0.001361 0.006356 -0.021000
v 0.001202 0.006388 -0.021000
v 0.001042 0.006416 -0.021000
v 0.000882 0.006440 -0.021000
v 0.000721 0.006460 -0.021000
v 0.000559 0.006476 -0.021000
v 0.000397 0.006488 -0.021000
v 0.000235 0.006496 -0.021000
v 0.000073 0.006500 -0.021000
v -0.000089 0.006499 -0.021000
v -0.000252 0.006495 -0.021000
v -0.000414 0.006487 -0.021000
v -0.000576 0.006474 -0.021000
v -0.000737 0.006458 -0.021000
v -0.000898 0.006438 -0.021000
v -0.001058 0.006413 -0.021000
v -0.001218 0.006385 -0.021000
v -0.001377 0.006352 -0.021000
v -0.001535 0.006316 -0.021000
v -0.001693 0.006276 -0.021000
v -0.001849 0.006232 -0.021000
v -0.002004 0.006183 -0.021000
v -0.002158 0.006131 -0.021000
v -0.002310 0.006076 -0.021000
v -0.002461 0.006016 -0.021000
v -0.002610 0.005953 -0.021000
v -0.002758 0.005886 -0.021000
v -0.002904 0.005815 -0.021000
v -0.003049 0.005741 -0.021000
v -0.003191 0.005663 -0.021000
v -0.003331 0.005581 -0.021000
v -0.003470 0.005496 -0.021000
v -0.003606 0.005408 -0.021000
v -0.003740 0.005316 -0.021000
v -0.003871 0.005221 -0.021000
v -0.004000 0.005123 -0.021000
v -0.004127 0.005022 -0.021000
v -0.004251 0.004917 -0.021000
v -0.004373 0.004809 -0.021000
v -0.004491 0.004699 -0.021000
v -0.004607 0.004585 -0.021000
v -0.004720 0.004469 -0.021000
v -0.004830 0.004349 -0.021000
v -0.004938 0.004227 -0.021000
v -0.005042 0.004103 -0.021000
v -0.005142 0.003976 -0.021000
v -0.005240 0.003846 -0.021000
v -0.005334 0.003714 -0.021000
v -0.005426 0.003580 -0.021000
v -0.005513 0.003443 -0.021000
v -0.005597 0.003304 -0.021000
v -0.005678 0.003164 -0.021000
v -0.005755 0.003021 -0.021000
v -0.005829 0.002876 -0.021000
v -0.005899 0.002730 -0.021000
v -0.005965 0.002582 -0.021000
v -0.006028 0.002432 -0.021000
v -0.006087 0.002281 -0.021000
v -0.006142 0.002128 -0.021000
v -0.006193 0.001974 -0.021000
v -0.006240 0.001819 -0.021000
v -0.006284 0.001662 -0.021000
v -0.006323 0.001505 -0.021000
v -0.006359 0.001347 -0.021000
v -0.006391 0.001187 -0.021000
v -0.006418 0.001027 -0.021000
v -0.006442 0.000867 -0.021000
v -0.006462 0.000706 -0.021000
v -0.006477 0.000544 -0.021000
v -0.006489 0.000382 -0.021000
v -0.006496 0.000220 -0.021000
v -0.006500 0.000058 -0.021000
v -0.006499 -0.000104 -0.021000
v -0.006495 -0.000267 -0.021000
v -0.006486 -0.000429 -0.021000
v -0.006473 -0.000590 -0.021000
v -0.006456 -0.000752 -0.021000
v -0.006436 -0.000913 -0.021000
v -0.006411 -0.001073 -0.021000
v -0.006382 -0.001233 -0.021000
v -0.006349 -0.001392 -0.021000
v -0.006312 -0.001550 -0.021000
v -0.006369 -0.001300 -0.021250
v -0.006354 -0.001368 -0.021182
v -0.006340 -0.001435 -0.021115
v -0.006326 -0.001493 -0.021057
v -0.006369 -0.001300 -0.050750
v -0.006354 -0.001368 -0.050818
v -0.006340 -0.001435 -0.050885
v -0.006326 -0.001493 -0.050943
v -0.008550 -0.001300 -0.021250
v -0.008550 -0.001550 -0.021000
v -0.006369 -0.001300 -0.021250
v -0.006354 -0.001368 -0.021182
v -0.006340 -0.001435 -0.021115
v -0.006326 -0.001493 -0.021057
v -0.006312 -0.001550 -0.021000
v 0.004500 -0.000000 -0.051000
v 0.004500 -0.000000 -0.021000
v 0.004499 0.000112 -0.021000
v 0.004494 0.000224 -0.021000
v 0.004487 0.000336 -0.021000
v 0.004478 0.000448 -0.021000
v 0.004465 0.000560 -0.021000
v 0.004450 0.000671 -0.021000
v 0.004432 0.000781 -0.021000
v 0.004411 0.000892 -0.021000
v 0.004387 0.001001 -0.021000
v 0.004361 0.001110 -0.021000
v 0.004332 0.001219 -0.021000
v 0.004300 0.001326 -0.021000
v 0.004266 0.001433 -0.021000
v 0.004229 0.001539 -0.021000
v 0.004189 0.001644 -0.021000
v 0.004147 0.001748 -0.021000
v 0.004102 0.001851 -0.021000
v 0.004054 0.001952 -0.021000
v 0.004004 0.002053 -0.021000
v 0.003952 0.002152 -0.021000
v 0.003897 0.002250 -0.021000
v 0.003840 0.002346 -0.021000
v 0.003780 0.002441 -0.021000
v 0.003718 0.002535 -0.021000
v 0.003654 0.002627 -0.021000
v 0.003587 0.002717 -0.021000
v 0.003518 0.002806 -0.021000
v 0.003447 0.002893 -0.021000
v 0.003374 0.002978 -0.021000
v 0.003299 0.003061 -0.021000
v 0.003221 0.003142 -0.021000
v 0.003142 0.003221 -0.021000
v 0.003061 0.003299 -0.021000
v 0.002978 0.003374 -0.021000
v 0.002893 0.003447 -0.021000
v 0.002806 0.003518 -0.021000
v 0.002717 0.003587 -0.021000
v 0.002627 0.003654 -0.021000
v 0.002535 0.003718 -0.021000
v 0.002441 0.003780 -0.021000
v 0.002346 0.003840 -0.021000
v 0.002250 0.003897 -0.021000
v 0.002152 0.003952 -0.021000
v 0.002053 0.004004 -0.021000
v 0.001952 0.004054 -0.021000
v 0.001851 0.004102 -0.021000
v 0.001748 0.004147 -0.021000
v 0.001644 0.004189 -0.021000
v 0.001539 0.004229 -0.021000
v 0.001433 0.004266 -0.021000
v 0.001326 0.004300 -0.021000
v 0.001219 0.004332 -0.021000
v 0.001110 0.004361 -0.021000
v 0.001001 0.004387 -0.021000
v 0.000892 0.004411 -0.021000
v 0.000781 0.004432 -0.021000
v 0.000671 0.004450 -0.021000
v 0.000560 0.004465 -0.021000
v 0.000448 0.004478 -0.021000
v 0.000336 0.004487 -0.021000
v 0.000224 0.004494 -0.021000
v 0.000112 0.004499 -0.021000
v 0.000000 0.004500 -0.021000
v -0.000112 0.004499 -0.021000
v -0.000224 0.004494 -0.021000
v -0.000336 0.004487 -0.021000
v -0.000448 0.004478 -0.021000
v -0.000560 0.004465 -0.021000
v -0.000671 0.004450 -0.021000
v -0.000781 0.004432 -0.021000
v -0.000892 0.004411 -0.021000
v -0.001001 0.004387 -0.021000
v -0.001110 0.004361 -0.021000
v -0.001219 0.004332 -0.021000
v -0.001326 0.004300 -0.021000
v -0.001433 0.004266 -0.021000
v -0.001539 0.004229 -0.021000
v -0.001644 0.004189 -0.021000
v -0.001748 0.004147 -0.021000
v -0.001851 0.004102 -0.021000
v -0.001952 0.004054 -0.021000
v -0.002053 0.004004 -0.021000
v -0.002152 0.003952 -0.021000
v -0.002250 0.003897 -0.021000
v -0.002346 0.003840 -0.021000
v -0.002441 0.003780 -0.021000
v -0.002535 0.003718 -0.021000
v -0.002627 0.003654 -0.021000
v -0.002717 0.003587 -0.021000
v -0.002806 0.003518 -0.021000
v -0.002893 0.003447 -0.021000
v -0.002978 0.003374 -0.021000
v -0.003061 0.003299 -0.021000
v -0.003142 0.003221 -0.021000
v -0.003221 0.003142 -0.021000
v -0.003299 0.003061 -0.021000
v -0.003374 0.002978 -0.021000
v -0.003447 0.002893 -0.021000
v -0.003518 0.002806 -0.021000
v -0.003587 0.002717 -0.021000
v -0.003654 0.002627 -0.021000
v -0.003718 0.002535 -0.021000
v -0.003780 0.002441 -0.021000
v -0.003840 0.002346 -0.021000
v -0.003897 0.002250 -0.021000
v -0.003952 0.002152 -0.021000
v -0.004004 0.002053 -0.021000
v -0.004054 0.001952 -0.021000
v -0.004102 0.001851 -0.021000
v -0.004147 0.001748 -0.021000
v -0.004189 0.001644 -0.021000
v -0.004229 0.001539 -0.021000
v -0.004266 0.001433 -0.021000
v -0.004300 0.001326 -0.021000
v -0.004332 0.001219 -0.021000
v -0.004361 0.001110 -0.021000
v -0.004387 0.001001 -0.021000
v -0.004411 0.000892 -0.021000
v -0.004432 0.000781 -0.021000
v -0.004450 0.000671 -0.021000
v -0.004465 0.000560 -0.021000
v -0.004478 0.000448 -0.021000
v -0.004487 0.000336 -0.021000
v -0.004494 0.000224 -0.021000
v -0.004499 0.000112 -0.021000
v -0.004500 -0.000000 -0.021000
v -0.004499 -0.000112 -0.021000
v -0.004494 -0.000224 -0.021000
v -0.004487 -0.000336 -0.021000
v -0.004478 -0.000448 -0.021000
v -0.004465 -0.000560 -0.021000
v -0.004450 -0.000671 -0.021000
v -0.004432 -0.000781 -0.021000
v -0.004411 -0.000892 -0.021000
v -0.004387 -0.001001 -0.021000
v -0.004361 -0.001110 -0.021000
v -0.004332 -0.001219 -0.021000
v -0.004300 -0.001326 -0.021000
v -0.004266 -0.001433 -0.021000
v -0.004229 -0.001539 -0.021000
v -0.004189 -0.001644 -0.021000
v -0.004147 -0.001748 -0.021000
v -0.004102 -0.001851 -0.021000
v -0.004054 -0.001952 -0.021000
v -0.004004 -0.002053 -0.021000
v -0.003952 -0.002152 -0.021000
v -0.003897 -0.002250 -0.021000
v -0.003840 -0.002346 -0.021000
v -0.003780 -0.002441 -0.021000
v -0.003718 -0.002535 -0.021000
v -0.003654 -0.002627 -0.021000
v -0.003587 -0.002717 -0.021000
v -0.003518 -0.002806 -0.021000
v -0.003447 -0.002893 -0.021000
v -0.003374 -0.002978 -0.021000
v -0.003299 -0.003061 -0.021000
v -0.003221 -0.003142 -0.021000
v -0.003142 -0.003221 -0.021000
v -0.003061 -0.003299 -0.021000
v -0.002978 -0.003374 -0.021000
v -0.002893 -0.003447 -0.021000
v -0.002806 -0.003518 -0.021000
v -0.002717 -0.003587 -0.021000
v -0.002627 -0.003654 -0.021000
v -0.002535 -0.003718 -0.021000
v -0.002441 -0.003780 -0.021000
v -0.002346 -0.003840 -0.021000
v -0.002250 -0.003897 -0.021000
v -0.002152 -0.003952 -0.021000
v -0.002053 -0.004004 -0.021000
v -0.001952 -0.004054 -0.021000
v -0.001851 -0.004102 -0.021000
v -0.001748 -0.004147 -0.021000
v -0.001644 -0.004189 -0.021000
v -0.001539 -0.004229 -0.021000
v -0.001433 -0.004266 -0.021000
v -0.001326 -0.004300 -0.021000
v -0.001219 -0.004332 -0.021000
v -0.001110 -0.004361 -0.021000
v -0.001001 -0.004387 -0.021000
v -0.000892 -0.004411 -0.021000
v -0.000781 -0.004432 -0.021000
v -0.000671 -0.004450 -0.021000
v -0.000560 -0.004465 -0.021000
v -0.000448 -0.004478 -0.021000
v -0.000336 -0.004487 -0.021000
v -0.000224 -0.004494 -0.021000
v -0.000112 -0.004499 -0.021000
v 0.000000 -0.004500 -0.021000
v 0.000112 -0.004499 -0.021000
v 0.000224 -0.004494 -0.021000
v 0.000336 -0.004487 -0.021000
v 0.000448 -0.004478 -0.021000
v 0.000560 -0.004465 -0.021000
v 0.000671 -0.004450 -0.021000
v 0.000781 -0.004432 -0.021000
v 0.000892 -0.004411 -0.021000
v 0.001001 -0.004387 -0.021000
v 0.001110 -0.004361 -0.021000
v 0.001219 -0.004332 -0.021000
v 0.001326 -0.004300 -0.021000
v 0.001433 -0.004266 -0.021000
v 0.001539 -0.004229 -0.021000
v 0.001644 -0.004189 -0.021000
v 0.001748 -0.004147 -0.021000
v 0.001851 -0.004102 -0.021000
v 0.001952 -0.004054 -0.021000
v 0.002053 -0.004004 -0.021000
v 0.002152 -0.003952 -0.021000
v 0.002250 -0.003897 -0.021000
v 0.002346 -0.003840 -0.021000
v 0.002441 -0.003780 -0.021000
v 0.002535 -0.003718 -0.021000
v 0.002627 -0.003654 -0.021000
v 0.002717 -0.003587 -0.021000
v 0.002806 -0.003518 -0.021000
v 0.002893 -0.003447 -0.021000
v 0.002978 -0.003374 -0.021000
v 0.003061 -0.003299 -0.021000
v 0.003142 -0.003221 -0.021000
v 0.003221 -0.003142 -0.021000
v 0.003299 -0.003061 -0.021000
v 0.003374 -0.002978 -0.021000
v 0.003447 -0.002893 -0.021000
v 0.003518 -0.002806 -0.021000
v 0.003587 -0.002717 -0.021000
v 0.003654 -0.002627 -0.021000
v 0.003718 -0.002535 -0.021000
v 0.003780 -0.002441 -0.021000
v 0.003840 -0.002346 -0.021000
v 0.003897 -0.002250 -0.021000
v 0.003952 -0.002152 -0.021000
v 0.004004 -0.002053 -0.021000
v 0.004054 -0.001952 -0.021000
v 0.004102 -0.001851 -0.021000
v 0.004147 -0.001748 -0.021000
v 0.004189 -0.001644 -0.021000
v 0.004229 -0.001539 -0.021000
v 0.004266 -0.001433 -0.021000
v 0.004300 -0.001326 -0.021000
v 0.004332 -0.001219 -0.021000
v 0.004361 -0.001110 -0.021000
v 0.004387 -0.001001 -0.021000
v 0.004411 -0.000892 -0.021000
v 0.004432 -0.000781 -0.021000
v 0.004450 -0.000671 -0.021000
v 0.004465 -0.000560 -0.021000
v 0.004478 -0.000448 -0.021000
v 0.004487 -0.000336 -0.021000
v 0.004494 -0.000224 -0.021000
v 0.004499 -0.000112 -0.021000
v 0.004500 -0.000000 -0.021000
v 0.004500 -0.000000 -0.051000
v 0.004499 0.000112 -0.051000
v 0.004494 0.000224 -0.051000
v 0.004487 0.000336 -0.051000
v 0.004478 0.000448 -0.051000
v 0.004465 0.000560 -0.051000
v 0.004450 0.000671 -0.051000
v 0.004432 0.000781 -0.051000
v 0.004411 0.000892 -0.051000
v 0.004387 0.001001 -0.051000
v 0.004361 0.001110 -0.051000
v 0.004332 0.001219 -0.051000
v 0.004300 0.001326 -0.051000
v 0.004266 0.001433 -0.051000
v 0.004229 0.001539 -0.051000
v 0.004189 0.001644 -0.051000
v 0.004147 0.001748 -0.051000
v 0.004102 0.001851 -0.051000
v 0.004054 0.001952 -0.051000
v 0.004004 0.002053 -0.051000
v 0.003952 0.002152 -0.051000
v 0.003897 0.002250 -0.051000
v 0.003840 0.002346 -0.051000
v 0.003780 0.002441 -0.051000
v 0.003718 0.002535 -0.051000
v 0.003654 0.002627 -0.051000
v 0.003587 0.002717 -0.051000
v 0.003518 0.002806 -0.051000
v 0.003447 0.002893 -0.051000
v 0.003374 0.002978 -0.051000
v 0.003299 0.003061 -0.051000
v 0.003221 0.003142 -0.051000
v 0.003142 0.003221 -0.051000
v 0.003061 0.003299 -0.051000
v 0.002978 0.003374 -0.051000
v 0.002893 0.003447 -0.051000
v 0.002806 0.003518 -0.051000
v 0.002717 0.003587 -0.051000
v 0.002627 0.003654 -0.051000
v 0.002535 0.003718 -0.051000
v 0.002441 0.003780 -0.051000
v 0.002346 0.003840 -0.051000
v 0.002250 0.003897 -0.051000
v 0.002152 0.003952 -0.051000
v 0.002053 0.004004 -0.051000
v 0.001952 0.004054 -0.051000
v 0.001851 0.004102 -0.051000
v 0.001748 0.004147 -0.051000
v 0.001644 0.004189 -0.051000
v 0.001539 0.004229 -0.051000
v 0.001433 0.004266 -0.051000
v 0.001326 0.004300 -0.051000
v 0.001219 0.004332 -0.051000
v 0.001110 0.004361 -0.051000
v 0.001001 0.004387 -0.051000
v 0.000892 0.004411 -0.051000
v 0.000781 0.004432 -0.051000
v 0.000671 0.004450 -0.051000
v 0.000560 0.004465 -0.051000
v 0.000448 0.004478 -0.051000
v 0.000336 0.004487 -0.051000
v 0.000224 0.004494 -0.051000
v 0.000112 0.004499 -0.051000
v 0.000000 0.004500 -0.051000
v -0.000112 0.004499 -0.051000
v -0.000224 0.004494 -0.051000
v -0.000336 0.004487 -0.051000
v -0.000448 0.004478 -0.051000
v -0.000560 0.004465 -0.051000
v -0.000671 0.004450 -0.051000
v -0.000781 0.004432 -0.051000
v -0.000892 0.004411 -0.051000
v -0.001001 0.004387 -0.051000
v -0.001110 0.004361 -0.051000
v -0.001219 0.004332 -0.051000
v -0.001326 0.004300 -0.051000
v -0.001433 0.004266 -0.051000
v -0.001539 0.004229 -0.051000
v -0.001644 0.004189 -0.051000
v -0.001748 0.004147 -0.051000
v -0.001851 0.004102 -0.051000
v -0.001952 0.004054 -0.051000
v -0.002053 0.004004 -0.051000
v -0.002152 0.003952 -0.051000
v -0.002250 0.003897 -0.051000
v -0.002346 0.003840 -0.051000
v -0.002441 0.003780 -0.051000
v -0.002535 0.003718 -0.051000
v -0.002627 0.003654 -0.051000
v -0.002717 0.003587 -0.051000
v -0.002806 0.003518 -0.051000
v -0.002893 0.003447 -0.051000
v -0.002978 0.003374 -0.051000
v -0.003061 0.003299 -0.051000
v -0.003142 0.003221 -0.051000
v -0.003221 0.003142 -0.051000
v -0.003299 0.003061 -0.051000
v -0.003374 0.002978 -0.051000
v -0.003447 0.002893 -0.051000
v -0.003518 0.002806 -0.051000
v -0.003587 0.002717 -0.051000
v -0.003654 0.002627 -0.051000
v -0.003718 0.002535 -0.051000
v -0.003780 0.002441 -0.051000
v -0.003840 0.002346 -0.051000
v -0.003897 0.002250 -0.051000
v -0.003952 0.002152 -0.051000
v -0.004004 0.002053 -0.051000
v -0.004054 0.001952 -0.051000
v -0.004102 0.001851 -0.051000
v -0.004147 0.001748 -0.051000
v -0.004189 0.001644 -0.051000
v -0.004229 0.001539 -0.051000
v -0.004266 0.001433 -0.051000
v -0.004300 0.001326 -0.051000
v -0.004332 0.001219 -0.051000
v -0.004361 0.001110 -0.051000
v -0.004387 0.001001 -0.051000
v -0.004411 0.000892 -0.051000
v -0.004432 0.000781 -0.051000
v -0.004450 0.000671 -0.051000
v -0.004465 0.000560 -0.051000
v -0.004478 0.000448 -0.051000
v -0.004487 0.000336 -0.051000
v -0.004494 0.000224 -0.051000
v -0.004499 0.000112 -0.051000
v -0.004500 -0.000000 -0.051000
v -0.004499 -0.000112 -0.051000
v -0.004494 -0.000224 -0.051000
v -0.004487 -0.000336 -0.051000
v -0.004478 -0.000448 -0.051000
v -0.004465 -0.000560 -0.051000
v -0.004450 -0.000671 -0.051000
v -0.004432 -0.000781 -0.051000
v -0.004411 -0.000892 -0.051000
v -0.004387 -0.001001 -0.051000
v -0.004361 -0.001110 -0.051000
v -0.004332 -0.001219 -0.051000
v -0.004300 -0.001326 -0.051000
v -0.004266 -0.001433 -0.051000
v -0.004229 -0.001539 -0.051000
v -0.004189 -0.001644 -0.051000
v -0.004147 -0.001748 -0.051000
v -0.004102 -0.001851 -0.051000
v -0.004054 -0.001952 -0.051000
v -0.004004 -0.002053 -0.051000
v -0.003952 -0.002152 -0.051000
v -0.003897 -0.002250 -0.051000
v -0.003840 -0.002346 -0.051000
v -0.003780 -0.002441 -0.051000
v -0.003718 -0.002535 -0.051000
v -0.003654 -0.002627 -0.051000
v -0.003587 -0.002717 -0.051000
v -0.003518 -0.002806 -0.051000
v -0.003447 -0.002893 -0.051000
v -0.003374 -0.002978 -0.051000
v -0.003299 -0.003061 -0.051000
v -0.003221 -0.003142 -0.051000
v -0.003142 -0.003221 -0.051000
v -0.003061 -0.003299 -0.051000
v -0.002978 -0.003374 -0.051000
v -0.002893 -0.003447 -0.051000
v -0.002806 -0.003518 -0.051000
v -0.002717 -0.003587 -0.051000
v -0.002627 -0.003654 -0.051000
v -0.002535 -0.003718 -0.051000
v -0.002441 -0.003780 -0.051000
v -0.002346 -0.003840 -0.051000
v -0.002250 -0.003897 -0.051000
v -0.002152 -0.003952 -0.051000
v -0.002053 -0.004004 -0.051000
v -0.001952 -0.004054 -0.051000
v -0.001851 -0.004102 -0.051000
v -0.001748 -0.004147 -0.051000
v -0.001644 -0.004189 -0.051000
v -0.001539 -0.004229 -0.051000
v -0.001433 -0.004266 -0.051000
v -0.001326 -0.004300 -0.051000
v -0.001219 -0.004332 -0.051000
v -0.001110 -0.004361 -0.051000
v -0.001001 -0.004387 -0.051000
v -0.000892 -0.004411 -0.051000
v -0.000781 -0.004432 -0.051000
v -0.000671 -0.004450 -0.051000
v -0.000560 -0.004465 -0.051000
v -0.000448 -0.004478 -0.051000
v -0.000336 -0.004487 -0.051000
v -0.000224 -0.004494 -0.051000
v -0.000112 -0.004499 -0.051000
v 0.000000 -0.004500 -0.051000
v 0.000112 -0.004499 -0.051000
v 0.000224 -0.004494 -0.051000
v 0.000336 -0.004487 -0.051000
v 0.000448 -0.004478 -0.051000
v 0.000560 -0.004465 -0.051000
v 0.000671 -0.004450 -0.051000
v 0.000781 -0.004432 -0.051000
v 0.000892 -0.004411 -0.051000
v 0.001001 -0.004387 -0.051000
v 0.001110 -0.004361 -0.051000
v 0.001219 -0.004332 -0.051000
v 0.001326 -0.004300 -0.051000
v 0.001433 -0.004266 -0.051000
v 0.001539 -0.004229 -0.051000
v 0.001644 -0.004189 -0.051000
v 0.001748 -0.004147 -0.051000
v 0.001851 -0.004102 -0.051000
v 0.001952 -0.004054 -0.051000
v 0.002053 -0.004004 -0.051000
v 0.002152 -0.003952 -0.051000
v 0.002250 -0.003897 -0.051000
v 0.002346 -0.003840 -0.051000
v 0.002441 -0.003780 -0.051000
v 0.002535 -0.003718 -0.051000
v 0.002627 -0.003654 -0.051000
v 0.002717 -0.003587 -0.051000
v 0.002806 -0.003518 -0.051000
v 0.002893 -0.003447 -0.051000
v 0.002978 -0.003374 -0.051000
v 0.003061 -0.003299 -0.051000
v 0.003142 -0.003221 -0.051000
v 0.003221 -0.003142 -0.051000
v 0.003299 -0.003061 -0.051000
v 0.003374 -0.002978 -0.051000
v 0.003447 -0.002893 -0.051000
v 0.003518 -0.002806 -0.051000
v 0.003587 -0.002717 -0.051000
v 0.003654 -0.002627 -0.051000
v 0.003718 -0.002535 -0.051000
v 0.003780 -0.002441 -0.051000
v 0.003840 -0.002346 -0.051000
v 0.003897 -0.002250 -0.051000
v 0.003952 -0.002152 -0.051000
v 0.004004 -0.002053 -0.051000
v 0.004054 -0.001952 -0.051000
v 0.004102 -0.001851 -0.051000
v 0.004147 -0.001748 -0.051000
v 0.004189 -0.001644 -0.051000
v 0.004229 -0.001539 -0.051000
v 0.004266 -0.001433 -0.051000
v 0.004300 -0.001326 -0.051000
v 0.004332 -0.001219 -0.051000
v 0.004361 -0.001110 -0.051000
v 0.004387 -0.001001 -0.051000
v 0.004411 -0.000892 -0.051000
v 0.004432 -0.000781 -0.051000
v 0.004450 -0.000671 -0.051000
v 0.004465 -0.000560 -0.051000
v 0.004478 -0.000448 -0.051000
v 0.004487 -0.000336 -0.051000
v 0.004494 -0.000224 -0.051000
v 0.004499 -0.000112 -0.051000
v -0.004800 -0.006250 -0.050750
v -0.004900 -0.006350 -0.050750
v -0.004800 -0.006250 -0.021250
v -0.004850 -0.006300 -0.021250
v -0.004850 -0.006300 -0.050650
v -0.004900 -0.006250 -0.021150
v -0.004800 -0.006250 -0.021250
v -0.004850 -0.006300 -0.021250
v -0.004900 -0.006250 0.021150
v -0.005050 -0.006100 0.021000
v -0.004800 -0.006250 0.021250
v -0.004800 -0.004383 0.021250
v -0.005050 -0.004092 0.021000
v -0.005010 -0.004142 0.021040
v -0.004969 -0.004191 0.021081
v -0.004927 -0.004239 0.021123
v -0.004885 -0.004288 0.021165
v -0.004843 -0.004336 0.021207
v -0.004900 -0.006250 0.021150
v -0.004800 -0.006250 0.021250
v -0.004850 -0.006300 0.021250
v -0.004800 -0.006250 0.021250
v -0.004850 -0.006300 0.021250
v -0.004800 -0.006250 0.050750
v -0.004900 -0.006350 0.050750
v -0.004850 -0.006300 0.050650
v -0.008550 -0.001550 0.021000
v -0.006312 -0.001550 0.021000
v -0.008550 -0.001300 0.021250
v -0.006369 -0.001300 0.021250
v -0.006354 -0.001368 0.021182
v -0.006340 -0.001435 0.021115
v -0.006326 -0.001493 0.021057
v -0.008550 -0.001550 0.021000
v -0.008800 -0.001550 0.021250
v -0.008550 -0.001300 0.021250
v -0.008800 -0.001550 0.021250
v -0.008800 -0.001550 0.050750
v -0.008550 -0.001300 0.050750
v -0.008550 -0.001300 0.021250
v -0.008550 -0.006250 -0.051000
v -0.008550 -0.001550 -0.051000
v -0.005050 -0.006250 -0.051000
v -0.005050 -0.004092 -0.051000
v -0.006312 -0.001550 -0.051000
v -0.006349 -0.001392 -0.051000
v -0.006382 -0.001233 -0.051000
v -0.006411 -0.001073 -0.051000
v -0.006436 -0.000913 -0.051000
v -0.006456 -0.000752 -0.051000
v -0.006473 -0.000590 -0.051000
v -0.006486 -0.000429 -0.051000
v -0.006495 -0.000267 -0.051000
v -0.006499 -0.000104 -0.051000
v -0.006500 0.000058 -0.051000
v -0.006496 0.000220 -0.051000
v -0.006489 0.000382 -0.051000
v -0.006477 0.000544 -0.051000
v -0.006462 0.000706 -0.051000
v -0.006442 0.000867 -0.051000
v -0.006418 0.001027 -0.051000
v -0.006391 0.001187 -0.051000
v -0.006359 0.001347 -0.051000
v -0.006323 0.001505 -0.051000
v -0.006284 0.001662 -0.051000
v -0.006240 0.001819 -0.051000
v -0.006193 0.001974 -0.051000
v -0.006142 0.002128 -0.051000
v -0.006087 0.002281 -0.051000
v -0.006028 0.002432 -0.051000
v -0.005965 0.002582 -0.051000
v -0.005899 0.002730 -0.051000
v -0.005829 0.002876 -0.051000
v -0.005755 0.003021 -0.051000
v -0.005678 0.003164 -0.051000
v -0.005597 0.003304 -0.051000
v -0.005513 0.003443 -0.051000
v -0.005426 0.003580 -0.051000
v -0.005334 0.003714 -0.051000
v -0.005240 0.003846 -0.051000
v -0.005142 0.003976 -0.051000
v -0.005042 0.004103 -0.051000
v -0.004938 0.004227 -0.051000
v -0.004830 0.004349 -0.051000
v -0.004720 0.004469 -0.051000
v -0.004607 0.004585 -0.051000
v -0.004491 0.004699 -0.051000
v -0.004373 0.004809 -0.051000
v -0.004251 0.004917 -0.051000
v -0.004127 0.005022 -0.051000
v -0.004000 0.005123 -0.051000
v -0.003871 0.005221 -0.051000
v -0.003740 0.005316 -0.051000
v -0.003606 0.005408 -0.051000
v -0.003470 0.005496 -0.051000
v -0.003331 0.005581 -0.051000
v -0.003191 0.005663 -0.051000
v -0.003049 0.005741 -0.051000
v -0.002904 0.005815 -0.051000
v -0.002758 0.005886 -0.051000
v -0.002610 0.005953 -0.051000
v -0.002461 0.006016 -0.051000
v -0.002310 0.006076 -0.051000
v -0.002158 0.006131 -0.051000
v -0.002004 0.006183 -0.051000
v -0.001849 0.006232 -0.051000
v -0.001693 0.006276 -0.051000
v -0.001535 0.006316 -0.051000
v -0.001377 0.006352 -0.051000
v -0.001218 0.006385 -0.051000
v -0.001058 0.006413 -0.051000
v -0.000898 0.006438 -0.051000
v -0.000737 0.006458 -0.051000
v -0.000576 0.006474 -0.051000
v -0.000414 0.006487 -0.051000
v -0.000252 0.006495 -0.051000
v -0.000089 0.006499 -0.051000
v 0.000073 0.006500 -0.051000
v 0.000235 0.006496 -0.051000
v 0.000397 0.006488 -0.051000
v 0.000559 0.006476 -0.051000
v 0.000721 0.006460 -0.051000
v 0.000882 0.006440 -0.051000
v 0.001042 0.006416 -0.051000
v 0.001202 0.006388 -0.051000
v 0.001361 0.006356 -0.051000
v 0.001519 0.006320 -0.051000
v 0.001677 0.006280 -0.051000
v 0.001833 0.006236 -0.051000
v 0.001988 0.006188 -0.051000
v 0.002142 0.006137 -0.051000
v 0.002295 0.006082 -0.051000
v 0.002446 0.006022 -0.051000
v 0.002595 0.005959 -0.051000
v 0.002743 0.005893 -0.051000
v 0.002890 0.005822 -0.051000
v 0.003034 0.005748 -0.051000
v 0.003177 0.005671 -0.051000
v 0.003317 0.005590 -0.051000
v 0.003456 0.005505 -0.051000
v 0.003592 0.005417 -0.051000
v 0.003726 0.005326 -0.051000
v 0.003858 0.005231 -0.051000
v 0.003987 0.005133 -0.051000
v 0.004114 0.005032 -0.051000
v 0.004239 0.004928 -0.051000
v 0.004360 0.004820 -0.051000
v 0.004479 0.004710 -0.051000
v 0.004596 0.004597 -0.051000
v 0.004709 0.004481 -0.051000
v 0.004819 0.004362 -0.051000
v 0.004927 0.004240 -0.051000
v 0.005031 0.004116 -0.051000
v 0.005132 0.003989 -0.051000
v 0.005230 0.003859 -0.051000
v 0.005325 0.003728 -0.051000
v 0.005416 0.003593 -0.051000
v 0.005504 0.003457 -0.051000
v 0.005589 0.003319 -0.051000
v 0.005670 0.003178 -0.051000
v 0.005748 0.003035 -0.051000
v 0.005822 0.002891 -0.051000
v 0.005892 0.002745 -0.051000
v 0.005959 0.002597 -0.051000
v 0.006022 0.002447 -0.051000
v 0.006081 0.002296 -0.051000
v 0.006136 0.002143 -0.051000
v 0.006188 0.001990 -0.051000
v 0.006236 0.001834 -0.051000
v 0.006280 0.001678 -0.051000
v 0.006320 0.001521 -0.051000
v 0.006356 0.001363 -0.051000
v 0.006388 0.001204 -0.051000
v 0.006416 0.001044 -0.051000
v 0.006440 0.000883 -0.051000
v 0.006460 0.000722 -0.051000
v 0.006476 0.000561 -0.051000
v 0.006488 0.000399 -0.051000
v 0.006496 0.000237 -0.051000
v 0.006500 0.000074 -0.051000
v 0.006499 -0.000088 -0.051000
v 0.006495 -0.000250 -0.051000
v 0.006487 -0.000412 -0.051000
v 0.006475 -0.000574 -0.051000
v 0.006458 -0.000736 -0.051000
v 0.006438 -0.000897 -0.051000
v 0.006413 -0.001057 -0.051000
v 0.006385 -0.001217 -0.051000
v 0.006353 -0.001376 -0.051000
v 0.006316 -0.001534 -0.051000
v 0.006276 -0.001691 -0.051000
v 0.006232 -0.001847 -0.051000
v 0.006184 -0.002002 -0.051000
v 0.006132 -0.002156 -0.051000
v 0.006076 -0.002309 -0.051000
v 0.006017 -0.002460 -0.051000
v 0.005953 -0.002609 -0.051000
v 0.005886 -0.002757 -0.051000
v 0.005816 -0.002903 -0.051000
v 0.005741 -0.003047 -0.051000
v 0.005664 -0.003190 -0.051000
v 0.005582 -0.003330 -0.051000
v 0.005497 -0.003468 -0.051000
v 0.005409 -0.003605 -0.051000
v 0.005317 -0.003739 -0.051000
v 0.005222 -0.003870 -0.051000
v 0.005124 -0.003999 -0.051000
v 0.005023 -0.004126 -0.051000
v 0.004918 -0.004250 -0.051000
v 0.004810 -0.004372 -0.051000
v 0.004700 -0.004490 -0.051000
v 0.004586 -0.004606 -0.051000
v 0.004470 -0.004719 -0.051000
v 0.004350 -0.004829 -0.051000
v 0.004229 -0.004937 -0.051000
v 0.004104 -0.005041 -0.051000
v 0.003977 -0.005141 -0.051000
v 0.003847 -0.005239 -0.051000
v 0.003715 -0.005334 -0.051000
v 0.003581 -0.005425 -0.051000
v 0.003444 -0.005512 -0.051000
v 0.003306 -0.005597 -0.051000
v 0.003165 -0.005677 -0.051000
v 0.003022 -0.005755 -0.051000
v 0.002878 -0.005828 -0.051000
v 0.002731 -0.005898 -0.051000
v 0.002583 -0.005965 -0.051000
v 0.002433 -0.006027 -0.051000
v 0.002282 -0.006086 -0.051000
v 0.002129 -0.006141 -0.051000
v 0.001975 -0.006193 -0.051000
v 0.001820 -0.006240 -0.051000
v 0.001664 -0.006283 -0.051000
v 0.001506 -0.006323 -0.051000
v 0.001348 -0.006359 -0.051000
v 0.001189 -0.006390 -0.051000
v 0.001029 -0.006418 -0.051000
v 0.000868 -0.006442 -0.051000
v 0.000707 -0.006461 -0.051000
v 0.000546 -0.006477 -0.051000
v 0.000384 -0.006489 -0.051000
v 0.000222 -0.006496 -0.051000
v 0.000059 -0.006500 -0.051000
v -0.000103 -0.006499 -0.051000
v -0.000265 -0.006495 -0.051000
v -0.000427 -0.006486 -0.051000
v -0.000589 -0.006473 -0.051000
v -0.000750 -0.006457 -0.051000
v -0.000911 -0.006436 -0.051000
v -0.001072 -0.006411 -0.051000
v -0.001231 -0.006382 -0.051000
v -0.001390 -0.006350 -0.051000
v -0.001549 -0.006313 -0.051000
v -0.001706 -0.006272 -0.051000
v -0.001862 -0.006228 -0.051000
v -0.002017 -0.006179 -0.051000
v -0.002170 -0.006127 -0.051000
v -0.002323 -0.006071 -0.051000
v -0.002473 -0.006011 -0.051000
v -0.002623 -0.005947 -0.051000
v -0.002770 -0.005880 -0.051000
v -0.002916 -0.005809 -0.051000
v -0.003060 -0.005734 -0.051000
v -0.003203 -0.005656 -0.051000
v -0.003343 -0.005574 -0.051000
v -0.003481 -0.005489 -0.051000
v -0.003617 -0.005401 -0.051000
v -0.003751 -0.005309 -0.051000
v -0.003882 -0.005213 -0.051000
v -0.004011 -0.005115 -0.051000
v -0.004138 -0.005013 -0.051000
v -0.004261 -0.004908 -0.051000
v -0.004383 -0.004800 -0.051000
v -0.004501 -0.004689 -0.051000
v -0.004617 -0.004576 -0.051000
v -0.004730 -0.004459 -0.051000
v -0.004839 -0.004339 -0.051000
v -0.004946 -0.004217 -0.051000
v 0.004500 -0.000000 -0.051000
v 0.004499 0.000112 -0.051000
v 0.004494 0.000224 -0.051000
v 0.004487 0.000336 -0.051000
v 0.004478 0.000448 -0.051000
v 0.004465 0.000560 -0.051000
v 0.004450 0.000671 -0.051000
v 0.004432 0.000781 -0.051000
v 0.004411 0.000892 -0.051000
v 0.004387 0.001001 -0.051000
v 0.004361 0.001110 -0.051000
v 0.004332 0.001219 -0.051000
v 0.004300 0.001326 -0.051000
v 0.004266 0.001433 -0.051000
v 0.004229 0.001539 -0.051000
v 0.004189 0.001644 -0.051000
v 0.004147 0.001748 -0.051000
v 0.004102 0.001851 -0.051000
v 0.004054 0.001952 -0.051000
v 0.004004 0.002053 -0.051000
v 0.003952 0.002152 -0.051000
v 0.003897 0.002250 -0.051000
v 0.003840 0.002346 -0.051000
v 0.003780 0.002441 -0.051000
v 0.003718 0.002535 -0.051000
v 0.003654 0.002627 -0.051000
v 0.003587 0.002717 -0.051000
v 0.003518 0.002806 -0.051000
v 0.003447 0.002893 -0.051000
v 0.003374 0.002978 -0.051000
v 0.003299 0.003061 -0.051000
v 0.003221 0.003142 -0.051000
v 0.003142 0.003221 -0.051000
v 0.003061 0.003299 -0.051000
v 0.002978 0.003374 -0.051000
v 0.002893 0.003447 -0.051000
v 0.002806 0.003518 -0.051000
v 0.002717 0.003587 -0.051000
v 0.002627 0.003654 -0.051000
v 0.002535 0.003718 -0.051000
v 0.002441 0.003780 -0.051000
v 0.002346 0.003840 -0.051000
v 0.002250 0.003897 -0.051000
v 0.002152 0.003952 -0.051000
v 0.002053 0.004004 -0.051000
v 0.001952 0.004054 -0.051000
v 0.001851 0.004102 -0.051000
v 0.001748 0.004147 -0.051000
v 0.001644 0.004189 -0.051000
v 0.001539 0.004229 -0.051000
v 0.001433 0.004266 -0.051000
v 0.001326 0.004300 -0.051000
v 0.001219 0.004332 -0.051000
v 0.001110 0.004361 -0.051000
v 0.001001 0.004387 -0.051000
v 0.000892 0.004411 -0.051000
v 0.000781 0.004432 -0.051000
v 0.000671 0.004450 -0.051000
v 0.000560 0.004465 -0.051000
v 0.000448 0.004478 -0.051000
v 0.000336 0.004487 -0.051000
v 0.000224 0.004494 -0.051000
v 0.000112 0.004499 -0.051000
v 0.000000 0.004500 -0.051000
v -0.000112 0.004499 -0.051000
v -0.000224 0.004494 -0.051000
v -0.000336 0.004487 -0.051000
v -0.000448 0.004478 -0.051000
v -0.000560 0.004465 -0.051000
v -0.000671 0.004450 -0.051000
v -0.000781 0.004432 -0.051000
v -0.000892 0.004411 -0.051000
v -0.001001 0.004387 -0.051000
v -0.001110 0.004361 -0.051000
v -0.001219 0.004332 -0.051000
v -0.001326 0.004300 -0.051000
v -0.001433 0.004266 -0.051000
v -0.001539 0.004229 -0.051000
v -0.001644 0.004189 -0.051000
v -0.001748 0.004147 -0.051000
v -0.001851 0.004102 -0.051000
v -0.001952 0.004054 -0.051000
v -0.002053 0.004004 -0.051000
v -0.002152 0.003952 -0.051000
v -0.002250 0.003897 -0.051000
v -0.002346 0.003840 -0.051000
v -0.002441 0.003780 -0.051000
v -0.002535 0.003718 -0.051000
v -0.002627 0.003654 -0.051000
v -0.002717 0.003587 -0.051000
v -0.002806 0.003518 -0.051000
v -0.002893 0.003447 -0.051000
v -0.002978 0.003374 -0.051000
v -0.003061 0.003299 -0.051000
v -0.003142 0.003221 -0.051000
v -0.003221 0.003142 -0.051000
v -0.003299 0.003061 -0.051000
v -0.003374 0.002978 -0.051000
v -0.003447 0.002893 -0.051000
v -0.003518 0.002806 -0.051000
v -0.003587 0.002717 -0.051000
v -0.003654 0.002627 -0.051000
v -0.003718 0.002535 -0.051000
v -0.003780 0.002441 -0.051000
v -0.003840 0.002346 -0.051000
v -0.003897 0.002250 -0.051000
v -0.003952 0.002152 -0.051000
v -0.004004 0.002053 -0.051000
v -0.004054 0.001952 -0.051000
v -0.004102 0.001851 -0.051000
v -0.004147 0.001748 -0.051000
v -0.004189 0.001644 -0.051000
v -0.004229 0.001539 -0.051000
v -0.004266 0.001433 -0.051000
v -0.004300 0.001326 -0.051000
v -0.004332 0.001219 -0.051000
v -0.004361 0.001110 -0.051000
v -0.004387 0.001001 -0.051000
v -0.004411 0.000892 -0.051000
v -0.004432 0.000781 -0.051000
v -0.004450 0.000671 -0.051000
v -0.004465 0.000560 -0.051000
v -0.004478 0.000448 -0.051000
v -0.004487 0.000336 -0.051000
v -0.004494 0.000224 -0.051000
v -0.004499 0.000112 -0.051000
v -0.004500 -0.000000 -0.051000
v -0.004499 -0.000112 -0.051000
v -0.004494 -0.000224 -0.051000
v -0.004487 -0.000336 -0.051000
v -0.004478 -0.000448 -0.051000
v -0.004465 -0.000560 -0.051000
v -0.004450 -0.000671 -0.051000
v -0.004432 -0.000781 -0.051000
v -0.004411 -0.000892 -0.051000
v -0.004387 -0.001001 -0.051000
v -0.004361 -0.001110 -0.051000
v -0.004332 -0.001219 -0.051000
v -0.004300 -0.001326 -0.051000
v -0.004266 -0.001433 -0.051000
v -0.004229 -0.001539 -0.051000
v -0.004189 -0.001644 -0.051000
v -0.004147 -0.001748 -0.051000
v -0.004102 -0.001851 -0.051000
v -0.004054 -0.001952 -0.051000
v -0.004004 -0.002053 -0.051000
v -0.003952 -0.002152 -0.051000
v -0.003897 -0.002250 -0.051000
v -0.003840 -0.002346 -0.051000
v -0.003780 -0.002441 -0.051000
v -0.003718 -0.002535 -0.051000
v -0.003654 -0.002627 -0.051000
v -0.003587 -0.002717 -0.051000
v -0.003518 -0.002806 -0.051000
v -0.003447 -0.002893 -0.051000
v -0.003374 -0.002978 -0.051000
v -0.003299 -0.003061 -0.051000
v -0.003221 -0.003142 -0.051000
v -0.003142 -0.003221 -0.051000
v -0.003061 -0.003299 -0.051000
v -0.002978 -0.003374 -0.051000
v -0.002893 -0.003447 -0.051000
v -0.002806 -0.003518 -0.051000
v -0.002717 -0.003587 -0.051000
v -0.002627 -0.003654 -0.051000
v -0.002535 -0.003718 -0.051000
v -0.002441 -0.003780 -0.051000
v -0.002346 -0.003840 -0.051000
v -0.002250 -0.003897 -0.051000
v -0.002152 -0.003952 -0.051000
v -0.002053 -0.004004 -0.051000
v -0.001952 -0.004054 -0.051000
v -0.001851 -0.004102 -0.051000
v -0.001748 -0.004147 -0.051000
v -0.001644 -0.004189 -0.051000
v -0.001539 -0.004229 -0.051000
v -0.001433 -0.004266 -0.051000
v -0.001326 -0.004300 -0.051000
v -0.001219 -0.004332 -0.051000
v -0.001110 -0.004361 -0.051000
v -0.001001 -0.004387 -0.051000
v -0.000892 -0.004411 -0.051000
v -0.000781 -0.004432 -0.051000
v -0.000671 -0.004450 -0.051000
v -0.000560 -0.004465 -0.051000
v -0.000448 -0.004478 -0.051000
v -0.000336 -0.004487 -0.051000
v -0.000224 -0.004494 -0.051000
v -0.000112 -0.004499 -0.051000
v 0.000000 -0.004500 -0.051000
v 0.000112 -0.004499 -0.051000
v 0.000224 -0.004494 -0.051000
v 0.000336 -0.004487 -0.051000
v 0.000448 -0.004478 -0.051000
v 0.000560 -0.004465 -0.051000
v 0.000671 -0.004450 -0.051000
v 0.000781 -0.004432 -0.051000
v 0.000892 -0.004411 -0.051000
v 0.001001 -0.004387 -0.051000
v 0.001110 -0.004361 -0.051000
v 0.001219 -0.004332 -0.051000
v 0.001326 -0.004300 -0.051000
v 0.001433 -0.004266 -0.051000
v 0.001539 -0.004229 -0.051000
v 0.001644 -0.004189 -0.051000
v 0.001748 -0.004147 -0.051000
v 0.001851 -0.004102 -0.051000
v 0.001952 -0.004054 -0.051000
v 0.002053 -0.004004 -0.051000
v 0.002152 -0.003952 -0.051000
v 0.002250 -0.003897 -0.051000
v 0.002346 -0.003840 -0.051000
v 0.002441 -0.003780 -0.051000
v 0.002535 -0.003718 -0.051000
v 0.002627 -0.003654 -0.051000
v 0.002717 -0.003587 -0.051000
v 0.002806 -0.003518 -0.051000
v 0.002893 -0.003447 -0.051000
v 0.002978 -0.003374 -0.051000
v 0.003061 -0.003299 -0.051000
v 0.003142 -0.003221 -0.051000
v 0.003221 -0.003142 -0.051000
v 0.003299 -0.003061 -0.051000
v 0.003374 -0.002978 -0.051000
v 0.003447 -0.002893 -0.051000
v 0.003518 -0.002806 -0.051000
v 0.003587 -0.002717 -0.051000
v 0.003654 -0.002627 -0.051000
v 0.003718 -0.002535 -0.051000
v 0.003780 -0.002441 -0.051000
v 0.003840 -0.002346 -0.051000
v 0.003897 -0.002250 -0.051000
v 0.003952 -0.002152 -0.051000
v 0.004004 -0.002053 -0.051000
v 0.004054 -0.001952 -0.051000
v 0.004102 -0.001851 -0.051000
v 0.004147 -0.001748 -0.051000
v 0.004189 -0.001644 -0.051000
v 0.004229 -0.001539 -0.051000
v 0.004266 -0.001433 -0.051000
v 0.004300 -0.001326 -0.051000
v 0.004332 -0.001219 -0.051000
v 0.004361 -0.001110 -0.051000
v 0.004387 -0.001001 -0.051000
v 0.004411 -0.000892 -0.051000
v 0.004432 -0.000781 -0.051000
v 0.004450 -0.000671 -0.051000
v 0.004465 -0.000560 -0.051000
v 0.004478 -0.000448 -0.051000
v 0.004487 -0.000336 -0.051000
v 0.004494 -0.000224 -0.051000
v 0.004499 -0.000112 -0.051000
v -0.008550 -0.001550 -0.051000
v -0.008800 -0.001550 -0.050750
v -0.008550 -0.001300 -0.050750
v -0.005050 -0.006250 -0.051000
v -0.005050 -0.004092 -0.051000
v -0.004800 -0.006250 -0.050750
v -0.004800 -0.004383 -0.050750
v -0.005010 -0.004142 -0.050960
v -0.004969 -0.004191 -0.050919
v -0.004927 -0.004239 -0.050877
v -0.004885 -0.004288 -0.050835
v -0.004843 -0.004336 -0.050793
v -0.008550 -0.006250 0.051000
v -0.008550 -0.001550 0.051000
v -0.005050 -0.006250 0.051000
v -0.005050 -0.004092 0.051000
v -0.004946 -0.004217 0.051000
v -0.004839 -0.004339 0.051000
v -0.004730 -0.004459 0.051000
v -0.004617 -0.004576 0.051000
v -0.004501 -0.004689 0.051000
v -0.004383 -0.004800 0.051000
v -0.004261 -0.004908 0.051000
v -0.004138 -0.005013 0.051000
v -0.004011 -0.005115 0.051000
v -0.003882 -0.005213 0.051000
v -0.003751 -0.005309 0.051000
v -0.003617 -0.005401 0.051000
v -0.003481 -0.005489 0.051000
v -0.003343 -0.005574 0.051000
v -0.003203 -0.005656 0.051000
v -0.003060 -0.005734 0.051000
v -0.002916 -0.005809 0.051000
v -0.002770 -0.005880 0.051000
v -0.002623 -0.005947 0.051000
v -0.002473 -0.006011 0.051000
v -0.002323 -0.006071 0.051000
v -0.002170 -0.006127 0.051000
v -0.002017 -0.006179 0.051000
v -0.001862 -0.006228 0.051000
v -0.001706 -0.006272 0.051000
v -0.001549 -0.006313 0.051000
v -0.001390 -0.006350 0.051000
v -0.001231 -0.006382 0.051000
v -0.001072 -0.006411 0.051000
v -0.000911 -0.006436 0.051000
v -0.000750 -0.006457 0.051000
v -0.000589 -0.006473 0.051000
v -0.000427 -0.006486 0.051000
v -0.000265 -0.006495 0.051000
v -0.000103 -0.006499 0.051000
v 0.000059 -0.006500 0.051000
v 0.000222 -0.006496 0.051000
v 0.000384 -0.006489 0.051000
v 0.000546 -0.006477 0.051000
v 0.000707 -0.006461 0.051000
v 0.000868 -0.006442 0.051000
v 0.001029 -0.006418 0.051000
v 0.001189 -0.006390 0.051000
v 0.001348 -0.006359 0.051000
v 0.001506 -0.006323 0.051000
v 0.001664 -0.006283 0.051000
v 0.001820 -0.006240 0.051000
v 0.001975 -0.006193 0.051000
v 0.002129 -0.006141 0.051000
v 0.002282 -0.006086 0.051000
v 0.002433 -0.006027 0.051000
v 0.002583 -0.005965 0.051000
v 0.002731 -0.005898 0.051000
v 0.002878 -0.005828 0.051000
v 0.003022 -0.005755 0.051000
v 0.003165 -0.005677 0.051000
v 0.003306 -0.005597 0.051000
v 0.003444 -0.005512 0.051000
v 0.003581 -0.005425 0.051000
v 0.003715 -0.005334 0.051000
v 0.003847 -0.005239 0.051000
v 0.003977 -0.005141 0.051000
v 0.004104 -0.005041 0.051000
v 0.004229 -0.004937 0.051000
v 0.004350 -0.004829 0.051000
v 0.004470 -0.004719 0.051000
v 0.004586 -0.004606 0.051000
v 0.004700 -0.004490 0.051000
v 0.004810 -0.004372 0.051000
v 0.004918 -0.004250 0.051000
v 0.005023 -0.004126 0.051000
v 0.005124 -0.003999 0.051000
v 0.005222 -0.003870 0.051000
v 0.005317 -0.003739 0.051000
v 0.005409 -0.003605 0.051000
v 0.005497 -0.003468 0.051000
v 0.005582 -0.003330 0.051000
v 0.005664 -0.003190 0.051000
v 0.005741 -0.003047 0.051000
v 0.005816 -0.002903 0.051000
v 0.005886 -0.002757 0.051000
v 0.005953 -0.002609 0.051000
v 0.006017 -0.002460 0.051000
v 0.006076 -0.002309 0.051000
v 0.006132 -0.002156 0.051000
v 0.006184 -0.002002 0.051000
v 0.006232 -0.001847 0.051000
v 0.006276 -0.001691 0.051000
v 0.006316 -0.001534 0.051000
v 0.006353 -0.001376 0.051000
v 0.006385 -0.001217 0.051000
v 0.006413 -0.001057 0.051000
v 0.006438 -0.000897 0.051000
v 0.006458 -0.000736 0.051000
v 0.006475 -0.000574 0.051000
v 0.006487 -0.000412 0.051000
v 0.006495 -0.000250 0.051000
v 0.006499 -0.000088 0.051000
v 0.006500 0.000074 0.051000
v 0.006496 0.000237 0.051000
v 0.006488 0.000399 0.051000
v 0.006476 0.000561 0.051000
v 0.006460 0.000722 0.051000
v 0.006440 0.000883 0.051000
v 0.006416 0.001044 0.051000
v 0.006388 0.001204 0.051000
v 0.006356 0.001363 0.051000
v 0.006320 0.001521 0.051000
v 0.006280 0.001678 0.051000
v 0.006236 0.001834 0.051000
v 0.006188 0.001990 0.051000
v 0.006136 0.002143 0.051000
v 0.006081 0.002296 0.051000
v 0.006022 0.002447 0.051000
v 0.005959 0.002597 0.051000
v 0.005892 0.002745 0.051000
v 0.005822 0.002891 0.051000
v 0.005748 0.003035 0.051000
v 0.005670 0.003178 0.051000
v 0.005589 0.003319 0.051000
v 0.005504 0.003457 0.051000
v 0.005416 0.003593 0.051000
v 0.005325 0.003728 0.051000
v 0.005230 0.003859 0.051000
v 0.005132 0.003989 0.051000
v 0.005031 0.004116 0.051000
v 0.004927 0.004240 0.051000
v 0.004819 0.004362 0.051000
v 0.004709 0.004481 0.051000
v 0.004596 0.004597 0.051000
v 0.004479 0.004710 0.051000
v 0.004360 0.004820 0.051000
v 0.004239 0.004928 0.051000
v 0.004114 0.005032 0.051000
v 0.003987 0.005133 0.051000
v 0.003858 0.005231 0.051000
v 0.003726 0.005326 0.051000
v 0.003592 0.005417 0.051000
v 0.003456 0.005505 0.051000
v 0.003317 0.005590 0.051000
v 0.003177 0.005671 0.051000
v 0.003034 0.005748 0.051000
v 0.002890 0.005822 0.051000
v 0.002743 0.005893 0.051000
v 0.002595 0.005959 0.051000
v 0.002446 0.006022 0.051000
v 0.002295 0.006082 0.051000
v 0.002142 0.006137 0.051000
v 0.001988 0.006188 0.051000
v 0.001833 0.006236 0.051000
v 0.001677 0.006280 0.051000
v 0.001519 0.006320 0.051000
v 0.001361 0.006356 0.051000
v 0.001202 0.006388 0.051000
v 0.001042 0.006416 0.051000
v 0.000882 0.006440 0.051000
v 0.000721 0.006460 0.051000
v 0.000559 0.006476 0.051000
v 0.000397 0.006488 0.051000
v 0.000235 0.006496 0.051000
v 0.000073 0.006500 0.051000
v -0.000089 0.006499 0.051000
v -0.000252 0.006495 0.051000
v -0.000414 0.006487 0.051000
v -0.000576 0.006474 0.051000
v -0.000737 0.006458 0.051000
v -0.000898 0.006438 0.051000
v -0.001058 0.006413 0.051000
v -0.001218 0.006385 0.051000
v -0.001377 0.006352 0.051000
v -0.001535 0.006316 0.051000
v -0.001693 0.006276 0.051000
v -0.001849 0.006232 0.051000
v -0.002004 0.006183 0.051000
v -0.002158 0.006131 0.051000
v -0.002310 0.006076 0.051000
v -0.002461 0.006016 0.051000
v -0.002610 0.005953 0.051000
v -0.002758 0.005886 0.051000
v -0.002904 0.005815 0.051000
v -0.003049 0.005741 0.051000
v -0.003191 0.005663 0.051000
v -0.003331 0.005581 0.051000
v -0.003470 0.005496 0.051000
v -0.003606 0.005408 0.051000
v -0.003740 0.005316 0.051000
v -0.003871 0.005221 0.051000
v -0.004000 0.005123 0.051000
v -0.004127 0.005022 0.051000
v -0.004251 0.004917 0.051000
v -0.004373 0.004809 0.051000
v -0.004491 0.004699 0.051000
v -0.004607 0.004585 0.051000
v -0.004720 0.004469 0.051000
v -0.004830 0.004349 0.051000
v -0.004938 0.004227 0.051000
v -0.005042 0.004103 0.051000
v -0.005142 0.003976 0.051000
v -0.005240 0.003846 0.051000
v -0.005334 0.003714 0.051000
v -0.005426 0.003580 0.051000
v -0.005513 0.003443 0.051000
v -0.005597 0.003304 0.051000
v -0.005678 0.003164 0.051000
v -0.005755 0.003021 0.051000
v -0.005829 0.002876 0.051000
v -0.005899 0.002730 0.051000
v -0.005965 0.002582 0.051000
v -0.006028 0.002432 0.051000
v -0.006087 0.002281 0.051000
v -0.006142 0.002128 0.051000
v -0.006193 0.001974 0.051000
v -0.006240 0.001819 0.051000
v -0.006284 0.001662 0.051000
v -0.006323 0.001505 0.051000
v -0.006359 0.001347 0.051000
v -0.006391 0.001187 0.051000
v -0.006418 0.001027 0.051000
v -0.006442 0.000867 0.051000
v -0.006462 0.000706 0.051000
v -0.006477 0.000544 0.051000
v -0.006489 0.000382 0.051000
v -0.006496 0.000220 0.051000
v -0.006500 0.000058 0.051000
v -0.006499 -0.000104 0.051000
v -0.006495 -0.000267 0.051000
v -0.006486 -0.000429 0.051000
v -0.006473 -0.000590 0.051000
v -0.006456 -0.000752 0.051000
v -0.006436 -0.000913 0.051000
v -0.006411 -0.001073 0.051000
v -0.006382 -0.001233 0.051000
v -0.006349 -0.001392 0.051000
v -0.006312 -0.001550 0.051000
v 0.004500 -0.000000 0.051000
v 0.004499 0.000112 0.051000
v 0.004494 0.000224 0.051000
v 0.004487 0.000336 0.051000
v 0.004478 0.000448 0.051000
v 0.004465 0.000560 0.051000
v 0.004450 0.000671 0.051000
v 0.004432 0.000781 0.051000
v 0.004411 0.000892 0.051000
v 0.004387 0.001001 0.051000
v 0.004361 0.001110 0.051000
v 0.004332 0.001219 0.051000
v 0.004300 0.001326 0.051000
v 0.004266 0.001433 0.051000
v 0.004229 0.001539 0.051000
v 0.004189 0.001644 0.051000
v 0.004147 0.001748 0.051000
v 0.004102 0.001851 0.051000
v 0.004054 0.001952 0.051000
v 0.004004 0.002053 0.051000
v 0.003952 0.002152 0.051000
v 0.003897 0.002250 0.051000
v 0.003840 0.002346 0.051000
v 0.003780 0.002441 0.051000
v 0.003718 0.002535 0.051000
v 0.003654 0.002627 0.051000
v 0.003587 0.002717 0.051000
v 0.003518 0.002806 0.051000
v 0.003447 0.002893 0.051000
v 0.003374 0.002978 0.051000
v 0.003299 0.003061 0.051000
v 0.003221 0.003142 0.051000
v 0.003142 0.003221 0.051000
v 0.003061 0.003299 0.051000
v 0.002978 0.003374 0.051000
v 0.002893 0.003447 0.051000
v 0.002806 0.003518 0.051000
v 0.002717 0.003587 0.051000
v 0.002627 0.003654 0.051000
v 0.002535 0.003718 0.051000
v 0.002441 0.003780 0.051000
v 0.002346 0.003840 0.051000
v 0.002250 0.003897 0.051000
v 0.002152 0.003952 0.051000
v 0.002053 0.004004 0.051000
v 0.001952 0.004054 0.051000
v 0.001851 0.004102 0.051000
v 0.001748 0.004147 0.051000
v 0.001644 0.004189 0.051000
v 0.001539 0.004229 0.051000
v 0.001433 0.004266 0.051000
v 0.001326 0.004300 0.051000
v 0.001219 0.004332 0.051000
v 0.001110 0.004361 0.051000
v 0.001001 0.004387 0.051000
v 0.000892 0.004411 0.051000
v 0.000781 0.004432 0.051000
v 0.000671 0.004450 0.051000
v 0.000560 0.004465 0.051000
v 0.000448 0.004478 0.051000
v 0.000336 0.004487 0.051000
v 0.000224 0.004494 0.051000
v 0.000112 0.004499 0.051000
v 0.000000 0.004500 0.051000
v -0.000112 0.004499 0.051000
v -0.000224 0.004494 0.051000
v -0.000336 0.004487 0.051000
v -0.000448 0.004478 0.051000
v -0.000560 0.004465 0.051000
v -0.000671 0.004450 0.051000
v -0.000781 0.004432 0.051000
v -0.000892 0.004411 0.051000
v -0.001001 0.004387 0.051000
v -0.001110 0.004361 0.051000
v -0.001219 0.004332 0.051000
v -0.001326 0.004300 0.051000
v -0.001433 0.004266 0.051000
v -0.001539 0.004229 0.051000
v -0.001644 0.004189 0.051000
v -0.001748 0.004147 0.051000
v -0.001851 0.004102 0.051000
v -0.001952 0.004054 0.051000
v -0.002053 0.004004 0.051000
v -0.002152 0.003952 0.051000
v -0.002250 0.003897 0.051000
v -0.002346 0.003840 0.051000
v -0.002441 0.003780 0.051000
v -0.002535 0.003718 0.051000
v -0.002627 0.003654 0.051000
v -0.002717 0.003587 0.051000
v -0.002806 0.003518 0.051000
v -0.002893 0.003447 0.051000
v -0.002978 0.003374 0.051000
v -0.003061 0.003299 0.051000
v -0.003142 0.003221 0.051000
v -0.003221 0.003142 0.051000
v -0.003299 0.003061 0.051000
v -0.003374 0.002978 0.051000
v -0.003447 0.002893 0.051000
v -0.003518 0.002806 0.051000
v -0.003587 0.002717 0.051000
v -0.003654 0.002627 0.051000
v -0.003718 0.002535 0.051000
v -0.003780 0.002441 0.051000
v -0.003840 0.002346 0.051000
v -0.003897 0.002250 0.051000
v -0.003952 0.002152 0.051000
v -0.004004 0.002053 0.051000
v -0.004054 0.001952 0.051000
v -0.004102 0.001851 0.051000
v -0.004147 0.001748 0.051000
v -0.004189 0.001644 0.051000
v -0.004229 0.001539 0.051000
v -0.004266 0.001433 0.051000
v -0.004300 0.001326 0.051000
v -0.004332 0.001219 0.051000
v -0.004361 0.001110 0.051000
v -0.004387 0.001001 0.051000
v -0.004411 0.000892 0.051000
v -0.004432 0.000781 0.051000
v -0.004450 0.000671 0.051000
v -0.004465 0.000560 0.051000
v -0.004478 0.000448 0.051000
v -0.004487 0.000336 0.051000
v -0.004494 0.000224 0.051000
v -0.004499 0.000112 0.051000
v -0.004500 -0.000000 0.051000
v -0.004499 -0.000112 0.051000
v -0.004494 -0.000224 0.051000
v -0.004487 -0.000336 0.051000
v -0.004478 -0.000448 0.051000
v -0.004465 -0.000560 0.051000
v -0.004450 -0.000671 0.051000
v -0.004432 -0.000781 0.051000
v -0.004411 -0.000892 0.051000
v -0.004387 -0.001001 0.051000
v -0.004361 -0.001110 0.051000
v -0.004332 -0.001219 0.051000
v -0.004300 -0.001326 0.051000
v -0.004266 -0.001433 0.051000
v -0.004229 -0.001539 0.051000
v -0.004189 -0.001644 0.051000
v -0.004147 -0.001748 0.051000
v -0.004102 -0.001851 0.051000
v -0.004054 -0.001952 0.051000
v -0.004004 -0.002053 0.051000
v -0.003952 -0.002152 0.051000
v -0.003897 -0.002250 0.051000
v -0.003840 -0.002346 0.051000
v -0.003780 -0.002441 0.051000
v -0.003718 -0.002535 0.051000
v -0.003654 -0.002627 0.051000
v -0.003587 -0.002717 0.051000
v -0.003518 -0.002806 0.051000
v -0.003447 -0.002893 0.051000
v -0.003374 -0.002978 0.051000
v -0.003299 -0.003061 0.051000
v -0.003221 -0.003142 0.051000
v -0.003142 -0.003221 0.051000
v -0.003061 -0.003299 0.051000
v -0.002978 -0.003374 0.051000
v -0.002893 -0.003447 0.051000
v -0.002806 -0.003518 0.051000
v -0.002717 -0.003587 0.051000
v -0.002627 -0.003654 0.051000
v -0.002535 -0.003718 0.051000
v -0.002441 -0.003780 0.051000
v -0.002346 -0.003840 0.051000
v -0.002250 -0.003897 0.051000
v -0.002152 -0.003952 0.051000
v -0.002053 -0.004004 0.051000
v -0.001952 -0.004054 0.051000
v -0.001851 -0.004102 0.051000
v -0.001748 -0.004147 0.051000
v -0.001644 -0.004189 0.051000
v -0.001539 -0.004229 0.051000
v -0.001433 -0.004266 0.051000
v -0.001326 -0.004300 0.051000
v -0.001219 -0.004332 0.051000
v -0.001110 -0.004361 0.051000
v -0.001001 -0.004387 0.051000
v -0.000892 -0.004411 0.051000
v -0.000781 -0.004432 0.051000
v -0.000671 -0.004450 0.051000
v -0.000560 -0.004465 0.051000
v -0.000448 -0.004478 0.051000
v -0.000336 -0.004487 0.051000
v -0.000224 -0.004494 0.051000
v -0.000112 -0.004499 0.051000
v 0.000000 -0.004500 0.051000
v 0.000112 -0.004499 0.051000
v 0.000224 -0.004494 0.051000
v 0.000336 -0.004487 0.051000
v 0.000448 -0.004478 0.051000
v 0.000560 -0.004465 0.051000
v 0.000671 -0.004450 0.051000
v 0.000781 -0.004432 0.051000
v 0.000892 -0.004411 0.051000
v 0.001001 -0.004387 0.051000
v 0.001110 -0.004361 0.051000
v 0.001219 -0.004332 0.051000
v 0.001326 -0.004300 0.051000
v 0.001433 -0.004266 0.051000
v 0.001539 -0.004229 0.051000
v 0.001644 -0.004189 0.051000
v 0.001748 -0.004147 0.051000
v 0.001851 -0.004102 0.051000
v 0.001952 -0.004054 0.051000
v 0.002053 -0.004004 0.051000
v 0.002152 -0.003952 0.051000
v 0.002250 -0.003897 0.051000
v 0.002346 -0.003840 0.051000
v 0.002441 -0.003780 0.051000
v 0.002535 -0.003718 0.051000
v 0.002627 -0.003654 0.051000
v 0.002717 -0.003587 0.051000
v 0.002806 -0.003518 0.051000
v 0.002893 -0.003447 0.051000
v 0.002978 -0.003374 0.051000
v 0.003061 -0.003299 0.051000
v 0.003142 -0.003221 0.051000
v 0.003221 -0.003142 0.051000
v 0.003299 -0.003061 0.051000
v 0.003374 -0.002978 0.051000
v 0.003447 -0.002893 0.051000
v 0.003518 -0.002806 0.051000
v 0.003587 -0.002717 0.051000
v 0.003654 -0.002627 0.051000
v 0.003718 -0.002535 0.051000
v 0.003780 -0.002441 0.051000
v 0.003840 -0.002346 0.051000
v 0.003897 -0.002250 0.051000
v 0.003952 -0.002152 0.051000
v 0.004004 -0.002053 0.051000
v 0.004054 -0.001952 0.051000
v 0.004102 -0.001851 0.051000
v 0.004147 -0.001748 0.051000
v 0.004189 -0.001644 0.051000
v 0.004229 -0.001539 0.051000
v 0.004266 -0.001433 0.051000
v 0.004300 -0.001326 0.051000
v 0.004332 -0.001219 0.051000
v 0.004361 -0.001110 0.051000
v 0.004387 -0.001001 0.051000
v 0.004411 -0.000892 0.051000
v 0.004432 -0.000781 0.051000
v 0.004450 -0.000671 0.051000
v 0.004465 -0.000560 0.051000
v 0.004478 -0.000448 0.051000
v 0.004487 -0.000336 0.051000
v 0.004494 -0.000224 0.051000
v 0.004499 -0.000112 0.051000
v -0.008550 -0.001300 0.050750
v -0.008800 -0.001550 0.050750
v -0.008550 -0.001550 0.051000
v -0.005050 -0.006250 0.051000
v -0.005050 -0.004092 0.051000
v -0.004800 -0.006250 0.050750
v -0.004800 -0.004383 0.050750
v -0.005010 -0.004142 0.050960
v -0.004969 -0.004191 0.050919
v -0.004927 -0.004239 0.050877
v -0.004885 -0.004288 0.050835
v -0.004843 -0.004336 0.050793
v -0.008550 -0.001300 -0.050750
v -0.006369 -0.001300 -0.050750
v -0.008550 -0.001300 -0.021250
v -0.006369 -0.001300 -0.021250
v -0.004800 -0.006250 -0.050750
v -0.004800 -0.006250 -0.021250
v -0.004800 -0.004383 -0.050750
v -0.004800 -0.004383 -0.021250
v -0.008550 -0.001550 -0.051000
v -0.006312 -0.001550 -0.051000
v -0.008550 -0.001300 -0.050750
v -0.006369 -0.001300 -0.050750
v -0.006354 -0.001368 -0.050818
v -0.006340 -0.001435 -0.050885
v -0.006326 -0.001493 -0.050943
v -0.005050 -0.004092 0.051000
v -0.004946 -0.004217 0.051000
v -0.004839 -0.004339 0.051000
v -0.004730 -0.004459 0.051000
v -0.004617 -0.004576 0.051000
v -0.004501 -0.004689 0.051000
v -0.004383 -0.004800 0.051000
v -0.004261 -0.004908 0.051000
v -0.004138 -0.005013 0.051000
v -0.004011 -0.005115 0.051000
v -0.003882 -0.005213 0.051000
v -0.003751 -0.005309 0.051000
v -0.003617 -0.005401 0.051000
v -0.003481 -0.005489 0.051000
v -0.003343 -0.005574 0.051000
v -0.003203 -0.005656 0.051000
v -0.003060 -0.005734 0.051000
v -0.002916 -0.005809 0.051000
v -0.002770 -0.005880 0.051000
v -0.002623 -0.005947 0.051000
v -0.002473 -0.006011 0.051000
v -0.002323 -0.006071 0.051000
v -0.002170 -0.006127 0.051000
v -0.002017 -0.006179 0.051000
v -0.001862 -0.006228 0.051000
v -0.001706 -0.006272 0.051000
v -0.001549 -0.006313 0.051000
v -0.001390 -0.006350 0.051000
v -0.001231 -0.006382 0.051000
v -0.001072 -0.006411 0.051000
v -0.000911 -0.006436 0.051000
v -0.000750 -0.006457 0.051000
v -0.000589 -0.006473 0.051000
v -0.000427 -0.006486 0.051000
v -0.000265 -0.006495 0.051000
v -0.000103 -0.006499 0.051000
v 0.000059 -0.006500 0.051000
v 0.000222 -0.006496 0.051000
v 0.000384 -0.006489 0.051000
v 0.000546 -0.006477 0.051000
v 0.000707 -0.006461 0.051000
v 0.000868 -0.006442 0.051000
v 0.001029 -0.006418 0.051000
v 0.001189 -0.006390 0.051000
v 0.001348 -0.006359 0.051000
v 0.001506 -0.006323 0.051000
v 0.001664 -0.006283 0.051000
v 0.001820 -0.006240 0.051000
v 0.001975 -0.006193 0.051000
v 0.002129 -0.006141 0.051000
v 0.002282 -0.006086 0.051000
v 0.002433 -0.006027 0.051000
v 0.002583 -0.005965 0.051000
v 0.002731 -0.005898 0.051000
v 0.002878 -0.005828 0.051000
v 0.003022 -0.005755 0.051000
v 0.003165 -0.005677 0.051000
v 0.003306 -0.005597 0.051000
v 0.003444 -0.005512 0.051000
v 0.003581 -0.005425 0.051000
v 0.003715 -0.005334 0.051000
v 0.003847 -0.005239 0.051000
v 0.003977 -0.005141 0.051000
v 0.004104 -0.005041 0.051000
v 0.004229 -0.004937 0.051000
v 0.004350 -0.004829 0.051000
v 0.004470 -0.004719 0.051000
v 0.004586 -0.004606 0.051000
v 0.004700 -0.004490 0.051000
v 0.004810 -0.004372 0.051000
v 0.004918 -0.004250 0.051000
v 0.005023 -0.004126 0.051000
v 0.005124 -0.003999 0.051000
v 0.005222 -0.003870 0.051000
v 0.005317 -0.003739 0.051000
v 0.005409 -0.003605 0.051000
v 0.005497 -0.003468 0.051000
v 0.005582 -0.003330 0.051000
v 0.005664 -0.003190 0.051000
v 0.005741 -0.003047 0.051000
v 0.005816 -0.002903 0.051000
v 0.005886 -0.002757 0.051000
v 0.005953 -0.002609 0.051000
v 0.006017 -0.002460 0.051000
v 0.006076 -0.002309 0.051000
v 0.006132 -0.002156 0.051000
v 0.006184 -0.002002 0.051000
v 0.006232 -0.001847 0.051000
v 0.006276 -0.001691 0.051000
v 0.006316 -0.001534 0.051000
v 0.006353 -0.001376 0.051000
v 0.006385 -0.001217 0.051000
v 0.006413 -0.001057 0.051000
v 0.006438 -0.000897 0.051000
v 0.006458 -0.000736 0.051000
v 0.006475 -0.000574 0.051000
v 0.006487 -0.000412 0.051000
v 0.006495 -0.000250 0.051000
v 0.006499 -0.000088 0.051000
v 0.006500 0.000074 0.051000
v 0.006496 0.000237 0.051000
v 0.006488 0.000399 0.051000
v 0.006476 0.000561 0.051000
v 0.006460 0.000722 0.051000
v 0.006440 0.000883 0.051000
v 0.006416 0.001044 0.051000
v 0.006388 0.001204 0.051000
v 0.006356 0.001363 0.051000
v 0.006320 0.001521 0.051000
v 0.006280 0.001678 0.051000
v 0.006236 0.001834 0.051000
v 0.006188 0.001990 0.051000
v 0.006136 0.002143 0.051000
v 0.006081 0.002296 0.051000
v 0.006022 0.002447 0.051000
v 0.005959 0.002597 0.051000
v 0.005892 0.002745 0.051000
v 0.005822 0.002891 0.051000
v 0.005748 0.003035 0.051000
v 0.005670 0.003178 0.051000
v 0.005589 0.003319 0.051000
v 0.005504 0.003457 0.051000
v 0.005416 0.003593 0.051000
v 0.005325 0.003728 0.051000
v 0.005230 0.003859 0.051000
v 0.005132 0.003989 0.051000
v 0.005031 0.004116 0.051000
v 0.004927 0.004240 0.051000
v 0.004819 0.004362 0.051000
v 0.004709 0.004481 0.051000
v 0.004596 0.004597 0.051000
v 0.004479 0.004710 0.051000
v 0.004360 0.004820 0.051000
v 0.004239 0.004928 0.051000
v 0.004114 0.005032 0.051000
v 0.003987 0.005133 0.051000
v 0.003858 0.005231 0.051000
v 0.003726 0.005326 0.051000
v 0.003592 0.005417 0.051000
v 0.003456 0.005505 0.051000
v 0.003317 0.005590 0.051000
v 0.003177 0.005671 0.051000
v 0.003034 0.005748 0.051000
v 0.002890 0.005822 0.051000
v 0.002743 0.005893 0.051000
v 0.002595 0.005959 0.051000
v 0.002446 0.006022 0.051000
v 0.002295 0.006082 0.051000
v 0.002142 0.006137 0.051000
v 0.001988 0.006188 0.051000
v 0.001833 0.006236 0.051000
v 0.001677 0.006280 0.051000
v 0.001519 0.006320 0.051000
v 0.001361 0.006356 0.051000
v 0.001202 0.006388 0.051000
v 0.001042 0.006416 0.051000
v 0.000882 0.006440 0.051000
v 0.000721 0.006460 0.051000
v 0.000559 0.006476 0.051000
v 0.000397 0.006488 0.051000
v 0.000235 0.006496 0.051000
v 0.000073 0.006500 0.051000
v -0.000089 0.006499 0.051000
v -0.000252 0.006495 0.051000
v -0.000414 0.006487 0.051000
v -0.000576 0.006474 0.051000
v -0.000737 0.006458 0.051000
v -0.000898 0.006438 0.051000
v -0.001058 0.006413 0.051000
v -0.001218 0.006385 0.051000
v -0.001377 0.006352 0.051000
v -0.001535 0.006316 0.051000
v -0.001693 0.006276 0.051000
v -0.001849 0.006232 0.051000
v -0.002004 0.006183 0.051000
v -0.002158 0.006131 0.051000
v -0.002310 0.006076 0.051000
v -0.002461 0.006016 0.051000
v -0.002610 0.005953 0.051000
v -0.002758 0.005886 0.051000
v -0.002904 0.005815 0.051000
v -0.003049 0.005741 0.051000
v -0.003191 0.005663 0.051000
v -0.003331 0.005581 0.051000
v -0.003470 0.005496 0.051000
v -0.003606 0.005408 0.051000
v -0.003740 0.005316 0.051000
v -0.003871 0.005221 0.051000
v -0.004000 0.005123 0.051000
v -0.004127 0.005022 0.051000
v -0.004251 0.004917 0.051000
v -0.004373 0.004809 0.051000
v -0.004491 0.004699 0.051000
v -0.004607 0.004585 0.051000
v -0.004720 0.004469 0.051000
v -0.004830 0.004349 0.051000
v -0.004938 0.004227 0.051000
v -0.005042 0.004103 0.051000
v -0.005142 0.003976 0.051000
v -0.005240 0.003846 0.051000
v -0.005334 0.003714 0.051000
v -0.005426 0.003580 0.051000
v -0.005513 0.003443 0.051000
v -0.005597 0.003304 0.051000
v -0.005678 0.003164 0.051000
v -0.005755 0.003021 0.051000
v -0.005829 0.002876 0.051000
v -0.005899 0.002730 0.051000
v -0.005965 0.002582 0.051000
v -0.006028 0.002432 0.051000
v -0.006087 0.002281 0.051000
v -0.006142 0.002128 0.051000
v -0.006193 0.001974 0.051000
v -0.006240 0.001819 0.051000
v -0.006284 0.001662 0.051000
v -0.006323 0.001505 0.051000
v -0.006359 0.001347 0.051000
v -0.006391 0.001187 0.051000
v -0.006418 0.001027 0.051000
v -0.006442 0.000867 0.051000
v -0.006462 0.000706 0.051000
v -0.006477 0.000544 0.051000
v -0.006489 0.000382 0.051000
v -0.006496 0.000220 0.051000
v -0.006500 0.000058 0.051000
v -0.006499 -0.000104 0.051000
v -0.006495 -0.000267 0.051000
v -0.006486 -0.000429 0.051000
v -0.006473 -0.000590 0.051000
v -0.006456 -0.000752 0.051000
v -0.006436 -0.000913 0.051000
v -0.006411 -0.001073 0.051000
v -0.006382 -0.001233 0.051000
v -0.006349 -0.001392 0.051000
v -0.006312 -0.001550 0.051000
v -0.006369 -0.001300 0.050750
v -0.006354 -0.001368 0.050818
v -0.006340 -0.001435 0.050885
v -0.006326 -0.001493 0.050943
v -0.006369 -0.001300 0.021250
v -0.006354 -0.001368 0.021182
v -0.006340 -0.001435 0.021115
v -0.006326 -0.001493 0.021057
v -0.006312 -0.001550 0.021000
v -0.006349 -0.001392 0.021000
v -0.006382 -0.001233 0.021000
v -0.006411 -0.001073 0.021000
v -0.006436 -0.000913 0.021000
v -0.006456 -0.000752 0.021000
v -0.006473 -0.000590 0.021000
v -0.006486 -0.000429 0.021000
v -0.006495 -0.000267 0.021000
v -0.006499 -0.000104 0.021000
v -0.006500 0.000058 0.021000
v -0.006496 0.000220 0.021000
v -0.006489 0.000382 0.021000
v -0.006477 0.000544 0.021000
v -0.006462 0.000706 0.021000
v -0.006442 0.000867 0.021000
v -0.006418 0.001027 0.021000
v -0.006391 0.001187 0.021000
v -0.006359 0.001347 0.021000
v -0.006323 0.001505 0.021000
v -0.006284 0.001662 0.021000
v -0.006240 0.001819 0.021000
v -0.006193 0.001974 0.021000
v -0.006142 0.002128 0.021000
v -0.006087 0.002281 0.021000
v -0.006028 0.002432 0.021000
v -0.005965 0.002582 0.021000
v -0.005899 0.002730 0.021000
v -0.005829 0.002876 0.021000
v -0.005755 0.003021 0.021000
v -0.005678 0.003164 0.021000
v -0.005597 0.003304 0.021000
v -0.005513 0.003443 0.021000
v -0.005426 0.003580 0.021000
v -0.005334 0.003714 0.021000
v -0.005240 0.003846 0.021000
v -0.005142 0.003976 0.021000
v -0.005042 0.004103 0.021000
v -0.004938 0.004227 0.021000
v -0.004830 0.004349 0.021000
v -0.004720 0.004469 0.021000
v -0.004607 0.004585 0.021000
v -0.004491 0.004699 0.021000
v -0.004373 0.004809 0.021000
v -0.004251 0.004917 0.021000
v -0.004127 0.005022 0.021000
v -0.004000 0.005123 0.021000
v -0.003871 0.005221 0.021000
v -0.003740 0.005316 0.021000
v -0.003606 0.005408 0.021000
v -0.003470 0.005496 0.021000
v -0.003331 0.005581 0.021000
v -0.003191 0.005663 0.021000
v -0.003049 0.005741 0.021000
v -0.002904 0.005815 0.021000
v -0.002758 0.005886 0.021000
v -0.002610 0.005953 0.021000
v -0.002461 0.006016 0.021000
v -0.002310 0.006076 0.021000
v -0.002158 0.006131 0.021000
v -0.002004 0.006183 0.021000
v -0.001849 0.006232 0.021000
v -0.001693 0.006276 0.021000
v -0.001535 0.006316 0.021000
v -0.001377 0.006352 0.021000
v -0.001218 0.006385 0.021000
v -0.001058 0.006413 0.021000
v -0.000898 0.006438 0.021000
v -0.000737 0.006458 0.021000
v -0.000576 0.006474 0.021000
v -0.000414 0.006487 0.021000
v -0.000252 0.006495 0.021000
v -0.000089 0.006499 0.021000
v 0.000073 0.006500 0.021000
v 0.000235 0.006496 0.021000
v 0.000397 0.006488 0.021000
v 0.000559 0.006476 0.021000
v 0.000721 0.006460 0.021000
v 0.000882 0.006440 0.021000
v 0.001042 0.006416 0.021000
v 0.001202 0.006388 0.021000
v 0.001361 0.006356 0.021000
v 0.001519 0.006320 0.021000
v 0.001677 0.006280 0.021000
v 0.001833 0.006236 0.021000
v 0.001988 0.006188 0.021000
v 0.002142 0.006137 0.021000
v 0.002295 0.006082 0.021000
v 0.002446 0.006022 0.021000
v 0.002595 0.005959 0.021000
v 0.002743 0.005893 0.021000
v 0.002890 0.005822 0.021000
v 0.003034 0.005748 0.021000
v 0.003177 0.005671 0.021000
v 0.003317 0.005590 0.021000
v 0.003456 0.005505 0.021000
v 0.003592 0.005417 0.021000
v 0.003726 0.005326 0.021000
v 0.003858 0.005231 0.021000
v 0.003987 0.005133 0.021000
v 0.004114 0.005032 0.021000
v 0.004239 0.004928 0.021000
v 0.004360 0.004820 0.021000
v 0.004479 0.004710 0.021000
v 0.004596 0.004597 0.021000
v 0.004709 0.004481 0.021000
v 0.004819 0.004362 0.021000
v 0.004927 0.004240 0.021000
v 0.005031 0.004116 0.021000
v 0.005132 0.003989 0.021000
v 0.005230 0.003859 0.021000
v 0.005325 0.003728 0.021000
v 0.005416 0.003593 0.021000
v 0.005504 0.003457 0.021000
v 0.005589 0.003319 0.021000
v 0.005670 0.003178 0.021000
v 0.005748 0.003035 0.021000
v 0.005822 0.002891 0.021000
v 0.005892 0.002745 0.021000
v 0.005959 0.002597 0.021000
v 0.006022 0.002447 0.021000
v 0.006081 0.002296 0.021000
v 0.006136 0.002143 0.021000
v 0.006188 0.001990 0.021000
v 0.006236 0.001834 0.021000
v 0.006280 0.001678 0.021000
v 0.006320 0.001521 0.021000
v 0.006356 0.001363 0.021000
v 0.006388 0.001204 0.021000
v 0.006416 0.001044 0.021000
v 0.006440 0.000883 0.021000
v 0.006460 0.000722 0.021000
v 0.006476 0.000561 0.021000
v 0.006488 0.000399 0.021000
v 0.006496 0.000237 0.021000
v 0.006500 0.000074 0.021000
v 0.006499 -0.000088 0.021000
v 0.006495 -0.000250 0.021000
v 0.006487 -0.000412 0.021000
v 0.006475 -0.000574 0.021000
v 0.006458 -0.000736 0.021000
v 0.006438 -0.000897 0.021000
v 0.006413 -0.001057 0.021000
v 0.006385 -0.001217 0.021000
v 0.006353 -0.001376 0.021000
v 0.006316 -0.001534 0.021000
v 0.006276 -0.001691 0.021000
v 0.006232 -0.001847 0.021000
v 0.006184 -0.002002 0.021000
v 0.006132 -0.002156 0.021000
v 0.006076 -0.002309 0.021000
v 0.006017 -0.002460 0.021000
v 0.005953 -0.002609 0.021000
v 0.005886 -0.002757 0.021000
v 0.005816 -0.002903 0.021000
v 0.005741 -0.003047 0.021000
v 0.005664 -0.003190 0.021000
v 0.005582 -0.003330 0.021000
v 0.005497 -0.003468 0.021000
v 0.005409 -0.003605 0.021000
v 0.005317 -0.003739 0.021000
v 0.005222 -0.003870 0.021000
v 0.005124 -0.003999 0.021000
v 0.005023 -0.004126 0.021000
v 0.004918 -0.004250 0.021000
v 0.004810 -0.004372 0.021000
v 0.004700 -0.004490 0.021000
v 0.004586 -0.004606 0.021000
v 0.004470 -0.004719 0.021000
v 0.004350 -0.004829 0.021000
v 0.004229 -0.004937 0.021000
v 0.004104 -0.005041 0.021000
v 0.003977 -0.005141 0.021000
v 0.003847 -0.005239 0.021000
v 0.003715 -0.005334 0.021000
v 0.003581 -0.005425 0.021000
v 0.003444 -0.005512 0.021000
v 0.003306 -0.005597 0.021000
v 0.003165 -0.005677 0.021000
v 0.003022 -0.005755 0.021000
v 0.002878 -0.005828 0.021000
v 0.002731 -0.005898 0.021000
v 0.002583 -0.005965 0.021000
v 0.002433 -0.006027 0.021000
v 0.002282 -0.006086 0.021000
v 0.002129 -0.006141 0.021000
v 0.001975 -0.006193 0.021000
v 0.001820 -0.006240 0.021000
v 0.001664 -0.006283 0.021000
v 0.001506 -0.006323 0.021000
v 0.001348 -0.006359 0.021000
v 0.001189 -0.006390 0.021000
v 0.001029 -0.006418 0.021000
v 0.000868 -0.006442 0.021000
v 0.000707 -0.006461 0.021000
v 0.000546 -0.006477 0.021000
v 0.000384 -0.006489 0.021000
v 0.000222 -0.006496 0.021000
v 0.000059 -0.006500 0.021000
v -0.000103 -0.006499 0.021000
v -0.000265 -0.006495 0.021000
v -0.000427 -0.006486 0.021000
v -0.000589 -0.006473 0.021000
v -0.000750 -0.006457 0.021000
v -0.000911 -0.006436 0.021000
v -0.001072 -0.006411 0.021000
v -0.001231 -0.006382 0.021000
v -0.001390 -0.006350 0.021000
v -0.001549 -0.006313 0.021000
v -0.001706 -0.006272 0.021000
v -0.001862 -0.006228 0.021000
v -0.002017 -0.006179 0.021000
v -0.002170 -0.006127 0.021000
v -0.002323 -0.006071 0.021000
v -0.002473 -0.006011 0.021000
v -0.002623 -0.005947 0.021000
v -0.002770 -0.005880 0.021000
v -0.002916 -0.005809 0.021000
v -0.003060 -0.005734 0.021000
v -0.003203 -0.005656 0.021000
v -0.003343 -0.005574 0.021000
v -0.003481 -0.005489 0.021000
v -0.003617 -0.005401 0.021000
v -0.003751 -0.005309 0.021000
v -0.003882 -0.005213 0.021000
v -0.004011 -0.005115 0.021000
v -0.004138 -0.005013 0.021000
v -0.004261 -0.004908 0.021000
v -0.004383 -0.004800 0.021000
v -0.004501 -0.004689 0.021000
v -0.004617 -0.004576 0.021000
v -0.004730 -0.004459 0.021000
v -0.004839 -0.004339 0.021000
v -0.004946 -0.004217 0.021000
v -0.005050 -0.004092 0.021000
v -0.005010 -0.004142 0.021040
v -0.004969 -0.004191 0.021081
v -0.004927 -0.004239 0.021123
v -0.004885 -0.004288 0.021165
v -0.004843 -0.004336 0.021207
v -0.004800 -0.004383 0.021250
v -0.004800 -0.004383 0.050750
v -0.005010 -0.004142 0.050960
v -0.004969 -0.004191 0.050919
v -0.004927 -0.004239 0.050877
v -0.004885 -0.004288 0.050835
v -0.004843 -0.004336 0.050793
v -0.004800 -0.006250 0.021250
v -0.004800 -0.006250 0.050750
v -0.004800 -0.004383 0.021250
v -0.004800 -0.004383 0.050750
v -0.008550 -0.001300 0.021250
v -0.006369 -0.001300 0.021250
v -0.008550 -0.001300 0.050750
v -0.006369 -0.001300 0.050750
v -0.008550 -0.001300 0.050750
v -0.008550 -0.001550 0.051000
v -0.006369 -0.001300 0.050750
v -0.006354 -0.001368 0.050818
v -0.006340 -0.001435 0.050885
v -0.006326 -0.001493 0.050943
v -0.006312 -0.001550 0.051000
v 0.004500 -0.000000 0.021000
v 0.004500 -0.000000 0.051000
v 0.004499 0.000112 0.051000
v 0.004494 0.000224 0.051000
v 0.004487 0.000336 0.051000
v 0.004478 0.000448 0.051000
v 0.004465 0.000560 0.051000
v 0.004450 0.000671 0.051000
v 0.004432 0.000781 0.051000
v 0.004411 0.000892 0.051000
v 0.004387 0.001001 0.051000
v 0.004361 0.001110 0.051000
v 0.004332 0.001219 0.051000
v 0.004300 0.001326 0.051000
v 0.004266 0.001433 0.051000
v 0.004229 0.001539 0.051000
v 0.004189 0.001644 0.051000
v 0.004147 0.001748 0.051000
v 0.004102 0.001851 0.051000
v 0.004054 0.001952 0.051000
v 0.004004 0.002053 0.051000
v 0.003952 0.002152 0.051000
v 0.003897 0.002250 0.051000
v 0.003840 0.002346 0.051000
v 0.003780 0.002441 0.051000
v 0.003718 0.002535 0.051000
v 0.003654 0.002627 0.051000
v 0.003587 0.002717 0.051000
v 0.003518 0.002806 0.051000
v 0.003447 0.002893 0.051000
v 0.003374 0.002978 0.051000
v 0.003299 0.003061 0.051000
v 0.003221 0.003142 0.051000
v 0.003142 0.003221 0.051000
v 0.003061 0.003299 0.051000
v 0.002978 0.003374 0.051000
v 0.002893 0.003447 0.051000
v 0.002806 0.003518 0.051000
v 0.002717 0.003587 0.051000
v 0.002627 0.003654 0.051000
v 0.002535 0.003718 0.051000
v 0.002441 0.003780 0.051000
v 0.002346 0.003840 0.051000
v 0.002250 0.003897 0.051000
v 0.002152 0.003952 0.051000
v 0.002053 0.004004 0.051000
v 0.001952 0.004054 0.051000
v 0.001851 0.004102 0.051000
v 0.001748 0.004147 0.051000
v 0.001644 0.004189 0.051000
v 0.001539 0.004229 0.051000
v 0.001433 0.004266 0.051000
v 0.001326 0.004300 0.051000
v 0.001219 0.004332 0.051000
v 0.001110 0.004361 0.051000
v 0.001001 0.004387 0.051000
v 0.000892 0.004411 0.051000
v 0.000781 0.004432 0.051000
v 0.000671 0.004450 0.051000
v 0.000560 0.004465 0.051000
v 0.000448 0.004478 0.051000
v 0.000336 0.004487 0.051000
v 0.000224 0.004494 0.051000
v 0.000112 0.004499 0.051000
v 0.000000 0.004500 0.051000
v -0.000112 0.004499 0.051000
v -0.000224 0.004494 0.051000
v -0.000336 0.004487 0.051000
v -0.000448 0.004478 0.051000
v -0.000560 0.004465 0.051000
v -0.000671 0.004450 0.051000
v -0.000781 0.004432 0.051000
v -0.000892 0.004411 0.051000
v -0.001001 0.004387 0.051000
v -0.001110 0.004361 0.051000
v -0.001219 0.004332 0.051000
v -0.001326 0.004300 0.051000
v -0.001433 0.004266 0.051000
v -0.001539 0.004229 0.051000
v -0.001644 0.004189 0.051000
v -0.001748 0.004147 0.051000
v -0.001851 0.004102 0.051000
v -0.001952 0.004054 0.051000
v -0.002053 0.004004 0.051000
v -0.002152 0.003952 0.051000
v -0.002250 0.003897 0.051000
v -0.002346 0.003840 0.051000
v -0.002441 0.003780 0.051000
v -0.002535 0.003718 0.051000
v -0.002627 0.003654 0.051000
v -0.002717 0.003587 0.051000
v -0.002806 0.003518 0.051000
v -0.002893 0.003447 0.051000
v -0.002978 0.003374 0.051000
v -0.003061 0.003299 0.051000
v -0.003142 0.003221 0.051000
v -0.003221 0.003142 0.051000
v -0.003299 0.003061 0.051000
v -0.003374 0.002978 0.051000
v -0.003447 0.002893 0.051000
v -0.003518 0.002806 0.051000
v -0.003587 0.002717 0.051000
v -0.003654 0.002627 0.051000
v -0.003718 0.002535 0.051000
v -0.003780 0.002441 0.051000
v -0.003840 0.002346 0.051000
v -0.003897 0.002250 0.051000
v -0.003952 0.002152 0.051000
v -0.004004 0.002053 0.051000
v -0.004054 0.001952 0.051000
v -0.004102 0.001851 0.051000
v -0.004147 0.001748 0.051000
v -0.004189 0.001644 0.051000
v -0.004229 0.001539 0.051000
v -0.004266 0.001433 0.051000
v -0.004300 0.001326 0.051000
v -0.004332 0.001219 0.051000
v -0.004361 0.001110 0.051000
v -0.004387 0.001001 0.051000
v -0.004411 0.000892 0.051000
v -0.004432 0.000781 0.051000
v -0.004450 0.000671 0.051000
v -0.004465 0.000560 0.051000
v -0.004478 0.000448 0.051000
v -0.004487 0.000336 0.051000
v -0.004494 0.000224 0.051000
v -0.004499 0.000112 0.051000
v -0.004500 -0.000000 0.051000
v -0.004499 -0.000112 0.051000
v -0.004494 -0.000224 0.051000
v -0.004487 -0.000336 0.051000
v -0.004478 -0.000448 0.051000
v -0.004465 -0.000560 0.051000
v -0.004450 -0.000671 0.051000
v -0.004432 -0.000781 0.051000
v -0.004411 -0.000892 0.051000
v -0.004387 -0.001001 0.051000
v -0.004361 -0.001110 0.051000
v -0.004332 -0.001219 0.051000
v -0.004300 -0.001326 0.051000
v -0.004266 -0.001433 0.051000
v -0.004229 -0.001539 0.051000
v -0.004189 -0.001644 0.051000
v -0.004147 -0.001748 0.051000
v -0.004102 -0.001851 0.051000
v -0.004054 -0.001952 0.051000
v -0.004004 -0.002053 0.051000
v -0.003952 -0.002152 0.051000
v -0.003897 -0.002250 0.051000
v -0.003840 -0.002346 0.051000
v -0.003780 -0.002441 0.051000
v -0.003718 -0.002535 0.051000
v -0.003654 -0.002627 0.051000
v -0.003587 -0.002717 0.051000
v -0.003518 -0.002806 0.051000
v -0.003447 -0.002893 0.051000
v -0.003374 -0.002978 0.051000
v -0.003299 -0.003061 0.051000
v -0.003221 -0.003142 0.051000
v -0.003142 -0.003221 0.051000
v -0.003061 -0.003299 0.051000
v -0.002978 -0.003374 0.051000
v -0.002893 -0.003447 0.051000
v -0.002806 -0.003518 0.051000
v -0.002717 -0.003587 0.051000
v -0.002627 -0.003654 0.051000
v -0.002535 -0.003718 0.051000
v -0.002441 -0.003780 0.051000
v -0.002346 -0.003840 0.051000
v -0.002250 -0.003897 0.051000
v -0.002152 -0.003952 0.051000
v -0.002053 -0.004004 0.051000
v -0.001952 -0.004054 0.051000
v -0.001851 -0.004102 0.051000
v -0.001748 -0.004147 0.051000
v -0.001644 -0.004189 0.051000
v -0.001539 -0.004229 0.051000
v -0.001433 -0.004266 0.051000
v -0.001326 -0.004300 0.051000
v -0.001219 -0.004332 0.051000
v -0.001110 -0.004361 0.051000
v -0.001001 -0.004387 0.051000
v -0.000892 -0.004411 0.051000
v -0.000781 -0.004432 0.051000
v -0.000671 -0.004450 0.051000
v -0.000560 -0.004465 0.051000
v -0.000448 -0.004478 0.051000
v -0.000336 -0.004487 0.051000
v -0.000224 -0.004494 0.051000
v -0.000112 -0.004499 0.051000
v 0.000000 -0.004500 0.051000
v 0.000112 -0.004499 0.051000
v 0.000224 -0.004494 0.051000
v 0.000336 -0.004487 0.051000
v 0.000448 -0.004478 0.051000
v 0.000560 -0.004465 0.051000
v 0.000671 -0.004450 0.051000
v 0.000781 -0.004432 0.051000
v 0.000892 -0.004411 0.051000
v 0.001001 -0.004387 0.051000
v 0.001110 -0.004361 0.051000
v 0.001219 -0.004332 0.051000
v 0.001326 -0.004300 0.051000
v 0.001433 -0.004266 0.051000
v 0.001539 -0.004229 0.051000
v 0.001644 -0.004189 0.051000
v 0.001748 -0.004147 0.051000
v 0.001851 -0.004102 0.051000
v 0.001952 -0.004054 0.051000
v 0.002053 -0.004004 0.051000
v 0.002152 -0.003952 0.051000
v 0.002250 -0.003897 0.051000
v 0.002346 -0.003840 0.051000
v 0.002441 -0.003780 0.051000
v 0.002535 -0.003718 0.051000
v 0.002627 -0.003654 0.051000
v 0.002717 -0.003587 0.051000
v 0.002806 -0.003518 0.051000
v 0.002893 -0.003447 0.051000
v 0.002978 -0.003374 0.051000
v 0.003061 -0.003299 0.051000
v 0.003142 -0.003221 0.051000
v 0.003221 -0.003142 0.051000
v 0.003299 -0.003061 0.051000
v 0.003374 -0.002978 0.051000
v 0.003447 -0.002893 0.051000
v 0.003518 -0.002806 0.051000
v 0.003587 -0.002717 0.051000
v 0.003654 -0.002627 0.051000
v 0.003718 -0.002535 0.051000
v 0.003780 -0.002441 0.051000
v 0.003840 -0.002346 0.051000
v 0.003897 -0.002250 0.051000
v 0.003952 -0.002152 0.051000
v 0.004004 -0.002053 0.051000
v 0.004054 -0.001952 0.051000
v 0.004102 -0.001851 0.051000
v 0.004147 -0.001748 0.051000
v 0.004189 -0.001644 0.051000
v 0.004229 -0.001539 0.051000
v 0.004266 -0.001433 0.051000
v 0.004300 -0.001326 0.051000
v 0.004332 -0.001219 0.051000
v 0.004361 -0.001110 0.051000
v 0.004387 -0.001001 0.051000
v 0.004411 -0.000892 0.051000
v 0.004432 -0.000781 0.051000
v 0.004450 -0.000671 0.051000
v 0.004465 -0.000560 0.051000
v 0.004478 -0.000448 0.051000
v 0.004487 -0.000336 0.051000
v 0.004494 -0.000224 0.051000
v 0.004499 -0.000112 0.051000
v 0.004500 -0.000000 0.051000
v 0.004500 -0.000000 0.021000
v 0.004499 0.000112 0.021000
v 0.004494 0.000224 0.021000
v 0.004487 0.000336 0.021000
v 0.004478 0.000448 0.021000
v 0.004465 0.000560 0.021000
v 0.004450 0.000671 0.021000
v 0.004432 0.000781 0.021000
v 0.004411 0.000892 0.021000
v 0.004387 0.001001 0.021000
v 0.004361 0.001110 0.021000
v 0.004332 0.001219 0.021000
v 0.004300 0.001326 0.021000
v 0.004266 0.001433 0.021000
v 0.004229 0.001539 0.021000
v 0.004189 0.001644 0.021000
v 0.004147 0.001748 0.021000
v 0.004102 0.001851 0.021000
v 0.004054 0.001952 0.021000
v 0.004004 0.002053 0.021000
v 0.003952 0.002152 0.021000
v 0.003897 0.002250 0.021000
v 0.003840 0.002346 0.021000
v 0.003780 0.002441 0.021000
v 0.003718 0.002535 0.021000
v 0.003654 0.002627 0.021000
v 0.003587 0.002717 0.021000
v 0.003518 0.002806 0.021000
v 0.003447 0.002893 0.021000
v 0.003374 0.002978 0.021000
v 0.003299 0.003061 0.021000
v 0.003221 0.003142 0.021000
v 0.003142 0.003221 0.021000
v 0.003061 0.003299 0.021000
v 0.002978 0.003374 0.021000
v 0.002893 0.003447 0.021000
v 0.002806 0.003518 0.021000
v 0.002717 0.003587 0.021000
v 0.002627 0.003654 0.021000
v 0.002535 0.003718 0.021000
v 0.002441 0.003780 0.021000
v 0.002346 0.003840 0.021000
v 0.002250 0.003897 0.021000
v 0.002152 0.003952 0.021000
v 0.002053 0.004004 0.021000
v 0.001952 0.004054 0.021000
v 0.001851 0.004102 0.021000
v 0.001748 0.004147 0.021000
v 0.001644 0.004189 0.021000
v 0.001539 0.004229 0.021000
v 0.001433 0.004266 0.021000
v 0.001326 0.004300 0.021000
v 0.001219 0.004332 0.021000
v 0.001110 0.004361 0.021000
v 0.001001 0.004387 0.021000
v 0.000892 0.004411 0.021000
v 0.000781 0.004432 0.021000
v 0.000671 0.004450 0.021000
v 0.000560 0.004465 0.021000
v 0.000448 0.004478 0.021000
v 0.000336 0.004487 0.021000
v 0.000224 0.004494 0.021000
v 0.000112 0.004499 0.021000
v 0.000000 0.004500 0.021000
v -0.000112 0.004499 0.021000
v -0.000224 0.004494 0.021000
v -0.000336 0.004487 0.021000
v -0.000448 0.004478 0.021000
v -0.000560 0.004465 0.021000
v -0.000671 0.004450 0.021000
v -0.000781 0.004432 0.021000
v -0.000892 0.004411 0.021000
v -0.001001 0.004387 0.021000
v -0.001110 0.004361 0.021000
v -0.001219 0.004332 0.021000
v -0.001326 0.004300 0.021000
v -0.001433 0.004266 0.021000
v -0.001539 0.004229 0.021000
v -0.001644 0.004189 0.021000
v -0.001748 0.004147 0.021000
v -0.001851 0.004102 0.021000
v -0.001952 0.004054 0.021000
v -0.002053 0.004004 0.021000
v -0.002152 0.003952 0.021000
v -0.002250 0.003897 0.021000
v -0.002346 0.003840 0.021000
v -0.002441 0.003780 0.021000
v -0.002535 0.003718 0.021000
v -0.002627 0.003654 0.021000
v -0.002717 0.003587 0.021000
v -0.002806 0.003518 0.021000
v -0.002893 0.003447 0.021000
v -0.002978 0.003374 0.021000
v -0.003061 0.003299 0.021000
v -0.003142 0.003221 0.021000
v -0.003221 0.003142 0.021000
v -0.003299 0.003061 0.021000
v -0.003374 0.002978 0.021000
v -0.003447 0.002893 0.021000
v -0.003518 0.002806 0.021000
v -0.003587 0.002717 0.021000
v -0.003654 0.002627 0.021000
v -0.003718 0.002535 0.021000
v -0.003780 0.002441 0.021000
v -0.003840 0.002346 0.021000
v -0.003897 0.002250 0.021000
v -0.003952 0.002152 0.021000
v -0.004004 0.002053 0.021000
v -0.004054 0.001952 0.021000
v -0.004102 0.001851 0.021000
v -0.004147 0.001748 0.021000
v -0.004189 0.001644 0.021000
v -0.004229 0.001539 0.021000
v -0.004266 0.001433 0.021000
v -0.004300 0.001326 0.021000
v -0.004332 0.001219 0.021000
v -0.004361 0.001110 0.021000
v -0.004387 0.001001 0.021000
v -0.004411 0.000892 0.021000
v -0.004432 0.000781 0.021000
v -0.004450 0.000671 0.021000
v -0.004465 0.000560 0.021000
v -0.004478 0.000448 0.021000
v -0.004487 0.000336 0.021000
v -0.004494 0.000224 0.021000
v -0.004499 0.000112 0.021000
v -0.004500 -0.000000 0.021000
v -0.004499 -0.000112 0.021000
v -0.004494 -0.000224 0.021000
v -0.004487 -0.000336 0.021000
v -0.004478 -0.000448 0.021000
v -0.004465 -0.000560 0.021000
v -0.004450 -0.000671 0.021000
v -0.004432 -0.000781 0.021000
v -0.004411 -0.000892 0.021000
v -0.004387 -0.001001 0.021000
v -0.004361 -0.001110 0.021000
v -0.004332 -0.001219 0.021000
v -0.004300 -0.001326 0.021000
v -0.004266 -0.001433 0.021000
v -0.004229 -0.001539 0.021000
v -0.004189 -0.001644 0.021000
v -0.004147 -0.001748 0.021000
v -0.004102 -0.001851 0.021000
v -0.004054 -0.001952 0.021000
v -0.004004 -0.002053 0.021000
v -0.003952 -0.002152 0.021000
v -0.003897 -0.002250 0.021000
v -0.003840 -0.002346 0.021000
v -0.003780 -0.002441 0.021000
v -0.003718 -0.002535 0.021000
v -0.003654 -0.002627 0.021000
v -0.003587 -0.002717 0.021000
v -0.003518 -0.002806 0.021000
v -0.003447 -0.002893 0.021000
v -0.003374 -0.002978 0.021000
v -0.003299 -0.003061 0.021000
v -0.003221 -0.003142 0.021000
v -0.003142 -0.003221 0.021000
v -0.003061 -0.003299 0.021000
v -0.002978 -0.003374 0.021000
v -0.002893 -0.003447 0.021000
v -0.002806 -0.003518 0.021000
v -0.002717 -0.003587 0.021000
v -0.002627 -0.003654 0.021000
v -0.002535 -0.003718 0.021000
v -0.002441 -0.003780 0.021000
v -0.002346 -0.003840 0.021000
v -0.002250 -0.003897 0.021000
v -0.002152 -0.003952 0.021000
v -0.002053 -0.004004 0.021000
v -0.001952 -0.004054 0.021000
v -0.001851 -0.004102 0.021000
v -0.001748 -0.004147 0.021000
v -0.001644 -0.004189 0.021000
v -0.001539 -0.004229 0.021000
v -0.001433 -0.004266 0.021000
v -0.001326 -0.004300 0.021000
v -0.001219 -0.004332 0.021000
v -0.001110 -0.004361 0.021000
v -0.001001 -0.004387 0.021000
v -0.000892 -0.004411 0.021000
v -0.000781 -0.004432 0.021000
v -0.000671 -0.004450 0.021000
v -0.000560 -0.004465 0.021000
v -0.000448 -0.004478 0.021000
v -0.000336 -0.004487 0.021000
v -0.000224 -0.004494 0.021000
v -0.000112 -0.004499 0.021000
v 0.000000 -0.004500 0.021000
v 0.000112 -0.004499 0.021000
v 0.000224 -0.004494 0.021000
v 0.000336 -0.004487 0.021000
v 0.000448 -0.004478 0.021000
v 0.000560 -0.004465 0.021000
v 0.000671 -0.004450 0.021000
v 0.000781 -0.004432 0.021000
v 0.000892 -0.004411 0.021000
v 0.001001 -0.004387 0.021000
v 0.001110 -0.004361 0.021000
v 0.001219 -0.004332 0.021000
v 0.001326 -0.004300 0.021000
v 0.001433 -0.004266 0.021000
v 0.001539 -0.004229 0.021000
v 0.001644 -0.004189 0.021000
v 0.001748 -0.004147 0.021000
v 0.001851 -0.004102 0.021000
v 0.001952 -0.004054 0.021000
v 0.002053 -0.004004 0.021000
v 0.002152 -0.003952 0.021000
v 0.002250 -0.003897 0.021000
v 0.002346 -0.003840 0.021000
v 0.002441 -0.003780 0.021000
v 0.002535 -0.003718 0.021000
v 0.002627 -0.003654 0.021000
v 0.002717 -0.003587 0.021000
v 0.002806 -0.003518 0.021000
v 0.002893 -0.003447 0.021000
v 0.002978 -0.003374 0.021000
v 0.003061 -0.003299 0.021000
v 0.003142 -0.003221 0.021000
v 0.003221 -0.003142 0.021000
v 0.003299 -0.003061 0.021000
v 0.003374 -0.002978 0.021000
v 0.003447 -0.002893 0.021000
v 0.003518 -0.002806 0.021000
v 0.003587 -0.002717 0.021000
v 0.003654 -0.002627 0.021000
v 0.003718 -0.002535 0.021000
v 0.003780 -0.002441 0.021000
v 0.003840 -0.002346 0.021000
v 0.003897 -0.002250 0.021000
v 0.003952 -0.002152 0.021000
v 0.004004 -0.002053 0.021000
v 0.004054 -0.001952 0.021000
v 0.004102 -0.001851 0.021000
v 0.004147 -0.001748 0.021000
v 0.004189 -0.001644 0.021000
v 0.004229 -0.001539 0.021000
v 0.004266 -0.001433 0.021000
v 0.004300 -0.001326 0.021000
v 0.004332 -0.001219 0.021000
v 0.004361 -0.001110 0.021000
v 0.004387 -0.001001 0.021000
v 0.004411 -0.000892 0.021000
v 0.004432 -0.000781 0.021000
v 0.004450 -0.000671 0.021000
v 0.004465 -0.000560 0.021000
v 0.004478 -0.000448 0.021000
v 0.004487 -0.000336 0.021000
v 0.004494 -0.000224 0.021000
v 0.004499 -0.000112 0.021000
f 2 3 1
f 2 4 3
f 7 6 5
f 7 5 8
f 12 9 10
f 12 10 11
f 16 14 13
f 16 15 14
f 19 17 18
f 19 20 17
f 23 22 21
f 26 24 25
f 29 28 27
f 29 27 30
f 34 31 32
f 34 33 31
f 37 35 36
f 41 39 38
f 41 38 40
f 44 42 43
f 54 46 45
f 49 45 47
f 49 54 45
f 50 53 54
f 50 54 49
f 51 52 53
f 51 53 50
f 48 49 47
f 58 56 55
f 58 57 56
f 62 59 60
f 62 60 61
f 65 63 64
f 65 66 63
f 71 67 69
f 71 69 70
f 72 67 71
f 68 73 74
f 68 67 73
f 73 67 72
f 78 77 76
f 79 76 75
f 79 78 76
f 80 79 75
f 84 81 82
f 84 83 81
f 85 84 82
f 88 87 86
f 88 86 82
f 86 85 82
f 92 90 91
f 93 89 90
f 93 90 92
f 94 89 93
f 96 95 97
f 98 97 95
f 99 98 95
f 101 102 100
f 101 103 102
f 108 105 104
f 108 104 106
f 342 105 108
f 500 111 112
f 501 112 113
f 501 500 112
f 499 110 111
f 499 111 500
f 502 113 114
f 270 407 406
f 502 501 113
f 270 271 407
f 206 594 205
f 498 109 110
f 498 110 499
f 503 114 115
f 206 343 594
f 269 270 406
f 503 502 114
f 497 109 498
f 497 108 109
f 269 406 405
f 207 344 343
f 504 503 115
f 504 115 116
f 207 343 206
f 268 269 405
f 496 108 497
f 268 405 404
f 208 345 344
f 505 504 116
f 505 116 117
f 208 344 207
f 267 268 404
f 495 108 496
f 267 404 403
f 209 346 345
f 209 345 208
f 506 117 118
f 266 267 403
f 506 505 117
f 494 108 495
f 266 403 402
f 210 347 346
f 210 346 209
f 507 118 119
f 265 266 402
f 507 506 118
f 265 402 401
f 211 348 347
f 493 108 494
f 508 119 120
f 211 347 210
f 264 265 401
f 508 507 119
f 264 401 400
f 212 349 348
f 492 108 493
f 509 120 121
f 212 348 211
f 263 264 400
f 509 508 120
f 263 400 399
f 213 350 349
f 491 108 492
f 213 349 212
f 262 263 399
f 510 121 122
f 510 509 121
f 262 399 398
f 214 351 350
f 214 350 213
f 490 108 491
f 261 262 398
f 511 510 122
f 511 122 123
f 261 398 397
f 215 352 351
f 215 351 214
f 260 261 397
f 489 108 490
f 260 397 396
f 216 353 352
f 216 352 215
f 512 123 124
f 259 260 396
f 259 396 395
f 217 354 353
f 512 511 123
f 217 353 216
f 488 108 489
f 258 259 395
f 258 395 394
f 218 355 354
f 513 124 125
f 218 354 217
f 257 258 394
f 257 394 393
f 513 512 124
f 219 356 355
f 219 355 218
f 487 108 488
f 487 342 108
f 256 393 392
f 256 257 393
f 220 357 356
f 514 513 125
f 514 125 126
f 220 356 219
f 255 392 391
f 255 256 392
f 221 357 220
f 221 358 357
f 486 342 487
f 254 391 390
f 254 255 391
f 222 358 221
f 222 359 358
f 515 126 127
f 515 514 126
f 253 390 389
f 253 254 390
f 223 360 359
f 485 342 486
f 223 359 222
f 252 253 389
f 252 389 388
f 224 361 360
f 224 360 223
f 251 252 388
f 251 388 387
f 516 515 127
f 516 127 128
f 225 361 224
f 225 362 361
f 250 251 387
f 250 387 386
f 226 362 225
f 226 363 362
f 249 250 386
f 484 342 485
f 249 386 385
f 227 363 226
f 227 364 363
f 248 249 385
f 517 516 128
f 517 128 129
f 248 385 384
f 228 364 227
f 228 365 364
f 247 248 384
f 247 384 383
f 229 365 228
f 229 366 365
f 246 247 383
f 246 383 382
f 483 342 484
f 230 367 366
f 230 366 229
f 245 246 382
f 245 382 381
f 231 367 230
f 231 368 367
f 518 129 130
f 244 245 381
f 244 381 380
f 232 368 231
f 232 369 368
f 243 244 380
f 518 517 129
f 243 380 379
f 233 369 232
f 233 370 369
f 242 243 379
f 242 379 378
f 234 370 233
f 234 371 370
f 241 242 378
f 241 378 377
f 235 371 234
f 235 372 371
f 240 241 377
f 240 377 376
f 236 372 235
f 236 373 372
f 482 342 483
f 239 240 376
f 239 376 375
f 237 373 236
f 237 374 373
f 238 239 375
f 238 374 237
f 238 375 374
f 107 108 106
f 519 130 131
f 519 518 130
f 481 342 482
f 520 131 132
f 520 519 131
f 480 342 481
f 521 132 133
f 521 520 132
f 479 342 480
f 522 133 134
f 522 521 133
f 478 342 479
f 478 341 342
f 523 134 135
f 523 522 134
f 477 340 341
f 477 341 478
f 524 135 136
f 524 523 135
f 476 340 477
f 476 339 340
f 525 136 137
f 525 524 136
f 475 338 339
f 475 339 476
f 526 137 138
f 526 525 137
f 474 337 338
f 474 338 475
f 527 138 139
f 527 526 138
f 473 336 337
f 473 337 474
f 528 527 139
f 528 139 140
f 472 336 473
f 472 335 336
f 529 528 140
f 529 140 141
f 471 335 472
f 471 334 335
f 530 141 142
f 530 529 141
f 470 333 334
f 470 334 471
f 531 530 142
f 531 142 143
f 469 332 333
f 469 333 470
f 532 143 144
f 532 531 143
f 468 332 469
f 468 331 332
f 533 532 144
f 533 144 145
f 467 330 331
f 467 331 468
f 534 533 145
f 534 145 146
f 466 329 330
f 466 330 467
f 535 146 147
f 535 534 146
f 465 328 329
f 465 329 466
f 536 147 148
f 536 535 147
f 464 327 328
f 464 328 465
f 537 536 148
f 537 148 149
f 463 326 327
f 463 327 464
f 538 149 150
f 538 537 149
f 462 325 326
f 462 326 463
f 539 150 151
f 539 538 150
f 461 324 325
f 461 325 462
f 540 151 152
f 540 539 151
f 460 323 324
f 460 324 461
f 541 540 152
f 541 152 153
f 459 322 323
f 459 323 460
f 542 541 153
f 542 153 154
f 458 322 459
f 458 321 322
f 543 542 154
f 543 154 155
f 457 321 458
f 457 320 321
f 544 155 156
f 544 543 155
f 456 320 457
f 456 319 320
f 545 544 156
f 545 156 157
f 455 319 456
f 455 318 319
f 546 157 158
f 546 545 157
f 454 317 318
f 454 318 455
f 547 546 158
f 547 158 159
f 453 316 317
f 453 317 454
f 548 547 159
f 548 159 160
f 452 315 316
f 452 316 453
f 549 160 161
f 549 548 160
f 451 314 315
f 451 315 452
f 550 549 161
f 550 161 162
f 450 313 314
f 450 314 451
f 551 162 163
f 551 550 162
f 449 312 313
f 449 313 450
f 552 163 164
f 552 551 163
f 448 311 312
f 448 312 449
f 553 164 165
f 553 552 164
f 447 310 311
f 447 311 448
f 554 165 166
f 554 553 165
f 446 309 310
f 446 310 447
f 555 166 167
f 555 554 166
f 445 308 309
f 445 309 446
f 556 167 168
f 556 555 167
f 444 307 308
f 444 308 445
f 557 168 169
f 557 556 168
f 443 306 307
f 443 307 444
f 558 169 170
f 558 557 169
f 442 305 306
f 442 306 443
f 559 170 171
f 559 558 170
f 441 304 305
f 441 305 442
f 560 171 172
f 560 559 171
f 440 303 304
f 440 304 441
f 561 172 173
f 561 560 172
f 439 302 303
f 439 303 440
f 562 173 174
f 562 561 173
f 438 302 439
f 563 562 174
f 301 302 438
f 175 563 174
f 437 301 438
f 564 563 175
f 300 301 437
f 176 564 175
f 436 300 437
f 565 564 176
f 299 436 435
f 299 300 436
f 177 566 565
f 177 565 176
f 298 435 434
f 298 299 435
f 178 567 566
f 178 566 177
f 297 434 433
f 297 298 434
f 179 568 567
f 179 567 178
f 296 297 433
f 296 433 432
f 180 569 568
f 180 568 179
f 295 296 432
f 295 432 431
f 181 569 180
f 181 570 569
f 294 431 430
f 294 295 431
f 182 570 181
f 182 571 570
f 293 430 429
f 293 294 430
f 183 571 182
f 183 572 571
f 292 429 428
f 292 293 429
f 184 572 183
f 184 573 572
f 291 428 427
f 291 292 428
f 185 573 184
f 185 574 573
f 290 427 426
f 290 291 427
f 186 574 185
f 186 575 574
f 289 426 425
f 289 290 426
f 187 575 186
f 187 576 575
f 288 425 424
f 288 289 425
f 188 577 576
f 188 576 187
f 287 424 423
f 287 288 424
f 189 578 577
f 189 577 188
f 286 423 422
f 286 287 423
f 190 579 578
f 190 578 189
f 285 286 422
f 285 422 421
f 191 580 579
f 191 579 190
f 284 421 420
f 284 285 421
f 192 580 191
f 192 581 580
f 283 420 419
f 283 284 420
f 193 581 192
f 193 582 581
f 282 419 418
f 282 283 419
f 194 583 582
f 194 582 193
f 281 418 417
f 281 282 418
f 195 583 194
f 195 584 583
f 280 417 416
f 280 281 417
f 196 584 195
f 196 585 584
f 279 416 415
f 279 280 416
f 197 585 196
f 197 586 585
f 278 415 414
f 278 279 415
f 198 586 197
f 198 587 586
f 277 414 413
f 277 278 414
f 199 588 587
f 199 587 198
f 276 413 412
f 276 277 413
f 200 588 199
f 200 589 588
f 275 412 411
f 275 276 412
f 201 589 200
f 201 590 589
f 274 411 410
f 274 275 411
f 202 590 201
f 202 591 590
f 273 410 409
f 273 274 410
f 203 591 202
f 203 592 591
f 272 409 408
f 272 273 409
f 204 592 203
f 204 593 592
f 271 408 407
f 271 272 408
f 205 593 204
f 205 594 593
f 606 595 596
f 599 606 605
f 599 605 600
f 601 605 604
f 601 600 605
f 602 604 603
f 602 601 604
f 597 595 606
f 597 606 599
f 598 597 599
f 611 607 608
f 611 609 607
f 612 611 608
f 684 909 910
f 684 910 683
f 748 749 1097
f 748 1097 846
f 1003 842 843
f 685 908 909
f 685 909 684
f 747 846 847
f 1004 841 842
f 747 748 846
f 686 908 685
f 1004 842 1003
f 1002 843 844
f 1002 1003 843
f 686 907 908
f 746 747 847
f 746 847 848
f 1005 840 841
f 1005 841 1004
f 687 907 686
f 1001 844 845
f 1001 1002 844
f 687 906 907
f 745 746 848
f 745 848 849
f 1006 839 840
f 1006 840 1005
f 1000 1001 845
f 1000 845 611
f 688 906 687
f 688 905 906
f 744 849 850
f 744 745 849
f 1007 838 839
f 1007 839 1006
f 999 1000 611
f 689 905 688
f 1008 837 838
f 1008 838 1007
f 689 904 905
f 743 850 851
f 743 744 850
f 998 999 611
f 690 904 689
f 1009 837 1008
f 1009 836 837
f 690 903 904
f 742 851 852
f 997 998 611
f 742 743 851
f 691 903 690
f 1010 836 1009
f 1010 835 836
f 691 902 903
f 741 852 853
f 996 997 611
f 741 742 852
f 692 902 691
f 692 901 902
f 740 853 854
f 1011 834 835
f 1011 835 1010
f 740 741 853
f 693 901 692
f 995 996 611
f 693 900 901
f 739 854 855
f 739 740 854
f 1012 833 834
f 1012 834 1011
f 694 900 693
f 694 899 900
f 738 855 856
f 994 995 611
f 738 739 855
f 695 899 694
f 1013 832 833
f 1013 833 1012
f 695 898 899
f 737 856 857
f 993 994 611
f 737 738 856
f 696 898 695
f 1014 832 1013
f 696 897 898
f 736 857 858
f 736 737 857
f 1014 831 832
f 697 897 696
f 697 896 897
f 735 858 859
f 992 993 611
f 735 736 858
f 698 895 896
f 698 896 697
f 734 859 860
f 734 735 859
f 1015 830 831
f 1015 831 1014
f 699 895 698
f 699 894 895
f 733 734 860
f 733 860 861
f 991 992 611
f 700 893 894
f 700 894 699
f 1016 829 830
f 1016 830 1015
f 732 733 861
f 732 861 862
f 701 893 700
f 701 892 893
f 731 862 863
f 731 732 862
f 702 892 701
f 990 611 612
f 990 991 611
f 702 891 892
f 730 863 864
f 1017 828 829
f 1017 829 1016
f 730 731 863
f 703 891 702
f 703 890 891
f 729 730 864
f 729 864 865
f 989 990 612
f 704 890 703
f 704 889 890
f 728 729 865
f 728 865 866
f 705 889 704
f 705 888 889
f 727 728 866
f 1018 827 828
f 1018 828 1017
f 727 866 867
f 706 888 705
f 706 887 888
f 726 867 868
f 988 989 612
f 726 727 867
f 707 887 706
f 707 886 887
f 725 726 868
f 725 868 869
f 708 886 707
f 708 885 886
f 724 869 870
f 1019 826 827
f 1019 827 1018
f 724 725 869
f 709 885 708
f 709 884 885
f 723 724 870
f 723 870 871
f 710 884 709
f 710 883 884
f 722 723 871
f 722 871 872
f 711 883 710
f 711 882 883
f 721 722 872
f 721 872 873
f 987 988 612
f 712 882 711
f 712 881 882
f 720 873 874
f 720 721 873
f 713 881 712
f 713 880 881
f 1020 826 1019
f 1020 825 826
f 719 720 874
f 719 874 875
f 714 880 713
f 714 879 880
f 718 719 875
f 718 875 876
f 715 879 714
f 715 878 879
f 717 718 876
f 717 876 877
f 716 878 715
f 716 717 877
f 716 877 878
f 610 609 611
f 986 987 612
f 1021 824 825
f 1021 825 1020
f 985 986 612
f 1022 823 824
f 1022 824 1021
f 984 985 612
f 1023 822 823
f 1023 823 1022
f 983 984 612
f 1024 821 822
f 1024 822 1023
f 982 983 612
f 1025 820 821
f 1025 821 1024
f 981 612 613
f 981 982 612
f 1026 819 820
f 1026 820 1025
f 980 613 614
f 980 981 613
f 1027 818 819
f 1027 819 1026
f 979 614 615
f 979 980 614
f 1028 817 818
f 1028 818 1027
f 978 615 616
f 978 979 615
f 1029 816 817
f 1029 817 1028
f 977 616 617
f 977 978 616
f 1030 815 816
f 1030 816 1029
f 976 617 618
f 976 977 617
f 1031 814 815
f 1031 815 1030
f 975 618 619
f 975 976 618
f 1032 813 814
f 1032 814 1031
f 974 619 620
f 974 975 619
f 1033 812 813
f 1033 813 1032
f 973 620 621
f 973 974 620
f 1034 811 812
f 1034 812 1033
f 972 621 622
f 972 973 621
f 1035 810 811
f 1035 811 1034
f 971 622 623
f 971 972 622
f 1036 809 810
f 1036 810 1035
f 970 623 624
f 970 971 623
f 1037 809 1036
f 1037 808 809
f 969 624 625
f 969 970 624
f 1038 808 1037
f 1038 807 808
f 968 625 626
f 968 969 625
f 1039 807 1038
f 1039 806 807
f 967 626 627
f 967 968 626
f 1040 806 1039
f 1040 805 806
f 966 627 628
f 966 967 627
f 1041 805 1040
f 1041 804 805
f 965 628 629
f 965 966 628
f 1042 804 1041
f 1042 803 804
f 964 629 630
f 964 965 629
f 1043 803 1042
f 1043 802 803
f 963 630 631
f 963 964 630
f 1044 802 1043
f 1044 801 802
f 962 631 632
f 962 963 631
f 1045 801 1044
f 1045 800 801
f 961 632 633
f 961 962 632
f 1046 800 1045
f 1046 799 800
f 960 961 633
f 960 633 634
f 1047 799 1046
f 1047 798 799
f 959 960 634
f 959 634 635
f 1048 798 1047
f 1048 797 798
f 958 959 635
f 958 635 636
f 1049 797 1048
f 1049 796 797
f 957 958 636
f 957 636 637
f 1050 796 1049
f 1050 795 796
f 956 957 637
f 956 637 638
f 1051 795 1050
f 1051 794 795
f 955 956 638
f 955 638 639
f 1052 794 1051
f 1052 793 794
f 954 639 640
f 954 955 639
f 1053 793 1052
f 1053 792 793
f 953 640 641
f 953 954 640
f 1054 792 1053
f 1054 791 792
f 952 953 641
f 952 641 642
f 1055 791 1054
f 1055 790 791
f 951 642 643
f 951 952 642
f 1056 790 1055
f 1056 789 790
f 950 643 644
f 950 951 643
f 1057 788 789
f 1057 789 1056
f 949 644 645
f 949 950 644
f 1058 787 788
f 1058 788 1057
f 948 949 645
f 948 645 646
f 1059 786 787
f 1059 787 1058
f 947 646 647
f 947 948 646
f 1060 785 786
f 1060 786 1059
f 946 647 648
f 946 947 647
f 1061 784 785
f 1061 785 1060
f 945 648 649
f 945 946 648
f 1062 783 784
f 1062 784 1061
f 944 649 650
f 944 945 649
f 1063 782 783
f 1063 783 1062
f 943 650 651
f 943 944 650
f 1064 781 782
f 1064 782 1063
f 942 651 652
f 942 943 651
f 1065 780 781
f 1065 781 1064
f 941 942 652
f 1066 780 1065
f 653 941 652
f 779 780 1066
f 940 941 653
f 1067 779 1066
f 654 940 653
f 778 779 1067
f 939 940 654
f 1068 778 1067
f 655 938 939
f 655 939 654
f 777 1068 1069
f 777 778 1068
f 656 937 938
f 656 938 655
f 776 1069 1070
f 776 777 1069
f 657 936 937
f 657 937 656
f 775 1070 1071
f 775 776 1070
f 658 936 657
f 658 935 936
f 774 1071 1072
f 774 775 1071
f 659 935 658
f 659 934 935
f 773 774 1072
f 773 1072 1073
f 660 933 934
f 660 934 659
f 772 773 1073
f 772 1073 1074
f 661 932 933
f 661 933 660
f 771 772 1074
f 771 1074 1075
f 662 931 932
f 662 932 661
f 770 771 1075
f 770 1075 1076
f 663 930 931
f 663 931 662
f 769 770 1076
f 769 1076 1077
f 664 929 930
f 664 930 663
f 768 769 1077
f 768 1077 1078
f 665 928 929
f 665 929 664
f 767 768 1078
f 767 1078 1079
f 666 927 928
f 666 928 665
f 766 1079 1080
f 766 767 1079
f 667 926 927
f 667 927 666
f 765 1080 1081
f 765 766 1080
f 668 925 926
f 668 926 667
f 764 1081 1082
f 764 765 1081
f 669 925 668
f 669 924 925
f 763 1082 1083
f 763 764 1082
f 670 923 924
f 670 924 669
f 762 763 1083
f 762 1083 1084
f 671 922 923
f 671 923 670
f 761 762 1084
f 761 1084 1085
f 672 921 922
f 672 922 671
f 760 761 1085
f 760 1085 1086
f 673 920 921
f 673 921 672
f 759 760 1086
f 759 1086 1087
f 674 919 920
f 674 920 673
f 758 759 1087
f 758 1087 1088
f 675 918 919
f 675 919 674
f 757 758 1088
f 757 1088 1089
f 676 917 918
f 676 918 675
f 756 757 1089
f 756 1089 1090
f 677 916 917
f 677 917 676
f 755 1090 1091
f 755 756 1090
f 678 916 677
f 678 915 916
f 754 755 1091
f 754 1091 1092
f 679 914 915
f 679 915 678
f 753 754 1092
f 753 1092 1093
f 680 913 914
f 680 914 679
f 752 1093 1094
f 752 753 1093
f 681 912 913
f 681 913 680
f 751 752 1094
f 751 1094 1095
f 682 911 912
f 682 912 681
f 750 751 1095
f 750 1095 1096
f 683 910 911
f 683 911 682
f 749 750 1096
f 749 1096 1097
f 1099 1098 1100
f 1099 1100 1101
f 1102 1104 1103
f 1102 1105 1104
f 1106 1105 1102
f 1109 1107 1108
f 1112 1111 1110
f 1114 1113 1115
f 1114 1115 1116
f 1119 1118 1117
f 1123 1122 1120
f 1121 1124 1123
f 1121 1123 1120
f 1127 1126 1125
f 1128 1130 1131
f 1129 1131 1132
f 1129 1128 1131
f 1136 1133 1134
f 1136 1135 1133
f 1139 1138 1137
f 1142 1141 1140
f 1146 1143 1145
f 1144 1146 1147
f 1144 1143 1146
f 1150 1148 1149
f 1151 1154 1153
f 1152 1155 1154
f 1152 1154 1151
f 1158 1157 1156
f 1162 1160 1159
f 1162 1159 1161
f 1165 1163 1164
f 1165 1166 1163
f 1169 1167 1168
f 1171 1170 1172
f 1173 1171 1172
f 1179 1171 1173
f 1178 1171 1179
f 1177 1171 1178
f 1176 1171 1177
f 1175 1171 1176
f 1174 1171 1175
f 1428 1422 1423
f 1428 1423 1424
f 1426 1428 1425
f 1429 1428 1426
f 1429 1426 1427
f 1421 1429 1427
f 1430 1429 1421
f 1413 1415 1414
f 1413 1416 1415
f 1418 1417 1413
f 1412 1418 1413
f 1412 1419 1418
f 1420 1419 1412
f 1420 1430 1421
f 1411 1420 1412
f 1411 1430 1420
f 1411 1431 1430
f 1410 1431 1411
f 1410 1432 1431
f 1409 1432 1410
f 1409 1433 1432
f 1408 1433 1409
f 1408 1434 1433
f 1407 1434 1408
f 1407 1435 1434
f 1406 1435 1407
f 1406 1436 1435
f 1405 1437 1436
f 1405 1436 1406
f 1404 1438 1437
f 1404 1437 1405
f 1403 1439 1438
f 1403 1438 1404
f 1402 1440 1439
f 1402 1439 1403
f 1401 1441 1440
f 1401 1440 1402
f 1400 1442 1441
f 1400 1441 1401
f 1399 1443 1442
f 1399 1442 1400
f 1398 1444 1443
f 1398 1443 1399
f 1397 1445 1444
f 1397 1444 1398
f 1396 1446 1445
f 1396 1445 1397
f 1395 1447 1446
f 1395 1446 1396
f 1394 1448 1447
f 1394 1447 1395
f 1393 1449 1448
f 1393 1448 1394
f 1392 1449 1393
f 1392 1450 1449
f 1391 1450 1392
f 1391 1451 1450
f 1390 1451 1391
f 1390 1452 1451
f 1389 1452 1390
f 1389 1453 1452
f 1388 1453 1389
f 1388 1454 1453
f 1387 1454 1388
f 1387 1455 1454
f 1386 1455 1387
f 1386 1456 1455
f 1385 1456 1386
f 1385 1457 1456
f 1384 1457 1385
f 1384 1458 1457
f 1383 1458 1384
f 1383 1459 1458
f 1382 1459 1383
f 1382 1460 1459
f 1381 1460 1382
f 1381 1461 1460
f 1380 1461 1381
f 1380 1462 1461
f 1379 1462 1380
f 1379 1463 1462
f 1378 1463 1379
f 1378 1464 1463
f 1377 1464 1378
f 1376 1464 1377
f 1376 1465 1464
f 1375 1465 1376
f 1375 1466 1465
f 1375 1467 1466
f 1374 1467 1375
f 1374 1468 1467
f 1373 1468 1374
f 1372 1468 1373
f 1372 1469 1468
f 1371 1470 1469
f 1371 1469 1372
f 1370 1471 1470
f 1370 1470 1371
f 1370 1472 1471
f 1369 1472 1370
f 1368 1473 1472
f 1368 1474 1473
f 1368 1472 1369
f 1367 1474 1368
f 1366 1474 1367
f 1366 1475 1474
f 1365 1475 1366
f 1365 1476 1475
f 1364 1476 1365
f 1364 1477 1476
f 1363 1477 1364
f 1363 1478 1477
f 1362 1478 1363
f 1362 1479 1478
f 1361 1479 1362
f 1361 1480 1479
f 1360 1480 1361
f 1360 1481 1480
f 1359 1481 1360
f 1359 1482 1481
f 1358 1483 1482
f 1358 1482 1359
f 1357 1484 1483
f 1357 1483 1358
f 1356 1485 1484
f 1356 1484 1357
f 1355 1486 1485
f 1355 1485 1356
f 1354 1487 1486
f 1354 1486 1355
f 1353 1488 1487
f 1353 1487 1354
f 1352 1489 1488
f 1352 1488 1353
f 1351 1490 1489
f 1351 1489 1352
f 1350 1491 1490
f 1350 1490 1351
f 1349 1492 1491
f 1349 1491 1350
f 1348 1493 1492
f 1348 1492 1349
f 1347 1494 1493
f 1347 1493 1348
f 1346 1495 1494
f 1346 1494 1347
f 1345 1496 1495
f 1345 1495 1346
f 1344 1497 1496
f 1344 1496 1345
f 1343 1498 1497
f 1343 1497 1344
f 1342 1498 1343
f 1342 1499 1498
f 1341 1499 1342
f 1341 1500 1499
f 1341 1501 1500
f 1340 1501 1341
f 1339 1501 1340
f 1339 1502 1501
f 1338 1502 1339
f 1338 1503 1502
f 1337 1504 1503
f 1337 1503 1338
f 1336 1505 1504
f 1336 1504 1337
f 1335 1506 1505
f 1335 1505 1336
f 1334 1507 1506
f 1334 1506 1335
f 1333 1508 1507
f 1333 1507 1334
f 1332 1509 1508
f 1332 1508 1333
f 1331 1510 1509
f 1331 1509 1332
f 1330 1511 1510
f 1330 1510 1331
f 1329 1512 1511
f 1329 1511 1330
f 1328 1513 1512
f 1328 1512 1329
f 1327 1514 1513
f 1327 1513 1328
f 1326 1515 1514
f 1326 1514 1327
f 1325 1516 1515
f 1325 1515 1326
f 1324 1517 1516
f 1324 1516 1325
f 1323 1518 1517
f 1323 1517 1324
f 1322 1519 1518
f 1322 1518 1323
f 1321 1520 1519
f 1321 1519 1322
f 1320 1521 1520
f 1320 1520 1321
f 1319 1522 1521
f 1319 1523 1522
f 1319 1521 1320
f 1318 1523 1319
f 1317 1523 1318
f 1317 1524 1523
f 1316 1524 1317
f 1316 1525 1524
f 1315 1525 1316
f 1315 1526 1525
f 1314 1526 1315
f 1314 1527 1526
f 1313 1527 1314
f 1313 1528 1527
f 1312 1528 1313
f 1312 1529 1528
f 1312 1530 1529
f 1311 1530 1312
f 1310 1530 1311
f 1310 1531 1530
f 1309 1531 1310
f 1309 1532 1531
f 1308 1532 1309
f 1308 1533 1532
f 1307 1533 1308
f 1307 1534 1533
f 1306 1534 1307
f 1306 1535 1534
f 1305 1535 1306
f 1305 1536 1535
f 1304 1537 1536
f 1304 1536 1305
f 1303 1538 1537
f 1303 1537 1304
f 1302 1539 1538
f 1302 1538 1303
f 1301 1540 1539
f 1301 1539 1302
f 1300 1541 1540
f 1300 1542 1541
f 1300 1540 1301
f 1299 1542 1300
f 1298 1543 1542
f 1298 1542 1299
f 1297 1544 1543
f 1297 1543 1298
f 1296 1545 1544
f 1296 1544 1297
f 1295 1546 1545
f 1295 1545 1296
f 1294 1547 1546
f 1294 1546 1295
f 1293 1548 1547
f 1293 1547 1294
f 1292 1549 1548
f 1292 1548 1293
f 1291 1549 1292
f 1291 1550 1549
f 1290 1550 1291
f 1290 1551 1550
f 1289 1551 1290
f 1289 1552 1551
f 1288 1552 1289
f 1288 1553 1552
f 1287 1553 1288
f 1287 1554 1553
f 1286 1554 1287
f 1286 1555 1554
f 1285 1555 1286
f 1285 1556 1555
f 1284 1556 1285
f 1284 1557 1556
f 1284 1558 1557
f 1283 1558 1284
f 1282 1558 1283
f 1282 1559 1558
f 1281 1559 1282
f 1281 1560 1559
f 1280 1560 1281
f 1280 1561 1560
f 1279 1561 1280
f 1279 1562 1561
f 1278 1562 1279
f 1278 1563 1562
f 1278 1564 1563
f 1277 1564 1278
f 1277 1565 1564
f 1276 1565 1277
f 1275 1565 1276
f 1275 1566 1565
f 1274 1566 1275
f 1274 1567 1566
f 1273 1567 1274
f 1273 1568 1567
f 1273 1569 1568
f 1272 1569 1273
f 1271 1569 1272
f 1271 1570 1569
f 1270 1571 1570
f 1270 1570 1271
f 1269 1572 1571
f 1269 1573 1572
f 1269 1571 1270
f 1268 1573 1269
f 1267 1574 1573
f 1267 1573 1268
f 1266 1575 1574
f 1266 1574 1267
f 1265 1575 1266
f 1265 1576 1575
f 1264 1576 1265
f 1264 1577 1576
f 1263 1577 1264
f 1263 1578 1577
f 1262 1578 1263
f 1262 1579 1578
f 1261 1579 1262
f 1261 1580 1579
f 1261 1581 1580
f 1260 1581 1261
f 1259 1581 1260
f 1259 1582 1581
f 1259 1583 1582
f 1258 1583 1259
f 1257 1584 1583
f 1257 1583 1258
f 1256 1585 1584
f 1256 1586 1585
f 1256 1584 1257
f 1255 1586 1256
f 1254 1587 1586
f 1254 1586 1255
f 1253 1588 1587
f 1253 1587 1254
f 1252 1589 1588
f 1252 1588 1253
f 1251 1590 1589
f 1251 1591 1590
f 1251 1589 1252
f 1250 1591 1251
f 1249 1592 1591
f 1249 1591 1250
f 1248 1593 1592
f 1248 1592 1249
f 1247 1594 1593
f 1247 1595 1594
f 1247 1593 1248
f 1246 1595 1247
f 1245 1596 1595
f 1245 1597 1596
f 1245 1595 1246
f 1244 1597 1245
f 1243 1598 1597
f 1243 1599 1598
f 1243 1597 1244
f 1242 1599 1243
f 1241 1599 1242
f 1241 1600 1599
f 1241 1601 1600
f 1240 1601 1241
f 1239 1601 1240
f 1239 1602 1601
f 1239 1603 1602
f 1238 1603 1239
f 1238 1604 1603
f 1237 1604 1238
f 1236 1604 1237
f 1236 1605 1604
f 1236 1606 1605
f 1235 1606 1236
f 1234 1607 1606
f 1234 1608 1607
f 1234 1606 1235
f 1233 1609 1608
f 1233 1608 1234
f 1232 1609 1233
f 1231 1610 1609
f 1231 1611 1610
f 1231 1609 1232
f 1230 1611 1231
f 1229 1612 1611
f 1229 1613 1612
f 1229 1611 1230
f 1228 1614 1613
f 1228 1613 1229
f 1227 1614 1228
f 1226 1615 1614
f 1226 1614 1227
f 1225 1616 1615
f 1225 1617 1616
f 1225 1615 1226
f 1224 1618 1617
f 1224 1617 1225
f 1223 1618 1224
f 1222 1619 1618
f 1222 1618 1223
f 1221 1620 1619
f 1221 1619 1222
f 1220 1621 1620
f 1220 1622 1621
f 1220 1620 1221
f 1219 1622 1220
f 1218 1623 1622
f 1218 1622 1219
f 1217 1624 1623
f 1217 1623 1218
f 1216 1624 1217
f 1216 1625 1624
f 1215 1625 1216
f 1215 1626 1625
f 1215 1627 1626
f 1214 1627 1215
f 1214 1628 1627
f 1213 1628 1214
f 1213 1629 1628
f 1212 1629 1213
f 1211 1629 1212
f 1211 1630 1629
f 1210 1630 1211
f 1210 1631 1630
f 1210 1632 1631
f 1209 1632 1210
f 1208 1632 1209
f 1208 1633 1632
f 1208 1634 1633
f 1207 1634 1208
f 1206 1634 1207
f 1206 1635 1634
f 1205 1635 1206
f 1205 1636 1635
f 1205 1637 1636
f 1204 1637 1205
f 1203 1638 1637
f 1203 1637 1204
f 1202 1639 1638
f 1202 1638 1203
f 1201 1640 1639
f 1201 1641 1640
f 1201 1639 1202
f 1200 1641 1201
f 1199 1642 1641
f 1199 1643 1642
f 1199 1641 1200
f 1198 1643 1199
f 1197 1644 1643
f 1197 1643 1198
f 1196 1645 1644
f 1196 1646 1645
f 1196 1644 1197
f 1195 1647 1646
f 1195 1646 1196
f 1194 1648 1647
f 1194 1647 1195
f 1193 1648 1194
f 1192 1649 1648
f 1192 1648 1193
f 1191 1650 1649
f 1191 1649 1192
f 1190 1650 1191
f 1190 1651 1650
f 1189 1651 1190
f 1189 1652 1651
f 1189 1653 1652
f 1188 1653 1189
f 1188 1654 1653
f 1187 1654 1188
f 1187 1655 1654
f 1186 1655 1187
f 1185 1655 1186
f 1185 1656 1655
f 1185 1657 1656
f 1184 1657 1185
f 1660 1659 1662
f 1660 1662 1663
f 1183 1657 1184
f 1183 1658 1657
f 1665 1660 1664
f 1661 1660 1665
f 1182 1662 1659
f 1182 1658 1183
f 1182 1659 1658
f 1666 1662 1182
f 1181 1666 1182
f 1181 1667 1666
f 1669 1668 1181
f 1180 1669 1181
f 1416 1413 1417
f 1425 1428 1424
f 1664 1660 1663
f 1667 1181 1668
f 1672 1670 1671
f 1673 1672 1671
f 1674 1673 1671
f 1675 1674 1671
f 1676 1675 1671
f 1932 1677 1678
f 1932 1678 1679
f 1933 1679 1680
f 1933 1932 1679
f 1934 1680 1681
f 1934 1933 1680
f 1935 1681 1682
f 1935 1934 1681
f 1936 1682 1683
f 1936 1935 1682
f 1937 1683 1684
f 1937 1936 1683
f 1938 1684 1685
f 1938 1937 1684
f 1939 1685 1686
f 1939 1938 1685
f 1940 1686 1687
f 1940 1939 1686
f 1941 1687 1688
f 1941 1940 1687
f 1942 1688 1689
f 1942 1941 1688
f 1943 1689 1690
f 1943 1942 1689
f 1944 1690 1691
f 1944 1943 1690
f 1945 1691 1692
f 1945 1944 1691
f 1946 1692 1693
f 1946 1945 1692
f 1947 1693 1694
f 1947 1946 1693
f 1948 1694 1695
f 1948 1947 1694
f 1949 1695 1696
f 1949 1948 1695
f 1950 1696 1697
f 1950 1949 1696
f 1951 1697 1698
f 1951 1950 1697
f 1952 1698 1699
f 1952 1951 1698
f 1953 1699 1700
f 1953 1952 1699
f 1954 1700 1701
f 1954 1953 1700
f 1955 1954 1701
f 1955 1701 1702
f 1956 1955 1702
f 1956 1702 1703
f 1957 1956 1703
f 1957 1703 1704
f 1958 1957 1704
f 1958 1704 1705
f 1959 1958 1705
f 1959 1705 1706
f 1960 1959 1706
f 1960 1706 1707
f 1961 1960 1707
f 1961 1707 1708
f 1962 1961 1708
f 1962 1708 1709
f 1963 1962 1709
f 1963 1709 1710
f 1964 1710 1711
f 1964 1963 1710
f 1965 1711 1712
f 1965 1964 1711
f 1966 1712 1713
f 1966 1965 1712
f 1967 1713 1714
f 1967 1966 1713
f 1968 1714 1715
f 1968 1715 1716
f 1968 1967 1714
f 1969 1968 1716
f 1970 1716 1717
f 1970 1969 1716
f 1971 1717 1718
f 1971 1970 1717
f 1972 1718 1719
f 1972 1971 1718
f 1973 1719 1720
f 1973 1972 1719
f 1974 1720 1721
f 1974 1973 1720
f 1975 1721 1722
f 1975 1974 1721
f 1976 1722 1723
f 1976 1975 1722
f 1977 1723 1724
f 1977 1976 1723
f 1978 1724 1725
f 1978 1977 1724
f 1979 1725 1726
f 1979 1978 1725
f 1980 1979 1726
f 1980 1726 1727
f 1981 1980 1727
f 1981 1727 1728
f 1982 1981 1728
f 1982 1728 1729
f 1982 1729 1730
f 1983 1982 1730
f 1984 1983 1730
f 1984 1730 1731
f 1985 1984 1731
f 1985 1731 1732
f 1986 1985 1732
f 1986 1732 1733
f 1987 1986 1733
f 1987 1733 1734
f 1988 1987 1734
f 1988 1734 1735
f 1989 1988 1735
f 1989 1735 1736
f 1990 1989 1736
f 1990 1736 1737
f 1991 1990 1737
f 1991 1737 1738
f 1992 1991 1738
f 1992 1738 1739
f 1992 1739 1740
f 1993 1992 1740
f 1994 1993 1740
f 1994 1740 1741
f 1995 1994 1741
f 1995 1741 1742
f 1996 1742 1743
f 1996 1995 1742
f 1997 1743 1744
f 1997 1996 1743
f 1997 1744 1745
f 1998 1745 1746
f 1998 1997 1745
f 1999 1746 1747
f 1999 1998 1746
f 2000 1999 1747
f 2001 1747 1748
f 2001 1748 1749
f 2001 2000 1747
f 2002 2001 1749
f 2003 1749 1750
f 2003 2002 1749
f 2004 1750 1751
f 2004 1751 1752
f 2004 2003 1750
f 2005 1752 1753
f 2005 2004 1752
f 2006 2005 1753
f 2007 2006 1753
f 2007 1753 1754
f 2007 1754 1755
f 2008 2007 1755
f 2009 2008 1755
f 2009 1755 1756
f 2009 1756 1757
f 2010 2009 1757
f 2011 2010 1757
f 2011 1757 1758
f 2011 1758 1759
f 2012 2011 1759
f 2013 2012 1759
f 2013 1759 1760
f 2013 1760 1761
f 2014 2013 1761
f 2015 2014 1761
f 2015 1761 1762
f 2015 1762 1763
f 2016 2015 1763
f 2017 2016 1763
f 2017 1763 1764
f 2017 1764 1765
f 2018 2017 1765
f 2019 2018 1765
f 2019 1765 1766
f 2019 1766 1767
f 2020 2019 1767
f 2020 1767 1768
f 2021 2020 1768
f 2022 2021 1768
f 2022 1768 1769
f 2022 1769 1770
f 2023 2022 1770
f 2024 2023 1770
f 2024 1770 1771
f 2024 1771 1772
f 2025 2024 1772
f 2026 2025 1772
f 2026 1772 1773
f 2027 2026 1773
f 2027 1773 1774
f 2028 2027 1774
f 2028 1774 1775
f 2028 1775 1776
f 2029 2028 1776
f 2030 1777 1778
f 2030 2029 1776
f 2030 1776 1777
f 2031 2030 1778
f 2032 1778 1779
f 2032 2031 1778
f 2033 1779 1780
f 2033 2032 1779
f 2034 1780 1781
f 2034 1781 1782
f 2034 2033 1780
f 2035 2034 1782
f 2036 1782 1783
f 2036 2035 1782
f 2037 1783 1784
f 2037 1784 1785
f 2037 2036 1783
f 2038 2037 1785
f 2039 1785 1786
f 2039 1786 1787
f 2039 2038 1785
f 2040 2039 1787
f 2041 1787 1788
f 2041 2040 1787
f 2042 1788 1789
f 2042 2041 1788
f 2043 1789 1790
f 2043 1790 1791
f 2043 2042 1789
f 2044 2043 1791
f 2045 1791 1792
f 2045 2044 1791
f 2046 1792 1793
f 2046 2045 1792
f 2047 1793 1794
f 2047 1794 1795
f 2047 2046 1793
f 2048 2047 1795
f 2049 1795 1796
f 2049 2048 1795
f 2050 1796 1797
f 2050 2049 1796
f 2051 1797 1798
f 2051 2050 1797
f 2052 1798 1799
f 2052 1799 1800
f 2052 2051 1798
f 2053 2052 1800
f 2054 1800 1801
f 2054 1801 1802
f 2054 2053 1800
f 2055 2054 1802
f 2056 1802 1803
f 2056 1803 1804
f 2056 2055 1802
f 2057 2056 1804
f 2058 2057 1804
f 2058 1804 1805
f 2058 1805 1806
f 2059 2058 1806
f 2060 2059 1806
f 2060 1806 1807
f 2060 1807 1808
f 2061 2060 1808
f 2061 1808 1809
f 2062 2061 1809
f 2063 2062 1809
f 2063 1809 1810
f 2064 2063 1810
f 2064 1810 1811
f 2064 1811 1812
f 2065 1812 1813
f 2065 2064 1812
f 2066 2065 1813
f 2067 1813 1814
f 2067 1814 1815
f 2067 2066 1813
f 2068 2067 1815
f 2069 1815 1816
f 2069 1816 1817
f 2069 2068 1815
f 2070 1817 1818
f 2070 2069 1817
f 2071 2070 1818
f 2072 1818 1819
f 2072 1819 1820
f 2072 2071 1818
f 2073 1820 1821
f 2073 2072 1820
f 2074 1821 1822
f 2074 2073 1821
f 2075 2074 1822
f 2076 1822 1823
f 2076 1823 1824
f 2076 2075 1822
f 2077 1824 1825
f 2077 2076 1824
f 2078 2077 1825
f 2079 1825 1826
f 2079 1826 1827
f 2079 2078 1825
f 2080 2079 1827
f 2081 2080 1827
f 2081 1827 1828
f 2081 1828 1829
f 2082 2081 1829
f 2083 2082 1829
f 2083 1829 1830
f 2083 1830 1831
f 2084 2083 1831
f 2085 2084 1831
f 2085 1831 1832
f 2085 1832 1833
f 2086 2085 1833
f 2086 1833 1834
f 2087 2086 1834
f 2087 1834 1835
f 2088 2087 1835
f 2089 2088 1835
f 2089 1835 1836
f 2090 2089 1836
f 2090 1836 1837
f 2090 1837 1838
f 2091 2090 1838
f 2091 1838 1839
f 2092 2091 1839
f 2093 2092 1839
f 2093 1839 1840
f 2093 1840 1841
f 2094 2093 1841
f 2094 1841 1842
f 2095 2094 1842
f 2095 1842 1843
f 2096 2095 1843
f 2096 1843 1844
f 2097 2096 1844
f 2098 2097 1844
f 2098 1844 1845
f 2099 1845 1846
f 2099 1846 1847
f 2099 2098 1845
f 2100 1847 1848
f 2100 2099 1847
f 2101 2100 1848
f 2102 1848 1849
f 2102 1849 1850
f 2102 2101 1848
f 2103 1850 1851
f 2103 2102 1850
f 2104 2103 1851
f 2105 1851 1852
f 2105 2104 1851
f 2106 1852 1853
f 2106 1853 1854
f 2106 2105 1852
f 2107 2106 1854
f 2107 1854 1855
f 2108 2107 1855
f 2108 1855 1856
f 2109 2108 1856
f 2109 1856 1857
f 2110 2109 1857
f 2111 2110 1857
f 2111 1857 1858
f 2111 1858 1859
f 2112 2111 1859
f 2113 2112 1859
f 2113 1859 1860
f 2113 1860 1861
f 2114 2113 1861
f 2115 2114 1861
f 2115 1861 1862
f 2115 1862 1863
f 2116 2115 1863
f 2116 1863 1864
f 2117 2116 1864
f 2117 1864 1865
f 2118 2117 1865
f 2119 2118 1865
f 2119 1865 1866
f 2119 1866 1867
f 2120 2119 1867
f 2120 1867 1868
f 2121 2120 1868
f 2121 1868 1869
f 2122 2121 1869
f 2123 2122 1869
f 2123 1869 1870
f 2124 2123 1870
f 2124 1870 1871
f 2124 1871 1872
f 2125 2124 1872
f 2125 1872 1873
f 2126 2125 1873
f 2126 1873 1874
f 2127 2126 1874
f 2128 2127 1874
f 2128 1874 1875
f 2128 1875 1876
f 2129 2128 1876
f 2130 2129 1876
f 2130 1876 1877
f 2130 1877 1878
f 2131 2130 1878
f 2132 1878 1879
f 2132 1879 1880
f 2132 2131 1878
f 2133 2132 1880
f 2134 1880 1881
f 2134 2133 1880
f 2135 1881 1882
f 2135 2134 1881
f 2136 1882 1883
f 2136 2135 1882
f 2137 1883 1884
f 2137 2136 1883
f 2138 1884 1885
f 2138 2137 1884
f 2139 1885 1886
f 2139 2138 1885
f 2140 1886 1887
f 2140 2139 1886
f 2141 1887 1888
f 2141 2140 1887
f 2142 1888 1889
f 2142 1889 1890
f 2142 2141 1888
f 2143 2142 1890
f 2144 1890 1891
f 2144 2143 1890
f 2145 1891 1892
f 2145 2144 1891
f 2146 1892 1893
f 2146 1893 1894
f 2146 2145 1892
f 2147 2146 1894
f 2148 1894 1895
f 2148 2147 1894
f 2149 1895 1896
f 2149 1896 1897
f 2149 2148 1895
f 2150 1897 1898
f 2150 2149 1897
f 2151 2150 1898
f 2152 1898 1899
f 2152 2151 1898
f 2153 1899 1900
f 2153 2152 1899
f 2154 1900 1901
f 2154 2153 1900
f 2155 1901 1902
f 2155 1902 1903
f 2155 2154 1901
f 2156 2155 1903
f 2157 2156 1903
f 2157 1903 1904
f 2158 2157 1904
f 2158 1904 1905
f 2159 2158 1905
f 2159 1905 1906
f 2159 1906 1907
f 2160 2159 1907
f 2161 2160 1907
f 2161 1907 1908
f 2162 2161 1908
f 2162 1908 1909
f 2162 1909 1910
f 2163 2162 1910
f 2164 2163 1910
f 2164 1910 1911
f 2164 1911 1912
f 2165 2164 1912
f 2166 1912 1913
f 2166 1913 1914
f 2166 2165 1912
f 2167 1914 1915
f 2167 2166 1914
f 2168 2167 1915
f 2169 1915 1916
f 2169 1916 1917
f 2169 2168 1915
f 2170 2169 1917
f 2171 1917 1918
f 2171 2170 1917
f 2172 1918 1919
f 2172 2171 1918
f 2173 1919 1920
f 2173 2172 1919
f 2174 1920 1921
f 2174 2173 1920
f 2175 1921 1922
f 2175 1922 1923
f 2175 2174 1921
f 2176 2175 1923
f 2177 1923 1924
f 2177 1924 1925
f 2177 2176 1923
f 2178 2177 1925
f 2179 1925 1926
f 2179 2178 1925
f 2180 1926 1927
f 2180 2179 1926
f 2181 1927 1928
f 2181 2180 1927
f 2182 2181 1928
f 2182 1928 1929
f 1931 2182 1929
f 1931 1929 1930
f 2187 2184 2183
f 2185 2187 2183
f 2186 2187 2185
f 2190 2189 2188
f 2192 2193 2191
f 2194 2193 2192
f 2200 2194 2192
f 2199 2200 2192
f 2198 2199 2192
f 2197 2198 2192
f 2196 2197 2192
f 2195 2196 2192
f 2203 2201 2202
f 2208 2205 2204
f 2206 2208 2204
f 2207 2208 2206
f 2212 2209 2211
f 2213 2209 2212
f 2214 2209 2213
f 2215 2209 2214
f 2210 2209 2215
f 2218 2216 2217
f 2221 2219 2220
f 2221 2222 2219
f 2226 2223 2224
f 2226 2225 2223
f 2227 2226 2224
f 2299 2525 2298
f 2299 2524 2525
f 2363 2364 2712
f 2363 2712 2461
f 2300 2524 2299
f 2618 2457 2458
f 2300 2523 2524
f 2362 2461 2462
f 2619 2456 2457
f 2619 2457 2618
f 2362 2363 2461
f 2301 2523 2300
f 2617 2618 2458
f 2617 2458 2459
f 2301 2522 2523
f 2361 2462 2463
f 2361 2362 2462
f 2620 2455 2456
f 2620 2456 2619
f 2616 2459 2460
f 2616 2617 2459
f 2302 2522 2301
f 2621 2454 2455
f 2302 2521 2522
f 2360 2361 2463
f 2360 2463 2464
f 2621 2455 2620
f 2615 2616 2460
f 2615 2460 2226
f 2303 2521 2302
f 2622 2454 2621
f 2622 2453 2454
f 2303 2520 2521
f 2359 2464 2465
f 2359 2360 2464
f 2614 2615 2226
f 2304 2520 2303
f 2623 2452 2453
f 2623 2453 2622
f 2613 2614 2226
f 2304 2519 2520
f 2358 2465 2466
f 2358 2359 2465
f 2305 2519 2304
f 2624 2451 2452
f 2624 2452 2623
f 2305 2518 2519
f 2357 2358 2466
f 2357 2466 2467
f 2612 2613 2226
f 2306 2518 2305
f 2625 2450 2451
f 2625 2451 2624
f 2306 2517 2518
f 2356 2467 2468
f 2356 2357 2467
f 2611 2612 2226
f 2307 2517 2306
f 2307 2516 2517
f 2355 2468 2469
f 2626 2449 2450
f 2355 2356 2468
f 2308 2516 2307
f 2626 2450 2625
f 2610 2611 2226
f 2308 2515 2516
f 2354 2469 2470
f 2354 2355 2469
f 2309 2515 2308
f 2627 2448 2449
f 2627 2449 2626
f 2309 2514 2515
f 2353 2470 2471
f 2353 2354 2470
f 2609 2610 2226
f 2310 2514 2309
f 2628 2447 2448
f 2628 2448 2627
f 2310 2513 2514
f 2352 2471 2472
f 2352 2353 2471
f 2608 2609 2226
f 2311 2513 2310
f 2311 2512 2513
f 2351 2472 2473
f 2629 2447 2628
f 2629 2446 2447
f 2351 2352 2472
f 2312 2512 2311
f 2312 2511 2512
f 2350 2473 2474
f 2607 2608 2226
f 2350 2351 2473
f 2313 2511 2312
f 2313 2510 2511
f 2349 2350 2474
f 2349 2474 2475
f 2630 2445 2446
f 2630 2446 2629
f 2314 2509 2510
f 2314 2510 2313
f 2348 2475 2476
f 2348 2349 2475
f 2606 2607 2226
f 2315 2508 2509
f 2315 2509 2314
f 2347 2476 2477
f 2631 2444 2445
f 2347 2348 2476
f 2316 2507 2508
f 2316 2508 2315
f 2631 2445 2630
f 2605 2606 2226
f 2605 2226 2227
f 2346 2477 2478
f 2346 2347 2477
f 2317 2506 2507
f 2317 2507 2316
f 2345 2478 2479
f 2345 2346 2478
f 2318 2506 2317
f 2632 2443 2444
f 2632 2444 2631
f 2318 2505 2506
f 2344 2479 2480
f 2344 2345 2479
f 2604 2605 2227
f 2319 2505 2318
f 2319 2504 2505
f 2343 2344 2480
f 2343 2480 2481
f 2320 2504 2319
f 2320 2503 2504
f 2342 2343 2481
f 2342 2481 2482
f 2633 2442 2443
f 2633 2443 2632
f 2321 2503 2320
f 2321 2502 2503
f 2341 2342 2482
f 2341 2482 2483
f 2603 2604 2227
f 2322 2502 2321
f 2322 2501 2502
f 2340 2341 2483
f 2340 2483 2484
f 2323 2501 2322
f 2323 2500 2501
f 2339 2340 2484
f 2339 2484 2485
f 2324 2500 2323
f 2634 2441 2442
f 2634 2442 2633
f 2324 2499 2500
f 2338 2339 2485
f 2338 2485 2486
f 2325 2499 2324
f 2325 2498 2499
f 2337 2338 2486
f 2602 2603 2227
f 2337 2486 2487
f 2326 2498 2325
f 2326 2497 2498
f 2336 2337 2487
f 2336 2487 2488
f 2327 2497 2326
f 2327 2496 2497
f 2335 2488 2489
f 2335 2336 2488
f 2328 2496 2327
f 2328 2495 2496
f 2334 2335 2489
f 2334 2489 2490
f 2329 2495 2328
f 2635 2440 2441
f 2635 2441 2634
f 2329 2494 2495
f 2333 2334 2490
f 2333 2490 2491
f 2330 2494 2329
f 2330 2493 2494
f 2332 2333 2491
f 2332 2491 2492
f 2331 2493 2330
f 2331 2332 2492
f 2331 2492 2493
f 2601 2602 2227
f 2636 2439 2440
f 2636 2440 2635
f 2600 2601 2227
f 2637 2438 2439
f 2637 2439 2636
f 2599 2600 2227
f 2638 2437 2438
f 2638 2438 2637
f 2598 2599 2227
f 2639 2436 2437
f 2639 2437 2638
f 2597 2598 2227
f 2640 2435 2436
f 2640 2436 2639
f 2596 2227 2228
f 2596 2597 2227
f 2641 2434 2435
f 2641 2435 2640
f 2595 2228 2229
f 2595 2596 2228
f 2642 2433 2434
f 2642 2434 2641
f 2594 2229 2230
f 2594 2595 2229
f 2643 2432 2433
f 2643 2433 2642
f 2593 2230 2231
f 2593 2594 2230
f 2644 2431 2432
f 2644 2432 2643
f 2592 2231 2232
f 2592 2593 2231
f 2645 2430 2431
f 2645 2431 2644
f 2591 2232 2233
f 2591 2592 2232
f 2646 2429 2430
f 2646 2430 2645
f 2590 2233 2234
f 2590 2591 2233
f 2647 2428 2429
f 2647 2429 2646
f 2589 2234 2235
f 2589 2590 2234
f 2648 2427 2428
f 2648 2428 2647
f 2588 2235 2236
f 2588 2589 2235
f 2649 2426 2427
f 2649 2427 2648
f 2587 2236 2237
f 2587 2588 2236
f 2650 2425 2426
f 2650 2426 2649
f 2586 2237 2238
f 2586 2587 2237
f 2651 2425 2650
f 2651 2424 2425
f 2585 2238 2239
f 2585 2586 2238
f 2652 2424 2651
f 2652 2423 2424
f 2584 2239 2240
f 2584 2585 2239
f 2653 2423 2652
f 2653 2422 2423
f 2583 2240 2241
f 2583 2584 2240
f 2654 2422 2653
f 2654 2421 2422
f 2582 2241 2242
f 2582 2583 2241
f 2655 2421 2654
f 2655 2420 2421
f 2581 2242 2243
f 2581 2582 2242
f 2656 2420 2655
f 2656 2419 2420
f 2580 2243 2244
f 2580 2581 2243
f 2657 2419 2656
f 2657 2418 2419
f 2579 2244 2245
f 2579 2580 2244
f 2658 2418 2657
f 2658 2417 2418
f 2578 2245 2246
f 2578 2579 2245
f 2659 2417 2658
f 2659 2416 2417
f 2577 2246 2247
f 2577 2578 2246
f 2660 2416 2659
f 2660 2415 2416
f 2576 2247 2248
f 2576 2577 2247
f 2661 2415 2660
f 2661 2414 2415
f 2575 2576 2248
f 2575 2248 2249
f 2662 2413 2414
f 2662 2414 2661
f 2574 2249 2250
f 2574 2575 2249
f 2663 2413 2662
f 2663 2412 2413
f 2573 2574 2250
f 2573 2250 2251
f 2664 2412 2663
f 2664 2411 2412
f 2572 2251 2252
f 2572 2573 2251
f 2665 2411 2664
f 2665 2410 2411
f 2571 2572 2252
f 2571 2252 2253
f 2666 2410 2665
f 2666 2409 2410
f 2570 2571 2253
f 2570 2253 2254
f 2667 2409 2666
f 2667 2408 2409
f 2569 2254 2255
f 2569 2570 2254
f 2668 2407 2408
f 2668 2408 2667
f 2568 2255 2256
f 2568 2569 2255
f 2669 2407 2668
f 2669 2406 2407
f 2567 2256 2257
f 2567 2568 2256
f 2670 2406 2669
f 2670 2405 2406
f 2566 2567 2257
f 2566 2257 2258
f 2671 2405 2670
f 2671 2404 2405
f 2565 2566 2258
f 2565 2258 2259
f 2672 2403 2404
f 2672 2404 2671
f 2564 2259 2260
f 2564 2565 2259
f 2673 2402 2403
f 2673 2403 2672
f 2563 2260 2261
f 2563 2564 2260
f 2674 2401 2402
f 2674 2402 2673
f 2562 2261 2262
f 2562 2563 2261
f 2675 2400 2401
f 2675 2401 2674
f 2561 2262 2263
f 2561 2562 2262
f 2676 2399 2400
f 2676 2400 2675
f 2560 2263 2264
f 2560 2561 2263
f 2677 2398 2399
f 2677 2399 2676
f 2559 2264 2265
f 2559 2560 2264
f 2678 2397 2398
f 2678 2398 2677
f 2558 2265 2266
f 2558 2559 2265
f 2679 2396 2397
f 2679 2397 2678
f 2557 2266 2267
f 2557 2558 2266
f 2680 2395 2396
f 2680 2396 2679
f 2556 2557 2267
f 2681 2395 2680
f 2268 2556 2267
f 2394 2395 2681
f 2555 2556 2268
f 2682 2394 2681
f 2269 2555 2268
f 2393 2394 2682
f 2554 2555 2269
f 2683 2393 2682
f 2270 2553 2554
f 2270 2554 2269
f 2392 2683 2684
f 2392 2393 2683
f 2271 2552 2553
f 2271 2553 2270
f 2391 2684 2685
f 2391 2392 2684
f 2272 2551 2552
f 2272 2552 2271
f 2390 2685 2686
f 2390 2391 2685
f 2273 2550 2551
f 2273 2551 2272
f 2389 2686 2687
f 2389 2390 2686
f 2274 2550 2273
f 2274 2549 2550
f 2388 2687 2688
f 2388 2389 2687
f 2275 2549 2274
f 2275 2548 2549
f 2387 2388 2688
f 2387 2688 2689
f 2276 2547 2548
f 2276 2548 2275
f 2386 2387 2689
f 2386 2689 2690
f 2277 2546 2547
f 2277 2547 2276
f 2385 2386 2690
f 2385 2690 2691
f 2278 2545 2546
f 2278 2546 2277
f 2384 2385 2691
f 2384 2691 2692
f 2279 2544 2545
f 2279 2545 2278
f 2383 2384 2692
f 2383 2692 2693
f 2280 2543 2544
f 2280 2544 2279
f 2382 2383 2693
f 2382 2693 2694
f 2281 2542 2543
f 2281 2543 2280
f 2381 2694 2695
f 2381 2382 2694
f 2282 2541 2542
f 2282 2542 2281
f 2380 2695 2696
f 2380 2381 2695
f 2283 2540 2541
f 2283 2541 2282
f 2379 2696 2697
f 2379 2380 2696
f 2284 2540 2283
f 2284 2539 2540
f 2378 2379 2697
f 2378 2697 2698
f 2285 2538 2539
f 2285 2539 2284
f 2377 2378 2698
f 2377 2698 2699
f 2286 2537 2538
f 2286 2538 2285
f 2376 2377 2699
f 2376 2699 2700
f 2287 2536 2537
f 2287 2537 2286
f 2375 2376 2700
f 2375 2700 2701
f 2288 2535 2536
f 2288 2536 2287
f 2374 2701 2702
f 2374 2375 2701
f 2289 2534 2535
f 2289 2535 2288
f 2373 2374 2702
f 2373 2702 2703
f 2290 2534 2289
f 2290 2533 2534
f 2372 2373 2703
f 2372 2703 2704
f 2291 2532 2533
f 2291 2533 2290
f 2371 2372 2704
f 2371 2704 2705
f 2292 2531 2532
f 2292 2532 2291
f 2370 2705 2706
f 2370 2371 2705
f 2293 2530 2531
f 2293 2531 2292
f 2369 2706 2707
f 2369 2370 2706
f 2294 2529 2530
f 2294 2530 2293
f 2368 2369 2707
f 2368 2707 2708
f 2295 2528 2529
f 2295 2529 2294
f 2367 2368 2708
f 2367 2708 2709
f 2296 2527 2528
f 2296 2528 2295
f 2366 2709 2710
f 2366 2367 2709
f 2297 2526 2527
f 2297 2527 2296
f 2365 2366 2710
f 2365 2710 2711
f 2298 2525 2526
f 2298 2526 2297
f 2364 2365 2711
f 2364 2711 2712
f 2715 2713 2714
f 2719 2718 2716
f 2724 2719 2716
f 2723 2724 2716
f 2722 2723 2716
f 2721 2722 2716
f 2720 2721 2716
f 2717 2720 2716
f 2728 2726 2725
f 2728 2725 2727
f 2962 2726 2728
f 3120 2731 2732
f 3121 2732 2733
f 3121 3120 2732
f 3119 2730 2731
f 3119 2731 3120
f 3122 2733 2734
f 2890 2891 3027
f 3122 3121 2733
f 3118 2729 2730
f 2890 3027 3026
f 3118 2730 3119
f 3123 2734 2735
f 2826 2963 3214
f 2826 3214 2825
f 2889 2890 3026
f 3123 3122 2734
f 3117 2728 2729
f 2889 3026 3025
f 2827 2964 2963
f 3117 2729 3118
f 3124 2735 2736
f 2827 2963 2826
f 2888 2889 3025
f 3124 3123 2735
f 3116 2728 3117
f 3125 2736 2737
f 2888 3025 3024
f 2828 2964 2827
f 2828 2965 2964
f 2887 2888 3024
f 3125 3124 2736
f 3115 2728 3116
f 3126 2737 2738
f 2887 3024 3023
f 2829 2965 2828
f 2829 2966 2965
f 3126 3125 2737
f 2886 2887 3023
f 3114 2728 3115
f 3127 3126 2738
f 3127 2738 2739
f 2886 3023 3022
f 2830 2966 2829
f 2830 2967 2966
f 2885 2886 3022
f 3113 2728 3114
f 2885 3022 3021
f 2831 2968 2967
f 2831 2967 2830
f 3128 2739 2740
f 3128 3127 2739
f 2884 2885 3021
f 3112 2728 3113
f 2884 3021 3020
f 2832 2968 2831
f 2832 2969 2968
f 3129 2740 2741
f 2883 2884 3020
f 3129 3128 2740
f 2883 3020 3019
f 2833 2970 2969
f 3111 2728 3112
f 3130 2741 2742
f 2833 2969 2832
f 2882 2883 3019
f 3130 3129 2741
f 2882 3019 3018
f 2834 2971 2970
f 3110 2728 3111
f 2834 2970 2833
f 2881 2882 3018
f 3131 2742 2743
f 3131 3130 2742
f 2881 3018 3017
f 2835 2972 2971
f 2835 2971 2834
f 2880 2881 3017
f 2880 3017 3016
f 2836 2972 2835
f 2836 2973 2972
f 3109 2728 3110
f 2879 2880 3016
f 3132 2743 2744
f 2879 3016 3015
f 2837 2973 2836
f 2837 2974 2973
f 3132 3131 2743
f 3108 2728 3109
f 2878 2879 3015
f 2878 3015 3014
f 2838 2975 2974
f 2838 2974 2837
f 3133 2744 2745
f 3133 3132 2744
f 2877 2878 3014
f 2877 3014 3013
f 2839 2975 2838
f 2839 2976 2975
f 3107 2962 2728
f 3107 2728 3108
f 3134 2745 2746
f 2876 2877 3013
f 2876 3013 3012
f 2840 2976 2839
f 2840 2977 2976
f 3134 3133 2745
f 2875 3012 3011
f 2875 2876 3012
f 2841 2978 2977
f 2841 2977 2840
f 3106 2962 3107
f 3135 2746 2747
f 2874 3011 3010
f 2874 2875 3011
f 2842 2979 2978
f 2842 2978 2841
f 3135 3134 2746
f 2873 3010 3009
f 2873 2874 3010
f 2843 2980 2979
f 2843 2979 2842
f 2872 3009 3008
f 2872 2873 3009
f 2844 2980 2843
f 2844 2981 2980
f 3105 2962 3106
f 2871 2872 3008
f 2871 3008 3007
f 2845 2981 2844
f 2845 2982 2981
f 3136 2747 2748
f 3136 3135 2747
f 2870 2871 3007
f 2870 3007 3006
f 2846 2982 2845
f 2846 2983 2982
f 2869 2870 3006
f 2869 3006 3005
f 3104 2962 3105
f 2847 2984 2983
f 2847 2983 2846
f 2868 2869 3005
f 2868 3005 3004
f 3137 3136 2748
f 3137 2748 2749
f 2848 2984 2847
f 2848 2985 2984
f 2867 2868 3004
f 2867 3004 3003
f 2849 2986 2985
f 2849 2985 2848
f 2866 2867 3003
f 2866 3003 3002
f 2850 2986 2849
f 2850 2987 2986
f 3103 2962 3104
f 2865 2866 3002
f 2865 3002 3001
f 2851 2987 2850
f 2851 2988 2987
f 3138 2749 2750
f 2864 2865 3001
f 2864 3001 3000
f 2852 2988 2851
f 2852 2989 2988
f 2863 2864 3000
f 2863 3000 2999
f 3138 3137 2749
f 2853 2989 2852
f 2853 2990 2989
f 2862 2863 2999
f 2862 2999 2998
f 2854 2991 2990
f 2854 2990 2853
f 2861 2862 2998
f 3102 2962 3103
f 2861 2998 2997
f 2855 2991 2854
f 2855 2992 2991
f 2860 2861 2997
f 2860 2997 2996
f 2856 2993 2992
f 2856 2992 2855
f 2859 2860 2996
f 2859 2996 2995
f 3139 2750 2751
f 2857 2993 2856
f 2857 2994 2993
f 2858 2859 2995
f 2858 2994 2857
f 2858 2995 2994
f 3139 3138 2750
f 3101 2962 3102
f 3140 2751 2752
f 3140 3139 2751
f 3100 2962 3101
f 3141 2752 2753
f 3141 3140 2752
f 3099 2962 3100
f 3142 2753 2754
f 3142 3141 2753
f 3098 2961 2962
f 3098 2962 3099
f 3143 2754 2755
f 3143 3142 2754
f 3097 2960 2961
f 3097 2961 3098
f 3144 3143 2755
f 3144 2755 2756
f 3096 2960 3097
f 3096 2959 2960
f 3145 2756 2757
f 3145 3144 2756
f 3095 2959 3096
f 3095 2958 2959
f 3146 2757 2758
f 3146 3145 2757
f 3094 2957 2958
f 3094 2958 3095
f 3147 3146 2758
f 3147 2758 2759
f 3093 2957 3094
f 3093 2956 2957
f 3148 2759 2760
f 3148 3147 2759
f 3092 2955 2956
f 3092 2956 3093
f 3149 2760 2761
f 3149 3148 2760
f 3091 2954 2955
f 3091 2955 3092
f 3150 3149 2761
f 3150 2761 2762
f 3090 2954 3091
f 3090 2953 2954
f 3151 2762 2763
f 3151 3150 2762
f 3089 2952 2953
f 3089 2953 3090
f 3152 2763 2764
f 3152 3151 2763
f 3088 2951 2952
f 3088 2952 3089
f 3153 3152 2764
f 3153 2764 2765
f 3087 2950 2951
f 3087 2951 3088
f 3154 3153 2765
f 3154 2765 2766
f 3086 2949 2950
f 3086 2950 3087
f 3155 2766 2767
f 3155 3154 2766
f 3085 2948 2949
f 3085 2949 3086
f 3156 3155 2767
f 3156 2767 2768
f 3084 2947 2948
f 3084 2948 3085
f 3157 2768 2769
f 3157 3156 2768
f 3083 2946 2947
f 3083 2947 3084
f 3158 2769 2770
f 3158 3157 2769
f 3082 2945 2946
f 3082 2946 3083
f 3159 3158 2770
f 3159 2770 2771
f 3081 2944 2945
f 3081 2945 3082
f 3160 3159 2771
f 3160 2771 2772
f 3080 2944 3081
f 3080 2943 2944
f 3161 2772 2773
f 3161 3160 2772
f 3079 2942 2943
f 3079 2943 3080
f 3162 2773 2774
f 3162 3161 2773
f 3078 2942 3079
f 3078 2941 2942
f 3163 3162 2774
f 3163 2774 2775
f 3077 2941 3078
f 3077 2940 2941
f 3164 3163 2775
f 3164 2775 2776
f 3076 2939 2940
f 3076 2940 3077
f 3165 3164 2776
f 3165 2776 2777
f 3075 2938 2939
f 3075 2939 3076
f 3166 3165 2777
f 3166 2777 2778
f 3074 2938 3075
f 3074 2937 2938
f 3167 3166 2778
f 3167 2778 2779
f 3073 2936 2937
f 3073 2937 3074
f 3168 3167 2779
f 3168 2779 2780
f 3072 2935 2936
f 3072 2936 3073
f 3169 2780 2781
f 3169 3168 2780
f 3071 2934 2935
f 3071 2935 3072
f 3170 3169 2781
f 3170 2781 2782
f 3070 2933 2934
f 3070 2934 3071
f 3171 2782 2783
f 3171 3170 2782
f 3069 2932 2933
f 3069 2933 3070
f 3172 2783 2784
f 3172 3171 2783
f 3068 2931 2932
f 3068 2932 3069
f 3173 2784 2785
f 3173 3172 2784
f 3067 2930 2931
f 3067 2931 3068
f 3174 2785 2786
f 3174 3173 2785
f 3066 2929 2930
f 3066 2930 3067
f 3175 2786 2787
f 3175 3174 2786
f 3065 2928 2929
f 3065 2929 3066
f 3176 2787 2788
f 3176 3175 2787
f 3064 2927 2928
f 3064 2928 3065
f 3177 2788 2789
f 3177 3176 2788
f 3063 2926 2927
f 3063 2927 3064
f 3178 2789 2790
f 3178 3177 2789
f 3062 2925 2926
f 3062 2926 3063
f 3179 2790 2791
f 3179 3178 2790
f 3061 2924 2925
f 3061 2925 3062
f 3180 2791 2792
f 3180 3179 2791
f 3060 2923 2924
f 3060 2924 3061
f 3181 2792 2793
f 3181 3180 2792
f 3059 2922 2923
f 3059 2923 3060
f 3182 2793 2794
f 3182 3181 2793
f 3058 2922 3059
f 3183 3182 2794
f 2921 2922 3058
f 2795 3183 2794
f 3057 2921 3058
f 3184 3183 2795
f 2920 2921 3057
f 2796 3184 2795
f 3056 2920 3057
f 3185 3184 2796
f 2919 3056 3055
f 2919 2920 3056
f 2797 3186 3185
f 2797 3185 2796
f 2918 3055 3054
f 2918 2919 3055
f 2798 3187 3186
f 2798 3186 2797
f 2917 3054 3053
f 2917 2918 3054
f 2799 3188 3187
f 2799 3187 2798
f 2916 3053 3052
f 2916 2917 3053
f 2800 3189 3188
f 2800 3188 2799
f 2915 3052 3051
f 2915 2916 3052
f 2801 3190 3189
f 2801 3189 2800
f 2914 2915 3051
f 2914 3051 3050
f 2802 3190 2801
f 2802 3191 3190
f 2913 3050 3049
f 2913 2914 3050
f 2803 3191 2802
f 2803 3192 3191
f 2912 3049 3048
f 2912 2913 3049
f 2804 3192 2803
f 2804 3193 3192
f 2911 2912 3048
f 2911 3048 3047
f 2805 3193 2804
f 2805 3194 3193
f 2910 3047 3046
f 2910 2911 3047
f 2806 3194 2805
f 2806 3195 3194
f 2909 2910 3046
f 2909 3046 3045
f 2807 3195 2806
f 2807 3196 3195
f 2908 3045 3044
f 2908 2909 3045
f 2808 3196 2807
f 2808 3197 3196
f 2907 3044 3043
f 2907 2908 3044
f 2809 3198 3197
f 2809 3197 2808
f 2906 3043 3042
f 2906 2907 3043
f 2810 3199 3198
f 2810 3198 2809
f 2905 2906 3042
f 2905 3042 3041
f 2811 3200 3199
f 2811 3199 2810
f 2904 3041 3040
f 2904 2905 3041
f 2812 3200 2811
f 2812 3201 3200
f 2903 3040 3039
f 2903 2904 3040
f 2813 3201 2812
f 2813 3202 3201
f 2902 3039 3038
f 2902 2903 3039
f 2814 3203 3202
f 2814 3202 2813
f 2901 2902 3038
f 2901 3038 3037
f 2815 3203 2814
f 2815 3204 3203
f 2900 3037 3036
f 2900 2901 3037
f 2816 3204 2815
f 2816 3205 3204
f 2899 3036 3035
f 2899 2900 3036
f 2817 3205 2816
f 2817 3206 3205
f 2898 3035 3034
f 2898 2899 3035
f 2818 3206 2817
f 2818 3207 3206
f 2897 3034 3033
f 2897 2898 3034
f 2819 3208 3207
f 2819 3207 2818
f 2896 3033 3032
f 2896 2897 3033
f 2820 3209 3208
f 2820 3208 2819
f 2895 3032 3031
f 2895 2896 3032
f 2821 3209 2820
f 2821 3210 3209
f 2894 3031 3030
f 2894 2895 3031
f 2822 3210 2821
f 2822 3211 3210
f 2893 3030 3029
f 2893 2894 3030
f 2823 3211 2822
f 2823 3212 3211
f 2892 2893 3029
f 2892 3029 3028
f 2824 3212 2823
f 2824 3213 3212
f 2891 3028 3027
f 2891 2892 3028
f 2825 3213 2824
f 2825 3214 3213
f 3217 3215 3216
f 3221 3218 3220
f 3226 3218 3221
f 3225 3218 3226
f 3224 3218 3225
f 3223 3218 3224
f 3222 3218 3223
f 3219 3218 3222
f 3230 3228 3227
f 3230 3227 3229
f 3232 3231 3233
f 3232 3233 3234
f 3238 3235 3237
f 3239 3235 3238
f 3240 3235 3239
f 3241 3235 3240
f 3236 3235 3241
f 3243 3242 3727
f 3243 3727 3728
f 3730 3243 3729
f 3244 3243 3730
f 3244 3730 3731
f 3726 3244 3731
f 3245 3244 3726
f 3718 3720 3719
f 3718 3721 3720
f 3723 3722 3718
f 3717 3723 3718
f 3717 3724 3723
f 3725 3245 3726
f 3725 3724 3717
f 3716 3246 3245
f 3716 3245 3725
f 3716 3725 3717
f 3715 3247 3246
f 3715 3246 3716
f 3714 3248 3247
f 3714 3247 3715
f 3713 3249 3248
f 3713 3248 3714
f 3712 3250 3249
f 3712 3249 3713
f 3711 3251 3250
f 3711 3250 3712
f 3710 3252 3251
f 3710 3251 3711
f 3709 3253 3252
f 3709 3252 3710
f 3708 3254 3253
f 3708 3253 3709
f 3707 3255 3254
f 3707 3254 3708
f 3706 3256 3255
f 3706 3255 3707
f 3705 3257 3256
f 3705 3256 3706
f 3704 3258 3257
f 3704 3257 3705
f 3703 3259 3258
f 3703 3258 3704
f 3702 3260 3259
f 3702 3259 3703
f 3701 3261 3260
f 3701 3260 3702
f 3700 3262 3261
f 3700 3261 3701
f 3699 3263 3262
f 3699 3262 3700
f 3698 3264 3263
f 3698 3263 3699
f 3697 3264 3698
f 3697 3265 3264
f 3696 3265 3697
f 3696 3266 3265
f 3695 3266 3696
f 3695 3267 3266
f 3694 3267 3695
f 3694 3268 3267
f 3693 3268 3694
f 3693 3269 3268
f 3692 3269 3693
f 3692 3270 3269
f 3691 3271 3270
f 3691 3270 3692
f 3690 3272 3271
f 3690 3271 3691
f 3689 3273 3272
f 3689 3272 3690
f 3688 3274 3273
f 3688 3273 3689
f 3687 3275 3274
f 3687 3274 3688
f 3686 3276 3275
f 3686 3275 3687
f 3685 3277 3276
f 3685 3276 3686
f 3684 3278 3277
f 3684 3277 3685
f 3683 3279 3278
f 3683 3278 3684
f 3682 3279 3683
f 3681 3280 3279
f 3681 3279 3682
f 3680 3281 3280
f 3680 3282 3281
f 3680 3280 3681
f 3679 3283 3282
f 3679 3282 3680
f 3678 3284 3283
f 3678 3283 3679
f 3677 3284 3678
f 3676 3285 3284
f 3676 3286 3285
f 3676 3284 3677
f 3675 3286 3676
f 3674 3287 3286
f 3674 3286 3675
f 3673 3288 3287
f 3673 3287 3674
f 3672 3289 3288
f 3672 3288 3673
f 3671 3289 3672
f 3671 3290 3289
f 3671 3291 3290
f 3670 3291 3671
f 3669 3291 3670
f 3669 3292 3291
f 3668 3292 3669
f 3668 3293 3292
f 3667 3293 3668
f 3667 3294 3293
f 3666 3294 3667
f 3666 3295 3294
f 3665 3295 3666
f 3665 3296 3295
f 3664 3296 3665
f 3664 3297 3296
f 3663 3297 3664
f 3663 3298 3297
f 3662 3298 3663
f 3662 3299 3298
f 3661 3299 3662
f 3661 3300 3299
f 3660 3300 3661
f 3660 3301 3300
f 3659 3301 3660
f 3659 3302 3301
f 3658 3302 3659
f 3658 3303 3302
f 3657 3304 3303
f 3657 3303 3658
f 3656 3305 3304
f 3656 3304 3657
f 3655 3306 3305
f 3655 3305 3656
f 3654 3307 3306
f 3654 3306 3655
f 3653 3308 3307
f 3653 3307 3654
f 3652 3309 3308
f 3652 3308 3653
f 3651 3310 3309
f 3651 3309 3652
f 3650 3311 3310
f 3650 3310 3651
f 3649 3312 3311
f 3649 3311 3650
f 3648 3313 3312
f 3648 3312 3649
f 3647 3314 3313
f 3647 3313 3648
f 3646 3314 3647
f 3646 3315 3314
f 3645 3315 3646
f 3645 3316 3315
f 3644 3316 3645
f 3644 3317 3316
f 3643 3317 3644
f 3643 3318 3317
f 3642 3318 3643
f 3642 3319 3318
f 3641 3319 3642
f 3641 3320 3319
f 3640 3320 3641
f 3640 3321 3320
f 3639 3321 3640
f 3639 3322 3321
f 3638 3322 3639
f 3638 3323 3322
f 3637 3323 3638
f 3637 3324 3323
f 3636 3324 3637
f 3636 3325 3324
f 3635 3325 3636
f 3635 3326 3325
f 3634 3326 3635
f 3634 3327 3326
f 3633 3327 3634
f 3633 3328 3327
f 3633 3329 3328
f 3632 3329 3633
f 3631 3329 3632
f 3631 3330 3329
f 3630 3330 3631
f 3630 3331 3330
f 3629 3331 3630
f 3629 3332 3331
f 3628 3332 3629
f 3628 3333 3332
f 3627 3333 3628
f 3627 3334 3333
f 3626 3334 3627
f 3626 3335 3334
f 3625 3335 3626
f 3625 3336 3335
f 3624 3337 3336
f 3624 3336 3625
f 3623 3338 3337
f 3623 3337 3624
f 3622 3338 3623
f 3622 3339 3338
f 3621 3339 3622
f 3621 3340 3339
f 3620 3340 3621
f 3620 3341 3340
f 3619 3341 3620
f 3619 3342 3341
f 3618 3343 3342
f 3618 3342 3619
f 3617 3344 3343
f 3617 3343 3618
f 3616 3345 3344
f 3616 3344 3617
f 3615 3346 3345
f 3615 3345 3616
f 3614 3347 3346
f 3614 3346 3615
f 3613 3348 3347
f 3613 3347 3614
f 3612 3349 3348
f 3612 3348 3613
f 3611 3350 3349
f 3611 3349 3612
f 3610 3351 3350
f 3610 3350 3611
f 3609 3352 3351
f 3609 3351 3610
f 3608 3353 3352
f 3608 3352 3609
f 3607 3354 3353
f 3607 3353 3608
f 3606 3355 3354
f 3606 3354 3607
f 3605 3356 3355
f 3605 3357 3356
f 3605 3355 3606
f 3604 3357 3605
f 3603 3358 3357
f 3603 3357 3604
f 3602 3359 3358
f 3602 3358 3603
f 3601 3360 3359
f 3601 3359 3602
f 3600 3361 3360
f 3600 3360 3601
f 3599 3362 3361
f 3599 3361 3600
f 3598 3363 3362
f 3598 3362 3599
f 3597 3364 3363
f 3597 3363 3598
f 3596 3364 3597
f 3596 3365 3364
f 3595 3365 3596
f 3595 3366 3365
f 3594 3366 3595
f 3594 3367 3366
f 3593 3367 3594
f 3593 3368 3367
f 3592 3368 3593
f 3592 3369 3368
f 3591 3369 3592
f 3591 3370 3369
f 3590 3370 3591
f 3590 3371 3370
f 3589 3372 3371
f 3589 3371 3590
f 3588 3373 3372
f 3588 3372 3589
f 3587 3374 3373
f 3587 3373 3588
f 3586 3375 3374
f 3586 3374 3587
f 3585 3376 3375
f 3585 3375 3586
f 3584 3377 3376
f 3584 3378 3377
f 3584 3376 3585
f 3583 3378 3584
f 3582 3379 3378
f 3582 3378 3583
f 3581 3380 3379
f 3581 3379 3582
f 3580 3381 3380
f 3580 3382 3381
f 3580 3380 3581
f 3579 3382 3580
f 3578 3383 3382
f 3578 3384 3383
f 3578 3382 3579
f 3577 3384 3578
f 3576 3385 3384
f 3576 3384 3577
f 3575 3386 3385
f 3575 3385 3576
f 3574 3387 3386
f 3574 3388 3387
f 3574 3386 3575
f 3573 3388 3574
f 3572 3389 3388
f 3572 3390 3389
f 3572 3388 3573
f 3571 3390 3572
f 3570 3390 3571
f 3570 3391 3390
f 3570 3392 3391
f 3569 3392 3570
f 3568 3392 3569
f 3568 3393 3392
f 3567 3393 3568
f 3567 3394 3393
f 3566 3394 3567
f 3566 3395 3394
f 3565 3395 3566
f 3565 3396 3395
f 3564 3396 3565
f 3564 3397 3396
f 3563 3397 3564
f 3563 3398 3397
f 3563 3399 3398
f 3562 3399 3563
f 3561 3399 3562
f 3561 3400 3399
f 3561 3401 3400
f 3560 3401 3561
f 3560 3402 3401
f 3559 3402 3560
f 3558 3402 3559
f 3558 3403 3402
f 3557 3403 3558
f 3557 3404 3403
f 3556 3405 3404
f 3556 3406 3405
f 3556 3404 3557
f 3555 3407 3406
f 3555 3406 3556
f 3554 3407 3555
f 3553 3408 3407
f 3553 3407 3554
f 3552 3409 3408
f 3552 3408 3553
f 3551 3410 3409
f 3551 3411 3410
f 3551 3409 3552
f 3550 3411 3551
f 3549 3412 3411
f 3549 3411 3550
f 3548 3413 3412
f 3548 3414 3413
f 3548 3412 3549
f 3547 3415 3414
f 3547 3414 3548
f 3546 3415 3547
f 3545 3415 3546
f 3545 3416 3415
f 3545 3417 3416
f 3544 3417 3545
f 3544 3418 3417
f 3543 3418 3544
f 3542 3418 3543
f 3542 3419 3418
f 3542 3420 3419
f 3541 3420 3542
f 3540 3420 3541
f 3540 3421 3420
f 3540 3422 3421
f 3539 3422 3540
f 3538 3422 3539
f 3538 3423 3422
f 3537 3423 3538
f 3537 3424 3423
f 3537 3425 3424
f 3536 3425 3537
f 3535 3425 3536
f 3535 3426 3425
f 3535 3427 3426
f 3534 3427 3535
f 3533 3427 3534
f 3533 3428 3427
f 3532 3428 3533
f 3532 3429 3428
f 3531 3429 3532
f 3531 3430 3429
f 3531 3431 3430
f 3530 3431 3531
f 3530 3432 3431
f 3529 3432 3530
f 3529 3433 3432
f 3528 3433 3529
f 3527 3433 3528
f 3527 3434 3433
f 3527 3435 3434
f 3526 3435 3527
f 3526 3436 3435
f 3525 3436 3526
f 3524 3436 3525
f 3524 3437 3436
f 3524 3438 3437
f 3523 3438 3524
f 3522 3439 3438
f 3522 3440 3439
f 3522 3438 3523
f 3521 3440 3522
f 3520 3440 3521
f 3520 3441 3440
f 3520 3442 3441
f 3519 3442 3520
f 3518 3442 3519
f 3518 3443 3442
f 3517 3444 3443
f 3517 3443 3518
f 3516 3445 3444
f 3516 3444 3517
f 3515 3446 3445
f 3515 3445 3516
f 3514 3447 3446
f 3514 3448 3447
f 3514 3446 3515
f 3513 3448 3514
f 3512 3449 3448
f 3512 3448 3513
f 3511 3450 3449
f 3511 3451 3450
f 3511 3449 3512
f 3510 3451 3511
f 3509 3452 3451
f 3509 3453 3452
f 3509 3451 3510
f 3508 3453 3509
f 3507 3454 3453
f 3507 3453 3508
f 3506 3455 3454
f 3506 3454 3507
f 3505 3456 3455
f 3505 3457 3456
f 3505 3455 3506
f 3504 3458 3457
f 3504 3457 3505
f 3503 3458 3504
f 3502 3459 3458
f 3502 3458 3503
f 3501 3460 3459
f 3501 3461 3460
f 3501 3459 3502
f 3500 3462 3461
f 3500 3461 3501
f 3499 3462 3500
f 3498 3463 3462
f 3498 3462 3499
f 3497 3464 3463
f 3497 3463 3498
f 3496 3465 3464
f 3496 3466 3465
f 3496 3464 3497
f 3495 3466 3496
f 3495 3467 3466
f 3494 3467 3495
f 3493 3467 3494
f 3493 3468 3467
f 3493 3469 3468
f 3492 3469 3493
f 3492 3470 3469
f 3491 3470 3492
f 3490 3470 3491
f 3490 3471 3470
f 3490 3472 3471
f 3489 3472 3490
f 3489 3473 3472
f 3475 3477 3478
f 3475 3474 3477
f 3488 3473 3489
f 3488 3474 3473
f 3480 3475 3479
f 3476 3475 3480
f 3487 3477 3474
f 3487 3474 3488
f 3481 3477 3487
f 3486 3482 3481
f 3486 3481 3487
f 3484 3483 3486
f 3485 3484 3486
f 3479 3475 3478
f 3482 3486 3483
f 3721 3718 3722
f 3729 3243 3728
f 3733 3732 3734
f 3733 3734 3735
f 3739 3737 3736
f 3739 3736 3738
f 3742 3740 3741
f 3743 3742 3741
f 3744 3743 3741
f 3745 3744 3741
f 3746 3745 3741
f 4002 3747 3748
f 4002 3748 3749
f 4003 3749 3750
f 4003 4002 3749
f 4004 3750 3751
f 4004 4003 3750
f 4005 3751 3752
f 4005 4004 3751
f 4006 3752 3753
f 4006 4005 3752
f 4007 3753 3754
f 4007 4006 3753
f 4008 3754 3755
f 4008 4007 3754
f 4009 3755 3756
f 4009 4008 3755
f 4010 3756 3757
f 4010 4009 3756
f 4011 3757 3758
f 4011 4010 3757
f 4012 3758 3759
f 4012 4011 3758
f 4013 3759 3760
f 4013 4012 3759
f 4014 3760 3761
f 4014 4013 3760
f 4015 3761 3762
f 4015 4014 3761
f 4016 3762 3763
f 4016 4015 3762
f 4017 3763 3764
f 4017 4016 3763
f 4018 3764 3765
f 4018 4017 3764
f 4019 3765 3766
f 4019 4018 3765
f 4020 3766 3767
f 4020 4019 3766
f 4021 3767 3768
f 4021 4020 3767
f 4022 3768 3769
f 4022 4021 3768
f 4023 3769 3770
f 4023 4022 3769
f 4024 3770 3771
f 4024 4023 3770
f 4025 4024 3771
f 4025 3771 3772
f 4026 4025 3772
f 4026 3772 3773
f 4027 4026 3773
f 4027 3773 3774
f 4028 4027 3774
f 4028 3774 3775
f 4029 4028 3775
f 4029 3775 3776
f 4030 4029 3776
f 4030 3776 3777
f 4031 4030 3777
f 4031 3777 3778
f 4032 4031 3778
f 4032 3778 3779
f 4033 4032 3779
f 4033 3779 3780
f 4034 3780 3781
f 4034 4033 3780
f 4035 3781 3782
f 4035 4034 3781
f 4036 3782 3783
f 4036 4035 3782
f 4037 3783 3784
f 4037 4036 3783
f 4038 3784 3785
f 4038 4037 3784
f 4039 3785 3786
f 4039 3786 3787
f 4039 4038 3785
f 4040 4039 3787
f 4041 3787 3788
f 4041 4040 3787
f 4042 3788 3789
f 4042 4041 3788
f 4043 3789 3790
f 4043 4042 3789
f 4044 3790 3791
f 4044 4043 3790
f 4045 3791 3792
f 4045 4044 3791
f 4046 3792 3793
f 4046 4045 3792
f 4047 3793 3794
f 4047 4046 3793
f 4048 3794 3795
f 4048 4047 3794
f 4049 3795 3796
f 4049 4048 3795
f 4050 4049 3796
f 4050 3796 3797
f 4051 4050 3797
f 4051 3797 3798
f 4052 4051 3798
f 4052 3798 3799
f 4053 4052 3799
f 4053 3799 3800
f 4054 4053 3800
f 4054 3800 3801
f 4055 4054 3801
f 4055 3801 3802
f 4056 4055 3802
f 4056 3802 3803
f 4057 4056 3803
f 4057 3803 3804
f 4058 4057 3804
f 4058 3804 3805
f 4059 4058 3805
f 4059 3805 3806
f 4060 4059 3806
f 4060 3806 3807
f 4061 4060 3807
f 4061 3807 3808
f 4062 4061 3808
f 4062 3808 3809
f 4063 4062 3809
f 4063 3809 3810
f 4064 4063 3810
f 4064 3810 3811
f 4065 4064 3811
f 4065 3811 3812
f 4066 3812 3813
f 4066 4065 3812
f 4067 3813 3814
f 4067 4066 3813
f 4067 3814 3815
f 4068 3815 3816
f 4068 4067 3815
f 4069 4068 3816
f 4070 3816 3817
f 4070 4069 3816
f 4071 3817 3818
f 4071 4070 3817
f 4072 3818 3819
f 4072 3819 3820
f 4072 4071 3818
f 4073 4072 3820
f 4074 3820 3821
f 4074 3821 3822
f 4074 4073 3820
f 4075 3822 3823
f 4075 4074 3822
f 4076 4075 3823
f 4077 4076 3823
f 4077 3823 3824
f 4077 3824 3825
f 4078 4077 3825
f 4079 4078 3825
f 4079 3825 3826
f 4079 3826 3827
f 4080 4079 3827
f 4081 4080 3827
f 4081 3827 3828
f 4081 3828 3829
f 4082 4081 3829
f 4083 4082 3829
f 4083 3829 3830
f 4084 4083 3830
f 4084 3830 3831
f 4085 4084 3831
f 4085 3831 3832
f 4085 3832 3833
f 4086 4085 3833
f 4087 4086 3833
f 4087 3833 3834
f 4087 3834 3835
f 4088 4087 3835
f 4089 4088 3835
f 4089 3835 3836
f 4089 3836 3837
f 4090 4089 3837
f 4091 4090 3837
f 4091 3837 3838
f 4091 3838 3839
f 4092 4091 3839
f 4092 3839 3840
f 4093 4092 3840
f 4094 4093 3840
f 4094 3840 3841
f 4094 3841 3842
f 4095 4094 3842
f 4096 4095 3842
f 4096 3842 3843
f 4097 4096 3843
f 4097 3843 3844
f 4098 4097 3844
f 4098 3844 3845
f 4099 4098 3845
f 4099 3845 3846
f 4100 4099 3846
f 4100 3846 3847
f 4101 3847 3848
f 4101 4100 3847
f 4102 3848 3849
f 4102 3849 3850
f 4102 4101 3848
f 4103 4102 3850
f 4104 3850 3851
f 4104 3851 3852
f 4104 4103 3850
f 4105 4104 3852
f 4106 3852 3853
f 4106 3853 3854
f 4106 4105 3852
f 4107 3854 3855
f 4107 4106 3854
f 4108 4107 3855
f 4109 3855 3856
f 4109 3856 3857
f 4109 4108 3855
f 4110 4109 3857
f 4111 3857 3858
f 4111 4110 3857
f 4112 3858 3859
f 4112 4111 3858
f 4113 3859 3860
f 4113 3860 3861
f 4113 4112 3859
f 4114 4113 3861
f 4115 3861 3862
f 4115 4114 3861
f 4116 3862 3863
f 4116 4115 3862
f 4117 3863 3864
f 4117 3864 3865
f 4117 4116 3863
f 4118 4117 3865
f 4119 3865 3866
f 4119 4118 3865
f 4120 3866 3867
f 4120 4119 3866
f 4121 3867 3868
f 4121 3868 3869
f 4121 4120 3867
f 4122 3869 3870
f 4122 4121 3869
f 4123 4122 3870
f 4124 3870 3871
f 4124 4123 3870
f 4125 3871 3872
f 4125 3872 3873
f 4125 4124 3871
f 4126 4125 3873
f 4126 3873 3874
f 4127 4126 3874
f 4128 4127 3874
f 4128 3874 3875
f 4128 3875 3876
f 4129 4128 3876
f 4130 4129 3876
f 4130 3876 3877
f 4130 3877 3878
f 4131 4130 3878
f 4131 3878 3879
f 4132 4131 3879
f 4132 3879 3880
f 4133 4132 3880
f 4134 4133 3880
f 4134 3880 3881
f 4135 3881 3882
f 4135 3882 3883
f 4135 4134 3881
f 4136 4135 3883
f 4137 3883 3884
f 4137 3884 3885
f 4137 4136 3883
f 4138 4137 3885
f 4139 3885 3886
f 4139 3886 3887
f 4139 4138 3885
f 4140 3887 3888
f 4140 4139 3887
f 4141 4140 3888
f 4142 3888 3889
f 4142 3889 3890
f 4142 4141 3888
f 4143 3890 3891
f 4143 4142 3890
f 4144 3891 3892
f 4144 4143 3891
f 4145 4144 3892
f 4146 3892 3893
f 4146 3893 3894
f 4146 4145 3892
f 4147 3894 3895
f 4147 4146 3894
f 4148 4147 3895
f 4149 3895 3896
f 4149 4148 3895
f 4150 3896 3897
f 4150 4149 3896
f 4151 4150 3897
f 4151 3897 3898
f 4151 3898 3899
f 4152 4151 3899
f 4152 3899 3900
f 4153 4152 3900
f 4153 3900 3901
f 4154 4153 3901
f 4155 4154 3901
f 4155 3901 3902
f 4155 3902 3903
f 4156 4155 3903
f 4156 3903 3904
f 4157 4156 3904
f 4157 3904 3905
f 4158 4157 3905
f 4159 4158 3905
f 4159 3905 3906
f 4159 3906 3907
f 4160 4159 3907
f 4160 3907 3908
f 4161 4160 3908
f 4161 3908 3909
f 4162 4161 3909
f 4163 4162 3909
f 4163 3909 3910
f 4163 3910 3911
f 4164 4163 3911
f 4164 3911 3912
f 4165 4164 3912
f 4165 3912 3913
f 4166 4165 3913
f 4166 3913 3914
f 4167 4166 3914
f 4168 4167 3914
f 4168 3914 3915
f 4168 3915 3916
f 4169 3916 3917
f 4169 4168 3916
f 4170 3917 3918
f 4170 4169 3917
f 4171 4170 3918
f 4172 3918 3919
f 4172 3919 3920
f 4172 4171 3918
f 4173 3920 3921
f 4173 4172 3920
f 4174 3921 3922
f 4174 4173 3921
f 4175 4174 3922
f 4176 4175 3922
f 4176 3922 3923
f 4176 3923 3924
f 4177 4176 3924
f 4177 3924 3925
f 4178 4177 3925
f 4178 3925 3926
f 4179 4178 3926
f 4180 4179 3926
f 4180 3926 3927
f 4180 3927 3928
f 4181 4180 3928
f 4181 3928 3929
f 4182 4181 3929
f 4183 4182 3929
f 4183 3929 3930
f 4183 3930 3931
f 4184 4183 3931
f 4185 4184 3931
f 4185 3931 3932
f 4186 4185 3932
f 4186 3932 3933
f 4186 3933 3934
f 4187 4186 3934
f 4188 4187 3934
f 4188 3934 3935
f 4189 4188 3935
f 4189 3935 3936
f 4189 3936 3937
f 4190 4189 3937
f 4190 3937 3938
f 4191 4190 3938
f 4191 3938 3939
f 4192 4191 3939
f 4193 4192 3939
f 4193 3939 3940
f 4194 4193 3940
f 4194 3940 3941
f 4194 3941 3942
f 4195 4194 3942
f 4196 4195 3942
f 4196 3942 3943
f 4197 4196 3943
f 4197 3943 3944
f 4198 4197 3944
f 4198 3944 3945
f 4199 4198 3945
f 4199 3945 3946
f 4200 4199 3946
f 4200 3946 3947
f 4201 4200 3947
f 4201 3947 3948
f 4202 3948 3949
f 4202 3949 3950
f 4202 4201 3948
f 4203 3950 3951
f 4203 4202 3950
f 4204 4203 3951
f 4205 3951 3952
f 4205 4204 3951
f 4206 3952 3953
f 4206 3953 3954
f 4206 4205 3952
f 4207 4206 3954
f 4208 3954 3955
f 4208 4207 3954
f 4209 3955 3956
f 4209 4208 3955
f 4210 3956 3957
f 4210 3957 3958
f 4210 4209 3956
f 4211 4210 3958
f 4212 3958 3959
f 4212 3959 3960
f 4212 4211 3958
f 4213 4212 3960
f 4214 3960 3961
f 4214 4213 3960
f 4215 3961 3962
f 4215 4214 3961
f 4216 3962 3963
f 4216 3963 3964
f 4216 4215 3962
f 4217 4216 3964
f 4218 3964 3965
f 4218 4217 3964
f 4219 3965 3966
f 4219 3966 3967
f 4219 4218 3965
f 4220 4219 3967
f 4221 3967 3968
f 4221 3968 3969
f 4221 4220 3967
f 4222 4221 3969
f 4223 3969 3970
f 4223 3970 3971
f 4223 4222 3969
f 4224 4223 3971
f 4225 3971 3972
f 4225 3972 3973
f 4225 4224 3971
f 4226 3973 3974
f 4226 4225 3973
f 4227 4226 3974
f 4228 4227 3974
f 4228 3974 3975
f 4229 4228 3975
f 4229 3975 3976
f 4229 3976 3977
f 4230 4229 3977
f 4230 3977 3978
f 4231 4230 3978
f 4232 4231 3978
f 4232 3978 3979
f 4232 3979 3980
f 4233 4232 3980
f 4234 4233 3980
f 4234 3980 3981
f 4234 3981 3982
f 4235 4234 3982
f 4236 3982 3983
f 4236 4235 3982
f 4237 3983 3984
f 4237 3984 3985
f 4237 4236 3983
f 4238 4237 3985
f 4239 3985 3986
f 4239 4238 3985
f 4240 3986 3987
f 4240 4239 3986
f 4241 3987 3988
f 4241 4240 3987
f 4242 3988 3989
f 4242 3989 3990
f 4242 4241 3988
f 4243 3990 3991
f 4243 4242 3990
f 4244 4243 3991
f 4245 3991 3992
f 4245 3992 3993
f 4245 4244 3991
f 4246 3993 3994
f 4246 4245 3993
f 4247 4246 3994
f 4248 3994 3995
f 4248 4247 3994
f 4249 3995 3996
f 4249 3996 3997
f 4249 4248 3995
f 4250 4249 3997
f 4251 3997 3998
f 4251 3998 3999
f 4251 4250 3997
f 4252 4251 3999
f 4001 4252 3999
f 4001 3999 4000
