{"min": [-0.3479113673456452, -0.05700715972049324, -0.8720688593235487], "max": [0.3489192105329736, 0.11720048474916145, 0.8700076528912194]}