{"handle_min": [-0.11278004910331436, -0.05896740316244032, -0.022376991727235635], "handle_max": [0.022377002802879766, 4.509683333163961e-09, 0.02237700260014998], "goal_pos": [-0.0563900273015221, 0.0, 0.04738529582529039]}