v -0.035000 -0.025000 0.000000
v -0.035000 -0.025000 0.095000
v -0.035000 -0.022000 0.000000
v -0.035000 -0.022000 0.095000
v -0.035000 -0.025000 0.000000
v -0.006700 -0.025000 0.000000
v -0.035000 -0.025000 0.095000
v -0.006700 -0.025000 0.095000
v -0.006700 -0.025000 0.076880
v -0.005000 -0.025000 0.076880
v -0.005000 -0.025000 0.056560
v -0.006700 -0.025000 0.056560
v -0.006700 -0.025000 0.038440
v -0.005000 -0.025000 0.038440
v -0.005000 -0.025000 0.018120
v -0.006700 -0.025000 0.018120
v -0.035000 -0.022000 0.095000
v -0.005000 -0.022000 0.095000
v -0.035000 -0.025000 0.095000
v -0.006700 -0.025000 0.095000
v -0.006700 -0.027000 0.095000
v -0.004472 -0.027000 0.095000
v -0.004570 -0.027113 0.095000
v -0.004666 -0.027228 0.095000
v -0.004758 -0.027345 0.095000
v -0.004848 -0.027465 0.095000
v -0.004935 -0.027587 0.095000
v -0.005018 -0.027711 0.095000
v -0.005099 -0.027837 0.095000
v -0.005176 -0.027965 0.095000
v -0.005250 -0.028095 0.095000
v -0.005321 -0.028227 0.095000
v -0.005388 -0.028360 0.095000
v -0.005452 -0.028495 0.095000
v -0.005513 -0.028632 0.095000
v -0.005570 -0.028770 0.095000
v -0.005624 -0.028910 0.095000
v -0.005674 -0.029050 0.095000
v -0.005721 -0.029193 0.095000
v -0.005765 -0.029336 0.095000
v -0.005804 -0.029480 0.095000
v -0.005840 -0.029625 0.095000
v -0.005873 -0.029771 0.095000
v -0.005902 -0.029918 0.095000
v -0.005927 -0.030065 0.095000
v -0.005948 -0.030213 0.095000
v -0.005966 -0.030362 0.095000
v -0.005980 -0.030510 0.095000
v -0.005990 -0.030660 0.095000
v -0.005997 -0.030809 0.095000
v -0.006000 -0.030959 0.095000
v -0.005999 -0.031108 0.095000
v -0.005994 -0.031258 0.095000
v -0.005986 -0.031407 0.095000
v -0.005974 -0.031556 0.095000
v -0.005958 -0.031705 0.095000
v -0.005939 -0.031853 0.095000
v -0.005916 -0.032001 0.095000
v -0.005889 -0.032148 0.095000
v -0.005859 -0.032294 0.095000
v -0.005825 -0.032440 0.095000
v -0.005787 -0.032585 0.095000
v -0.005746 -0.032728 0.095000
v -0.005701 -0.032871 0.095000
v -0.005652 -0.033012 0.095000
v -0.005601 -0.033153 0.095000
v -0.005545 -0.033292 0.095000
v -0.005486 -0.033429 0.095000
v -0.005424 -0.033565 0.095000
v -0.005358 -0.033699 0.095000
v -0.005289 -0.033832 0.095000
v -0.005217 -0.033963 0.095000
v -0.005142 -0.034092 0.095000
v -0.005063 -0.034219 0.095000
v -0.004981 -0.034345 0.095000
v -0.004896 -0.034468 0.095000
v -0.004808 -0.034589 0.095000
v -0.004718 -0.034707 0.095000
v -0.004624 -0.034824 0.095000
v -0.004527 -0.034938 0.095000
v -0.004427 -0.035049 0.095000
v -0.004325 -0.035159 0.095000
v -0.004220 -0.035265 0.095000
v -0.004112 -0.035369 0.095000
v -0.004002 -0.035470 0.095000
v -0.003890 -0.035568 0.095000
v -0.003775 -0.035664 0.095000
v -0.003657 -0.035757 0.095000
v -0.003538 -0.035846 0.095000
v -0.003416 -0.035933 0.095000
v -0.003292 -0.036016 0.095000
v -0.003166 -0.036097 0.095000
v -0.003038 -0.036174 0.095000
v -0.002908 -0.036248 0.095000
v -0.002776 -0.036319 0.095000
v -0.002643 -0.036387 0.095000
v -0.002508 -0.036451 0.095000
v -0.002371 -0.036512 0.095000
v -0.002233 -0.036569 0.095000
v -0.002093 -0.036623 0.095000
v -0.001952 -0.036673 0.095000
v -0.001810 -0.036720 0.095000
v -0.001667 -0.036764 0.095000
v -0.001523 -0.036803 0.095000
v -0.001378 -0.036840 0.095000
v -0.001232 -0.036872 0.095000
v -0.001085 -0.036901 0.095000
v -0.000938 -0.036926 0.095000
v -0.000790 -0.036948 0.095000
v -0.000642 -0.036966 0.095000
v -0.000493 -0.036980 0.095000
v -0.000343 -0.036990 0.095000
v -0.000194 -0.036997 0.095000
v -0.000045 -0.037000 0.095000
v 0.000105 -0.036999 0.095000
v 0.000254 -0.036995 0.095000
v 0.000404 -0.036986 0.095000
v 0.000553 -0.036974 0.095000
v 0.000702 -0.036959 0.095000
v 0.000850 -0.036940 0.095000
v 0.000998 -0.036916 0.095000
v 0.001145 -0.036890 0.095000
v 0.001291 -0.036859 0.095000
v 0.001437 -0.036825 0.095000
v 0.001582 -0.036788 0.095000
v 0.001725 -0.036747 0.095000
v 0.001868 -0.036702 0.095000
v 0.002010 -0.036653 0.095000
v 0.002150 -0.036602 0.095000
v 0.002289 -0.036546 0.095000
v 0.002426 -0.036488 0.095000
v 0.002562 -0.036425 0.095000
v 0.002697 -0.036360 0.095000
v 0.002829 -0.036291 0.095000
v 0.002960 -0.036219 0.095000
v 0.003090 -0.036143 0.095000
v 0.003217 -0.036065 0.095000
v 0.003342 -0.035983 0.095000
v 0.003465 -0.035898 0.095000
v 0.003586 -0.035810 0.095000
v 0.003705 -0.035719 0.095000
v 0.003821 -0.035626 0.095000
v 0.003936 -0.035529 0.095000
v 0.004047 -0.035430 0.095000
v 0.004156 -0.035327 0.095000
v 0.004263 -0.035222 0.095000
v 0.004367 -0.035115 0.095000
v 0.004468 -0.035005 0.095000
v 0.004566 -0.034892 0.095000
v 0.004662 -0.034777 0.095000
v 0.004755 -0.034660 0.095000
v 0.004844 -0.034540 0.095000
v 0.004931 -0.034418 0.095000
v 0.005015 -0.034294 0.095000
v 0.005095 -0.034168 0.095000
v 0.005173 -0.034040 0.095000
v 0.005247 -0.033910 0.095000
v 0.005318 -0.033779 0.095000
v 0.005385 -0.033645 0.095000
v 0.005450 -0.033510 0.095000
v 0.005510 -0.033374 0.095000
v 0.005568 -0.033236 0.095000
v 0.005622 -0.033096 0.095000
v 0.005672 -0.032955 0.095000
v 0.005719 -0.032813 0.095000
v 0.005763 -0.032670 0.095000
v 0.005803 -0.032526 0.095000
v 0.005839 -0.032381 0.095000
v 0.005871 -0.032235 0.095000
v 0.005900 -0.032088 0.095000
v 0.005926 -0.031941 0.095000
v 0.005947 -0.031793 0.095000
v 0.005965 -0.031645 0.095000
v 0.005979 -0.031496 0.095000
v 0.005990 -0.031347 0.095000
v 0.005997 -0.031197 0.095000
v 0.006000 -0.031048 0.095000
v 0.005999 -0.030898 0.095000
v 0.005995 -0.030749 0.095000
v 0.005987 -0.030599 0.095000
v 0.005975 -0.030450 0.095000
v 0.005959 -0.030302 0.095000
v 0.005940 -0.030153 0.095000
v 0.005917 -0.030005 0.095000
v 0.005890 -0.029858 0.095000
v 0.005860 -0.029712 0.095000
v 0.005826 -0.029566 0.095000
v 0.005789 -0.029421 0.095000
v 0.005747 -0.029278 0.095000
v 0.005703 -0.029135 0.095000
v 0.005655 -0.028993 0.095000
v 0.005603 -0.028853 0.095000
v 0.005548 -0.028714 0.095000
v 0.005489 -0.028577 0.095000
v 0.005427 -0.028441 0.095000
v 0.005361 -0.028306 0.095000
v 0.005292 -0.028173 0.095000
v 0.005220 -0.028042 0.095000
v 0.005145 -0.027913 0.095000
v 0.005066 -0.027786 0.095000
v 0.004985 -0.027661 0.095000
v 0.004900 -0.027537 0.095000
v 0.004812 -0.027416 0.095000
v 0.004721 -0.027298 0.095000
v 0.004628 -0.027181 0.095000
v 0.004531 -0.027067 0.095000
v 0.004432 -0.026955 0.095000
v 0.004329 -0.026846 0.095000
v 0.004225 -0.026739 0.095000
v 0.004117 -0.026635 0.095000
v 0.004007 -0.026534 0.095000
v 0.003894 -0.026436 0.095000
v 0.003780 -0.026340 0.095000
v 0.003662 -0.026247 0.095000
v 0.003543 -0.026157 0.095000
v 0.003421 -0.026071 0.095000
v 0.003297 -0.025987 0.095000
v 0.003171 -0.025906 0.095000
v 0.003043 -0.025829 0.095000
v 0.002913 -0.025755 0.095000
v 0.002782 -0.025684 0.095000
v 0.002648 -0.025616 0.095000
v 0.002513 -0.025552 0.095000
v 0.002377 -0.025491 0.095000
v 0.002239 -0.025433 0.095000
v 0.002099 -0.025379 0.095000
v 0.001958 -0.025329 0.095000
v 0.001816 -0.025282 0.095000
v 0.001673 -0.025238 0.095000
v 0.001529 -0.025198 0.095000
v 0.001384 -0.025162 0.095000
v 0.001238 -0.025129 0.095000
v 0.001092 -0.025100 0.095000
v 0.000944 -0.025075 0.095000
v 0.000796 -0.025053 0.095000
v 0.000648 -0.025035 0.095000
v 0.000499 -0.025021 0.095000
v 0.000350 -0.025010 0.095000
v 0.000200 -0.025003 0.095000
v 0.000051 -0.025000 0.095000
v -0.000099 -0.025001 0.095000
v -0.000248 -0.025005 0.095000
v -0.000398 -0.025013 0.095000
v -0.000547 -0.025025 0.095000
v -0.000695 -0.025040 0.095000
v -0.000844 -0.025060 0.095000
v -0.000991 -0.025082 0.095000
v -0.001139 -0.025109 0.095000
v -0.001285 -0.025139 0.095000
v -0.001431 -0.025173 0.095000
v -0.001576 -0.025211 0.095000
v -0.001719 -0.025252 0.095000
v -0.001862 -0.025296 0.095000
v -0.002004 -0.025344 0.095000
v -0.002144 -0.025396 0.095000
v -0.002283 -0.025451 0.095000
v -0.002421 -0.025510 0.095000
v -0.002557 -0.025572 0.095000
v -0.002691 -0.025637 0.095000
v -0.002824 -0.025706 0.095000
v -0.002955 -0.025778 0.095000
v -0.003084 -0.025853 0.095000
v -0.003211 -0.025932 0.095000
v -0.003337 -0.026013 0.095000
v -0.003460 -0.026098 0.095000
v -0.003581 -0.026186 0.095000
v -0.003700 -0.026277 0.095000
v -0.003700 -0.024800 0.095000
v -0.005000 -0.024800 0.095000
v 0.003300 -0.031000 0.095000
v 0.003299 -0.030918 0.095000
v 0.003296 -0.030836 0.095000
v 0.003291 -0.030753 0.095000
v 0.003284 -0.030671 0.095000
v 0.003274 -0.030590 0.095000
v 0.003263 -0.030508 0.095000
v 0.003250 -0.030427 0.095000
v 0.003235 -0.030346 0.095000
v 0.003217 -0.030266 0.095000
v 0.003198 -0.030186 0.095000
v 0.003177 -0.030106 0.095000
v 0.003153 -0.030027 0.095000
v 0.003128 -0.029949 0.095000
v 0.003101 -0.029871 0.095000
v 0.003072 -0.029794 0.095000
v 0.003041 -0.029718 0.095000
v 0.003008 -0.029643 0.095000
v 0.002973 -0.029568 0.095000
v 0.002937 -0.029495 0.095000
v 0.002898 -0.029422 0.095000
v 0.002858 -0.029350 0.095000
v 0.002816 -0.029279 0.095000
v 0.002772 -0.029210 0.095000
v 0.002727 -0.029141 0.095000
v 0.002679 -0.029074 0.095000
v 0.002631 -0.029007 0.095000
v 0.002580 -0.028942 0.095000
v 0.002528 -0.028879 0.095000
v 0.002474 -0.028816 0.095000
v 0.002419 -0.028755 0.095000
v 0.002362 -0.028696 0.095000
v 0.002304 -0.028638 0.095000
v 0.002245 -0.028581 0.095000
v 0.002184 -0.028526 0.095000
v 0.002121 -0.028472 0.095000
v 0.002058 -0.028420 0.095000
v 0.001993 -0.028369 0.095000
v 0.001926 -0.028321 0.095000
v 0.001859 -0.028273 0.095000
v 0.001790 -0.028228 0.095000
v 0.001721 -0.028184 0.095000
v 0.001650 -0.028142 0.095000
v 0.001578 -0.028102 0.095000
v 0.001505 -0.028063 0.095000
v 0.001432 -0.028027 0.095000
v 0.001357 -0.027992 0.095000
v 0.001282 -0.027959 0.095000
v 0.001206 -0.027928 0.095000
v 0.001129 -0.027899 0.095000
v 0.001051 -0.027872 0.095000
v 0.000973 -0.027847 0.095000
v 0.000894 -0.027823 0.095000
v 0.000814 -0.027802 0.095000
v 0.000734 -0.027783 0.095000
v 0.000654 -0.027765 0.095000
v 0.000573 -0.027750 0.095000
v 0.000492 -0.027737 0.095000
v 0.000410 -0.027726 0.095000
v 0.000329 -0.027716 0.095000
v 0.000247 -0.027709 0.095000
v 0.000164 -0.027704 0.095000
v 0.000082 -0.027701 0.095000
v 0.000000 -0.027700 0.095000
v -0.000082 -0.027701 0.095000
v -0.000164 -0.027704 0.095000
v -0.000247 -0.027709 0.095000
v -0.000329 -0.027716 0.095000
v -0.000410 -0.027726 0.095000
v -0.000492 -0.027737 0.095000
v -0.000573 -0.027750 0.095000
v -0.000654 -0.027765 0.095000
v -0.000734 -0.027783 0.095000
v -0.000814 -0.027802 0.095000
v -0.000894 -0.027823 0.095000
v -0.000973 -0.027847 0.095000
v -0.001051 -0.027872 0.095000
v -0.001129 -0.027899 0.095000
v -0.001206 -0.027928 0.095000
v -0.001282 -0.027959 0.095000
v -0.001357 -0.027992 0.095000
v -0.001432 -0.028027 0.095000
v -0.001505 -0.028063 0.095000
v -0.001578 -0.028102 0.095000
v -0.001650 -0.028142 0.095000
v -0.001721 -0.028184 0.095000
v -0.001790 -0.028228 0.095000
v -0.001859 -0.028273 0.095000
v -0.001926 -0.028321 0.095000
v -0.001993 -0.028369 0.095000
v -0.002058 -0.028420 0.095000
v -0.002121 -0.028472 0.095000
v -0.002184 -0.028526 0.095000
v -0.002245 -0.028581 0.095000
v -0.002304 -0.028638 0.095000
v -0.002362 -0.028696 0.095000
v -0.002419 -0.028755 0.095000
v -0.002474 -0.028816 0.095000
v -0.002528 -0.028879 0.095000
v -0.002580 -0.028942 0.095000
v -0.002631 -0.029007 0.095000
v -0.002679 -0.029074 0.095000
v -0.002727 -0.029141 0.095000
v -0.002772 -0.029210 0.095000
v -0.002816 -0.029279 0.095000
v -0.002858 -0.029350 0.095000
v -0.002898 -0.029422 0.095000
v -0.002937 -0.029495 0.095000
v -0.002973 -0.029568 0.095000
v -0.003008 -0.029643 0.095000
v -0.003041 -0.029718 0.095000
v -0.003072 -0.029794 0.095000
v -0.003101 -0.029871 0.095000
v -0.003128 -0.029949 0.095000
v -0.003153 -0.030027 0.095000
v -0.003177 -0.030106 0.095000
v -0.003198 -0.030186 0.095000
v -0.003217 -0.030266 0.095000
v -0.003235 -0.030346 0.095000
v -0.003250 -0.030427 0.095000
v -0.003263 -0.030508 0.095000
v -0.003274 -0.030590 0.095000
v -0.003284 -0.030671 0.095000
v -0.003291 -0.030753 0.095000
v -0.003296 -0.030836 0.095000
v -0.003299 -0.030918 0.095000
v -0.003300 -0.031000 0.095000
v -0.003299 -0.031082 0.095000
v -0.003296 -0.031164 0.095000
v -0.003291 -0.031247 0.095000
v -0.003284 -0.031329 0.095000
v -0.003274 -0.031410 0.095000
v -0.003263 -0.031492 0.095000
v -0.003250 -0.031573 0.095000
v -0.003235 -0.031654 0.095000
v -0.003217 -0.031734 0.095000
v -0.003198 -0.031814 0.095000
v -0.003177 -0.031894 0.095000
v -0.003153 -0.031973 0.095000
v -0.003128 -0.032051 0.095000
v -0.003101 -0.032129 0.095000
v -0.003072 -0.032206 0.095000
v -0.003041 -0.032282 0.095000
v -0.003008 -0.032357 0.095000
v -0.002973 -0.032432 0.095000
v -0.002937 -0.032505 0.095000
v -0.002898 -0.032578 0.095000
v -0.002858 -0.032650 0.095000
v -0.002816 -0.032721 0.095000
v -0.002772 -0.032790 0.095000
v -0.002727 -0.032859 0.095000
v -0.002679 -0.032926 0.095000
v -0.002631 -0.032993 0.095000
v -0.002580 -0.033058 0.095000
v -0.002528 -0.033121 0.095000
v -0.002474 -0.033184 0.095000
v -0.002419 -0.033245 0.095000
v -0.002362 -0.033304 0.095000
v -0.002304 -0.033362 0.095000
v -0.002245 -0.033419 0.095000
v -0.002184 -0.033474 0.095000
v -0.002121 -0.033528 0.095000
v -0.002058 -0.033580 0.095000
v -0.001993 -0.033631 0.095000
v -0.001926 -0.033679 0.095000
v -0.001859 -0.033727 0.095000
v -0.001790 -0.033772 0.095000
v -0.001721 -0.033816 0.095000
v -0.001650 -0.033858 0.095000
v -0.001578 -0.033898 0.095000
v -0.001505 -0.033937 0.095000
v -0.001432 -0.033973 0.095000
v -0.001357 -0.034008 0.095000
v -0.001282 -0.034041 0.095000
v -0.001206 -0.034072 0.095000
v -0.001129 -0.034101 0.095000
v -0.001051 -0.034128 0.095000
v -0.000973 -0.034153 0.095000
v -0.000894 -0.034177 0.095000
v -0.000814 -0.034198 0.095000
v -0.000734 -0.034217 0.095000
v -0.000654 -0.034235 0.095000
v -0.000573 -0.034250 0.095000
v -0.000492 -0.034263 0.095000
v -0.000410 -0.034274 0.095000
v -0.000329 -0.034284 0.095000
v -0.000247 -0.034291 0.095000
v -0.000164 -0.034296 0.095000
v -0.000082 -0.034299 0.095000
v 0.000000 -0.034300 0.095000
v 0.000082 -0.034299 0.095000
v 0.000164 -0.034296 0.095000
v 0.000247 -0.034291 0.095000
v 0.000329 -0.034284 0.095000
v 0.000410 -0.034274 0.095000
v 0.000492 -0.034263 0.095000
v 0.000573 -0.034250 0.095000
v 0.000654 -0.034235 0.095000
v 0.000734 -0.034217 0.095000
v 0.000814 -0.034198 0.095000
v 0.000894 -0.034177 0.095000
v 0.000973 -0.034153 0.095000
v 0.001051 -0.034128 0.095000
v 0.001129 -0.034101 0.095000
v 0.001206 -0.034072 0.095000
v 0.001282 -0.034041 0.095000
v 0.001357 -0.034008 0.095000
v 0.001432 -0.033973 0.095000
v 0.001505 -0.033937 0.095000
v 0.001578 -0.033898 0.095000
v 0.001650 -0.033858 0.095000
v 0.001721 -0.033816 0.095000
v 0.001790 -0.033772 0.095000
v 0.001859 -0.033727 0.095000
v 0.001926 -0.033679 0.095000
v 0.001993 -0.033631 0.095000
v 0.002058 -0.033580 0.095000
v 0.002121 -0.033528 0.095000
v 0.002184 -0.033474 0.095000
v 0.002245 -0.033419 0.095000
v 0.002304 -0.033362 0.095000
v 0.002362 -0.033304 0.095000
v 0.002419 -0.033245 0.095000
v 0.002474 -0.033184 0.095000
v 0.002528 -0.033121 0.095000
v 0.002580 -0.033058 0.095000
v 0.002631 -0.032993 0.095000
v 0.002679 -0.032926 0.095000
v 0.002727 -0.032859 0.095000
v 0.002772 -0.032790 0.095000
v 0.002816 -0.032721 0.095000
v 0.002858 -0.032650 0.095000
v 0.002898 -0.032578 0.095000
v 0.002937 -0.032505 0.095000
v 0.002973 -0.032432 0.095000
v 0.003008 -0.032357 0.095000
v 0.003041 -0.032282 0.095000
v 0.003072 -0.032206 0.095000
v 0.003101 -0.032129 0.095000
v 0.003128 -0.032051 0.095000
v 0.003153 -0.031973 0.095000
v 0.003177 -0.031894 0.095000
v 0.003198 -0.031814 0.095000
v 0.003217 -0.031734 0.095000
v 0.003235 -0.031654 0.095000
v 0.003250 -0.031573 0.095000
v 0.003263 -0.031492 0.095000
v 0.003274 -0.031410 0.095000
v 0.003284 -0.031329 0.095000
v 0.003291 -0.031247 0.095000
v 0.003296 -0.031164 0.095000
v 0.003299 -0.031082 0.095000
v -0.035000 -0.022000 0.000000
v -0.005000 -0.022000 0.000000
v -0.035000 -0.022000 0.095000
v -0.005000 -0.022000 0.095000
v -0.035000 -0.022000 0.000000
v -0.005000 -0.022000 0.000000
v -0.035000 -0.025000 0.000000
v -0.006700 -0.025000 0.000000
v -0.006700 -0.027000 0.000000
v -0.004472 -0.027000 0.000000
v -0.003700 -0.026277 0.000000
v -0.003581 -0.026186 0.000000
v -0.003460 -0.026098 0.000000
v -0.003337 -0.026013 0.000000
v -0.003211 -0.025932 0.000000
v -0.003084 -0.025853 0.000000
v -0.002955 -0.025778 0.000000
v -0.002824 -0.025706 0.000000
v -0.002691 -0.025637 0.000000
v -0.002557 -0.025572 0.000000
v -0.002421 -0.025510 0.000000
v -0.002283 -0.025451 0.000000
v -0.002144 -0.025396 0.000000
v -0.002004 -0.025344 0.000000
v -0.001862 -0.025296 0.000000
v -0.001719 -0.025252 0.000000
v -0.001576 -0.025211 0.000000
v -0.001431 -0.025173 0.000000
v -0.001285 -0.025139 0.000000
v -0.001139 -0.025109 0.000000
v -0.000991 -0.025082 0.000000
v -0.000844 -0.025060 0.000000
v -0.000695 -0.025040 0.000000
v -0.000547 -0.025025 0.000000
v -0.000398 -0.025013 0.000000
v -0.000248 -0.025005 0.000000
v -0.000099 -0.025001 0.000000
v 0.000051 -0.025000 0.000000
v 0.000200 -0.025003 0.000000
v 0.000350 -0.025010 0.000000
v 0.000499 -0.025021 0.000000
v 0.000648 -0.025035 0.000000
v 0.000796 -0.025053 0.000000
v 0.000944 -0.025075 0.000000
v 0.001092 -0.025100 0.000000
v 0.001238 -0.025129 0.000000
v 0.001384 -0.025162 0.000000
v 0.001529 -0.025198 0.000000
v 0.001673 -0.025238 0.000000
v 0.001816 -0.025282 0.000000
v 0.001958 -0.025329 0.000000
v 0.002099 -0.025379 0.000000
v 0.002239 -0.025433 0.000000
v 0.002377 -0.025491 0.000000
v 0.002513 -0.025552 0.000000
v 0.002648 -0.025616 0.000000
v 0.002782 -0.025684 0.000000
v 0.002913 -0.025755 0.000000
v 0.003043 -0.025829 0.000000
v 0.003171 -0.025906 0.000000
v 0.003297 -0.025987 0.000000
v 0.003421 -0.026071 0.000000
v 0.003543 -0.026157 0.000000
v 0.003662 -0.026247 0.000000
v 0.003780 -0.026340 0.000000
v 0.003894 -0.026436 0.000000
v 0.004007 -0.026534 0.000000
v 0.004117 -0.026635 0.000000
v 0.004225 -0.026739 0.000000
v 0.004329 -0.026846 0.000000
v 0.004432 -0.026955 0.000000
v 0.004531 -0.027067 0.000000
v 0.004628 -0.027181 0.000000
v 0.004721 -0.027298 0.000000
v 0.004812 -0.027416 0.000000
v 0.004900 -0.027537 0.000000
v 0.004985 -0.027661 0.000000
v 0.005066 -0.027786 0.000000
v 0.005145 -0.027913 0.000000
v 0.005220 -0.028042 0.000000
v 0.005292 -0.028173 0.000000
v 0.005361 -0.028306 0.000000
v 0.005427 -0.028441 0.000000
v 0.005489 -0.028577 0.000000
v 0.005548 -0.028714 0.000000
v 0.005603 -0.028853 0.000000
v 0.005655 -0.028993 0.000000
v 0.005703 -0.029135 0.000000
v 0.005747 -0.029278 0.000000
v 0.005789 -0.029421 0.000000
v 0.005826 -0.029566 0.000000
v 0.005860 -0.029712 0.000000
v 0.005890 -0.029858 0.000000
v 0.005917 -0.030005 0.000000
v 0.005940 -0.030153 0.000000
v 0.005959 -0.030302 0.000000
v 0.005975 -0.030450 0.000000
v 0.005987 -0.030599 0.000000
v 0.005995 -0.030749 0.000000
v 0.005999 -0.030898 0.000000
v 0.006000 -0.031048 0.000000
v 0.005997 -0.031197 0.000000
v 0.005990 -0.031347 0.000000
v 0.005979 -0.031496 0.000000
v 0.005965 -0.031645 0.000000
v 0.005947 -0.031793 0.000000
v 0.005926 -0.031941 0.000000
v 0.005900 -0.032088 0.000000
v 0.005871 -0.032235 0.000000
v 0.005839 -0.032381 0.000000
v 0.005803 -0.032526 0.000000
v 0.005763 -0.032670 0.000000
v 0.005719 -0.032813 0.000000
v 0.005672 -0.032955 0.000000
v 0.005622 -0.033096 0.000000
v 0.005568 -0.033236 0.000000
v 0.005510 -0.033374 0.000000
v 0.005450 -0.033510 0.000000
v 0.005385 -0.033645 0.000000
v 0.005318 -0.033779 0.000000
v 0.005247 -0.033910 0.000000
v 0.005173 -0.034040 0.000000
v 0.005095 -0.034168 0.000000
v 0.005015 -0.034294 0.000000
v 0.004931 -0.034418 0.000000
v 0.004844 -0.034540 0.000000
v 0.004755 -0.034660 0.000000
v 0.004662 -0.034777 0.000000
v 0.004566 -0.034892 0.000000
v 0.004468 -0.035005 0.000000
v 0.004367 -0.035115 0.000000
v 0.004263 -0.035222 0.000000
v 0.004156 -0.035327 0.000000
v 0.004047 -0.035430 0.000000
v 0.003936 -0.035529 0.000000
v 0.003821 -0.035626 0.000000
v 0.003705 -0.035719 0.000000
v 0.003586 -0.035810 0.000000
v 0.003465 -0.035898 0.000000
v 0.003342 -0.035983 0.000000
v 0.003217 -0.036065 0.000000
v 0.003090 -0.036143 0.000000
v 0.002960 -0.036219 0.000000
v 0.002829 -0.036291 0.000000
v 0.002697 -0.036360 0.000000
v 0.002562 -0.036425 0.000000
v 0.002426 -0.036488 0.000000
v 0.002289 -0.036546 0.000000
v 0.002150 -0.036602 0.000000
v 0.002010 -0.036653 0.000000
v 0.001868 -0.036702 0.000000
v 0.001725 -0.036747 0.000000
v 0.001582 -0.036788 0.000000
v 0.001437 -0.036825 0.000000
v 0.001291 -0.036859 0.000000
v 0.001145 -0.036890 0.000000
v 0.000998 -0.036916 0.000000
v 0.000850 -0.036940 0.000000
v 0.000702 -0.036959 0.000000
v 0.000553 -0.036974 0.000000
v 0.000404 -0.036986 0.000000
v 0.000254 -0.036995 0.000000
v 0.000105 -0.036999 0.000000
v -0.000045 -0.037000 0.000000
v -0.000194 -0.036997 0.000000
v -0.000343 -0.036990 0.000000
v -0.000493 -0.036980 0.000000
v -0.000642 -0.036966 0.000000
v -0.000790 -0.036948 0.000000
v -0.000938 -0.036926 0.000000
v -0.001085 -0.036901 0.000000
v -0.001232 -0.036872 0.000000
v -0.001378 -0.036840 0.000000
v -0.001523 -0.036803 0.000000
v -0.001667 -0.036764 0.000000
v -0.001810 -0.036720 0.000000
v -0.001952 -0.036673 0.000000
v -0.002093 -0.036623 0.000000
v -0.002233 -0.036569 0.000000
v -0.002371 -0.036512 0.000000
v -0.002508 -0.036451 0.000000
v -0.002643 -0.036387 0.000000
v -0.002776 -0.036319 0.000000
v -0.002908 -0.036248 0.000000
v -0.003038 -0.036174 0.000000
v -0.003166 -0.036097 0.000000
v -0.003292 -0.036016 0.000000
v -0.003416 -0.035933 0.000000
v -0.003538 -0.035846 0.000000
v -0.003657 -0.035757 0.000000
v -0.003775 -0.035664 0.000000
v -0.003890 -0.035568 0.000000
v -0.004002 -0.035470 0.000000
v -0.004112 -0.035369 0.000000
v -0.004220 -0.035265 0.000000
v -0.004325 -0.035159 0.000000
v -0.004427 -0.035049 0.000000
v -0.004527 -0.034938 0.000000
v -0.004624 -0.034824 0.000000
v -0.004718 -0.034707 0.000000
v -0.004808 -0.034589 0.000000
v -0.004896 -0.034468 0.000000
v -0.004981 -0.034345 0.000000
v -0.005063 -0.034219 0.000000
v -0.005142 -0.034092 0.000000
v -0.005217 -0.033963 0.000000
v -0.005289 -0.033832 0.000000
v -0.005358 -0.033699 0.000000
v -0.005424 -0.033565 0.000000
v -0.005486 -0.033429 0.000000
v -0.005545 -0.033292 0.000000
v -0.005601 -0.033153 0.000000
v -0.005652 -0.033012 0.000000
v -0.005701 -0.032871 0.000000
v -0.005746 -0.032728 0.000000
v -0.005787 -0.032585 0.000000
v -0.005825 -0.032440 0.000000
v -0.005859 -0.032294 0.000000
v -0.005889 -0.032148 0.000000
v -0.005916 -0.032001 0.000000
v -0.005939 -0.031853 0.000000
v -0.005958 -0.031705 0.000000
v -0.005974 -0.031556 0.000000
v -0.005986 -0.031407 0.000000
v -0.005994 -0.031258 0.000000
v -0.005999 -0.031108 0.000000
v -0.006000 -0.030959 0.000000
v -0.005997 -0.030809 0.000000
v -0.005990 -0.030660 0.000000
v -0.005980 -0.030510 0.000000
v -0.005966 -0.030362 0.000000
v -0.005948 -0.030213 0.000000
v -0.005927 -0.030065 0.000000
v -0.005902 -0.029918 0.000000
v -0.005873 -0.029771 0.000000
v -0.005840 -0.029625 0.000000
v -0.005804 -0.029480 0.000000
v -0.005765 -0.029336 0.000000
v -0.005721 -0.029193 0.000000
v -0.005674 -0.029050 0.000000
v -0.005624 -0.028910 0.000000
v -0.005570 -0.028770 0.000000
v -0.005513 -0.028632 0.000000
v -0.005452 -0.028495 0.000000
v -0.005388 -0.028360 0.000000
v -0.005321 -0.028227 0.000000
v -0.005250 -0.028095 0.000000
v -0.005176 -0.027965 0.000000
v -0.005099 -0.027837 0.000000
v -0.005018 -0.027711 0.000000
v -0.004935 -0.027587 0.000000
v -0.004848 -0.027465 0.000000
v -0.004758 -0.027345 0.000000
v -0.004666 -0.027228 0.000000
v -0.004570 -0.027113 0.000000
v -0.003700 -0.024800 0.000000
v -0.005000 -0.024800 0.000000
v 0.003300 -0.031000 0.000000
v 0.003299 -0.030918 0.000000
v 0.003296 -0.030836 0.000000
v 0.003291 -0.030753 0.000000
v 0.003284 -0.030671 0.000000
v 0.003274 -0.030590 0.000000
v 0.003263 -0.030508 0.000000
v 0.003250 -0.030427 0.000000
v 0.003235 -0.030346 0.000000
v 0.003217 -0.030266 0.000000
v 0.003198 -0.030186 0.000000
v 0.003177 -0.030106 0.000000
v 0.003153 -0.030027 0.000000
v 0.003128 -0.029949 0.000000
v 0.003101 -0.029871 0.000000
v 0.003072 -0.029794 0.000000
v 0.003041 -0.029718 0.000000
v 0.003008 -0.029643 0.000000
v 0.002973 -0.029568 0.000000
v 0.002937 -0.029495 0.000000
v 0.002898 -0.029422 0.000000
v 0.002858 -0.029350 0.000000
v 0.002816 -0.029279 0.000000
v 0.002772 -0.029210 0.000000
v 0.002727 -0.029141 0.000000
v 0.002679 -0.029074 0.000000
v 0.002631 -0.029007 0.000000
v 0.002580 -0.028942 0.000000
v 0.002528 -0.028879 0.000000
v 0.002474 -0.028816 0.000000
v 0.002419 -0.028755 0.000000
v 0.002362 -0.028696 0.000000
v 0.002304 -0.028638 0.000000
v 0.002245 -0.028581 0.000000
v 0.002184 -0.028526 0.000000
v 0.002121 -0.028472 0.000000
v 0.002058 -0.028420 0.000000
v 0.001993 -0.028369 0.000000
v 0.001926 -0.028321 0.000000
v 0.001859 -0.028273 0.000000
v 0.001790 -0.028228 0.000000
v 0.001721 -0.028184 0.000000
v 0.001650 -0.028142 0.000000
v 0.001578 -0.028102 0.000000
v 0.001505 -0.028063 0.000000
v 0.001432 -0.028027 0.000000
v 0.001357 -0.027992 0.000000
v 0.001282 -0.027959 0.000000
v 0.001206 -0.027928 0.000000
v 0.001129 -0.027899 0.000000
v 0.001051 -0.027872 0.000000
v 0.000973 -0.027847 0.000000
v 0.000894 -0.027823 0.000000
v 0.000814 -0.027802 0.000000
v 0.000734 -0.027783 0.000000
v 0.000654 -0.027765 0.000000
v 0.000573 -0.027750 0.000000
v 0.000492 -0.027737 0.000000
v 0.000410 -0.027726 0.000000
v 0.000329 -0.027716 0.000000
v 0.000247 -0.027709 0.000000
v 0.000164 -0.027704 0.000000
v 0.000082 -0.027701 0.000000
v 0.000000 -0.027700 0.000000
v -0.000082 -0.027701 0.000000
v -0.000164 -0.027704 0.000000
v -0.000247 -0.027709 0.000000
v -0.000329 -0.027716 0.000000
v -0.000410 -0.027726 0.000000
v -0.000492 -0.027737 0.000000
v -0.000573 -0.027750 0.000000
v -0.000654 -0.027765 0.000000
v -0.000734 -0.027783 0.000000
v -0.000814 -0.027802 0.000000
v -0.000894 -0.027823 0.000000
v -0.000973 -0.027847 0.000000
v -0.001051 -0.027872 0.000000
v -0.001129 -0.027899 0.000000
v -0.001206 -0.027928 0.000000
v -0.001282 -0.027959 0.000000
v -0.001357 -0.027992 0.000000
v -0.001432 -0.028027 0.000000
v -0.001505 -0.028063 0.000000
v -0.001578 -0.028102 0.000000
v -0.001650 -0.028142 0.000000
v -0.001721 -0.028184 0.000000
v -0.001790 -0.028228 0.000000
v -0.001859 -0.028273 0.000000
v -0.001926 -0.028321 0.000000
v -0.001993 -0.028369 0.000000
v -0.002058 -0.028420 0.000000
v -0.002121 -0.028472 0.000000
v -0.002184 -0.028526 0.000000
v -0.002245 -0.028581 0.000000
v -0.002304 -0.028638 0.000000
v -0.002362 -0.028696 0.000000
v -0.002419 -0.028755 0.000000
v -0.002474 -0.028816 0.000000
v -0.002528 -0.028879 0.000000
v -0.002580 -0.028942 0.000000
v -0.002631 -0.029007 0.000000
v -0.002679 -0.029074 0.000000
v -0.002727 -0.029141 0.000000
v -0.002772 -0.029210 0.000000
v -0.002816 -0.029279 0.000000
v -0.002858 -0.029350 0.000000
v -0.002898 -0.029422 0.000000
v -0.002937 -0.029495 0.000000
v -0.002973 -0.029568 0.000000
v -0.003008 -0.029643 0.000000
v -0.003041 -0.029718 0.000000
v -0.003072 -0.029794 0.000000
v -0.003101 -0.029871 0.000000
v -0.003128 -0.029949 0.000000
v -0.003153 -0.030027 0.000000
v -0.003177 -0.030106 0.000000
v -0.003198 -0.030186 0.000000
v -0.003217 -0.030266 0.000000
v -0.003235 -0.030346 0.000000
v -0.003250 -0.030427 0.000000
v -0.003263 -0.030508 0.000000
v -0.003274 -0.030590 0.000000
v -0.003284 -0.030671 0.000000
v -0.003291 -0.030753 0.000000
v -0.003296 -0.030836 0.000000
v -0.003299 -0.030918 0.000000
v -0.003300 -0.031000 0.000000
v -0.003299 -0.031082 0.000000
v -0.003296 -0.031164 0.000000
v -0.003291 -0.031247 0.000000
v -0.003284 -0.031329 0.000000
v -0.003274 -0.031410 0.000000
v -0.003263 -0.031492 0.000000
v -0.003250 -0.031573 0.000000
v -0.003235 -0.031654 0.000000
v -0.003217 -0.031734 0.000000
v -0.003198 -0.031814 0.000000
v -0.003177 -0.031894 0.000000
v -0.003153 -0.031973 0.000000
v -0.003128 -0.032051 0.000000
v -0.003101 -0.032129 0.000000
v -0.003072 -0.032206 0.000000
v -0.003041 -0.032282 0.000000
v -0.003008 -0.032357 0.000000
v -0.002973 -0.032432 0.000000
v -0.002937 -0.032505 0.000000
v -0.002898 -0.032578 0.000000
v -0.002858 -0.032650 0.000000
v -0.002816 -0.032721 0.000000
v -0.002772 -0.032790 0.000000
v -0.002727 -0.032859 0.000000
v -0.002679 -0.032926 0.000000
v -0.002631 -0.032993 0.000000
v -0.002580 -0.033058 0.000000
v -0.002528 -0.033121 0.000000
v -0.002474 -0.033184 0.000000
v -0.002419 -0.033245 0.000000
v -0.002362 -0.033304 0.000000
v -0.002304 -0.033362 0.000000
v -0.002245 -0.033419 0.000000
v -0.002184 -0.033474 0.000000
v -0.002121 -0.033528 0.000000
v -0.002058 -0.033580 0.000000
v -0.001993 -0.033631 0.000000
v -0.001926 -0.033679 0.000000
v -0.001859 -0.033727 0.000000
v -0.001790 -0.033772 0.000000
v -0.001721 -0.033816 0.000000
v -0.001650 -0.033858 0.000000
v -0.001578 -0.033898 0.000000
v -0.001505 -0.033937 0.000000
v -0.001432 -0.033973 0.000000
v -0.001357 -0.034008 0.000000
v -0.001282 -0.034041 0.000000
v -0.001206 -0.034072 0.000000
v -0.001129 -0.034101 0.000000
v -0.001051 -0.034128 0.000000
v -0.000973 -0.034153 0.000000
v -0.000894 -0.034177 0.000000
v -0.000814 -0.034198 0.000000
v -0.000734 -0.034217 0.000000
v -0.000654 -0.034235 0.000000
v -0.000573 -0.034250 0.000000
v -0.000492 -0.034263 0.000000
v -0.000410 -0.034274 0.000000
v -0.000329 -0.034284 0.000000
v -0.000247 -0.034291 0.000000
v -0.000164 -0.034296 0.000000
v -0.000082 -0.034299 0.000000
v 0.000000 -0.034300 0.000000
v 0.000082 -0.034299 0.000000
v 0.000164 -0.034296 0.000000
v 0.000247 -0.034291 0.000000
v 0.000329 -0.034284 0.000000
v 0.000410 -0.034274 0.000000
v 0.000492 -0.034263 0.000000
v 0.000573 -0.034250 0.000000
v 0.000654 -0.034235 0.000000
v 0.000734 -0.034217 0.000000
v 0.000814 -0.034198 0.000000
v 0.000894 -0.034177 0.000000
v 0.000973 -0.034153 0.000000
v 0.001051 -0.034128 0.000000
v 0.001129 -0.034101 0.000000
v 0.001206 -0.034072 0.000000
v 0.001282 -0.034041 0.000000
v 0.001357 -0.034008 0.000000
v 0.001432 -0.033973 0.000000
v 0.001505 -0.033937 0.000000
v 0.001578 -0.033898 0.000000
v 0.001650 -0.033858 0.000000
v 0.001721 -0.033816 0.000000
v 0.001790 -0.033772 0.000000
v 0.001859 -0.033727 0.000000
v 0.001926 -0.033679 0.000000
v 0.001993 -0.033631 0.000000
v 0.002058 -0.033580 0.000000
v 0.002121 -0.033528 0.000000
v 0.002184 -0.033474 0.000000
v 0.002245 -0.033419 0.000000
v 0.002304 -0.033362 0.000000
v 0.002362 -0.033304 0.000000
v 0.002419 -0.033245 0.000000
v 0.002474 -0.033184 0.000000
v 0.002528 -0.033121 0.000000
v 0.002580 -0.033058 0.000000
v 0.002631 -0.032993 0.000000
v 0.002679 -0.032926 0.000000
v 0.002727 -0.032859 0.000000
v 0.002772 -0.032790 0.000000
v 0.002816 -0.032721 0.000000
v 0.002858 -0.032650 0.000000
v 0.002898 -0.032578 0.000000
v 0.002937 -0.032505 0.000000
v 0.002973 -0.032432 0.000000
v 0.003008 -0.032357 0.000000
v 0.003041 -0.032282 0.000000
v 0.003072 -0.032206 0.000000
v 0.003101 -0.032129 0.000000
v 0.003128 -0.032051 0.000000
v 0.003153 -0.031973 0.000000
v 0.003177 -0.031894 0.000000
v 0.003198 -0.031814 0.000000
v 0.003217 -0.031734 0.000000
v 0.003235 -0.031654 0.000000
v 0.003250 -0.031573 0.000000
v 0.003263 -0.031492 0.000000
v 0.003274 -0.031410 0.000000
v 0.003284 -0.031329 0.000000
v 0.003291 -0.031247 0.000000
v 0.003296 -0.031164 0.000000
v 0.003299 -0.031082 0.000000
v -0.006700 -0.027000 0.018120
v -0.006700 -0.025000 0.018120
v -0.006700 -0.027000 0.000000
v -0.006700 -0.025000 0.000000
v -0.006700 -0.027000 0.018120
v -0.006700 -0.025000 0.018120
v -0.004472 -0.027000 0.018120
v -0.004570 -0.027113 0.018120
v -0.004666 -0.027228 0.018120
v -0.004758 -0.027345 0.018120
v -0.004848 -0.027465 0.018120
v -0.004935 -0.027587 0.018120
v -0.005018 -0.027711 0.018120
v -0.005099 -0.027837 0.018120
v -0.005176 -0.027965 0.018120
v -0.005250 -0.028095 0.018120
v -0.005321 -0.028227 0.018120
v -0.005388 -0.028360 0.018120
v -0.005452 -0.028495 0.018120
v -0.005513 -0.028632 0.018120
v -0.005570 -0.028770 0.018120
v -0.005624 -0.028910 0.018120
v -0.005674 -0.029050 0.018120
v -0.005721 -0.029193 0.018120
v -0.005765 -0.029336 0.018120
v -0.005804 -0.029480 0.018120
v -0.005840 -0.029625 0.018120
v -0.005873 -0.029771 0.018120
v -0.005902 -0.029918 0.018120
v -0.005927 -0.030065 0.018120
v -0.005948 -0.030213 0.018120
v -0.005966 -0.030362 0.018120
v -0.005980 -0.030510 0.018120
v -0.005990 -0.030660 0.018120
v -0.005997 -0.030809 0.018120
v -0.006000 -0.030959 0.018120
v -0.005999 -0.031108 0.018120
v -0.005994 -0.031258 0.018120
v -0.005986 -0.031407 0.018120
v -0.005974 -0.031556 0.018120
v -0.005958 -0.031705 0.018120
v -0.005939 -0.031853 0.018120
v -0.005916 -0.032001 0.018120
v -0.005889 -0.032148 0.018120
v -0.005859 -0.032294 0.018120
v -0.005825 -0.032440 0.018120
v -0.005787 -0.032585 0.018120
v -0.005746 -0.032728 0.018120
v -0.005701 -0.032871 0.018120
v -0.005652 -0.033012 0.018120
v -0.005601 -0.033153 0.018120
v -0.005545 -0.033292 0.018120
v -0.005486 -0.033429 0.018120
v -0.005424 -0.033565 0.018120
v -0.005358 -0.033699 0.018120
v -0.005289 -0.033832 0.018120
v -0.005217 -0.033963 0.018120
v -0.005142 -0.034092 0.018120
v -0.005063 -0.034219 0.018120
v -0.004981 -0.034345 0.018120
v -0.004896 -0.034468 0.018120
v -0.004808 -0.034589 0.018120
v -0.004718 -0.034707 0.018120
v -0.004624 -0.034824 0.018120
v -0.004527 -0.034938 0.018120
v -0.004427 -0.035049 0.018120
v -0.004325 -0.035159 0.018120
v -0.004220 -0.035265 0.018120
v -0.004112 -0.035369 0.018120
v -0.004002 -0.035470 0.018120
v -0.003890 -0.035568 0.018120
v -0.003775 -0.035664 0.018120
v -0.003657 -0.035757 0.018120
v -0.003538 -0.035846 0.018120
v -0.003416 -0.035933 0.018120
v -0.003292 -0.036016 0.018120
v -0.003166 -0.036097 0.018120
v -0.003038 -0.036174 0.018120
v -0.002908 -0.036248 0.018120
v -0.002776 -0.036319 0.018120
v -0.002643 -0.036387 0.018120
v -0.002508 -0.036451 0.018120
v -0.002371 -0.036512 0.018120
v -0.002233 -0.036569 0.018120
v -0.002093 -0.036623 0.018120
v -0.001952 -0.036673 0.018120
v -0.001810 -0.036720 0.018120
v -0.001667 -0.036764 0.018120
v -0.001523 -0.036803 0.018120
v -0.001378 -0.036840 0.018120
v -0.001232 -0.036872 0.018120
v -0.001085 -0.036901 0.018120
v -0.000938 -0.036926 0.018120
v -0.000790 -0.036948 0.018120
v -0.000642 -0.036966 0.018120
v -0.000493 -0.036980 0.018120
v -0.000343 -0.036990 0.018120
v -0.000194 -0.036997 0.018120
v -0.000045 -0.037000 0.018120
v 0.000105 -0.036999 0.018120
v 0.000254 -0.036995 0.018120
v 0.000404 -0.036986 0.018120
v 0.000553 -0.036974 0.018120
v 0.000702 -0.036959 0.018120
v 0.000850 -0.036940 0.018120
v 0.000998 -0.036916 0.018120
v 0.001145 -0.036890 0.018120
v 0.001291 -0.036859 0.018120
v 0.001437 -0.036825 0.018120
v 0.001582 -0.036788 0.018120
v 0.001725 -0.036747 0.018120
v 0.001868 -0.036702 0.018120
v 0.002010 -0.036653 0.018120
v 0.002150 -0.036602 0.018120
v 0.002289 -0.036546 0.018120
v 0.002426 -0.036488 0.018120
v 0.002562 -0.036425 0.018120
v 0.002697 -0.036360 0.018120
v 0.002829 -0.036291 0.018120
v 0.002960 -0.036219 0.018120
v 0.003090 -0.036143 0.018120
v 0.003217 -0.036065 0.018120
v 0.003342 -0.035983 0.018120
v 0.003465 -0.035898 0.018120
v 0.003586 -0.035810 0.018120
v 0.003705 -0.035719 0.018120
v 0.003821 -0.035626 0.018120
v 0.003936 -0.035529 0.018120
v 0.004047 -0.035430 0.018120
v 0.004156 -0.035327 0.018120
v 0.004263 -0.035222 0.018120
v 0.004367 -0.035115 0.018120
v 0.004468 -0.035005 0.018120
v 0.004566 -0.034892 0.018120
v 0.004662 -0.034777 0.018120
v 0.004755 -0.034660 0.018120
v 0.004844 -0.034540 0.018120
v 0.004931 -0.034418 0.018120
v 0.005015 -0.034294 0.018120
v 0.005095 -0.034168 0.018120
v 0.005173 -0.034040 0.018120
v 0.005247 -0.033910 0.018120
v 0.005318 -0.033779 0.018120
v 0.005385 -0.033645 0.018120
v 0.005450 -0.033510 0.018120
v 0.005510 -0.033374 0.018120
v 0.005568 -0.033236 0.018120
v 0.005622 -0.033096 0.018120
v 0.005672 -0.032955 0.018120
v 0.005719 -0.032813 0.018120
v 0.005763 -0.032670 0.018120
v 0.005803 -0.032526 0.018120
v 0.005839 -0.032381 0.018120
v 0.005871 -0.032235 0.018120
v 0.005900 -0.032088 0.018120
v 0.005926 -0.031941 0.018120
v 0.005947 -0.031793 0.018120
v 0.005965 -0.031645 0.018120
v 0.005979 -0.031496 0.018120
v 0.005990 -0.031347 0.018120
v 0.005997 -0.031197 0.018120
v 0.006000 -0.031048 0.018120
v 0.005999 -0.030898 0.018120
v 0.005995 -0.030749 0.018120
v 0.005987 -0.030599 0.018120
v 0.005975 -0.030450 0.018120
v 0.005959 -0.030302 0.018120
v 0.005940 -0.030153 0.018120
v 0.005917 -0.030005 0.018120
v 0.005890 -0.029858 0.018120
v 0.005860 -0.029712 0.018120
v 0.005826 -0.029566 0.018120
v 0.005789 -0.029421 0.018120
v 0.005747 -0.029278 0.018120
v 0.005703 -0.029135 0.018120
v 0.005655 -0.028993 0.018120
v 0.005603 -0.028853 0.018120
v 0.005548 -0.028714 0.018120
v 0.005489 -0.028577 0.018120
v 0.005427 -0.028441 0.018120
v 0.005361 -0.028306 0.018120
v 0.005292 -0.028173 0.018120
v 0.005220 -0.028042 0.018120
v 0.005145 -0.027913 0.018120
v 0.005066 -0.027786 0.018120
v 0.004985 -0.027661 0.018120
v 0.004900 -0.027537 0.018120
v 0.004812 -0.027416 0.018120
v 0.004721 -0.027298 0.018120
v 0.004628 -0.027181 0.018120
v 0.004531 -0.027067 0.018120
v 0.004432 -0.026955 0.018120
v 0.004329 -0.026846 0.018120
v 0.004225 -0.026739 0.018120
v 0.004117 -0.026635 0.018120
v 0.004007 -0.026534 0.018120
v 0.003894 -0.026436 0.018120
v 0.003780 -0.026340 0.018120
v 0.003662 -0.026247 0.018120
v 0.003543 -0.026157 0.018120
v 0.003421 -0.026071 0.018120
v 0.003297 -0.025987 0.018120
v 0.003171 -0.025906 0.018120
v 0.003043 -0.025829 0.018120
v 0.002913 -0.025755 0.018120
v 0.002782 -0.025684 0.018120
v 0.002648 -0.025616 0.018120
v 0.002513 -0.025552 0.018120
v 0.002377 -0.025491 0.018120
v 0.002239 -0.025433 0.018120
v 0.002099 -0.025379 0.018120
v 0.001958 -0.025329 0.018120
v 0.001816 -0.025282 0.018120
v 0.001673 -0.025238 0.018120
v 0.001529 -0.025198 0.018120
v 0.001384 -0.025162 0.018120
v 0.001238 -0.025129 0.018120
v 0.001092 -0.025100 0.018120
v 0.000944 -0.025075 0.018120
v 0.000796 -0.025053 0.018120
v 0.000648 -0.025035 0.018120
v 0.000499 -0.025021 0.018120
v 0.000350 -0.025010 0.018120
v 0.000200 -0.025003 0.018120
v 0.000051 -0.025000 0.018120
v -0.000099 -0.025001 0.018120
v -0.000248 -0.025005 0.018120
v -0.000398 -0.025013 0.018120
v -0.000547 -0.025025 0.018120
v -0.000695 -0.025040 0.018120
v -0.000844 -0.025060 0.018120
v -0.000991 -0.025082 0.018120
v -0.001139 -0.025109 0.018120
v -0.001285 -0.025139 0.018120
v -0.001431 -0.025173 0.018120
v -0.001576 -0.025211 0.018120
v -0.001719 -0.025252 0.018120
v -0.001862 -0.025296 0.018120
v -0.002004 -0.025344 0.018120
v -0.002144 -0.025396 0.018120
v -0.002283 -0.025451 0.018120
v -0.002421 -0.025510 0.018120
v -0.002557 -0.025572 0.018120
v -0.002691 -0.025637 0.018120
v -0.002824 -0.025706 0.018120
v -0.002955 -0.025778 0.018120
v -0.003084 -0.025853 0.018120
v -0.003211 -0.025932 0.018120
v -0.003337 -0.026013 0.018120
v -0.003460 -0.026098 0.018120
v -0.003581 -0.026186 0.018120
v -0.003700 -0.026277 0.018120
v -0.003700 -0.024800 0.018120
v -0.005000 -0.024800 0.018120
v -0.005000 -0.025000 0.018120
v 0.003300 -0.031000 0.018120
v 0.003299 -0.030918 0.018120
v 0.003296 -0.030836 0.018120
v 0.003291 -0.030753 0.018120
v 0.003284 -0.030671 0.018120
v 0.003274 -0.030590 0.018120
v 0.003263 -0.030508 0.018120
v 0.003250 -0.030427 0.018120
v 0.003235 -0.030346 0.018120
v 0.003217 -0.030266 0.018120
v 0.003198 -0.030186 0.018120
v 0.003177 -0.030106 0.018120
v 0.003153 -0.030027 0.018120
v 0.003128 -0.029949 0.018120
v 0.003101 -0.029871 0.018120
v 0.003072 -0.029794 0.018120
v 0.003041 -0.029718 0.018120
v 0.003008 -0.029643 0.018120
v 0.002973 -0.029568 0.018120
v 0.002937 -0.029495 0.018120
v 0.002898 -0.029422 0.018120
v 0.002858 -0.029350 0.018120
v 0.002816 -0.029279 0.018120
v 0.002772 -0.029210 0.018120
v 0.002727 -0.029141 0.018120
v 0.002679 -0.029074 0.018120
v 0.002631 -0.029007 0.018120
v 0.002580 -0.028942 0.018120
v 0.002528 -0.028879 0.018120
v 0.002474 -0.028816 0.018120
v 0.002419 -0.028755 0.018120
v 0.002362 -0.028696 0.018120
v 0.002304 -0.028638 0.018120
v 0.002245 -0.028581 0.018120
v 0.002184 -0.028526 0.018120
v 0.002121 -0.028472 0.018120
v 0.002058 -0.028420 0.018120
v 0.001993 -0.028369 0.018120
v 0.001926 -0.028321 0.018120
v 0.001859 -0.028273 0.018120
v 0.001790 -0.028228 0.018120
v 0.001721 -0.028184 0.018120
v 0.001650 -0.028142 0.018120
v 0.001578 -0.028102 0.018120
v 0.001505 -0.028063 0.018120
v 0.001432 -0.028027 0.018120
v 0.001357 -0.027992 0.018120
v 0.001282 -0.027959 0.018120
v 0.001206 -0.027928 0.018120
v 0.001129 -0.027899 0.018120
v 0.001051 -0.027872 0.018120
v 0.000973 -0.027847 0.018120
v 0.000894 -0.027823 0.018120
v 0.000814 -0.027802 0.018120
v 0.000734 -0.027783 0.018120
v 0.000654 -0.027765 0.018120
v 0.000573 -0.027750 0.018120
v 0.000492 -0.027737 0.018120
v 0.000410 -0.027726 0.018120
v 0.000329 -0.027716 0.018120
v 0.000247 -0.027709 0.018120
v 0.000164 -0.027704 0.018120
v 0.000082 -0.027701 0.018120
v 0.000000 -0.027700 0.018120
v -0.000082 -0.027701 0.018120
v -0.000164 -0.027704 0.018120
v -0.000247 -0.027709 0.018120
v -0.000329 -0.027716 0.018120
v -0.000410 -0.027726 0.018120
v -0.000492 -0.027737 0.018120
v -0.000573 -0.027750 0.018120
v -0.000654 -0.027765 0.018120
v -0.000734 -0.027783 0.018120
v -0.000814 -0.027802 0.018120
v -0.000894 -0.027823 0.018120
v -0.000973 -0.027847 0.018120
v -0.001051 -0.027872 0.018120
v -0.001129 -0.027899 0.018120
v -0.001206 -0.027928 0.018120
v -0.001282 -0.027959 0.018120
v -0.001357 -0.027992 0.018120
v -0.001432 -0.028027 0.018120
v -0.001505 -0.028063 0.018120
v -0.001578 -0.028102 0.018120
v -0.001650 -0.028142 0.018120
v -0.001721 -0.028184 0.018120
v -0.001790 -0.028228 0.018120
v -0.001859 -0.028273 0.018120
v -0.001926 -0.028321 0.018120
v -0.001993 -0.028369 0.018120
v -0.002058 -0.028420 0.018120
v -0.002121 -0.028472 0.018120
v -0.002184 -0.028526 0.018120
v -0.002245 -0.028581 0.018120
v -0.002304 -0.028638 0.018120
v -0.002362 -0.028696 0.018120
v -0.002419 -0.028755 0.018120
v -0.002474 -0.028816 0.018120
v -0.002528 -0.028879 0.018120
v -0.002580 -0.028942 0.018120
v -0.002631 -0.029007 0.018120
v -0.002679 -0.029074 0.018120
v -0.002727 -0.029141 0.018120
v -0.002772 -0.029210 0.018120
v -0.002816 -0.029279 0.018120
v -0.002858 -0.029350 0.018120
v -0.002898 -0.029422 0.018120
v -0.002937 -0.029495 0.018120
v -0.002973 -0.029568 0.018120
v -0.003008 -0.029643 0.018120
v -0.003041 -0.029718 0.018120
v -0.003072 -0.029794 0.018120
v -0.003101 -0.029871 0.018120
v -0.003128 -0.029949 0.018120
v -0.003153 -0.030027 0.018120
v -0.003177 -0.030106 0.018120
v -0.003198 -0.030186 0.018120
v -0.003217 -0.030266 0.018120
v -0.003235 -0.030346 0.018120
v -0.003250 -0.030427 0.018120
v -0.003263 -0.030508 0.018120
v -0.003274 -0.030590 0.018120
v -0.003284 -0.030671 0.018120
v -0.003291 -0.030753 0.018120
v -0.003296 -0.030836 0.018120
v -0.003299 -0.030918 0.018120
v -0.003300 -0.031000 0.018120
v -0.003299 -0.031082 0.018120
v -0.003296 -0.031164 0.018120
v -0.003291 -0.031247 0.018120
v -0.003284 -0.031329 0.018120
v -0.003274 -0.031410 0.018120
v -0.003263 -0.031492 0.018120
v -0.003250 -0.031573 0.018120
v -0.003235 -0.031654 0.018120
v -0.003217 -0.031734 0.018120
v -0.003198 -0.031814 0.018120
v -0.003177 -0.031894 0.018120
v -0.003153 -0.031973 0.018120
v -0.003128 -0.032051 0.018120
v -0.003101 -0.032129 0.018120
v -0.003072 -0.032206 0.018120
v -0.003041 -0.032282 0.018120
v -0.003008 -0.032357 0.018120
v -0.002973 -0.032432 0.018120
v -0.002937 -0.032505 0.018120
v -0.002898 -0.032578 0.018120
v -0.002858 -0.032650 0.018120
v -0.002816 -0.032721 0.018120
v -0.002772 -0.032790 0.018120
v -0.002727 -0.032859 0.018120
v -0.002679 -0.032926 0.018120
v -0.002631 -0.032993 0.018120
v -0.002580 -0.033058 0.018120
v -0.002528 -0.033121 0.018120
v -0.002474 -0.033184 0.018120
v -0.002419 -0.033245 0.018120
v -0.002362 -0.033304 0.018120
v -0.002304 -0.033362 0.018120
v -0.002245 -0.033419 0.018120
v -0.002184 -0.033474 0.018120
v -0.002121 -0.033528 0.018120
v -0.002058 -0.033580 0.018120
v -0.001993 -0.033631 0.018120
v -0.001926 -0.033679 0.018120
v -0.001859 -0.033727 0.018120
v -0.001790 -0.033772 0.018120
v -0.001721 -0.033816 0.018120
v -0.001650 -0.033858 0.018120
v -0.001578 -0.033898 0.018120
v -0.001505 -0.033937 0.018120
v -0.001432 -0.033973 0.018120
v -0.001357 -0.034008 0.018120
v -0.001282 -0.034041 0.018120
v -0.001206 -0.034072 0.018120
v -0.001129 -0.034101 0.018120
v -0.001051 -0.034128 0.018120
v -0.000973 -0.034153 0.018120
v -0.000894 -0.034177 0.018120
v -0.000814 -0.034198 0.018120
v -0.000734 -0.034217 0.018120
v -0.000654 -0.034235 0.018120
v -0.000573 -0.034250 0.018120
v -0.000492 -0.034263 0.018120
v -0.000410 -0.034274 0.018120
v -0.000329 -0.034284 0.018120
v -0.000247 -0.034291 0.018120
v -0.000164 -0.034296 0.018120
v -0.000082 -0.034299 0.018120
v 0.000000 -0.034300 0.018120
v 0.000082 -0.034299 0.018120
v 0.000164 -0.034296 0.018120
v 0.000247 -0.034291 0.018120
v 0.000329 -0.034284 0.018120
v 0.000410 -0.034274 0.018120
v 0.000492 -0.034263 0.018120
v 0.000573 -0.034250 0.018120
v 0.000654 -0.034235 0.018120
v 0.000734 -0.034217 0.018120
v 0.000814 -0.034198 0.018120
v 0.000894 -0.034177 0.018120
v 0.000973 -0.034153 0.018120
v 0.001051 -0.034128 0.018120
v 0.001129 -0.034101 0.018120
v 0.001206 -0.034072 0.018120
v 0.001282 -0.034041 0.018120
v 0.001357 -0.034008 0.018120
v 0.001432 -0.033973 0.018120
v 0.001505 -0.033937 0.018120
v 0.001578 -0.033898 0.018120
v 0.001650 -0.033858 0.018120
v 0.001721 -0.033816 0.018120
v 0.001790 -0.033772 0.018120
v 0.001859 -0.033727 0.018120
v 0.001926 -0.033679 0.018120
v 0.001993 -0.033631 0.018120
v 0.002058 -0.033580 0.018120
v 0.002121 -0.033528 0.018120
v 0.002184 -0.033474 0.018120
v 0.002245 -0.033419 0.018120
v 0.002304 -0.033362 0.018120
v 0.002362 -0.033304 0.018120
v 0.002419 -0.033245 0.018120
v 0.002474 -0.033184 0.018120
v 0.002528 -0.033121 0.018120
v 0.002580 -0.033058 0.018120
v 0.002631 -0.032993 0.018120
v 0.002679 -0.032926 0.018120
v 0.002727 -0.032859 0.018120
v 0.002772 -0.032790 0.018120
v 0.002816 -0.032721 0.018120
v 0.002858 -0.032650 0.018120
v 0.002898 -0.032578 0.018120
v 0.002937 -0.032505 0.018120
v 0.002973 -0.032432 0.018120
v 0.003008 -0.032357 0.018120
v 0.003041 -0.032282 0.018120
v 0.003072 -0.032206 0.018120
v 0.003101 -0.032129 0.018120
v 0.003128 -0.032051 0.018120
v 0.003153 -0.031973 0.018120
v 0.003177 -0.031894 0.018120
v 0.003198 -0.031814 0.018120
v 0.003217 -0.031734 0.018120
v 0.003235 -0.031654 0.018120
v 0.003250 -0.031573 0.018120
v 0.003263 -0.031492 0.018120
v 0.003274 -0.031410 0.018120
v 0.003284 -0.031329 0.018120
v 0.003291 -0.031247 0.018120
v 0.003296 -0.031164 0.018120
v 0.003299 -0.031082 0.018120
v -0.005000 -0.025000 0.018120
v -0.005000 -0.025000 0.038440
v -0.005000 -0.024800 0.018120
v -0.005000 -0.024800 0.000000
v -0.005000 -0.022000 0.000000
v -0.005000 -0.022000 0.095000
v -0.005000 -0.024800 0.095000
v -0.005000 -0.024800 0.076880
v -0.005000 -0.025000 0.076880
v -0.005000 -0.025000 0.056560
v -0.005000 -0.024800 0.056560
v -0.005000 -0.024800 0.038440
v -0.006700 -0.027000 0.038440
v -0.006700 -0.025000 0.038440
v -0.004472 -0.027000 0.038440
v -0.003700 -0.026277 0.038440
v -0.003581 -0.026186 0.038440
v -0.003460 -0.026098 0.038440
v -0.003337 -0.026013 0.038440
v -0.003211 -0.025932 0.038440
v -0.003084 -0.025853 0.038440
v -0.002955 -0.025778 0.038440
v -0.002824 -0.025706 0.038440
v -0.002691 -0.025637 0.038440
v -0.002557 -0.025572 0.038440
v -0.002421 -0.025510 0.038440
v -0.002283 -0.025451 0.038440
v -0.002144 -0.025396 0.038440
v -0.002004 -0.025344 0.038440
v -0.001862 -0.025296 0.038440
v -0.001719 -0.025252 0.038440
v -0.001576 -0.025211 0.038440
v -0.001431 -0.025173 0.038440
v -0.001285 -0.025139 0.038440
v -0.001139 -0.025109 0.038440
v -0.000991 -0.025082 0.038440
v -0.000844 -0.025060 0.038440
v -0.000695 -0.025040 0.038440
v -0.000547 -0.025025 0.038440
v -0.000398 -0.025013 0.038440
v -0.000248 -0.025005 0.038440
v -0.000099 -0.025001 0.038440
v 0.000051 -0.025000 0.038440
v 0.000200 -0.025003 0.038440
v 0.000350 -0.025010 0.038440
v 0.000499 -0.025021 0.038440
v 0.000648 -0.025035 0.038440
v 0.000796 -0.025053 0.038440
v 0.000944 -0.025075 0.038440
v 0.001092 -0.025100 0.038440
v 0.001238 -0.025129 0.038440
v 0.001384 -0.025162 0.038440
v 0.001529 -0.025198 0.038440
v 0.001673 -0.025238 0.038440
v 0.001816 -0.025282 0.038440
v 0.001958 -0.025329 0.038440
v 0.002099 -0.025379 0.038440
v 0.002239 -0.025433 0.038440
v 0.002377 -0.025491 0.038440
v 0.002513 -0.025552 0.038440
v 0.002648 -0.025616 0.038440
v 0.002782 -0.025684 0.038440
v 0.002913 -0.025755 0.038440
v 0.003043 -0.025829 0.038440
v 0.003171 -0.025906 0.038440
v 0.003297 -0.025987 0.038440
v 0.003421 -0.026071 0.038440
v 0.003543 -0.026157 0.038440
v 0.003662 -0.026247 0.038440
v 0.003780 -0.026340 0.038440
v 0.003894 -0.026436 0.038440
v 0.004007 -0.026534 0.038440
v 0.004117 -0.026635 0.038440
v 0.004225 -0.026739 0.038440
v 0.004329 -0.026846 0.038440
v 0.004432 -0.026955 0.038440
v 0.004531 -0.027067 0.038440
v 0.004628 -0.027181 0.038440
v 0.004721 -0.027298 0.038440
v 0.004812 -0.027416 0.038440
v 0.004900 -0.027537 0.038440
v 0.004985 -0.027661 0.038440
v 0.005066 -0.027786 0.038440
v 0.005145 -0.027913 0.038440
v 0.005220 -0.028042 0.038440
v 0.005292 -0.028173 0.038440
v 0.005361 -0.028306 0.038440
v 0.005427 -0.028441 0.038440
v 0.005489 -0.028577 0.038440
v 0.005548 -0.028714 0.038440
v 0.005603 -0.028853 0.038440
v 0.005655 -0.028993 0.038440
v 0.005703 -0.029135 0.038440
v 0.005747 -0.029278 0.038440
v 0.005789 -0.029421 0.038440
v 0.005826 -0.029566 0.038440
v 0.005860 -0.029712 0.038440
v 0.005890 -0.029858 0.038440
v 0.005917 -0.030005 0.038440
v 0.005940 -0.030153 0.038440
v 0.005959 -0.030302 0.038440
v 0.005975 -0.030450 0.038440
v 0.005987 -0.030599 0.038440
v 0.005995 -0.030749 0.038440
v 0.005999 -0.030898 0.038440
v 0.006000 -0.031048 0.038440
v 0.005997 -0.031197 0.038440
v 0.005990 -0.031347 0.038440
v 0.005979 -0.031496 0.038440
v 0.005965 -0.031645 0.038440
v 0.005947 -0.031793 0.038440
v 0.005926 -0.031941 0.038440
v 0.005900 -0.032088 0.038440
v 0.005871 -0.032235 0.038440
v 0.005839 -0.032381 0.038440
v 0.005803 -0.032526 0.038440
v 0.005763 -0.032670 0.038440
v 0.005719 -0.032813 0.038440
v 0.005672 -0.032955 0.038440
v 0.005622 -0.033096 0.038440
v 0.005568 -0.033236 0.038440
v 0.005510 -0.033374 0.038440
v 0.005450 -0.033510 0.038440
v 0.005385 -0.033645 0.038440
v 0.005318 -0.033779 0.038440
v 0.005247 -0.033910 0.038440
v 0.005173 -0.034040 0.038440
v 0.005095 -0.034168 0.038440
v 0.005015 -0.034294 0.038440
v 0.004931 -0.034418 0.038440
v 0.004844 -0.034540 0.038440
v 0.004755 -0.034660 0.038440
v 0.004662 -0.034777 0.038440
v 0.004566 -0.034892 0.038440
v 0.004468 -0.035005 0.038440
v 0.004367 -0.035115 0.038440
v 0.004263 -0.035222 0.038440
v 0.004156 -0.035327 0.038440
v 0.004047 -0.035430 0.038440
v 0.003936 -0.035529 0.038440
v 0.003821 -0.035626 0.038440
v 0.003705 -0.035719 0.038440
v 0.003586 -0.035810 0.038440
v 0.003465 -0.035898 0.038440
v 0.003342 -0.035983 0.038440
v 0.003217 -0.036065 0.038440
v 0.003090 -0.036143 0.038440
v 0.002960 -0.036219 0.038440
v 0.002829 -0.036291 0.038440
v 0.002697 -0.036360 0.038440
v 0.002562 -0.036425 0.038440
v 0.002426 -0.036488 0.038440
v 0.002289 -0.036546 0.038440
v 0.002150 -0.036602 0.038440
v 0.002010 -0.036653 0.038440
v 0.001868 -0.036702 0.038440
v 0.001725 -0.036747 0.038440
v 0.001582 -0.036788 0.038440
v 0.001437 -0.036825 0.038440
v 0.001291 -0.036859 0.038440
v 0.001145 -0.036890 0.038440
v 0.000998 -0.036916 0.038440
v 0.000850 -0.036940 0.038440
v 0.000702 -0.036959 0.038440
v 0.000553 -0.036974 0.038440
v 0.000404 -0.036986 0.038440
v 0.000254 -0.036995 0.038440
v 0.000105 -0.036999 0.038440
v -0.000045 -0.037000 0.038440
v -0.000194 -0.036997 0.038440
v -0.000343 -0.036990 0.038440
v -0.000493 -0.036980 0.038440
v -0.000642 -0.036966 0.038440
v -0.000790 -0.036948 0.038440
v -0.000938 -0.036926 0.038440
v -0.001085 -0.036901 0.038440
v -0.001232 -0.036872 0.038440
v -0.001378 -0.036840 0.038440
v -0.001523 -0.036803 0.038440
v -0.001667 -0.036764 0.038440
v -0.001810 -0.036720 0.038440
v -0.001952 -0.036673 0.038440
v -0.002093 -0.036623 0.038440
v -0.002233 -0.036569 0.038440
v -0.002371 -0.036512 0.038440
v -0.002508 -0.036451 0.038440
v -0.002643 -0.036387 0.038440
v -0.002776 -0.036319 0.038440
v -0.002908 -0.036248 0.038440
v -0.003038 -0.036174 0.038440
v -0.003166 -0.036097 0.038440
v -0.003292 -0.036016 0.038440
v -0.003416 -0.035933 0.038440
v -0.003538 -0.035846 0.038440
v -0.003657 -0.035757 0.038440
v -0.003775 -0.035664 0.038440
v -0.003890 -0.035568 0.038440
v -0.004002 -0.035470 0.038440
v -0.004112 -0.035369 0.038440
v -0.004220 -0.035265 0.038440
v -0.004325 -0.035159 0.038440
v -0.004427 -0.035049 0.038440
v -0.004527 -0.034938 0.038440
v -0.004624 -0.034824 0.038440
v -0.004718 -0.034707 0.038440
v -0.004808 -0.034589 0.038440
v -0.004896 -0.034468 0.038440
v -0.004981 -0.034345 0.038440
v -0.005063 -0.034219 0.038440
v -0.005142 -0.034092 0.038440
v -0.005217 -0.033963 0.038440
v -0.005289 -0.033832 0.038440
v -0.005358 -0.033699 0.038440
v -0.005424 -0.033565 0.038440
v -0.005486 -0.033429 0.038440
v -0.005545 -0.033292 0.038440
v -0.005601 -0.033153 0.038440
v -0.005652 -0.033012 0.038440
v -0.005701 -0.032871 0.038440
v -0.005746 -0.032728 0.038440
v -0.005787 -0.032585 0.038440
v -0.005825 -0.032440 0.038440
v -0.005859 -0.032294 0.038440
v -0.005889 -0.032148 0.038440
v -0.005916 -0.032001 0.038440
v -0.005939 -0.031853 0.038440
v -0.005958 -0.031705 0.038440
v -0.005974 -0.031556 0.038440
v -0.005986 -0.031407 0.038440
v -0.005994 -0.031258 0.038440
v -0.005999 -0.031108 0.038440
v -0.006000 -0.030959 0.038440
v -0.005997 -0.030809 0.038440
v -0.005990 -0.030660 0.038440
v -0.005980 -0.030510 0.038440
v -0.005966 -0.030362 0.038440
v -0.005948 -0.030213 0.038440
v -0.005927 -0.030065 0.038440
v -0.005902 -0.029918 0.038440
v -0.005873 -0.029771 0.038440
v -0.005840 -0.029625 0.038440
v -0.005804 -0.029480 0.038440
v -0.005765 -0.029336 0.038440
v -0.005721 -0.029193 0.038440
v -0.005674 -0.029050 0.038440
v -0.005624 -0.028910 0.038440
v -0.005570 -0.028770 0.038440
v -0.005513 -0.028632 0.038440
v -0.005452 -0.028495 0.038440
v -0.005388 -0.028360 0.038440
v -0.005321 -0.028227 0.038440
v -0.005250 -0.028095 0.038440
v -0.005176 -0.027965 0.038440
v -0.005099 -0.027837 0.038440
v -0.005018 -0.027711 0.038440
v -0.004935 -0.027587 0.038440
v -0.004848 -0.027465 0.038440
v -0.004758 -0.027345 0.038440
v -0.004666 -0.027228 0.038440
v -0.004570 -0.027113 0.038440
v -0.003700 -0.024800 0.038440
v -0.005000 -0.024800 0.038440
v -0.005000 -0.025000 0.038440
v 0.003300 -0.031000 0.038440
v 0.003299 -0.030918 0.038440
v 0.003296 -0.030836 0.038440
v 0.003291 -0.030753 0.038440
v 0.003284 -0.030671 0.038440
v 0.003274 -0.030590 0.038440
v 0.003263 -0.030508 0.038440
v 0.003250 -0.030427 0.038440
v 0.003235 -0.030346 0.038440
v 0.003217 -0.030266 0.038440
v 0.003198 -0.030186 0.038440
v 0.003177 -0.030106 0.038440
v 0.003153 -0.030027 0.038440
v 0.003128 -0.029949 0.038440
v 0.003101 -0.029871 0.038440
v 0.003072 -0.029794 0.038440
v 0.003041 -0.029718 0.038440
v 0.003008 -0.029643 0.038440
v 0.002973 -0.029568 0.038440
v 0.002937 -0.029495 0.038440
v 0.002898 -0.029422 0.038440
v 0.002858 -0.029350 0.038440
v 0.002816 -0.029279 0.038440
v 0.002772 -0.029210 0.038440
v 0.002727 -0.029141 0.038440
v 0.002679 -0.029074 0.038440
v 0.002631 -0.029007 0.038440
v 0.002580 -0.028942 0.038440
v 0.002528 -0.028879 0.038440
v 0.002474 -0.028816 0.038440
v 0.002419 -0.028755 0.038440
v 0.002362 -0.028696 0.038440
v 0.002304 -0.028638 0.038440
v 0.002245 -0.028581 0.038440
v 0.002184 -0.028526 0.038440
v 0.002121 -0.028472 0.038440
v 0.002058 -0.028420 0.038440
v 0.001993 -0.028369 0.038440
v 0.001926 -0.028321 0.038440
v 0.001859 -0.028273 0.038440
v 0.001790 -0.028228 0.038440
v 0.001721 -0.028184 0.038440
v 0.001650 -0.028142 0.038440
v 0.001578 -0.028102 0.038440
v 0.001505 -0.028063 0.038440
v 0.001432 -0.028027 0.038440
v 0.001357 -0.027992 0.038440
v 0.001282 -0.027959 0.038440
v 0.001206 -0.027928 0.038440
v 0.001129 -0.027899 0.038440
v 0.001051 -0.027872 0.038440
v 0.000973 -0.027847 0.038440
v 0.000894 -0.027823 0.038440
v 0.000814 -0.027802 0.038440
v 0.000734 -0.027783 0.038440
v 0.000654 -0.027765 0.038440
v 0.000573 -0.027750 0.038440
v 0.000492 -0.027737 0.038440
v 0.000410 -0.027726 0.038440
v 0.000329 -0.027716 0.038440
v 0.000247 -0.027709 0.038440
v 0.000164 -0.027704 0.038440
v 0.000082 -0.027701 0.038440
v 0.000000 -0.027700 0.038440
v -0.000082 -0.027701 0.038440
v -0.000164 -0.027704 0.038440
v -0.000247 -0.027709 0.038440
v -0.000329 -0.027716 0.038440
v -0.000410 -0.027726 0.038440
v -0.000492 -0.027737 0.038440
v -0.000573 -0.027750 0.038440
v -0.000654 -0.027765 0.038440
v -0.000734 -0.027783 0.038440
v -0.000814 -0.027802 0.038440
v -0.000894 -0.027823 0.038440
v -0.000973 -0.027847 0.038440
v -0.001051 -0.027872 0.038440
v -0.001129 -0.027899 0.038440
v -0.001206 -0.027928 0.038440
v -0.001282 -0.027959 0.038440
v -0.001357 -0.027992 0.038440
v -0.001432 -0.028027 0.038440
v -0.001505 -0.028063 0.038440
v -0.001578 -0.028102 0.038440
v -0.001650 -0.028142 0.038440
v -0.001721 -0.028184 0.038440
v -0.001790 -0.028228 0.038440
v -0.001859 -0.028273 0.038440
v -0.001926 -0.028321 0.038440
v -0.001993 -0.028369 0.038440
v -0.002058 -0.028420 0.038440
v -0.002121 -0.028472 0.038440
v -0.002184 -0.028526 0.038440
v -0.002245 -0.028581 0.038440
v -0.002304 -0.028638 0.038440
v -0.002362 -0.028696 0.038440
v -0.002419 -0.028755 0.038440
v -0.002474 -0.028816 0.038440
v -0.002528 -0.028879 0.038440
v -0.002580 -0.028942 0.038440
v -0.002631 -0.029007 0.038440
v -0.002679 -0.029074 0.038440
v -0.002727 -0.029141 0.038440
v -0.002772 -0.029210 0.038440
v -0.002816 -0.029279 0.038440
v -0.002858 -0.029350 0.038440
v -0.002898 -0.029422 0.038440
v -0.002937 -0.029495 0.038440
v -0.002973 -0.029568 0.038440
v -0.003008 -0.029643 0.038440
v -0.003041 -0.029718 0.038440
v -0.003072 -0.029794 0.038440
v -0.003101 -0.029871 0.038440
v -0.003128 -0.029949 0.038440
v -0.003153 -0.030027 0.038440
v -0.003177 -0.030106 0.038440
v -0.003198 -0.030186 0.038440
v -0.003217 -0.030266 0.038440
v -0.003235 -0.030346 0.038440
v -0.003250 -0.030427 0.038440
v -0.003263 -0.030508 0.038440
v -0.003274 -0.030590 0.038440
v -0.003284 -0.030671 0.038440
v -0.003291 -0.030753 0.038440
v -0.003296 -0.030836 0.038440
v -0.003299 -0.030918 0.038440
v -0.003300 -0.031000 0.038440
v -0.003299 -0.031082 0.038440
v -0.003296 -0.031164 0.038440
v -0.003291 -0.031247 0.038440
v -0.003284 -0.031329 0.038440
v -0.003274 -0.031410 0.038440
v -0.003263 -0.031492 0.038440
v -0.003250 -0.031573 0.038440
v -0.003235 -0.031654 0.038440
v -0.003217 -0.031734 0.038440
v -0.003198 -0.031814 0.038440
v -0.003177 -0.031894 0.038440
v -0.003153 -0.031973 0.038440
v -0.003128 -0.032051 0.038440
v -0.003101 -0.032129 0.038440
v -0.003072 -0.032206 0.038440
v -0.003041 -0.032282 0.038440
v -0.003008 -0.032357 0.038440
v -0.002973 -0.032432 0.038440
v -0.002937 -0.032505 0.038440
v -0.002898 -0.032578 0.038440
v -0.002858 -0.032650 0.038440
v -0.002816 -0.032721 0.038440
v -0.002772 -0.032790 0.038440
v -0.002727 -0.032859 0.038440
v -0.002679 -0.032926 0.038440
v -0.002631 -0.032993 0.038440
v -0.002580 -0.033058 0.038440
v -0.002528 -0.033121 0.038440
v -0.002474 -0.033184 0.038440
v -0.002419 -0.033245 0.038440
v -0.002362 -0.033304 0.038440
v -0.002304 -0.033362 0.038440
v -0.002245 -0.033419 0.038440
v -0.002184 -0.033474 0.038440
v -0.002121 -0.033528 0.038440
v -0.002058 -0.033580 0.038440
v -0.001993 -0.033631 0.038440
v -0.001926 -0.033679 0.038440
v -0.001859 -0.033727 0.038440
v -0.001790 -0.033772 0.038440
v -0.001721 -0.033816 0.038440
v -0.001650 -0.033858 0.038440
v -0.001578 -0.033898 0.038440
v -0.001505 -0.033937 0.038440
v -0.001432 -0.033973 0.038440
v -0.001357 -0.034008 0.038440
v -0.001282 -0.034041 0.038440
v -0.001206 -0.034072 0.038440
v -0.001129 -0.034101 0.038440
v -0.001051 -0.034128 0.038440
v -0.000973 -0.034153 0.038440
v -0.000894 -0.034177 0.038440
v -0.000814 -0.034198 0.038440
v -0.000734 -0.034217 0.038440
v -0.000654 -0.034235 0.038440
v -0.000573 -0.034250 0.038440
v -0.000492 -0.034263 0.038440
v -0.000410 -0.034274 0.038440
v -0.000329 -0.034284 0.038440
v -0.000247 -0.034291 0.038440
v -0.000164 -0.034296 0.038440
v -0.000082 -0.034299 0.038440
v 0.000000 -0.034300 0.038440
v 0.000082 -0.034299 0.038440
v 0.000164 -0.034296 0.038440
v 0.000247 -0.034291 0.038440
v 0.000329 -0.034284 0.038440
v 0.000410 -0.034274 0.038440
v 0.000492 -0.034263 0.038440
v 0.000573 -0.034250 0.038440
v 0.000654 -0.034235 0.038440
v 0.000734 -0.034217 0.038440
v 0.000814 -0.034198 0.038440
v 0.000894 -0.034177 0.038440
v 0.000973 -0.034153 0.038440
v 0.001051 -0.034128 0.038440
v 0.001129 -0.034101 0.038440
v 0.001206 -0.034072 0.038440
v 0.001282 -0.034041 0.038440
v 0.001357 -0.034008 0.038440
v 0.001432 -0.033973 0.038440
v 0.001505 -0.033937 0.038440
v 0.001578 -0.033898 0.038440
v 0.001650 -0.033858 0.038440
v 0.001721 -0.033816 0.038440
v 0.001790 -0.033772 0.038440
v 0.001859 -0.033727 0.038440
v 0.001926 -0.033679 0.038440
v 0.001993 -0.033631 0.038440
v 0.002058 -0.033580 0.038440
v 0.002121 -0.033528 0.038440
v 0.002184 -0.033474 0.038440
v 0.002245 -0.033419 0.038440
v 0.002304 -0.033362 0.038440
v 0.002362 -0.033304 0.038440
v 0.002419 -0.033245 0.038440
v 0.002474 -0.033184 0.038440
v 0.002528 -0.033121 0.038440
v 0.002580 -0.033058 0.038440
v 0.002631 -0.032993 0.038440
v 0.002679 -0.032926 0.038440
v 0.002727 -0.032859 0.038440
v 0.002772 -0.032790 0.038440
v 0.002816 -0.032721 0.038440
v 0.002858 -0.032650 0.038440
v 0.002898 -0.032578 0.038440
v 0.002937 -0.032505 0.038440
v 0.002973 -0.032432 0.038440
v 0.003008 -0.032357 0.038440
v 0.003041 -0.032282 0.038440
v 0.003072 -0.032206 0.038440
v 0.003101 -0.032129 0.038440
v 0.003128 -0.032051 0.038440
v 0.003153 -0.031973 0.038440
v 0.003177 -0.031894 0.038440
v 0.003198 -0.031814 0.038440
v 0.003217 -0.031734 0.038440
v 0.003235 -0.031654 0.038440
v 0.003250 -0.031573 0.038440
v 0.003263 -0.031492 0.038440
v 0.003274 -0.031410 0.038440
v 0.003284 -0.031329 0.038440
v 0.003291 -0.031247 0.038440
v 0.003296 -0.031164 0.038440
v 0.003299 -0.031082 0.038440
v -0.006700 -0.027000 0.056560
v -0.006700 -0.025000 0.056560
v -0.006700 -0.027000 0.038440
v -0.006700 -0.025000 0.038440
v -0.006700 -0.027000 0.056560
v -0.006700 -0.025000 0.056560
v -0.004472 -0.027000 0.056560
v -0.004570 -0.027113 0.056560
v -0.004666 -0.027228 0.056560
v -0.004758 -0.027345 0.056560
v -0.004848 -0.027465 0.056560
v -0.004935 -0.027587 0.056560
v -0.005018 -0.027711 0.056560
v -0.005099 -0.027837 0.056560
v -0.005176 -0.027965 0.056560
v -0.005250 -0.028095 0.056560
v -0.005321 -0.028227 0.056560
v -0.005388 -0.028360 0.056560
v -0.005452 -0.028495 0.056560
v -0.005513 -0.028632 0.056560
v -0.005570 -0.028770 0.056560
v -0.005624 -0.028910 0.056560
v -0.005674 -0.029050 0.056560
v -0.005721 -0.029193 0.056560
v -0.005765 -0.029336 0.056560
v -0.005804 -0.029480 0.056560
v -0.005840 -0.029625 0.056560
v -0.005873 -0.029771 0.056560
v -0.005902 -0.029918 0.056560
v -0.005927 -0.030065 0.056560
v -0.005948 -0.030213 0.056560
v -0.005966 -0.030362 0.056560
v -0.005980 -0.030510 0.056560
v -0.005990 -0.030660 0.056560
v -0.005997 -0.030809 0.056560
v -0.006000 -0.030959 0.056560
v -0.005999 -0.031108 0.056560
v -0.005994 -0.031258 0.056560
v -0.005986 -0.031407 0.056560
v -0.005974 -0.031556 0.056560
v -0.005958 -0.031705 0.056560
v -0.005939 -0.031853 0.056560
v -0.005916 -0.032001 0.056560
v -0.005889 -0.032148 0.056560
v -0.005859 -0.032294 0.056560
v -0.005825 -0.032440 0.056560
v -0.005787 -0.032585 0.056560
v -0.005746 -0.032728 0.056560
v -0.005701 -0.032871 0.056560
v -0.005652 -0.033012 0.056560
v -0.005601 -0.033153 0.056560
v -0.005545 -0.033292 0.056560
v -0.005486 -0.033429 0.056560
v -0.005424 -0.033565 0.056560
v -0.005358 -0.033699 0.056560
v -0.005289 -0.033832 0.056560
v -0.005217 -0.033963 0.056560
v -0.005142 -0.034092 0.056560
v -0.005063 -0.034219 0.056560
v -0.004981 -0.034345 0.056560
v -0.004896 -0.034468 0.056560
v -0.004808 -0.034589 0.056560
v -0.004718 -0.034707 0.056560
v -0.004624 -0.034824 0.056560
v -0.004527 -0.034938 0.056560
v -0.004427 -0.035049 0.056560
v -0.004325 -0.035159 0.056560
v -0.004220 -0.035265 0.056560
v -0.004112 -0.035369 0.056560
v -0.004002 -0.035470 0.056560
v -0.003890 -0.035568 0.056560
v -0.003775 -0.035664 0.056560
v -0.003657 -0.035757 0.056560
v -0.003538 -0.035846 0.056560
v -0.003416 -0.035933 0.056560
v -0.003292 -0.036016 0.056560
v -0.003166 -0.036097 0.056560
v -0.003038 -0.036174 0.056560
v -0.002908 -0.036248 0.056560
v -0.002776 -0.036319 0.056560
v -0.002643 -0.036387 0.056560
v -0.002508 -0.036451 0.056560
v -0.002371 -0.036512 0.056560
v -0.002233 -0.036569 0.056560
v -0.002093 -0.036623 0.056560
v -0.001952 -0.036673 0.056560
v -0.001810 -0.036720 0.056560
v -0.001667 -0.036764 0.056560
v -0.001523 -0.036803 0.056560
v -0.001378 -0.036840 0.056560
v -0.001232 -0.036872 0.056560
v -0.001085 -0.036901 0.056560
v -0.000938 -0.036926 0.056560
v -0.000790 -0.036948 0.056560
v -0.000642 -0.036966 0.056560
v -0.000493 -0.036980 0.056560
v -0.000343 -0.036990 0.056560
v -0.000194 -0.036997 0.056560
v -0.000045 -0.037000 0.056560
v 0.000105 -0.036999 0.056560
v 0.000254 -0.036995 0.056560
v 0.000404 -0.036986 0.056560
v 0.000553 -0.036974 0.056560
v 0.000702 -0.036959 0.056560
v 0.000850 -0.036940 0.056560
v 0.000998 -0.036916 0.056560
v 0.001145 -0.036890 0.056560
v 0.001291 -0.036859 0.056560
v 0.001437 -0.036825 0.056560
v 0.001582 -0.036788 0.056560
v 0.001725 -0.036747 0.056560
v 0.001868 -0.036702 0.056560
v 0.002010 -0.036653 0.056560
v 0.002150 -0.036602 0.056560
v 0.002289 -0.036546 0.056560
v 0.002426 -0.036488 0.056560
v 0.002562 -0.036425 0.056560
v 0.002697 -0.036360 0.056560
v 0.002829 -0.036291 0.056560
v 0.002960 -0.036219 0.056560
v 0.003090 -0.036143 0.056560
v 0.003217 -0.036065 0.056560
v 0.003342 -0.035983 0.056560
v 0.003465 -0.035898 0.056560
v 0.003586 -0.035810 0.056560
v 0.003705 -0.035719 0.056560
v 0.003821 -0.035626 0.056560
v 0.003936 -0.035529 0.056560
v 0.004047 -0.035430 0.056560
v 0.004156 -0.035327 0.056560
v 0.004263 -0.035222 0.056560
v 0.004367 -0.035115 0.056560
v 0.004468 -0.035005 0.056560
v 0.004566 -0.034892 0.056560
v 0.004662 -0.034777 0.056560
v 0.004755 -0.034660 0.056560
v 0.004844 -0.034540 0.056560
v 0.004931 -0.034418 0.056560
v 0.005015 -0.034294 0.056560
v 0.005095 -0.034168 0.056560
v 0.005173 -0.034040 0.056560
v 0.005247 -0.033910 0.056560
v 0.005318 -0.033779 0.056560
v 0.005385 -0.033645 0.056560
v 0.005450 -0.033510 0.056560
v 0.005510 -0.033374 0.056560
v 0.005568 -0.033236 0.056560
v 0.005622 -0.033096 0.056560
v 0.005672 -0.032955 0.056560
v 0.005719 -0.032813 0.056560
v 0.005763 -0.032670 0.056560
v 0.005803 -0.032526 0.056560
v 0.005839 -0.032381 0.056560
v 0.005871 -0.032235 0.056560
v 0.005900 -0.032088 0.056560
v 0.005926 -0.031941 0.056560
v 0.005947 -0.031793 0.056560
v 0.005965 -0.031645 0.056560
v 0.005979 -0.031496 0.056560
v 0.005990 -0.031347 0.056560
v 0.005997 -0.031197 0.056560
v 0.006000 -0.031048 0.056560
v 0.005999 -0.030898 0.056560
v 0.005995 -0.030749 0.056560
v 0.005987 -0.030599 0.056560
v 0.005975 -0.030450 0.056560
v 0.005959 -0.030302 0.056560
v 0.005940 -0.030153 0.056560
v 0.005917 -0.030005 0.056560
v 0.005890 -0.029858 0.056560
v 0.005860 -0.029712 0.056560
v 0.005826 -0.029566 0.056560
v 0.005789 -0.029421 0.056560
v 0.005747 -0.029278 0.056560
v 0.005703 -0.029135 0.056560
v 0.005655 -0.028993 0.056560
v 0.005603 -0.028853 0.056560
v 0.005548 -0.028714 0.056560
v 0.005489 -0.028577 0.056560
v 0.005427 -0.028441 0.056560
v 0.005361 -0.028306 0.056560
v 0.005292 -0.028173 0.056560
v 0.005220 -0.028042 0.056560
v 0.005145 -0.027913 0.056560
v 0.005066 -0.027786 0.056560
v 0.004985 -0.027661 0.056560
v 0.004900 -0.027537 0.056560
v 0.004812 -0.027416 0.056560
v 0.004721 -0.027298 0.056560
v 0.004628 -0.027181 0.056560
v 0.004531 -0.027067 0.056560
v 0.004432 -0.026955 0.056560
v 0.004329 -0.026846 0.056560
v 0.004225 -0.026739 0.056560
v 0.004117 -0.026635 0.056560
v 0.004007 -0.026534 0.056560
v 0.003894 -0.026436 0.056560
v 0.003780 -0.026340 0.056560
v 0.003662 -0.026247 0.056560
v 0.003543 -0.026157 0.056560
v 0.003421 -0.026071 0.056560
v 0.003297 -0.025987 0.056560
v 0.003171 -0.025906 0.056560
v 0.003043 -0.025829 0.056560
v 0.002913 -0.025755 0.056560
v 0.002782 -0.025684 0.056560
v 0.002648 -0.025616 0.056560
v 0.002513 -0.025552 0.056560
v 0.002377 -0.025491 0.056560
v 0.002239 -0.025433 0.056560
v 0.002099 -0.025379 0.056560
v 0.001958 -0.025329 0.056560
v 0.001816 -0.025282 0.056560
v 0.001673 -0.025238 0.056560
v 0.001529 -0.025198 0.056560
v 0.001384 -0.025162 0.056560
v 0.001238 -0.025129 0.056560
v 0.001092 -0.025100 0.056560
v 0.000944 -0.025075 0.056560
v 0.000796 -0.025053 0.056560
v 0.000648 -0.025035 0.056560
v 0.000499 -0.025021 0.056560
v 0.000350 -0.025010 0.056560
v 0.000200 -0.025003 0.056560
v 0.000051 -0.025000 0.056560
v -0.000099 -0.025001 0.056560
v -0.000248 -0.025005 0.056560
v -0.000398 -0.025013 0.056560
v -0.000547 -0.025025 0.056560
v -0.000695 -0.025040 0.056560
v -0.000844 -0.025060 0.056560
v -0.000991 -0.025082 0.056560
v -0.001139 -0.025109 0.056560
v -0.001285 -0.025139 0.056560
v -0.001431 -0.025173 0.056560
v -0.001576 -0.025211 0.056560
v -0.001719 -0.025252 0.056560
v -0.001862 -0.025296 0.056560
v -0.002004 -0.025344 0.056560
v -0.002144 -0.025396 0.056560
v -0.002283 -0.025451 0.056560
v -0.002421 -0.025510 0.056560
v -0.002557 -0.025572 0.056560
v -0.002691 -0.025637 0.056560
v -0.002824 -0.025706 0.056560
v -0.002955 -0.025778 0.056560
v -0.003084 -0.025853 0.056560
v -0.003211 -0.025932 0.056560
v -0.003337 -0.026013 0.056560
v -0.003460 -0.026098 0.056560
v -0.003581 -0.026186 0.056560
v -0.003700 -0.026277 0.056560
v -0.003700 -0.024800 0.056560
v -0.005000 -0.024800 0.056560
v -0.005000 -0.025000 0.056560
v 0.003300 -0.031000 0.056560
v 0.003299 -0.030918 0.056560
v 0.003296 -0.030836 0.056560
v 0.003291 -0.030753 0.056560
v 0.003284 -0.030671 0.056560
v 0.003274 -0.030590 0.056560
v 0.003263 -0.030508 0.056560
v 0.003250 -0.030427 0.056560
v 0.003235 -0.030346 0.056560
v 0.003217 -0.030266 0.056560
v 0.003198 -0.030186 0.056560
v 0.003177 -0.030106 0.056560
v 0.003153 -0.030027 0.056560
v 0.003128 -0.029949 0.056560
v 0.003101 -0.029871 0.056560
v 0.003072 -0.029794 0.056560
v 0.003041 -0.029718 0.056560
v 0.003008 -0.029643 0.056560
v 0.002973 -0.029568 0.056560
v 0.002937 -0.029495 0.056560
v 0.002898 -0.029422 0.056560
v 0.002858 -0.029350 0.056560
v 0.002816 -0.029279 0.056560
v 0.002772 -0.029210 0.056560
v 0.002727 -0.029141 0.056560
v 0.002679 -0.029074 0.056560
v 0.002631 -0.029007 0.056560
v 0.002580 -0.028942 0.056560
v 0.002528 -0.028879 0.056560
v 0.002474 -0.028816 0.056560
v 0.002419 -0.028755 0.056560
v 0.002362 -0.028696 0.056560
v 0.002304 -0.028638 0.056560
v 0.002245 -0.028581 0.056560
v 0.002184 -0.028526 0.056560
v 0.002121 -0.028472 0.056560
v 0.002058 -0.028420 0.056560
v 0.001993 -0.028369 0.056560
v 0.001926 -0.028321 0.056560
v 0.001859 -0.028273 0.056560
v 0.001790 -0.028228 0.056560
v 0.001721 -0.028184 0.056560
v 0.001650 -0.028142 0.056560
v 0.001578 -0.028102 0.056560
v 0.001505 -0.028063 0.056560
v 0.001432 -0.028027 0.056560
v 0.001357 -0.027992 0.056560
v 0.001282 -0.027959 0.056560
v 0.001206 -0.027928 0.056560
v 0.001129 -0.027899 0.056560
v 0.001051 -0.027872 0.056560
v 0.000973 -0.027847 0.056560
v 0.000894 -0.027823 0.056560
v 0.000814 -0.027802 0.056560
v 0.000734 -0.027783 0.056560
v 0.000654 -0.027765 0.056560
v 0.000573 -0.027750 0.056560
v 0.000492 -0.027737 0.056560
v 0.000410 -0.027726 0.056560
v 0.000329 -0.027716 0.056560
v 0.000247 -0.027709 0.056560
v 0.000164 -0.027704 0.056560
v 0.000082 -0.027701 0.056560
v 0.000000 -0.027700 0.056560
v -0.000082 -0.027701 0.056560
v -0.000164 -0.027704 0.056560
v -0.000247 -0.027709 0.056560
v -0.000329 -0.027716 0.056560
v -0.000410 -0.027726 0.056560
v -0.000492 -0.027737 0.056560
v -0.000573 -0.027750 0.056560
v -0.000654 -0.027765 0.056560
v -0.000734 -0.027783 0.056560
v -0.000814 -0.027802 0.056560
v -0.000894 -0.027823 0.056560
v -0.000973 -0.027847 0.056560
v -0.001051 -0.027872 0.056560
v -0.001129 -0.027899 0.056560
v -0.001206 -0.027928 0.056560
v -0.001282 -0.027959 0.056560
v -0.001357 -0.027992 0.056560
v -0.001432 -0.028027 0.056560
v -0.001505 -0.028063 0.056560
v -0.001578 -0.028102 0.056560
v -0.001650 -0.028142 0.056560
v -0.001721 -0.028184 0.056560
v -0.001790 -0.028228 0.056560
v -0.001859 -0.028273 0.056560
v -0.001926 -0.028321 0.056560
v -0.001993 -0.028369 0.056560
v -0.002058 -0.028420 0.056560
v -0.002121 -0.028472 0.056560
v -0.002184 -0.028526 0.056560
v -0.002245 -0.028581 0.056560
v -0.002304 -0.028638 0.056560
v -0.002362 -0.028696 0.056560
v -0.002419 -0.028755 0.056560
v -0.002474 -0.028816 0.056560
v -0.002528 -0.028879 0.056560
v -0.002580 -0.028942 0.056560
v -0.002631 -0.029007 0.056560
v -0.002679 -0.029074 0.056560
v -0.002727 -0.029141 0.056560
v -0.002772 -0.029210 0.056560
v -0.002816 -0.029279 0.056560
v -0.002858 -0.029350 0.056560
v -0.002898 -0.029422 0.056560
v -0.002937 -0.029495 0.056560
v -0.002973 -0.029568 0.056560
v -0.003008 -0.029643 0.056560
v -0.003041 -0.029718 0.056560
v -0.003072 -0.029794 0.056560
v -0.003101 -0.029871 0.056560
v -0.003128 -0.029949 0.056560
v -0.003153 -0.030027 0.056560
v -0.003177 -0.030106 0.056560
v -0.003198 -0.030186 0.056560
v -0.003217 -0.030266 0.056560
v -0.003235 -0.030346 0.056560
v -0.003250 -0.030427 0.056560
v -0.003263 -0.030508 0.056560
v -0.003274 -0.030590 0.056560
v -0.003284 -0.030671 0.056560
v -0.003291 -0.030753 0.056560
v -0.003296 -0.030836 0.056560
v -0.003299 -0.030918 0.056560
v -0.003300 -0.031000 0.056560
v -0.003299 -0.031082 0.056560
v -0.003296 -0.031164 0.056560
v -0.003291 -0.031247 0.056560
v -0.003284 -0.031329 0.056560
v -0.003274 -0.031410 0.056560
v -0.003263 -0.031492 0.056560
v -0.003250 -0.031573 0.056560
v -0.003235 -0.031654 0.056560
v -0.003217 -0.031734 0.056560
v -0.003198 -0.031814 0.056560
v -0.003177 -0.031894 0.056560
v -0.003153 -0.031973 0.056560
v -0.003128 -0.032051 0.056560
v -0.003101 -0.032129 0.056560
v -0.003072 -0.032206 0.056560
v -0.003041 -0.032282 0.056560
v -0.003008 -0.032357 0.056560
v -0.002973 -0.032432 0.056560
v -0.002937 -0.032505 0.056560
v -0.002898 -0.032578 0.056560
v -0.002858 -0.032650 0.056560
v -0.002816 -0.032721 0.056560
v -0.002772 -0.032790 0.056560
v -0.002727 -0.032859 0.056560
v -0.002679 -0.032926 0.056560
v -0.002631 -0.032993 0.056560
v -0.002580 -0.033058 0.056560
v -0.002528 -0.033121 0.056560
v -0.002474 -0.033184 0.056560
v -0.002419 -0.033245 0.056560
v -0.002362 -0.033304 0.056560
v -0.002304 -0.033362 0.056560
v -0.002245 -0.033419 0.056560
v -0.002184 -0.033474 0.056560
v -0.002121 -0.033528 0.056560
v -0.002058 -0.033580 0.056560
v -0.001993 -0.033631 0.056560
v -0.001926 -0.033679 0.056560
v -0.001859 -0.033727 0.056560
v -0.001790 -0.033772 0.056560
v -0.001721 -0.033816 0.056560
v -0.001650 -0.033858 0.056560
v -0.001578 -0.033898 0.056560
v -0.001505 -0.033937 0.056560
v -0.001432 -0.033973 0.056560
v -0.001357 -0.034008 0.056560
v -0.001282 -0.034041 0.056560
v -0.001206 -0.034072 0.056560
v -0.001129 -0.034101 0.056560
v -0.001051 -0.034128 0.056560
v -0.000973 -0.034153 0.056560
v -0.000894 -0.034177 0.056560
v -0.000814 -0.034198 0.056560
v -0.000734 -0.034217 0.056560
v -0.000654 -0.034235 0.056560
v -0.000573 -0.034250 0.056560
v -0.000492 -0.034263 0.056560
v -0.000410 -0.034274 0.056560
v -0.000329 -0.034284 0.056560
v -0.000247 -0.034291 0.056560
v -0.000164 -0.034296 0.056560
v -0.000082 -0.034299 0.056560
v 0.000000 -0.034300 0.056560
v 0.000082 -0.034299 0.056560
v 0.000164 -0.034296 0.056560
v 0.000247 -0.034291 0.056560
v 0.000329 -0.034284 0.056560
v 0.000410 -0.034274 0.056560
v 0.000492 -0.034263 0.056560
v 0.000573 -0.034250 0.056560
v 0.000654 -0.034235 0.056560
v 0.000734 -0.034217 0.056560
v 0.000814 -0.034198 0.056560
v 0.000894 -0.034177 0.056560
v 0.000973 -0.034153 0.056560
v 0.001051 -0.034128 0.056560
v 0.001129 -0.034101 0.056560
v 0.001206 -0.034072 0.056560
v 0.001282 -0.034041 0.056560
v 0.001357 -0.034008 0.056560
v 0.001432 -0.033973 0.056560
v 0.001505 -0.033937 0.056560
v 0.001578 -0.033898 0.056560
v 0.001650 -0.033858 0.056560
v 0.001721 -0.033816 0.056560
v 0.001790 -0.033772 0.056560
v 0.001859 -0.033727 0.056560
v 0.001926 -0.033679 0.056560
v 0.001993 -0.033631 0.056560
v 0.002058 -0.033580 0.056560
v 0.002121 -0.033528 0.056560
v 0.002184 -0.033474 0.056560
v 0.002245 -0.033419 0.056560
v 0.002304 -0.033362 0.056560
v 0.002362 -0.033304 0.056560
v 0.002419 -0.033245 0.056560
v 0.002474 -0.033184 0.056560
v 0.002528 -0.033121 0.056560
v 0.002580 -0.033058 0.056560
v 0.002631 -0.032993 0.056560
v 0.002679 -0.032926 0.056560
v 0.002727 -0.032859 0.056560
v 0.002772 -0.032790 0.056560
v 0.002816 -0.032721 0.056560
v 0.002858 -0.032650 0.056560
v 0.002898 -0.032578 0.056560
v 0.002937 -0.032505 0.056560
v 0.002973 -0.032432 0.056560
v 0.003008 -0.032357 0.056560
v 0.003041 -0.032282 0.056560
v 0.003072 -0.032206 0.056560
v 0.003101 -0.032129 0.056560
v 0.003128 -0.032051 0.056560
v 0.003153 -0.031973 0.056560
v 0.003177 -0.031894 0.056560
v 0.003198 -0.031814 0.056560
v 0.003217 -0.031734 0.056560
v 0.003235 -0.031654 0.056560
v 0.003250 -0.031573 0.056560
v 0.003263 -0.031492 0.056560
v 0.003274 -0.031410 0.056560
v 0.003284 -0.031329 0.056560
v 0.003291 -0.031247 0.056560
v 0.003296 -0.031164 0.056560
v 0.003299 -0.031082 0.056560
v -0.006700 -0.027000 0.076880
v -0.006700 -0.025000 0.076880
v -0.004472 -0.027000 0.076880
v -0.003700 -0.026277 0.076880
v -0.003581 -0.026186 0.076880
v -0.003460 -0.026098 0.076880
v -0.003337 -0.026013 0.076880
v -0.003211 -0.025932 0.076880
v -0.003084 -0.025853 0.076880
v -0.002955 -0.025778 0.076880
v -0.002824 -0.025706 0.076880
v -0.002691 -0.025637 0.076880
v -0.002557 -0.025572 0.076880
v -0.002421 -0.025510 0.076880
v -0.002283 -0.025451 0.076880
v -0.002144 -0.025396 0.076880
v -0.002004 -0.025344 0.076880
v -0.001862 -0.025296 0.076880
v -0.001719 -0.025252 0.076880
v -0.001576 -0.025211 0.076880
v -0.001431 -0.025173 0.076880
v -0.001285 -0.025139 0.076880
v -0.001139 -0.025109 0.076880
v -0.000991 -0.025082 0.076880
v -0.000844 -0.025060 0.076880
v -0.000695 -0.025040 0.076880
v -0.000547 -0.025025 0.076880
v -0.000398 -0.025013 0.076880
v -0.000248 -0.025005 0.076880
v -0.000099 -0.025001 0.076880
v 0.000051 -0.025000 0.076880
v 0.000200 -0.025003 0.076880
v 0.000350 -0.025010 0.076880
v 0.000499 -0.025021 0.076880
v 0.000648 -0.025035 0.076880
v 0.000796 -0.025053 0.076880
v 0.000944 -0.025075 0.076880
v 0.001092 -0.025100 0.076880
v 0.001238 -0.025129 0.076880
v 0.001384 -0.025162 0.076880
v 0.001529 -0.025198 0.076880
v 0.001673 -0.025238 0.076880
v 0.001816 -0.025282 0.076880
v 0.001958 -0.025329 0.076880
v 0.002099 -0.025379 0.076880
v 0.002239 -0.025433 0.076880
v 0.002377 -0.025491 0.076880
v 0.002513 -0.025552 0.076880
v 0.002648 -0.025616 0.076880
v 0.002782 -0.025684 0.076880
v 0.002913 -0.025755 0.076880
v 0.003043 -0.025829 0.076880
v 0.003171 -0.025906 0.076880
v 0.003297 -0.025987 0.076880
v 0.003421 -0.026071 0.076880
v 0.003543 -0.026157 0.076880
v 0.003662 -0.026247 0.076880
v 0.003780 -0.026340 0.076880
v 0.003894 -0.026436 0.076880
v 0.004007 -0.026534 0.076880
v 0.004117 -0.026635 0.076880
v 0.004225 -0.026739 0.076880
v 0.004329 -0.026846 0.076880
v 0.004432 -0.026955 0.076880
v 0.004531 -0.027067 0.076880
v 0.004628 -0.027181 0.076880
v 0.004721 -0.027298 0.076880
v 0.004812 -0.027416 0.076880
v 0.004900 -0.027537 0.076880
v 0.004985 -0.027661 0.076880
v 0.005066 -0.027786 0.076880
v 0.005145 -0.027913 0.076880
v 0.005220 -0.028042 0.076880
v 0.005292 -0.028173 0.076880
v 0.005361 -0.028306 0.076880
v 0.005427 -0.028441 0.076880
v 0.005489 -0.028577 0.076880
v 0.005548 -0.028714 0.076880
v 0.005603 -0.028853 0.076880
v 0.005655 -0.028993 0.076880
v 0.005703 -0.029135 0.076880
v 0.005747 -0.029278 0.076880
v 0.005789 -0.029421 0.076880
v 0.005826 -0.029566 0.076880
v 0.005860 -0.029712 0.076880
v 0.005890 -0.029858 0.076880
v 0.005917 -0.030005 0.076880
v 0.005940 -0.030153 0.076880
v 0.005959 -0.030302 0.076880
v 0.005975 -0.030450 0.076880
v 0.005987 -0.030599 0.076880
v 0.005995 -0.030749 0.076880
v 0.005999 -0.030898 0.076880
v 0.006000 -0.031048 0.076880
v 0.005997 -0.031197 0.076880
v 0.005990 -0.031347 0.076880
v 0.005979 -0.031496 0.076880
v 0.005965 -0.031645 0.076880
v 0.005947 -0.031793 0.076880
v 0.005926 -0.031941 0.076880
v 0.005900 -0.032088 0.076880
v 0.005871 -0.032235 0.076880
v 0.005839 -0.032381 0.076880
v 0.005803 -0.032526 0.076880
v 0.005763 -0.032670 0.076880
v 0.005719 -0.032813 0.076880
v 0.005672 -0.032955 0.076880
v 0.005622 -0.033096 0.076880
v 0.005568 -0.033236 0.076880
v 0.005510 -0.033374 0.076880
v 0.005450 -0.033510 0.076880
v 0.005385 -0.033645 0.076880
v 0.005318 -0.033779 0.076880
v 0.005247 -0.033910 0.076880
v 0.005173 -0.034040 0.076880
v 0.005095 -0.034168 0.076880
v 0.005015 -0.034294 0.076880
v 0.004931 -0.034418 0.076880
v 0.004844 -0.034540 0.076880
v 0.004755 -0.034660 0.076880
v 0.004662 -0.034777 0.076880
v 0.004566 -0.034892 0.076880
v 0.004468 -0.035005 0.076880
v 0.004367 -0.035115 0.076880
v 0.004263 -0.035222 0.076880
v 0.004156 -0.035327 0.076880
v 0.004047 -0.035430 0.076880
v 0.003936 -0.035529 0.076880
v 0.003821 -0.035626 0.076880
v 0.003705 -0.035719 0.076880
v 0.003586 -0.035810 0.076880
v 0.003465 -0.035898 0.076880
v 0.003342 -0.035983 0.076880
v 0.003217 -0.036065 0.076880
v 0.003090 -0.036143 0.076880
v 0.002960 -0.036219 0.076880
v 0.002829 -0.036291 0.076880
v 0.002697 -0.036360 0.076880
v 0.002562 -0.036425 0.076880
v 0.002426 -0.036488 0.076880
v 0.002289 -0.036546 0.076880
v 0.002150 -0.036602 0.076880
v 0.002010 -0.036653 0.076880
v 0.001868 -0.036702 0.076880
v 0.001725 -0.036747 0.076880
v 0.001582 -0.036788 0.076880
v 0.001437 -0.036825 0.076880
v 0.001291 -0.036859 0.076880
v 0.001145 -0.036890 0.076880
v 0.000998 -0.036916 0.076880
v 0.000850 -0.036940 0.076880
v 0.000702 -0.036959 0.076880
v 0.000553 -0.036974 0.076880
v 0.000404 -0.036986 0.076880
v 0.000254 -0.036995 0.076880
v 0.000105 -0.036999 0.076880
v -0.000045 -0.037000 0.076880
v -0.000194 -0.036997 0.076880
v -0.000343 -0.036990 0.076880
v -0.000493 -0.036980 0.076880
v -0.000642 -0.036966 0.076880
v -0.000790 -0.036948 0.076880
v -0.000938 -0.036926 0.076880
v -0.001085 -0.036901 0.076880
v -0.001232 -0.036872 0.076880
v -0.001378 -0.036840 0.076880
v -0.001523 -0.036803 0.076880
v -0.001667 -0.036764 0.076880
v -0.001810 -0.036720 0.076880
v -0.001952 -0.036673 0.076880
v -0.002093 -0.036623 0.076880
v -0.002233 -0.036569 0.076880
v -0.002371 -0.036512 0.076880
v -0.002508 -0.036451 0.076880
v -0.002643 -0.036387 0.076880
v -0.002776 -0.036319 0.076880
v -0.002908 -0.036248 0.076880
v -0.003038 -0.036174 0.076880
v -0.003166 -0.036097 0.076880
v -0.003292 -0.036016 0.076880
v -0.003416 -0.035933 0.076880
v -0.003538 -0.035846 0.076880
v -0.003657 -0.035757 0.076880
v -0.003775 -0.035664 0.076880
v -0.003890 -0.035568 0.076880
v -0.004002 -0.035470 0.076880
v -0.004112 -0.035369 0.076880
v -0.004220 -0.035265 0.076880
v -0.004325 -0.035159 0.076880
v -0.004427 -0.035049 0.076880
v -0.004527 -0.034938 0.076880
v -0.004624 -0.034824 0.076880
v -0.004718 -0.034707 0.076880
v -0.004808 -0.034589 0.076880
v -0.004896 -0.034468 0.076880
v -0.004981 -0.034345 0.076880
v -0.005063 -0.034219 0.076880
v -0.005142 -0.034092 0.076880
v -0.005217 -0.033963 0.076880
v -0.005289 -0.033832 0.076880
v -0.005358 -0.033699 0.076880
v -0.005424 -0.033565 0.076880
v -0.005486 -0.033429 0.076880
v -0.005545 -0.033292 0.076880
v -0.005601 -0.033153 0.076880
v -0.005652 -0.033012 0.076880
v -0.005701 -0.032871 0.076880
v -0.005746 -0.032728 0.076880
v -0.005787 -0.032585 0.076880
v -0.005825 -0.032440 0.076880
v -0.005859 -0.032294 0.076880
v -0.005889 -0.032148 0.076880
v -0.005916 -0.032001 0.076880
v -0.005939 -0.031853 0.076880
v -0.005958 -0.031705 0.076880
v -0.005974 -0.031556 0.076880
v -0.005986 -0.031407 0.076880
v -0.005994 -0.031258 0.076880
v -0.005999 -0.031108 0.076880
v -0.006000 -0.030959 0.076880
v -0.005997 -0.030809 0.076880
v -0.005990 -0.030660 0.076880
v -0.005980 -0.030510 0.076880
v -0.005966 -0.030362 0.076880
v -0.005948 -0.030213 0.076880
v -0.005927 -0.030065 0.076880
v -0.005902 -0.029918 0.076880
v -0.005873 -0.029771 0.076880
v -0.005840 -0.029625 0.076880
v -0.005804 -0.029480 0.076880
v -0.005765 -0.029336 0.076880
v -0.005721 -0.029193 0.076880
v -0.005674 -0.029050 0.076880
v -0.005624 -0.028910 0.076880
v -0.005570 -0.028770 0.076880
v -0.005513 -0.028632 0.076880
v -0.005452 -0.028495 0.076880
v -0.005388 -0.028360 0.076880
v -0.005321 -0.028227 0.076880
v -0.005250 -0.028095 0.076880
v -0.005176 -0.027965 0.076880
v -0.005099 -0.027837 0.076880
v -0.005018 -0.027711 0.076880
v -0.004935 -0.027587 0.076880
v -0.004848 -0.027465 0.076880
v -0.004758 -0.027345 0.076880
v -0.004666 -0.027228 0.076880
v -0.004570 -0.027113 0.076880
v -0.003700 -0.024800 0.076880
v -0.005000 -0.024800 0.076880
v -0.005000 -0.025000 0.076880
v 0.003300 -0.031000 0.076880
v 0.003299 -0.030918 0.076880
v 0.003296 -0.030836 0.076880
v 0.003291 -0.030753 0.076880
v 0.003284 -0.030671 0.076880
v 0.003274 -0.030590 0.076880
v 0.003263 -0.030508 0.076880
v 0.003250 -0.030427 0.076880
v 0.003235 -0.030346 0.076880
v 0.003217 -0.030266 0.076880
v 0.003198 -0.030186 0.076880
v 0.003177 -0.030106 0.076880
v 0.003153 -0.030027 0.076880
v 0.003128 -0.029949 0.076880
v 0.003101 -0.029871 0.076880
v 0.003072 -0.029794 0.076880
v 0.003041 -0.029718 0.076880
v 0.003008 -0.029643 0.076880
v 0.002973 -0.029568 0.076880
v 0.002937 -0.029495 0.076880
v 0.002898 -0.029422 0.076880
v 0.002858 -0.029350 0.076880
v 0.002816 -0.029279 0.076880
v 0.002772 -0.029210 0.076880
v 0.002727 -0.029141 0.076880
v 0.002679 -0.029074 0.076880
v 0.002631 -0.029007 0.076880
v 0.002580 -0.028942 0.076880
v 0.002528 -0.028879 0.076880
v 0.002474 -0.028816 0.076880
v 0.002419 -0.028755 0.076880
v 0.002362 -0.028696 0.076880
v 0.002304 -0.028638 0.076880
v 0.002245 -0.028581 0.076880
v 0.002184 -0.028526 0.076880
v 0.002121 -0.028472 0.076880
v 0.002058 -0.028420 0.076880
v 0.001993 -0.028369 0.076880
v 0.001926 -0.028321 0.076880
v 0.001859 -0.028273 0.076880
v 0.001790 -0.028228 0.076880
v 0.001721 -0.028184 0.076880
v 0.001650 -0.028142 0.076880
v 0.001578 -0.028102 0.076880
v 0.001505 -0.028063 0.076880
v 0.001432 -0.028027 0.076880
v 0.001357 -0.027992 0.076880
v 0.001282 -0.027959 0.076880
v 0.001206 -0.027928 0.076880
v 0.001129 -0.027899 0.076880
v 0.001051 -0.027872 0.076880
v 0.000973 -0.027847 0.076880
v 0.000894 -0.027823 0.076880
v 0.000814 -0.027802 0.076880
v 0.000734 -0.027783 0.076880
v 0.000654 -0.027765 0.076880
v 0.000573 -0.027750 0.076880
v 0.000492 -0.027737 0.076880
v 0.000410 -0.027726 0.076880
v 0.000329 -0.027716 0.076880
v 0.000247 -0.027709 0.076880
v 0.000164 -0.027704 0.076880
v 0.000082 -0.027701 0.076880
v 0.000000 -0.027700 0.076880
v -0.000082 -0.027701 0.076880
v -0.000164 -0.027704 0.076880
v -0.000247 -0.027709 0.076880
v -0.000329 -0.027716 0.076880
v -0.000410 -0.027726 0.076880
v -0.000492 -0.027737 0.076880
v -0.000573 -0.027750 0.076880
v -0.000654 -0.027765 0.076880
v -0.000734 -0.027783 0.076880
v -0.000814 -0.027802 0.076880
v -0.000894 -0.027823 0.076880
v -0.000973 -0.027847 0.076880
v -0.001051 -0.027872 0.076880
v -0.001129 -0.027899 0.076880
v -0.001206 -0.027928 0.076880
v -0.001282 -0.027959 0.076880
v -0.001357 -0.027992 0.076880
v -0.001432 -0.028027 0.076880
v -0.001505 -0.028063 0.076880
v -0.001578 -0.028102 0.076880
v -0.001650 -0.028142 0.076880
v -0.001721 -0.028184 0.076880
v -0.001790 -0.028228 0.076880
v -0.001859 -0.028273 0.076880
v -0.001926 -0.028321 0.076880
v -0.001993 -0.028369 0.076880
v -0.002058 -0.028420 0.076880
v -0.002121 -0.028472 0.076880
v -0.002184 -0.028526 0.076880
v -0.002245 -0.028581 0.076880
v -0.002304 -0.028638 0.076880
v -0.002362 -0.028696 0.076880
v -0.002419 -0.028755 0.076880
v -0.002474 -0.028816 0.076880
v -0.002528 -0.028879 0.076880
v -0.002580 -0.028942 0.076880
v -0.002631 -0.029007 0.076880
v -0.002679 -0.029074 0.076880
v -0.002727 -0.029141 0.076880
v -0.002772 -0.029210 0.076880
v -0.002816 -0.029279 0.076880
v -0.002858 -0.029350 0.076880
v -0.002898 -0.029422 0.076880
v -0.002937 -0.029495 0.076880
v -0.002973 -0.029568 0.076880
v -0.003008 -0.029643 0.076880
v -0.003041 -0.029718 0.076880
v -0.003072 -0.029794 0.076880
v -0.003101 -0.029871 0.076880
v -0.003128 -0.029949 0.076880
v -0.003153 -0.030027 0.076880
v -0.003177 -0.030106 0.076880
v -0.003198 -0.030186 0.076880
v -0.003217 -0.030266 0.076880
v -0.003235 -0.030346 0.076880
v -0.003250 -0.030427 0.076880
v -0.003263 -0.030508 0.076880
v -0.003274 -0.030590 0.076880
v -0.003284 -0.030671 0.076880
v -0.003291 -0.030753 0.076880
v -0.003296 -0.030836 0.076880
v -0.003299 -0.030918 0.076880
v -0.003300 -0.031000 0.076880
v -0.003299 -0.031082 0.076880
v -0.003296 -0.031164 0.076880
v -0.003291 -0.031247 0.076880
v -0.003284 -0.031329 0.076880
v -0.003274 -0.031410 0.076880
v -0.003263 -0.031492 0.076880
v -0.003250 -0.031573 0.076880
v -0.003235 -0.031654 0.076880
v -0.003217 -0.031734 0.076880
v -0.003198 -0.031814 0.076880
v -0.003177 -0.031894 0.076880
v -0.003153 -0.031973 0.076880
v -0.003128 -0.032051 0.076880
v -0.003101 -0.032129 0.076880
v -0.003072 -0.032206 0.076880
v -0.003041 -0.032282 0.076880
v -0.003008 -0.032357 0.076880
v -0.002973 -0.032432 0.076880
v -0.002937 -0.032505 0.076880
v -0.002898 -0.032578 0.076880
v -0.002858 -0.032650 0.076880
v -0.002816 -0.032721 0.076880
v -0.002772 -0.032790 0.076880
v -0.002727 -0.032859 0.076880
v -0.002679 -0.032926 0.076880
v -0.002631 -0.032993 0.076880
v -0.002580 -0.033058 0.076880
v -0.002528 -0.033121 0.076880
v -0.002474 -0.033184 0.076880
v -0.002419 -0.033245 0.076880
v -0.002362 -0.033304 0.076880
v -0.002304 -0.033362 0.076880
v -0.002245 -0.033419 0.076880
v -0.002184 -0.033474 0.076880
v -0.002121 -0.033528 0.076880
v -0.002058 -0.033580 0.076880
v -0.001993 -0.033631 0.076880
v -0.001926 -0.033679 0.076880
v -0.001859 -0.033727 0.076880
v -0.001790 -0.033772 0.076880
v -0.001721 -0.033816 0.076880
v -0.001650 -0.033858 0.076880
v -0.001578 -0.033898 0.076880
v -0.001505 -0.033937 0.076880
v -0.001432 -0.033973 0.076880
v -0.001357 -0.034008 0.076880
v -0.001282 -0.034041 0.076880
v -0.001206 -0.034072 0.076880
v -0.001129 -0.034101 0.076880
v -0.001051 -0.034128 0.076880
v -0.000973 -0.034153 0.076880
v -0.000894 -0.034177 0.076880
v -0.000814 -0.034198 0.076880
v -0.000734 -0.034217 0.076880
v -0.000654 -0.034235 0.076880
v -0.000573 -0.034250 0.076880
v -0.000492 -0.034263 0.076880
v -0.000410 -0.034274 0.076880
v -0.000329 -0.034284 0.076880
v -0.000247 -0.034291 0.076880
v -0.000164 -0.034296 0.076880
v -0.000082 -0.034299 0.076880
v 0.000000 -0.034300 0.076880
v 0.000082 -0.034299 0.076880
v 0.000164 -0.034296 0.076880
v 0.000247 -0.034291 0.076880
v 0.000329 -0.034284 0.076880
v 0.000410 -0.034274 0.076880
v 0.000492 -0.034263 0.076880
v 0.000573 -0.034250 0.076880
v 0.000654 -0.034235 0.076880
v 0.000734 -0.034217 0.076880
v 0.000814 -0.034198 0.076880
v 0.000894 -0.034177 0.076880
v 0.000973 -0.034153 0.076880
v 0.001051 -0.034128 0.076880
v 0.001129 -0.034101 0.076880
v 0.001206 -0.034072 0.076880
v 0.001282 -0.034041 0.076880
v 0.001357 -0.034008 0.076880
v 0.001432 -0.033973 0.076880
v 0.001505 -0.033937 0.076880
v 0.001578 -0.033898 0.076880
v 0.001650 -0.033858 0.076880
v 0.001721 -0.033816 0.076880
v 0.001790 -0.033772 0.076880
v 0.001859 -0.033727 0.076880
v 0.001926 -0.033679 0.076880
v 0.001993 -0.033631 0.076880
v 0.002058 -0.033580 0.076880
v 0.002121 -0.033528 0.076880
v 0.002184 -0.033474 0.076880
v 0.002245 -0.033419 0.076880
v 0.002304 -0.033362 0.076880
v 0.002362 -0.033304 0.076880
v 0.002419 -0.033245 0.076880
v 0.002474 -0.033184 0.076880
v 0.002528 -0.033121 0.076880
v 0.002580 -0.033058 0.076880
v 0.002631 -0.032993 0.076880
v 0.002679 -0.032926 0.076880
v 0.002727 -0.032859 0.076880
v 0.002772 -0.032790 0.076880
v 0.002816 -0.032721 0.076880
v 0.002858 -0.032650 0.076880
v 0.002898 -0.032578 0.076880
v 0.002937 -0.032505 0.076880
v 0.002973 -0.032432 0.076880
v 0.003008 -0.032357 0.076880
v 0.003041 -0.032282 0.076880
v 0.003072 -0.032206 0.076880
v 0.003101 -0.032129 0.076880
v 0.003128 -0.032051 0.076880
v 0.003153 -0.031973 0.076880
v 0.003177 -0.031894 0.076880
v 0.003198 -0.031814 0.076880
v 0.003217 -0.031734 0.076880
v 0.003235 -0.031654 0.076880
v 0.003250 -0.031573 0.076880
v 0.003263 -0.031492 0.076880
v 0.003274 -0.031410 0.076880
v 0.003284 -0.031329 0.076880
v 0.003291 -0.031247 0.076880
v 0.003296 -0.031164 0.076880
v 0.003299 -0.031082 0.076880
v -0.006700 -0.027000 0.095000
v -0.006700 -0.025000 0.095000
v -0.006700 -0.027000 0.076880
v -0.006700 -0.025000 0.076880
v -0.006700 -0.027000 0.000000
v -0.004472 -0.027000 0.000000
v -0.006700 -0.027000 0.018120
v -0.004472 -0.027000 0.018120
v -0.004472 -0.027000 0.018120
v -0.004570 -0.027113 0.018120
v -0.004666 -0.027228 0.018120
v -0.004758 -0.027345 0.018120
v -0.004848 -0.027465 0.018120
v -0.004935 -0.027587 0.018120
v -0.005018 -0.027711 0.018120
v -0.005099 -0.027837 0.018120
v -0.005176 -0.027965 0.018120
v -0.005250 -0.028095 0.018120
v -0.005321 -0.028227 0.018120
v -0.005388 -0.028360 0.018120
v -0.005452 -0.028495 0.018120
v -0.005513 -0.028632 0.018120
v -0.005570 -0.028770 0.018120
v -0.005624 -0.028910 0.018120
v -0.005674 -0.029050 0.018120
v -0.005721 -0.029193 0.018120
v -0.005765 -0.029336 0.018120
v -0.005804 -0.029480 0.018120
v -0.005840 -0.029625 0.018120
v -0.005873 -0.029771 0.018120
v -0.005902 -0.029918 0.018120
v -0.005927 -0.030065 0.018120
v -0.005948 -0.030213 0.018120
v -0.005966 -0.030362 0.018120
v -0.005980 -0.030510 0.018120
v -0.005990 -0.030660 0.018120
v -0.005997 -0.030809 0.018120
v -0.006000 -0.030959 0.018120
v -0.005999 -0.031108 0.018120
v -0.005994 -0.031258 0.018120
v -0.005986 -0.031407 0.018120
v -0.005974 -0.031556 0.018120
v -0.005958 -0.031705 0.018120
v -0.005939 -0.031853 0.018120
v -0.005916 -0.032001 0.018120
v -0.005889 -0.032148 0.018120
v -0.005859 -0.032294 0.018120
v -0.005825 -0.032440 0.018120
v -0.005787 -0.032585 0.018120
v -0.005746 -0.032728 0.018120
v -0.005701 -0.032871 0.018120
v -0.005652 -0.033012 0.018120
v -0.005601 -0.033153 0.018120
v -0.005545 -0.033292 0.018120
v -0.005486 -0.033429 0.018120
v -0.005424 -0.033565 0.018120
v -0.005358 -0.033699 0.018120
v -0.005289 -0.033832 0.018120
v -0.005217 -0.033963 0.018120
v -0.005142 -0.034092 0.018120
v -0.005063 -0.034219 0.018120
v -0.004981 -0.034345 0.018120
v -0.004896 -0.034468 0.018120
v -0.004808 -0.034589 0.018120
v -0.004718 -0.034707 0.018120
v -0.004624 -0.034824 0.018120
v -0.004527 -0.034938 0.018120
v -0.004427 -0.035049 0.018120
v -0.004325 -0.035159 0.018120
v -0.004220 -0.035265 0.018120
v -0.004112 -0.035369 0.018120
v -0.004002 -0.035470 0.018120
v -0.003890 -0.035568 0.018120
v -0.003775 -0.035664 0.018120
v -0.003657 -0.035757 0.018120
v -0.003538 -0.035846 0.018120
v -0.003416 -0.035933 0.018120
v -0.003292 -0.036016 0.018120
v -0.003166 -0.036097 0.018120
v -0.003038 -0.036174 0.018120
v -0.002908 -0.036248 0.018120
v -0.002776 -0.036319 0.018120
v -0.002643 -0.036387 0.018120
v -0.002508 -0.036451 0.018120
v -0.002371 -0.036512 0.018120
v -0.002233 -0.036569 0.018120
v -0.002093 -0.036623 0.018120
v -0.001952 -0.036673 0.018120
v -0.001810 -0.036720 0.018120
v -0.001667 -0.036764 0.018120
v -0.001523 -0.036803 0.018120
v -0.001378 -0.036840 0.018120
v -0.001232 -0.036872 0.018120
v -0.001085 -0.036901 0.018120
v -0.000938 -0.036926 0.018120
v -0.000790 -0.036948 0.018120
v -0.000642 -0.036966 0.018120
v -0.000493 -0.036980 0.018120
v -0.000343 -0.036990 0.018120
v -0.000194 -0.036997 0.018120
v -0.000045 -0.037000 0.018120
v 0.000105 -0.036999 0.018120
v 0.000254 -0.036995 0.018120
v 0.000404 -0.036986 0.018120
v 0.000553 -0.036974 0.018120
v 0.000702 -0.036959 0.018120
v 0.000850 -0.036940 0.018120
v 0.000998 -0.036916 0.018120
v 0.001145 -0.036890 0.018120
v 0.001291 -0.036859 0.018120
v 0.001437 -0.036825 0.018120
v 0.001582 -0.036788 0.018120
v 0.001725 -0.036747 0.018120
v 0.001868 -0.036702 0.018120
v 0.002010 -0.036653 0.018120
v 0.002150 -0.036602 0.018120
v 0.002289 -0.036546 0.018120
v 0.002426 -0.036488 0.018120
v 0.002562 -0.036425 0.018120
v 0.002697 -0.036360 0.018120
v 0.002829 -0.036291 0.018120
v 0.002960 -0.036219 0.018120
v 0.003090 -0.036143 0.018120
v 0.003217 -0.036065 0.018120
v 0.003342 -0.035983 0.018120
v 0.003465 -0.035898 0.018120
v 0.003586 -0.035810 0.018120
v 0.003705 -0.035719 0.018120
v 0.003821 -0.035626 0.018120
v 0.003936 -0.035529 0.018120
v 0.004047 -0.035430 0.018120
v 0.004156 -0.035327 0.018120
v 0.004263 -0.035222 0.018120
v 0.004367 -0.035115 0.018120
v 0.004468 -0.035005 0.018120
v 0.004566 -0.034892 0.018120
v 0.004662 -0.034777 0.018120
v 0.004755 -0.034660 0.018120
v 0.004844 -0.034540 0.018120
v 0.004931 -0.034418 0.018120
v 0.005015 -0.034294 0.018120
v 0.005095 -0.034168 0.018120
v 0.005173 -0.034040 0.018120
v 0.005247 -0.033910 0.018120
v 0.005318 -0.033779 0.018120
v 0.005385 -0.033645 0.018120
v 0.005450 -0.033510 0.018120
v 0.005510 -0.033374 0.018120
v 0.005568 -0.033236 0.018120
v 0.005622 -0.033096 0.018120
v 0.005672 -0.032955 0.018120
v 0.005719 -0.032813 0.018120
v 0.005763 -0.032670 0.018120
v 0.005803 -0.032526 0.018120
v 0.005839 -0.032381 0.018120
v 0.005871 -0.032235 0.018120
v 0.005900 -0.032088 0.018120
v 0.005926 -0.031941 0.018120
v 0.005947 -0.031793 0.018120
v 0.005965 -0.031645 0.018120
v 0.005979 -0.031496 0.018120
v 0.005990 -0.031347 0.018120
v 0.005997 -0.031197 0.018120
v 0.006000 -0.031048 0.018120
v 0.005999 -0.030898 0.018120
v 0.005995 -0.030749 0.018120
v 0.005987 -0.030599 0.018120
v 0.005975 -0.030450 0.018120
v 0.005959 -0.030302 0.018120
v 0.005940 -0.030153 0.018120
v 0.005917 -0.030005 0.018120
v 0.005890 -0.029858 0.018120
v 0.005860 -0.029712 0.018120
v 0.005826 -0.029566 0.018120
v 0.005789 -0.029421 0.018120
v 0.005747 -0.029278 0.018120
v 0.005703 -0.029135 0.018120
v 0.005655 -0.028993 0.018120
v 0.005603 -0.028853 0.018120
v 0.005548 -0.028714 0.018120
v 0.005489 -0.028577 0.018120
v 0.005427 -0.028441 0.018120
v 0.005361 -0.028306 0.018120
v 0.005292 -0.028173 0.018120
v 0.005220 -0.028042 0.018120
v 0.005145 -0.027913 0.018120
v 0.005066 -0.027786 0.018120
v 0.004985 -0.027661 0.018120
v 0.004900 -0.027537 0.018120
v 0.004812 -0.027416 0.018120
v 0.004721 -0.027298 0.018120
v 0.004628 -0.027181 0.018120
v 0.004531 -0.027067 0.018120
v 0.004432 -0.026955 0.018120
v 0.004329 -0.026846 0.018120
v 0.004225 -0.026739 0.018120
v 0.004117 -0.026635 0.018120
v 0.004007 -0.026534 0.018120
v 0.003894 -0.026436 0.018120
v 0.003780 -0.026340 0.018120
v 0.003662 -0.026247 0.018120
v 0.003543 -0.026157 0.018120
v 0.003421 -0.026071 0.018120
v 0.003297 -0.025987 0.018120
v 0.003171 -0.025906 0.018120
v 0.003043 -0.025829 0.018120
v 0.002913 -0.025755 0.018120
v 0.002782 -0.025684 0.018120
v 0.002648 -0.025616 0.018120
v 0.002513 -0.025552 0.018120
v 0.002377 -0.025491 0.018120
v 0.002239 -0.025433 0.018120
v 0.002099 -0.025379 0.018120
v 0.001958 -0.025329 0.018120
v 0.001816 -0.025282 0.018120
v 0.001673 -0.025238 0.018120
v 0.001529 -0.025198 0.018120
v 0.001384 -0.025162 0.018120
v 0.001238 -0.025129 0.018120
v 0.001092 -0.025100 0.018120
v 0.000944 -0.025075 0.018120
v 0.000796 -0.025053 0.018120
v 0.000648 -0.025035 0.018120
v 0.000499 -0.025021 0.018120
v 0.000350 -0.025010 0.018120
v 0.000200 -0.025003 0.018120
v 0.000051 -0.025000 0.018120
v -0.000099 -0.025001 0.018120
v -0.000248 -0.025005 0.018120
v -0.000398 -0.025013 0.018120
v -0.000547 -0.025025 0.018120
v -0.000695 -0.025040 0.018120
v -0.000844 -0.025060 0.018120
v -0.000991 -0.025082 0.018120
v -0.001139 -0.025109 0.018120
v -0.001285 -0.025139 0.018120
v -0.001431 -0.025173 0.018120
v -0.001576 -0.025211 0.018120
v -0.001719 -0.025252 0.018120
v -0.001862 -0.025296 0.018120
v -0.002004 -0.025344 0.018120
v -0.002144 -0.025396 0.018120
v -0.002283 -0.025451 0.018120
v -0.002421 -0.025510 0.018120
v -0.002557 -0.025572 0.018120
v -0.002691 -0.025637 0.018120
v -0.002824 -0.025706 0.018120
v -0.002955 -0.025778 0.018120
v -0.003084 -0.025853 0.018120
v -0.003211 -0.025932 0.018120
v -0.003337 -0.026013 0.018120
v -0.003460 -0.026098 0.018120
v -0.003581 -0.026186 0.018120
v -0.003700 -0.026277 0.018120
v -0.003700 -0.026277 0.000000
v -0.003581 -0.026186 0.000000
v -0.003460 -0.026098 0.000000
v -0.003337 -0.026013 0.000000
v -0.003211 -0.025932 0.000000
v -0.003084 -0.025853 0.000000
v -0.002955 -0.025778 0.000000
v -0.002824 -0.025706 0.000000
v -0.002691 -0.025637 0.000000
v -0.002557 -0.025572 0.000000
v -0.002421 -0.025510 0.000000
v -0.002283 -0.025451 0.000000
v -0.002144 -0.025396 0.000000
v -0.002004 -0.025344 0.000000
v -0.001862 -0.025296 0.000000
v -0.001719 -0.025252 0.000000
v -0.001576 -0.025211 0.000000
v -0.001431 -0.025173 0.000000
v -0.001285 -0.025139 0.000000
v -0.001139 -0.025109 0.000000
v -0.000991 -0.025082 0.000000
v -0.000844 -0.025060 0.000000
v -0.000695 -0.025040 0.000000
v -0.000547 -0.025025 0.000000
v -0.000398 -0.025013 0.000000
v -0.000248 -0.025005 0.000000
v -0.000099 -0.025001 0.000000
v 0.000051 -0.025000 0.000000
v 0.000200 -0.025003 0.000000
v 0.000350 -0.025010 0.000000
v 0.000499 -0.025021 0.000000
v 0.000648 -0.025035 0.000000
v 0.000796 -0.025053 0.000000
v 0.000944 -0.025075 0.000000
v 0.001092 -0.025100 0.000000
v 0.001238 -0.025129 0.000000
v 0.001384 -0.025162 0.000000
v 0.001529 -0.025198 0.000000
v 0.001673 -0.025238 0.000000
v 0.001816 -0.025282 0.000000
v 0.001958 -0.025329 0.000000
v 0.002099 -0.025379 0.000000
v 0.002239 -0.025433 0.000000
v 0.002377 -0.025491 0.000000
v 0.002513 -0.025552 0.000000
v 0.002648 -0.025616 0.000000
v 0.002782 -0.025684 0.000000
v 0.002913 -0.025755 0.000000
v 0.003043 -0.025829 0.000000
v 0.003171 -0.025906 0.000000
v 0.003297 -0.025987 0.000000
v 0.003421 -0.026071 0.000000
v 0.003543 -0.026157 0.000000
v 0.003662 -0.026247 0.000000
v 0.003780 -0.026340 0.000000
v 0.003894 -0.026436 0.000000
v 0.004007 -0.026534 0.000000
v 0.004117 -0.026635 0.000000
v 0.004225 -0.026739 0.000000
v 0.004329 -0.026846 0.000000
v 0.004432 -0.026955 0.000000
v 0.004531 -0.027067 0.000000
v 0.004628 -0.027181 0.000000
v 0.004721 -0.027298 0.000000
v 0.004812 -0.027416 0.000000
v 0.004900 -0.027537 0.000000
v 0.004985 -0.027661 0.000000
v 0.005066 -0.027786 0.000000
v 0.005145 -0.027913 0.000000
v 0.005220 -0.028042 0.000000
v 0.005292 -0.028173 0.000000
v 0.005361 -0.028306 0.000000
v 0.005427 -0.028441 0.000000
v 0.005489 -0.028577 0.000000
v 0.005548 -0.028714 0.000000
v 0.005603 -0.028853 0.000000
v 0.005655 -0.028993 0.000000
v 0.005703 -0.029135 0.000000
v 0.005747 -0.029278 0.000000
v 0.005789 -0.029421 0.000000
v 0.005826 -0.029566 0.000000
v 0.005860 -0.029712 0.000000
v 0.005890 -0.029858 0.000000
v 0.005917 -0.030005 0.000000
v 0.005940 -0.030153 0.000000
v 0.005959 -0.030302 0.000000
v 0.005975 -0.030450 0.000000
v 0.005987 -0.030599 0.000000
v 0.005995 -0.030749 0.000000
v 0.005999 -0.030898 0.000000
v 0.006000 -0.031048 0.000000
v 0.005997 -0.031197 0.000000
v 0.005990 -0.031347 0.000000
v 0.005979 -0.031496 0.000000
v 0.005965 -0.031645 0.000000
v 0.005947 -0.031793 0.000000
v 0.005926 -0.031941 0.000000
v 0.005900 -0.032088 0.000000
v 0.005871 -0.032235 0.000000
v 0.005839 -0.032381 0.000000
v 0.005803 -0.032526 0.000000
v 0.005763 -0.032670 0.000000
v 0.005719 -0.032813 0.000000
v 0.005672 -0.032955 0.000000
v 0.005622 -0.033096 0.000000
v 0.005568 -0.033236 0.000000
v 0.005510 -0.033374 0.000000
v 0.005450 -0.033510 0.000000
v 0.005385 -0.033645 0.000000
v 0.005318 -0.033779 0.000000
v 0.005247 -0.033910 0.000000
v 0.005173 -0.034040 0.000000
v 0.005095 -0.034168 0.000000
v 0.005015 -0.034294 0.000000
v 0.004931 -0.034418 0.000000
v 0.004844 -0.034540 0.000000
v 0.004755 -0.034660 0.000000
v 0.004662 -0.034777 0.000000
v 0.004566 -0.034892 0.000000
v 0.004468 -0.035005 0.000000
v 0.004367 -0.035115 0.000000
v 0.004263 -0.035222 0.000000
v 0.004156 -0.035327 0.000000
v 0.004047 -0.035430 0.000000
v 0.003936 -0.035529 0.000000
v 0.003821 -0.035626 0.000000
v 0.003705 -0.035719 0.000000
v 0.003586 -0.035810 0.000000
v 0.003465 -0.035898 0.000000
v 0.003342 -0.035983 0.000000
v 0.003217 -0.036065 0.000000
v 0.003090 -0.036143 0.000000
v 0.002960 -0.036219 0.000000
v 0.002829 -0.036291 0.000000
v 0.002697 -0.036360 0.000000
v 0.002562 -0.036425 0.000000
v 0.002426 -0.036488 0.000000
v 0.002289 -0.036546 0.000000
v 0.002150 -0.036602 0.000000
v 0.002010 -0.036653 0.000000
v 0.001868 -0.036702 0.000000
v 0.001725 -0.036747 0.000000
v 0.001582 -0.036788 0.000000
v 0.001437 -0.036825 0.000000
v 0.001291 -0.036859 0.000000
v 0.001145 -0.036890 0.000000
v 0.000998 -0.036916 0.000000
v 0.000850 -0.036940 0.000000
v 0.000702 -0.036959 0.000000
v 0.000553 -0.036974 0.000000
v 0.000404 -0.036986 0.000000
v 0.000254 -0.036995 0.000000
v 0.000105 -0.036999 0.000000
v -0.000045 -0.037000 0.000000
v -0.000194 -0.036997 0.000000
v -0.000343 -0.036990 0.000000
v -0.000493 -0.036980 0.000000
v -0.000642 -0.036966 0.000000
v -0.000790 -0.036948 0.000000
v -0.000938 -0.036926 0.000000
v -0.001085 -0.036901 0.000000
v -0.001232 -0.036872 0.000000
v -0.001378 -0.036840 0.000000
v -0.001523 -0.036803 0.000000
v -0.001667 -0.036764 0.000000
v -0.001810 -0.036720 0.000000
v -0.001952 -0.036673 0.000000
v -0.002093 -0.036623 0.000000
v -0.002233 -0.036569 0.000000
v -0.002371 -0.036512 0.000000
v -0.002508 -0.036451 0.000000
v -0.002643 -0.036387 0.000000
v -0.002776 -0.036319 0.000000
v -0.002908 -0.036248 0.000000
v -0.003038 -0.036174 0.000000
v -0.003166 -0.036097 0.000000
v -0.003292 -0.036016 0.000000
v -0.003416 -0.035933 0.000000
v -0.003538 -0.035846 0.000000
v -0.003657 -0.035757 0.000000
v -0.003775 -0.035664 0.000000
v -0.003890 -0.035568 0.000000
v -0.004002 -0.035470 0.000000
v -0.004112 -0.035369 0.000000
v -0.004220 -0.035265 0.000000
v -0.004325 -0.035159 0.000000
v -0.004427 -0.035049 0.000000
v -0.004527 -0.034938 0.000000
v -0.004624 -0.034824 0.000000
v -0.004718 -0.034707 0.000000
v -0.004808 -0.034589 0.000000
v -0.004896 -0.034468 0.000000
v -0.004981 -0.034345 0.000000
v -0.005063 -0.034219 0.000000
v -0.005142 -0.034092 0.000000
v -0.005217 -0.033963 0.000000
v -0.005289 -0.033832 0.000000
v -0.005358 -0.033699 0.000000
v -0.005424 -0.033565 0.000000
v -0.005486 -0.033429 0.000000
v -0.005545 -0.033292 0.000000
v -0.005601 -0.033153 0.000000
v -0.005652 -0.033012 0.000000
v -0.005701 -0.032871 0.000000
v -0.005746 -0.032728 0.000000
v -0.005787 -0.032585 0.000000
v -0.005825 -0.032440 0.000000
v -0.005859 -0.032294 0.000000
v -0.005889 -0.032148 0.000000
v -0.005916 -0.032001 0.000000
v -0.005939 -0.031853 0.000000
v -0.005958 -0.031705 0.000000
v -0.005974 -0.031556 0.000000
v -0.005986 -0.031407 0.000000
v -0.005994 -0.031258 0.000000
v -0.005999 -0.031108 0.000000
v -0.006000 -0.030959 0.000000
v -0.005997 -0.030809 0.000000
v -0.005990 -0.030660 0.000000
v -0.005980 -0.030510 0.000000
v -0.005966 -0.030362 0.000000
v -0.005948 -0.030213 0.000000
v -0.005927 -0.030065 0.000000
v -0.005902 -0.029918 0.000000
v -0.005873 -0.029771 0.000000
v -0.005840 -0.029625 0.000000
v -0.005804 -0.029480 0.000000
v -0.005765 -0.029336 0.000000
v -0.005721 -0.029193 0.000000
v -0.005674 -0.029050 0.000000
v -0.005624 -0.028910 0.000000
v -0.005570 -0.028770 0.000000
v -0.005513 -0.028632 0.000000
v -0.005452 -0.028495 0.000000
v -0.005388 -0.028360 0.000000
v -0.005321 -0.028227 0.000000
v -0.005250 -0.028095 0.000000
v -0.005176 -0.027965 0.000000
v -0.005099 -0.027837 0.000000
v -0.005018 -0.027711 0.000000
v -0.004935 -0.027587 0.000000
v -0.004848 -0.027465 0.000000
v -0.004758 -0.027345 0.000000
v -0.004666 -0.027228 0.000000
v -0.004570 -0.027113 0.000000
v -0.004472 -0.027000 0.000000
v -0.003700 -0.026277 0.018120
v -0.003700 -0.024800 0.018120
v -0.003700 -0.026277 0.000000
v -0.003700 -0.024800 0.000000
v -0.005000 -0.024800 0.000000
v -0.003700 -0.024800 0.000000
v -0.005000 -0.024800 0.018120
v -0.003700 -0.024800 0.018120
v 0.003300 -0.031000 0.000000
v 0.003300 -0.031000 0.018120
v 0.003299 -0.030918 0.018120
v 0.003296 -0.030836 0.018120
v 0.003291 -0.030753 0.018120
v 0.003284 -0.030671 0.018120
v 0.003274 -0.030590 0.018120
v 0.003263 -0.030508 0.018120
v 0.003250 -0.030427 0.018120
v 0.003235 -0.030346 0.018120
v 0.003217 -0.030266 0.018120
v 0.003198 -0.030186 0.018120
v 0.003177 -0.030106 0.018120
v 0.003153 -0.030027 0.018120
v 0.003128 -0.029949 0.018120
v 0.003101 -0.029871 0.018120
v 0.003072 -0.029794 0.018120
v 0.003041 -0.029718 0.018120
v 0.003008 -0.029643 0.018120
v 0.002973 -0.029568 0.018120
v 0.002937 -0.029495 0.018120
v 0.002898 -0.029422 0.018120
v 0.002858 -0.029350 0.018120
v 0.002816 -0.029279 0.018120
v 0.002772 -0.029210 0.018120
v 0.002727 -0.029141 0.018120
v 0.002679 -0.029074 0.018120
v 0.002631 -0.029007 0.018120
v 0.002580 -0.028942 0.018120
v 0.002528 -0.028879 0.018120
v 0.002474 -0.028816 0.018120
v 0.002419 -0.028755 0.018120
v 0.002362 -0.028696 0.018120
v 0.002304 -0.028638 0.018120
v 0.002245 -0.028581 0.018120
v 0.002184 -0.028526 0.018120
v 0.002121 -0.028472 0.018120
v 0.002058 -0.028420 0.018120
v 0.001993 -0.028369 0.018120
v 0.001926 -0.028321 0.018120
v 0.001859 -0.028273 0.018120
v 0.001790 -0.028228 0.018120
v 0.001721 -0.028184 0.018120
v 0.001650 -0.028142 0.018120
v 0.001578 -0.028102 0.018120
v 0.001505 -0.028063 0.018120
v 0.001432 -0.028027 0.018120
v 0.001357 -0.027992 0.018120
v 0.001282 -0.027959 0.018120
v 0.001206 -0.027928 0.018120
v 0.001129 -0.027899 0.018120
v 0.001051 -0.027872 0.018120
v 0.000973 -0.027847 0.018120
v 0.000894 -0.027823 0.018120
v 0.000814 -0.027802 0.018120
v 0.000734 -0.027783 0.018120
v 0.000654 -0.027765 0.018120
v 0.000573 -0.027750 0.018120
v 0.000492 -0.027737 0.018120
v 0.000410 -0.027726 0.018120
v 0.000329 -0.027716 0.018120
v 0.000247 -0.027709 0.018120
v 0.000164 -0.027704 0.018120
v 0.000082 -0.027701 0.018120
v 0.000000 -0.027700 0.018120
v -0.000082 -0.027701 0.018120
v -0.000164 -0.027704 0.018120
v -0.000247 -0.027709 0.018120
v -0.000329 -0.027716 0.018120
v -0.000410 -0.027726 0.018120
v -0.000492 -0.027737 0.018120
v -0.000573 -0.027750 0.018120
v -0.000654 -0.027765 0.018120
v -0.000734 -0.027783 0.018120
v -0.000814 -0.027802 0.018120
v -0.000894 -0.027823 0.018120
v -0.000973 -0.027847 0.018120
v -0.001051 -0.027872 0.018120
v -0.001129 -0.027899 0.018120
v -0.001206 -0.027928 0.018120
v -0.001282 -0.027959 0.018120
v -0.001357 -0.027992 0.018120
v -0.001432 -0.028027 0.018120
v -0.001505 -0.028063 0.018120
v -0.001578 -0.028102 0.018120
v -0.001650 -0.028142 0.018120
v -0.001721 -0.028184 0.018120
v -0.001790 -0.028228 0.018120
v -0.001859 -0.028273 0.018120
v -0.001926 -0.028321 0.018120
v -0.001993 -0.028369 0.018120
v -0.002058 -0.028420 0.018120
v -0.002121 -0.028472 0.018120
v -0.002184 -0.028526 0.018120
v -0.002245 -0.028581 0.018120
v -0.002304 -0.028638 0.018120
v -0.002362 -0.028696 0.018120
v -0.002419 -0.028755 0.018120
v -0.002474 -0.028816 0.018120
v -0.002528 -0.028879 0.018120
v -0.002580 -0.028942 0.018120
v -0.002631 -0.029007 0.018120
v -0.002679 -0.029074 0.018120
v -0.002727 -0.029141 0.018120
v -0.002772 -0.029210 0.018120
v -0.002816 -0.029279 0.018120
v -0.002858 -0.029350 0.018120
v -0.002898 -0.029422 0.018120
v -0.002937 -0.029495 0.018120
v -0.002973 -0.029568 0.018120
v -0.003008 -0.029643 0.018120
v -0.003041 -0.029718 0.018120
v -0.003072 -0.029794 0.018120
v -0.003101 -0.029871 0.018120
v -0.003128 -0.029949 0.018120
v -0.003153 -0.030027 0.018120
v -0.003177 -0.030106 0.018120
v -0.003198 -0.030186 0.018120
v -0.003217 -0.030266 0.018120
v -0.003235 -0.030346 0.018120
v -0.003250 -0.030427 0.018120
v -0.003263 -0.030508 0.018120
v -0.003274 -0.030590 0.018120
v -0.003284 -0.030671 0.018120
v -0.003291 -0.030753 0.018120
v -0.003296 -0.030836 0.018120
v -0.003299 -0.030918 0.018120
v -0.003300 -0.031000 0.018120
v -0.003299 -0.031082 0.018120
v -0.003296 -0.031164 0.018120
v -0.003291 -0.031247 0.018120
v -0.003284 -0.031329 0.018120
v -0.003274 -0.031410 0.018120
v -0.003263 -0.031492 0.018120
v -0.003250 -0.031573 0.018120
v -0.003235 -0.031654 0.018120
v -0.003217 -0.031734 0.018120
v -0.003198 -0.031814 0.018120
v -0.003177 -0.031894 0.018120
v -0.003153 -0.031973 0.018120
v -0.003128 -0.032051 0.018120
v -0.003101 -0.032129 0.018120
v -0.003072 -0.032206 0.018120
v -0.003041 -0.032282 0.018120
v -0.003008 -0.032357 0.018120
v -0.002973 -0.032432 0.018120
v -0.002937 -0.032505 0.018120
v -0.002898 -0.032578 0.018120
v -0.002858 -0.032650 0.018120
v -0.002816 -0.032721 0.018120
v -0.002772 -0.032790 0.018120
v -0.002727 -0.032859 0.018120
v -0.002679 -0.032926 0.018120
v -0.002631 -0.032993 0.018120
v -0.002580 -0.033058 0.018120
v -0.002528 -0.033121 0.018120
v -0.002474 -0.033184 0.018120
v -0.002419 -0.033245 0.018120
v -0.002362 -0.033304 0.018120
v -0.002304 -0.033362 0.018120
v -0.002245 -0.033419 0.018120
v -0.002184 -0.033474 0.018120
v -0.002121 -0.033528 0.018120
v -0.002058 -0.033580 0.018120
v -0.001993 -0.033631 0.018120
v -0.001926 -0.033679 0.018120
v -0.001859 -0.033727 0.018120
v -0.001790 -0.033772 0.018120
v -0.001721 -0.033816 0.018120
v -0.001650 -0.033858 0.018120
v -0.001578 -0.033898 0.018120
v -0.001505 -0.033937 0.018120
v -0.001432 -0.033973 0.018120
v -0.001357 -0.034008 0.018120
v -0.001282 -0.034041 0.018120
v -0.001206 -0.034072 0.018120
v -0.001129 -0.034101 0.018120
v -0.001051 -0.034128 0.018120
v -0.000973 -0.034153 0.018120
v -0.000894 -0.034177 0.018120
v -0.000814 -0.034198 0.018120
v -0.000734 -0.034217 0.018120
v -0.000654 -0.034235 0.018120
v -0.000573 -0.034250 0.018120
v -0.000492 -0.034263 0.018120
v -0.000410 -0.034274 0.018120
v -0.000329 -0.034284 0.018120
v -0.000247 -0.034291 0.018120
v -0.000164 -0.034296 0.018120
v -0.000082 -0.034299 0.018120
v 0.000000 -0.034300 0.018120
v 0.000082 -0.034299 0.018120
v 0.000164 -0.034296 0.018120
v 0.000247 -0.034291 0.018120
v 0.000329 -0.034284 0.018120
v 0.000410 -0.034274 0.018120
v 0.000492 -0.034263 0.018120
v 0.000573 -0.034250 0.018120
v 0.000654 -0.034235 0.018120
v 0.000734 -0.034217 0.018120
v 0.000814 -0.034198 0.018120
v 0.000894 -0.034177 0.018120
v 0.000973 -0.034153 0.018120
v 0.001051 -0.034128 0.018120
v 0.001129 -0.034101 0.018120
v 0.001206 -0.034072 0.018120
v 0.001282 -0.034041 0.018120
v 0.001357 -0.034008 0.018120
v 0.001432 -0.033973 0.018120
v 0.001505 -0.033937 0.018120
v 0.001578 -0.033898 0.018120
v 0.001650 -0.033858 0.018120
v 0.001721 -0.033816 0.018120
v 0.001790 -0.033772 0.018120
v 0.001859 -0.033727 0.018120
v 0.001926 -0.033679 0.018120
v 0.001993 -0.033631 0.018120
v 0.002058 -0.033580 0.018120
v 0.002121 -0.033528 0.018120
v 0.002184 -0.033474 0.018120
v 0.002245 -0.033419 0.018120
v 0.002304 -0.033362 0.018120
v 0.002362 -0.033304 0.018120
v 0.002419 -0.033245 0.018120
v 0.002474 -0.033184 0.018120
v 0.002528 -0.033121 0.018120
v 0.002580 -0.033058 0.018120
v 0.002631 -0.032993 0.018120
v 0.002679 -0.032926 0.018120
v 0.002727 -0.032859 0.018120
v 0.002772 -0.032790 0.018120
v 0.002816 -0.032721 0.018120
v 0.002858 -0.032650 0.018120
v 0.002898 -0.032578 0.018120
v 0.002937 -0.032505 0.018120
v 0.002973 -0.032432 0.018120
v 0.003008 -0.032357 0.018120
v 0.003041 -0.032282 0.018120
v 0.003072 -0.032206 0.018120
v 0.003101 -0.032129 0.018120
v 0.003128 -0.032051 0.018120
v 0.003153 -0.031973 0.018120
v 0.003177 -0.031894 0.018120
v 0.003198 -0.031814 0.018120
v 0.003217 -0.031734 0.018120
v 0.003235 -0.031654 0.018120
v 0.003250 -0.031573 0.018120
v 0.003263 -0.031492 0.018120
v 0.003274 -0.031410 0.018120
v 0.003284 -0.031329 0.018120
v 0.003291 -0.031247 0.018120
v 0.003296 -0.031164 0.018120
v 0.003299 -0.031082 0.018120
v 0.003300 -0.031000 0.018120
v 0.003300 -0.031000 0.000000
v 0.003299 -0.030918 0.000000
v 0.003296 -0.030836 0.000000
v 0.003291 -0.030753 0.000000
v 0.003284 -0.030671 0.000000
v 0.003274 -0.030590 0.000000
v 0.003263 -0.030508 0.000000
v 0.003250 -0.030427 0.000000
v 0.003235 -0.030346 0.000000
v 0.003217 -0.030266 0.000000
v 0.003198 -0.030186 0.000000
v 0.003177 -0.030106 0.000000
v 0.003153 -0.030027 0.000000
v 0.003128 -0.029949 0.000000
v 0.003101 -0.029871 0.000000
v 0.003072 -0.029794 0.000000
v 0.003041 -0.029718 0.000000
v 0.003008 -0.029643 0.000000
v 0.002973 -0.029568 0.000000
v 0.002937 -0.029495 0.000000
v 0.002898 -0.029422 0.000000
v 0.002858 -0.029350 0.000000
v 0.002816 -0.029279 0.000000
v 0.002772 -0.029210 0.000000
v 0.002727 -0.029141 0.000000
v 0.002679 -0.029074 0.000000
v 0.002631 -0.029007 0.000000
v 0.002580 -0.028942 0.000000
v 0.002528 -0.028879 0.000000
v 0.002474 -0.028816 0.000000
v 0.002419 -0.028755 0.000000
v 0.002362 -0.028696 0.000000
v 0.002304 -0.028638 0.000000
v 0.002245 -0.028581 0.000000
v 0.002184 -0.028526 0.000000
v 0.002121 -0.028472 0.000000
v 0.002058 -0.028420 0.000000
v 0.001993 -0.028369 0.000000
v 0.001926 -0.028321 0.000000
v 0.001859 -0.028273 0.000000
v 0.001790 -0.028228 0.000000
v 0.001721 -0.028184 0.000000
v 0.001650 -0.028142 0.000000
v 0.001578 -0.028102 0.000000
v 0.001505 -0.028063 0.000000
v 0.001432 -0.028027 0.000000
v 0.001357 -0.027992 0.000000
v 0.001282 -0.027959 0.000000
v 0.001206 -0.027928 0.000000
v 0.001129 -0.027899 0.000000
v 0.001051 -0.027872 0.000000
v 0.000973 -0.027847 0.000000
v 0.000894 -0.027823 0.000000
v 0.000814 -0.027802 0.000000
v 0.000734 -0.027783 0.000000
v 0.000654 -0.027765 0.000000
v 0.000573 -0.027750 0.000000
v 0.000492 -0.027737 0.000000
v 0.000410 -0.027726 0.000000
v 0.000329 -0.027716 0.000000
v 0.000247 -0.027709 0.000000
v 0.000164 -0.027704 0.000000
v 0.000082 -0.027701 0.000000
v 0.000000 -0.027700 0.000000
v -0.000082 -0.027701 0.000000
v -0.000164 -0.027704 0.000000
v -0.000247 -0.027709 0.000000
v -0.000329 -0.027716 0.000000
v -0.000410 -0.027726 0.000000
v -0.000492 -0.027737 0.000000
v -0.000573 -0.027750 0.000000
v -0.000654 -0.027765 0.000000
v -0.000734 -0.027783 0.000000
v -0.000814 -0.027802 0.000000
v -0.000894 -0.027823 0.000000
v -0.000973 -0.027847 0.000000
v -0.001051 -0.027872 0.000000
v -0.001129 -0.027899 0.000000
v -0.001206 -0.027928 0.000000
v -0.001282 -0.027959 0.000000
v -0.001357 -0.027992 0.000000
v -0.001432 -0.028027 0.000000
v -0.001505 -0.028063 0.000000
v -0.001578 -0.028102 0.000000
v -0.001650 -0.028142 0.000000
v -0.001721 -0.028184 0.000000
v -0.001790 -0.028228 0.000000
v -0.001859 -0.028273 0.000000
v -0.001926 -0.028321 0.000000
v -0.001993 -0.028369 0.000000
v -0.002058 -0.028420 0.000000
v -0.002121 -0.028472 0.000000
v -0.002184 -0.028526 0.000000
v -0.002245 -0.028581 0.000000
v -0.002304 -0.028638 0.000000
v -0.002362 -0.028696 0.000000
v -0.002419 -0.028755 0.000000
v -0.002474 -0.028816 0.000000
v -0.002528 -0.028879 0.000000
v -0.002580 -0.028942 0.000000
v -0.002631 -0.029007 0.000000
v -0.002679 -0.029074 0.000000
v -0.002727 -0.029141 0.000000
v -0.002772 -0.029210 0.000000
v -0.002816 -0.029279 0.000000
v -0.002858 -0.029350 0.000000
v -0.002898 -0.029422 0.000000
v -0.002937 -0.029495 0.000000
v -0.002973 -0.029568 0.000000
v -0.003008 -0.029643 0.000000
v -0.003041 -0.029718 0.000000
v -0.003072 -0.029794 0.000000
v -0.003101 -0.029871 0.000000
v -0.003128 -0.029949 0.000000
v -0.003153 -0.030027 0.000000
v -0.003177 -0.030106 0.000000
v -0.003198 -0.030186 0.000000
v -0.003217 -0.030266 0.000000
v -0.003235 -0.030346 0.000000
v -0.003250 -0.030427 0.000000
v -0.003263 -0.030508 0.000000
v -0.003274 -0.030590 0.000000
v -0.003284 -0.030671 0.000000
v -0.003291 -0.030753 0.000000
v -0.003296 -0.030836 0.000000
v -0.003299 -0.030918 0.000000
v -0.003300 -0.031000 0.000000
v -0.003299 -0.031082 0.000000
v -0.003296 -0.031164 0.000000
v -0.003291 -0.031247 0.000000
v -0.003284 -0.031329 0.000000
v -0.003274 -0.031410 0.000000
v -0.003263 -0.031492 0.000000
v -0.003250 -0.031573 0.000000
v -0.003235 -0.031654 0.000000
v -0.003217 -0.031734 0.000000
v -0.003198 -0.031814 0.000000
v -0.003177 -0.031894 0.000000
v -0.003153 -0.031973 0.000000
v -0.003128 -0.032051 0.000000
v -0.003101 -0.032129 0.000000
v -0.003072 -0.032206 0.000000
v -0.003041 -0.032282 0.000000
v -0.003008 -0.032357 0.000000
v -0.002973 -0.032432 0.000000
v -0.002937 -0.032505 0.000000
v -0.002898 -0.032578 0.000000
v -0.002858 -0.032650 0.000000
v -0.002816 -0.032721 0.000000
v -0.002772 -0.032790 0.000000
v -0.002727 -0.032859 0.000000
v -0.002679 -0.032926 0.000000
v -0.002631 -0.032993 0.000000
v -0.002580 -0.033058 0.000000
v -0.002528 -0.033121 0.000000
v -0.002474 -0.033184 0.000000
v -0.002419 -0.033245 0.000000
v -0.002362 -0.033304 0.000000
v -0.002304 -0.033362 0.000000
v -0.002245 -0.033419 0.000000
v -0.002184 -0.033474 0.000000
v -0.002121 -0.033528 0.000000
v -0.002058 -0.033580 0.000000
v -0.001993 -0.033631 0.000000
v -0.001926 -0.033679 0.000000
v -0.001859 -0.033727 0.000000
v -0.001790 -0.033772 0.000000
v -0.001721 -0.033816 0.000000
v -0.001650 -0.033858 0.000000
v -0.001578 -0.033898 0.000000
v -0.001505 -0.033937 0.000000
v -0.001432 -0.033973 0.000000
v -0.001357 -0.034008 0.000000
v -0.001282 -0.034041 0.000000
v -0.001206 -0.034072 0.000000
v -0.001129 -0.034101 0.000000
v -0.001051 -0.034128 0.000000
v -0.000973 -0.034153 0.000000
v -0.000894 -0.034177 0.000000
v -0.000814 -0.034198 0.000000
v -0.000734 -0.034217 0.000000
v -0.000654 -0.034235 0.000000
v -0.000573 -0.034250 0.000000
v -0.000492 -0.034263 0.000000
v -0.000410 -0.034274 0.000000
v -0.000329 -0.034284 0.000000
v -0.000247 -0.034291 0.000000
v -0.000164 -0.034296 0.000000
v -0.000082 -0.034299 0.000000
v 0.000000 -0.034300 0.000000
v 0.000082 -0.034299 0.000000
v 0.000164 -0.034296 0.000000
v 0.000247 -0.034291 0.000000
v 0.000329 -0.034284 0.000000
v 0.000410 -0.034274 0.000000
v 0.000492 -0.034263 0.000000
v 0.000573 -0.034250 0.000000
v 0.000654 -0.034235 0.000000
v 0.000734 -0.034217 0.000000
v 0.000814 -0.034198 0.000000
v 0.000894 -0.034177 0.000000
v 0.000973 -0.034153 0.000000
v 0.001051 -0.034128 0.000000
v 0.001129 -0.034101 0.000000
v 0.001206 -0.034072 0.000000
v 0.001282 -0.034041 0.000000
v 0.001357 -0.034008 0.000000
v 0.001432 -0.033973 0.000000
v 0.001505 -0.033937 0.000000
v 0.001578 -0.033898 0.000000
v 0.001650 -0.033858 0.000000
v 0.001721 -0.033816 0.000000
v 0.001790 -0.033772 0.000000
v 0.001859 -0.033727 0.000000
v 0.001926 -0.033679 0.000000
v 0.001993 -0.033631 0.000000
v 0.002058 -0.033580 0.000000
v 0.002121 -0.033528 0.000000
v 0.002184 -0.033474 0.000000
v 0.002245 -0.033419 0.000000
v 0.002304 -0.033362 0.000000
v 0.002362 -0.033304 0.000000
v 0.002419 -0.033245 0.000000
v 0.002474 -0.033184 0.000000
v 0.002528 -0.033121 0.000000
v 0.002580 -0.033058 0.000000
v 0.002631 -0.032993 0.000000
v 0.002679 -0.032926 0.000000
v 0.002727 -0.032859 0.000000
v 0.002772 -0.032790 0.000000
v 0.002816 -0.032721 0.000000
v 0.002858 -0.032650 0.000000
v 0.002898 -0.032578 0.000000
v 0.002937 -0.032505 0.000000
v 0.002973 -0.032432 0.000000
v 0.003008 -0.032357 0.000000
v 0.003041 -0.032282 0.000000
v 0.003072 -0.032206 0.000000
v 0.003101 -0.032129 0.000000
v 0.003128 -0.032051 0.000000
v 0.003153 -0.031973 0.000000
v 0.003177 -0.031894 0.000000
v 0.003198 -0.031814 0.000000
v 0.003217 -0.031734 0.000000
v 0.003235 -0.031654 0.000000
v 0.003250 -0.031573 0.000000
v 0.003263 -0.031492 0.000000
v 0.003274 -0.031410 0.000000
v 0.003284 -0.031329 0.000000
v 0.003291 -0.031247 0.000000
v 0.003296 -0.031164 0.000000
v 0.003299 -0.031082 0.000000
v -0.005000 -0.024800 0.038440
v -0.003700 -0.024800 0.038440
v -0.005000 -0.024800 0.056560
v -0.003700 -0.024800 0.056560
v -0.005000 -0.024800 0.076880
v -0.003700 -0.024800 0.076880
v -0.005000 -0.024800 0.095000
v -0.003700 -0.024800 0.095000
v -0.006700 -0.027000 0.038440
v -0.004472 -0.027000 0.038440
v -0.006700 -0.027000 0.056560
v -0.004472 -0.027000 0.056560
v -0.003700 -0.026277 0.038440
v -0.003581 -0.026186 0.038440
v -0.003460 -0.026098 0.038440
v -0.003337 -0.026013 0.038440
v -0.003211 -0.025932 0.038440
v -0.003084 -0.025853 0.038440
v -0.002955 -0.025778 0.038440
v -0.002824 -0.025706 0.038440
v -0.002691 -0.025637 0.038440
v -0.002557 -0.025572 0.038440
v -0.002421 -0.025510 0.038440
v -0.002283 -0.025451 0.038440
v -0.002144 -0.025396 0.038440
v -0.002004 -0.025344 0.038440
v -0.001862 -0.025296 0.038440
v -0.001719 -0.025252 0.038440
v -0.001576 -0.025211 0.038440
v -0.001431 -0.025173 0.038440
v -0.001285 -0.025139 0.038440
v -0.001139 -0.025109 0.038440
v -0.000991 -0.025082 0.038440
v -0.000844 -0.025060 0.038440
v -0.000695 -0.025040 0.038440
v -0.000547 -0.025025 0.038440
v -0.000398 -0.025013 0.038440
v -0.000248 -0.025005 0.038440
v -0.000099 -0.025001 0.038440
v 0.000051 -0.025000 0.038440
v 0.000200 -0.025003 0.038440
v 0.000350 -0.025010 0.038440
v 0.000499 -0.025021 0.038440
v 0.000648 -0.025035 0.038440
v 0.000796 -0.025053 0.038440
v 0.000944 -0.025075 0.038440
v 0.001092 -0.025100 0.038440
v 0.001238 -0.025129 0.038440
v 0.001384 -0.025162 0.038440
v 0.001529 -0.025198 0.038440
v 0.001673 -0.025238 0.038440
v 0.001816 -0.025282 0.038440
v 0.001958 -0.025329 0.038440
v 0.002099 -0.025379 0.038440
v 0.002239 -0.025433 0.038440
v 0.002377 -0.025491 0.038440
v 0.002513 -0.025552 0.038440
v 0.002648 -0.025616 0.038440
v 0.002782 -0.025684 0.038440
v 0.002913 -0.025755 0.038440
v 0.003043 -0.025829 0.038440
v 0.003171 -0.025906 0.038440
v 0.003297 -0.025987 0.038440
v 0.003421 -0.026071 0.038440
v 0.003543 -0.026157 0.038440
v 0.003662 -0.026247 0.038440
v 0.003780 -0.026340 0.038440
v 0.003894 -0.026436 0.038440
v 0.004007 -0.026534 0.038440
v 0.004117 -0.026635 0.038440
v 0.004225 -0.026739 0.038440
v 0.004329 -0.026846 0.038440
v 0.004432 -0.026955 0.038440
v 0.004531 -0.027067 0.038440
v 0.004628 -0.027181 0.038440
v 0.004721 -0.027298 0.038440
v 0.004812 -0.027416 0.038440
v 0.004900 -0.027537 0.038440
v 0.004985 -0.027661 0.038440
v 0.005066 -0.027786 0.038440
v 0.005145 -0.027913 0.038440
v 0.005220 -0.028042 0.038440
v 0.005292 -0.028173 0.038440
v 0.005361 -0.028306 0.038440
v 0.005427 -0.028441 0.038440
v 0.005489 -0.028577 0.038440
v 0.005548 -0.028714 0.038440
v 0.005603 -0.028853 0.038440
v 0.005655 -0.028993 0.038440
v 0.005703 -0.029135 0.038440
v 0.005747 -0.029278 0.038440
v 0.005789 -0.029421 0.038440
v 0.005826 -0.029566 0.038440
v 0.005860 -0.029712 0.038440
v 0.005890 -0.029858 0.038440
v 0.005917 -0.030005 0.038440
v 0.005940 -0.030153 0.038440
v 0.005959 -0.030302 0.038440
v 0.005975 -0.030450 0.038440
v 0.005987 -0.030599 0.038440
v 0.005995 -0.030749 0.038440
v 0.005999 -0.030898 0.038440
v 0.006000 -0.031048 0.038440
v 0.005997 -0.031197 0.038440
v 0.005990 -0.031347 0.038440
v 0.005979 -0.031496 0.038440
v 0.005965 -0.031645 0.038440
v 0.005947 -0.031793 0.038440
v 0.005926 -0.031941 0.038440
v 0.005900 -0.032088 0.038440
v 0.005871 -0.032235 0.038440
v 0.005839 -0.032381 0.038440
v 0.005803 -0.032526 0.038440
v 0.005763 -0.032670 0.038440
v 0.005719 -0.032813 0.038440
v 0.005672 -0.032955 0.038440
v 0.005622 -0.033096 0.038440
v 0.005568 -0.033236 0.038440
v 0.005510 -0.033374 0.038440
v 0.005450 -0.033510 0.038440
v 0.005385 -0.033645 0.038440
v 0.005318 -0.033779 0.038440
v 0.005247 -0.033910 0.038440
v 0.005173 -0.034040 0.038440
v 0.005095 -0.034168 0.038440
v 0.005015 -0.034294 0.038440
v 0.004931 -0.034418 0.038440
v 0.004844 -0.034540 0.038440
v 0.004755 -0.034660 0.038440
v 0.004662 -0.034777 0.038440
v 0.004566 -0.034892 0.038440
v 0.004468 -0.035005 0.038440
v 0.004367 -0.035115 0.038440
v 0.004263 -0.035222 0.038440
v 0.004156 -0.035327 0.038440
v 0.004047 -0.035430 0.038440
v 0.003936 -0.035529 0.038440
v 0.003821 -0.035626 0.038440
v 0.003705 -0.035719 0.038440
v 0.003586 -0.035810 0.038440
v 0.003465 -0.035898 0.038440
v 0.003342 -0.035983 0.038440
v 0.003217 -0.036065 0.038440
v 0.003090 -0.036143 0.038440
v 0.002960 -0.036219 0.038440
v 0.002829 -0.036291 0.038440
v 0.002697 -0.036360 0.038440
v 0.002562 -0.036425 0.038440
v 0.002426 -0.036488 0.038440
v 0.002289 -0.036546 0.038440
v 0.002150 -0.036602 0.038440
v 0.002010 -0.036653 0.038440
v 0.001868 -0.036702 0.038440
v 0.001725 -0.036747 0.038440
v 0.001582 -0.036788 0.038440
v 0.001437 -0.036825 0.038440
v 0.001291 -0.036859 0.038440
v 0.001145 -0.036890 0.038440
v 0.000998 -0.036916 0.038440
v 0.000850 -0.036940 0.038440
v 0.000702 -0.036959 0.038440
v 0.000553 -0.036974 0.038440
v 0.000404 -0.036986 0.038440
v 0.000254 -0.036995 0.038440
v 0.000105 -0.036999 0.038440
v -0.000045 -0.037000 0.038440
v -0.000194 -0.036997 0.038440
v -0.000343 -0.036990 0.038440
v -0.000493 -0.036980 0.038440
v -0.000642 -0.036966 0.038440
v -0.000790 -0.036948 0.038440
v -0.000938 -0.036926 0.038440
v -0.001085 -0.036901 0.038440
v -0.001232 -0.036872 0.038440
v -0.001378 -0.036840 0.038440
v -0.001523 -0.036803 0.038440
v -0.001667 -0.036764 0.038440
v -0.001810 -0.036720 0.038440
v -0.001952 -0.036673 0.038440
v -0.002093 -0.036623 0.038440
v -0.002233 -0.036569 0.038440
v -0.002371 -0.036512 0.038440
v -0.002508 -0.036451 0.038440
v -0.002643 -0.036387 0.038440
v -0.002776 -0.036319 0.038440
v -0.002908 -0.036248 0.038440
v -0.003038 -0.036174 0.038440
v -0.003166 -0.036097 0.038440
v -0.003292 -0.036016 0.038440
v -0.003416 -0.035933 0.038440
v -0.003538 -0.035846 0.038440
v -0.003657 -0.035757 0.038440
v -0.003775 -0.035664 0.038440
v -0.003890 -0.035568 0.038440
v -0.004002 -0.035470 0.038440
v -0.004112 -0.035369 0.038440
v -0.004220 -0.035265 0.038440
v -0.004325 -0.035159 0.038440
v -0.004427 -0.035049 0.038440
v -0.004527 -0.034938 0.038440
v -0.004624 -0.034824 0.038440
v -0.004718 -0.034707 0.038440
v -0.004808 -0.034589 0.038440
v -0.004896 -0.034468 0.038440
v -0.004981 -0.034345 0.038440
v -0.005063 -0.034219 0.038440
v -0.005142 -0.034092 0.038440
v -0.005217 -0.033963 0.038440
v -0.005289 -0.033832 0.038440
v -0.005358 -0.033699 0.038440
v -0.005424 -0.033565 0.038440
v -0.005486 -0.033429 0.038440
v -0.005545 -0.033292 0.038440
v -0.005601 -0.033153 0.038440
v -0.005652 -0.033012 0.038440
v -0.005701 -0.032871 0.038440
v -0.005746 -0.032728 0.038440
v -0.005787 -0.032585 0.038440
v -0.005825 -0.032440 0.038440
v -0.005859 -0.032294 0.038440
v -0.005889 -0.032148 0.038440
v -0.005916 -0.032001 0.038440
v -0.005939 -0.031853 0.038440
v -0.005958 -0.031705 0.038440
v -0.005974 -0.031556 0.038440
v -0.005986 -0.031407 0.038440
v -0.005994 -0.031258 0.038440
v -0.005999 -0.031108 0.038440
v -0.006000 -0.030959 0.038440
v -0.005997 -0.030809 0.038440
v -0.005990 -0.030660 0.038440
v -0.005980 -0.030510 0.038440
v -0.005966 -0.030362 0.038440
v -0.005948 -0.030213 0.038440
v -0.005927 -0.030065 0.038440
v -0.005902 -0.029918 0.038440
v -0.005873 -0.029771 0.038440
v -0.005840 -0.029625 0.038440
v -0.005804 -0.029480 0.038440
v -0.005765 -0.029336 0.038440
v -0.005721 -0.029193 0.038440
v -0.005674 -0.029050 0.038440
v -0.005624 -0.028910 0.038440
v -0.005570 -0.028770 0.038440
v -0.005513 -0.028632 0.038440
v -0.005452 -0.028495 0.038440
v -0.005388 -0.028360 0.038440
v -0.005321 -0.028227 0.038440
v -0.005250 -0.028095 0.038440
v -0.005176 -0.027965 0.038440
v -0.005099 -0.027837 0.038440
v -0.005018 -0.027711 0.038440
v -0.004935 -0.027587 0.038440
v -0.004848 -0.027465 0.038440
v -0.004758 -0.027345 0.038440
v -0.004666 -0.027228 0.038440
v -0.004570 -0.027113 0.038440
v -0.004472 -0.027000 0.038440
v -0.004472 -0.027000 0.056560
v -0.004570 -0.027113 0.056560
v -0.004666 -0.027228 0.056560
v -0.004758 -0.027345 0.056560
v -0.004848 -0.027465 0.056560
v -0.004935 -0.027587 0.056560
v -0.005018 -0.027711 0.056560
v -0.005099 -0.027837 0.056560
v -0.005176 -0.027965 0.056560
v -0.005250 -0.028095 0.056560
v -0.005321 -0.028227 0.056560
v -0.005388 -0.028360 0.056560
v -0.005452 -0.028495 0.056560
v -0.005513 -0.028632 0.056560
v -0.005570 -0.028770 0.056560
v -0.005624 -0.028910 0.056560
v -0.005674 -0.029050 0.056560
v -0.005721 -0.029193 0.056560
v -0.005765 -0.029336 0.056560
v -0.005804 -0.029480 0.056560
v -0.005840 -0.029625 0.056560
v -0.005873 -0.029771 0.056560
v -0.005902 -0.029918 0.056560
v -0.005927 -0.030065 0.056560
v -0.005948 -0.030213 0.056560
v -0.005966 -0.030362 0.056560
v -0.005980 -0.030510 0.056560
v -0.005990 -0.030660 0.056560
v -0.005997 -0.030809 0.056560
v -0.006000 -0.030959 0.056560
v -0.005999 -0.031108 0.056560
v -0.005994 -0.031258 0.056560
v -0.005986 -0.031407 0.056560
v -0.005974 -0.031556 0.056560
v -0.005958 -0.031705 0.056560
v -0.005939 -0.031853 0.056560
v -0.005916 -0.032001 0.056560
v -0.005889 -0.032148 0.056560
v -0.005859 -0.032294 0.056560
v -0.005825 -0.032440 0.056560
v -0.005787 -0.032585 0.056560
v -0.005746 -0.032728 0.056560
v -0.005701 -0.032871 0.056560
v -0.005652 -0.033012 0.056560
v -0.005601 -0.033153 0.056560
v -0.005545 -0.033292 0.056560
v -0.005486 -0.033429 0.056560
v -0.005424 -0.033565 0.056560
v -0.005358 -0.033699 0.056560
v -0.005289 -0.033832 0.056560
v -0.005217 -0.033963 0.056560
v -0.005142 -0.034092 0.056560
v -0.005063 -0.034219 0.056560
v -0.004981 -0.034345 0.056560
v -0.004896 -0.034468 0.056560
v -0.004808 -0.034589 0.056560
v -0.004718 -0.034707 0.056560
v -0.004624 -0.034824 0.056560
v -0.004527 -0.034938 0.056560
v -0.004427 -0.035049 0.056560
v -0.004325 -0.035159 0.056560
v -0.004220 -0.035265 0.056560
v -0.004112 -0.035369 0.056560
v -0.004002 -0.035470 0.056560
v -0.003890 -0.035568 0.056560
v -0.003775 -0.035664 0.056560
v -0.003657 -0.035757 0.056560
v -0.003538 -0.035846 0.056560
v -0.003416 -0.035933 0.056560
v -0.003292 -0.036016 0.056560
v -0.003166 -0.036097 0.056560
v -0.003038 -0.036174 0.056560
v -0.002908 -0.036248 0.056560
v -0.002776 -0.036319 0.056560
v -0.002643 -0.036387 0.056560
v -0.002508 -0.036451 0.056560
v -0.002371 -0.036512 0.056560
v -0.002233 -0.036569 0.056560
v -0.002093 -0.036623 0.056560
v -0.001952 -0.036673 0.056560
v -0.001810 -0.036720 0.056560
v -0.001667 -0.036764 0.056560
v -0.001523 -0.036803 0.056560
v -0.001378 -0.036840 0.056560
v -0.001232 -0.036872 0.056560
v -0.001085 -0.036901 0.056560
v -0.000938 -0.036926 0.056560
v -0.000790 -0.036948 0.056560
v -0.000642 -0.036966 0.056560
v -0.000493 -0.036980 0.056560
v -0.000343 -0.036990 0.056560
v -0.000194 -0.036997 0.056560
v -0.000045 -0.037000 0.056560
v 0.000105 -0.036999 0.056560
v 0.000254 -0.036995 0.056560
v 0.000404 -0.036986 0.056560
v 0.000553 -0.036974 0.056560
v 0.000702 -0.036959 0.056560
v 0.000850 -0.036940 0.056560
v 0.000998 -0.036916 0.056560
v 0.001145 -0.036890 0.056560
v 0.001291 -0.036859 0.056560
v 0.001437 -0.036825 0.056560
v 0.001582 -0.036788 0.056560
v 0.001725 -0.036747 0.056560
v 0.001868 -0.036702 0.056560
v 0.002010 -0.036653 0.056560
v 0.002150 -0.036602 0.056560
v 0.002289 -0.036546 0.056560
v 0.002426 -0.036488 0.056560
v 0.002562 -0.036425 0.056560
v 0.002697 -0.036360 0.056560
v 0.002829 -0.036291 0.056560
v 0.002960 -0.036219 0.056560
v 0.003090 -0.036143 0.056560
v 0.003217 -0.036065 0.056560
v 0.003342 -0.035983 0.056560
v 0.003465 -0.035898 0.056560
v 0.003586 -0.035810 0.056560
v 0.003705 -0.035719 0.056560
v 0.003821 -0.035626 0.056560
v 0.003936 -0.035529 0.056560
v 0.004047 -0.035430 0.056560
v 0.004156 -0.035327 0.056560
v 0.004263 -0.035222 0.056560
v 0.004367 -0.035115 0.056560
v 0.004468 -0.035005 0.056560
v 0.004566 -0.034892 0.056560
v 0.004662 -0.034777 0.056560
v 0.004755 -0.034660 0.056560
v 0.004844 -0.034540 0.056560
v 0.004931 -0.034418 0.056560
v 0.005015 -0.034294 0.056560
v 0.005095 -0.034168 0.056560
v 0.005173 -0.034040 0.056560
v 0.005247 -0.033910 0.056560
v 0.005318 -0.033779 0.056560
v 0.005385 -0.033645 0.056560
v 0.005450 -0.033510 0.056560
v 0.005510 -0.033374 0.056560
v 0.005568 -0.033236 0.056560
v 0.005622 -0.033096 0.056560
v 0.005672 -0.032955 0.056560
v 0.005719 -0.032813 0.056560
v 0.005763 -0.032670 0.056560
v 0.005803 -0.032526 0.056560
v 0.005839 -0.032381 0.056560
v 0.005871 -0.032235 0.056560
v 0.005900 -0.032088 0.056560
v 0.005926 -0.031941 0.056560
v 0.005947 -0.031793 0.056560
v 0.005965 -0.031645 0.056560
v 0.005979 -0.031496 0.056560
v 0.005990 -0.031347 0.056560
v 0.005997 -0.031197 0.056560
v 0.006000 -0.031048 0.056560
v 0.005999 -0.030898 0.056560
v 0.005995 -0.030749 0.056560
v 0.005987 -0.030599 0.056560
v 0.005975 -0.030450 0.056560
v 0.005959 -0.030302 0.056560
v 0.005940 -0.030153 0.056560
v 0.005917 -0.030005 0.056560
v 0.005890 -0.029858 0.056560
v 0.005860 -0.029712 0.056560
v 0.005826 -0.029566 0.056560
v 0.005789 -0.029421 0.056560
v 0.005747 -0.029278 0.056560
v 0.005703 -0.029135 0.056560
v 0.005655 -0.028993 0.056560
v 0.005603 -0.028853 0.056560
v 0.005548 -0.028714 0.056560
v 0.005489 -0.028577 0.056560
v 0.005427 -0.028441 0.056560
v 0.005361 -0.028306 0.056560
v 0.005292 -0.028173 0.056560
v 0.005220 -0.028042 0.056560
v 0.005145 -0.027913 0.056560
v 0.005066 -0.027786 0.056560
v 0.004985 -0.027661 0.056560
v 0.004900 -0.027537 0.056560
v 0.004812 -0.027416 0.056560
v 0.004721 -0.027298 0.056560
v 0.004628 -0.027181 0.056560
v 0.004531 -0.027067 0.056560
v 0.004432 -0.026955 0.056560
v 0.004329 -0.026846 0.056560
v 0.004225 -0.026739 0.056560
v 0.004117 -0.026635 0.056560
v 0.004007 -0.026534 0.056560
v 0.003894 -0.026436 0.056560
v 0.003780 -0.026340 0.056560
v 0.003662 -0.026247 0.056560
v 0.003543 -0.026157 0.056560
v 0.003421 -0.026071 0.056560
v 0.003297 -0.025987 0.056560
v 0.003171 -0.025906 0.056560
v 0.003043 -0.025829 0.056560
v 0.002913 -0.025755 0.056560
v 0.002782 -0.025684 0.056560
v 0.002648 -0.025616 0.056560
v 0.002513 -0.025552 0.056560
v 0.002377 -0.025491 0.056560
v 0.002239 -0.025433 0.056560
v 0.002099 -0.025379 0.056560
v 0.001958 -0.025329 0.056560
v 0.001816 -0.025282 0.056560
v 0.001673 -0.025238 0.056560
v 0.001529 -0.025198 0.056560
v 0.001384 -0.025162 0.056560
v 0.001238 -0.025129 0.056560
v 0.001092 -0.025100 0.056560
v 0.000944 -0.025075 0.056560
v 0.000796 -0.025053 0.056560
v 0.000648 -0.025035 0.056560
v 0.000499 -0.025021 0.056560
v 0.000350 -0.025010 0.056560
v 0.000200 -0.025003 0.056560
v 0.000051 -0.025000 0.056560
v -0.000099 -0.025001 0.056560
v -0.000248 -0.025005 0.056560
v -0.000398 -0.025013 0.056560
v -0.000547 -0.025025 0.056560
v -0.000695 -0.025040 0.056560
v -0.000844 -0.025060 0.056560
v -0.000991 -0.025082 0.056560
v -0.001139 -0.025109 0.056560
v -0.001285 -0.025139 0.056560
v -0.001431 -0.025173 0.056560
v -0.001576 -0.025211 0.056560
v -0.001719 -0.025252 0.056560
v -0.001862 -0.025296 0.056560
v -0.002004 -0.025344 0.056560
v -0.002144 -0.025396 0.056560
v -0.002283 -0.025451 0.056560
v -0.002421 -0.025510 0.056560
v -0.002557 -0.025572 0.056560
v -0.002691 -0.025637 0.056560
v -0.002824 -0.025706 0.056560
v -0.002955 -0.025778 0.056560
v -0.003084 -0.025853 0.056560
v -0.003211 -0.025932 0.056560
v -0.003337 -0.026013 0.056560
v -0.003460 -0.026098 0.056560
v -0.003581 -0.026186 0.056560
v -0.003700 -0.026277 0.056560
v -0.003700 -0.026277 0.056560
v -0.003700 -0.024800 0.056560
v -0.003700 -0.026277 0.038440
v -0.003700 -0.024800 0.038440
v 0.003300 -0.031000 0.038440
v 0.003300 -0.031000 0.056560
v 0.003299 -0.030918 0.056560
v 0.003296 -0.030836 0.056560
v 0.003291 -0.030753 0.056560
v 0.003284 -0.030671 0.056560
v 0.003274 -0.030590 0.056560
v 0.003263 -0.030508 0.056560
v 0.003250 -0.030427 0.056560
v 0.003235 -0.030346 0.056560
v 0.003217 -0.030266 0.056560
v 0.003198 -0.030186 0.056560
v 0.003177 -0.030106 0.056560
v 0.003153 -0.030027 0.056560
v 0.003128 -0.029949 0.056560
v 0.003101 -0.029871 0.056560
v 0.003072 -0.029794 0.056560
v 0.003041 -0.029718 0.056560
v 0.003008 -0.029643 0.056560
v 0.002973 -0.029568 0.056560
v 0.002937 -0.029495 0.056560
v 0.002898 -0.029422 0.056560
v 0.002858 -0.029350 0.056560
v 0.002816 -0.029279 0.056560
v 0.002772 -0.029210 0.056560
v 0.002727 -0.029141 0.056560
v 0.002679 -0.029074 0.056560
v 0.002631 -0.029007 0.056560
v 0.002580 -0.028942 0.056560
v 0.002528 -0.028879 0.056560
v 0.002474 -0.028816 0.056560
v 0.002419 -0.028755 0.056560
v 0.002362 -0.028696 0.056560
v 0.002304 -0.028638 0.056560
v 0.002245 -0.028581 0.056560
v 0.002184 -0.028526 0.056560
v 0.002121 -0.028472 0.056560
v 0.002058 -0.028420 0.056560
v 0.001993 -0.028369 0.056560
v 0.001926 -0.028321 0.056560
v 0.001859 -0.028273 0.056560
v 0.001790 -0.028228 0.056560
v 0.001721 -0.028184 0.056560
v 0.001650 -0.028142 0.056560
v 0.001578 -0.028102 0.056560
v 0.001505 -0.028063 0.056560
v 0.001432 -0.028027 0.056560
v 0.001357 -0.027992 0.056560
v 0.001282 -0.027959 0.056560
v 0.001206 -0.027928 0.056560
v 0.001129 -0.027899 0.056560
v 0.001051 -0.027872 0.056560
v 0.000973 -0.027847 0.056560
v 0.000894 -0.027823 0.056560
v 0.000814 -0.027802 0.056560
v 0.000734 -0.027783 0.056560
v 0.000654 -0.027765 0.056560
v 0.000573 -0.027750 0.056560
v 0.000492 -0.027737 0.056560
v 0.000410 -0.027726 0.056560
v 0.000329 -0.027716 0.056560
v 0.000247 -0.027709 0.056560
v 0.000164 -0.027704 0.056560
v 0.000082 -0.027701 0.056560
v 0.000000 -0.027700 0.056560
v -0.000082 -0.027701 0.056560
v -0.000164 -0.027704 0.056560
v -0.000247 -0.027709 0.056560
v -0.000329 -0.027716 0.056560
v -0.000410 -0.027726 0.056560
v -0.000492 -0.027737 0.056560
v -0.000573 -0.027750 0.056560
v -0.000654 -0.027765 0.056560
v -0.000734 -0.027783 0.056560
v -0.000814 -0.027802 0.056560
v -0.000894 -0.027823 0.056560
v -0.000973 -0.027847 0.056560
v -0.001051 -0.027872 0.056560
v -0.001129 -0.027899 0.056560
v -0.001206 -0.027928 0.056560
v -0.001282 -0.027959 0.056560
v -0.001357 -0.027992 0.056560
v -0.001432 -0.028027 0.056560
v -0.001505 -0.028063 0.056560
v -0.001578 -0.028102 0.056560
v -0.001650 -0.028142 0.056560
v -0.001721 -0.028184 0.056560
v -0.001790 -0.028228 0.056560
v -0.001859 -0.028273 0.056560
v -0.001926 -0.028321 0.056560
v -0.001993 -0.028369 0.056560
v -0.002058 -0.028420 0.056560
v -0.002121 -0.028472 0.056560
v -0.002184 -0.028526 0.056560
v -0.002245 -0.028581 0.056560
v -0.002304 -0.028638 0.056560
v -0.002362 -0.028696 0.056560
v -0.002419 -0.028755 0.056560
v -0.002474 -0.028816 0.056560
v -0.002528 -0.028879 0.056560
v -0.002580 -0.028942 0.056560
v -0.002631 -0.029007 0.056560
v -0.002679 -0.029074 0.056560
v -0.002727 -0.029141 0.056560
v -0.002772 -0.029210 0.056560
v -0.002816 -0.029279 0.056560
v -0.002858 -0.029350 0.056560
v -0.002898 -0.029422 0.056560
v -0.002937 -0.029495 0.056560
v -0.002973 -0.029568 0.056560
v -0.003008 -0.029643 0.056560
v -0.003041 -0.029718 0.056560
v -0.003072 -0.029794 0.056560
v -0.003101 -0.029871 0.056560
v -0.003128 -0.029949 0.056560
v -0.003153 -0.030027 0.056560
v -0.003177 -0.030106 0.056560
v -0.003198 -0.030186 0.056560
v -0.003217 -0.030266 0.056560
v -0.003235 -0.030346 0.056560
v -0.003250 -0.030427 0.056560
v -0.003263 -0.030508 0.056560
v -0.003274 -0.030590 0.056560
v -0.003284 -0.030671 0.056560
v -0.003291 -0.030753 0.056560
v -0.003296 -0.030836 0.056560
v -0.003299 -0.030918 0.056560
v -0.003300 -0.031000 0.056560
v -0.003299 -0.031082 0.056560
v -0.003296 -0.031164 0.056560
v -0.003291 -0.031247 0.056560
v -0.003284 -0.031329 0.056560
v -0.003274 -0.031410 0.056560
v -0.003263 -0.031492 0.056560
v -0.003250 -0.031573 0.056560
v -0.003235 -0.031654 0.056560
v -0.003217 -0.031734 0.056560
v -0.003198 -0.031814 0.056560
v -0.003177 -0.031894 0.056560
v -0.003153 -0.031973 0.056560
v -0.003128 -0.032051 0.056560
v -0.003101 -0.032129 0.056560
v -0.003072 -0.032206 0.056560
v -0.003041 -0.032282 0.056560
v -0.003008 -0.032357 0.056560
v -0.002973 -0.032432 0.056560
v -0.002937 -0.032505 0.056560
v -0.002898 -0.032578 0.056560
v -0.002858 -0.032650 0.056560
v -0.002816 -0.032721 0.056560
v -0.002772 -0.032790 0.056560
v -0.002727 -0.032859 0.056560
v -0.002679 -0.032926 0.056560
v -0.002631 -0.032993 0.056560
v -0.002580 -0.033058 0.056560
v -0.002528 -0.033121 0.056560
v -0.002474 -0.033184 0.056560
v -0.002419 -0.033245 0.056560
v -0.002362 -0.033304 0.056560
v -0.002304 -0.033362 0.056560
v -0.002245 -0.033419 0.056560
v -0.002184 -0.033474 0.056560
v -0.002121 -0.033528 0.056560
v -0.002058 -0.033580 0.056560
v -0.001993 -0.033631 0.056560
v -0.001926 -0.033679 0.056560
v -0.001859 -0.033727 0.056560
v -0.001790 -0.033772 0.056560
v -0.001721 -0.033816 0.056560
v -0.001650 -0.033858 0.056560
v -0.001578 -0.033898 0.056560
v -0.001505 -0.033937 0.056560
v -0.001432 -0.033973 0.056560
v -0.001357 -0.034008 0.056560
v -0.001282 -0.034041 0.056560
v -0.001206 -0.034072 0.056560
v -0.001129 -0.034101 0.056560
v -0.001051 -0.034128 0.056560
v -0.000973 -0.034153 0.056560
v -0.000894 -0.034177 0.056560
v -0.000814 -0.034198 0.056560
v -0.000734 -0.034217 0.056560
v -0.000654 -0.034235 0.056560
v -0.000573 -0.034250 0.056560
v -0.000492 -0.034263 0.056560
v -0.000410 -0.034274 0.056560
v -0.000329 -0.034284 0.056560
v -0.000247 -0.034291 0.056560
v -0.000164 -0.034296 0.056560
v -0.000082 -0.034299 0.056560
v 0.000000 -0.034300 0.056560
v 0.000082 -0.034299 0.056560
v 0.000164 -0.034296 0.056560
v 0.000247 -0.034291 0.056560
v 0.000329 -0.034284 0.056560
v 0.000410 -0.034274 0.056560
v 0.000492 -0.034263 0.056560
v 0.000573 -0.034250 0.056560
v 0.000654 -0.034235 0.056560
v 0.000734 -0.034217 0.056560
v 0.000814 -0.034198 0.056560
v 0.000894 -0.034177 0.056560
v 0.000973 -0.034153 0.056560
v 0.001051 -0.034128 0.056560
v 0.001129 -0.034101 0.056560
v 0.001206 -0.034072 0.056560
v 0.001282 -0.034041 0.056560
v 0.001357 -0.034008 0.056560
v 0.001432 -0.033973 0.056560
v 0.001505 -0.033937 0.056560
v 0.001578 -0.033898 0.056560
v 0.001650 -0.033858 0.056560
v 0.001721 -0.033816 0.056560
v 0.001790 -0.033772 0.056560
v 0.001859 -0.033727 0.056560
v 0.001926 -0.033679 0.056560
v 0.001993 -0.033631 0.056560
v 0.002058 -0.033580 0.056560
v 0.002121 -0.033528 0.056560
v 0.002184 -0.033474 0.056560
v 0.002245 -0.033419 0.056560
v 0.002304 -0.033362 0.056560
v 0.002362 -0.033304 0.056560
v 0.002419 -0.033245 0.056560
v 0.002474 -0.033184 0.056560
v 0.002528 -0.033121 0.056560
v 0.002580 -0.033058 0.056560
v 0.002631 -0.032993 0.056560
v 0.002679 -0.032926 0.056560
v 0.002727 -0.032859 0.056560
v 0.002772 -0.032790 0.056560
v 0.002816 -0.032721 0.056560
v 0.002858 -0.032650 0.056560
v 0.002898 -0.032578 0.056560
v 0.002937 -0.032505 0.056560
v 0.002973 -0.032432 0.056560
v 0.003008 -0.032357 0.056560
v 0.003041 -0.032282 0.056560
v 0.003072 -0.032206 0.056560
v 0.003101 -0.032129 0.056560
v 0.003128 -0.032051 0.056560
v 0.003153 -0.031973 0.056560
v 0.003177 -0.031894 0.056560
v 0.003198 -0.031814 0.056560
v 0.003217 -0.031734 0.056560
v 0.003235 -0.031654 0.056560
v 0.003250 -0.031573 0.056560
v 0.003263 -0.031492 0.056560
v 0.003274 -0.031410 0.056560
v 0.003284 -0.031329 0.056560
v 0.003291 -0.031247 0.056560
v 0.003296 -0.031164 0.056560
v 0.003299 -0.031082 0.056560
v 0.003300 -0.031000 0.056560
v 0.003300 -0.031000 0.038440
v 0.003299 -0.030918 0.038440
v 0.003296 -0.030836 0.038440
v 0.003291 -0.030753 0.038440
v 0.003284 -0.030671 0.038440
v 0.003274 -0.030590 0.038440
v 0.003263 -0.030508 0.038440
v 0.003250 -0.030427 0.038440
v 0.003235 -0.030346 0.038440
v 0.003217 -0.030266 0.038440
v 0.003198 -0.030186 0.038440
v 0.003177 -0.030106 0.038440
v 0.003153 -0.030027 0.038440
v 0.003128 -0.029949 0.038440
v 0.003101 -0.029871 0.038440
v 0.003072 -0.029794 0.038440
v 0.003041 -0.029718 0.038440
v 0.003008 -0.029643 0.038440
v 0.002973 -0.029568 0.038440
v 0.002937 -0.029495 0.038440
v 0.002898 -0.029422 0.038440
v 0.002858 -0.029350 0.038440
v 0.002816 -0.029279 0.038440
v 0.002772 -0.029210 0.038440
v 0.002727 -0.029141 0.038440
v 0.002679 -0.029074 0.038440
v 0.002631 -0.029007 0.038440
v 0.002580 -0.028942 0.038440
v 0.002528 -0.028879 0.038440
v 0.002474 -0.028816 0.038440
v 0.002419 -0.028755 0.038440
v 0.002362 -0.028696 0.038440
v 0.002304 -0.028638 0.038440
v 0.002245 -0.028581 0.038440
v 0.002184 -0.028526 0.038440
v 0.002121 -0.028472 0.038440
v 0.002058 -0.028420 0.038440
v 0.001993 -0.028369 0.038440
v 0.001926 -0.028321 0.038440
v 0.001859 -0.028273 0.038440
v 0.001790 -0.028228 0.038440
v 0.001721 -0.028184 0.038440
v 0.001650 -0.028142 0.038440
v 0.001578 -0.028102 0.038440
v 0.001505 -0.028063 0.038440
v 0.001432 -0.028027 0.038440
v 0.001357 -0.027992 0.038440
v 0.001282 -0.027959 0.038440
v 0.001206 -0.027928 0.038440
v 0.001129 -0.027899 0.038440
v 0.001051 -0.027872 0.038440
v 0.000973 -0.027847 0.038440
v 0.000894 -0.027823 0.038440
v 0.000814 -0.027802 0.038440
v 0.000734 -0.027783 0.038440
v 0.000654 -0.027765 0.038440
v 0.000573 -0.027750 0.038440
v 0.000492 -0.027737 0.038440
v 0.000410 -0.027726 0.038440
v 0.000329 -0.027716 0.038440
v 0.000247 -0.027709 0.038440
v 0.000164 -0.027704 0.038440
v 0.000082 -0.027701 0.038440
v 0.000000 -0.027700 0.038440
v -0.000082 -0.027701 0.038440
v -0.000164 -0.027704 0.038440
v -0.000247 -0.027709 0.038440
v -0.000329 -0.027716 0.038440
v -0.000410 -0.027726 0.038440
v -0.000492 -0.027737 0.038440
v -0.000573 -0.027750 0.038440
v -0.000654 -0.027765 0.038440
v -0.000734 -0.027783 0.038440
v -0.000814 -0.027802 0.038440
v -0.000894 -0.027823 0.038440
v -0.000973 -0.027847 0.038440
v -0.001051 -0.027872 0.038440
v -0.001129 -0.027899 0.038440
v -0.001206 -0.027928 0.038440
v -0.001282 -0.027959 0.038440
v -0.001357 -0.027992 0.038440
v -0.001432 -0.028027 0.038440
v -0.001505 -0.028063 0.038440
v -0.001578 -0.028102 0.038440
v -0.001650 -0.028142 0.038440
v -0.001721 -0.028184 0.038440
v -0.001790 -0.028228 0.038440
v -0.001859 -0.028273 0.038440
v -0.001926 -0.028321 0.038440
v -0.001993 -0.028369 0.038440
v -0.002058 -0.028420 0.038440
v -0.002121 -0.028472 0.038440
v -0.002184 -0.028526 0.038440
v -0.002245 -0.028581 0.038440
v -0.002304 -0.028638 0.038440
v -0.002362 -0.028696 0.038440
v -0.002419 -0.028755 0.038440
v -0.002474 -0.028816 0.038440
v -0.002528 -0.028879 0.038440
v -0.002580 -0.028942 0.038440
v -0.002631 -0.029007 0.038440
v -0.002679 -0.029074 0.038440
v -0.002727 -0.029141 0.038440
v -0.002772 -0.029210 0.038440
v -0.002816 -0.029279 0.038440
v -0.002858 -0.029350 0.038440
v -0.002898 -0.029422 0.038440
v -0.002937 -0.029495 0.038440
v -0.002973 -0.029568 0.038440
v -0.003008 -0.029643 0.038440
v -0.003041 -0.029718 0.038440
v -0.003072 -0.029794 0.038440
v -0.003101 -0.029871 0.038440
v -0.003128 -0.029949 0.038440
v -0.003153 -0.030027 0.038440
v -0.003177 -0.030106 0.038440
v -0.003198 -0.030186 0.038440
v -0.003217 -0.030266 0.038440
v -0.003235 -0.030346 0.038440
v -0.003250 -0.030427 0.038440
v -0.003263 -0.030508 0.038440
v -0.003274 -0.030590 0.038440
v -0.003284 -0.030671 0.038440
v -0.003291 -0.030753 0.038440
v -0.003296 -0.030836 0.038440
v -0.003299 -0.030918 0.038440
v -0.003300 -0.031000 0.038440
v -0.003299 -0.031082 0.038440
v -0.003296 -0.031164 0.038440
v -0.003291 -0.031247 0.038440
v -0.003284 -0.031329 0.038440
v -0.003274 -0.031410 0.038440
v -0.003263 -0.031492 0.038440
v -0.003250 -0.031573 0.038440
v -0.003235 -0.031654 0.038440
v -0.003217 -0.031734 0.038440
v -0.003198 -0.031814 0.038440
v -0.003177 -0.031894 0.038440
v -0.003153 -0.031973 0.038440
v -0.003128 -0.032051 0.038440
v -0.003101 -0.032129 0.038440
v -0.003072 -0.032206 0.038440
v -0.003041 -0.032282 0.038440
v -0.003008 -0.032357 0.038440
v -0.002973 -0.032432 0.038440
v -0.002937 -0.032505 0.038440
v -0.002898 -0.032578 0.038440
v -0.002858 -0.032650 0.038440
v -0.002816 -0.032721 0.038440
v -0.002772 -0.032790 0.038440
v -0.002727 -0.032859 0.038440
v -0.002679 -0.032926 0.038440
v -0.002631 -0.032993 0.038440
v -0.002580 -0.033058 0.038440
v -0.002528 -0.033121 0.038440
v -0.002474 -0.033184 0.038440
v -0.002419 -0.033245 0.038440
v -0.002362 -0.033304 0.038440
v -0.002304 -0.033362 0.038440
v -0.002245 -0.033419 0.038440
v -0.002184 -0.033474 0.038440
v -0.002121 -0.033528 0.038440
v -0.002058 -0.033580 0.038440
v -0.001993 -0.033631 0.038440
v -0.001926 -0.033679 0.038440
v -0.001859 -0.033727 0.038440
v -0.001790 -0.033772 0.038440
v -0.001721 -0.033816 0.038440
v -0.001650 -0.033858 0.038440
v -0.001578 -0.033898 0.038440
v -0.001505 -0.033937 0.038440
v -0.001432 -0.033973 0.038440
v -0.001357 -0.034008 0.038440
v -0.001282 -0.034041 0.038440
v -0.001206 -0.034072 0.038440
v -0.001129 -0.034101 0.038440
v -0.001051 -0.034128 0.038440
v -0.000973 -0.034153 0.038440
v -0.000894 -0.034177 0.038440
v -0.000814 -0.034198 0.038440
v -0.000734 -0.034217 0.038440
v -0.000654 -0.034235 0.038440
v -0.000573 -0.034250 0.038440
v -0.000492 -0.034263 0.038440
v -0.000410 -0.034274 0.038440
v -0.000329 -0.034284 0.038440
v -0.000247 -0.034291 0.038440
v -0.000164 -0.034296 0.038440
v -0.000082 -0.034299 0.038440
v 0.000000 -0.034300 0.038440
v 0.000082 -0.034299 0.038440
v 0.000164 -0.034296 0.038440
v 0.000247 -0.034291 0.038440
v 0.000329 -0.034284 0.038440
v 0.000410 -0.034274 0.038440
v 0.000492 -0.034263 0.038440
v 0.000573 -0.034250 0.038440
v 0.000654 -0.034235 0.038440
v 0.000734 -0.034217 0.038440
v 0.000814 -0.034198 0.038440
v 0.000894 -0.034177 0.038440
v 0.000973 -0.034153 0.038440
v 0.001051 -0.034128 0.038440
v 0.001129 -0.034101 0.038440
v 0.001206 -0.034072 0.038440
v 0.001282 -0.034041 0.038440
v 0.001357 -0.034008 0.038440
v 0.001432 -0.033973 0.038440
v 0.001505 -0.033937 0.038440
v 0.001578 -0.033898 0.038440
v 0.001650 -0.033858 0.038440
v 0.001721 -0.033816 0.038440
v 0.001790 -0.033772 0.038440
v 0.001859 -0.033727 0.038440
v 0.001926 -0.033679 0.038440
v 0.001993 -0.033631 0.038440
v 0.002058 -0.033580 0.038440
v 0.002121 -0.033528 0.038440
v 0.002184 -0.033474 0.038440
v 0.002245 -0.033419 0.038440
v 0.002304 -0.033362 0.038440
v 0.002362 -0.033304 0.038440
v 0.002419 -0.033245 0.038440
v 0.002474 -0.033184 0.038440
v 0.002528 -0.033121 0.038440
v 0.002580 -0.033058 0.038440
v 0.002631 -0.032993 0.038440
v 0.002679 -0.032926 0.038440
v 0.002727 -0.032859 0.038440
v 0.002772 -0.032790 0.038440
v 0.002816 -0.032721 0.038440
v 0.002858 -0.032650 0.038440
v 0.002898 -0.032578 0.038440
v 0.002937 -0.032505 0.038440
v 0.002973 -0.032432 0.038440
v 0.003008 -0.032357 0.038440
v 0.003041 -0.032282 0.038440
v 0.003072 -0.032206 0.038440
v 0.003101 -0.032129 0.038440
v 0.003128 -0.032051 0.038440
v 0.003153 -0.031973 0.038440
v 0.003177 -0.031894 0.038440
v 0.003198 -0.031814 0.038440
v 0.003217 -0.031734 0.038440
v 0.003235 -0.031654 0.038440
v 0.003250 -0.031573 0.038440
v 0.003263 -0.031492 0.038440
v 0.003274 -0.031410 0.038440
v 0.003284 -0.031329 0.038440
v 0.003291 -0.031247 0.038440
v 0.003296 -0.031164 0.038440
v 0.003299 -0.031082 0.038440
v -0.003700 -0.026277 0.095000
v -0.003700 -0.024800 0.095000
v -0.003700 -0.026277 0.076880
v -0.003700 -0.024800 0.076880
v -0.006700 -0.027000 0.076880
v -0.004472 -0.027000 0.076880
v -0.006700 -0.027000 0.095000
v -0.004472 -0.027000 0.095000
v -0.003700 -0.026277 0.076880
v -0.003581 -0.026186 0.076880
v -0.003460 -0.026098 0.076880
v -0.003337 -0.026013 0.076880
v -0.003211 -0.025932 0.076880
v -0.003084 -0.025853 0.076880
v -0.002955 -0.025778 0.076880
v -0.002824 -0.025706 0.076880
v -0.002691 -0.025637 0.076880
v -0.002557 -0.025572 0.076880
v -0.002421 -0.025510 0.076880
v -0.002283 -0.025451 0.076880
v -0.002144 -0.025396 0.076880
v -0.002004 -0.025344 0.076880
v -0.001862 -0.025296 0.076880
v -0.001719 -0.025252 0.076880
v -0.001576 -0.025211 0.076880
v -0.001431 -0.025173 0.076880
v -0.001285 -0.025139 0.076880
v -0.001139 -0.025109 0.076880
v -0.000991 -0.025082 0.076880
v -0.000844 -0.025060 0.076880
v -0.000695 -0.025040 0.076880
v -0.000547 -0.025025 0.076880
v -0.000398 -0.025013 0.076880
v -0.000248 -0.025005 0.076880
v -0.000099 -0.025001 0.076880
v 0.000051 -0.025000 0.076880
v 0.000200 -0.025003 0.076880
v 0.000350 -0.025010 0.076880
v 0.000499 -0.025021 0.076880
v 0.000648 -0.025035 0.076880
v 0.000796 -0.025053 0.076880
v 0.000944 -0.025075 0.076880
v 0.001092 -0.025100 0.076880
v 0.001238 -0.025129 0.076880
v 0.001384 -0.025162 0.076880
v 0.001529 -0.025198 0.076880
v 0.001673 -0.025238 0.076880
v 0.001816 -0.025282 0.076880
v 0.001958 -0.025329 0.076880
v 0.002099 -0.025379 0.076880
v 0.002239 -0.025433 0.076880
v 0.002377 -0.025491 0.076880
v 0.002513 -0.025552 0.076880
v 0.002648 -0.025616 0.076880
v 0.002782 -0.025684 0.076880
v 0.002913 -0.025755 0.076880
v 0.003043 -0.025829 0.076880
v 0.003171 -0.025906 0.076880
v 0.003297 -0.025987 0.076880
v 0.003421 -0.026071 0.076880
v 0.003543 -0.026157 0.076880
v 0.003662 -0.026247 0.076880
v 0.003780 -0.026340 0.076880
v 0.003894 -0.026436 0.076880
v 0.004007 -0.026534 0.076880
v 0.004117 -0.026635 0.076880
v 0.004225 -0.026739 0.076880
v 0.004329 -0.026846 0.076880
v 0.004432 -0.026955 0.076880
v 0.004531 -0.027067 0.076880
v 0.004628 -0.027181 0.076880
v 0.004721 -0.027298 0.076880
v 0.004812 -0.027416 0.076880
v 0.004900 -0.027537 0.076880
v 0.004985 -0.027661 0.076880
v 0.005066 -0.027786 0.076880
v 0.005145 -0.027913 0.076880
v 0.005220 -0.028042 0.076880
v 0.005292 -0.028173 0.076880
v 0.005361 -0.028306 0.076880
v 0.005427 -0.028441 0.076880
v 0.005489 -0.028577 0.076880
v 0.005548 -0.028714 0.076880
v 0.005603 -0.028853 0.076880
v 0.005655 -0.028993 0.076880
v 0.005703 -0.029135 0.076880
v 0.005747 -0.029278 0.076880
v 0.005789 -0.029421 0.076880
v 0.005826 -0.029566 0.076880
v 0.005860 -0.029712 0.076880
v 0.005890 -0.029858 0.076880
v 0.005917 -0.030005 0.076880
v 0.005940 -0.030153 0.076880
v 0.005959 -0.030302 0.076880
v 0.005975 -0.030450 0.076880
v 0.005987 -0.030599 0.076880
v 0.005995 -0.030749 0.076880
v 0.005999 -0.030898 0.076880
v 0.006000 -0.031048 0.076880
v 0.005997 -0.031197 0.076880
v 0.005990 -0.031347 0.076880
v 0.005979 -0.031496 0.076880
v 0.005965 -0.031645 0.076880
v 0.005947 -0.031793 0.076880
v 0.005926 -0.031941 0.076880
v 0.005900 -0.032088 0.076880
v 0.005871 -0.032235 0.076880
v 0.005839 -0.032381 0.076880
v 0.005803 -0.032526 0.076880
v 0.005763 -0.032670 0.076880
v 0.005719 -0.032813 0.076880
v 0.005672 -0.032955 0.076880
v 0.005622 -0.033096 0.076880
v 0.005568 -0.033236 0.076880
v 0.005510 -0.033374 0.076880
v 0.005450 -0.033510 0.076880
v 0.005385 -0.033645 0.076880
v 0.005318 -0.033779 0.076880
v 0.005247 -0.033910 0.076880
v 0.005173 -0.034040 0.076880
v 0.005095 -0.034168 0.076880
v 0.005015 -0.034294 0.076880
v 0.004931 -0.034418 0.076880
v 0.004844 -0.034540 0.076880
v 0.004755 -0.034660 0.076880
v 0.004662 -0.034777 0.076880
v 0.004566 -0.034892 0.076880
v 0.004468 -0.035005 0.076880
v 0.004367 -0.035115 0.076880
v 0.004263 -0.035222 0.076880
v 0.004156 -0.035327 0.076880
v 0.004047 -0.035430 0.076880
v 0.003936 -0.035529 0.076880
v 0.003821 -0.035626 0.076880
v 0.003705 -0.035719 0.076880
v 0.003586 -0.035810 0.076880
v 0.003465 -0.035898 0.076880
v 0.003342 -0.035983 0.076880
v 0.003217 -0.036065 0.076880
v 0.003090 -0.036143 0.076880
v 0.002960 -0.036219 0.076880
v 0.002829 -0.036291 0.076880
v 0.002697 -0.036360 0.076880
v 0.002562 -0.036425 0.076880
v 0.002426 -0.036488 0.076880
v 0.002289 -0.036546 0.076880
v 0.002150 -0.036602 0.076880
v 0.002010 -0.036653 0.076880
v 0.001868 -0.036702 0.076880
v 0.001725 -0.036747 0.076880
v 0.001582 -0.036788 0.076880
v 0.001437 -0.036825 0.076880
v 0.001291 -0.036859 0.076880
v 0.001145 -0.036890 0.076880
v 0.000998 -0.036916 0.076880
v 0.000850 -0.036940 0.076880
v 0.000702 -0.036959 0.076880
v 0.000553 -0.036974 0.076880
v 0.000404 -0.036986 0.076880
v 0.000254 -0.036995 0.076880
v 0.000105 -0.036999 0.076880
v -0.000045 -0.037000 0.076880
v -0.000194 -0.036997 0.076880
v -0.000343 -0.036990 0.076880
v -0.000493 -0.036980 0.076880
v -0.000642 -0.036966 0.076880
v -0.000790 -0.036948 0.076880
v -0.000938 -0.036926 0.076880
v -0.001085 -0.036901 0.076880
v -0.001232 -0.036872 0.076880
v -0.001378 -0.036840 0.076880
v -0.001523 -0.036803 0.076880
v -0.001667 -0.036764 0.076880
v -0.001810 -0.036720 0.076880
v -0.001952 -0.036673 0.076880
v -0.002093 -0.036623 0.076880
v -0.002233 -0.036569 0.076880
v -0.002371 -0.036512 0.076880
v -0.002508 -0.036451 0.076880
v -0.002643 -0.036387 0.076880
v -0.002776 -0.036319 0.076880
v -0.002908 -0.036248 0.076880
v -0.003038 -0.036174 0.076880
v -0.003166 -0.036097 0.076880
v -0.003292 -0.036016 0.076880
v -0.003416 -0.035933 0.076880
v -0.003538 -0.035846 0.076880
v -0.003657 -0.035757 0.076880
v -0.003775 -0.035664 0.076880
v -0.003890 -0.035568 0.076880
v -0.004002 -0.035470 0.076880
v -0.004112 -0.035369 0.076880
v -0.004220 -0.035265 0.076880
v -0.004325 -0.035159 0.076880
v -0.004427 -0.035049 0.076880
v -0.004527 -0.034938 0.076880
v -0.004624 -0.034824 0.076880
v -0.004718 -0.034707 0.076880
v -0.004808 -0.034589 0.076880
v -0.004896 -0.034468 0.076880
v -0.004981 -0.034345 0.076880
v -0.005063 -0.034219 0.076880
v -0.005142 -0.034092 0.076880
v -0.005217 -0.033963 0.076880
v -0.005289 -0.033832 0.076880
v -0.005358 -0.033699 0.076880
v -0.005424 -0.033565 0.076880
v -0.005486 -0.033429 0.076880
v -0.005545 -0.033292 0.076880
v -0.005601 -0.033153 0.076880
v -0.005652 -0.033012 0.076880
v -0.005701 -0.032871 0.076880
v -0.005746 -0.032728 0.076880
v -0.005787 -0.032585 0.076880
v -0.005825 -0.032440 0.076880
v -0.005859 -0.032294 0.076880
v -0.005889 -0.032148 0.076880
v -0.005916 -0.032001 0.076880
v -0.005939 -0.031853 0.076880
v -0.005958 -0.031705 0.076880
v -0.005974 -0.031556 0.076880
v -0.005986 -0.031407 0.076880
v -0.005994 -0.031258 0.076880
v -0.005999 -0.031108 0.076880
v -0.006000 -0.030959 0.076880
v -0.005997 -0.030809 0.076880
v -0.005990 -0.030660 0.076880
v -0.005980 -0.030510 0.076880
v -0.005966 -0.030362 0.076880
v -0.005948 -0.030213 0.076880
v -0.005927 -0.030065 0.076880
v -0.005902 -0.029918 0.076880
v -0.005873 -0.029771 0.076880
v -0.005840 -0.029625 0.076880
v -0.005804 -0.029480 0.076880
v -0.005765 -0.029336 0.076880
v -0.005721 -0.029193 0.076880
v -0.005674 -0.029050 0.076880
v -0.005624 -0.028910 0.076880
v -0.005570 -0.028770 0.076880
v -0.005513 -0.028632 0.076880
v -0.005452 -0.028495 0.076880
v -0.005388 -0.028360 0.076880
v -0.005321 -0.028227 0.076880
v -0.005250 -0.028095 0.076880
v -0.005176 -0.027965 0.076880
v -0.005099 -0.027837 0.076880
v -0.005018 -0.027711 0.076880
v -0.004935 -0.027587 0.076880
v -0.004848 -0.027465 0.076880
v -0.004758 -0.027345 0.076880
v -0.004666 -0.027228 0.076880
v -0.004570 -0.027113 0.076880
v -0.004472 -0.027000 0.076880
v -0.004472 -0.027000 0.095000
v -0.004570 -0.027113 0.095000
v -0.004666 -0.027228 0.095000
v -0.004758 -0.027345 0.095000
v -0.004848 -0.027465 0.095000
v -0.004935 -0.027587 0.095000
v -0.005018 -0.027711 0.095000
v -0.005099 -0.027837 0.095000
v -0.005176 -0.027965 0.095000
v -0.005250 -0.028095 0.095000
v -0.005321 -0.028227 0.095000
v -0.005388 -0.028360 0.095000
v -0.005452 -0.028495 0.095000
v -0.005513 -0.028632 0.095000
v -0.005570 -0.028770 0.095000
v -0.005624 -0.028910 0.095000
v -0.005674 -0.029050 0.095000
v -0.005721 -0.029193 0.095000
v -0.005765 -0.029336 0.095000
v -0.005804 -0.029480 0.095000
v -0.005840 -0.029625 0.095000
v -0.005873 -0.029771 0.095000
v -0.005902 -0.029918 0.095000
v -0.005927 -0.030065 0.095000
v -0.005948 -0.030213 0.095000
v -0.005966 -0.030362 0.095000
v -0.005980 -0.030510 0.095000
v -0.005990 -0.030660 0.095000
v -0.005997 -0.030809 0.095000
v -0.006000 -0.030959 0.095000
v -0.005999 -0.031108 0.095000
v -0.005994 -0.031258 0.095000
v -0.005986 -0.031407 0.095000
v -0.005974 -0.031556 0.095000
v -0.005958 -0.031705 0.095000
v -0.005939 -0.031853 0.095000
v -0.005916 -0.032001 0.095000
v -0.005889 -0.032148 0.095000
v -0.005859 -0.032294 0.095000
v -0.005825 -0.032440 0.095000
v -0.005787 -0.032585 0.095000
v -0.005746 -0.032728 0.095000
v -0.005701 -0.032871 0.095000
v -0.005652 -0.033012 0.095000
v -0.005601 -0.033153 0.095000
v -0.005545 -0.033292 0.095000
v -0.005486 -0.033429 0.095000
v -0.005424 -0.033565 0.095000
v -0.005358 -0.033699 0.095000
v -0.005289 -0.033832 0.095000
v -0.005217 -0.033963 0.095000
v -0.005142 -0.034092 0.095000
v -0.005063 -0.034219 0.095000
v -0.004981 -0.034345 0.095000
v -0.004896 -0.034468 0.095000
v -0.004808 -0.034589 0.095000
v -0.004718 -0.034707 0.095000
v -0.004624 -0.034824 0.095000
v -0.004527 -0.034938 0.095000
v -0.004427 -0.035049 0.095000
v -0.004325 -0.035159 0.095000
v -0.004220 -0.035265 0.095000
v -0.004112 -0.035369 0.095000
v -0.004002 -0.035470 0.095000
v -0.003890 -0.035568 0.095000
v -0.003775 -0.035664 0.095000
v -0.003657 -0.035757 0.095000
v -0.003538 -0.035846 0.095000
v -0.003416 -0.035933 0.095000
v -0.003292 -0.036016 0.095000
v -0.003166 -0.036097 0.095000
v -0.003038 -0.036174 0.095000
v -0.002908 -0.036248 0.095000
v -0.002776 -0.036319 0.095000
v -0.002643 -0.036387 0.095000
v -0.002508 -0.036451 0.095000
v -0.002371 -0.036512 0.095000
v -0.002233 -0.036569 0.095000
v -0.002093 -0.036623 0.095000
v -0.001952 -0.036673 0.095000
v -0.001810 -0.036720 0.095000
v -0.001667 -0.036764 0.095000
v -0.001523 -0.036803 0.095000
v -0.001378 -0.036840 0.095000
v -0.001232 -0.036872 0.095000
v -0.001085 -0.036901 0.095000
v -0.000938 -0.036926 0.095000
v -0.000790 -0.036948 0.095000
v -0.000642 -0.036966 0.095000
v -0.000493 -0.036980 0.095000
v -0.000343 -0.036990 0.095000
v -0.000194 -0.036997 0.095000
v -0.000045 -0.037000 0.095000
v 0.000105 -0.036999 0.095000
v 0.000254 -0.036995 0.095000
v 0.000404 -0.036986 0.095000
v 0.000553 -0.036974 0.095000
v 0.000702 -0.036959 0.095000
v 0.000850 -0.036940 0.095000
v 0.000998 -0.036916 0.095000
v 0.001145 -0.036890 0.095000
v 0.001291 -0.036859 0.095000
v 0.001437 -0.036825 0.095000
v 0.001582 -0.036788 0.095000
v 0.001725 -0.036747 0.095000
v 0.001868 -0.036702 0.095000
v 0.002010 -0.036653 0.095000
v 0.002150 -0.036602 0.095000
v 0.002289 -0.036546 0.095000
v 0.002426 -0.036488 0.095000
v 0.002562 -0.036425 0.095000
v 0.002697 -0.036360 0.095000
v 0.002829 -0.036291 0.095000
v 0.002960 -0.036219 0.095000
v 0.003090 -0.036143 0.095000
v 0.003217 -0.036065 0.095000
v 0.003342 -0.035983 0.095000
v 0.003465 -0.035898 0.095000
v 0.003586 -0.035810 0.095000
v 0.003705 -0.035719 0.095000
v 0.003821 -0.035626 0.095000
v 0.003936 -0.035529 0.095000
v 0.004047 -0.035430 0.095000
v 0.004156 -0.035327 0.095000
v 0.004263 -0.035222 0.095000
v 0.004367 -0.035115 0.095000
v 0.004468 -0.035005 0.095000
v 0.004566 -0.034892 0.095000
v 0.004662 -0.034777 0.095000
v 0.004755 -0.034660 0.095000
v 0.004844 -0.034540 0.095000
v 0.004931 -0.034418 0.095000
v 0.005015 -0.034294 0.095000
v 0.005095 -0.034168 0.095000
v 0.005173 -0.034040 0.095000
v 0.005247 -0.033910 0.095000
v 0.005318 -0.033779 0.095000
v 0.005385 -0.033645 0.095000
v 0.005450 -0.033510 0.095000
v 0.005510 -0.033374 0.095000
v 0.005568 -0.033236 0.095000
v 0.005622 -0.033096 0.095000
v 0.005672 -0.032955 0.095000
v 0.005719 -0.032813 0.095000
v 0.005763 -0.032670 0.095000
v 0.005803 -0.032526 0.095000
v 0.005839 -0.032381 0.095000
v 0.005871 -0.032235 0.095000
v 0.005900 -0.032088 0.095000
v 0.005926 -0.031941 0.095000
v 0.005947 -0.031793 0.095000
v 0.005965 -0.031645 0.095000
v 0.005979 -0.031496 0.095000
v 0.005990 -0.031347 0.095000
v 0.005997 -0.031197 0.095000
v 0.006000 -0.031048 0.095000
v 0.005999 -0.030898 0.095000
v 0.005995 -0.030749 0.095000
v 0.005987 -0.030599 0.095000
v 0.005975 -0.030450 0.095000
v 0.005959 -0.030302 0.095000
v 0.005940 -0.030153 0.095000
v 0.005917 -0.030005 0.095000
v 0.005890 -0.029858 0.095000
v 0.005860 -0.029712 0.095000
v 0.005826 -0.029566 0.095000
v 0.005789 -0.029421 0.095000
v 0.005747 -0.029278 0.095000
v 0.005703 -0.029135 0.095000
v 0.005655 -0.028993 0.095000
v 0.005603 -0.028853 0.095000
v 0.005548 -0.028714 0.095000
v 0.005489 -0.028577 0.095000
v 0.005427 -0.028441 0.095000
v 0.005361 -0.028306 0.095000
v 0.005292 -0.028173 0.095000
v 0.005220 -0.028042 0.095000
v 0.005145 -0.027913 0.095000
v 0.005066 -0.027786 0.095000
v 0.004985 -0.027661 0.095000
v 0.004900 -0.027537 0.095000
v 0.004812 -0.027416 0.095000
v 0.004721 -0.027298 0.095000
v 0.004628 -0.027181 0.095000
v 0.004531 -0.027067 0.095000
v 0.004432 -0.026955 0.095000
v 0.004329 -0.026846 0.095000
v 0.004225 -0.026739 0.095000
v 0.004117 -0.026635 0.095000
v 0.004007 -0.026534 0.095000
v 0.003894 -0.026436 0.095000
v 0.003780 -0.026340 0.095000
v 0.003662 -0.026247 0.095000
v 0.003543 -0.026157 0.095000
v 0.003421 -0.026071 0.095000
v 0.003297 -0.025987 0.095000
v 0.003171 -0.025906 0.095000
v 0.003043 -0.025829 0.095000
v 0.002913 -0.025755 0.095000
v 0.002782 -0.025684 0.095000
v 0.002648 -0.025616 0.095000
v 0.002513 -0.025552 0.095000
v 0.002377 -0.025491 0.095000
v 0.002239 -0.025433 0.095000
v 0.002099 -0.025379 0.095000
v 0.001958 -0.025329 0.095000
v 0.001816 -0.025282 0.095000
v 0.001673 -0.025238 0.095000
v 0.001529 -0.025198 0.095000
v 0.001384 -0.025162 0.095000
v 0.001238 -0.025129 0.095000
v 0.001092 -0.025100 0.095000
v 0.000944 -0.025075 0.095000
v 0.000796 -0.025053 0.095000
v 0.000648 -0.025035 0.095000
v 0.000499 -0.025021 0.095000
v 0.000350 -0.025010 0.095000
v 0.000200 -0.025003 0.095000
v 0.000051 -0.025000 0.095000
v -0.000099 -0.025001 0.095000
v -0.000248 -0.025005 0.095000
v -0.000398 -0.025013 0.095000
v -0.000547 -0.025025 0.095000
v -0.000695 -0.025040 0.095000
v -0.000844 -0.025060 0.095000
v -0.000991 -0.025082 0.095000
v -0.001139 -0.025109 0.095000
v -0.001285 -0.025139 0.095000
v -0.001431 -0.025173 0.095000
v -0.001576 -0.025211 0.095000
v -0.001719 -0.025252 0.095000
v -0.001862 -0.025296 0.095000
v -0.002004 -0.025344 0.095000
v -0.002144 -0.025396 0.095000
v -0.002283 -0.025451 0.095000
v -0.002421 -0.025510 0.095000
v -0.002557 -0.025572 0.095000
v -0.002691 -0.025637 0.095000
v -0.002824 -0.025706 0.095000
v -0.002955 -0.025778 0.095000
v -0.003084 -0.025853 0.095000
v -0.003211 -0.025932 0.095000
v -0.003337 -0.026013 0.095000
v -0.003460 -0.026098 0.095000
v -0.003581 -0.026186 0.095000
v -0.003700 -0.026277 0.095000
v 0.003300 -0.031000 0.076880
v 0.003300 -0.031000 0.095000
v 0.003299 -0.030918 0.095000
v 0.003296 -0.030836 0.095000
v 0.003291 -0.030753 0.095000
v 0.003284 -0.030671 0.095000
v 0.003274 -0.030590 0.095000
v 0.003263 -0.030508 0.095000
v 0.003250 -0.030427 0.095000
v 0.003235 -0.030346 0.095000
v 0.003217 -0.030266 0.095000
v 0.003198 -0.030186 0.095000
v 0.003177 -0.030106 0.095000
v 0.003153 -0.030027 0.095000
v 0.003128 -0.029949 0.095000
v 0.003101 -0.029871 0.095000
v 0.003072 -0.029794 0.095000
v 0.003041 -0.029718 0.095000
v 0.003008 -0.029643 0.095000
v 0.002973 -0.029568 0.095000
v 0.002937 -0.029495 0.095000
v 0.002898 -0.029422 0.095000
v 0.002858 -0.029350 0.095000
v 0.002816 -0.029279 0.095000
v 0.002772 -0.029210 0.095000
v 0.002727 -0.029141 0.095000
v 0.002679 -0.029074 0.095000
v 0.002631 -0.029007 0.095000
v 0.002580 -0.028942 0.095000
v 0.002528 -0.028879 0.095000
v 0.002474 -0.028816 0.095000
v 0.002419 -0.028755 0.095000
v 0.002362 -0.028696 0.095000
v 0.002304 -0.028638 0.095000
v 0.002245 -0.028581 0.095000
v 0.002184 -0.028526 0.095000
v 0.002121 -0.028472 0.095000
v 0.002058 -0.028420 0.095000
v 0.001993 -0.028369 0.095000
v 0.001926 -0.028321 0.095000
v 0.001859 -0.028273 0.095000
v 0.001790 -0.028228 0.095000
v 0.001721 -0.028184 0.095000
v 0.001650 -0.028142 0.095000
v 0.001578 -0.028102 0.095000
v 0.001505 -0.028063 0.095000
v 0.001432 -0.028027 0.095000
v 0.001357 -0.027992 0.095000
v 0.001282 -0.027959 0.095000
v 0.001206 -0.027928 0.095000
v 0.001129 -0.027899 0.095000
v 0.001051 -0.027872 0.095000
v 0.000973 -0.027847 0.095000
v 0.000894 -0.027823 0.095000
v 0.000814 -0.027802 0.095000
v 0.000734 -0.027783 0.095000
v 0.000654 -0.027765 0.095000
v 0.000573 -0.027750 0.095000
v 0.000492 -0.027737 0.095000
v 0.000410 -0.027726 0.095000
v 0.000329 -0.027716 0.095000
v 0.000247 -0.027709 0.095000
v 0.000164 -0.027704 0.095000
v 0.000082 -0.027701 0.095000
v 0.000000 -0.027700 0.095000
v -0.000082 -0.027701 0.095000
v -0.000164 -0.027704 0.095000
v -0.000247 -0.027709 0.095000
v -0.000329 -0.027716 0.095000
v -0.000410 -0.027726 0.095000
v -0.000492 -0.027737 0.095000
v -0.000573 -0.027750 0.095000
v -0.000654 -0.027765 0.095000
v -0.000734 -0.027783 0.095000
v -0.000814 -0.027802 0.095000
v -0.000894 -0.027823 0.095000
v -0.000973 -0.027847 0.095000
v -0.001051 -0.027872 0.095000
v -0.001129 -0.027899 0.095000
v -0.001206 -0.027928 0.095000
v -0.001282 -0.027959 0.095000
v -0.001357 -0.027992 0.095000
v -0.001432 -0.028027 0.095000
v -0.001505 -0.028063 0.095000
v -0.001578 -0.028102 0.095000
v -0.001650 -0.028142 0.095000
v -0.001721 -0.028184 0.095000
v -0.001790 -0.028228 0.095000
v -0.001859 -0.028273 0.095000
v -0.001926 -0.028321 0.095000
v -0.001993 -0.028369 0.095000
v -0.002058 -0.028420 0.095000
v -0.002121 -0.028472 0.095000
v -0.002184 -0.028526 0.095000
v -0.002245 -0.028581 0.095000
v -0.002304 -0.028638 0.095000
v -0.002362 -0.028696 0.095000
v -0.002419 -0.028755 0.095000
v -0.002474 -0.028816 0.095000
v -0.002528 -0.028879 0.095000
v -0.002580 -0.028942 0.095000
v -0.002631 -0.029007 0.095000
v -0.002679 -0.029074 0.095000
v -0.002727 -0.029141 0.095000
v -0.002772 -0.029210 0.095000
v -0.002816 -0.029279 0.095000
v -0.002858 -0.029350 0.095000
v -0.002898 -0.029422 0.095000
v -0.002937 -0.029495 0.095000
v -0.002973 -0.029568 0.095000
v -0.003008 -0.029643 0.095000
v -0.003041 -0.029718 0.095000
v -0.003072 -0.029794 0.095000
v -0.003101 -0.029871 0.095000
v -0.003128 -0.029949 0.095000
v -0.003153 -0.030027 0.095000
v -0.003177 -0.030106 0.095000
v -0.003198 -0.030186 0.095000
v -0.003217 -0.030266 0.095000
v -0.003235 -0.030346 0.095000
v -0.003250 -0.030427 0.095000
v -0.003263 -0.030508 0.095000
v -0.003274 -0.030590 0.095000
v -0.003284 -0.030671 0.095000
v -0.003291 -0.030753 0.095000
v -0.003296 -0.030836 0.095000
v -0.003299 -0.030918 0.095000
v -0.003300 -0.031000 0.095000
v -0.003299 -0.031082 0.095000
v -0.003296 -0.031164 0.095000
v -0.003291 -0.031247 0.095000
v -0.003284 -0.031329 0.095000
v -0.003274 -0.031410 0.095000
v -0.003263 -0.031492 0.095000
v -0.003250 -0.031573 0.095000
v -0.003235 -0.031654 0.095000
v -0.003217 -0.031734 0.095000
v -0.003198 -0.031814 0.095000
v -0.003177 -0.031894 0.095000
v -0.003153 -0.031973 0.095000
v -0.003128 -0.032051 0.095000
v -0.003101 -0.032129 0.095000
v -0.003072 -0.032206 0.095000
v -0.003041 -0.032282 0.095000
v -0.003008 -0.032357 0.095000
v -0.002973 -0.032432 0.095000
v -0.002937 -0.032505 0.095000
v -0.002898 -0.032578 0.095000
v -0.002858 -0.032650 0.095000
v -0.002816 -0.032721 0.095000
v -0.002772 -0.032790 0.095000
v -0.002727 -0.032859 0.095000
v -0.002679 -0.032926 0.095000
v -0.002631 -0.032993 0.095000
v -0.002580 -0.033058 0.095000
v -0.002528 -0.033121 0.095000
v -0.002474 -0.033184 0.095000
v -0.002419 -0.033245 0.095000
v -0.002362 -0.033304 0.095000
v -0.002304 -0.033362 0.095000
v -0.002245 -0.033419 0.095000
v -0.002184 -0.033474 0.095000
v -0.002121 -0.033528 0.095000
v -0.002058 -0.033580 0.095000
v -0.001993 -0.033631 0.095000
v -0.001926 -0.033679 0.095000
v -0.001859 -0.033727 0.095000
v -0.001790 -0.033772 0.095000
v -0.001721 -0.033816 0.095000
v -0.001650 -0.033858 0.095000
v -0.001578 -0.033898 0.095000
v -0.001505 -0.033937 0.095000
v -0.001432 -0.033973 0.095000
v -0.001357 -0.034008 0.095000
v -0.001282 -0.034041 0.095000
v -0.001206 -0.034072 0.095000
v -0.001129 -0.034101 0.095000
v -0.001051 -0.034128 0.095000
v -0.000973 -0.034153 0.095000
v -0.000894 -0.034177 0.095000
v -0.000814 -0.034198 0.095000
v -0.000734 -0.034217 0.095000
v -0.000654 -0.034235 0.095000
v -0.000573 -0.034250 0.095000
v -0.000492 -0.034263 0.095000
v -0.000410 -0.034274 0.095000
v -0.000329 -0.034284 0.095000
v -0.000247 -0.034291 0.095000
v -0.000164 -0.034296 0.095000
v -0.000082 -0.034299 0.095000
v 0.000000 -0.034300 0.095000
v 0.000082 -0.034299 0.095000
v 0.000164 -0.034296 0.095000
v 0.000247 -0.034291 0.095000
v 0.000329 -0.034284 0.095000
v 0.000410 -0.034274 0.095000
v 0.000492 -0.034263 0.095000
v 0.000573 -0.034250 0.095000
v 0.000654 -0.034235 0.095000
v 0.000734 -0.034217 0.095000
v 0.000814 -0.034198 0.095000
v 0.000894 -0.034177 0.095000
v 0.000973 -0.034153 0.095000
v 0.001051 -0.034128 0.095000
v 0.001129 -0.034101 0.095000
v 0.001206 -0.034072 0.095000
v 0.001282 -0.034041 0.095000
v 0.001357 -0.034008 0.095000
v 0.001432 -0.033973 0.095000
v 0.001505 -0.033937 0.095000
v 0.001578 -0.033898 0.095000
v 0.001650 -0.033858 0.095000
v 0.001721 -0.033816 0.095000
v 0.001790 -0.033772 0.095000
v 0.001859 -0.033727 0.095000
v 0.001926 -0.033679 0.095000
v 0.001993 -0.033631 0.095000
v 0.002058 -0.033580 0.095000
v 0.002121 -0.033528 0.095000
v 0.002184 -0.033474 0.095000
v 0.002245 -0.033419 0.095000
v 0.002304 -0.033362 0.095000
v 0.002362 -0.033304 0.095000
v 0.002419 -0.033245 0.095000
v 0.002474 -0.033184 0.095000
v 0.002528 -0.033121 0.095000
v 0.002580 -0.033058 0.095000
v 0.002631 -0.032993 0.095000
v 0.002679 -0.032926 0.095000
v 0.002727 -0.032859 0.095000
v 0.002772 -0.032790 0.095000
v 0.002816 -0.032721 0.095000
v 0.002858 -0.032650 0.095000
v 0.002898 -0.032578 0.095000
v 0.002937 -0.032505 0.095000
v 0.002973 -0.032432 0.095000
v 0.003008 -0.032357 0.095000
v 0.003041 -0.032282 0.095000
v 0.003072 -0.032206 0.095000
v 0.003101 -0.032129 0.095000
v 0.003128 -0.032051 0.095000
v 0.003153 -0.031973 0.095000
v 0.003177 -0.031894 0.095000
v 0.003198 -0.031814 0.095000
v 0.003217 -0.031734 0.095000
v 0.003235 -0.031654 0.095000
v 0.003250 -0.031573 0.095000
v 0.003263 -0.031492 0.095000
v 0.003274 -0.031410 0.095000
v 0.003284 -0.031329 0.095000
v 0.003291 -0.031247 0.095000
v 0.003296 -0.031164 0.095000
v 0.003299 -0.031082 0.095000
v 0.003300 -0.031000 0.095000
v 0.003300 -0.031000 0.076880
v 0.003299 -0.030918 0.076880
v 0.003296 -0.030836 0.076880
v 0.003291 -0.030753 0.076880
v 0.003284 -0.030671 0.076880
v 0.003274 -0.030590 0.076880
v 0.003263 -0.030508 0.076880
v 0.003250 -0.030427 0.076880
v 0.003235 -0.030346 0.076880
v 0.003217 -0.030266 0.076880
v 0.003198 -0.030186 0.076880
v 0.003177 -0.030106 0.076880
v 0.003153 -0.030027 0.076880
v 0.003128 -0.029949 0.076880
v 0.003101 -0.029871 0.076880
v 0.003072 -0.029794 0.076880
v 0.003041 -0.029718 0.076880
v 0.003008 -0.029643 0.076880
v 0.002973 -0.029568 0.076880
v 0.002937 -0.029495 0.076880
v 0.002898 -0.029422 0.076880
v 0.002858 -0.029350 0.076880
v 0.002816 -0.029279 0.076880
v 0.002772 -0.029210 0.076880
v 0.002727 -0.029141 0.076880
v 0.002679 -0.029074 0.076880
v 0.002631 -0.029007 0.076880
v 0.002580 -0.028942 0.076880
v 0.002528 -0.028879 0.076880
v 0.002474 -0.028816 0.076880
v 0.002419 -0.028755 0.076880
v 0.002362 -0.028696 0.076880
v 0.002304 -0.028638 0.076880
v 0.002245 -0.028581 0.076880
v 0.002184 -0.028526 0.076880
v 0.002121 -0.028472 0.076880
v 0.002058 -0.028420 0.076880
v 0.001993 -0.028369 0.076880
v 0.001926 -0.028321 0.076880
v 0.001859 -0.028273 0.076880
v 0.001790 -0.028228 0.076880
v 0.001721 -0.028184 0.076880
v 0.001650 -0.028142 0.076880
v 0.001578 -0.028102 0.076880
v 0.001505 -0.028063 0.076880
v 0.001432 -0.028027 0.076880
v 0.001357 -0.027992 0.076880
v 0.001282 -0.027959 0.076880
v 0.001206 -0.027928 0.076880
v 0.001129 -0.027899 0.076880
v 0.001051 -0.027872 0.076880
v 0.000973 -0.027847 0.076880
v 0.000894 -0.027823 0.076880
v 0.000814 -0.027802 0.076880
v 0.000734 -0.027783 0.076880
v 0.000654 -0.027765 0.076880
v 0.000573 -0.027750 0.076880
v 0.000492 -0.027737 0.076880
v 0.000410 -0.027726 0.076880
v 0.000329 -0.027716 0.076880
v 0.000247 -0.027709 0.076880
v 0.000164 -0.027704 0.076880
v 0.000082 -0.027701 0.076880
v 0.000000 -0.027700 0.076880
v -0.000082 -0.027701 0.076880
v -0.000164 -0.027704 0.076880
v -0.000247 -0.027709 0.076880
v -0.000329 -0.027716 0.076880
v -0.000410 -0.027726 0.076880
v -0.000492 -0.027737 0.076880
v -0.000573 -0.027750 0.076880
v -0.000654 -0.027765 0.076880
v -0.000734 -0.027783 0.076880
v -0.000814 -0.027802 0.076880
v -0.000894 -0.027823 0.076880
v -0.000973 -0.027847 0.076880
v -0.001051 -0.027872 0.076880
v -0.001129 -0.027899 0.076880
v -0.001206 -0.027928 0.076880
v -0.001282 -0.027959 0.076880
v -0.001357 -0.027992 0.076880
v -0.001432 -0.028027 0.076880
v -0.001505 -0.028063 0.076880
v -0.001578 -0.028102 0.076880
v -0.001650 -0.028142 0.076880
v -0.001721 -0.028184 0.076880
v -0.001790 -0.028228 0.076880
v -0.001859 -0.028273 0.076880
v -0.001926 -0.028321 0.076880
v -0.001993 -0.028369 0.076880
v -0.002058 -0.028420 0.076880
v -0.002121 -0.028472 0.076880
v -0.002184 -0.028526 0.076880
v -0.002245 -0.028581 0.076880
v -0.002304 -0.028638 0.076880
v -0.002362 -0.028696 0.076880
v -0.002419 -0.028755 0.076880
v -0.002474 -0.028816 0.076880
v -0.002528 -0.028879 0.076880
v -0.002580 -0.028942 0.076880
v -0.002631 -0.029007 0.076880
v -0.002679 -0.029074 0.076880
v -0.002727 -0.029141 0.076880
v -0.002772 -0.029210 0.076880
v -0.002816 -0.029279 0.076880
v -0.002858 -0.029350 0.076880
v -0.002898 -0.029422 0.076880
v -0.002937 -0.029495 0.076880
v -0.002973 -0.029568 0.076880
v -0.003008 -0.029643 0.076880
v -0.003041 -0.029718 0.076880
v -0.003072 -0.029794 0.076880
v -0.003101 -0.029871 0.076880
v -0.003128 -0.029949 0.076880
v -0.003153 -0.030027 0.076880
v -0.003177 -0.030106 0.076880
v -0.003198 -0.030186 0.076880
v -0.003217 -0.030266 0.076880
v -0.003235 -0.030346 0.076880
v -0.003250 -0.030427 0.076880
v -0.003263 -0.030508 0.076880
v -0.003274 -0.030590 0.076880
v -0.003284 -0.030671 0.076880
v -0.003291 -0.030753 0.076880
v -0.003296 -0.030836 0.076880
v -0.003299 -0.030918 0.076880
v -0.003300 -0.031000 0.076880
v -0.003299 -0.031082 0.076880
v -0.003296 -0.031164 0.076880
v -0.003291 -0.031247 0.076880
v -0.003284 -0.031329 0.076880
v -0.003274 -0.031410 0.076880
v -0.003263 -0.031492 0.076880
v -0.003250 -0.031573 0.076880
v -0.003235 -0.031654 0.076880
v -0.003217 -0.031734 0.076880
v -0.003198 -0.031814 0.076880
v -0.003177 -0.031894 0.076880
v -0.003153 -0.031973 0.076880
v -0.003128 -0.032051 0.076880
v -0.003101 -0.032129 0.076880
v -0.003072 -0.032206 0.076880
v -0.003041 -0.032282 0.076880
v -0.003008 -0.032357 0.076880
v -0.002973 -0.032432 0.076880
v -0.002937 -0.032505 0.076880
v -0.002898 -0.032578 0.076880
v -0.002858 -0.032650 0.076880
v -0.002816 -0.032721 0.076880
v -0.002772 -0.032790 0.076880
v -0.002727 -0.032859 0.076880
v -0.002679 -0.032926 0.076880
v -0.002631 -0.032993 0.076880
v -0.002580 -0.033058 0.076880
v -0.002528 -0.033121 0.076880
v -0.002474 -0.033184 0.076880
v -0.002419 -0.033245 0.076880
v -0.002362 -0.033304 0.076880
v -0.002304 -0.033362 0.076880
v -0.002245 -0.033419 0.076880
v -0.002184 -0.033474 0.076880
v -0.002121 -0.033528 0.076880
v -0.002058 -0.033580 0.076880
v -0.001993 -0.033631 0.076880
v -0.001926 -0.033679 0.076880
v -0.001859 -0.033727 0.076880
v -0.001790 -0.033772 0.076880
v -0.001721 -0.033816 0.076880
v -0.001650 -0.033858 0.076880
v -0.001578 -0.033898 0.076880
v -0.001505 -0.033937 0.076880
v -0.001432 -0.033973 0.076880
v -0.001357 -0.034008 0.076880
v -0.001282 -0.034041 0.076880
v -0.001206 -0.034072 0.076880
v -0.001129 -0.034101 0.076880
v -0.001051 -0.034128 0.076880
v -0.000973 -0.034153 0.076880
v -0.000894 -0.034177 0.076880
v -0.000814 -0.034198 0.076880
v -0.000734 -0.034217 0.076880
v -0.000654 -0.034235 0.076880
v -0.000573 -0.034250 0.076880
v -0.000492 -0.034263 0.076880
v -0.000410 -0.034274 0.076880
v -0.000329 -0.034284 0.076880
v -0.000247 -0.034291 0.076880
v -0.000164 -0.034296 0.076880
v -0.000082 -0.034299 0.076880
v 0.000000 -0.034300 0.076880
v 0.000082 -0.034299 0.076880
v 0.000164 -0.034296 0.076880
v 0.000247 -0.034291 0.076880
v 0.000329 -0.034284 0.076880
v 0.000410 -0.034274 0.076880
v 0.000492 -0.034263 0.076880
v 0.000573 -0.034250 0.076880
v 0.000654 -0.034235 0.076880
v 0.000734 -0.034217 0.076880
v 0.000814 -0.034198 0.076880
v 0.000894 -0.034177 0.076880
v 0.000973 -0.034153 0.076880
v 0.001051 -0.034128 0.076880
v 0.001129 -0.034101 0.076880
v 0.001206 -0.034072 0.076880
v 0.001282 -0.034041 0.076880
v 0.001357 -0.034008 0.076880
v 0.001432 -0.033973 0.076880
v 0.001505 -0.033937 0.076880
v 0.001578 -0.033898 0.076880
v 0.001650 -0.033858 0.076880
v 0.001721 -0.033816 0.076880
v 0.001790 -0.033772 0.076880
v 0.001859 -0.033727 0.076880
v 0.001926 -0.033679 0.076880
v 0.001993 -0.033631 0.076880
v 0.002058 -0.033580 0.076880
v 0.002121 -0.033528 0.076880
v 0.002184 -0.033474 0.076880
v 0.002245 -0.033419 0.076880
v 0.002304 -0.033362 0.076880
v 0.002362 -0.033304 0.076880
v 0.002419 -0.033245 0.076880
v 0.002474 -0.033184 0.076880
v 0.002528 -0.033121 0.076880
v 0.002580 -0.033058 0.076880
v 0.002631 -0.032993 0.076880
v 0.002679 -0.032926 0.076880
v 0.002727 -0.032859 0.076880
v 0.002772 -0.032790 0.076880
v 0.002816 -0.032721 0.076880
v 0.002858 -0.032650 0.076880
v 0.002898 -0.032578 0.076880
v 0.002937 -0.032505 0.076880
v 0.002973 -0.032432 0.076880
v 0.003008 -0.032357 0.076880
v 0.003041 -0.032282 0.076880
v 0.003072 -0.032206 0.076880
v 0.003101 -0.032129 0.076880
v 0.003128 -0.032051 0.076880
v 0.003153 -0.031973 0.076880
v 0.003177 -0.031894 0.076880
v 0.003198 -0.031814 0.076880
v 0.003217 -0.031734 0.076880
v 0.003235 -0.031654 0.076880
v 0.003250 -0.031573 0.076880
v 0.003263 -0.031492 0.076880
v 0.003274 -0.031410 0.076880
v 0.003284 -0.031329 0.076880
v 0.003291 -0.031247 0.076880
v 0.003296 -0.031164 0.076880
v 0.003299 -0.031082 0.076880
f 2 3 1
f 2 4 3
f 16 5 6
f 13 5 16
f 14 16 15
f 14 13 16
f 7 13 12
f 7 5 13
f 9 7 12
f 10 12 11
f 10 9 12
f 8 7 9
f 427 82 83
f 428 83 84
f 428 427 83
f 426 82 427
f 426 81 82
f 429 428 84
f 429 84 85
f 425 80 81
f 425 81 426
f 430 429 85
f 430 85 86
f 424 79 80
f 424 80 425
f 431 430 86
f 431 86 87
f 423 78 79
f 423 79 424
f 432 87 88
f 432 431 87
f 422 77 78
f 422 78 423
f 433 88 89
f 433 432 88
f 421 76 77
f 421 77 422
f 434 89 90
f 434 433 89
f 420 75 76
f 420 76 421
f 435 90 91
f 435 434 90
f 419 74 75
f 419 75 420
f 436 91 92
f 436 435 91
f 418 73 74
f 418 74 419
f 437 436 92
f 437 92 93
f 417 73 418
f 417 72 73
f 438 437 93
f 438 93 94
f 416 72 417
f 416 71 72
f 439 438 94
f 439 94 95
f 415 71 416
f 415 70 71
f 440 95 96
f 440 439 95
f 414 70 415
f 414 69 70
f 441 96 97
f 441 440 96
f 413 69 414
f 413 68 69
f 442 441 97
f 442 97 98
f 412 67 68
f 412 68 413
f 443 98 99
f 443 442 98
f 411 67 412
f 411 66 67
f 444 443 99
f 444 99 100
f 410 66 411
f 410 65 66
f 445 100 101
f 445 444 100
f 409 65 410
f 409 64 65
f 446 101 102
f 446 445 101
f 408 64 409
f 408 63 64
f 447 446 102
f 447 102 103
f 407 62 63
f 407 63 408
f 448 103 104
f 448 447 103
f 406 62 407
f 406 61 62
f 449 104 105
f 449 448 104
f 405 60 61
f 405 61 406
f 450 449 105
f 450 105 106
f 404 59 60
f 404 60 405
f 451 106 107
f 451 450 106
f 403 59 404
f 403 58 59
f 452 451 107
f 452 107 108
f 402 57 58
f 402 58 403
f 453 452 108
f 453 108 109
f 401 57 402
f 401 56 57
f 454 453 109
f 454 109 110
f 400 55 56
f 400 56 401
f 455 454 110
f 455 110 111
f 399 54 55
f 399 55 400
f 456 111 112
f 456 455 111
f 398 53 54
f 398 54 399
f 457 456 112
f 457 112 113
f 397 52 53
f 397 53 398
f 458 457 113
f 458 113 114
f 396 51 52
f 396 52 397
f 459 458 114
f 459 114 115
f 395 51 396
f 395 50 51
f 460 459 115
f 460 115 116
f 394 50 395
f 394 49 50
f 461 460 116
f 461 116 117
f 393 49 394
f 393 48 49
f 462 117 118
f 462 461 117
f 392 47 48
f 392 48 393
f 463 118 119
f 463 462 118
f 391 46 47
f 391 47 392
f 464 119 120
f 464 463 119
f 390 45 46
f 390 46 391
f 465 120 121
f 465 464 120
f 389 45 390
f 389 44 45
f 466 121 122
f 466 465 121
f 388 43 44
f 388 44 389
f 467 122 123
f 467 466 122
f 387 42 43
f 387 43 388
f 468 123 124
f 468 467 123
f 386 41 42
f 386 42 387
f 469 124 125
f 469 468 124
f 385 40 41
f 385 41 386
f 470 125 126
f 470 469 125
f 384 39 40
f 384 40 385
f 471 126 127
f 471 470 126
f 383 38 39
f 383 39 384
f 472 127 128
f 472 471 127
f 382 37 38
f 382 38 383
f 473 128 129
f 473 472 128
f 381 36 37
f 381 37 382
f 474 129 130
f 474 473 129
f 380 35 36
f 380 36 381
f 475 130 131
f 475 474 130
f 379 35 380
f 379 34 35
f 476 131 132
f 476 475 131
f 378 33 34
f 378 34 379
f 477 476 132
f 477 132 133
f 377 32 33
f 377 33 378
f 478 133 134
f 478 477 133
f 376 32 377
f 376 31 32
f 479 478 134
f 479 134 135
f 375 30 31
f 375 31 376
f 480 479 135
f 480 135 136
f 374 29 30
f 374 30 375
f 481 136 137
f 481 480 136
f 373 28 29
f 373 29 374
f 482 137 138
f 482 481 137
f 372 27 28
f 372 28 373
f 483 138 139
f 483 482 138
f 371 26 27
f 371 27 372
f 484 139 140
f 484 483 139
f 20 17 19
f 370 25 26
f 370 26 371
f 485 140 141
f 485 484 140
f 369 24 25
f 369 25 370
f 486 141 142
f 486 485 141
f 368 23 24
f 368 24 369
f 487 142 143
f 487 486 142
f 367 22 23
f 367 23 368
f 488 143 144
f 488 487 143
f 366 22 367
f 489 488 144
f 145 489 144
f 365 22 366
f 490 489 145
f 146 490 145
f 364 22 365
f 491 490 146
f 363 22 364
f 147 491 146
f 147 492 491
f 148 492 147
f 148 493 492
f 149 493 148
f 149 494 493
f 150 494 149
f 150 495 494
f 267 360 359
f 267 361 360
f 267 362 361
f 267 363 362
f 267 22 363
f 151 495 150
f 151 496 495
f 269 20 21
f 269 21 22
f 269 22 267
f 266 267 359
f 266 359 358
f 152 496 151
f 152 497 496
f 265 358 357
f 265 266 358
f 153 497 152
f 153 498 497
f 264 265 357
f 264 357 356
f 154 498 153
f 154 499 498
f 263 356 355
f 263 264 356
f 155 500 499
f 155 499 154
f 262 355 354
f 262 263 355
f 156 500 155
f 156 501 500
f 261 262 354
f 261 354 353
f 157 501 156
f 157 502 501
f 260 261 353
f 260 353 352
f 268 269 267
f 158 502 157
f 158 503 502
f 259 352 351
f 259 260 352
f 159 503 158
f 159 504 503
f 258 351 350
f 258 259 351
f 160 504 159
f 160 505 504
f 257 258 350
f 257 350 349
f 161 505 160
f 161 506 505
f 256 349 348
f 256 257 349
f 162 507 506
f 162 506 161
f 255 348 347
f 255 256 348
f 163 507 162
f 163 508 507
f 254 347 346
f 254 255 347
f 164 508 163
f 164 509 508
f 253 346 345
f 253 254 346
f 165 509 164
f 165 510 509
f 18 20 269
f 18 17 20
f 252 345 344
f 252 253 345
f 166 510 165
f 166 511 510
f 251 252 344
f 251 344 343
f 167 511 166
f 167 512 511
f 250 251 343
f 250 343 342
f 168 512 167
f 168 513 512
f 249 342 341
f 249 250 342
f 169 513 168
f 169 514 513
f 248 341 340
f 248 249 341
f 170 514 169
f 170 515 514
f 247 340 339
f 247 248 340
f 171 516 515
f 171 515 170
f 246 339 338
f 246 247 339
f 172 516 171
f 172 517 516
f 245 338 337
f 245 246 338
f 173 518 517
f 173 517 172
f 244 245 337
f 244 337 336
f 174 518 173
f 174 519 518
f 243 336 335
f 243 244 336
f 175 519 174
f 175 520 519
f 242 335 334
f 242 243 335
f 176 520 175
f 176 521 520
f 241 334 333
f 241 242 334
f 177 270 521
f 177 521 176
f 240 333 332
f 240 241 333
f 178 271 270
f 178 270 177
f 239 332 331
f 239 240 332
f 179 272 271
f 179 271 178
f 238 331 330
f 238 239 331
f 180 273 272
f 180 272 179
f 237 330 329
f 237 238 330
f 181 274 273
f 181 273 180
f 236 329 328
f 236 237 329
f 182 275 274
f 182 274 181
f 235 328 327
f 235 236 328
f 183 276 275
f 183 275 182
f 234 327 326
f 234 235 327
f 184 277 276
f 184 276 183
f 233 326 325
f 233 234 326
f 185 278 277
f 185 277 184
f 232 233 325
f 232 325 324
f 186 278 185
f 186 279 278
f 231 324 323
f 231 232 324
f 187 279 186
f 187 280 279
f 230 323 322
f 230 231 323
f 188 281 280
f 188 280 187
f 229 322 321
f 229 230 322
f 189 281 188
f 189 282 281
f 228 321 320
f 228 229 321
f 190 282 189
f 190 283 282
f 227 320 319
f 227 228 320
f 191 283 190
f 191 284 283
f 226 227 319
f 226 319 318
f 192 284 191
f 192 285 284
f 225 226 318
f 225 318 317
f 193 285 192
f 193 286 285
f 224 225 317
f 224 317 316
f 194 286 193
f 194 287 286
f 223 224 316
f 223 316 315
f 195 287 194
f 195 288 287
f 222 223 315
f 222 315 314
f 196 288 195
f 196 289 288
f 221 222 314
f 221 314 313
f 197 289 196
f 197 290 289
f 220 221 313
f 220 313 312
f 198 290 197
f 198 291 290
f 219 220 312
f 219 312 311
f 199 291 198
f 199 292 291
f 218 219 311
f 218 311 310
f 200 292 199
f 200 293 292
f 217 218 310
f 217 310 309
f 201 293 200
f 201 294 293
f 216 217 309
f 216 309 308
f 202 294 201
f 202 295 294
f 215 216 308
f 215 308 307
f 203 295 202
f 203 296 295
f 214 215 307
f 214 307 306
f 204 297 296
f 204 296 203
f 213 214 306
f 213 306 305
f 205 297 204
f 205 298 297
f 212 305 304
f 212 213 305
f 206 299 298
f 206 298 205
f 211 304 303
f 211 212 304
f 207 299 206
f 207 300 299
f 210 303 302
f 210 211 303
f 208 301 300
f 208 300 207
f 209 302 301
f 209 210 302
f 209 301 208
f 525 523 522
f 525 522 524
f 936 716 717
f 937 715 716
f 937 716 936
f 935 936 717
f 935 717 718
f 938 715 937
f 938 714 715
f 934 935 718
f 934 718 719
f 939 714 938
f 939 713 714
f 933 934 719
f 933 719 720
f 940 713 939
f 940 712 713
f 932 933 720
f 932 720 721
f 941 712 940
f 941 711 712
f 931 932 721
f 931 721 722
f 942 710 711
f 942 711 941
f 930 931 722
f 930 722 723
f 943 709 710
f 943 710 942
f 929 930 723
f 929 723 724
f 944 708 709
f 944 709 943
f 928 929 724
f 928 724 725
f 945 707 708
f 945 708 944
f 927 928 725
f 927 725 726
f 946 707 945
f 946 706 707
f 926 927 726
f 926 726 727
f 947 706 946
f 947 705 706
f 925 926 727
f 925 727 728
f 948 705 947
f 948 704 705
f 924 728 729
f 924 925 728
f 949 704 948
f 949 703 704
f 923 729 730
f 923 924 729
f 950 703 949
f 950 702 703
f 922 730 731
f 922 923 730
f 951 702 950
f 951 701 702
f 921 731 732
f 921 922 731
f 952 701 951
f 952 700 701
f 920 732 733
f 920 921 732
f 953 700 952
f 953 699 700
f 919 733 734
f 919 920 733
f 954 699 953
f 954 698 699
f 918 734 735
f 918 919 734
f 955 698 954
f 955 697 698
f 917 735 736
f 917 918 735
f 956 697 955
f 956 696 697
f 916 736 737
f 916 917 736
f 957 696 956
f 957 695 696
f 915 737 738
f 915 916 737
f 958 695 957
f 958 694 695
f 914 738 739
f 914 915 738
f 959 693 694
f 959 694 958
f 913 739 740
f 913 914 739
f 960 693 959
f 960 692 693
f 912 740 741
f 912 913 740
f 961 691 692
f 961 692 960
f 911 741 742
f 911 912 741
f 962 690 691
f 962 691 961
f 910 742 743
f 910 911 742
f 963 689 690
f 963 690 962
f 909 743 744
f 909 910 743
f 964 688 689
f 964 689 963
f 908 744 745
f 908 909 744
f 965 688 964
f 965 687 688
f 907 745 746
f 907 908 745
f 966 687 965
f 966 686 687
f 906 746 747
f 906 907 746
f 967 686 966
f 967 685 686
f 905 906 747
f 905 747 748
f 968 685 967
f 968 684 685
f 904 748 749
f 904 905 748
f 969 684 968
f 969 683 684
f 903 749 750
f 903 904 749
f 970 683 969
f 970 682 683
f 902 903 750
f 902 750 751
f 971 682 970
f 971 681 682
f 901 751 752
f 901 902 751
f 972 681 971
f 972 680 681
f 900 752 753
f 900 901 752
f 973 680 972
f 973 679 680
f 899 753 754
f 899 900 753
f 974 678 679
f 974 679 973
f 898 754 755
f 898 899 754
f 975 677 678
f 975 678 974
f 897 898 755
f 897 755 756
f 976 676 677
f 976 677 975
f 896 756 757
f 896 897 756
f 977 675 676
f 977 676 976
f 895 757 758
f 895 896 757
f 978 674 675
f 978 675 977
f 894 758 759
f 894 895 758
f 979 673 674
f 979 674 978
f 893 894 759
f 893 759 760
f 980 672 673
f 980 673 979
f 892 760 761
f 892 893 760
f 981 672 980
f 981 671 672
f 891 761 762
f 891 892 761
f 982 671 981
f 982 670 671
f 890 762 763
f 890 891 762
f 983 669 670
f 983 670 982
f 889 763 764
f 889 890 763
f 984 669 983
f 984 668 669
f 888 764 765
f 888 889 764
f 985 667 668
f 985 668 984
f 887 888 765
f 887 765 766
f 986 667 985
f 986 666 667
f 886 766 767
f 886 887 766
f 987 666 986
f 987 665 666
f 885 767 768
f 885 886 767
f 988 664 665
f 988 665 987
f 884 885 768
f 884 768 769
f 989 664 988
f 989 663 664
f 883 884 769
f 883 769 770
f 990 663 989
f 990 662 663
f 882 770 771
f 882 883 770
f 991 662 990
f 991 661 662
f 881 882 771
f 881 771 772
f 992 661 991
f 992 660 661
f 880 772 773
f 880 881 772
f 993 659 660
f 993 660 992
f 529 528 526
f 879 880 773
f 879 773 774
f 994 659 993
f 994 658 659
f 878 774 775
f 878 879 774
f 995 657 658
f 995 658 994
f 877 775 776
f 877 878 775
f 996 656 657
f 996 657 995
f 876 776 531
f 876 877 776
f 997 655 656
f 997 656 996
f 875 876 531
f 998 655 997
f 654 655 998
f 874 875 531
f 999 654 998
f 653 654 999
f 873 874 531
f 1000 653 999
f 872 873 531
f 652 653 1000
f 652 1000 1001
f 651 652 1001
f 651 1001 1002
f 650 651 1002
f 650 1002 1003
f 649 650 1003
f 649 1003 1004
f 532 872 531
f 532 868 869
f 532 869 870
f 532 870 871
f 532 871 872
f 648 649 1004
f 648 1004 1005
f 778 530 529
f 778 531 530
f 778 532 531
f 533 867 868
f 533 868 532
f 647 648 1005
f 647 1005 1006
f 534 867 533
f 534 866 867
f 646 647 1006
f 646 1006 1007
f 535 865 866
f 535 866 534
f 645 646 1007
f 645 1007 1008
f 536 865 535
f 536 864 865
f 644 1008 1009
f 644 645 1008
f 537 863 864
f 537 864 536
f 643 644 1009
f 643 1009 1010
f 538 863 537
f 538 862 863
f 642 643 1010
f 642 1010 1011
f 539 862 538
f 539 861 862
f 777 532 778
f 641 642 1011
f 641 1011 1012
f 540 860 861
f 540 861 539
f 640 641 1012
f 640 1012 1013
f 541 859 860
f 541 860 540
f 639 640 1013
f 639 1013 1014
f 542 858 859
f 542 859 541
f 638 639 1014
f 638 1014 1015
f 543 858 542
f 543 857 858
f 637 1015 1016
f 637 638 1015
f 544 857 543
f 544 856 857
f 636 637 1016
f 636 1016 1017
f 545 855 856
f 545 856 544
f 635 636 1017
f 635 1017 1018
f 546 855 545
f 546 854 855
f 634 635 1018
f 634 1018 1019
f 527 778 529
f 527 529 526
f 547 853 854
f 547 854 546
f 633 634 1019
f 633 1019 1020
f 548 853 547
f 548 852 853
f 632 633 1020
f 632 1020 1021
f 549 851 852
f 549 852 548
f 631 632 1021
f 631 1021 1022
f 550 850 851
f 550 851 549
f 630 631 1022
f 630 1022 1023
f 551 849 850
f 551 850 550
f 629 630 1023
f 629 1023 1024
f 552 848 849
f 552 849 551
f 628 629 1024
f 628 1024 1025
f 553 847 848
f 553 848 552
f 627 628 1025
f 627 1025 1026
f 554 846 847
f 554 847 553
f 626 627 1026
f 626 1026 1027
f 555 845 846
f 555 846 554
f 625 626 1027
f 625 1027 1028
f 556 844 845
f 556 845 555
f 624 625 1028
f 624 1028 1029
f 557 843 844
f 557 844 556
f 623 624 1029
f 623 1029 1030
f 558 842 843
f 558 843 557
f 622 1030 779
f 622 623 1030
f 559 841 842
f 559 842 558
f 621 779 780
f 621 622 779
f 560 840 841
f 560 841 559
f 620 780 781
f 620 621 780
f 561 839 840
f 561 840 560
f 619 781 782
f 619 620 781
f 562 839 561
f 562 838 839
f 618 782 783
f 618 619 782
f 563 837 838
f 563 838 562
f 617 783 784
f 617 618 783
f 564 836 837
f 564 837 563
f 616 784 785
f 616 617 784
f 565 835 836
f 565 836 564
f 615 616 785
f 615 785 786
f 566 834 835
f 566 835 565
f 614 786 787
f 614 615 786
f 567 834 566
f 567 833 834
f 613 614 787
f 613 787 788
f 568 832 833
f 568 833 567
f 612 613 788
f 612 788 789
f 569 831 832
f 569 832 568
f 611 612 789
f 611 789 790
f 570 830 831
f 570 831 569
f 610 790 791
f 610 611 790
f 571 829 830
f 571 830 570
f 609 610 791
f 609 791 792
f 572 828 829
f 572 829 571
f 608 792 793
f 608 609 792
f 573 828 572
f 573 827 828
f 607 608 793
f 607 793 794
f 574 827 573
f 574 826 827
f 606 607 794
f 606 794 795
f 575 826 574
f 575 825 826
f 605 606 795
f 605 795 796
f 576 825 575
f 576 824 825
f 604 605 796
f 604 796 797
f 577 824 576
f 577 823 824
f 603 604 797
f 603 797 798
f 578 823 577
f 578 822 823
f 602 603 798
f 602 798 799
f 579 822 578
f 579 821 822
f 601 602 799
f 601 799 800
f 580 821 579
f 580 820 821
f 600 601 800
f 600 800 801
f 581 820 580
f 581 819 820
f 599 600 801
f 599 801 802
f 582 819 581
f 582 818 819
f 598 599 802
f 598 802 803
f 583 818 582
f 583 817 818
f 597 598 803
f 597 803 804
f 584 817 583
f 584 816 817
f 596 597 804
f 596 804 805
f 585 816 584
f 585 815 816
f 595 596 805
f 595 805 806
f 586 815 585
f 586 814 815
f 594 806 807
f 594 595 806
f 587 813 814
f 587 814 586
f 593 594 807
f 593 807 808
f 588 812 813
f 588 813 587
f 592 593 808
f 592 808 809
f 589 811 812
f 589 812 588
f 591 809 810
f 591 592 809
f 590 810 811
f 590 811 589
f 590 591 810
f 1031 1034 1033
f 1031 1032 1034
f 1264 1358 1357
f 1264 1265 1358
f 1184 1529 1183
f 1184 1530 1529
f 1443 1097 1098
f 1444 1098 1099
f 1444 1443 1098
f 1442 1096 1097
f 1442 1097 1443
f 1445 1444 1099
f 1445 1099 1100
f 1441 1095 1096
f 1441 1096 1442
f 1446 1100 1101
f 1446 1445 1100
f 1440 1094 1095
f 1440 1095 1441
f 1447 1446 1101
f 1447 1101 1102
f 1439 1093 1094
f 1439 1094 1440
f 1448 1102 1103
f 1448 1447 1102
f 1438 1092 1093
f 1438 1093 1439
f 1449 1448 1103
f 1449 1103 1104
f 1437 1091 1092
f 1437 1092 1438
f 1450 1104 1105
f 1450 1449 1104
f 1436 1090 1091
f 1436 1091 1437
f 1451 1105 1106
f 1451 1450 1105
f 1435 1090 1436
f 1435 1089 1090
f 1452 1106 1107
f 1452 1451 1106
f 1434 1089 1435
f 1434 1088 1089
f 1453 1452 1107
f 1453 1107 1108
f 1433 1088 1434
f 1433 1087 1088
f 1454 1453 1108
f 1454 1108 1109
f 1263 1357 1356
f 1263 1264 1357
f 1185 1530 1184
f 1432 1087 1433
f 1185 1531 1530
f 1432 1086 1087
f 1262 1356 1355
f 1262 1263 1356
f 1455 1454 1109
f 1455 1109 1110
f 1186 1531 1185
f 1431 1086 1432
f 1186 1532 1531
f 1261 1262 1355
f 1431 1085 1086
f 1261 1355 1354
f 1456 1455 1110
f 1456 1110 1111
f 1187 1532 1186
f 1187 1533 1532
f 1260 1261 1354
f 1260 1354 1353
f 1188 1533 1187
f 1430 1084 1085
f 1430 1085 1431
f 1188 1534 1533
f 1259 1260 1353
f 1259 1353 1352
f 1457 1456 1111
f 1457 1111 1112
f 1189 1534 1188
f 1189 1535 1534
f 1429 1083 1084
f 1429 1084 1430
f 1258 1352 1351
f 1258 1259 1352
f 1190 1535 1189
f 1458 1112 1113
f 1190 1536 1535
f 1458 1457 1112
f 1257 1351 1350
f 1257 1258 1351
f 1191 1536 1190
f 1428 1082 1083
f 1428 1083 1429
f 1191 1537 1536
f 1256 1350 1349
f 1256 1257 1350
f 1459 1458 1113
f 1459 1113 1114
f 1427 1082 1428
f 1192 1537 1191
f 1192 1286 1537
f 1255 1349 1348
f 1255 1256 1349
f 1193 1287 1286
f 1193 1286 1192
f 1427 1081 1082
f 1460 1459 1114
f 1460 1114 1115
f 1254 1348 1347
f 1254 1255 1348
f 1426 1081 1427
f 1194 1288 1287
f 1194 1287 1193
f 1426 1080 1081
f 1253 1347 1346
f 1253 1254 1347
f 1195 1289 1288
f 1461 1460 1115
f 1461 1115 1116
f 1195 1288 1194
f 1252 1346 1345
f 1252 1253 1346
f 1425 1080 1426
f 1196 1290 1289
f 1425 1079 1080
f 1196 1289 1195
f 1251 1345 1344
f 1251 1252 1345
f 1197 1291 1290
f 1462 1461 1116
f 1462 1116 1117
f 1197 1290 1196
f 1250 1344 1343
f 1250 1251 1344
f 1198 1292 1291
f 1198 1291 1197
f 1424 1078 1079
f 1424 1079 1425
f 1249 1343 1342
f 1249 1250 1343
f 1199 1292 1198
f 1199 1293 1292
f 1463 1117 1118
f 1463 1462 1117
f 1248 1342 1341
f 1248 1249 1342
f 1200 1294 1293
f 1423 1078 1424
f 1423 1077 1078
f 1200 1293 1199
f 1247 1341 1340
f 1247 1248 1341
f 1201 1295 1294
f 1201 1294 1200
f 1464 1463 1118
f 1464 1118 1119
f 1246 1340 1339
f 1246 1247 1340
f 1202 1296 1295
f 1202 1295 1201
f 1245 1339 1338
f 1245 1246 1339
f 1422 1077 1423
f 1422 1076 1077
f 1203 1296 1202
f 1203 1297 1296
f 1465 1464 1119
f 1244 1338 1337
f 1244 1245 1338
f 1465 1119 1120
f 1204 1298 1297
f 1204 1297 1203
f 1243 1244 1337
f 1243 1337 1336
f 1205 1298 1204
f 1205 1299 1298
f 1421 1076 1422
f 1421 1075 1076
f 1242 1243 1336
f 1242 1336 1335
f 1206 1299 1205
f 1206 1300 1299
f 1241 1242 1335
f 1466 1465 1120
f 1466 1120 1121
f 1241 1335 1334
f 1207 1301 1300
f 1207 1300 1206
f 1240 1241 1334
f 1240 1334 1333
f 1208 1301 1207
f 1208 1302 1301
f 1239 1240 1333
f 1420 1074 1075
f 1420 1075 1421
f 1239 1333 1332
f 1209 1303 1302
f 1209 1302 1208
f 1238 1239 1332
f 1467 1466 1121
f 1467 1121 1122
f 1238 1332 1331
f 1210 1304 1303
f 1210 1303 1209
f 1237 1238 1331
f 1237 1331 1330
f 1211 1304 1210
f 1211 1305 1304
f 1236 1237 1330
f 1236 1330 1329
f 1212 1305 1211
f 1212 1306 1305
f 1419 1073 1074
f 1419 1074 1420
f 1235 1236 1329
f 1235 1329 1328
f 1213 1306 1212
f 1213 1307 1306
f 1234 1235 1328
f 1234 1328 1327
f 1214 1307 1213
f 1468 1467 1122
f 1468 1122 1123
f 1214 1308 1307
f 1233 1234 1327
f 1233 1327 1326
f 1215 1308 1214
f 1215 1309 1308
f 1232 1233 1326
f 1232 1326 1325
f 1216 1309 1215
f 1216 1310 1309
f 1418 1072 1073
f 1418 1073 1419
f 1231 1232 1325
f 1231 1325 1324
f 1217 1310 1216
f 1217 1311 1310
f 1230 1231 1324
f 1230 1324 1323
f 1218 1311 1217
f 1218 1312 1311
f 1229 1230 1323
f 1229 1323 1322
f 1219 1313 1312
f 1469 1468 1123
f 1469 1123 1124
f 1219 1312 1218
f 1228 1229 1322
f 1228 1322 1321
f 1220 1313 1219
f 1220 1314 1313
f 1227 1321 1320
f 1227 1228 1321
f 1221 1315 1314
f 1221 1314 1220
f 1226 1320 1319
f 1226 1227 1320
f 1222 1316 1315
f 1222 1315 1221
f 1225 1319 1318
f 1225 1226 1319
f 1223 1317 1316
f 1223 1316 1222
f 1224 1318 1317
f 1224 1225 1318
f 1224 1317 1223
f 1035 1037 1285
f 1417 1071 1072
f 1417 1072 1418
f 1470 1469 1124
f 1470 1124 1125
f 1416 1070 1071
f 1416 1071 1417
f 1471 1470 1125
f 1471 1125 1126
f 1415 1069 1070
f 1415 1070 1416
f 1472 1471 1126
f 1472 1126 1127
f 1414 1068 1069
f 1414 1069 1415
f 1473 1472 1127
f 1473 1127 1128
f 1413 1067 1068
f 1413 1068 1414
f 1474 1473 1128
f 1474 1128 1129
f 1412 1066 1067
f 1412 1067 1413
f 1475 1474 1129
f 1475 1129 1130
f 1411 1065 1066
f 1411 1066 1412
f 1476 1475 1130
f 1476 1130 1131
f 1410 1065 1411
f 1410 1064 1065
f 1477 1476 1131
f 1477 1131 1132
f 1409 1063 1064
f 1409 1064 1410
f 1478 1477 1132
f 1478 1132 1133
f 1408 1063 1409
f 1408 1062 1063
f 1479 1478 1133
f 1479 1133 1134
f 1407 1062 1408
f 1407 1061 1062
f 1480 1479 1134
f 1480 1134 1135
f 1406 1061 1407
f 1406 1060 1061
f 1481 1135 1136
f 1481 1480 1135
f 1405 1059 1060
f 1405 1060 1406
f 1482 1136 1137
f 1482 1481 1136
f 1404 1058 1059
f 1404 1059 1405
f 1483 1137 1138
f 1483 1482 1137
f 1403 1057 1058
f 1403 1058 1404
f 1484 1483 1138
f 1484 1138 1139
f 1402 1056 1057
f 1402 1057 1403
f 1485 1139 1140
f 1485 1484 1139
f 1401 1055 1056
f 1401 1056 1402
f 1486 1140 1141
f 1486 1485 1140
f 1400 1054 1055
f 1400 1055 1401
f 1487 1141 1142
f 1487 1486 1141
f 1399 1053 1054
f 1399 1054 1400
f 1488 1142 1143
f 1488 1487 1142
f 1398 1052 1053
f 1398 1053 1399
f 1489 1143 1144
f 1489 1488 1143
f 1397 1051 1052
f 1397 1052 1398
f 1490 1144 1145
f 1490 1489 1144
f 1396 1050 1051
f 1396 1051 1397
f 1491 1145 1146
f 1491 1490 1145
f 1395 1049 1050
f 1395 1050 1396
f 1492 1146 1147
f 1492 1491 1146
f 1394 1048 1049
f 1394 1049 1395
f 1493 1147 1148
f 1493 1492 1147
f 1393 1047 1048
f 1393 1048 1394
f 1494 1148 1149
f 1494 1493 1148
f 1392 1046 1047
f 1392 1047 1393
f 1495 1149 1150
f 1495 1494 1149
f 1391 1045 1046
f 1391 1046 1392
f 1496 1150 1151
f 1496 1495 1150
f 1390 1044 1045
f 1390 1045 1391
f 1497 1151 1152
f 1497 1496 1151
f 1389 1043 1044
f 1389 1044 1390
f 1498 1152 1153
f 1498 1497 1152
f 1388 1042 1043
f 1388 1043 1389
f 1499 1153 1154
f 1499 1498 1153
f 1387 1041 1042
f 1387 1042 1388
f 1500 1154 1155
f 1500 1499 1154
f 1386 1040 1041
f 1386 1041 1387
f 1501 1155 1156
f 1501 1500 1155
f 1385 1039 1040
f 1385 1040 1386
f 1502 1156 1157
f 1502 1501 1156
f 1384 1038 1039
f 1384 1039 1385
f 1503 1157 1158
f 1503 1502 1157
f 1383 1037 1038
f 1383 1038 1384
f 1504 1158 1159
f 1504 1503 1158
f 1382 1037 1383
f 1505 1504 1159
f 1160 1505 1159
f 1381 1037 1382
f 1506 1505 1160
f 1161 1506 1160
f 1380 1037 1381
f 1507 1506 1161
f 1379 1037 1380
f 1162 1508 1507
f 1162 1507 1161
f 1163 1508 1162
f 1163 1509 1508
f 1164 1509 1163
f 1164 1510 1509
f 1165 1510 1164
f 1165 1511 1510
f 1285 1036 1035
f 1282 1037 1379
f 1282 1376 1375
f 1282 1377 1376
f 1282 1378 1377
f 1282 1379 1378
f 1282 1285 1037
f 1166 1511 1165
f 1166 1512 1511
f 1281 1375 1374
f 1281 1282 1375
f 1167 1512 1166
f 1167 1513 1512
f 1280 1374 1373
f 1280 1281 1374
f 1168 1513 1167
f 1168 1514 1513
f 1279 1373 1372
f 1279 1280 1373
f 1169 1514 1168
f 1169 1515 1514
f 1278 1279 1372
f 1278 1372 1371
f 1170 1516 1515
f 1170 1515 1169
f 1277 1278 1371
f 1277 1371 1370
f 1171 1517 1516
f 1171 1516 1170
f 1276 1370 1369
f 1276 1277 1370
f 1172 1517 1171
f 1172 1518 1517
f 1275 1276 1369
f 1275 1369 1368
f 1283 1284 1285
f 1283 1285 1282
f 1173 1518 1172
f 1173 1519 1518
f 1274 1368 1367
f 1274 1275 1368
f 1174 1519 1173
f 1174 1520 1519
f 1273 1367 1366
f 1273 1274 1367
f 1175 1520 1174
f 1175 1521 1520
f 1272 1366 1365
f 1272 1273 1366
f 1176 1521 1175
f 1176 1522 1521
f 1271 1365 1364
f 1271 1272 1365
f 1177 1522 1176
f 1177 1523 1522
f 1270 1271 1364
f 1270 1364 1363
f 1178 1523 1177
f 1178 1524 1523
f 1269 1270 1363
f 1269 1363 1362
f 1179 1524 1178
f 1179 1525 1524
f 1268 1362 1361
f 1268 1269 1362
f 1180 1525 1179
f 1180 1526 1525
f 1267 1361 1360
f 1267 1268 1361
f 1181 1526 1180
f 1181 1527 1526
f 1266 1360 1359
f 1266 1267 1360
f 1182 1527 1181
f 1182 1528 1527
f 1265 1359 1358
f 1265 1266 1359
f 1183 1528 1182
f 1183 1529 1528
f 1540 1541 1542
f 1549 1540 1542
f 1539 1538 1540
f 1539 1540 1549
f 1546 1547 1548
f 1546 1548 1545
f 1543 1548 1549
f 1543 1545 1548
f 1543 1549 1542
f 1544 1545 1543
f 1571 1872 1873
f 1571 1873 1570
f 1651 1652 2044
f 1651 2044 2045
f 1958 1737 1738
f 1959 1737 1958
f 1959 1736 1737
f 1957 1958 1738
f 1957 1738 1739
f 1960 1736 1959
f 1960 1735 1736
f 1956 1957 1739
f 1956 1739 1740
f 1961 1735 1960
f 1961 1734 1735
f 1955 1956 1740
f 1955 1740 1741
f 1962 1734 1961
f 1962 1733 1734
f 1954 1955 1741
f 1954 1741 1742
f 1963 1733 1962
f 1963 1732 1733
f 1953 1954 1742
f 1953 1742 1743
f 1964 1731 1732
f 1964 1732 1963
f 1952 1953 1743
f 1952 1743 1744
f 1965 1730 1731
f 1965 1731 1964
f 1951 1952 1744
f 1951 1744 1745
f 1966 1729 1730
f 1966 1730 1965
f 1950 1951 1745
f 1950 1745 1746
f 1967 1729 1966
f 1967 1728 1729
f 1949 1950 1746
f 1949 1746 1747
f 1968 1728 1967
f 1968 1727 1728
f 1948 1747 1748
f 1948 1949 1747
f 1969 1727 1968
f 1969 1726 1727
f 1572 1871 1872
f 1572 1872 1571
f 1650 1651 2045
f 1947 1948 1748
f 1947 1748 1749
f 1650 2045 2046
f 1573 1870 1871
f 1970 1726 1969
f 1573 1871 1572
f 1970 1725 1726
f 1649 1650 2046
f 1649 2046 2047
f 1574 1870 1573
f 1946 1947 1749
f 1574 1869 1870
f 1946 1749 1750
f 1971 1725 1970
f 1648 1649 2047
f 1648 2047 2048
f 1971 1724 1725
f 1575 1868 1869
f 1575 1869 1574
f 1945 1946 1750
f 1647 1648 2048
f 1945 1750 1751
f 1647 2048 2049
f 1576 1867 1868
f 1972 1724 1971
f 1576 1868 1575
f 1972 1723 1724
f 1646 1647 2049
f 1646 2049 2050
f 1944 1945 1751
f 1577 1866 1867
f 1577 1867 1576
f 1944 1751 1752
f 1645 1646 2050
f 1973 1723 1972
f 1973 1722 1723
f 1645 2050 2051
f 1578 1865 1866
f 1578 1866 1577
f 1943 1752 1753
f 1943 1944 1752
f 1644 1645 2051
f 1644 2051 2052
f 1579 1864 1865
f 1974 1722 1973
f 1579 1865 1578
f 1974 1721 1722
f 1942 1753 1754
f 1643 1644 2052
f 1643 2052 1801
f 1580 1863 1864
f 1580 1864 1579
f 1942 1943 1753
f 1975 1721 1974
f 1642 1643 1801
f 1642 1801 1802
f 1581 1862 1863
f 1581 1863 1580
f 1975 1720 1721
f 1941 1754 1755
f 1641 1802 1803
f 1641 1642 1802
f 1582 1861 1862
f 1582 1862 1581
f 1941 1942 1754
f 1640 1803 1804
f 1976 1720 1975
f 1640 1641 1803
f 1583 1860 1861
f 1583 1861 1582
f 1976 1719 1720
f 1940 1755 1756
f 1639 1804 1805
f 1639 1640 1804
f 1584 1859 1860
f 1584 1860 1583
f 1940 1941 1755
f 1638 1805 1806
f 1638 1639 1805
f 1977 1719 1976
f 1585 1858 1859
f 1585 1859 1584
f 1977 1718 1719
f 1939 1756 1757
f 1637 1638 1806
f 1637 1806 1807
f 1939 1940 1756
f 1586 1857 1858
f 1586 1858 1585
f 1636 1807 1808
f 1978 1718 1977
f 1636 1637 1807
f 1587 1856 1857
f 1587 1857 1586
f 1978 1717 1718
f 1938 1757 1758
f 1635 1808 1809
f 1938 1939 1757
f 1635 1636 1808
f 1588 1855 1856
f 1588 1856 1587
f 1634 1809 1810
f 1979 1717 1978
f 1634 1635 1809
f 1589 1854 1855
f 1589 1855 1588
f 1979 1716 1717
f 1937 1758 1759
f 1633 1634 1810
f 1633 1810 1811
f 1590 1853 1854
f 1590 1854 1589
f 1632 1633 1811
f 1632 1811 1812
f 1937 1938 1758
f 1591 1852 1853
f 1591 1853 1590
f 1631 1812 1813
f 1631 1632 1812
f 1980 1715 1716
f 1980 1716 1979
f 1936 1759 1760
f 1592 1852 1591
f 1592 1851 1852
f 1630 1631 1813
f 1630 1813 1814
f 1593 1851 1592
f 1936 1937 1759
f 1593 1850 1851
f 1629 1630 1814
f 1629 1814 1815
f 1981 1715 1980
f 1594 1850 1593
f 1594 1849 1850
f 1628 1629 1815
f 1981 1714 1715
f 1628 1815 1816
f 1595 1849 1594
f 1935 1760 1761
f 1595 1848 1849
f 1627 1628 1816
f 1627 1816 1817
f 1935 1936 1760
f 1596 1848 1595
f 1596 1847 1848
f 1626 1817 1818
f 1626 1627 1817
f 1597 1847 1596
f 1597 1846 1847
f 1625 1626 1818
f 1625 1818 1819
f 1982 1714 1981
f 1982 1713 1714
f 1598 1846 1597
f 1598 1845 1846
f 1934 1761 1762
f 1624 1819 1820
f 1624 1625 1819
f 1599 1845 1598
f 1934 1935 1761
f 1599 1844 1845
f 1623 1624 1820
f 1623 1820 1821
f 1600 1844 1599
f 1600 1843 1844
f 1622 1623 1821
f 1622 1821 1822
f 1601 1843 1600
f 1983 1713 1982
f 1983 1712 1713
f 1601 1842 1843
f 1621 1622 1822
f 1621 1822 1823
f 1602 1842 1601
f 1933 1762 1763
f 1602 1841 1842
f 1620 1621 1823
f 1620 1823 1824
f 1603 1841 1602
f 1603 1840 1841
f 1619 1824 1825
f 1619 1620 1824
f 1604 1840 1603
f 1604 1839 1840
f 1618 1619 1825
f 1618 1825 1826
f 1933 1934 1762
f 1605 1839 1604
f 1605 1838 1839
f 1617 1826 1827
f 1617 1618 1826
f 1606 1838 1605
f 1984 1712 1983
f 1606 1837 1838
f 1616 1617 1827
f 1616 1827 1828
f 1607 1837 1606
f 1607 1836 1837
f 1615 1616 1828
f 1615 1828 1829
f 1984 1711 1712
f 1608 1835 1836
f 1608 1836 1607
f 1614 1615 1829
f 1614 1829 1830
f 1609 1834 1835
f 1609 1835 1608
f 1613 1614 1830
f 1613 1830 1831
f 1610 1833 1834
f 1932 1763 1764
f 1610 1834 1609
f 1612 1613 1831
f 1612 1831 1832
f 1611 1832 1833
f 1611 1612 1832
f 1611 1833 1610
f 1550 1800 1552
f 1932 1933 1763
f 1985 1711 1984
f 1985 1710 1711
f 1931 1764 1765
f 1931 1932 1764
f 1986 1710 1985
f 1986 1709 1710
f 1930 1765 1766
f 1930 1931 1765
f 1987 1709 1986
f 1987 1708 1709
f 1929 1766 1767
f 1929 1930 1766
f 1988 1708 1987
f 1988 1707 1708
f 1928 1767 1768
f 1928 1929 1767
f 1989 1706 1707
f 1989 1707 1988
f 1927 1768 1769
f 1927 1928 1768
f 1990 1706 1989
f 1990 1705 1706
f 1926 1769 1770
f 1926 1927 1769
f 1991 1704 1705
f 1991 1705 1990
f 1925 1770 1771
f 1925 1926 1770
f 1992 1704 1991
f 1992 1703 1704
f 1924 1771 1772
f 1924 1925 1771
f 1993 1702 1703
f 1993 1703 1992
f 1923 1772 1773
f 1923 1924 1772
f 1994 1702 1993
f 1994 1701 1702
f 1922 1923 1773
f 1922 1773 1774
f 1995 1700 1701
f 1995 1701 1994
f 1921 1922 1774
f 1921 1774 1775
f 1996 1700 1995
f 1996 1699 1700
f 1920 1921 1775
f 1920 1775 1776
f 1997 1698 1699
f 1997 1699 1996
f 1919 1776 1777
f 1919 1920 1776
f 1998 1698 1997
f 1998 1697 1698
f 1918 1777 1778
f 1918 1919 1777
f 1999 1696 1697
f 1999 1697 1998
f 1917 1778 1779
f 1917 1918 1778
f 2000 1696 1999
f 2000 1695 1696
f 1916 1779 1780
f 1916 1917 1779
f 2001 1695 2000
f 2001 1694 1695
f 1915 1916 1780
f 1915 1780 1781
f 2002 1694 2001
f 2002 1693 1694
f 1914 1781 1782
f 1914 1915 1781
f 2003 1692 1693
f 2003 1693 2002
f 1913 1782 1783
f 1913 1914 1782
f 2004 1691 1692
f 2004 1692 2003
f 1912 1783 1784
f 1912 1913 1783
f 2005 1690 1691
f 2005 1691 2004
f 1911 1912 1784
f 1911 1784 1785
f 2006 1689 1690
f 2006 1690 2005
f 1910 1911 1785
f 1910 1785 1786
f 2007 1688 1689
f 2007 1689 2006
f 1909 1786 1787
f 1909 1910 1786
f 2008 1687 1688
f 2008 1688 2007
f 1908 1909 1787
f 1908 1787 1788
f 2009 1686 1687
f 2009 1687 2008
f 1907 1788 1789
f 1907 1908 1788
f 2010 1685 1686
f 2010 1686 2009
f 1906 1907 1789
f 1906 1789 1790
f 2011 1684 1685
f 2011 1685 2010
f 1905 1790 1791
f 1905 1906 1790
f 2012 1683 1684
f 2012 1684 2011
f 1904 1791 1792
f 1904 1905 1791
f 2013 1682 1683
f 2013 1683 2012
f 1903 1792 1793
f 1903 1904 1792
f 2014 1681 1682
f 2014 1682 2013
f 1902 1903 1793
f 1902 1793 1794
f 2015 1680 1681
f 2015 1681 2014
f 1901 1794 1795
f 1901 1902 1794
f 2016 1679 1680
f 2016 1680 2015
f 1900 1795 1796
f 1900 1901 1795
f 2017 1678 1679
f 2017 1679 2016
f 1899 1796 1797
f 1899 1900 1796
f 2018 1677 1678
f 2018 1678 2017
f 1898 1797 1552
f 1898 1899 1797
f 2019 1676 1677
f 2019 1677 2018
f 1897 1898 1552
f 2020 1676 2019
f 1675 1676 2020
f 1896 1897 1552
f 2021 1675 2020
f 1674 1675 2021
f 1895 1896 1552
f 2022 1674 2021
f 1894 1895 1552
f 1673 2022 2023
f 1673 1674 2022
f 1672 1673 2023
f 1672 2023 2024
f 1671 1672 2024
f 1671 2024 2025
f 1670 1671 2025
f 1670 2025 2026
f 1800 1550 1551
f 1553 1894 1552
f 1553 1890 1891
f 1553 1891 1892
f 1553 1892 1893
f 1553 1893 1894
f 1553 1552 1800
f 1669 1670 2026
f 1669 2026 2027
f 1554 1889 1890
f 1554 1890 1553
f 1668 1669 2027
f 1668 2027 2028
f 1555 1889 1554
f 1555 1888 1889
f 1667 1668 2028
f 1667 2028 2029
f 1556 1887 1888
f 1556 1888 1555
f 1666 1667 2029
f 1666 2029 2030
f 1557 1886 1887
f 1557 1887 1556
f 1665 2030 2031
f 1665 1666 2030
f 1558 1885 1886
f 1558 1886 1557
f 1664 2031 2032
f 1664 1665 2031
f 1559 1884 1885
f 1559 1885 1558
f 1663 1664 2032
f 1663 2032 2033
f 1560 1883 1884
f 1560 1884 1559
f 1798 1800 1799
f 1798 1553 1800
f 1662 1663 2033
f 1662 2033 2034
f 1561 1882 1883
f 1561 1883 1560
f 1661 1662 2034
f 1661 2034 2035
f 1562 1881 1882
f 1562 1882 1561
f 1660 1661 2035
f 1660 2035 2036
f 1563 1880 1881
f 1563 1881 1562
f 1659 1660 2036
f 1659 2036 2037
f 1564 1880 1563
f 1564 1879 1880
f 1658 1659 2037
f 1658 2037 2038
f 1565 1878 1879
f 1565 1879 1564
f 1657 1658 2038
f 1657 2038 2039
f 1566 1877 1878
f 1566 1878 1565
f 1656 1657 2039
f 1656 2039 2040
f 1567 1876 1877
f 1567 1877 1566
f 1655 1656 2040
f 1655 2040 2041
f 1568 1875 1876
f 1568 1876 1567
f 1654 1655 2041
f 1654 2041 2042
f 1569 1875 1568
f 1569 1874 1875
f 1653 1654 2042
f 1653 2042 2043
f 1570 1873 1874
f 1570 1874 1569
f 1652 1653 2043
f 1652 2043 2044
f 2053 2056 2055
f 2053 2054 2056
f 2286 2380 2379
f 2286 2287 2380
f 2206 2551 2205
f 2206 2552 2551
f 2465 2119 2120
f 2466 2120 2121
f 2466 2465 2120
f 2464 2118 2119
f 2464 2119 2465
f 2467 2466 2121
f 2467 2121 2122
f 2463 2117 2118
f 2463 2118 2464
f 2468 2122 2123
f 2468 2467 2122
f 2462 2116 2117
f 2462 2117 2463
f 2469 2468 2123
f 2469 2123 2124
f 2461 2115 2116
f 2461 2116 2462
f 2470 2124 2125
f 2470 2469 2124
f 2460 2114 2115
f 2460 2115 2461
f 2471 2470 2125
f 2471 2125 2126
f 2459 2113 2114
f 2459 2114 2460
f 2472 2126 2127
f 2472 2471 2126
f 2458 2112 2113
f 2458 2113 2459
f 2473 2127 2128
f 2473 2472 2127
f 2457 2112 2458
f 2457 2111 2112
f 2474 2128 2129
f 2474 2473 2128
f 2456 2111 2457
f 2456 2110 2111
f 2475 2474 2129
f 2475 2129 2130
f 2455 2110 2456
f 2455 2109 2110
f 2476 2475 2130
f 2476 2130 2131
f 2285 2379 2378
f 2285 2286 2379
f 2207 2552 2206
f 2454 2109 2455
f 2207 2553 2552
f 2454 2108 2109
f 2284 2378 2377
f 2284 2285 2378
f 2477 2476 2131
f 2477 2131 2132
f 2208 2553 2207
f 2453 2108 2454
f 2208 2554 2553
f 2283 2284 2377
f 2453 2107 2108
f 2283 2377 2376
f 2478 2477 2132
f 2478 2132 2133
f 2209 2554 2208
f 2209 2555 2554
f 2282 2283 2376
f 2282 2376 2375
f 2210 2555 2209
f 2452 2106 2107
f 2452 2107 2453
f 2210 2556 2555
f 2281 2282 2375
f 2281 2375 2374
f 2479 2478 2133
f 2479 2133 2134
f 2211 2556 2210
f 2211 2557 2556
f 2451 2105 2106
f 2451 2106 2452
f 2280 2374 2373
f 2280 2281 2374
f 2212 2557 2211
f 2480 2134 2135
f 2212 2558 2557
f 2480 2479 2134
f 2279 2373 2372
f 2279 2280 2373
f 2213 2558 2212
f 2450 2104 2105
f 2450 2105 2451
f 2213 2559 2558
f 2278 2372 2371
f 2278 2279 2372
f 2481 2480 2135
f 2481 2135 2136
f 2449 2104 2450
f 2214 2559 2213
f 2214 2308 2559
f 2277 2371 2370
f 2277 2278 2371
f 2215 2309 2308
f 2215 2308 2214
f 2449 2103 2104
f 2482 2481 2136
f 2482 2136 2137
f 2276 2370 2369
f 2276 2277 2370
f 2448 2103 2449
f 2216 2310 2309
f 2216 2309 2215
f 2448 2102 2103
f 2275 2369 2368
f 2275 2276 2369
f 2217 2311 2310
f 2483 2482 2137
f 2483 2137 2138
f 2217 2310 2216
f 2274 2368 2367
f 2274 2275 2368
f 2447 2102 2448
f 2218 2312 2311
f 2447 2101 2102
f 2218 2311 2217
f 2273 2367 2366
f 2273 2274 2367
f 2219 2313 2312
f 2484 2483 2138
f 2484 2138 2139
f 2219 2312 2218
f 2272 2366 2365
f 2272 2273 2366
f 2220 2314 2313
f 2220 2313 2219
f 2446 2100 2101
f 2446 2101 2447
f 2271 2365 2364
f 2271 2272 2365
f 2221 2314 2220
f 2221 2315 2314
f 2485 2139 2140
f 2485 2484 2139
f 2270 2364 2363
f 2270 2271 2364
f 2222 2316 2315
f 2445 2100 2446
f 2445 2099 2100
f 2222 2315 2221
f 2269 2363 2362
f 2269 2270 2363
f 2223 2317 2316
f 2223 2316 2222
f 2486 2485 2140
f 2486 2140 2141
f 2268 2362 2361
f 2268 2269 2362
f 2224 2318 2317
f 2224 2317 2223
f 2267 2361 2360
f 2267 2268 2361
f 2444 2099 2445
f 2444 2098 2099
f 2225 2318 2224
f 2225 2319 2318
f 2487 2486 2141
f 2266 2360 2359
f 2266 2267 2360
f 2487 2141 2142
f 2226 2320 2319
f 2226 2319 2225
f 2265 2266 2359
f 2265 2359 2358
f 2227 2320 2226
f 2227 2321 2320
f 2443 2098 2444
f 2443 2097 2098
f 2264 2265 2358
f 2264 2358 2357
f 2228 2321 2227
f 2228 2322 2321
f 2263 2264 2357
f 2488 2487 2142
f 2488 2142 2143
f 2263 2357 2356
f 2229 2323 2322
f 2229 2322 2228
f 2262 2263 2356
f 2262 2356 2355
f 2230 2323 2229
f 2230 2324 2323
f 2261 2262 2355
f 2442 2096 2097
f 2442 2097 2443
f 2261 2355 2354
f 2231 2325 2324
f 2231 2324 2230
f 2260 2261 2354
f 2489 2488 2143
f 2489 2143 2144
f 2260 2354 2353
f 2232 2326 2325
f 2232 2325 2231
f 2259 2260 2353
f 2259 2353 2352
f 2233 2326 2232
f 2233 2327 2326
f 2258 2259 2352
f 2258 2352 2351
f 2234 2327 2233
f 2234 2328 2327
f 2441 2095 2096
f 2441 2096 2442
f 2257 2258 2351
f 2257 2351 2350
f 2235 2328 2234
f 2235 2329 2328
f 2256 2257 2350
f 2256 2350 2349
f 2236 2329 2235
f 2490 2489 2144
f 2490 2144 2145
f 2236 2330 2329
f 2255 2256 2349
f 2255 2349 2348
f 2237 2330 2236
f 2237 2331 2330
f 2254 2255 2348
f 2254 2348 2347
f 2238 2331 2237
f 2238 2332 2331
f 2440 2094 2095
f 2440 2095 2441
f 2253 2254 2347
f 2253 2347 2346
f 2239 2332 2238
f 2239 2333 2332
f 2252 2253 2346
f 2252 2346 2345
f 2240 2333 2239
f 2240 2334 2333
f 2251 2252 2345
f 2251 2345 2344
f 2241 2335 2334
f 2491 2490 2145
f 2491 2145 2146
f 2241 2334 2240
f 2250 2251 2344
f 2250 2344 2343
f 2242 2335 2241
f 2242 2336 2335
f 2249 2343 2342
f 2249 2250 2343
f 2243 2337 2336
f 2243 2336 2242
f 2248 2342 2341
f 2248 2249 2342
f 2244 2338 2337
f 2244 2337 2243
f 2247 2341 2340
f 2247 2248 2341
f 2245 2339 2338
f 2245 2338 2244
f 2246 2340 2339
f 2246 2247 2340
f 2246 2339 2245
f 2057 2059 2307
f 2439 2093 2094
f 2439 2094 2440
f 2492 2491 2146
f 2492 2146 2147
f 2438 2092 2093
f 2438 2093 2439
f 2493 2492 2147
f 2493 2147 2148
f 2437 2091 2092
f 2437 2092 2438
f 2494 2493 2148
f 2494 2148 2149
f 2436 2090 2091
f 2436 2091 2437
f 2495 2494 2149
f 2495 2149 2150
f 2435 2089 2090
f 2435 2090 2436
f 2496 2495 2150
f 2496 2150 2151
f 2434 2088 2089
f 2434 2089 2435
f 2497 2496 2151
f 2497 2151 2152
f 2433 2087 2088
f 2433 2088 2434
f 2498 2497 2152
f 2498 2152 2153
f 2432 2087 2433
f 2432 2086 2087
f 2499 2498 2153
f 2499 2153 2154
f 2431 2085 2086
f 2431 2086 2432
f 2500 2499 2154
f 2500 2154 2155
f 2430 2085 2431
f 2430 2084 2085
f 2501 2500 2155
f 2501 2155 2156
f 2429 2084 2430
f 2429 2083 2084
f 2502 2501 2156
f 2502 2156 2157
f 2428 2083 2429
f 2428 2082 2083
f 2503 2157 2158
f 2503 2502 2157
f 2427 2081 2082
f 2427 2082 2428
f 2504 2158 2159
f 2504 2503 2158
f 2426 2080 2081
f 2426 2081 2427
f 2505 2159 2160
f 2505 2504 2159
f 2425 2079 2080
f 2425 2080 2426
f 2506 2505 2160
f 2506 2160 2161
f 2424 2078 2079
f 2424 2079 2425
f 2507 2161 2162
f 2507 2506 2161
f 2423 2077 2078
f 2423 2078 2424
f 2508 2162 2163
f 2508 2507 2162
f 2422 2076 2077
f 2422 2077 2423
f 2509 2163 2164
f 2509 2508 2163
f 2421 2075 2076
f 2421 2076 2422
f 2510 2164 2165
f 2510 2509 2164
f 2420 2074 2075
f 2420 2075 2421
f 2511 2165 2166
f 2511 2510 2165
f 2419 2073 2074
f 2419 2074 2420
f 2512 2166 2167
f 2512 2511 2166
f 2418 2072 2073
f 2418 2073 2419
f 2513 2167 2168
f 2513 2512 2167
f 2417 2071 2072
f 2417 2072 2418
f 2514 2168 2169
f 2514 2513 2168
f 2416 2070 2071
f 2416 2071 2417
f 2515 2169 2170
f 2515 2514 2169
f 2415 2069 2070
f 2415 2070 2416
f 2516 2170 2171
f 2516 2515 2170
f 2414 2068 2069
f 2414 2069 2415
f 2517 2171 2172
f 2517 2516 2171
f 2413 2067 2068
f 2413 2068 2414
f 2518 2172 2173
f 2518 2517 2172
f 2412 2066 2067
f 2412 2067 2413
f 2519 2173 2174
f 2519 2518 2173
f 2411 2065 2066
f 2411 2066 2412
f 2520 2174 2175
f 2520 2519 2174
f 2410 2064 2065
f 2410 2065 2411
f 2521 2175 2176
f 2521 2520 2175
f 2409 2063 2064
f 2409 2064 2410
f 2522 2176 2177
f 2522 2521 2176
f 2408 2062 2063
f 2408 2063 2409
f 2523 2177 2178
f 2523 2522 2177
f 2407 2061 2062
f 2407 2062 2408
f 2524 2178 2179
f 2524 2523 2178
f 2406 2060 2061
f 2406 2061 2407
f 2525 2179 2180
f 2525 2524 2179
f 2405 2059 2060
f 2405 2060 2406
f 2526 2180 2181
f 2526 2525 2180
f 2404 2059 2405
f 2527 2526 2181
f 2182 2527 2181
f 2403 2059 2404
f 2528 2527 2182
f 2183 2528 2182
f 2402 2059 2403
f 2529 2528 2183
f 2401 2059 2402
f 2184 2530 2529
f 2184 2529 2183
f 2185 2530 2184
f 2185 2531 2530
f 2186 2531 2185
f 2186 2532 2531
f 2187 2532 2186
f 2187 2533 2532
f 2307 2058 2057
f 2304 2059 2401
f 2304 2398 2397
f 2304 2399 2398
f 2304 2400 2399
f 2304 2401 2400
f 2304 2307 2059
f 2188 2533 2187
f 2188 2534 2533
f 2303 2397 2396
f 2303 2304 2397
f 2189 2534 2188
f 2189 2535 2534
f 2302 2396 2395
f 2302 2303 2396
f 2190 2535 2189
f 2190 2536 2535
f 2301 2395 2394
f 2301 2302 2395
f 2191 2536 2190
f 2191 2537 2536
f 2300 2301 2394
f 2300 2394 2393
f 2192 2538 2537
f 2192 2537 2191
f 2299 2300 2393
f 2299 2393 2392
f 2193 2539 2538
f 2193 2538 2192
f 2298 2392 2391
f 2298 2299 2392
f 2194 2539 2193
f 2194 2540 2539
f 2297 2298 2391
f 2297 2391 2390
f 2305 2306 2307
f 2305 2307 2304
f 2195 2540 2194
f 2195 2541 2540
f 2296 2390 2389
f 2296 2297 2390
f 2196 2541 2195
f 2196 2542 2541
f 2295 2389 2388
f 2295 2296 2389
f 2197 2542 2196
f 2197 2543 2542
f 2294 2388 2387
f 2294 2295 2388
f 2198 2543 2197
f 2198 2544 2543
f 2293 2387 2386
f 2293 2294 2387
f 2199 2544 2198
f 2199 2545 2544
f 2292 2293 2386
f 2292 2386 2385
f 2200 2545 2199
f 2200 2546 2545
f 2291 2292 2385
f 2291 2385 2384
f 2201 2546 2200
f 2201 2547 2546
f 2290 2384 2383
f 2290 2291 2384
f 2202 2547 2201
f 2202 2548 2547
f 2289 2383 2382
f 2289 2290 2383
f 2203 2548 2202
f 2203 2549 2548
f 2288 2382 2381
f 2288 2289 2382
f 2204 2549 2203
f 2204 2550 2549
f 2287 2381 2380
f 2287 2288 2381
f 2205 2550 2204
f 2205 2551 2550
f 2581 2882 2883
f 2581 2883 2580
f 2661 2662 3054
f 2661 3054 3055
f 2968 2747 2748
f 2969 2747 2968
f 2969 2746 2747
f 2967 2968 2748
f 2967 2748 2749
f 2970 2746 2969
f 2970 2745 2746
f 2966 2967 2749
f 2966 2749 2750
f 2971 2745 2970
f 2971 2744 2745
f 2965 2966 2750
f 2965 2750 2751
f 2972 2744 2971
f 2972 2743 2744
f 2964 2965 2751
f 2964 2751 2752
f 2973 2743 2972
f 2973 2742 2743
f 2963 2964 2752
f 2963 2752 2753
f 2974 2741 2742
f 2974 2742 2973
f 2962 2963 2753
f 2962 2753 2754
f 2975 2740 2741
f 2975 2741 2974
f 2961 2962 2754
f 2961 2754 2755
f 2976 2739 2740
f 2976 2740 2975
f 2960 2961 2755
f 2960 2755 2756
f 2977 2739 2976
f 2977 2738 2739
f 2959 2960 2756
f 2959 2756 2757
f 2978 2738 2977
f 2978 2737 2738
f 2958 2757 2758
f 2958 2959 2757
f 2979 2737 2978
f 2979 2736 2737
f 2582 2881 2882
f 2582 2882 2581
f 2660 2661 3055
f 2957 2958 2758
f 2957 2758 2759
f 2660 3055 3056
f 2583 2880 2881
f 2980 2736 2979
f 2583 2881 2582
f 2980 2735 2736
f 2659 2660 3056
f 2659 3056 3057
f 2584 2880 2583
f 2956 2957 2759
f 2584 2879 2880
f 2956 2759 2760
f 2981 2735 2980
f 2658 2659 3057
f 2658 3057 3058
f 2981 2734 2735
f 2585 2878 2879
f 2585 2879 2584
f 2955 2956 2760
f 2657 2658 3058
f 2955 2760 2761
f 2657 3058 3059
f 2586 2877 2878
f 2982 2734 2981
f 2586 2878 2585
f 2982 2733 2734
f 2656 2657 3059
f 2656 3059 3060
f 2954 2955 2761
f 2587 2876 2877
f 2587 2877 2586
f 2954 2761 2762
f 2655 2656 3060
f 2983 2733 2982
f 2983 2732 2733
f 2655 3060 3061
f 2588 2875 2876
f 2588 2876 2587
f 2953 2762 2763
f 2953 2954 2762
f 2654 2655 3061
f 2654 3061 3062
f 2589 2874 2875
f 2984 2732 2983
f 2589 2875 2588
f 2984 2731 2732
f 2952 2763 2764
f 2653 2654 3062
f 2653 3062 2811
f 2590 2873 2874
f 2590 2874 2589
f 2952 2953 2763
f 2985 2731 2984
f 2652 2653 2811
f 2652 2811 2812
f 2591 2872 2873
f 2591 2873 2590
f 2985 2730 2731
f 2951 2764 2765
f 2651 2812 2813
f 2651 2652 2812
f 2592 2871 2872
f 2592 2872 2591
f 2951 2952 2764
f 2650 2813 2814
f 2986 2730 2985
f 2650 2651 2813
f 2593 2870 2871
f 2593 2871 2592
f 2986 2729 2730
f 2950 2765 2766
f 2649 2814 2815
f 2649 2650 2814
f 2594 2869 2870
f 2594 2870 2593
f 2950 2951 2765
f 2648 2815 2816
f 2648 2649 2815
f 2987 2729 2986
f 2595 2868 2869
f 2595 2869 2594
f 2987 2728 2729
f 2949 2766 2767
f 2647 2648 2816
f 2647 2816 2817
f 2949 2950 2766
f 2596 2867 2868
f 2596 2868 2595
f 2646 2817 2818
f 2988 2728 2987
f 2646 2647 2817
f 2597 2866 2867
f 2597 2867 2596
f 2988 2727 2728
f 2948 2767 2768
f 2645 2818 2819
f 2948 2949 2767
f 2645 2646 2818
f 2598 2865 2866
f 2598 2866 2597
f 2644 2819 2820
f 2989 2727 2988
f 2644 2645 2819
f 2599 2864 2865
f 2599 2865 2598
f 2989 2726 2727
f 2947 2768 2769
f 2643 2644 2820
f 2643 2820 2821
f 2600 2863 2864
f 2600 2864 2599
f 2642 2643 2821
f 2642 2821 2822
f 2947 2948 2768
f 2601 2862 2863
f 2601 2863 2600
f 2641 2822 2823
f 2641 2642 2822
f 2990 2725 2726
f 2990 2726 2989
f 2946 2769 2770
f 2602 2862 2601
f 2602 2861 2862
f 2640 2641 2823
f 2640 2823 2824
f 2603 2861 2602
f 2946 2947 2769
f 2603 2860 2861
f 2639 2640 2824
f 2639 2824 2825
f 2991 2725 2990
f 2604 2860 2603
f 2604 2859 2860
f 2638 2639 2825
f 2991 2724 2725
f 2638 2825 2826
f 2605 2859 2604
f 2945 2770 2771
f 2605 2858 2859
f 2637 2638 2826
f 2637 2826 2827
f 2945 2946 2770
f 2606 2858 2605
f 2606 2857 2858
f 2636 2827 2828
f 2636 2637 2827
f 2607 2857 2606
f 2607 2856 2857
f 2635 2636 2828
f 2635 2828 2829
f 2992 2724 2991
f 2992 2723 2724
f 2608 2856 2607
f 2608 2855 2856
f 2944 2771 2772
f 2634 2829 2830
f 2634 2635 2829
f 2609 2855 2608
f 2944 2945 2771
f 2609 2854 2855
f 2633 2634 2830
f 2633 2830 2831
f 2610 2854 2609
f 2610 2853 2854
f 2632 2633 2831
f 2632 2831 2832
f 2611 2853 2610
f 2993 2723 2992
f 2993 2722 2723
f 2611 2852 2853
f 2631 2632 2832
f 2631 2832 2833
f 2612 2852 2611
f 2943 2772 2773
f 2612 2851 2852
f 2630 2631 2833
f 2630 2833 2834
f 2613 2851 2612
f 2613 2850 2851
f 2629 2834 2835
f 2629 2630 2834
f 2614 2850 2613
f 2614 2849 2850
f 2628 2629 2835
f 2628 2835 2836
f 2943 2944 2772
f 2615 2849 2614
f 2615 2848 2849
f 2627 2836 2837
f 2627 2628 2836
f 2616 2848 2615
f 2994 2722 2993
f 2616 2847 2848
f 2626 2627 2837
f 2626 2837 2838
f 2617 2847 2616
f 2617 2846 2847
f 2625 2626 2838
f 2625 2838 2839
f 2994 2721 2722
f 2618 2845 2846
f 2618 2846 2617
f 2624 2625 2839
f 2624 2839 2840
f 2619 2844 2845
f 2619 2845 2618
f 2623 2624 2840
f 2623 2840 2841
f 2620 2843 2844
f 2942 2773 2774
f 2620 2844 2619
f 2622 2623 2841
f 2622 2841 2842
f 2621 2842 2843
f 2621 2622 2842
f 2621 2843 2620
f 2560 2810 2562
f 2942 2943 2773
f 2995 2721 2994
f 2995 2720 2721
f 2941 2774 2775
f 2941 2942 2774
f 2996 2720 2995
f 2996 2719 2720
f 2940 2775 2776
f 2940 2941 2775
f 2997 2719 2996
f 2997 2718 2719
f 2939 2776 2777
f 2939 2940 2776
f 2998 2718 2997
f 2998 2717 2718
f 2938 2777 2778
f 2938 2939 2777
f 2999 2716 2717
f 2999 2717 2998
f 2937 2778 2779
f 2937 2938 2778
f 3000 2716 2999
f 3000 2715 2716
f 2936 2779 2780
f 2936 2937 2779
f 3001 2714 2715
f 3001 2715 3000
f 2935 2780 2781
f 2935 2936 2780
f 3002 2714 3001
f 3002 2713 2714
f 2934 2781 2782
f 2934 2935 2781
f 3003 2712 2713
f 3003 2713 3002
f 2933 2782 2783
f 2933 2934 2782
f 3004 2712 3003
f 3004 2711 2712
f 2932 2933 2783
f 2932 2783 2784
f 3005 2710 2711
f 3005 2711 3004
f 2931 2932 2784
f 2931 2784 2785
f 3006 2710 3005
f 3006 2709 2710
f 2930 2931 2785
f 2930 2785 2786
f 3007 2708 2709
f 3007 2709 3006
f 2929 2786 2787
f 2929 2930 2786
f 3008 2708 3007
f 3008 2707 2708
f 2928 2787 2788
f 2928 2929 2787
f 3009 2706 2707
f 3009 2707 3008
f 2927 2788 2789
f 2927 2928 2788
f 3010 2706 3009
f 3010 2705 2706
f 2926 2789 2790
f 2926 2927 2789
f 3011 2705 3010
f 3011 2704 2705
f 2925 2926 2790
f 2925 2790 2791
f 3012 2704 3011
f 3012 2703 2704
f 2924 2791 2792
f 2924 2925 2791
f 3013 2702 2703
f 3013 2703 3012
f 2923 2792 2793
f 2923 2924 2792
f 3014 2701 2702
f 3014 2702 3013
f 2922 2793 2794
f 2922 2923 2793
f 3015 2700 2701
f 3015 2701 3014
f 2921 2922 2794
f 2921 2794 2795
f 3016 2699 2700
f 3016 2700 3015
f 2920 2921 2795
f 2920 2795 2796
f 3017 2698 2699
f 3017 2699 3016
f 2919 2796 2797
f 2919 2920 2796
f 3018 2697 2698
f 3018 2698 3017
f 2918 2919 2797
f 2918 2797 2798
f 3019 2696 2697
f 3019 2697 3018
f 2917 2798 2799
f 2917 2918 2798
f 3020 2695 2696
f 3020 2696 3019
f 2916 2917 2799
f 2916 2799 2800
f 3021 2694 2695
f 3021 2695 3020
f 2915 2800 2801
f 2915 2916 2800
f 3022 2693 2694
f 3022 2694 3021
f 2914 2801 2802
f 2914 2915 2801
f 3023 2692 2693
f 3023 2693 3022
f 2913 2802 2803
f 2913 2914 2802
f 3024 2691 2692
f 3024 2692 3023
f 2912 2913 2803
f 2912 2803 2804
f 3025 2690 2691
f 3025 2691 3024
f 2911 2804 2805
f 2911 2912 2804
f 3026 2689 2690
f 3026 2690 3025
f 2910 2805 2806
f 2910 2911 2805
f 3027 2688 2689
f 3027 2689 3026
f 2909 2806 2807
f 2909 2910 2806
f 3028 2687 2688
f 3028 2688 3027
f 2908 2807 2562
f 2908 2909 2807
f 3029 2686 2687
f 3029 2687 3028
f 2907 2908 2562
f 3030 2686 3029
f 2685 2686 3030
f 2906 2907 2562
f 3031 2685 3030
f 2684 2685 3031
f 2905 2906 2562
f 3032 2684 3031
f 2904 2905 2562
f 2683 3032 3033
f 2683 2684 3032
f 2682 2683 3033
f 2682 3033 3034
f 2681 2682 3034
f 2681 3034 3035
f 2680 2681 3035
f 2680 3035 3036
f 2810 2560 2561
f 2563 2904 2562
f 2563 2900 2901
f 2563 2901 2902
f 2563 2902 2903
f 2563 2903 2904
f 2563 2562 2810
f 2679 2680 3036
f 2679 3036 3037
f 2564 2899 2900
f 2564 2900 2563
f 2678 2679 3037
f 2678 3037 3038
f 2565 2899 2564
f 2565 2898 2899
f 2677 2678 3038
f 2677 3038 3039
f 2566 2897 2898
f 2566 2898 2565
f 2676 2677 3039
f 2676 3039 3040
f 2567 2896 2897
f 2567 2897 2566
f 2675 3040 3041
f 2675 2676 3040
f 2568 2895 2896
f 2568 2896 2567
f 2674 3041 3042
f 2674 2675 3041
f 2569 2894 2895
f 2569 2895 2568
f 2673 2674 3042
f 2673 3042 3043
f 2570 2893 2894
f 2570 2894 2569
f 2808 2810 2809
f 2808 2563 2810
f 2672 2673 3043
f 2672 3043 3044
f 2571 2892 2893
f 2571 2893 2570
f 2671 2672 3044
f 2671 3044 3045
f 2572 2891 2892
f 2572 2892 2571
f 2670 2671 3045
f 2670 3045 3046
f 2573 2890 2891
f 2573 2891 2572
f 2669 2670 3046
f 2669 3046 3047
f 2574 2890 2573
f 2574 2889 2890
f 2668 2669 3047
f 2668 3047 3048
f 2575 2888 2889
f 2575 2889 2574
f 2667 2668 3048
f 2667 3048 3049
f 2576 2887 2888
f 2576 2888 2575
f 2666 2667 3049
f 2666 3049 3050
f 2577 2886 2887
f 2577 2887 2576
f 2665 2666 3050
f 2665 3050 3051
f 2578 2885 2886
f 2578 2886 2577
f 2664 2665 3051
f 2664 3051 3052
f 2579 2885 2578
f 2579 2884 2885
f 2663 2664 3052
f 2663 3052 3053
f 2580 2883 2884
f 2580 2884 2579
f 2662 2663 3053
f 2662 3053 3054
f 3063 3066 3065
f 3063 3064 3066
f 3070 3067 3068
f 3070 3069 3067
f 3562 3072 3071
f 3561 3073 3072
f 3561 3072 3562
f 3560 3074 3073
f 3560 3073 3561
f 3559 3074 3560
f 3559 3075 3074
f 3558 3076 3075
f 3558 3075 3559
f 3557 3077 3076
f 3557 3076 3558
f 3556 3078 3077
f 3556 3077 3557
f 3555 3079 3078
f 3555 3078 3556
f 3554 3080 3079
f 3554 3079 3555
f 3553 3081 3080
f 3553 3080 3554
f 3552 3082 3081
f 3552 3081 3553
f 3551 3083 3082
f 3551 3082 3552
f 3550 3084 3083
f 3550 3083 3551
f 3549 3085 3084
f 3549 3084 3550
f 3548 3086 3085
f 3548 3085 3549
f 3547 3087 3086
f 3547 3086 3548
f 3546 3088 3087
f 3546 3087 3547
f 3545 3089 3088
f 3545 3088 3546
f 3544 3090 3089
f 3544 3089 3545
f 3543 3091 3090
f 3543 3090 3544
f 3542 3092 3091
f 3542 3091 3543
f 3541 3093 3092
f 3541 3092 3542
f 3540 3094 3093
f 3540 3093 3541
f 3539 3095 3094
f 3539 3094 3540
f 3538 3096 3095
f 3538 3095 3539
f 3537 3097 3096
f 3537 3096 3538
f 3536 3098 3097
f 3536 3097 3537
f 3535 3099 3098
f 3535 3098 3536
f 3534 3099 3535
f 3534 3100 3099
f 3533 3100 3534
f 3533 3101 3100
f 3532 3101 3533
f 3532 3102 3101
f 3531 3102 3532
f 3531 3103 3102
f 3530 3103 3531
f 3530 3104 3103
f 3529 3104 3530
f 3529 3105 3104
f 3528 3105 3529
f 3528 3106 3105
f 3527 3106 3528
f 3527 3107 3106
f 3526 3108 3107
f 3526 3107 3527
f 3525 3109 3108
f 3525 3108 3526
f 3524 3110 3109
f 3524 3109 3525
f 3523 3111 3110
f 3523 3110 3524
f 3522 3112 3111
f 3522 3111 3523
f 3521 3113 3112
f 3521 3112 3522
f 3520 3114 3113
f 3520 3113 3521
f 3519 3115 3114
f 3519 3114 3520
f 3518 3116 3115
f 3518 3115 3519
f 3517 3117 3116
f 3517 3116 3518
f 3516 3117 3517
f 3515 3118 3117
f 3515 3119 3118
f 3515 3117 3516
f 3514 3120 3119
f 3514 3119 3515
f 3513 3120 3514
f 3512 3121 3120
f 3512 3122 3121
f 3512 3120 3513
f 3511 3122 3512
f 3510 3123 3122
f 3510 3124 3123
f 3510 3122 3511
f 3509 3124 3510
f 3509 3125 3124
f 3508 3125 3509
f 3507 3125 3508
f 3507 3126 3125
f 3507 3127 3126
f 3506 3127 3507
f 3505 3127 3506
f 3505 3128 3127
f 3504 3128 3505
f 3504 3129 3128
f 3504 3130 3129
f 3503 3130 3504
f 3502 3130 3503
f 3502 3131 3130
f 3501 3131 3502
f 3501 3132 3131
f 3500 3132 3501
f 3500 3133 3132
f 3499 3133 3500
f 3499 3134 3133
f 3498 3134 3499
f 3498 3135 3134
f 3498 3136 3135
f 3497 3136 3498
f 3496 3136 3497
f 3496 3137 3136
f 3496 3138 3137
f 3495 3138 3496
f 3494 3138 3495
f 3494 3139 3138
f 3493 3139 3494
f 3493 3140 3139
f 3492 3141 3140
f 3492 3140 3493
f 3491 3142 3141
f 3491 3141 3492
f 3490 3143 3142
f 3490 3142 3491
f 3489 3144 3143
f 3489 3143 3490
f 3488 3145 3144
f 3488 3144 3489
f 3487 3146 3145
f 3487 3145 3488
f 3486 3147 3146
f 3486 3146 3487
f 3485 3148 3147
f 3485 3147 3486
f 3484 3149 3148
f 3484 3148 3485
f 3483 3149 3484
f 3483 3150 3149
f 3482 3150 3483
f 3482 3151 3150
f 3481 3151 3482
f 3481 3152 3151
f 3480 3152 3481
f 3480 3153 3152
f 3479 3153 3480
f 3479 3154 3153
f 3478 3154 3479
f 3478 3155 3154
f 3477 3155 3478
f 3477 3156 3155
f 3476 3156 3477
f 3476 3157 3156
f 3475 3157 3476
f 3475 3158 3157
f 3475 3159 3158
f 3474 3159 3475
f 3473 3159 3474
f 3473 3160 3159
f 3472 3160 3473
f 3472 3161 3160
f 3471 3161 3472
f 3471 3162 3161
f 3470 3162 3471
f 3470 3163 3162
f 3469 3163 3470
f 3469 3164 3163
f 3468 3164 3469
f 3468 3165 3164
f 3467 3165 3468
f 3467 3166 3165
f 3466 3166 3467
f 3466 3167 3166
f 3465 3167 3466
f 3465 3168 3167
f 3464 3168 3465
f 3464 3169 3168
f 3463 3169 3464
f 3463 3170 3169
f 3462 3170 3463
f 3462 3171 3170
f 3461 3172 3171
f 3461 3171 3462
f 3460 3173 3172
f 3460 3174 3173
f 3460 3172 3461
f 3459 3174 3460
f 3458 3174 3459
f 3458 3175 3174
f 3457 3176 3175
f 3457 3175 3458
f 3456 3177 3176
f 3456 3176 3457
f 3455 3178 3177
f 3455 3179 3178
f 3455 3177 3456
f 3454 3179 3455
f 3453 3180 3179
f 3453 3179 3454
f 3452 3181 3180
f 3452 3180 3453
f 3451 3182 3181
f 3451 3181 3452
f 3450 3183 3182
f 3450 3182 3451
f 3449 3184 3183
f 3449 3183 3450
f 3448 3185 3184
f 3448 3184 3449
f 3447 3186 3185
f 3447 3185 3448
f 3446 3187 3186
f 3446 3186 3447
f 3445 3188 3187
f 3445 3187 3446
f 3444 3189 3188
f 3444 3188 3445
f 3443 3190 3189
f 3443 3189 3444
f 3442 3191 3190
f 3442 3190 3443
f 3441 3192 3191
f 3441 3191 3442
f 3440 3193 3192
f 3440 3192 3441
f 3439 3194 3193
f 3439 3193 3440
f 3438 3195 3194
f 3438 3194 3439
f 3437 3196 3195
f 3437 3195 3438
f 3436 3197 3196
f 3436 3196 3437
f 3435 3198 3197
f 3435 3197 3436
f 3434 3199 3198
f 3434 3198 3435
f 3433 3199 3434
f 3433 3200 3199
f 3432 3200 3433
f 3432 3201 3200
f 3431 3201 3432
f 3431 3202 3201
f 3430 3202 3431
f 3430 3203 3202
f 3429 3203 3430
f 3429 3204 3203
f 3429 3205 3204
f 3428 3205 3429
f 3427 3205 3428
f 3427 3206 3205
f 3426 3206 3427
f 3426 3207 3206
f 3425 3208 3207
f 3425 3207 3426
f 3424 3209 3208
f 3424 3208 3425
f 3423 3210 3209
f 3423 3209 3424
f 3422 3211 3210
f 3422 3210 3423
f 3421 3212 3211
f 3421 3211 3422
f 3420 3213 3212
f 3420 3212 3421
f 3419 3214 3213
f 3419 3213 3420
f 3418 3215 3214
f 3418 3214 3419
f 3417 3216 3215
f 3417 3217 3216
f 3417 3215 3418
f 3416 3217 3417
f 3415 3218 3217
f 3415 3217 3416
f 3414 3219 3218
f 3414 3220 3219
f 3414 3218 3415
f 3413 3220 3414
f 3412 3221 3220
f 3412 3220 3413
f 3411 3222 3221
f 3411 3221 3412
f 3410 3223 3222
f 3410 3222 3411
f 3409 3223 3410
f 3409 3224 3223
f 3408 3224 3409
f 3408 3225 3224
f 3407 3225 3408
f 3407 3226 3225
f 3406 3226 3407
f 3406 3227 3226
f 3405 3227 3406
f 3405 3228 3227
f 3405 3229 3228
f 3404 3229 3405
f 3403 3229 3404
f 3403 3230 3229
f 3402 3230 3403
f 3402 3231 3230
f 3401 3231 3402
f 3401 3232 3231
f 3400 3232 3401
f 3400 3233 3232
f 3399 3233 3400
f 3399 3234 3233
f 3398 3234 3399
f 3398 3235 3234
f 3397 3235 3398
f 3397 3236 3235
f 3397 3237 3236
f 3396 3237 3397
f 3395 3237 3396
f 3395 3238 3237
f 3394 3238 3395
f 3394 3239 3238
f 3394 3240 3239
f 3393 3240 3394
f 3392 3240 3393
f 3392 3241 3240
f 3391 3242 3241
f 3391 3243 3242
f 3391 3241 3392
f 3390 3244 3243
f 3390 3243 3391
f 3389 3244 3390
f 3388 3245 3244
f 3388 3244 3389
f 3387 3246 3245
f 3387 3245 3388
f 3386 3247 3246
f 3386 3246 3387
f 3385 3248 3247
f 3385 3247 3386
f 3384 3249 3248
f 3384 3248 3385
f 3383 3249 3384
f 3383 3250 3249
f 3383 3251 3250
f 3382 3251 3383
f 3381 3252 3251
f 3381 3253 3252
f 3381 3251 3382
f 3380 3253 3381
f 3379 3253 3380
f 3379 3254 3253
f 3379 3255 3254
f 3378 3255 3379
f 3378 3256 3255
f 3377 3256 3378
f 3377 3257 3256
f 3376 3257 3377
f 3376 3258 3257
f 3375 3258 3376
f 3374 3258 3375
f 3374 3259 3258
f 3373 3259 3374
f 3373 3260 3259
f 3372 3260 3373
f 3372 3261 3260
f 3372 3262 3261
f 3371 3262 3372
f 3370 3262 3371
f 3370 3263 3262
f 3370 3264 3263
f 3369 3264 3370
f 3368 3264 3369
f 3368 3265 3264
f 3367 3265 3368
f 3367 3266 3265
f 3367 3267 3266
f 3366 3267 3367
f 3365 3267 3366
f 3365 3268 3267
f 3365 3269 3268
f 3364 3269 3365
f 3363 3269 3364
f 3363 3270 3269
f 3362 3270 3363
f 3362 3271 3270
f 3362 3272 3271
f 3361 3273 3272
f 3361 3272 3362
f 3360 3274 3273
f 3360 3273 3361
f 3359 3274 3360
f 3358 3275 3274
f 3358 3274 3359
f 3357 3276 3275
f 3357 3275 3358
f 3357 3277 3276
f 3356 3277 3357
f 3355 3278 3277
f 3355 3277 3356
f 3354 3279 3278
f 3354 3278 3355
f 3353 3280 3279
f 3353 3279 3354
f 3352 3281 3280
f 3352 3282 3281
f 3352 3280 3353
f 3351 3282 3352
f 3350 3283 3282
f 3350 3282 3351
f 3349 3284 3283
f 3349 3283 3350
f 3348 3285 3284
f 3348 3284 3349
f 3347 3286 3285
f 3347 3287 3286
f 3347 3285 3348
f 3346 3288 3287
f 3346 3287 3347
f 3345 3288 3346
f 3344 3289 3288
f 3344 3288 3345
f 3343 3290 3289
f 3343 3289 3344
f 3342 3291 3290
f 3342 3292 3291
f 3342 3290 3343
f 3341 3292 3342
f 3340 3293 3292
f 3340 3294 3293
f 3340 3292 3341
f 3339 3294 3340
f 3338 3295 3294
f 3338 3296 3295
f 3338 3294 3339
f 3337 3297 3296
f 3337 3296 3338
f 3336 3297 3337
f 3335 3298 3297
f 3335 3299 3298
f 3335 3297 3336
f 3334 3300 3299
f 3334 3299 3335
f 3333 3300 3334
f 3332 3301 3300
f 3332 3302 3301
f 3332 3300 3333
f 3331 3302 3332
f 3330 3302 3331
f 3330 3303 3302
f 3329 3303 3330
f 3329 3304 3303
f 3328 3304 3329
f 3328 3305 3304
f 3328 3306 3305
f 3327 3306 3328
f 3327 3307 3306
f 3326 3307 3327
f 3325 3307 3326
f 3325 3308 3307
f 3325 3309 3308
f 3324 3309 3325
f 3323 3310 3309
f 3323 3309 3324
f 3322 3311 3310
f 3322 3312 3311
f 3322 3310 3323
f 3321 3312 3322
f 3320 3313 3312
f 3320 3314 3313
f 3320 3312 3321
f 3319 3315 3314
f 3319 3314 3320
f 3318 3315 3319
f 3317 3316 3315
f 3317 3315 3318
f 3563 3565 3566
f 3563 3566 3564
f 3570 3568 3567
f 3570 3567 3569
f 3826 3571 3572
f 3826 3572 3573
f 3827 3573 3574
f 3827 3826 3573
f 3828 3574 3575
f 3828 3827 3574
f 3829 3575 3576
f 3829 3828 3575
f 3830 3576 3577
f 3830 3829 3576
f 3831 3577 3578
f 3831 3830 3577
f 3832 3578 3579
f 3832 3831 3578
f 3833 3579 3580
f 3833 3832 3579
f 3834 3580 3581
f 3834 3833 3580
f 3835 3581 3582
f 3835 3834 3581
f 3836 3582 3583
f 3836 3835 3582
f 3837 3583 3584
f 3837 3836 3583
f 3838 3584 3585
f 3838 3837 3584
f 3839 3585 3586
f 3839 3838 3585
f 3840 3586 3587
f 3840 3839 3586
f 3841 3587 3588
f 3841 3840 3587
f 3842 3588 3589
f 3842 3841 3588
f 3843 3589 3590
f 3843 3842 3589
f 3844 3590 3591
f 3844 3843 3590
f 3845 3591 3592
f 3845 3844 3591
f 3846 3592 3593
f 3846 3845 3592
f 3847 3593 3594
f 3847 3846 3593
f 3848 3594 3595
f 3848 3847 3594
f 3849 3848 3595
f 3849 3595 3596
f 3850 3849 3596
f 3850 3596 3597
f 3851 3850 3597
f 3851 3597 3598
f 3852 3851 3598
f 3852 3598 3599
f 3853 3852 3599
f 3853 3599 3600
f 3854 3853 3600
f 3854 3600 3601
f 3855 3854 3601
f 3855 3601 3602
f 3856 3855 3602
f 3856 3602 3603
f 3857 3856 3603
f 3857 3603 3604
f 3858 3604 3605
f 3858 3857 3604
f 3859 3605 3606
f 3859 3858 3605
f 3860 3606 3607
f 3860 3859 3606
f 3861 3607 3608
f 3861 3860 3607
f 3862 3608 3609
f 3862 3861 3608
f 3863 3609 3610
f 3863 3862 3609
f 3864 3610 3611
f 3864 3863 3610
f 3865 3611 3612
f 3865 3864 3611
f 3866 3612 3613
f 3866 3865 3612
f 3867 3613 3614
f 3867 3866 3613
f 3868 3614 3615
f 3868 3867 3614
f 3869 3615 3616
f 3869 3868 3615
f 3870 3616 3617
f 3870 3869 3616
f 3871 3617 3618
f 3871 3870 3617
f 3872 3618 3619
f 3872 3871 3618
f 3873 3619 3620
f 3873 3872 3619
f 3874 3873 3620
f 3874 3620 3621
f 3875 3874 3621
f 3875 3621 3622
f 3876 3875 3622
f 3876 3622 3623
f 3877 3876 3623
f 3877 3623 3624
f 3878 3877 3624
f 3878 3624 3625
f 3879 3878 3625
f 3879 3625 3626
f 3880 3879 3626
f 3880 3626 3627
f 3881 3880 3627
f 3881 3627 3628
f 3882 3881 3628
f 3882 3628 3629
f 3883 3882 3629
f 3883 3629 3630
f 3884 3883 3630
f 3884 3630 3631
f 3885 3884 3631
f 3885 3631 3632
f 3886 3885 3632
f 3886 3632 3633
f 3887 3886 3633
f 3887 3633 3634
f 3888 3887 3634
f 3888 3634 3635
f 3889 3888 3635
f 3889 3635 3636
f 3890 3636 3637
f 3890 3889 3636
f 3891 3637 3638
f 3891 3890 3637
f 3892 3638 3639
f 3892 3891 3638
f 3893 3639 3640
f 3893 3892 3639
f 3894 3640 3641
f 3894 3893 3640
f 3895 3641 3642
f 3895 3894 3641
f 3896 3642 3643
f 3896 3895 3642
f 3897 3643 3644
f 3897 3896 3643
f 3898 3644 3645
f 3898 3897 3644
f 3899 3645 3646
f 3899 3898 3645
f 3900 3899 3646
f 3900 3646 3647
f 3901 3900 3647
f 3901 3647 3648
f 3902 3901 3648
f 3902 3648 3649
f 3903 3902 3649
f 3903 3649 3650
f 3904 3903 3650
f 3904 3650 3651
f 3905 3904 3651
f 3905 3651 3652
f 3906 3905 3652
f 3906 3652 3653
f 3907 3906 3653
f 3907 3653 3654
f 3908 3907 3654
f 3908 3654 3655
f 3909 3908 3655
f 3909 3655 3656
f 3910 3909 3656
f 3910 3656 3657
f 3911 3910 3657
f 3911 3657 3658
f 3911 3658 3659
f 3912 3911 3659
f 3913 3912 3659
f 3913 3659 3660
f 3914 3913 3660
f 3914 3660 3661
f 3915 3914 3661
f 3915 3661 3662
f 3916 3915 3662
f 3916 3662 3663
f 3916 3663 3664
f 3917 3916 3664
f 3918 3917 3664
f 3918 3664 3665
f 3919 3918 3665
f 3919 3665 3666
f 3920 3919 3666
f 3920 3666 3667
f 3921 3920 3667
f 3921 3667 3668
f 3922 3921 3668
f 3922 3668 3669
f 3922 3669 3670
f 3923 3922 3670
f 3924 3923 3670
f 3924 3670 3671
f 3925 3671 3672
f 3925 3924 3671
f 3926 3672 3673
f 3926 3925 3672
f 3927 3673 3674
f 3927 3926 3673
f 3928 3674 3675
f 3928 3927 3674
f 3929 3675 3676
f 3929 3676 3677
f 3929 3928 3675
f 3930 3929 3677
f 3931 3677 3678
f 3931 3930 3677
f 3932 3678 3679
f 3932 3931 3678
f 3933 3679 3680
f 3933 3932 3679
f 3934 3680 3681
f 3934 3933 3680
f 3935 3681 3682
f 3935 3934 3681
f 3936 3682 3683
f 3936 3935 3682
f 3937 3683 3684
f 3937 3936 3683
f 3938 3684 3685
f 3938 3937 3684
f 3939 3685 3686
f 3939 3938 3685
f 3940 3686 3687
f 3940 3939 3686
f 3941 3687 3688
f 3941 3940 3687
f 3942 3688 3689
f 3942 3941 3688
f 3943 3689 3690
f 3943 3942 3689
f 3944 3690 3691
f 3944 3691 3692
f 3944 3943 3690
f 3945 3944 3692
f 3946 3692 3693
f 3946 3945 3692
f 3947 3693 3694
f 3947 3946 3693
f 3948 3694 3695
f 3948 3947 3694
f 3949 3695 3696
f 3949 3948 3695
f 3950 3696 3697
f 3950 3949 3696
f 3951 3950 3697
f 3951 3697 3698
f 3952 3951 3698
f 3952 3698 3699
f 3952 3699 3700
f 3953 3952 3700
f 3954 3953 3700
f 3954 3700 3701
f 3955 3954 3701
f 3955 3701 3702
f 3955 3702 3703
f 3956 3955 3703
f 3957 3956 3703
f 3957 3703 3704
f 3957 3704 3705
f 3958 3957 3705
f 3959 3705 3706
f 3959 3958 3705
f 3960 3706 3707
f 3960 3959 3706
f 3961 3707 3708
f 3961 3708 3709
f 3961 3960 3707
f 3962 3709 3710
f 3962 3961 3709
f 3963 3962 3710
f 3964 3710 3711
f 3964 3963 3710
f 3965 3711 3712
f 3965 3964 3711
f 3966 3712 3713
f 3966 3713 3714
f 3966 3965 3712
f 3967 3966 3714
f 3968 3714 3715
f 3968 3967 3714
f 3969 3715 3716
f 3969 3968 3715
f 3970 3716 3717
f 3970 3969 3716
f 3971 3717 3718
f 3971 3718 3719
f 3971 3970 3717
f 3972 3971 3719
f 3973 3719 3720
f 3973 3972 3719
f 3974 3720 3721
f 3974 3721 3722
f 3974 3973 3720
f 3975 3974 3722
f 3975 3722 3723
f 3976 3975 3723
f 3977 3976 3723
f 3977 3723 3724
f 3978 3977 3724
f 3978 3724 3725
f 3979 3978 3725
f 3979 3725 3726
f 3980 3979 3726
f 3980 3726 3727
f 3981 3980 3727
f 3981 3727 3728
f 3982 3981 3728
f 3982 3728 3729
f 3982 3729 3730
f 3983 3982 3730
f 3984 3983 3730
f 3984 3730 3731
f 3984 3731 3732
f 3985 3984 3732
f 3986 3985 3732
f 3986 3732 3733
f 3987 3986 3733
f 3987 3733 3734
f 3987 3734 3735
f 3988 3987 3735
f 3989 3988 3735
f 3989 3735 3736
f 3989 3736 3737
f 3990 3989 3737
f 3990 3737 3738
f 3991 3990 3738
f 3992 3991 3738
f 3992 3738 3739
f 3992 3739 3740
f 3993 3992 3740
f 3994 3740 3741
f 3994 3993 3740
f 3995 3741 3742
f 3995 3994 3741
f 3996 3742 3743
f 3996 3995 3742
f 3997 3743 3744
f 3997 3996 3743
f 3998 3744 3745
f 3998 3997 3744
f 3999 3745 3746
f 3999 3746 3747
f 3999 3998 3745
f 4000 3999 3747
f 4001 4000 3747
f 4001 3747 3748
f 4001 3748 3749
f 4002 4001 3749
f 4003 4002 3749
f 4003 3749 3750
f 4004 4003 3750
f 4004 3750 3751
f 4004 3751 3752
f 4005 4004 3752
f 4006 4005 3752
f 4006 3752 3753
f 4007 4006 3753
f 4007 3753 3754
f 4007 3754 3755
f 4008 4007 3755
f 4009 4008 3755
f 4009 3755 3756
f 4010 4009 3756
f 4010 3756 3757
f 4011 4010 3757
f 4011 3757 3758
f 4011 3758 3759
f 4012 4011 3759
f 4012 3759 3760
f 4013 4012 3760
f 4013 3760 3761
f 4014 4013 3761
f 4015 4014 3761
f 4015 3761 3762
f 4016 4015 3762
f 4016 3762 3763
f 4016 3763 3764
f 4017 4016 3764
f 4018 4017 3764
f 4018 3764 3765
f 4018 3765 3766
f 4019 4018 3766
f 4020 4019 3766
f 4020 3766 3767
f 4021 4020 3767
f 4021 3767 3768
f 4022 4021 3768
f 4022 3768 3769
f 4023 4022 3769
f 4023 3769 3770
f 4024 4023 3770
f 4024 3770 3771
f 4025 3772 3773
f 4025 4024 3771
f 4025 3771 3772
f 4026 4025 3773
f 4027 3773 3774
f 4027 4026 3773
f 4028 3774 3775
f 4028 4027 3774
f 4029 3775 3776
f 4029 4028 3775
f 4030 3776 3777
f 4030 3777 3778
f 4030 4029 3776
f 4031 4030 3778
f 4032 3778 3779
f 4032 4031 3778
f 4033 3779 3780
f 4033 3780 3781
f 4033 4032 3779
f 4034 4033 3781
f 4035 3781 3782
f 4035 4034 3781
f 4036 3782 3783
f 4036 4035 3782
f 4037 3783 3784
f 4037 4036 3783
f 4038 3784 3785
f 4038 4037 3784
f 4039 3785 3786
f 4039 4038 3785
f 4040 3786 3787
f 4040 3787 3788
f 4040 4039 3786
f 4041 3788 3789
f 4041 4040 3788
f 4042 3789 3790
f 4042 4041 3789
f 4043 4042 3790
f 4044 3790 3791
f 4044 4043 3790
f 4045 3791 3792
f 4045 4044 3791
f 4046 3792 3793
f 4046 4045 3792
f 4047 3793 3794
f 4047 4046 3793
f 4048 3794 3795
f 4048 4047 3794
f 4049 3795 3796
f 4049 4048 3795
f 4050 3796 3797
f 4050 4049 3796
f 4051 4050 3797
f 4051 3797 3798
f 4052 4051 3798
f 4052 3798 3799
f 4052 3799 3800
f 4053 4052 3800
f 4054 4053 3800
f 4054 3800 3801
f 4055 4054 3801
f 4055 3801 3802
f 4055 3802 3803
f 4056 4055 3803
f 4057 4056 3803
f 4057 3803 3804
f 4057 3804 3805
f 4058 4057 3805
f 4059 4058 3805
f 4059 3805 3806
f 4059 3806 3807
f 4060 4059 3807
f 4061 3807 3808
f 4061 4060 3807
f 4062 3808 3809
f 4062 4061 3808
f 4063 3809 3810
f 4063 4062 3809
f 4064 3810 3811
f 4064 3811 3812
f 4064 4063 3810
f 4065 3812 3813
f 4065 4064 3812
f 4066 4065 3813
f 4067 3813 3814
f 4067 4066 3813
f 4068 3814 3815
f 4068 4067 3814
f 4069 3815 3816
f 4069 4068 3815
f 4070 3816 3817
f 4070 4069 3816
f 4071 3817 3818
f 4071 4070 3817
f 4072 3818 3819
f 4072 4071 3818
f 4073 3819 3820
f 4073 4072 3819
f 4074 3820 3821
f 4074 4073 3820
f 4075 3821 3822
f 4075 4074 3821
f 4076 4075 3822
f 4076 3822 3823
f 3825 4076 3823
f 3825 3823 3824
f 4080 4078 4077
f 4080 4077 4079
f 4084 4082 4081
f 4084 4081 4083
f 4088 4085 4086
f 4088 4087 4085
f 4333 4335 4334
f 4333 4336 4335
f 4333 4337 4336
f 4332 4337 4333
f 4332 4338 4337
f 4331 4338 4332
f 4331 4339 4338
f 4330 4339 4331
f 4330 4340 4339
f 4329 4340 4330
f 4329 4341 4340
f 4328 4341 4329
f 4328 4342 4341
f 4327 4342 4328
f 4327 4343 4342
f 4326 4343 4327
f 4326 4344 4343
f 4325 4344 4326
f 4325 4345 4344
f 4324 4345 4325
f 4324 4346 4345
f 4323 4346 4324
f 4323 4347 4346
f 4322 4347 4323
f 4322 4348 4347
f 4321 4348 4322
f 4321 4349 4348
f 4320 4349 4321
f 4320 4350 4349
f 4319 4350 4320
f 4319 4351 4350
f 4318 4351 4319
f 4318 4352 4351
f 4317 4353 4352
f 4317 4352 4318
f 4316 4354 4353
f 4316 4353 4317
f 4315 4355 4354
f 4315 4354 4316
f 4314 4356 4355
f 4314 4355 4315
f 4313 4357 4356
f 4313 4356 4314
f 4312 4358 4357
f 4312 4357 4313
f 4311 4359 4358
f 4311 4358 4312
f 4310 4360 4359
f 4310 4359 4311
f 4309 4361 4360
f 4309 4360 4310
f 4308 4362 4361
f 4308 4361 4309
f 4307 4363 4362
f 4307 4362 4308
f 4306 4363 4307
f 4306 4364 4363
f 4305 4364 4306
f 4305 4365 4364
f 4304 4365 4305
f 4304 4366 4365
f 4303 4366 4304
f 4303 4367 4366
f 4302 4367 4303
f 4302 4368 4367
f 4301 4368 4302
f 4301 4369 4368
f 4300 4369 4301
f 4300 4370 4369
f 4299 4370 4300
f 4299 4371 4370
f 4298 4371 4299
f 4298 4372 4371
f 4297 4372 4298
f 4297 4373 4372
f 4296 4373 4297
f 4296 4374 4373
f 4295 4374 4296
f 4295 4375 4374
f 4294 4375 4295
f 4294 4376 4375
f 4293 4376 4294
f 4293 4377 4376
f 4292 4377 4293
f 4292 4378 4377
f 4291 4378 4292
f 4291 4379 4378
f 4290 4379 4291
f 4290 4380 4379
f 4289 4380 4290
f 4289 4381 4380
f 4288 4381 4289
f 4288 4382 4381
f 4287 4382 4288
f 4286 4382 4287
f 4286 4383 4382
f 4286 4384 4383
f 4285 4384 4286
f 4285 4385 4384
f 4284 4385 4285
f 4283 4386 4385
f 4283 4385 4284
f 4282 4387 4386
f 4282 4388 4387
f 4282 4386 4283
f 4281 4388 4282
f 4281 4389 4388
f 4280 4389 4281
f 4280 4390 4389
f 4279 4390 4280
f 4279 4391 4390
f 4278 4391 4279
f 4277 4392 4391
f 4277 4391 4278
f 4276 4393 4392
f 4276 4394 4393
f 4276 4392 4277
f 4275 4394 4276
f 4274 4395 4394
f 4274 4394 4275
f 4273 4396 4395
f 4273 4395 4274
f 4272 4397 4396
f 4272 4396 4273
f 4271 4398 4397
f 4271 4397 4272
f 4270 4399 4398
f 4270 4398 4271
f 4269 4400 4399
f 4269 4399 4270
f 4268 4401 4400
f 4268 4400 4269
f 4267 4402 4401
f 4267 4401 4268
f 4266 4403 4402
f 4266 4402 4267
f 4265 4404 4403
f 4265 4403 4266
f 4264 4405 4404
f 4264 4404 4265
f 4263 4406 4405
f 4263 4405 4264
f 4262 4407 4406
f 4262 4406 4263
f 4261 4408 4407
f 4261 4407 4262
f 4260 4409 4408
f 4260 4408 4261
f 4259 4410 4409
f 4259 4409 4260
f 4258 4411 4410
f 4258 4410 4259
f 4257 4412 4411
f 4257 4411 4258
f 4256 4413 4412
f 4256 4412 4257
f 4255 4413 4256
f 4255 4414 4413
f 4254 4414 4255
f 4254 4415 4414
f 4253 4415 4254
f 4253 4416 4415
f 4252 4416 4253
f 4252 4417 4416
f 4251 4417 4252
f 4251 4418 4417
f 4250 4419 4418
f 4250 4418 4251
f 4249 4420 4419
f 4249 4419 4250
f 4248 4421 4420
f 4248 4420 4249
f 4247 4422 4421
f 4247 4421 4248
f 4246 4423 4422
f 4246 4422 4247
f 4245 4424 4423
f 4245 4425 4424
f 4245 4423 4246
f 4244 4425 4245
f 4243 4426 4425
f 4243 4425 4244
f 4242 4427 4426
f 4242 4426 4243
f 4241 4428 4427
f 4241 4427 4242
f 4240 4429 4428
f 4240 4428 4241
f 4239 4430 4429
f 4239 4429 4240
f 4238 4431 4430
f 4238 4430 4239
f 4237 4432 4431
f 4237 4431 4238
f 4236 4433 4432
f 4236 4432 4237
f 4235 4434 4433
f 4235 4433 4236
f 4234 4435 4434
f 4234 4434 4235
f 4233 4436 4435
f 4233 4435 4234
f 4232 4437 4436
f 4232 4436 4233
f 4231 4437 4232
f 4231 4438 4437
f 4230 4438 4231
f 4230 4439 4438
f 4229 4439 4230
f 4229 4440 4439
f 4228 4440 4229
f 4228 4441 4440
f 4227 4441 4228
f 4227 4442 4441
f 4227 4443 4442
f 4226 4443 4227
f 4225 4443 4226
f 4225 4444 4443
f 4224 4444 4225
f 4224 4445 4444
f 4223 4445 4224
f 4223 4446 4445
f 4222 4446 4223
f 4222 4447 4446
f 4221 4447 4222
f 4221 4448 4447
f 4220 4448 4221
f 4220 4449 4448
f 4219 4449 4220
f 4219 4450 4449
f 4218 4450 4219
f 4218 4451 4450
f 4217 4451 4218
f 4217 4452 4451
f 4216 4453 4452
f 4216 4452 4217
f 4215 4454 4453
f 4215 4453 4216
f 4214 4455 4454
f 4214 4454 4215
f 4213 4456 4455
f 4213 4457 4456
f 4213 4455 4214
f 4212 4457 4213
f 4211 4458 4457
f 4211 4457 4212
f 4210 4459 4458
f 4210 4460 4459
f 4210 4458 4211
f 4209 4460 4210
f 4208 4461 4460
f 4208 4460 4209
f 4207 4462 4461
f 4207 4463 4462
f 4207 4461 4208
f 4206 4463 4207
f 4205 4463 4206
f 4205 4464 4463
f 4204 4464 4205
f 4204 4465 4464
f 4203 4465 4204
f 4203 4466 4465
f 4202 4466 4203
f 4202 4467 4466
f 4201 4467 4202
f 4201 4468 4467
f 4200 4468 4201
f 4200 4469 4468
f 4200 4470 4469
f 4199 4470 4200
f 4198 4470 4199
f 4198 4471 4470
f 4197 4471 4198
f 4197 4472 4471
f 4196 4472 4197
f 4196 4473 4472
f 4195 4473 4196
f 4195 4474 4473
f 4194 4474 4195
f 4194 4475 4474
f 4194 4476 4475
f 4193 4476 4194
f 4192 4476 4193
f 4192 4477 4476
f 4191 4477 4192
f 4191 4478 4477
f 4190 4478 4191
f 4190 4479 4478
f 4189 4479 4190
f 4189 4480 4479
f 4188 4480 4189
f 4188 4481 4480
f 4187 4481 4188
f 4187 4482 4481
f 4186 4482 4187
f 4186 4483 4482
f 4185 4483 4186
f 4185 4484 4483
f 4185 4485 4484
f 4184 4485 4185
f 4183 4485 4184
f 4183 4486 4485
f 4182 4487 4486
f 4182 4486 4183
f 4181 4488 4487
f 4181 4487 4182
f 4180 4488 4181
f 4180 4489 4488
f 4179 4489 4180
f 4179 4490 4489
f 4178 4490 4179
f 4178 4491 4490
f 4177 4491 4178
f 4177 4492 4491
f 4176 4493 4492
f 4176 4492 4177
f 4175 4494 4493
f 4175 4495 4494
f 4175 4493 4176
f 4174 4495 4175
f 4173 4496 4495
f 4173 4495 4174
f 4172 4497 4496
f 4172 4496 4173
f 4171 4498 4497
f 4171 4499 4498
f 4171 4497 4172
f 4170 4500 4499
f 4170 4499 4171
f 4169 4500 4170
f 4168 4501 4500
f 4168 4502 4501
f 4168 4500 4169
f 4167 4502 4168
f 4166 4503 4502
f 4166 4504 4503
f 4166 4502 4167
f 4165 4504 4166
f 4164 4505 4504
f 4164 4506 4505
f 4164 4504 4165
f 4163 4506 4164
f 4162 4507 4506
f 4162 4508 4507
f 4162 4506 4163
f 4161 4509 4508
f 4161 4508 4162
f 4160 4510 4509
f 4160 4509 4161
f 4159 4510 4160
f 4158 4511 4510
f 4158 4510 4159
f 4157 4512 4511
f 4157 4513 4512
f 4157 4511 4158
f 4156 4514 4513
f 4156 4513 4157
f 4155 4514 4156
f 4154 4514 4155
f 4154 4515 4514
f 4154 4516 4515
f 4153 4516 4154
f 4153 4517 4516
f 4152 4517 4153
f 4151 4517 4152
f 4151 4518 4517
f 4150 4518 4151
f 4150 4519 4518
f 4150 4520 4519
f 4149 4520 4150
f 4148 4521 4520
f 4148 4520 4149
f 4147 4522 4521
f 4147 4523 4522
f 4147 4521 4148
f 4146 4523 4147
f 4145 4524 4523
f 4145 4523 4146
f 4144 4525 4524
f 4144 4526 4525
f 4144 4524 4145
f 4143 4526 4144
f 4142 4527 4526
f 4142 4528 4527
f 4142 4526 4143
f 4141 4528 4142
f 4141 4529 4528
f 4140 4529 4141
f 4139 4530 4529
f 4139 4531 4530
f 4139 4529 4140
f 4138 4531 4139
f 4137 4532 4531
f 4137 4531 4138
f 4136 4533 4532
f 4136 4534 4533
f 4136 4532 4137
f 4135 4534 4136
f 4134 4535 4534
f 4134 4536 4535
f 4134 4534 4135
f 4133 4536 4134
f 4132 4537 4536
f 4132 4538 4537
f 4132 4536 4133
f 4131 4539 4538
f 4131 4538 4132
f 4130 4539 4131
f 4130 4540 4539
f 4129 4540 4130
f 4129 4541 4540
f 4128 4541 4129
f 4127 4541 4128
f 4127 4542 4541
f 4126 4542 4127
f 4126 4543 4542
f 4126 4544 4543
f 4125 4544 4126
f 4125 4545 4544
f 4124 4545 4125
f 4123 4545 4124
f 4123 4546 4545
f 4122 4546 4123
f 4122 4547 4546
f 4122 4548 4547
f 4121 4548 4122
f 4121 4549 4548
f 4120 4549 4121
f 4119 4549 4120
f 4119 4550 4549
f 4119 4551 4550
f 4118 4551 4119
f 4117 4551 4118
f 4117 4552 4551
f 4117 4553 4552
f 4116 4553 4117
f 4115 4553 4116
f 4115 4554 4553
f 4114 4555 4554
f 4114 4554 4115
f 4114 4556 4555
f 4113 4556 4114
f 4112 4557 4556
f 4112 4558 4557
f 4112 4556 4113
f 4111 4558 4112
f 4110 4559 4558
f 4110 4560 4559
f 4110 4558 4111
f 4109 4561 4560
f 4109 4560 4110
f 4108 4561 4109
f 4107 4562 4561
f 4107 4561 4108
f 4106 4563 4562
f 4106 4562 4107
f 4105 4564 4563
f 4105 4565 4564
f 4105 4563 4106
f 4104 4565 4105
f 4104 4566 4565
f 4103 4566 4104
f 4102 4566 4103
f 4102 4567 4566
f 4102 4568 4567
f 4101 4568 4102
f 4101 4569 4568
f 4100 4569 4101
f 4099 4569 4100
f 4099 4570 4569
f 4099 4571 4570
f 4098 4571 4099
f 4097 4571 4098
f 4097 4572 4571
f 4097 4573 4572
f 4096 4573 4097
f 4095 4573 4096
f 4095 4574 4573
f 4094 4574 4095
f 4094 4575 4574
f 4093 4575 4094
f 4093 4576 4575
f 4092 4576 4093
f 4092 4577 4576
f 4092 4578 4577
f 4091 4578 4092
f 4091 4579 4578
f 4090 4579 4091
f 4089 4579 4090
f 4089 4580 4579
f 4581 4583 4584
f 4581 4584 4582
f 4840 4585 4586
f 4840 4586 4587
f 4841 4587 4588
f 4841 4840 4587
f 4842 4588 4589
f 4842 4841 4588
f 4843 4589 4590
f 4843 4842 4589
f 4844 4590 4591
f 4844 4843 4590
f 4845 4591 4592
f 4845 4844 4591
f 4846 4592 4593
f 4846 4845 4592
f 4847 4593 4594
f 4847 4846 4593
f 4848 4594 4595
f 4848 4847 4594
f 4849 4595 4596
f 4849 4848 4595
f 4850 4596 4597
f 4850 4849 4596
f 4851 4597 4598
f 4851 4850 4597
f 4852 4598 4599
f 4852 4851 4598
f 4853 4599 4600
f 4853 4852 4599
f 4854 4600 4601
f 4854 4853 4600
f 4855 4601 4602
f 4855 4854 4601
f 4856 4602 4603
f 4856 4855 4602
f 4857 4603 4604
f 4857 4856 4603
f 4858 4604 4605
f 4858 4857 4604
f 4859 4605 4606
f 4859 4858 4605
f 4860 4606 4607
f 4860 4859 4606
f 4861 4607 4608
f 4861 4860 4607
f 4862 4608 4609
f 4862 4861 4608
f 4863 4862 4609
f 4863 4609 4610
f 4864 4863 4610
f 4864 4610 4611
f 4865 4864 4611
f 4865 4611 4612
f 4866 4865 4612
f 4866 4612 4613
f 4867 4866 4613
f 4867 4613 4614
f 4868 4867 4614
f 4868 4614 4615
f 4869 4868 4615
f 4869 4615 4616
f 4870 4869 4616
f 4870 4616 4617
f 4871 4870 4617
f 4871 4617 4618
f 4872 4618 4619
f 4872 4871 4618
f 4873 4619 4620
f 4873 4872 4619
f 4874 4620 4621
f 4874 4873 4620
f 4875 4621 4622
f 4875 4874 4621
f 4876 4622 4623
f 4876 4875 4622
f 4877 4623 4624
f 4877 4876 4623
f 4878 4624 4625
f 4878 4877 4624
f 4879 4625 4626
f 4879 4878 4625
f 4880 4626 4627
f 4880 4879 4626
f 4881 4627 4628
f 4881 4880 4627
f 4882 4628 4629
f 4882 4881 4628
f 4883 4629 4630
f 4883 4882 4629
f 4884 4630 4631
f 4884 4883 4630
f 4885 4631 4632
f 4885 4632 4633
f 4885 4884 4631
f 4886 4885 4633
f 4887 4633 4634
f 4887 4886 4633
f 4888 4887 4634
f 4888 4634 4635
f 4888 4635 4636
f 4889 4888 4636
f 4890 4889 4636
f 4890 4636 4637
f 4891 4890 4637
f 4891 4637 4638
f 4892 4891 4638
f 4892 4638 4639
f 4893 4892 4639
f 4893 4639 4640
f 4894 4893 4640
f 4894 4640 4641
f 4895 4894 4641
f 4895 4641 4642
f 4896 4895 4642
f 4896 4642 4643
f 4897 4896 4643
f 4897 4643 4644
f 4898 4897 4644
f 4898 4644 4645
f 4899 4898 4645
f 4899 4645 4646
f 4899 4646 4647
f 4900 4899 4647
f 4901 4900 4647
f 4901 4647 4648
f 4902 4901 4648
f 4902 4648 4649
f 4903 4902 4649
f 4903 4649 4650
f 4904 4650 4651
f 4904 4903 4650
f 4905 4651 4652
f 4905 4904 4651
f 4906 4652 4653
f 4906 4905 4652
f 4907 4653 4654
f 4907 4906 4653
f 4908 4654 4655
f 4908 4907 4654
f 4909 4655 4656
f 4909 4908 4655
f 4910 4656 4657
f 4910 4909 4656
f 4911 4657 4658
f 4911 4910 4657
f 4912 4658 4659
f 4912 4911 4658
f 4913 4659 4660
f 4913 4912 4659
f 4914 4913 4660
f 4914 4660 4661
f 4914 4661 4662
f 4915 4914 4662
f 4916 4915 4662
f 4916 4662 4663
f 4917 4916 4663
f 4917 4663 4664
f 4918 4917 4664
f 4918 4664 4665
f 4919 4918 4665
f 4919 4665 4666
f 4919 4666 4667
f 4920 4919 4667
f 4921 4920 4667
f 4921 4667 4668
f 4922 4921 4668
f 4922 4668 4669
f 4923 4922 4669
f 4923 4669 4670
f 4924 4923 4670
f 4924 4670 4671
f 4925 4924 4671
f 4925 4671 4672
f 4926 4925 4672
f 4926 4672 4673
f 4927 4926 4673
f 4927 4673 4674
f 4928 4927 4674
f 4928 4674 4675
f 4929 4928 4675
f 4929 4675 4676
f 4930 4929 4676
f 4930 4676 4677
f 4931 4930 4677
f 4931 4677 4678
f 4932 4931 4678
f 4932 4678 4679
f 4932 4679 4680
f 4933 4932 4680
f 4934 4933 4680
f 4934 4680 4681
f 4935 4934 4681
f 4935 4681 4682
f 4935 4682 4683
f 4936 4935 4683
f 4937 4936 4683
f 4937 4683 4684
f 4938 4937 4684
f 4938 4684 4685
f 4939 4685 4686
f 4939 4938 4685
f 4940 4686 4687
f 4940 4939 4686
f 4941 4687 4688
f 4941 4940 4687
f 4942 4688 4689
f 4942 4941 4688
f 4943 4689 4690
f 4943 4942 4689
f 4944 4690 4691
f 4944 4943 4690
f 4945 4691 4692
f 4945 4944 4691
f 4946 4692 4693
f 4946 4945 4692
f 4947 4693 4694
f 4947 4946 4693
f 4948 4694 4695
f 4948 4695 4696
f 4948 4947 4694
f 4949 4696 4697
f 4949 4948 4696
f 4950 4949 4697
f 4951 4697 4698
f 4951 4950 4697
f 4952 4698 4699
f 4952 4951 4698
f 4953 4699 4700
f 4953 4952 4699
f 4954 4700 4701
f 4954 4953 4700
f 4955 4701 4702
f 4955 4954 4701
f 4956 4702 4703
f 4956 4955 4702
f 4957 4703 4704
f 4957 4956 4703
f 4958 4704 4705
f 4958 4705 4706
f 4958 4957 4704
f 4959 4706 4707
f 4959 4958 4706
f 4960 4959 4707
f 4961 4707 4708
f 4961 4708 4709
f 4961 4960 4707
f 4962 4961 4709
f 4963 4709 4710
f 4963 4710 4711
f 4963 4962 4709
f 4964 4963 4711
f 4964 4711 4712
f 4965 4964 4712
f 4966 4965 4712
f 4966 4712 4713
f 4967 4966 4713
f 4967 4713 4714
f 4968 4967 4714
f 4968 4714 4715
f 4968 4715 4716
f 4969 4968 4716
f 4970 4969 4716
f 4970 4716 4717
f 4971 4970 4717
f 4971 4717 4718
f 4971 4718 4719
f 4972 4971 4719
f 4973 4719 4720
f 4973 4972 4719
f 4974 4720 4721
f 4974 4973 4720
f 4975 4721 4722
f 4975 4722 4723
f 4975 4974 4721
f 4976 4975 4723
f 4977 4723 4724
f 4977 4976 4723
f 4978 4724 4725
f 4978 4977 4724
f 4979 4725 4726
f 4979 4726 4727
f 4979 4978 4725
f 4980 4979 4727
f 4981 4727 4728
f 4981 4980 4727
f 4982 4728 4729
f 4982 4981 4728
f 4983 4729 4730
f 4983 4730 4731
f 4983 4982 4729
f 4984 4983 4731
f 4985 4731 4732
f 4985 4984 4731
f 4986 4732 4733
f 4986 4985 4732
f 4987 4733 4734
f 4987 4986 4733
f 4988 4734 4735
f 4988 4987 4734
f 4989 4988 4735
f 4989 4735 4736
f 4990 4989 4736
f 4990 4736 4737
f 4991 4990 4737
f 4991 4737 4738
f 4992 4991 4738
f 4992 4738 4739
f 4993 4992 4739
f 4993 4739 4740
f 4993 4740 4741
f 4994 4993 4741
f 4994 4741 4742
f 4995 4994 4742
f 4996 4995 4742
f 4996 4742 4743
f 4996 4743 4744
f 4997 4996 4744
f 4998 4997 4744
f 4998 4744 4745
f 4998 4745 4746
f 4999 4998 4746
f 5000 4999 4746
f 5000 4746 4747
f 5001 5000 4747
f 5001 4747 4748
f 5002 5001 4748
f 5002 4748 4749
f 5002 4749 4750
f 5003 5002 4750
f 5004 5003 4750
f 5004 4750 4751
f 5004 4751 4752
f 5005 5004 4752
f 5006 5005 4752
f 5006 4752 4753
f 5007 4753 4754
f 5007 4754 4755
f 5007 5006 4753
f 5008 4755 4756
f 5008 5007 4755
f 5009 4756 4757
f 5009 5008 4756
f 5010 5009 4757
f 5011 4757 4758
f 5011 5010 4757
f 5012 4758 4759
f 5012 4759 4760
f 5012 5011 4758
f 5013 5012 4760
f 5014 5013 4760
f 5014 4760 4761
f 5015 5014 4761
f 5015 4761 4762
f 5016 5015 4762
f 5016 4762 4763
f 5017 5016 4763
f 5017 4763 4764
f 5018 5017 4764
f 5018 4764 4765
f 5019 5018 4765
f 5019 4765 4766
f 5020 5019 4766
f 5020 4766 4767
f 5020 4767 4768
f 5021 5020 4768
f 5021 4768 4769
f 5022 5021 4769
f 5022 4769 4770
f 5023 5022 4770
f 5024 5023 4770
f 5024 4770 4771
f 5024 4771 4772
f 5025 5024 4772
f 5026 5025 4772
f 5026 4772 4773
f 5026 4773 4774
f 5027 5026 4774
f 5028 5027 4774
f 5028 4774 4775
f 5028 4775 4776
f 5029 5028 4776
f 5030 5029 4776
f 5030 4776 4777
f 5030 4777 4778
f 5031 5030 4778
f 5032 5031 4778
f 5032 4778 4779
f 5033 5032 4779
f 5033 4779 4780
f 5034 5033 4780
f 5034 4780 4781
f 5035 5034 4781
f 5035 4781 4782
f 5035 4782 4783
f 5036 5035 4783
f 5037 5036 4783
f 5037 4783 4784
f 5038 5037 4784
f 5038 4784 4785
f 5038 4785 4786
f 5039 5038 4786
f 5040 4786 4787
f 5040 4787 4788
f 5040 5039 4786
f 5041 4788 4789
f 5041 5040 4788
f 5042 5041 4789
f 5043 4789 4790
f 5043 4790 4791
f 5043 5042 4789
f 5044 5043 4791
f 5045 4791 4792
f 5045 5044 4791
f 5046 4792 4793
f 5046 5045 4792
f 5047 4793 4794
f 5047 5046 4793
f 5048 4794 4795
f 5048 5047 4794
f 5049 4795 4796
f 5049 5048 4795
f 5050 4796 4797
f 5050 5049 4796
f 5051 4797 4798
f 5051 4798 4799
f 5051 5050 4797
f 5052 5051 4799
f 5053 4799 4800
f 5053 5052 4799
f 5054 4800 4801
f 5054 4801 4802
f 5054 5053 4800
f 5055 5054 4802
f 5056 4802 4803
f 5056 5055 4802
f 5057 4803 4804
f 5057 4804 4805
f 5057 5056 4803
f 5058 5057 4805
f 5059 4805 4806
f 5059 4806 4807
f 5059 5058 4805
f 5060 5059 4807
f 5061 4807 4808
f 5061 5060 4807
f 5062 4808 4809
f 5062 5061 4808
f 5063 4809 4810
f 5063 5062 4809
f 5064 4810 4811
f 5064 5063 4810
f 5065 5064 4811
f 5065 4811 4812
f 5066 5065 4812
f 5066 4812 4813
f 5066 4813 4814
f 5067 5066 4814
f 5068 5067 4814
f 5068 4814 4815
f 5068 4815 4816
f 5069 5068 4816
f 5069 4816 4817
f 5070 5069 4817
f 5071 5070 4817
f 5071 4817 4818
f 5071 4818 4819
f 5072 5071 4819
f 5073 5072 4819
f 5073 4819 4820
f 5074 4820 4821
f 5074 5073 4820
f 5075 4821 4822
f 5075 5074 4821
f 5076 4822 4823
f 5076 5075 4822
f 5077 4823 4824
f 5077 5076 4823
f 5078 4824 4825
f 5078 5077 4824
f 5079 4825 4826
f 5079 5078 4825
f 5080 4826 4827
f 5080 5079 4826
f 5081 4827 4828
f 5081 5080 4827
f 5082 4828 4829
f 5082 4829 4830
f 5082 5081 4828
f 5083 4830 4831
f 5083 5082 4830
f 5084 5083 4831
f 5085 4831 4832
f 5085 5084 4831
f 5086 4832 4833
f 5086 4833 4834
f 5086 5085 4832
f 5087 5086 4834
f 5088 4834 4835
f 5088 5087 4834
f 5089 4835 4836
f 5089 4836 4837
f 5089 5088 4835
f 5090 5089 4837
f 4839 5090 4837
f 4839 4837 4838
f 5091 5093 5094
f 5091 5094 5092
f 5098 5095 5096
f 5098 5097 5095
f 5343 5345 5344
f 5343 5346 5345
f 5343 5347 5346
f 5342 5347 5343
f 5342 5348 5347
f 5341 5348 5342
f 5341 5349 5348
f 5340 5349 5341
f 5340 5350 5349
f 5339 5350 5340
f 5339 5351 5350
f 5338 5351 5339
f 5338 5352 5351
f 5337 5352 5338
f 5337 5353 5352
f 5336 5353 5337
f 5336 5354 5353
f 5335 5354 5336
f 5335 5355 5354
f 5334 5355 5335
f 5334 5356 5355
f 5333 5356 5334
f 5333 5357 5356
f 5332 5357 5333
f 5332 5358 5357
f 5331 5358 5332
f 5331 5359 5358
f 5330 5359 5331
f 5330 5360 5359
f 5329 5360 5330
f 5329 5361 5360
f 5328 5361 5329
f 5328 5362 5361
f 5327 5363 5362
f 5327 5362 5328
f 5326 5364 5363
f 5326 5363 5327
f 5325 5365 5364
f 5325 5364 5326
f 5324 5366 5365
f 5324 5365 5325
f 5323 5367 5366
f 5323 5366 5324
f 5322 5368 5367
f 5322 5367 5323
f 5321 5369 5368
f 5321 5368 5322
f 5320 5370 5369
f 5320 5369 5321
f 5319 5371 5370
f 5319 5370 5320
f 5318 5372 5371
f 5318 5371 5319
f 5317 5373 5372
f 5317 5372 5318
f 5316 5373 5317
f 5316 5374 5373
f 5315 5374 5316
f 5315 5375 5374
f 5314 5375 5315
f 5314 5376 5375
f 5313 5376 5314
f 5313 5377 5376
f 5312 5377 5313
f 5312 5378 5377
f 5311 5378 5312
f 5311 5379 5378
f 5310 5379 5311
f 5310 5380 5379
f 5309 5380 5310
f 5309 5381 5380
f 5308 5381 5309
f 5308 5382 5381
f 5307 5382 5308
f 5307 5383 5382
f 5306 5383 5307
f 5306 5384 5383
f 5305 5384 5306
f 5305 5385 5384
f 5304 5385 5305
f 5304 5386 5385
f 5303 5386 5304
f 5303 5387 5386
f 5302 5387 5303
f 5302 5388 5387
f 5301 5388 5302
f 5301 5389 5388
f 5300 5389 5301
f 5300 5390 5389
f 5299 5390 5300
f 5299 5391 5390
f 5298 5391 5299
f 5297 5391 5298
f 5297 5392 5391
f 5297 5393 5392
f 5296 5393 5297
f 5296 5394 5393
f 5295 5394 5296
f 5295 5395 5394
f 5294 5395 5295
f 5294 5396 5395
f 5293 5396 5294
f 5292 5396 5293
f 5292 5397 5396
f 5291 5397 5292
f 5291 5398 5397
f 5291 5399 5398
f 5290 5399 5291
f 5290 5400 5399
f 5289 5400 5290
f 5289 5401 5400
f 5288 5401 5289
f 5287 5402 5401
f 5287 5401 5288
f 5286 5403 5402
f 5286 5402 5287
f 5285 5404 5403
f 5285 5403 5286
f 5284 5405 5404
f 5284 5404 5285
f 5283 5406 5405
f 5283 5405 5284
f 5282 5407 5406
f 5282 5406 5283
f 5281 5408 5407
f 5281 5407 5282
f 5280 5409 5408
f 5280 5408 5281
f 5279 5410 5409
f 5279 5409 5280
f 5278 5411 5410
f 5278 5410 5279
f 5277 5412 5411
f 5277 5411 5278
f 5276 5413 5412
f 5276 5412 5277
f 5275 5414 5413
f 5275 5413 5276
f 5274 5415 5414
f 5274 5414 5275
f 5273 5416 5415
f 5273 5415 5274
f 5272 5417 5416
f 5272 5416 5273
f 5271 5418 5417
f 5271 5417 5272
f 5270 5419 5418
f 5270 5418 5271
f 5269 5420 5419
f 5269 5419 5270
f 5268 5421 5420
f 5268 5420 5269
f 5267 5422 5421
f 5267 5421 5268
f 5266 5423 5422
f 5266 5422 5267
f 5265 5423 5266
f 5265 5424 5423
f 5264 5424 5265
f 5264 5425 5424
f 5263 5425 5264
f 5263 5426 5425
f 5262 5426 5263
f 5262 5427 5426
f 5261 5427 5262
f 5261 5428 5427
f 5260 5429 5428
f 5260 5428 5261
f 5259 5430 5429
f 5259 5429 5260
f 5258 5431 5430
f 5258 5430 5259
f 5257 5432 5431
f 5257 5431 5258
f 5256 5433 5432
f 5256 5432 5257
f 5255 5434 5433
f 5255 5433 5256
f 5254 5435 5434
f 5254 5434 5255
f 5253 5436 5435
f 5253 5435 5254
f 5252 5437 5436
f 5252 5436 5253
f 5251 5438 5437
f 5251 5437 5252
f 5250 5439 5438
f 5250 5438 5251
f 5249 5440 5439
f 5249 5439 5250
f 5248 5441 5440
f 5248 5440 5249
f 5247 5442 5441
f 5247 5443 5442
f 5247 5441 5248
f 5246 5443 5247
f 5245 5444 5443
f 5245 5443 5246
f 5244 5445 5444
f 5244 5444 5245
f 5243 5446 5445
f 5243 5445 5244
f 5242 5447 5446
f 5242 5446 5243
f 5241 5447 5242
f 5241 5448 5447
f 5240 5448 5241
f 5240 5449 5448
f 5239 5449 5240
f 5239 5450 5449
f 5238 5450 5239
f 5238 5451 5450
f 5237 5451 5238
f 5237 5452 5451
f 5236 5452 5237
f 5236 5453 5452
f 5235 5453 5236
f 5235 5454 5453
f 5234 5454 5235
f 5234 5455 5454
f 5233 5455 5234
f 5233 5456 5455
f 5232 5456 5233
f 5232 5457 5456
f 5231 5457 5232
f 5231 5458 5457
f 5230 5458 5231
f 5230 5459 5458
f 5229 5459 5230
f 5229 5460 5459
f 5228 5460 5229
f 5228 5461 5460
f 5227 5461 5228
f 5227 5462 5461
f 5226 5463 5462
f 5226 5462 5227
f 5225 5464 5463
f 5225 5463 5226
f 5224 5465 5464
f 5224 5464 5225
f 5223 5466 5465
f 5223 5465 5224
f 5222 5467 5466
f 5222 5466 5223
f 5221 5468 5467
f 5221 5467 5222
f 5220 5469 5468
f 5220 5468 5221
f 5219 5470 5469
f 5219 5469 5220
f 5218 5471 5470
f 5218 5470 5219
f 5217 5472 5471
f 5217 5471 5218
f 5216 5473 5472
f 5216 5472 5217
f 5215 5473 5216
f 5215 5474 5473
f 5214 5474 5215
f 5214 5475 5474
f 5213 5475 5214
f 5213 5476 5475
f 5212 5476 5213
f 5212 5477 5476
f 5211 5477 5212
f 5211 5478 5477
f 5210 5478 5211
f 5210 5479 5478
f 5209 5479 5210
f 5209 5480 5479
f 5208 5480 5209
f 5208 5481 5480
f 5207 5481 5208
f 5207 5482 5481
f 5206 5482 5207
f 5206 5483 5482
f 5205 5483 5206
f 5205 5484 5483
f 5204 5484 5205
f 5204 5485 5484
f 5203 5485 5204
f 5203 5486 5485
f 5203 5487 5486
f 5202 5487 5203
f 5201 5487 5202
f 5201 5488 5487
f 5200 5488 5201
f 5200 5489 5488
f 5199 5489 5200
f 5199 5490 5489
f 5198 5490 5199
f 5198 5491 5490
f 5197 5491 5198
f 5197 5492 5491
f 5196 5492 5197
f 5196 5493 5492
f 5195 5493 5196
f 5195 5494 5493
f 5194 5494 5195
f 5194 5495 5494
f 5193 5495 5194
f 5193 5496 5495
f 5192 5497 5496
f 5192 5496 5193
f 5191 5497 5192
f 5191 5498 5497
f 5190 5498 5191
f 5190 5499 5498
f 5189 5499 5190
f 5189 5500 5499
f 5188 5500 5189
f 5188 5501 5500
f 5187 5501 5188
f 5187 5502 5501
f 5186 5503 5502
f 5186 5502 5187
f 5185 5504 5503
f 5185 5503 5186
f 5184 5505 5504
f 5184 5506 5505
f 5184 5504 5185
f 5183 5507 5506
f 5183 5506 5184
f 5182 5508 5507
f 5182 5507 5183
f 5181 5508 5182
f 5180 5509 5508
f 5180 5508 5181
f 5179 5510 5509
f 5179 5509 5180
f 5178 5511 5510
f 5178 5512 5511
f 5178 5510 5179
f 5177 5512 5178
f 5176 5513 5512
f 5176 5512 5177
f 5175 5514 5513
f 5175 5513 5176
f 5174 5515 5514
f 5174 5516 5515
f 5174 5514 5175
f 5173 5516 5174
f 5172 5517 5516
f 5172 5516 5173
f 5171 5518 5517
f 5171 5517 5172
f 5170 5519 5518
f 5170 5520 5519
f 5170 5518 5171
f 5169 5521 5520
f 5169 5520 5170
f 5168 5521 5169
f 5167 5522 5521
f 5167 5523 5522
f 5167 5521 5168
f 5166 5523 5167
f 5165 5523 5166
f 5165 5524 5523
f 5164 5524 5165
f 5164 5525 5524
f 5164 5526 5525
f 5163 5526 5164
f 5163 5527 5526
f 5162 5527 5163
f 5161 5527 5162
f 5161 5528 5527
f 5160 5528 5161
f 5160 5529 5528
f 5159 5530 5529
f 5159 5529 5160
f 5158 5530 5159
f 5158 5531 5530
f 5158 5532 5531
f 5157 5533 5532
f 5157 5532 5158
f 5156 5533 5157
f 5155 5534 5533
f 5155 5533 5156
f 5154 5535 5534
f 5154 5534 5155
f 5153 5536 5535
f 5153 5537 5536
f 5153 5535 5154
f 5152 5538 5537
f 5152 5537 5153
f 5151 5539 5538
f 5151 5538 5152
f 5150 5539 5151
f 5149 5540 5539
f 5149 5541 5540
f 5149 5539 5150
f 5148 5542 5541
f 5148 5541 5149
f 5147 5543 5542
f 5147 5542 5148
f 5146 5543 5147
f 5145 5544 5543
f 5145 5543 5146
f 5144 5545 5544
f 5144 5544 5145
f 5143 5546 5545
f 5143 5547 5546
f 5143 5545 5144
f 5142 5547 5143
f 5141 5548 5547
f 5141 5549 5548
f 5141 5547 5142
f 5140 5549 5141
f 5139 5549 5140
f 5139 5550 5549
f 5138 5550 5139
f 5138 5551 5550
f 5138 5552 5551
f 5137 5552 5138
f 5136 5552 5137
f 5136 5553 5552
f 5136 5554 5553
f 5135 5554 5136
f 5135 5555 5554
f 5134 5555 5135
f 5133 5555 5134
f 5133 5556 5555
f 5132 5556 5133
f 5132 5557 5556
f 5132 5558 5557
f 5131 5558 5132
f 5131 5559 5558
f 5130 5559 5131
f 5129 5559 5130
f 5129 5560 5559
f 5128 5560 5129
f 5128 5561 5560
f 5128 5562 5561
f 5127 5562 5128
f 5127 5563 5562
f 5126 5563 5127
f 5125 5563 5126
f 5125 5564 5563
f 5125 5565 5564
f 5124 5565 5125
f 5123 5566 5565
f 5123 5567 5566
f 5123 5565 5124
f 5122 5568 5567
f 5122 5567 5123
f 5121 5568 5122
f 5120 5569 5568
f 5120 5570 5569
f 5120 5568 5121
f 5119 5570 5120
f 5118 5571 5570
f 5118 5570 5119
f 5117 5572 5571
f 5117 5571 5118
f 5116 5573 5572
f 5116 5572 5117
f 5115 5574 5573
f 5115 5573 5116
f 5114 5574 5115
f 5114 5575 5574
f 5113 5575 5114
f 5113 5576 5575
f 5113 5577 5576
f 5112 5577 5113
f 5112 5578 5577
f 5111 5578 5112
f 5110 5578 5111
f 5110 5579 5578
f 5110 5580 5579
f 5109 5580 5110
f 5108 5580 5109
f 5108 5581 5580
f 5108 5582 5581
f 5107 5582 5108
f 5107 5583 5582
f 5106 5583 5107
f 5105 5583 5106
f 5105 5584 5583
f 5104 5584 5105
f 5104 5585 5584
f 5103 5585 5104
f 5103 5586 5585
f 5103 5587 5586
f 5102 5587 5103
f 5102 5588 5587
f 5101 5588 5102
f 5100 5588 5101
f 5100 5589 5588
f 5100 5590 5589
f 5099 5590 5100
f 5846 5591 5592
f 5846 5592 5593
f 5847 5593 5594
f 5847 5846 5593
f 5848 5594 5595
f 5848 5847 5594
f 5849 5595 5596
f 5849 5848 5595
f 5850 5596 5597
f 5850 5849 5596
f 5851 5597 5598
f 5851 5850 5597
f 5852 5598 5599
f 5852 5851 5598
f 5853 5599 5600
f 5853 5852 5599
f 5854 5600 5601
f 5854 5853 5600
f 5855 5601 5602
f 5855 5854 5601
f 5856 5602 5603
f 5856 5855 5602
f 5857 5603 5604
f 5857 5856 5603
f 5858 5604 5605
f 5858 5857 5604
f 5859 5605 5606
f 5859 5858 5605
f 5860 5606 5607
f 5860 5859 5606
f 5861 5607 5608
f 5861 5860 5607
f 5862 5608 5609
f 5862 5861 5608
f 5863 5609 5610
f 5863 5862 5609
f 5864 5610 5611
f 5864 5863 5610
f 5865 5611 5612
f 5865 5864 5611
f 5866 5612 5613
f 5866 5865 5612
f 5867 5613 5614
f 5867 5866 5613
f 5868 5614 5615
f 5868 5867 5614
f 5869 5868 5615
f 5869 5615 5616
f 5870 5869 5616
f 5870 5616 5617
f 5871 5870 5617
f 5871 5617 5618
f 5872 5871 5618
f 5872 5618 5619
f 5873 5872 5619
f 5873 5619 5620
f 5874 5873 5620
f 5874 5620 5621
f 5875 5874 5621
f 5875 5621 5622
f 5876 5875 5622
f 5876 5622 5623
f 5877 5876 5623
f 5877 5623 5624
f 5878 5624 5625
f 5878 5877 5624
f 5879 5625 5626
f 5879 5878 5625
f 5880 5626 5627
f 5880 5879 5626
f 5881 5627 5628
f 5881 5880 5627
f 5882 5628 5629
f 5882 5881 5628
f 5883 5629 5630
f 5883 5882 5629
f 5884 5630 5631
f 5884 5883 5630
f 5885 5631 5632
f 5885 5884 5631
f 5886 5632 5633
f 5886 5885 5632
f 5887 5633 5634
f 5887 5886 5633
f 5888 5634 5635
f 5888 5887 5634
f 5889 5635 5636
f 5889 5888 5635
f 5890 5636 5637
f 5890 5889 5636
f 5891 5637 5638
f 5891 5890 5637
f 5892 5638 5639
f 5892 5891 5638
f 5893 5639 5640
f 5893 5640 5641
f 5893 5892 5639
f 5894 5893 5641
f 5895 5894 5641
f 5895 5641 5642
f 5895 5642 5643
f 5896 5895 5643
f 5897 5896 5643
f 5897 5643 5644
f 5898 5897 5644
f 5898 5644 5645
f 5899 5898 5645
f 5899 5645 5646
f 5900 5899 5646
f 5900 5646 5647
f 5901 5900 5647
f 5901 5647 5648
f 5902 5901 5648
f 5902 5648 5649
f 5903 5902 5649
f 5903 5649 5650
f 5904 5903 5650
f 5904 5650 5651
f 5905 5904 5651
f 5905 5651 5652
f 5906 5905 5652
f 5906 5652 5653
f 5907 5906 5653
f 5907 5653 5654
f 5908 5907 5654
f 5908 5654 5655
f 5909 5908 5655
f 5909 5655 5656
f 5910 5656 5657
f 5910 5909 5656
f 5911 5657 5658
f 5911 5910 5657
f 5912 5658 5659
f 5912 5911 5658
f 5913 5659 5660
f 5913 5912 5659
f 5914 5660 5661
f 5914 5661 5662
f 5914 5913 5660
f 5915 5914 5662
f 5916 5662 5663
f 5916 5915 5662
f 5917 5663 5664
f 5917 5916 5663
f 5918 5664 5665
f 5918 5917 5664
f 5919 5665 5666
f 5919 5918 5665
f 5920 5919 5666
f 5920 5666 5667
f 5921 5920 5667
f 5921 5667 5668
f 5922 5921 5668
f 5922 5668 5669
f 5922 5669 5670
f 5923 5922 5670
f 5924 5923 5670
f 5924 5670 5671
f 5925 5924 5671
f 5925 5671 5672
f 5926 5925 5672
f 5926 5672 5673
f 5927 5926 5673
f 5927 5673 5674
f 5928 5927 5674
f 5928 5674 5675
f 5929 5928 5675
f 5929 5675 5676
f 5930 5929 5676
f 5930 5676 5677
f 5931 5930 5677
f 5931 5677 5678
f 5932 5931 5678
f 5932 5678 5679
f 5933 5932 5679
f 5933 5679 5680
f 5934 5933 5680
f 5934 5680 5681
f 5934 5681 5682
f 5935 5934 5682
f 5936 5935 5682
f 5936 5682 5683
f 5937 5936 5683
f 5937 5683 5684
f 5938 5937 5684
f 5938 5684 5685
f 5939 5938 5685
f 5939 5685 5686
f 5940 5939 5686
f 5940 5686 5687
f 5941 5940 5687
f 5941 5687 5688
f 5942 5941 5688
f 5942 5688 5689
f 5942 5689 5690
f 5943 5942 5690
f 5944 5943 5690
f 5944 5690 5691
f 5945 5691 5692
f 5945 5692 5693
f 5945 5944 5691
f 5946 5945 5693
f 5947 5693 5694
f 5947 5946 5693
f 5948 5694 5695
f 5948 5947 5694
f 5949 5695 5696
f 5949 5948 5695
f 5950 5696 5697
f 5950 5949 5696
f 5951 5697 5698
f 5951 5950 5697
f 5952 5698 5699
f 5952 5699 5700
f 5952 5951 5698
f 5953 5952 5700
f 5954 5700 5701
f 5954 5953 5700
f 5955 5701 5702
f 5955 5702 5703
f 5955 5954 5701
f 5956 5955 5703
f 5957 5703 5704
f 5957 5956 5703
f 5958 5704 5705
f 5958 5957 5704
f 5959 5705 5706
f 5959 5958 5705
f 5960 5706 5707
f 5960 5959 5706
f 5961 5707 5708
f 5961 5960 5707
f 5962 5708 5709
f 5962 5961 5708
f 5963 5709 5710
f 5963 5962 5709
f 5964 5710 5711
f 5964 5711 5712
f 5964 5963 5710
f 5965 5964 5712
f 5966 5712 5713
f 5966 5965 5712
f 5967 5713 5714
f 5967 5966 5713
f 5968 5714 5715
f 5968 5715 5716
f 5968 5967 5714
f 5969 5968 5716
f 5970 5716 5717
f 5970 5969 5716
f 5971 5970 5717
f 5971 5717 5718
f 5972 5971 5718
f 5972 5718 5719
f 5973 5972 5719
f 5973 5719 5720
f 5974 5973 5720
f 5974 5720 5721
f 5974 5721 5722
f 5975 5974 5722
f 5976 5975 5722
f 5976 5722 5723
f 5977 5976 5723
f 5977 5723 5724
f 5978 5977 5724
f 5978 5724 5725
f 5979 5725 5726
f 5979 5978 5725
f 5980 5726 5727
f 5980 5979 5726
f 5981 5727 5728
f 5981 5728 5729
f 5981 5980 5727
f 5982 5981 5729
f 5983 5729 5730
f 5983 5982 5729
f 5984 5730 5731
f 5984 5983 5730
f 5985 5731 5732
f 5985 5984 5731
f 5986 5732 5733
f 5986 5733 5734
f 5986 5985 5732
f 5987 5986 5734
f 5988 5734 5735
f 5988 5987 5734
f 5989 5735 5736
f 5989 5988 5735
f 5990 5736 5737
f 5990 5989 5736
f 5991 5737 5738
f 5991 5990 5737
f 5992 5738 5739
f 5992 5991 5738
f 5993 5739 5740
f 5993 5992 5739
f 5994 5740 5741
f 5994 5993 5740
f 5995 5994 5741
f 5995 5741 5742
f 5996 5995 5742
f 5996 5742 5743
f 5996 5743 5744
f 5997 5996 5744
f 5998 5997 5744
f 5998 5744 5745
f 5999 5998 5745
f 5999 5745 5746
f 5999 5746 5747
f 6000 5999 5747
f 6000 5747 5748
f 6001 6000 5748
f 6002 6001 5748
f 6002 5748 5749
f 6003 6002 5749
f 6003 5749 5750
f 6003 5750 5751
f 6004 6003 5751
f 6005 6004 5751
f 6005 5751 5752
f 6005 5752 5753
f 6006 6005 5753
f 6007 6006 5753
f 6007 5753 5754
f 6007 5754 5755
f 6008 6007 5755
f 6008 5755 5756
f 6009 6008 5756
f 6009 5756 5757
f 6010 6009 5757
f 6011 6010 5757
f 6011 5757 5758
f 6012 5758 5759
f 6012 6011 5758
f 6012 5759 5760
f 6013 5760 5761
f 6013 6012 5760
f 6014 6013 5761
f 6015 5761 5762
f 6015 5762 5763
f 6015 6014 5761
f 6016 6015 5763
f 6017 5763 5764
f 6017 5764 5765
f 6017 6016 5763
f 6018 6017 5765
f 6019 5765 5766
f 6019 5766 5767
f 6019 6018 5765
f 6020 5767 5768
f 6020 6019 5767
f 6021 6020 5768
f 6022 6021 5768
f 6022 5768 5769
f 6022 5769 5770
f 6023 6022 5770
f 6023 5770 5771
f 6024 6023 5771
f 6024 5771 5772
f 6025 6024 5772
f 6026 6025 5772
f 6026 5772 5773
f 6026 5773 5774
f 6027 6026 5774
f 6028 6027 5774
f 6028 5774 5775
f 6029 6028 5775
f 6029 5775 5776
f 6030 6029 5776
f 6030 5776 5777
f 6030 5777 5778
f 6031 6030 5778
f 6031 5778 5779
f 6032 6031 5779
f 6033 6032 5779
f 6033 5779 5780
f 6033 5780 5781
f 6034 6033 5781
f 6034 5781 5782
f 6035 6034 5782
f 6036 6035 5782
f 6036 5782 5783
f 6036 5783 5784
f 6037 6036 5784
f 6038 6037 5784
f 6038 5784 5785
f 6039 6038 5785
f 6039 5785 5786
f 6039 5786 5787
f 6040 6039 5787
f 6040 5787 5788
f 6041 6040 5788
f 6041 5788 5789
f 6042 6041 5789
f 6043 6042 5789
f 6043 5789 5790
f 6043 5790 5791
f 6044 6043 5791
f 6045 5792 5793
f 6045 6044 5791
f 6045 5791 5792
f 6046 5793 5794
f 6046 6045 5793
f 6047 6046 5794
f 6048 5794 5795
f 6048 5795 5796
f 6048 6047 5794
f 6049 6048 5796
f 6050 5796 5797
f 6050 5797 5798
f 6050 6049 5796
f 6051 5798 5799
f 6051 6050 5798
f 6052 6051 5799
f 6053 5799 5800
f 6053 5800 5801
f 6053 6052 5799
f 6054 6053 5801
f 6055 5801 5802
f 6055 6054 5801
f 6056 5802 5803
f 6056 6055 5802
f 6057 5803 5804
f 6057 6056 5803
f 6058 5804 5805
f 6058 6057 5804
f 6059 5805 5806
f 6059 5806 5807
f 6059 6058 5805
f 6060 6059 5807
f 6061 5807 5808
f 6061 6060 5807
f 6062 5808 5809
f 6062 6061 5808
f 6063 5809 5810
f 6063 6062 5809
f 6064 5810 5811
f 6064 5811 5812
f 6064 6063 5810
f 6065 5812 5813
f 6065 6064 5812
f 6066 6065 5813
f 6067 5813 5814
f 6067 5814 5815
f 6067 6066 5813
f 6068 6067 5815
f 6069 5815 5816
f 6069 6068 5815
f 6070 5816 5817
f 6070 5817 5818
f 6070 6069 5816
f 6071 6070 5818
f 6072 6071 5818
f 6072 5818 5819
f 6072 5819 5820
f 6073 6072 5820
f 6074 6073 5820
f 6074 5820 5821
f 6075 6074 5821
f 6075 5821 5822
f 6075 5822 5823
f 6076 6075 5823
f 6077 6076 5823
f 6077 5823 5824
f 6078 6077 5824
f 6078 5824 5825
f 6079 6078 5825
f 6079 5825 5826
f 6079 5826 5827
f 6080 6079 5827
f 6081 5827 5828
f 6081 6080 5827
f 6082 5828 5829
f 6082 6081 5828
f 6083 5829 5830
f 6083 6082 5829
f 6084 5830 5831
f 6084 5831 5832
f 6084 6083 5830
f 6085 6084 5832
f 6086 5832 5833
f 6086 6085 5832
f 6087 5833 5834
f 6087 5834 5835
f 6087 6086 5833
f 6088 6087 5835
f 6089 5835 5836
f 6089 6088 5835
f 6090 5836 5837
f 6090 6089 5836
f 6091 5837 5838
f 6091 6090 5837
f 6092 5838 5839
f 6092 6091 5838
f 6093 5839 5840
f 6093 6092 5839
f 6094 5840 5841
f 6094 6093 5840
f 6095 5841 5842
f 6095 6094 5841
f 6096 6095 5842
f 6096 5842 5843
f 6096 5843 5844
f 5845 6096 5844
