v 0.020000 0.0525 0.016000
v 0.020000 0.0525 2.108000
v 0.020000 0.0155 0.016000
v 0.020000 0.0155 2.108000
v 0.020000 0.0525 0.016000
v 0.020000 0.0525 2.108000
v 0.020003 0.052657 0.016000
v 0.020012 0.052814 0.016000
v 0.020028 0.05297 0.016000
v 0.020049 0.053126 0.016000
v 0.020077 0.05328 0.016000
v 0.020111 0.053434 0.016000
v 0.020150 0.053586 0.016000
v 0.020196 0.053736 0.016000
v 0.020247 0.053884 0.016000
v 0.020304 0.054031 0.016000
v 0.020367 0.054175 0.016000
v 0.020436 0.054316 0.016000
v 0.020510 0.054454 0.016000
v 0.020589 0.05459 0.016000
v 0.020674 0.054722 0.016000
v 0.020764 0.054851 0.016000
v 0.020859 0.054976 0.016000
v 0.020958 0.055098 0.016000
v 0.021063 0.055215 0.016000
v 0.021172 0.055328 0.016000
v 0.021285 0.055437 0.016000
v 0.021402 0.055542 0.016000
v 0.021524 0.055641 0.016000
v 0.021649 0.055736 0.016000
v 0.021778 0.055826 0.016000
v 0.021910 0.055911 0.016000
v 0.022046 0.05599 0.016000
v 0.022184 0.056064 0.016000
v 0.022325 0.056133 0.016000
v 0.022469 0.056196 0.016000
v 0.022616 0.056253 0.016000
v 0.022764 0.056304 0.016000
v 0.022914 0.05635 0.016000
v 0.023066 0.056389 0.016000
v 0.023220 0.056423 0.016000
v 0.023374 0.056451 0.016000
v 0.023530 0.056472 0.016000
v 0.023686 0.056488 0.016000
v 0.023843 0.056497 0.016000
v 0.024000 0.0565 0.016000
v 0.024000 0.0565 2.108000
v 0.020003 0.052657 2.108000
v 0.020012 0.052814 2.108000
v 0.020028 0.05297 2.108000
v 0.020049 0.053126 2.108000
v 0.020077 0.05328 2.108000
v 0.020111 0.053434 2.108000
v 0.020150 0.053586 2.108000
v 0.020196 0.053736 2.108000
v 0.020247 0.053884 2.108000
v 0.020304 0.054031 2.108000
v 0.020367 0.054175 2.108000
v 0.020436 0.054316 2.108000
v 0.020510 0.054454 2.108000
v 0.020589 0.05459 2.108000
v 0.020674 0.054722 2.108000
v 0.020764 0.054851 2.108000
v 0.020859 0.054976 2.108000
v 0.020958 0.055098 2.108000
v 0.021063 0.055215 2.108000
v 0.021172 0.055328 2.108000
v 0.021285 0.055437 2.108000
v 0.021402 0.055542 2.108000
v 0.021524 0.055641 2.108000
v 0.021649 0.055736 2.108000
v 0.021778 0.055826 2.108000
v 0.021910 0.055911 2.108000
v 0.022046 0.05599 2.108000
v 0.022184 0.056064 2.108000
v 0.022325 0.056133 2.108000
v 0.022469 0.056196 2.108000
v 0.022616 0.056253 2.108000
v 0.022764 0.056304 2.108000
v 0.022914 0.05635 2.108000
v 0.023066 0.056389 2.108000
v 0.023220 0.056423 2.108000
v 0.023374 0.056451 2.108000
v 0.023530 0.056472 2.108000
v 0.023686 0.056488 2.108000
v 0.023843 0.056497 2.108000
v 0.024000 0.0525 0.012000
v 0.023843 0.0525 0.012003
v 0.023686 0.0525 0.012012
v 0.023530 0.0525 0.012028
v 0.023374 0.0525 0.012049
v 0.023220 0.0525 0.012077
v 0.023066 0.0525 0.012111
v 0.022914 0.0525 0.012150
v 0.022764 0.0525 0.012196
v 0.022616 0.0525 0.012247
v 0.022469 0.0525 0.012304
v 0.022325 0.0525 0.012367
v 0.022184 0.0525 0.012436
v 0.022046 0.0525 0.012510
v 0.021910 0.0525 0.012589
v 0.021778 0.0525 0.012674
v 0.021649 0.0525 0.012764
v 0.021524 0.0525 0.012859
v 0.021402 0.0525 0.012958
v 0.021285 0.0525 0.013063
v 0.021172 0.0525 0.013172
v 0.021063 0.0525 0.013285
v 0.020958 0.0525 0.013402
v 0.020859 0.0525 0.013524
v 0.020764 0.0525 0.013649
v 0.020674 0.0525 0.013778
v 0.020589 0.0525 0.013910
v 0.020510 0.0525 0.014046
v 0.020436 0.0525 0.014184
v 0.020367 0.0525 0.014325
v 0.020304 0.0525 0.014469
v 0.020247 0.0525 0.014616
v 0.020196 0.0525 0.014764
v 0.020150 0.0525 0.014914
v 0.020111 0.0525 0.015066
v 0.020077 0.0525 0.015220
v 0.020049 0.0525 0.015374
v 0.020028 0.0525 0.015530
v 0.020012 0.0525 0.015686
v 0.020003 0.0525 0.015843
v 0.020000 0.0525 0.016000
v 0.024000 0.0155 0.012000
v 0.023843 0.0155 0.012003
v 0.023686 0.0155 0.012012
v 0.023530 0.0155 0.012028
v 0.023374 0.0155 0.012049
v 0.023220 0.0155 0.012077
v 0.023066 0.0155 0.012111
v 0.022914 0.0155 0.012150
v 0.022764 0.0155 0.012196
v 0.022616 0.0155 0.012247
v 0.022469 0.0155 0.012304
v 0.022325 0.0155 0.012367
v 0.022184 0.0155 0.012436
v 0.022046 0.0155 0.012510
v 0.021910 0.0155 0.012589
v 0.021778 0.0155 0.012674
v 0.021649 0.0155 0.012764
v 0.021524 0.0155 0.012859
v 0.021402 0.0155 0.012958
v 0.021285 0.0155 0.013063
v 0.021172 0.0155 0.013172
v 0.021063 0.0155 0.013285
v 0.020958 0.0155 0.013402
v 0.020859 0.0155 0.013524
v 0.020764 0.0155 0.013649
v 0.020674 0.0155 0.013778
v 0.020589 0.0155 0.013910
v 0.020510 0.0155 0.014046
v 0.020436 0.0155 0.014184
v 0.020367 0.0155 0.014325
v 0.020304 0.0155 0.014469
v 0.020247 0.0155 0.014616
v 0.020196 0.0155 0.014764
v 0.020150 0.0155 0.014914
v 0.020111 0.0155 0.015066
v 0.020077 0.0155 0.015220
v 0.020049 0.0155 0.015374
v 0.020028 0.0155 0.015530
v 0.020012 0.0155 0.015686
v 0.020003 0.0155 0.015843
v 0.020000 0.0155 0.016000
v 0.024000 0.0525 2.112000
v 0.023843 0.0525 2.111997
v 0.023686 0.0525 2.111988
v 0.023530 0.0525 2.111972
v 0.023374 0.0525 2.111951
v 0.023220 0.0525 2.111923
v 0.023066 0.0525 2.111889
v 0.022914 0.0525 2.111850
v 0.022764 0.0525 2.111804
v 0.022616 0.0525 2.111753
v 0.022469 0.0525 2.111696
v 0.022325 0.0525 2.111633
v 0.022184 0.0525 2.111564
v 0.022046 0.0525 2.111490
v 0.021910 0.0525 2.111411
v 0.021778 0.0525 2.111326
v 0.021649 0.0525 2.111236
v 0.021524 0.0525 2.111141
v 0.021402 0.0525 2.111042
v 0.021285 0.0525 2.110937
v 0.021172 0.0525 2.110828
v 0.021063 0.0525 2.110715
v 0.020958 0.0525 2.110598
v 0.020859 0.0525 2.110476
v 0.020764 0.0525 2.110351
v 0.020674 0.0525 2.110222
v 0.020589 0.0525 2.110090
v 0.020510 0.0525 2.109954
v 0.020436 0.0525 2.109816
v 0.020367 0.0525 2.109675
v 0.020304 0.0525 2.109531
v 0.020247 0.0525 2.109384
v 0.020196 0.0525 2.109236
v 0.020150 0.0525 2.109086
v 0.020111 0.0525 2.108934
v 0.020077 0.0525 2.108780
v 0.020049 0.0525 2.108626
v 0.020028 0.0525 2.108470
v 0.020012 0.0525 2.108314
v 0.020003 0.0525 2.108157
v 0.020000 0.0525 2.108000
v 0.024000 0.0155 2.112000
v 0.020000 0.0155 2.108000
v 0.020003 0.0155 2.108157
v 0.020012 0.0155 2.108314
v 0.020028 0.0155 2.108470
v 0.020049 0.0155 2.108626
v 0.020077 0.0155 2.108780
v 0.020111 0.0155 2.108934
v 0.020150 0.0155 2.109086
v 0.020196 0.0155 2.109236
v 0.020247 0.0155 2.109384
v 0.020304 0.0155 2.109531
v 0.020367 0.0155 2.109675
v 0.020436 0.0155 2.109816
v 0.020510 0.0155 2.109954
v 0.020589 0.0155 2.110090
v 0.020674 0.0155 2.110222
v 0.020764 0.0155 2.110351
v 0.020859 0.0155 2.110476
v 0.020958 0.0155 2.110598
v 0.021063 0.0155 2.110715
v 0.021172 0.0155 2.110828
v 0.021285 0.0155 2.110937
v 0.021402 0.0155 2.111042
v 0.021524 0.0155 2.111141
v 0.021649 0.0155 2.111236
v 0.021778 0.0155 2.111326
v 0.021910 0.0155 2.111411
v 0.022046 0.0155 2.111490
v 0.022184 0.0155 2.111564
v 0.022325 0.0155 2.111633
v 0.022469 0.0155 2.111696
v 0.022616 0.0155 2.111753
v 0.022764 0.0155 2.111804
v 0.022914 0.0155 2.111850
v 0.023066 0.0155 2.111889
v 0.023220 0.0155 2.111923
v 0.023374 0.0155 2.111951
v 0.023530 0.0155 2.111972
v 0.023686 0.0155 2.111988
v 0.023843 0.0155 2.111997
v 0.020000 0.0155 0.016000
v 0.020000 0.0155 2.108000
v 0.020003 0.015343 0.016000
v 0.020012 0.015186 0.016000
v 0.020028 0.01503 0.016000
v 0.020049 0.014874 0.016000
v 0.020077 0.01472 0.016000
v 0.020111 0.014566 0.016000
v 0.020150 0.014414 0.016000
v 0.020196 0.014264 0.016000
v 0.020247 0.014116 0.016000
v 0.020304 0.013969 0.016000
v 0.020367 0.013825 0.016000
v 0.020436 0.013684 0.016000
v 0.020510 0.013546 0.016000
v 0.020589 0.01341 0.016000
v 0.020674 0.013278 0.016000
v 0.020764 0.013149 0.016000
v 0.020859 0.013024 0.016000
v 0.020958 0.012902 0.016000
v 0.021063 0.012785 0.016000
v 0.021172 0.012672 0.016000
v 0.021285 0.012563 0.016000
v 0.021402 0.012458 0.016000
v 0.021524 0.012359 0.016000
v 0.021649 0.012264 0.016000
v 0.021778 0.012174 0.016000
v 0.021910 0.012089 0.016000
v 0.022046 0.01201 0.016000
v 0.022184 0.011936 0.016000
v 0.022325 0.011867 0.016000
v 0.022469 0.011804 0.016000
v 0.022616 0.011747 0.016000
v 0.022764 0.011696 0.016000
v 0.022914 0.01165 0.016000
v 0.023066 0.011611 0.016000
v 0.023220 0.011577 0.016000
v 0.023374 0.011549 0.016000
v 0.023530 0.011528 0.016000
v 0.023686 0.011512 0.016000
v 0.023843 0.011503 0.016000
v 0.024000 0.0115 0.016000
v 0.024000 0.0115 2.108000
v 0.023843 0.011503 2.108000
v 0.023686 0.011512 2.108000
v 0.023530 0.011528 2.108000
v 0.023374 0.011549 2.108000
v 0.023220 0.011577 2.108000
v 0.023066 0.011611 2.108000
v 0.022914 0.01165 2.108000
v 0.022764 0.011696 2.108000
v 0.022616 0.011747 2.108000
v 0.022469 0.011804 2.108000
v 0.022325 0.011867 2.108000
v 0.022184 0.011936 2.108000
v 0.022046 0.01201 2.108000
v 0.021910 0.012089 2.108000
v 0.021778 0.012174 2.108000
v 0.021649 0.012264 2.108000
v 0.021524 0.012359 2.108000
v 0.021402 0.012458 2.108000
v 0.021285 0.012563 2.108000
v 0.021172 0.012672 2.108000
v 0.021063 0.012785 2.108000
v 0.020958 0.012902 2.108000
v 0.020859 0.013024 2.108000
v 0.020764 0.013149 2.108000
v 0.020674 0.013278 2.108000
v 0.020589 0.01341 2.108000
v 0.020510 0.013546 2.108000
v 0.020436 0.013684 2.108000
v 0.020367 0.013825 2.108000
v 0.020304 0.013969 2.108000
v 0.020247 0.014116 2.108000
v 0.020196 0.014264 2.108000
v 0.020150 0.014414 2.108000
v 0.020111 0.014566 2.108000
v 0.020077 0.01472 2.108000
v 0.020049 0.014874 2.108000
v 0.020028 0.01503 2.108000
v 0.020012 0.015186 2.108000
v 0.020003 0.015343 2.108000
v 0.024000 0.0525 0.012000
v 0.023843 0.0525 0.012003
v 0.023686 0.0525 0.012012
v 0.023530 0.0525 0.012028
v 0.023374 0.0525 0.012049
v 0.023220 0.0525 0.012077
v 0.023066 0.0525 0.012111
v 0.022914 0.0525 0.012150
v 0.022764 0.0525 0.012196
v 0.022616 0.0525 0.012247
v 0.022469 0.0525 0.012304
v 0.022325 0.0525 0.012367
v 0.022184 0.0525 0.012436
v 0.022046 0.0525 0.012510
v 0.021910 0.0525 0.012589
v 0.021778 0.0525 0.012674
v 0.021649 0.0525 0.012764
v 0.021524 0.0525 0.012859
v 0.021402 0.0525 0.012958
v 0.021285 0.0525 0.013063
v 0.021172 0.0525 0.013172
v 0.021063 0.0525 0.013285
v 0.020958 0.0525 0.013402
v 0.020859 0.0525 0.013524
v 0.020764 0.0525 0.013649
v 0.020674 0.0525 0.013778
v 0.020589 0.0525 0.013910
v 0.020510 0.0525 0.014046
v 0.020436 0.0525 0.014184
v 0.020367 0.0525 0.014325
v 0.020304 0.0525 0.014469
v 0.020247 0.0525 0.014616
v 0.020196 0.0525 0.014764
v 0.020150 0.0525 0.014914
v 0.020111 0.0525 0.015066
v 0.020077 0.0525 0.015220
v 0.020049 0.0525 0.015374
v 0.020028 0.0525 0.015530
v 0.020012 0.0525 0.015686
v 0.020003 0.0525 0.015843
v 0.020000 0.0525 0.016000
v 0.024000 0.0525 0.012000
v 0.024000 0.052657 0.012003
v 0.024000 0.052814 0.012012
v 0.024000 0.05297 0.012028
v 0.024000 0.053126 0.012049
v 0.024000 0.05328 0.012077
v 0.024000 0.053434 0.012111
v 0.024000 0.053586 0.012150
v 0.024000 0.053736 0.012196
v 0.024000 0.053884 0.012247
v 0.024000 0.054031 0.012304
v 0.024000 0.054175 0.012367
v 0.024000 0.054316 0.012436
v 0.024000 0.054454 0.012510
v 0.024000 0.05459 0.012589
v 0.024000 0.054722 0.012674
v 0.024000 0.054851 0.012764
v 0.024000 0.054976 0.012859
v 0.024000 0.055098 0.012958
v 0.024000 0.055215 0.013063
v 0.024000 0.055328 0.013172
v 0.024000 0.055437 0.013285
v 0.024000 0.055542 0.013402
v 0.024000 0.055641 0.013524
v 0.024000 0.055736 0.013649
v 0.024000 0.055826 0.013778
v 0.024000 0.055911 0.013910
v 0.024000 0.05599 0.014046
v 0.024000 0.056064 0.014184
v 0.024000 0.056133 0.014325
v 0.024000 0.056196 0.014469
v 0.024000 0.056253 0.014616
v 0.024000 0.056304 0.014764
v 0.024000 0.05635 0.014914
v 0.024000 0.056389 0.015066
v 0.024000 0.056423 0.015220
v 0.024000 0.056451 0.015374
v 0.024000 0.056472 0.015530
v 0.024000 0.056488 0.015686
v 0.024000 0.056497 0.015843
v 0.024000 0.0565 0.016000
v 0.020003 0.052657 0.016000
v 0.020012 0.052814 0.016000
v 0.020028 0.05297 0.016000
v 0.020049 0.053126 0.016000
v 0.020077 0.05328 0.016000
v 0.020111 0.053434 0.016000
v 0.020150 0.053586 0.016000
v 0.020196 0.053736 0.016000
v 0.020247 0.053884 0.016000
v 0.020304 0.054031 0.016000
v 0.020367 0.054175 0.016000
v 0.020436 0.054316 0.016000
v 0.020510 0.054454 0.016000
v 0.020589 0.05459 0.016000
v 0.020674 0.054722 0.016000
v 0.020764 0.054851 0.016000
v 0.020859 0.054976 0.016000
v 0.020958 0.055098 0.016000
v 0.021063 0.055215 0.016000
v 0.021172 0.055328 0.016000
v 0.021285 0.055437 0.016000
v 0.021402 0.055542 0.016000
v 0.021524 0.055641 0.016000
v 0.021649 0.055736 0.016000
v 0.021778 0.055826 0.016000
v 0.021910 0.055911 0.016000
v 0.022046 0.05599 0.016000
v 0.022184 0.056064 0.016000
v 0.022325 0.056133 0.016000
v 0.022469 0.056196 0.016000
v 0.022616 0.056253 0.016000
v 0.022764 0.056304 0.016000
v 0.022914 0.05635 0.016000
v 0.023066 0.056389 0.016000
v 0.023220 0.056423 0.016000
v 0.023374 0.056451 0.016000
v 0.023530 0.056472 0.016000
v 0.023686 0.056488 0.016000
v 0.023843 0.056497 0.016000
v 0.023784 0.052506 0.012006
v 0.023784 0.052518 0.012006
v 0.023785 0.052529 0.012006
v 0.023568 0.052523 0.012023
v 0.023787 0.052541 0.012006
v 0.023570 0.052547 0.012023
v 0.023353 0.052518 0.012053
v 0.023790 0.052552 0.012006
v 0.023573 0.05257 0.012023
v 0.023355 0.052553 0.012053
v 0.023793 0.052564 0.012006
v 0.023578 0.052593 0.012023
v 0.023359 0.052587 0.012053
v 0.023141 0.052547 0.012094
v 0.023797 0.052575 0.012006
v 0.023583 0.052616 0.012023
v 0.023364 0.052622 0.012053
v 0.023145 0.052593 0.012094
v 0.023801 0.052586 0.012006
v 0.022930 0.052529 0.012146
v 0.023590 0.052638 0.012023
v 0.023372 0.052656 0.012053
v 0.023151 0.052639 0.012094
v 0.023806 0.052596 0.012006
v 0.022933 0.052587 0.012146
v 0.023598 0.05266 0.012023
v 0.023381 0.05269 0.012053
v 0.023160 0.052685 0.012094
v 0.023811 0.052607 0.012006
v 0.022940 0.052644 0.012146
v 0.023607 0.052682 0.012023
v 0.022725 0.052569 0.012209
v 0.023393 0.052723 0.012053
v 0.023171 0.05273 0.012094
v 0.023818 0.052617 0.012006
v 0.022949 0.052702 0.012146
v 0.023618 0.052703 0.012023
v 0.022730 0.052638 0.012209
v 0.023406 0.052756 0.012053
v 0.022520 0.05254 0.012284
v 0.023185 0.052775 0.012094
v 0.023824 0.052626 0.012006
v 0.022962 0.052758 0.012146
v 0.023629 0.052723 0.012023
v 0.022740 0.052707 0.012209
v 0.023420 0.052788 0.012053
v 0.022524 0.05262 0.012284
v 0.023201 0.052818 0.012094
v 0.023831 0.052636 0.012006
v 0.022977 0.052814 0.012146
v 0.023642 0.052743 0.012023
v 0.022753 0.052775 0.012209
v 0.023437 0.052818 0.012053
v 0.022533 0.0527 0.012284
v 0.023220 0.052861 0.012094
v 0.022323 0.052591 0.012370
v 0.023839 0.052645 0.012006
v 0.022996 0.052869 0.012146
v 0.023656 0.052762 0.012023
v 0.022769 0.052842 0.012209
v 0.023455 0.052849 0.012053
v 0.022546 0.052779 0.012284
v 0.023240 0.052903 0.012094
v 0.022330 0.052682 0.012370
v 0.023847 0.052653 0.012006
v 0.023017 0.052923 0.012146
v 0.022127 0.052551 0.012466
v 0.023670 0.05278 0.012023
v 0.022790 0.052908 0.012209
v 0.023474 0.052878 0.012053
v 0.022563 0.052857 0.012284
v 0.023263 0.052943 0.012094
v 0.022343 0.052772 0.012370
v 0.023855 0.052661 0.012006
v 0.023041 0.052975 0.012146
v 0.022133 0.052652 0.012466
v 0.023686 0.052797 0.012023
v 0.022814 0.052973 0.012209
v 0.023496 0.052905 0.012053
v 0.022585 0.052935 0.012284
v 0.023288 0.052983 0.012094
v 0.022360 0.052861 0.012370
v 0.023864 0.052669 0.012006
v 0.023068 0.053027 0.012146
v 0.022144 0.052753 0.012466
v 0.023703 0.052814 0.012023
v 0.022841 0.053036 0.012209
v 0.021941 0.052612 0.012573
v 0.023518 0.052932 0.012053
v 0.022610 0.053011 0.012284
v 0.023315 0.05302 0.012094
v 0.022382 0.052949 0.012370
v 0.023874 0.052676 0.012006
v 0.023098 0.053076 0.012146
v 0.022160 0.052853 0.012466
v 0.023720 0.05283 0.012023
v 0.022872 0.053098 0.012209
v 0.021950 0.052723 0.012573
v 0.023542 0.052958 0.012053
v 0.022640 0.053085 0.012284
v 0.021756 0.052561 0.012689
v 0.023345 0.053057 0.012094
v 0.022408 0.053036 0.012370
v 0.023883 0.052682 0.012006
v 0.023131 0.053124 0.012146
v 0.022182 0.052952 0.012466
v 0.023738 0.052844 0.012023
v 0.022906 0.053158 0.012209
v 0.021965 0.052834 0.012573
v 0.023568 0.052982 0.012053
v 0.022674 0.053158 0.012284
v 0.021763 0.052682 0.012689
v 0.023376 0.053091 0.012094
v 0.022440 0.053122 0.012370
v 0.023893 0.052689 0.012006
v 0.023166 0.05317 0.012146
v 0.022209 0.05305 0.012466
v 0.023757 0.052858 0.012023
v 0.022943 0.053217 0.012209
v 0.021986 0.052943 0.012573
v 0.023595 0.053004 0.012053
v 0.022711 0.053229 0.012284
v 0.021776 0.052803 0.012689
v 0.023409 0.053124 0.012094
v 0.022476 0.053205 0.012370
v 0.021583 0.052631 0.012816
v 0.023904 0.052694 0.012006
v 0.023203 0.053215 0.012146
v 0.022241 0.053146 0.012466
v 0.023777 0.052871 0.012023
v 0.022983 0.053273 0.012209
v 0.022013 0.053052 0.012573
v 0.023622 0.053026 0.012053
v 0.022753 0.053297 0.012284
v 0.021795 0.052923 0.012689
v 0.023443 0.053155 0.012094
v 0.022516 0.053287 0.012370
v 0.021593 0.052762 0.012816
v 0.023914 0.052699 0.012006
v 0.023243 0.053257 0.012146
v 0.022279 0.05324 0.012466
v 0.021411 0.05257 0.012951
v 0.023797 0.052882 0.012023
v 0.023027 0.053327 0.012209
v 0.022046 0.053158 0.012573
v 0.023651 0.053045 0.012053
v 0.022798 0.053364 0.012284
v 0.021822 0.053042 0.012689
v 0.023480 0.053185 0.012094
v 0.022561 0.053366 0.012370
v 0.021611 0.052892 0.012816
v 0.023925 0.052703 0.012006
v 0.023285 0.053297 0.012146
v 0.022321 0.053332 0.012466
v 0.021419 0.05271 0.012951
v 0.023818 0.052893 0.012023
v 0.023073 0.053378 0.012209
v 0.022084 0.053263 0.012573
v 0.023682 0.053063 0.012053
v 0.022846 0.053428 0.012284
v 0.021854 0.053159 0.012689
v 0.023517 0.053212 0.012094
v 0.022610 0.053443 0.012370
v 0.021636 0.05302 0.012816
v 0.023936 0.052707 0.012006
v 0.023330 0.053334 0.012146
v 0.022369 0.053422 0.012466
v 0.021434 0.05285 0.012951
v 0.023840 0.052902 0.012023
v 0.023122 0.053427 0.012209
v 0.022128 0.053366 0.012573
v 0.021253 0.052649 0.013096
v 0.023712 0.05308 0.012053
v 0.022898 0.053489 0.012284
v 0.021893 0.053274 0.012689
v 0.023557 0.053237 0.012094
v 0.022663 0.053516 0.012370
v 0.021668 0.053148 0.012816
v 0.023948 0.05271 0.012006
v 0.023376 0.053369 0.012146
v 0.022421 0.053509 0.012466
v 0.021457 0.052988 0.012951
v 0.023862 0.05291 0.012023
v 0.023173 0.053473 0.012209
v 0.022178 0.053466 0.012573
v 0.021265 0.052797 0.013096
v 0.023744 0.053094 0.012053
v 0.022953 0.053547 0.012284
v 0.021938 0.053387 0.012689
v 0.021097 0.052579 0.013249
v 0.023597 0.05326 0.012094
v 0.022720 0.053587 0.012370
v 0.021706 0.053273 0.012816
v 0.023959 0.052713 0.012006
v 0.023424 0.053402 0.012146
v 0.022478 0.053593 0.012466
v 0.021487 0.053125 0.012951
v 0.023884 0.052917 0.012023
v 0.023227 0.053517 0.012209
v 0.022233 0.053563 0.012573
v 0.021285 0.052945 0.013096
v 0.023777 0.053107 0.012053
v 0.023011 0.053602 0.012284
v 0.021989 0.053497 0.012689
v 0.021106 0.052736 0.013249
v 0.023639 0.05328 0.012094
v 0.022781 0.053655 0.012370
v 0.021751 0.053396 0.012816
v 0.023971 0.052715 0.012006
v 0.023473 0.053432 0.012146
v 0.022540 0.053674 0.012466
v 0.021525 0.05326 0.012951
v 0.023907 0.052922 0.012023
v 0.023283 0.053557 0.012209
v 0.022293 0.053657 0.012573
v 0.021314 0.053091 0.013096
v 0.023810 0.053119 0.012053
v 0.023072 0.053654 0.012284
v 0.022046 0.053605 0.012689
v 0.021123 0.052892 0.013249
v 0.023682 0.053299 0.012094
v 0.022845 0.053719 0.012370
v 0.021803 0.053516 0.012816
v 0.020956 0.052665 0.013410
v 0.023982 0.052716 0.012006
v 0.023525 0.053459 0.012146
v 0.022605 0.053751 0.012466
v 0.021569 0.053393 0.012951
v 0.023930 0.052927 0.012023
v 0.023342 0.053594 0.012209
v 0.022358 0.053748 0.012573
v 0.021349 0.053236 0.013096
v 0.023844 0.053128 0.012053
v 0.023136 0.053702 0.012284
v 0.022109 0.053709 0.012689
v 0.021148 0.053047 0.013249
v 0.023725 0.053315 0.012094
v 0.022913 0.05378 0.012370
v 0.021861 0.053634 0.012816
v 0.020969 0.05283 0.013410
v 0.023994 0.052716 0.012006
v 0.023577 0.053483 0.012146
v 0.022675 0.053825 0.012466
v 0.021621 0.053523 0.012951
v 0.020817 0.052586 0.013579
v 0.023953 0.05293 0.012023
v 0.023402 0.053628 0.012209
v 0.022428 0.053835 0.012573
v 0.021393 0.053378 0.013096
v 0.023878 0.053136 0.012053
v 0.023203 0.053747 0.012284
v 0.022177 0.05381 0.012689
v 0.021182 0.053201 0.013249
v 0.023770 0.053329 0.012094
v 0.022984 0.053837 0.012370
v 0.021926 0.053748 0.012816
v 0.020992 0.052993 0.013410
v 0.023631 0.053504 0.012146
v 0.022749 0.053895 0.012466
v 0.021680 0.053651 0.012951
v 0.020826 0.052758 0.013579
v 0.023977 0.052932 0.012023
v 0.023464 0.053659 0.012209
v 0.022503 0.053918 0.012573
v 0.021445 0.053518 0.013096
v 0.023913 0.053141 0.012053
v 0.023271 0.053789 0.012284
v 0.022250 0.053906 0.012689
v 0.021224 0.053352 0.013249
v 0.023815 0.05334 0.012094
v 0.023057 0.05389 0.012370
v 0.021996 0.053858 0.012816
v 0.021023 0.053155 0.013410
v 0.023686 0.053523 0.012146
v 0.022826 0.05396 0.012466
v 0.021746 0.053774 0.012951
v 0.020845 0.05293 0.013579
v 0.023527 0.053686 0.012209
v 0.022582 0.053997 0.012573
v 0.021503 0.053655 0.013096
v 0.020694 0.052679 0.013755
v 0.023947 0.053145 0.012053
v 0.023342 0.053826 0.012284
v 0.022329 0.053999 0.012689
v 0.021274 0.053501 0.013249
v 0.023861 0.053349 0.012094
v 0.023134 0.053939 0.012370
v 0.022073 0.053965 0.012816
v 0.021062 0.053316 0.013410
v 0.023742 0.053538 0.012146
v 0.022907 0.054022 0.012466
v 0.021818 0.053895 0.012951
v 0.020873 0.0531 0.013579
v 0.023592 0.05371 0.012209
v 0.022665 0.054072 0.012573
v 0.021570 0.053788 0.013096
v 0.020709 0.052858 0.013755
v 0.023982 0.053147 0.012053
v 0.023415 0.05386 0.012284
v 0.022413 0.054087 0.012689
v 0.021332 0.053648 0.013249
v 0.020574 0.052593 0.013938
v 0.023907 0.053355 0.012094
v 0.023213 0.053984 0.012370
v 0.022155 0.054067 0.012816
v 0.021111 0.053473 0.013410
v 0.023798 0.053551 0.012146
v 0.022991 0.054079 0.012466
v 0.021897 0.054011 0.012951
v 0.020910 0.053269 0.013579
v 0.023658 0.053731 0.012209
v 0.022752 0.054142 0.012573
v 0.021643 0.053918 0.013096
v 0.020733 0.053036 0.013755
v 0.023489 0.05389 0.012284
v 0.022501 0.054171 0.012689
v 0.021398 0.05379 0.013249
v 0.020584 0.052778 0.013938
v 0.023953 0.053359 0.012094
v 0.023295 0.054024 0.012370
v 0.022243 0.054165 0.012816
v 0.021168 0.053628 0.013410
v 0.023856 0.05356 0.012146
v 0.023078 0.054131 0.012466
v 0.021982 0.054122 0.012951
v 0.020956 0.053435 0.013579
v 0.023725 0.053747 0.012209
v 0.022843 0.054207 0.012573
v 0.021723 0.054044 0.013096
v 0.020767 0.053212 0.013755
v 0.023565 0.053915 0.012284
v 0.022594 0.05425 0.012689
v 0.021472 0.053929 0.013249
v 0.020604 0.052963 0.013938
v 0.023378 0.05406 0.012370
v 0.022335 0.054257 0.012816
v 0.021233 0.05378 0.013410
v 0.020471 0.052691 0.014126
v 0.023913 0.053567 0.012146
v 0.023168 0.054179 0.012466
v 0.022072 0.054229 0.012951
v 0.021011 0.053598 0.013579
v 0.023793 0.05376 0.012209
v 0.022937 0.054267 0.012573
v 0.021810 0.054165 0.013096
v 0.020810 0.053386 0.013755
v 0.023643 0.053937 0.012284
v 0.022690 0.054323 0.012689
v 0.021553 0.054064 0.013249
v 0.020634 0.053146 0.013938
v 0.023464 0.054092 0.012370
v 0.022433 0.054345 0.012816
v 0.021306 0.053928 0.013410
v 0.020487 0.052882 0.014126
v 0.023971 0.05357 0.012146
v 0.023260 0.054221 0.012466
v 0.022169 0.054331 0.012951
v 0.021075 0.053758 0.013579
v 0.020371 0.052598 0.014320
v 0.023862 0.05377 0.012209
v 0.023034 0.054322 0.012573
v 0.021903 0.054281 0.013096
v 0.020863 0.053557 0.013755
v 0.023721 0.053954 0.012284
v 0.022791 0.054391 0.012689
v 0.021641 0.054194 0.013249
v 0.020674 0.053327 0.013938
v 0.023551 0.054118 0.012370
v 0.022535 0.054427 0.012816
v 0.021388 0.054072 0.013410
v 0.020513 0.053072 0.014126
v 0.023354 0.054259 0.012466
v 0.022271 0.054428 0.012951
v 0.021147 0.053915 0.013579
v 0.020382 0.052795 0.014320
v 0.023931 0.053775 0.012209
v 0.023134 0.054372 0.012573
v 0.022003 0.054392 0.013096
v 0.020924 0.053725 0.013755
v 0.023800 0.053967 0.012284
v 0.022895 0.054454 0.012689
v 0.021737 0.054319 0.013249
v 0.020724 0.053506 0.013938
v 0.023639 0.05414 0.012370
v 0.022642 0.054504 0.012816
v 0.021477 0.054211 0.013410
v 0.020549 0.05326 0.014126
v 0.023450 0.054291 0.012466
v 0.022378 0.054518 0.012951
v 0.021228 0.054067 0.013579
v 0.020403 0.05299 0.014320
v 0.023237 0.054416 0.012573
v 0.022108 0.054497 0.013096
v 0.020995 0.05389 0.013755
v 0.020290 0.052701 0.014519
v 0.023880 0.053976 0.012284
v 0.023003 0.054511 0.012689
v 0.021838 0.054439 0.013249
v 0.020783 0.053682 0.013938
v 0.023728 0.054157 0.012370
v 0.022752 0.054574 0.012816
v 0.021573 0.054345 0.013410
v 0.020595 0.053445 0.014126
v 0.023548 0.054318 0.012466
v 0.022489 0.054603 0.012951
v 0.021317 0.054215 0.013579
v 0.020435 0.053184 0.014320
v 0.023342 0.054454 0.012573
v 0.022219 0.054597 0.013096
v 0.021075 0.054051 0.013755
v 0.020306 0.052902 0.014519
v 0.023960 0.05398 0.012284
v 0.023113 0.054562 0.012689
v 0.021947 0.054553 0.013249
v 0.020852 0.053854 0.013938
v 0.020211 0.052603 0.014723
v 0.023818 0.05417 0.012370
v 0.022866 0.054639 0.012816
v 0.021676 0.054474 0.013410
v 0.020651 0.053628 0.014126
v 0.023647 0.05434 0.012466
v 0.022605 0.054682 0.012951
v 0.021414 0.054358 0.013579
v 0.020477 0.053376 0.014320
v 0.023448 0.054487 0.012573
v 0.022335 0.05469 0.013096
v 0.021163 0.054207 0.013755
v 0.020333 0.053101 0.014519
v 0.023226 0.054607 0.012689
v 0.022061 0.054662 0.013249
v 0.020929 0.054023 0.013938
v 0.020222 0.052808 0.014723
v 0.023909 0.054177 0.012370
v 0.022984 0.054697 0.012816
v 0.021787 0.054597 0.013410
v 0.020717 0.053808 0.014126
v 0.023747 0.054356 0.012466
v 0.022726 0.054754 0.012951
v 0.021518 0.054495 0.013579
v 0.020530 0.053566 0.014320
v 0.023557 0.054514 0.012573
v 0.022456 0.054777 0.013096
v 0.021260 0.054358 0.013755
v 0.020371 0.053299 0.014519
v 0.023341 0.054646 0.012689
v 0.022181 0.054763 0.013249
v 0.021016 0.054187 0.013938
v 0.020244 0.053012 0.014723
v 0.023104 0.054749 0.012816
v 0.021903 0.054713 0.013410
v 0.020793 0.053984 0.014126
v 0.020151 0.052709 0.014930
v 0.023848 0.054367 0.012466
v 0.022849 0.05482 0.012951
v 0.021630 0.054626 0.013579
v 0.020592 0.053752 0.014320
v 0.023666 0.054535 0.012573
v 0.022582 0.054857 0.013096
v 0.021364 0.054504 0.013755
v 0.020420 0.053494 0.014519
v 0.023458 0.054678 0.012689
v 0.022306 0.054859 0.013249
v 0.021112 0.054346 0.013938
v 0.020277 0.053214 0.014723
v 0.023227 0.054794 0.012816
v 0.022026 0.054824 0.013410
v 0.020878 0.054155 0.014126
v 0.020168 0.052917 0.014930
v 0.023949 0.054373 0.012466
v 0.022977 0.054879 0.012951
v 0.021748 0.054752 0.013579
v 0.020665 0.053935 0.014320
v 0.020095 0.052606 0.015140
v 0.023777 0.05455 0.012573
v 0.022712 0.05493 0.013096
v 0.021477 0.054643 0.013755
v 0.020479 0.053686 0.014519
v 0.023577 0.054705 0.012689
v 0.022436 0.054947 0.013249
v 0.021216 0.0545 0.013938
v 0.020321 0.053415 0.014723
v 0.023352 0.054832 0.012816
v 0.022155 0.054927 0.013410
v 0.020972 0.054322 0.014126
v 0.020197 0.053124 0.014930
v 0.023107 0.054931 0.012951
v 0.021874 0.05487 0.013579
v 0.020748 0.054113 0.014320
v 0.020106 0.052817 0.015140
v 0.023888 0.054559 0.012573
v 0.022845 0.054997 0.013096
v 0.021596 0.054777 0.013755
v 0.020548 0.053875 0.014519
v 0.023697 0.054724 0.012689
v 0.022571 0.055028 0.013249
v 0.021329 0.054647 0.013938
v 0.020376 0.053613 0.014723
v 0.023480 0.054864 0.012816
v 0.022289 0.055023 0.013410
v 0.021075 0.054483 0.014126
v 0.020236 0.053329 0.014930
v 0.023240 0.054975 0.012951
v 0.022005 0.054982 0.013579
v 0.020840 0.054287 0.014320
v 0.020129 0.053027 0.015140
v 0.022982 0.055055 0.013096
v 0.021723 0.054904 0.013755
v 0.020628 0.05406 0.014519
v 0.020058 0.052714 0.015353
v 0.023818 0.054737 0.012689
v 0.022710 0.055102 0.013249
v 0.021449 0.054789 0.013938
v 0.020442 0.053807 0.014723
v 0.023608 0.054889 0.012816
v 0.022428 0.055112 0.013410
v 0.021187 0.054639 0.014126
v 0.020286 0.053531 0.014930
v 0.023375 0.055013 0.012951
v 0.022142 0.055086 0.013579
v 0.020941 0.054455 0.014320
v 0.020164 0.053236 0.015140
v 0.023122 0.055107 0.013096
v 0.021857 0.055023 0.013755
v 0.020717 0.054241 0.014519
v 0.020076 0.052927 0.015353
v 0.023939 0.054744 0.012689
v 0.022852 0.055168 0.013249
v 0.021576 0.054924 0.013938
v 0.020518 0.053998 0.014723
v 0.020025 0.052608 0.015568
v 0.023738 0.054907 0.012816
v 0.022572 0.055194 0.013410
v 0.021306 0.054788 0.014126
v 0.020348 0.053731 0.014930
v 0.023512 0.055043 0.012951
v 0.022285 0.055183 0.013579
v 0.021052 0.054618 0.014320
v 0.020209 0.053443 0.015140
v 0.023264 0.055151 0.013096
v 0.021996 0.055136 0.013755
v 0.020816 0.054416 0.014519
v 0.020105 0.053139 0.015353
v 0.022999 0.055226 0.013249
v 0.021711 0.055051 0.013938
v 0.020604 0.054184 0.014723
v 0.020037 0.052823 0.015568
v 0.023869 0.054917 0.012816
v 0.022720 0.055267 0.013410
v 0.021434 0.05493 0.014126
v 0.020420 0.053927 0.014930
v 0.023650 0.055066 0.012951
v 0.022433 0.055272 0.013579
v 0.021170 0.054774 0.014320
v 0.020266 0.053647 0.015140
v 0.023409 0.055186 0.013096
v 0.022142 0.05524 0.013755
v 0.020924 0.054585 0.014519
v 0.020145 0.053349 0.015353
v 0.023148 0.055276 0.013249
v 0.021853 0.055171 0.013938
v 0.020700 0.054366 0.014723
v 0.020060 0.053037 0.015568
v 0.022872 0.055332 0.013410
v 0.021570 0.055066 0.014126
v 0.020502 0.054118 0.014930
v 0.020012 0.052716 0.015783
v 0.023790 0.055081 0.012951
v 0.022585 0.055353 0.013579
v 0.021298 0.054924 0.014320
v 0.020333 0.053847 0.015140
v 0.023555 0.055215 0.013096
v 0.022293 0.055337 0.013755
v 0.021042 0.054749 0.014519
v 0.020197 0.053556 0.015353
v 0.023299 0.055318 0.013249
v 0.022000 0.055284 0.013938
v 0.020806 0.054542 0.014723
v 0.020095 0.053249 0.015568
v 0.023027 0.055389 0.013410
v 0.021712 0.055194 0.014126
v 0.020595 0.054305 0.014930
v 0.020029 0.052932 0.015783
v 0.023930 0.055089 0.012951
v 0.022742 0.055425 0.013579
v 0.021433 0.055067 0.014320
v 0.020411 0.054044 0.015140
v 0.023703 0.055235 0.013096
v 0.022449 0.055425 0.013755
v 0.021168 0.054906 0.014519
v 0.020259 0.05376 0.015353
v 0.023453 0.055352 0.013249
v 0.022154 0.055388 0.013938
v 0.020921 0.054711 0.014723
v 0.020141 0.05346 0.015568
v 0.023184 0.055438 0.013410
v 0.021861 0.055313 0.014126
v 0.020698 0.054487 0.014930
v 0.020058 0.053146 0.015783
v 0.022902 0.055489 0.013579
v 0.021576 0.055202 0.014320
v 0.020500 0.054236 0.015140
v 0.023851 0.055247 0.013096
v 0.022610 0.055505 0.013755
v 0.021302 0.055055 0.014519
v 0.020333 0.053961 0.015353
v 0.023608 0.055377 0.013249
v 0.022313 0.055484 0.013938
v 0.021046 0.054875 0.014723
v 0.020199 0.053667 0.015568
v 0.023345 0.055477 0.013410
v 0.022017 0.055425 0.014126
v 0.020810 0.054663 0.014930
v 0.020099 0.053359 0.015783
v 0.023065 0.055544 0.013579
v 0.021726 0.05533 0.014320
v 0.020599 0.054423 0.015140
v 0.022775 0.055576 0.013755
v 0.021445 0.055198 0.014519
v 0.020418 0.054157 0.015353
v 0.023764 0.055394 0.013249
v 0.022477 0.055571 0.013938
v 0.021178 0.055031 0.014723
v 0.020267 0.053871 0.015568
v 0.023507 0.055508 0.013410
v 0.022178 0.055528 0.014126
v 0.020932 0.054832 0.014930
v 0.020151 0.053569 0.015783
v 0.023231 0.05559 0.013579
v 0.021882 0.055448 0.014320
v 0.020708 0.054604 0.015140
v 0.022943 0.055637 0.013755
v 0.021594 0.055332 0.014519
v 0.020513 0.054349 0.015353
v 0.023921 0.055403 0.013249
v 0.022646 0.055648 0.013938
v 0.021320 0.05518 0.014723
v 0.020347 0.054071 0.015568
v 0.023670 0.055531 0.013410
v 0.022345 0.055622 0.014126
v 0.021062 0.054995 0.014930
v 0.020215 0.053775 0.015783
v 0.023400 0.055627 0.013579
v 0.022045 0.055559 0.014320
v 0.020827 0.054779 0.015140
v 0.023114 0.05569 0.013755
v 0.021751 0.055458 0.014519
v 0.020618 0.054535 0.015353
v 0.022818 0.055717 0.013938
v 0.021469 0.055322 0.014723
v 0.020438 0.054267 0.015568
v 0.023835 0.055544 0.013410
v 0.022516 0.055707 0.014126
v 0.021202 0.055151 0.014930
v 0.020290 0.053978 0.015783
v 0.023570 0.055655 0.013579
v 0.022213 0.05566 0.014320
v 0.020955 0.054947 0.015140
v 0.023288 0.055733 0.013755
v 0.021915 0.055576 0.014519
v 0.020733 0.054715 0.015353
v 0.022994 0.055776 0.013938
v 0.021625 0.055454 0.014723
v 0.020538 0.054457 0.015568
v 0.022692 0.055783 0.014126
v 0.021349 0.055298 0.014930
v 0.020375 0.054177 0.015783
v 0.023742 0.055674 0.013579
v 0.022387 0.055752 0.014320
v 0.021092 0.055109 0.015140
v 0.023464 0.055767 0.013755
v 0.022084 0.055684 0.014519
v 0.020858 0.054889 0.015353
v 0.023173 0.055826 0.013938
v 0.021789 0.055579 0.014723
v 0.020649 0.054642 0.015568
v 0.022872 0.055849 0.014126
v 0.021505 0.055438 0.014930
v 0.020471 0.054371 0.015783
v 0.023914 0.055683 0.013579
v 0.022565 0.055835 0.014320
v 0.021238 0.055262 0.015140
v 0.023642 0.055791 0.013755
v 0.022259 0.055783 0.014519
v 0.020992 0.055055 0.015353
v 0.023354 0.055866 0.013938
v 0.021958 0.055694 0.014723
v 0.020770 0.05482 0.015568
v 0.023055 0.055905 0.014126
v 0.021668 0.055568 0.014930
v 0.020578 0.054559 0.015783
v 0.022748 0.055908 0.014320
v 0.021391 0.055408 0.015140
v 0.023821 0.055806 0.013755
v 0.022440 0.055872 0.014519
v 0.021134 0.055215 0.015353
v 0.023537 0.055896 0.013938
v 0.022134 0.0558 0.014723
v 0.020901 0.054991 0.015568
v 0.023240 0.055951 0.014126
v 0.021837 0.05569 0.014930
v 0.020694 0.054741 0.015783
v 0.022934 0.05597 0.014320
v 0.021553 0.055545 0.015140
v 0.022625 0.055952 0.014519
v 0.021285 0.055366 0.015353
v 0.023722 0.055916 0.013938
v 0.022316 0.055896 0.014723
v 0.021040 0.055155 0.015568
v 0.023428 0.055987 0.014126
v 0.022013 0.055802 0.014930
v 0.020820 0.054917 0.015783
v 0.023124 0.056023 0.014320
v 0.021721 0.055673 0.015140
v 0.022814 0.056021 0.014519
v 0.021445 0.055508 0.015353
v 0.023907 0.055926 0.013938
v 0.022502 0.055982 0.014723
v 0.021188 0.055312 0.015568
v 0.023618 0.056013 0.014126
v 0.022195 0.055905 0.014930
v 0.020956 0.055086 0.015783
v 0.023316 0.056065 0.014320
v 0.021896 0.055792 0.015140
v 0.023006 0.05608 0.014519
v 0.021611 0.055642 0.015353
v 0.022693 0.056058 0.014723
v 0.021345 0.05546 0.015568
v 0.023809 0.056029 0.014126
v 0.022382 0.055998 0.014930
v 0.021100 0.055247 0.015783
v 0.023510 0.056097 0.014320
v 0.022077 0.055901 0.015140
v 0.023201 0.056129 0.014519
v 0.021785 0.055767 0.015353
v 0.022887 0.056124 0.014723
v 0.021509 0.055599 0.015568
v 0.022573 0.05608 0.014930
v 0.021253 0.0554 0.015783
v 0.023705 0.056118 0.014320
v 0.022264 0.056 0.015140
v 0.023399 0.056167 0.014519
v 0.021965 0.055882 0.015353
v 0.023085 0.056179 0.014723
v 0.021680 0.05573 0.015568
v 0.022769 0.056152 0.014930
v 0.021414 0.055544 0.015783
v 0.023902 0.056129 0.014320
v 0.022456 0.056089 0.015140
v 0.023598 0.056194 0.014519
v 0.022151 0.055987 0.015353
v 0.023286 0.056223 0.014723
v 0.021858 0.055851 0.015568
v 0.022969 0.056214 0.014930
v 0.021583 0.05568 0.015783
v 0.022653 0.056167 0.015140
v 0.023799 0.05621 0.014519
v 0.022343 0.056082 0.015353
v 0.023488 0.056256 0.014723
v 0.022043 0.055962 0.015568
v 0.023171 0.056264 0.014930
v 0.021759 0.055806 0.015783
v 0.022853 0.056234 0.015140
v 0.022539 0.056167 0.015353
v 0.023692 0.056278 0.014723
v 0.022233 0.056062 0.015568
v 0.023376 0.056303 0.014930
v 0.021941 0.055922 0.015783
v 0.023057 0.056291 0.015140
v 0.022740 0.056241 0.015353
v 0.023897 0.056289 0.014723
v 0.022429 0.056153 0.015568
v 0.023583 0.056332 0.014930
v 0.022129 0.056029 0.015783
v 0.023264 0.056336 0.015140
v 0.022944 0.056303 0.015353
v 0.022629 0.056233 0.015568
v 0.023791 0.056349 0.014930
v 0.022323 0.056125 0.015783
v 0.023473 0.056371 0.015140
v 0.023151 0.056355 0.015353
v 0.022833 0.056301 0.015568
v 0.022522 0.05621 0.015783
v 0.023683 0.056394 0.015140
v 0.023361 0.056395 0.015353
v 0.023040 0.056359 0.015568
v 0.022725 0.056285 0.015783
v 0.023894 0.056405 0.015140
v 0.023573 0.056424 0.015353
v 0.023251 0.056405 0.015568
v 0.022931 0.056349 0.015783
v 0.023786 0.056442 0.015353
v 0.023463 0.05644 0.015568
v 0.023141 0.056401 0.015783
v 0.023677 0.056463 0.015568
v 0.023354 0.056442 0.015783
v 0.023892 0.056475 0.015568
v 0.023568 0.056471 0.015783
v 0.023784 0.056488 0.015783
v 0.024000 0.0525 2.112000
v 0.023843 0.0525 2.111997
v 0.023686 0.0525 2.111988
v 0.023530 0.0525 2.111972
v 0.023374 0.0525 2.111951
v 0.023220 0.0525 2.111923
v 0.023066 0.0525 2.111889
v 0.022914 0.0525 2.111850
v 0.022764 0.0525 2.111804
v 0.022616 0.0525 2.111753
v 0.022469 0.0525 2.111696
v 0.022325 0.0525 2.111633
v 0.022184 0.0525 2.111564
v 0.022046 0.0525 2.111490
v 0.021910 0.0525 2.111411
v 0.021778 0.0525 2.111326
v 0.021649 0.0525 2.111236
v 0.021524 0.0525 2.111141
v 0.021402 0.0525 2.111042
v 0.021285 0.0525 2.110937
v 0.021172 0.0525 2.110828
v 0.021063 0.0525 2.110715
v 0.020958 0.0525 2.110598
v 0.020859 0.0525 2.110476
v 0.020764 0.0525 2.110351
v 0.020674 0.0525 2.110222
v 0.020589 0.0525 2.110090
v 0.020510 0.0525 2.109954
v 0.020436 0.0525 2.109816
v 0.020367 0.0525 2.109675
v 0.020304 0.0525 2.109531
v 0.020247 0.0525 2.109384
v 0.020196 0.0525 2.109236
v 0.020150 0.0525 2.109086
v 0.020111 0.0525 2.108934
v 0.020077 0.0525 2.108780
v 0.020049 0.0525 2.108626
v 0.020028 0.0525 2.108470
v 0.020012 0.0525 2.108314
v 0.020003 0.0525 2.108157
v 0.020000 0.0525 2.108000
v 0.024000 0.0525 2.112000
v 0.024000 0.052657 2.111997
v 0.024000 0.052814 2.111988
v 0.024000 0.05297 2.111972
v 0.024000 0.053126 2.111951
v 0.024000 0.05328 2.111923
v 0.024000 0.053434 2.111889
v 0.024000 0.053586 2.111850
v 0.024000 0.053736 2.111804
v 0.024000 0.053884 2.111753
v 0.024000 0.054031 2.111696
v 0.024000 0.054175 2.111633
v 0.024000 0.054316 2.111564
v 0.024000 0.054454 2.111490
v 0.024000 0.05459 2.111411
v 0.024000 0.054722 2.111326
v 0.024000 0.054851 2.111236
v 0.024000 0.054976 2.111141
v 0.024000 0.055098 2.111042
v 0.024000 0.055215 2.110937
v 0.024000 0.055328 2.110828
v 0.024000 0.055437 2.110715
v 0.024000 0.055542 2.110598
v 0.024000 0.055641 2.110476
v 0.024000 0.055736 2.110351
v 0.024000 0.055826 2.110222
v 0.024000 0.055911 2.110090
v 0.024000 0.05599 2.109954
v 0.024000 0.056064 2.109816
v 0.024000 0.056133 2.109675
v 0.024000 0.056196 2.109531
v 0.024000 0.056253 2.109384
v 0.024000 0.056304 2.109236
v 0.024000 0.05635 2.109086
v 0.024000 0.056389 2.108934
v 0.024000 0.056423 2.108780
v 0.024000 0.056451 2.108626
v 0.024000 0.056472 2.108470
v 0.024000 0.056488 2.108314
v 0.024000 0.056497 2.108157
v 0.024000 0.0565 2.108000
v 0.020003 0.052657 2.108000
v 0.020012 0.052814 2.108000
v 0.020028 0.05297 2.108000
v 0.020049 0.053126 2.108000
v 0.020077 0.05328 2.108000
v 0.020111 0.053434 2.108000
v 0.020150 0.053586 2.108000
v 0.020196 0.053736 2.108000
v 0.020247 0.053884 2.108000
v 0.020304 0.054031 2.108000
v 0.020367 0.054175 2.108000
v 0.020436 0.054316 2.108000
v 0.020510 0.054454 2.108000
v 0.020589 0.05459 2.108000
v 0.020674 0.054722 2.108000
v 0.020764 0.054851 2.108000
v 0.020859 0.054976 2.108000
v 0.020958 0.055098 2.108000
v 0.021063 0.055215 2.108000
v 0.021172 0.055328 2.108000
v 0.021285 0.055437 2.108000
v 0.021402 0.055542 2.108000
v 0.021524 0.055641 2.108000
v 0.021649 0.055736 2.108000
v 0.021778 0.055826 2.108000
v 0.021910 0.055911 2.108000
v 0.022046 0.05599 2.108000
v 0.022184 0.056064 2.108000
v 0.022325 0.056133 2.108000
v 0.022469 0.056196 2.108000
v 0.022616 0.056253 2.108000
v 0.022764 0.056304 2.108000
v 0.022914 0.05635 2.108000
v 0.023066 0.056389 2.108000
v 0.023220 0.056423 2.108000
v 0.023374 0.056451 2.108000
v 0.023530 0.056472 2.108000
v 0.023686 0.056488 2.108000
v 0.023843 0.056497 2.108000
v 0.023784 0.052506 2.111994
v 0.023784 0.052518 2.111994
v 0.023785 0.052529 2.111994
v 0.023568 0.052523 2.111977
v 0.023787 0.052541 2.111994
v 0.023570 0.052547 2.111977
v 0.023353 0.052518 2.111947
v 0.023790 0.052552 2.111994
v 0.023573 0.05257 2.111977
v 0.023355 0.052553 2.111947
v 0.023793 0.052564 2.111994
v 0.023578 0.052593 2.111977
v 0.023359 0.052587 2.111947
v 0.023141 0.052547 2.111906
v 0.023797 0.052575 2.111994
v 0.023583 0.052616 2.111977
v 0.023364 0.052622 2.111947
v 0.023145 0.052593 2.111906
v 0.023801 0.052586 2.111994
v 0.022930 0.052529 2.111854
v 0.023590 0.052638 2.111977
v 0.023372 0.052656 2.111947
v 0.023151 0.052639 2.111906
v 0.023806 0.052596 2.111994
v 0.022933 0.052587 2.111854
v 0.023598 0.05266 2.111977
v 0.023381 0.05269 2.111947
v 0.023160 0.052685 2.111906
v 0.023811 0.052607 2.111994
v 0.022940 0.052644 2.111854
v 0.023607 0.052682 2.111977
v 0.022725 0.052569 2.111791
v 0.023393 0.052723 2.111947
v 0.023171 0.05273 2.111906
v 0.023818 0.052617 2.111994
v 0.022949 0.052702 2.111854
v 0.023618 0.052703 2.111977
v 0.022730 0.052638 2.111791
v 0.023406 0.052756 2.111947
v 0.022520 0.05254 2.111716
v 0.023185 0.052775 2.111906
v 0.023824 0.052626 2.111994
v 0.022962 0.052758 2.111854
v 0.023629 0.052723 2.111977
v 0.022740 0.052707 2.111791
v 0.023420 0.052788 2.111947
v 0.022524 0.05262 2.111716
v 0.023201 0.052818 2.111906
v 0.023831 0.052636 2.111994
v 0.022977 0.052814 2.111854
v 0.023642 0.052743 2.111977
v 0.022753 0.052775 2.111791
v 0.023437 0.052818 2.111947
v 0.022533 0.0527 2.111716
v 0.023220 0.052861 2.111906
v 0.022323 0.052591 2.111630
v 0.023839 0.052645 2.111994
v 0.022996 0.052869 2.111854
v 0.023656 0.052762 2.111977
v 0.022769 0.052842 2.111791
v 0.023455 0.052849 2.111947
v 0.022546 0.052779 2.111716
v 0.023240 0.052903 2.111906
v 0.022330 0.052682 2.111630
v 0.023847 0.052653 2.111994
v 0.023017 0.052923 2.111854
v 0.022127 0.052551 2.111534
v 0.023670 0.05278 2.111977
v 0.022790 0.052908 2.111791
v 0.023474 0.052878 2.111947
v 0.022563 0.052857 2.111716
v 0.023263 0.052943 2.111906
v 0.022343 0.052772 2.111630
v 0.023855 0.052661 2.111994
v 0.023041 0.052975 2.111854
v 0.022133 0.052652 2.111534
v 0.023686 0.052797 2.111977
v 0.022814 0.052973 2.111791
v 0.023496 0.052905 2.111947
v 0.022585 0.052935 2.111716
v 0.023288 0.052983 2.111906
v 0.022360 0.052861 2.111630
v 0.023864 0.052669 2.111994
v 0.023068 0.053027 2.111854
v 0.022144 0.052753 2.111534
v 0.023703 0.052814 2.111977
v 0.022841 0.053036 2.111791
v 0.021941 0.052612 2.111427
v 0.023518 0.052932 2.111947
v 0.022610 0.053011 2.111716
v 0.023315 0.05302 2.111906
v 0.022382 0.052949 2.111630
v 0.023874 0.052676 2.111994
v 0.023098 0.053076 2.111854
v 0.022160 0.052853 2.111534
v 0.023720 0.05283 2.111977
v 0.022872 0.053098 2.111791
v 0.021950 0.052723 2.111427
v 0.023542 0.052958 2.111947
v 0.022640 0.053085 2.111716
v 0.021756 0.052561 2.111311
v 0.023345 0.053057 2.111906
v 0.022408 0.053036 2.111630
v 0.023883 0.052682 2.111994
v 0.023131 0.053124 2.111854
v 0.022182 0.052952 2.111534
v 0.023738 0.052844 2.111977
v 0.022906 0.053158 2.111791
v 0.021965 0.052834 2.111427
v 0.023568 0.052982 2.111947
v 0.022674 0.053158 2.111716
v 0.021763 0.052682 2.111311
v 0.023376 0.053091 2.111906
v 0.022440 0.053122 2.111630
v 0.023893 0.052689 2.111994
v 0.023166 0.05317 2.111854
v 0.022209 0.05305 2.111534
v 0.023757 0.052858 2.111977
v 0.022943 0.053217 2.111791
v 0.021986 0.052943 2.111427
v 0.023595 0.053004 2.111947
v 0.022711 0.053229 2.111716
v 0.021776 0.052803 2.111311
v 0.023409 0.053124 2.111906
v 0.022476 0.053205 2.111630
v 0.021583 0.052631 2.111184
v 0.023904 0.052694 2.111994
v 0.023203 0.053215 2.111854
v 0.022241 0.053146 2.111534
v 0.023777 0.052871 2.111977
v 0.022983 0.053273 2.111791
v 0.022013 0.053052 2.111427
v 0.023622 0.053026 2.111947
v 0.022753 0.053297 2.111716
v 0.021795 0.052923 2.111311
v 0.023443 0.053155 2.111906
v 0.022516 0.053287 2.111630
v 0.021593 0.052762 2.111184
v 0.023914 0.052699 2.111994
v 0.023243 0.053257 2.111854
v 0.022279 0.05324 2.111534
v 0.021411 0.05257 2.111049
v 0.023797 0.052882 2.111977
v 0.023027 0.053327 2.111791
v 0.022046 0.053158 2.111427
v 0.023651 0.053045 2.111947
v 0.022798 0.053364 2.111716
v 0.021822 0.053042 2.111311
v 0.023480 0.053185 2.111906
v 0.022561 0.053366 2.111630
v 0.021611 0.052892 2.111184
v 0.023925 0.052703 2.111994
v 0.023285 0.053297 2.111854
v 0.022321 0.053332 2.111534
v 0.021419 0.05271 2.111049
v 0.023818 0.052893 2.111977
v 0.023073 0.053378 2.111791
v 0.022084 0.053263 2.111427
v 0.023682 0.053063 2.111947
v 0.022846 0.053428 2.111716
v 0.021854 0.053159 2.111311
v 0.023517 0.053212 2.111906
v 0.022610 0.053443 2.111630
v 0.021636 0.05302 2.111184
v 0.023936 0.052707 2.111994
v 0.023330 0.053334 2.111854
v 0.022369 0.053422 2.111534
v 0.021434 0.05285 2.111049
v 0.023840 0.052902 2.111977
v 0.023122 0.053427 2.111791
v 0.022128 0.053366 2.111427
v 0.021253 0.052649 2.110904
v 0.023712 0.05308 2.111947
v 0.022898 0.053489 2.111716
v 0.021893 0.053274 2.111311
v 0.023557 0.053237 2.111906
v 0.022663 0.053516 2.111630
v 0.021668 0.053148 2.111184
v 0.023948 0.05271 2.111994
v 0.023376 0.053369 2.111854
v 0.022421 0.053509 2.111534
v 0.021457 0.052988 2.111049
v 0.023862 0.05291 2.111977
v 0.023173 0.053473 2.111791
v 0.022178 0.053466 2.111427
v 0.021265 0.052797 2.110904
v 0.023744 0.053094 2.111947
v 0.022953 0.053547 2.111716
v 0.021938 0.053387 2.111311
v 0.021097 0.052579 2.110751
v 0.023597 0.05326 2.111906
v 0.022720 0.053587 2.111630
v 0.021706 0.053273 2.111184
v 0.023959 0.052713 2.111994
v 0.023424 0.053402 2.111854
v 0.022478 0.053593 2.111534
v 0.021487 0.053125 2.111049
v 0.023884 0.052917 2.111977
v 0.023227 0.053517 2.111791
v 0.022233 0.053563 2.111427
v 0.021285 0.052945 2.110904
v 0.023777 0.053107 2.111947
v 0.023011 0.053602 2.111716
v 0.021989 0.053497 2.111311
v 0.021106 0.052736 2.110751
v 0.023639 0.05328 2.111906
v 0.022781 0.053655 2.111630
v 0.021751 0.053396 2.111184
v 0.023971 0.052715 2.111994
v 0.023473 0.053432 2.111854
v 0.022540 0.053674 2.111534
v 0.021525 0.05326 2.111049
v 0.023907 0.052922 2.111977
v 0.023283 0.053557 2.111791
v 0.022293 0.053657 2.111427
v 0.021314 0.053091 2.110904
v 0.023810 0.053119 2.111947
v 0.023072 0.053654 2.111716
v 0.022046 0.053605 2.111311
v 0.021123 0.052892 2.110751
v 0.023682 0.053299 2.111906
v 0.022845 0.053719 2.111630
v 0.021803 0.053516 2.111184
v 0.020956 0.052665 2.110590
v 0.023982 0.052716 2.111994
v 0.023525 0.053459 2.111854
v 0.022605 0.053751 2.111534
v 0.021569 0.053393 2.111049
v 0.023930 0.052927 2.111977
v 0.023342 0.053594 2.111791
v 0.022358 0.053748 2.111427
v 0.021349 0.053236 2.110904
v 0.023844 0.053128 2.111947
v 0.023136 0.053702 2.111716
v 0.022109 0.053709 2.111311
v 0.021148 0.053047 2.110751
v 0.023725 0.053315 2.111906
v 0.022913 0.05378 2.111630
v 0.021861 0.053634 2.111184
v 0.020969 0.05283 2.110590
v 0.023994 0.052716 2.111994
v 0.023577 0.053483 2.111854
v 0.022675 0.053825 2.111534
v 0.021621 0.053523 2.111049
v 0.020817 0.052586 2.110421
v 0.023953 0.05293 2.111977
v 0.023402 0.053628 2.111791
v 0.022428 0.053835 2.111427
v 0.021393 0.053378 2.110904
v 0.023878 0.053136 2.111947
v 0.023203 0.053747 2.111716
v 0.022177 0.05381 2.111311
v 0.021182 0.053201 2.110751
v 0.023770 0.053329 2.111906
v 0.022984 0.053837 2.111630
v 0.021926 0.053748 2.111184
v 0.020992 0.052993 2.110590
v 0.023631 0.053504 2.111854
v 0.022749 0.053895 2.111534
v 0.021680 0.053651 2.111049
v 0.020826 0.052758 2.110421
v 0.023977 0.052932 2.111977
v 0.023464 0.053659 2.111791
v 0.022503 0.053918 2.111427
v 0.021445 0.053518 2.110904
v 0.023913 0.053141 2.111947
v 0.023271 0.053789 2.111716
v 0.022250 0.053906 2.111311
v 0.021224 0.053352 2.110751
v 0.023815 0.05334 2.111906
v 0.023057 0.05389 2.111630
v 0.021996 0.053858 2.111184
v 0.021023 0.053155 2.110590
v 0.023686 0.053523 2.111854
v 0.022826 0.05396 2.111534
v 0.021746 0.053774 2.111049
v 0.020845 0.05293 2.110421
v 0.023527 0.053686 2.111791
v 0.022582 0.053997 2.111427
v 0.021503 0.053655 2.110904
v 0.020694 0.052679 2.110245
v 0.023947 0.053145 2.111947
v 0.023342 0.053826 2.111716
v 0.022329 0.053999 2.111311
v 0.021274 0.053501 2.110751
v 0.023861 0.053349 2.111906
v 0.023134 0.053939 2.111630
v 0.022073 0.053965 2.111184
v 0.021062 0.053316 2.110590
v 0.023742 0.053538 2.111854
v 0.022907 0.054022 2.111534
v 0.021818 0.053895 2.111049
v 0.020873 0.0531 2.110421
v 0.023592 0.05371 2.111791
v 0.022665 0.054072 2.111427
v 0.021570 0.053788 2.110904
v 0.020709 0.052858 2.110245
v 0.023982 0.053147 2.111947
v 0.023415 0.05386 2.111716
v 0.022413 0.054087 2.111311
v 0.021332 0.053648 2.110751
v 0.020574 0.052593 2.110062
v 0.023907 0.053355 2.111906
v 0.023213 0.053984 2.111630
v 0.022155 0.054067 2.111184
v 0.021111 0.053473 2.110590
v 0.023798 0.053551 2.111854
v 0.022991 0.054079 2.111534
v 0.021897 0.054011 2.111049
v 0.020910 0.053269 2.110421
v 0.023658 0.053731 2.111791
v 0.022752 0.054142 2.111427
v 0.021643 0.053918 2.110904
v 0.020733 0.053036 2.110245
v 0.023489 0.05389 2.111716
v 0.022501 0.054171 2.111311
v 0.021398 0.05379 2.110751
v 0.020584 0.052778 2.110062
v 0.023953 0.053359 2.111906
v 0.023295 0.054024 2.111630
v 0.022243 0.054165 2.111184
v 0.021168 0.053628 2.110590
v 0.023856 0.05356 2.111854
v 0.023078 0.054131 2.111534
v 0.021982 0.054122 2.111049
v 0.020956 0.053435 2.110421
v 0.023725 0.053747 2.111791
v 0.022843 0.054207 2.111427
v 0.021723 0.054044 2.110904
v 0.020767 0.053212 2.110245
v 0.023565 0.053915 2.111716
v 0.022594 0.05425 2.111311
v 0.021472 0.053929 2.110751
v 0.020604 0.052963 2.110062
v 0.023378 0.05406 2.111630
v 0.022335 0.054257 2.111184
v 0.021233 0.05378 2.110590
v 0.020471 0.052691 2.109874
v 0.023913 0.053567 2.111854
v 0.023168 0.054179 2.111534
v 0.022072 0.054229 2.111049
v 0.021011 0.053598 2.110421
v 0.023793 0.05376 2.111791
v 0.022937 0.054267 2.111427
v 0.021810 0.054165 2.110904
v 0.020810 0.053386 2.110245
v 0.023643 0.053937 2.111716
v 0.022690 0.054323 2.111311
v 0.021553 0.054064 2.110751
v 0.020634 0.053146 2.110062
v 0.023464 0.054092 2.111630
v 0.022433 0.054345 2.111184
v 0.021306 0.053928 2.110590
v 0.020487 0.052882 2.109874
v 0.023971 0.05357 2.111854
v 0.023260 0.054221 2.111534
v 0.022169 0.054331 2.111049
v 0.021075 0.053758 2.110421
v 0.020371 0.052598 2.109680
v 0.023862 0.05377 2.111791
v 0.023034 0.054322 2.111427
v 0.021903 0.054281 2.110904
v 0.020863 0.053557 2.110245
v 0.023721 0.053954 2.111716
v 0.022791 0.054391 2.111311
v 0.021641 0.054194 2.110751
v 0.020674 0.053327 2.110062
v 0.023551 0.054118 2.111630
v 0.022535 0.054427 2.111184
v 0.021388 0.054072 2.110590
v 0.020513 0.053072 2.109874
v 0.023354 0.054259 2.111534
v 0.022271 0.054428 2.111049
v 0.021147 0.053915 2.110421
v 0.020382 0.052795 2.109680
v 0.023931 0.053775 2.111791
v 0.023134 0.054372 2.111427
v 0.022003 0.054392 2.110904
v 0.020924 0.053725 2.110245
v 0.023800 0.053967 2.111716
v 0.022895 0.054454 2.111311
v 0.021737 0.054319 2.110751
v 0.020724 0.053506 2.110062
v 0.023639 0.05414 2.111630
v 0.022642 0.054504 2.111184
v 0.021477 0.054211 2.110590
v 0.020549 0.05326 2.109874
v 0.023450 0.054291 2.111534
v 0.022378 0.054518 2.111049
v 0.021228 0.054067 2.110421
v 0.020403 0.05299 2.109680
v 0.023237 0.054416 2.111427
v 0.022108 0.054497 2.110904
v 0.020995 0.05389 2.110245
v 0.020290 0.052701 2.109481
v 0.023880 0.053976 2.111716
v 0.023003 0.054511 2.111311
v 0.021838 0.054439 2.110751
v 0.020783 0.053682 2.110062
v 0.023728 0.054157 2.111630
v 0.022752 0.054574 2.111184
v 0.021573 0.054345 2.110590
v 0.020595 0.053445 2.109874
v 0.023548 0.054318 2.111534
v 0.022489 0.054603 2.111049
v 0.021317 0.054215 2.110421
v 0.020435 0.053184 2.109680
v 0.023342 0.054454 2.111427
v 0.022219 0.054597 2.110904
v 0.021075 0.054051 2.110245
v 0.020306 0.052902 2.109481
v 0.023960 0.05398 2.111716
v 0.023113 0.054562 2.111311
v 0.021947 0.054553 2.110751
v 0.020852 0.053854 2.110062
v 0.020211 0.052603 2.109277
v 0.023818 0.05417 2.111630
v 0.022866 0.054639 2.111184
v 0.021676 0.054474 2.110590
v 0.020651 0.053628 2.109874
v 0.023647 0.05434 2.111534
v 0.022605 0.054682 2.111049
v 0.021414 0.054358 2.110421
v 0.020477 0.053376 2.109680
v 0.023448 0.054487 2.111427
v 0.022335 0.05469 2.110904
v 0.021163 0.054207 2.110245
v 0.020333 0.053101 2.109481
v 0.023226 0.054607 2.111311
v 0.022061 0.054662 2.110751
v 0.020929 0.054023 2.110062
v 0.020222 0.052808 2.109277
v 0.023909 0.054177 2.111630
v 0.022984 0.054697 2.111184
v 0.021787 0.054597 2.110590
v 0.020717 0.053808 2.109874
v 0.023747 0.054356 2.111534
v 0.022726 0.054754 2.111049
v 0.021518 0.054495 2.110421
v 0.020530 0.053566 2.109680
v 0.023557 0.054514 2.111427
v 0.022456 0.054777 2.110904
v 0.021260 0.054358 2.110245
v 0.020371 0.053299 2.109481
v 0.023341 0.054646 2.111311
v 0.022181 0.054763 2.110751
v 0.021016 0.054187 2.110062
v 0.020244 0.053012 2.109277
v 0.023104 0.054749 2.111184
v 0.021903 0.054713 2.110590
v 0.020793 0.053984 2.109874
v 0.020151 0.052709 2.109070
v 0.023848 0.054367 2.111534
v 0.022849 0.05482 2.111049
v 0.021630 0.054626 2.110421
v 0.020592 0.053752 2.109680
v 0.023666 0.054535 2.111427
v 0.022582 0.054857 2.110904
v 0.021364 0.054504 2.110245
v 0.020420 0.053494 2.109481
v 0.023458 0.054678 2.111311
v 0.022306 0.054859 2.110751
v 0.021112 0.054346 2.110062
v 0.020277 0.053214 2.109277
v 0.023227 0.054794 2.111184
v 0.022026 0.054824 2.110590
v 0.020878 0.054155 2.109874
v 0.020168 0.052917 2.109070
v 0.023949 0.054373 2.111534
v 0.022977 0.054879 2.111049
v 0.021748 0.054752 2.110421
v 0.020665 0.053935 2.109680
v 0.020095 0.052606 2.108860
v 0.023777 0.05455 2.111427
v 0.022712 0.05493 2.110904
v 0.021477 0.054643 2.110245
v 0.020479 0.053686 2.109481
v 0.023577 0.054705 2.111311
v 0.022436 0.054947 2.110751
v 0.021216 0.0545 2.110062
v 0.020321 0.053415 2.109277
v 0.023352 0.054832 2.111184
v 0.022155 0.054927 2.110590
v 0.020972 0.054322 2.109874
v 0.020197 0.053124 2.109070
v 0.023107 0.054931 2.111049
v 0.021874 0.05487 2.110421
v 0.020748 0.054113 2.109680
v 0.020106 0.052817 2.108860
v 0.023888 0.054559 2.111427
v 0.022845 0.054997 2.110904
v 0.021596 0.054777 2.110245
v 0.020548 0.053875 2.109481
v 0.023697 0.054724 2.111311
v 0.022571 0.055028 2.110751
v 0.021329 0.054647 2.110062
v 0.020376 0.053613 2.109277
v 0.023480 0.054864 2.111184
v 0.022289 0.055023 2.110590
v 0.021075 0.054483 2.109874
v 0.020236 0.053329 2.109070
v 0.023240 0.054975 2.111049
v 0.022005 0.054982 2.110421
v 0.020840 0.054287 2.109680
v 0.020129 0.053027 2.108860
v 0.022982 0.055055 2.110904
v 0.021723 0.054904 2.110245
v 0.020628 0.05406 2.109481
v 0.020058 0.052714 2.108647
v 0.023818 0.054737 2.111311
v 0.022710 0.055102 2.110751
v 0.021449 0.054789 2.110062
v 0.020442 0.053807 2.109277
v 0.023608 0.054889 2.111184
v 0.022428 0.055112 2.110590
v 0.021187 0.054639 2.109874
v 0.020286 0.053531 2.109070
v 0.023375 0.055013 2.111049
v 0.022142 0.055086 2.110421
v 0.020941 0.054455 2.109680
v 0.020164 0.053236 2.108860
v 0.023122 0.055107 2.110904
v 0.021857 0.055023 2.110245
v 0.020717 0.054241 2.109481
v 0.020076 0.052927 2.108647
v 0.023939 0.054744 2.111311
v 0.022852 0.055168 2.110751
v 0.021576 0.054924 2.110062
v 0.020518 0.053998 2.109277
v 0.020025 0.052608 2.108432
v 0.023738 0.054907 2.111184
v 0.022572 0.055194 2.110590
v 0.021306 0.054788 2.109874
v 0.020348 0.053731 2.109070
v 0.023512 0.055043 2.111049
v 0.022285 0.055183 2.110421
v 0.021052 0.054618 2.109680
v 0.020209 0.053443 2.108860
v 0.023264 0.055151 2.110904
v 0.021996 0.055136 2.110245
v 0.020816 0.054416 2.109481
v 0.020105 0.053139 2.108647
v 0.022999 0.055226 2.110751
v 0.021711 0.055051 2.110062
v 0.020604 0.054184 2.109277
v 0.020037 0.052823 2.108432
v 0.023869 0.054917 2.111184
v 0.022720 0.055267 2.110590
v 0.021434 0.05493 2.109874
v 0.020420 0.053927 2.109070
v 0.023650 0.055066 2.111049
v 0.022433 0.055272 2.110421
v 0.021170 0.054774 2.109680
v 0.020266 0.053647 2.108860
v 0.023409 0.055186 2.110904
v 0.022142 0.05524 2.110245
v 0.020924 0.054585 2.109481
v 0.020145 0.053349 2.108647
v 0.023148 0.055276 2.110751
v 0.021853 0.055171 2.110062
v 0.020700 0.054366 2.109277
v 0.020060 0.053037 2.108432
v 0.022872 0.055332 2.110590
v 0.021570 0.055066 2.109874
v 0.020502 0.054118 2.109070
v 0.020012 0.052716 2.108217
v 0.023790 0.055081 2.111049
v 0.022585 0.055353 2.110421
v 0.021298 0.054924 2.109680
v 0.020333 0.053847 2.108860
v 0.023555 0.055215 2.110904
v 0.022293 0.055337 2.110245
v 0.021042 0.054749 2.109481
v 0.020197 0.053556 2.108647
v 0.023299 0.055318 2.110751
v 0.022000 0.055284 2.110062
v 0.020806 0.054542 2.109277
v 0.020095 0.053249 2.108432
v 0.023027 0.055389 2.110590
v 0.021712 0.055194 2.109874
v 0.020595 0.054305 2.109070
v 0.020029 0.052932 2.108217
v 0.023930 0.055089 2.111049
v 0.022742 0.055425 2.110421
v 0.021433 0.055067 2.109680
v 0.020411 0.054044 2.108860
v 0.023703 0.055235 2.110904
v 0.022449 0.055425 2.110245
v 0.021168 0.054906 2.109481
v 0.020259 0.05376 2.108647
v 0.023453 0.055352 2.110751
v 0.022154 0.055388 2.110062
v 0.020921 0.054711 2.109277
v 0.020141 0.05346 2.108432
v 0.023184 0.055438 2.110590
v 0.021861 0.055313 2.109874
v 0.020698 0.054487 2.109070
v 0.020058 0.053146 2.108217
v 0.022902 0.055489 2.110421
v 0.021576 0.055202 2.109680
v 0.020500 0.054236 2.108860
v 0.023851 0.055247 2.110904
v 0.022610 0.055505 2.110245
v 0.021302 0.055055 2.109481
v 0.020333 0.053961 2.108647
v 0.023608 0.055377 2.110751
v 0.022313 0.055484 2.110062
v 0.021046 0.054875 2.109277
v 0.020199 0.053667 2.108432
v 0.023345 0.055477 2.110590
v 0.022017 0.055425 2.109874
v 0.020810 0.054663 2.109070
v 0.020099 0.053359 2.108217
v 0.023065 0.055544 2.110421
v 0.021726 0.05533 2.109680
v 0.020599 0.054423 2.108860
v 0.022775 0.055576 2.110245
v 0.021445 0.055198 2.109481
v 0.020418 0.054157 2.108647
v 0.023764 0.055394 2.110751
v 0.022477 0.055571 2.110062
v 0.021178 0.055031 2.109277
v 0.020267 0.053871 2.108432
v 0.023507 0.055508 2.110590
v 0.022178 0.055528 2.109874
v 0.020932 0.054832 2.109070
v 0.020151 0.053569 2.108217
v 0.023231 0.05559 2.110421
v 0.021882 0.055448 2.109680
v 0.020708 0.054604 2.108860
v 0.022943 0.055637 2.110245
v 0.021594 0.055332 2.109481
v 0.020513 0.054349 2.108647
v 0.023921 0.055403 2.110751
v 0.022646 0.055648 2.110062
v 0.021320 0.05518 2.109277
v 0.020347 0.054071 2.108432
v 0.023670 0.055531 2.110590
v 0.022345 0.055622 2.109874
v 0.021062 0.054995 2.109070
v 0.020215 0.053775 2.108217
v 0.023400 0.055627 2.110421
v 0.022045 0.055559 2.109680
v 0.020827 0.054779 2.108860
v 0.023114 0.05569 2.110245
v 0.021751 0.055458 2.109481
v 0.020618 0.054535 2.108647
v 0.022818 0.055717 2.110062
v 0.021469 0.055322 2.109277
v 0.020438 0.054267 2.108432
v 0.023835 0.055544 2.110590
v 0.022516 0.055707 2.109874
v 0.021202 0.055151 2.109070
v 0.020290 0.053978 2.108217
v 0.023570 0.055655 2.110421
v 0.022213 0.05566 2.109680
v 0.020955 0.054947 2.108860
v 0.023288 0.055733 2.110245
v 0.021915 0.055576 2.109481
v 0.020733 0.054715 2.108647
v 0.022994 0.055776 2.110062
v 0.021625 0.055454 2.109277
v 0.020538 0.054457 2.108432
v 0.022692 0.055783 2.109874
v 0.021349 0.055298 2.109070
v 0.020375 0.054177 2.108217
v 0.023742 0.055674 2.110421
v 0.022387 0.055752 2.109680
v 0.021092 0.055109 2.108860
v 0.023464 0.055767 2.110245
v 0.022084 0.055684 2.109481
v 0.020858 0.054889 2.108647
v 0.023173 0.055826 2.110062
v 0.021789 0.055579 2.109277
v 0.020649 0.054642 2.108432
v 0.022872 0.055849 2.109874
v 0.021505 0.055438 2.109070
v 0.020471 0.054371 2.108217
v 0.023914 0.055683 2.110421
v 0.022565 0.055835 2.109680
v 0.021238 0.055262 2.108860
v 0.023642 0.055791 2.110245
v 0.022259 0.055783 2.109481
v 0.020992 0.055055 2.108647
v 0.023354 0.055866 2.110062
v 0.021958 0.055694 2.109277
v 0.020770 0.05482 2.108432
v 0.023055 0.055905 2.109874
v 0.021668 0.055568 2.109070
v 0.020578 0.054559 2.108217
v 0.022748 0.055908 2.109680
v 0.021391 0.055408 2.108860
v 0.023821 0.055806 2.110245
v 0.022440 0.055872 2.109481
v 0.021134 0.055215 2.108647
v 0.023537 0.055896 2.110062
v 0.022134 0.0558 2.109277
v 0.020901 0.054991 2.108432
v 0.023240 0.055951 2.109874
v 0.021837 0.05569 2.109070
v 0.020694 0.054741 2.108217
v 0.022934 0.05597 2.109680
v 0.021553 0.055545 2.108860
v 0.022625 0.055952 2.109481
v 0.021285 0.055366 2.108647
v 0.023722 0.055916 2.110062
v 0.022316 0.055896 2.109277
v 0.021040 0.055155 2.108432
v 0.023428 0.055987 2.109874
v 0.022013 0.055802 2.109070
v 0.020820 0.054917 2.108217
v 0.023124 0.056023 2.109680
v 0.021721 0.055673 2.108860
v 0.022814 0.056021 2.109481
v 0.021445 0.055508 2.108647
v 0.023907 0.055926 2.110062
v 0.022502 0.055982 2.109277
v 0.021188 0.055312 2.108432
v 0.023618 0.056013 2.109874
v 0.022195 0.055905 2.109070
v 0.020956 0.055086 2.108217
v 0.023316 0.056065 2.109680
v 0.021896 0.055792 2.108860
v 0.023006 0.05608 2.109481
v 0.021611 0.055642 2.108647
v 0.022693 0.056058 2.109277
v 0.021345 0.05546 2.108432
v 0.023809 0.056029 2.109874
v 0.022382 0.055998 2.109070
v 0.021100 0.055247 2.108217
v 0.023510 0.056097 2.109680
v 0.022077 0.055901 2.108860
v 0.023201 0.056129 2.109481
v 0.021785 0.055767 2.108647
v 0.022887 0.056124 2.109277
v 0.021509 0.055599 2.108432
v 0.022573 0.05608 2.109070
v 0.021253 0.0554 2.108217
v 0.023705 0.056118 2.109680
v 0.022264 0.056 2.108860
v 0.023399 0.056167 2.109481
v 0.021965 0.055882 2.108647
v 0.023085 0.056179 2.109277
v 0.021680 0.05573 2.108432
v 0.022769 0.056152 2.109070
v 0.021414 0.055544 2.108217
v 0.023902 0.056129 2.109680
v 0.022456 0.056089 2.108860
v 0.023598 0.056194 2.109481
v 0.022151 0.055987 2.108647
v 0.023286 0.056223 2.109277
v 0.021858 0.055851 2.108432
v 0.022969 0.056214 2.109070
v 0.021583 0.05568 2.108217
v 0.022653 0.056167 2.108860
v 0.023799 0.05621 2.109481
v 0.022343 0.056082 2.108647
v 0.023488 0.056256 2.109277
v 0.022043 0.055962 2.108432
v 0.023171 0.056264 2.109070
v 0.021759 0.055806 2.108217
v 0.022853 0.056234 2.108860
v 0.022539 0.056167 2.108647
v 0.023692 0.056278 2.109277
v 0.022233 0.056062 2.108432
v 0.023376 0.056303 2.109070
v 0.021941 0.055922 2.108217
v 0.023057 0.056291 2.108860
v 0.022740 0.056241 2.108647
v 0.023897 0.056289 2.109277
v 0.022429 0.056153 2.108432
v 0.023583 0.056332 2.109070
v 0.022129 0.056029 2.108217
v 0.023264 0.056336 2.108860
v 0.022944 0.056303 2.108647
v 0.022629 0.056233 2.108432
v 0.023791 0.056349 2.109070
v 0.022323 0.056125 2.108217
v 0.023473 0.056371 2.108860
v 0.023151 0.056355 2.108647
v 0.022833 0.056301 2.108432
v 0.022522 0.05621 2.108217
v 0.023683 0.056394 2.108860
v 0.023361 0.056395 2.108647
v 0.023040 0.056359 2.108432
v 0.022725 0.056285 2.108217
v 0.023894 0.056405 2.108860
v 0.023573 0.056424 2.108647
v 0.023251 0.056405 2.108432
v 0.022931 0.056349 2.108217
v 0.023786 0.056442 2.108647
v 0.023463 0.05644 2.108432
v 0.023141 0.056401 2.108217
v 0.023677 0.056463 2.108432
v 0.023354 0.056442 2.108217
v 0.023892 0.056475 2.108432
v 0.023568 0.056471 2.108217
v 0.023784 0.056488 2.108217
v 0.024000 0.0565 0.016000
v 0.024000 0.0565 2.108000
v 0.916000 0.0565 2.108000
v 0.916000 0.0565 0.016000
v 0.024000 0.0525 0.012000
v 0.024000 0.0155 0.012000
v 0.916000 0.0525 0.012000
v 0.916000 0.0155 0.012000
v 0.024000 0.0155 0.012000
v 0.023843 0.0155 0.012003
v 0.023686 0.0155 0.012012
v 0.023530 0.0155 0.012028
v 0.023374 0.0155 0.012049
v 0.023220 0.0155 0.012077
v 0.023066 0.0155 0.012111
v 0.022914 0.0155 0.012150
v 0.022764 0.0155 0.012196
v 0.022616 0.0155 0.012247
v 0.022469 0.0155 0.012304
v 0.022325 0.0155 0.012367
v 0.022184 0.0155 0.012436
v 0.022046 0.0155 0.012510
v 0.021910 0.0155 0.012589
v 0.021778 0.0155 0.012674
v 0.021649 0.0155 0.012764
v 0.021524 0.0155 0.012859
v 0.021402 0.0155 0.012958
v 0.021285 0.0155 0.013063
v 0.021172 0.0155 0.013172
v 0.021063 0.0155 0.013285
v 0.020958 0.0155 0.013402
v 0.020859 0.0155 0.013524
v 0.020764 0.0155 0.013649
v 0.020674 0.0155 0.013778
v 0.020589 0.0155 0.013910
v 0.020510 0.0155 0.014046
v 0.020436 0.0155 0.014184
v 0.020367 0.0155 0.014325
v 0.020304 0.0155 0.014469
v 0.020247 0.0155 0.014616
v 0.020196 0.0155 0.014764
v 0.020150 0.0155 0.014914
v 0.020111 0.0155 0.015066
v 0.020077 0.0155 0.015220
v 0.020049 0.0155 0.015374
v 0.020028 0.0155 0.015530
v 0.020012 0.0155 0.015686
v 0.020003 0.0155 0.015843
v 0.020000 0.0155 0.016000
v 0.024000 0.0155 0.012000
v 0.024000 0.015343 0.012003
v 0.024000 0.015186 0.012012
v 0.024000 0.01503 0.012028
v 0.024000 0.014874 0.012049
v 0.024000 0.01472 0.012077
v 0.024000 0.014566 0.012111
v 0.024000 0.014414 0.012150
v 0.024000 0.014264 0.012196
v 0.024000 0.014116 0.012247
v 0.024000 0.013969 0.012304
v 0.024000 0.013825 0.012367
v 0.024000 0.013684 0.012436
v 0.024000 0.013546 0.012510
v 0.024000 0.01341 0.012589
v 0.024000 0.013278 0.012674
v 0.024000 0.013149 0.012764
v 0.024000 0.013024 0.012859
v 0.024000 0.012902 0.012958
v 0.024000 0.012785 0.013063
v 0.024000 0.012672 0.013172
v 0.024000 0.012563 0.013285
v 0.024000 0.012458 0.013402
v 0.024000 0.012359 0.013524
v 0.024000 0.012264 0.013649
v 0.024000 0.012174 0.013778
v 0.024000 0.012089 0.013910
v 0.024000 0.01201 0.014046
v 0.024000 0.011936 0.014184
v 0.024000 0.011867 0.014325
v 0.024000 0.011804 0.014469
v 0.024000 0.011747 0.014616
v 0.024000 0.011696 0.014764
v 0.024000 0.01165 0.014914
v 0.024000 0.011611 0.015066
v 0.024000 0.011577 0.015220
v 0.024000 0.011549 0.015374
v 0.024000 0.011528 0.015530
v 0.024000 0.011512 0.015686
v 0.024000 0.011503 0.015843
v 0.024000 0.0115 0.016000
v 0.020003 0.015343 0.016000
v 0.020012 0.015186 0.016000
v 0.020028 0.01503 0.016000
v 0.020049 0.014874 0.016000
v 0.020077 0.01472 0.016000
v 0.020111 0.014566 0.016000
v 0.020150 0.014414 0.016000
v 0.020196 0.014264 0.016000
v 0.020247 0.014116 0.016000
v 0.020304 0.013969 0.016000
v 0.020367 0.013825 0.016000
v 0.020436 0.013684 0.016000
v 0.020510 0.013546 0.016000
v 0.020589 0.01341 0.016000
v 0.020674 0.013278 0.016000
v 0.020764 0.013149 0.016000
v 0.020859 0.013024 0.016000
v 0.020958 0.012902 0.016000
v 0.021063 0.012785 0.016000
v 0.021172 0.012672 0.016000
v 0.021285 0.012563 0.016000
v 0.021402 0.012458 0.016000
v 0.021524 0.012359 0.016000
v 0.021649 0.012264 0.016000
v 0.021778 0.012174 0.016000
v 0.021910 0.012089 0.016000
v 0.022046 0.01201 0.016000
v 0.022184 0.011936 0.016000
v 0.022325 0.011867 0.016000
v 0.022469 0.011804 0.016000
v 0.022616 0.011747 0.016000
v 0.022764 0.011696 0.016000
v 0.022914 0.01165 0.016000
v 0.023066 0.011611 0.016000
v 0.023220 0.011577 0.016000
v 0.023374 0.011549 0.016000
v 0.023530 0.011528 0.016000
v 0.023686 0.011512 0.016000
v 0.023843 0.011503 0.016000
v 0.023784 0.015494 0.012006
v 0.023784 0.015482 0.012006
v 0.023785 0.015471 0.012006
v 0.023568 0.015477 0.012023
v 0.023787 0.015459 0.012006
v 0.023570 0.015453 0.012023
v 0.023353 0.015482 0.012053
v 0.023790 0.015448 0.012006
v 0.023573 0.01543 0.012023
v 0.023355 0.015447 0.012053
v 0.023793 0.015436 0.012006
v 0.023578 0.015407 0.012023
v 0.023359 0.015413 0.012053
v 0.023141 0.015453 0.012094
v 0.023797 0.015425 0.012006
v 0.023583 0.015384 0.012023
v 0.023364 0.015378 0.012053
v 0.023145 0.015407 0.012094
v 0.023801 0.015414 0.012006
v 0.022930 0.015471 0.012146
v 0.023590 0.015362 0.012023
v 0.023372 0.015344 0.012053
v 0.023151 0.015361 0.012094
v 0.023806 0.015404 0.012006
v 0.022933 0.015413 0.012146
v 0.023598 0.01534 0.012023
v 0.023381 0.01531 0.012053
v 0.023160 0.015315 0.012094
v 0.023811 0.015393 0.012006
v 0.022940 0.015356 0.012146
v 0.023607 0.015318 0.012023
v 0.022725 0.015431 0.012209
v 0.023393 0.015277 0.012053
v 0.023171 0.01527 0.012094
v 0.023818 0.015383 0.012006
v 0.022949 0.015298 0.012146
v 0.023618 0.015297 0.012023
v 0.022730 0.015362 0.012209
v 0.023406 0.015244 0.012053
v 0.022520 0.01546 0.012284
v 0.023185 0.015225 0.012094
v 0.023824 0.015374 0.012006
v 0.022962 0.015242 0.012146
v 0.023629 0.015277 0.012023
v 0.022740 0.015293 0.012209
v 0.023420 0.015212 0.012053
v 0.022524 0.01538 0.012284
v 0.023201 0.015182 0.012094
v 0.023831 0.015364 0.012006
v 0.022977 0.015186 0.012146
v 0.023642 0.015257 0.012023
v 0.022753 0.015225 0.012209
v 0.023437 0.015182 0.012053
v 0.022533 0.0153 0.012284
v 0.023220 0.015139 0.012094
v 0.022323 0.015409 0.012370
v 0.023839 0.015355 0.012006
v 0.022996 0.015131 0.012146
v 0.023656 0.015238 0.012023
v 0.022769 0.015158 0.012209
v 0.023455 0.015151 0.012053
v 0.022546 0.015221 0.012284
v 0.023240 0.015097 0.012094
v 0.022330 0.015318 0.012370
v 0.023847 0.015347 0.012006
v 0.023017 0.015077 0.012146
v 0.022127 0.015449 0.012466
v 0.023670 0.01522 0.012023
v 0.022790 0.015092 0.012209
v 0.023474 0.015122 0.012053
v 0.022563 0.015143 0.012284
v 0.023263 0.015057 0.012094
v 0.022343 0.015228 0.012370
v 0.023855 0.015339 0.012006
v 0.023041 0.015025 0.012146
v 0.022133 0.015348 0.012466
v 0.023686 0.015203 0.012023
v 0.022814 0.015027 0.012209
v 0.023496 0.015095 0.012053
v 0.022585 0.015065 0.012284
v 0.023288 0.015017 0.012094
v 0.022360 0.015139 0.012370
v 0.023864 0.015331 0.012006
v 0.023068 0.014973 0.012146
v 0.022144 0.015247 0.012466
v 0.023703 0.015186 0.012023
v 0.022841 0.014964 0.012209
v 0.021941 0.015388 0.012573
v 0.023518 0.015068 0.012053
v 0.022610 0.014989 0.012284
v 0.023315 0.01498 0.012094
v 0.022382 0.015051 0.012370
v 0.023874 0.015324 0.012006
v 0.023098 0.014924 0.012146
v 0.022160 0.015147 0.012466
v 0.023720 0.01517 0.012023
v 0.022872 0.014902 0.012209
v 0.021950 0.015277 0.012573
v 0.023542 0.015042 0.012053
v 0.022640 0.014915 0.012284
v 0.021756 0.015439 0.012689
v 0.023345 0.014943 0.012094
v 0.022408 0.014964 0.012370
v 0.023883 0.015318 0.012006
v 0.023131 0.014876 0.012146
v 0.022182 0.015048 0.012466
v 0.023738 0.015156 0.012023
v 0.022906 0.014842 0.012209
v 0.021965 0.015166 0.012573
v 0.023568 0.015018 0.012053
v 0.022674 0.014842 0.012284
v 0.021763 0.015318 0.012689
v 0.023376 0.014909 0.012094
v 0.022440 0.014878 0.012370
v 0.023893 0.015311 0.012006
v 0.023166 0.01483 0.012146
v 0.022209 0.01495 0.012466
v 0.023757 0.015142 0.012023
v 0.022943 0.014783 0.012209
v 0.021986 0.015057 0.012573
v 0.023595 0.014996 0.012053
v 0.022711 0.014771 0.012284
v 0.021776 0.015197 0.012689
v 0.023409 0.014876 0.012094
v 0.022476 0.014795 0.012370
v 0.021583 0.015369 0.012816
v 0.023904 0.015306 0.012006
v 0.023203 0.014785 0.012146
v 0.022241 0.014854 0.012466
v 0.023777 0.015129 0.012023
v 0.022983 0.014727 0.012209
v 0.022013 0.014948 0.012573
v 0.023622 0.014974 0.012053
v 0.022753 0.014703 0.012284
v 0.021795 0.015077 0.012689
v 0.023443 0.014845 0.012094
v 0.022516 0.014713 0.012370
v 0.021593 0.015238 0.012816
v 0.023914 0.015301 0.012006
v 0.023243 0.014743 0.012146
v 0.022279 0.01476 0.012466
v 0.021411 0.01543 0.012951
v 0.023797 0.015118 0.012023
v 0.023027 0.014673 0.012209
v 0.022046 0.014842 0.012573
v 0.023651 0.014955 0.012053
v 0.022798 0.014636 0.012284
v 0.021822 0.014958 0.012689
v 0.023480 0.014815 0.012094
v 0.022561 0.014634 0.012370
v 0.021611 0.015108 0.012816
v 0.023925 0.015297 0.012006
v 0.023285 0.014703 0.012146
v 0.022321 0.014668 0.012466
v 0.021419 0.01529 0.012951
v 0.023818 0.015107 0.012023
v 0.023073 0.014622 0.012209
v 0.022084 0.014737 0.012573
v 0.023682 0.014937 0.012053
v 0.022846 0.014572 0.012284
v 0.021854 0.014841 0.012689
v 0.023517 0.014788 0.012094
v 0.022610 0.014557 0.012370
v 0.021636 0.01498 0.012816
v 0.023936 0.015293 0.012006
v 0.023330 0.014666 0.012146
v 0.022369 0.014578 0.012466
v 0.021434 0.01515 0.012951
v 0.023840 0.015098 0.012023
v 0.023122 0.014573 0.012209
v 0.022128 0.014634 0.012573
v 0.021253 0.015351 0.013096
v 0.023712 0.01492 0.012053
v 0.022898 0.014511 0.012284
v 0.021893 0.014726 0.012689
v 0.023557 0.014763 0.012094
v 0.022663 0.014484 0.012370
v 0.021668 0.014852 0.012816
v 0.023948 0.01529 0.012006
v 0.023376 0.014631 0.012146
v 0.022421 0.014491 0.012466
v 0.021457 0.015012 0.012951
v 0.023862 0.01509 0.012023
v 0.023173 0.014527 0.012209
v 0.022178 0.014534 0.012573
v 0.021265 0.015203 0.013096
v 0.023744 0.014906 0.012053
v 0.022953 0.014453 0.012284
v 0.021938 0.014613 0.012689
v 0.021097 0.015421 0.013249
v 0.023597 0.01474 0.012094
v 0.022720 0.014413 0.012370
v 0.021706 0.014727 0.012816
v 0.023959 0.015287 0.012006
v 0.023424 0.014598 0.012146
v 0.022478 0.014407 0.012466
v 0.021487 0.014875 0.012951
v 0.023884 0.015083 0.012023
v 0.023227 0.014483 0.012209
v 0.022233 0.014437 0.012573
v 0.021285 0.015055 0.013096
v 0.023777 0.014893 0.012053
v 0.023011 0.014398 0.012284
v 0.021989 0.014503 0.012689
v 0.021106 0.015264 0.013249
v 0.023639 0.01472 0.012094
v 0.022781 0.014345 0.012370
v 0.021751 0.014604 0.012816
v 0.023971 0.015285 0.012006
v 0.023473 0.014568 0.012146
v 0.022540 0.014326 0.012466
v 0.021525 0.01474 0.012951
v 0.023907 0.015078 0.012023
v 0.023283 0.014443 0.012209
v 0.022293 0.014343 0.012573
v 0.021314 0.014909 0.013096
v 0.023810 0.014881 0.012053
v 0.023072 0.014346 0.012284
v 0.022046 0.014395 0.012689
v 0.021123 0.015108 0.013249
v 0.023682 0.014701 0.012094
v 0.022845 0.014281 0.012370
v 0.021803 0.014484 0.012816
v 0.020956 0.015335 0.013410
v 0.023982 0.015284 0.012006
v 0.023525 0.014541 0.012146
v 0.022605 0.014249 0.012466
v 0.021569 0.014607 0.012951
v 0.023930 0.015073 0.012023
v 0.023342 0.014406 0.012209
v 0.022358 0.014252 0.012573
v 0.021349 0.014764 0.013096
v 0.023844 0.014872 0.012053
v 0.023136 0.014298 0.012284
v 0.022109 0.014291 0.012689
v 0.021148 0.014953 0.013249
v 0.023725 0.014685 0.012094
v 0.022913 0.01422 0.012370
v 0.021861 0.014366 0.012816
v 0.020969 0.01517 0.013410
v 0.023994 0.015284 0.012006
v 0.023577 0.014517 0.012146
v 0.022675 0.014175 0.012466
v 0.021621 0.014477 0.012951
v 0.020817 0.015414 0.013579
v 0.023953 0.01507 0.012023
v 0.023402 0.014372 0.012209
v 0.022428 0.014165 0.012573
v 0.021393 0.014622 0.013096
v 0.023878 0.014864 0.012053
v 0.023203 0.014253 0.012284
v 0.022177 0.01419 0.012689
v 0.021182 0.014799 0.013249
v 0.023770 0.014671 0.012094
v 0.022984 0.014163 0.012370
v 0.021926 0.014252 0.012816
v 0.020992 0.015007 0.013410
v 0.023631 0.014496 0.012146
v 0.022749 0.014105 0.012466
v 0.021680 0.014349 0.012951
v 0.020826 0.015242 0.013579
v 0.023977 0.015068 0.012023
v 0.023464 0.014341 0.012209
v 0.022503 0.014082 0.012573
v 0.021445 0.014482 0.013096
v 0.023913 0.014859 0.012053
v 0.023271 0.014211 0.012284
v 0.022250 0.014094 0.012689
v 0.021224 0.014648 0.013249
v 0.023815 0.01466 0.012094
v 0.023057 0.01411 0.012370
v 0.021996 0.014142 0.012816
v 0.021023 0.014845 0.013410
v 0.023686 0.014477 0.012146
v 0.022826 0.01404 0.012466
v 0.021746 0.014226 0.012951
v 0.020845 0.01507 0.013579
v 0.023527 0.014314 0.012209
v 0.022582 0.014003 0.012573
v 0.021503 0.014345 0.013096
v 0.020694 0.015321 0.013755
v 0.023947 0.014855 0.012053
v 0.023342 0.014174 0.012284
v 0.022329 0.014001 0.012689
v 0.021274 0.014499 0.013249
v 0.023861 0.014651 0.012094
v 0.023134 0.014061 0.012370
v 0.022073 0.014035 0.012816
v 0.021062 0.014684 0.013410
v 0.023742 0.014462 0.012146
v 0.022907 0.013978 0.012466
v 0.021818 0.014105 0.012951
v 0.020873 0.0149 0.013579
v 0.023592 0.01429 0.012209
v 0.022665 0.013928 0.012573
v 0.021570 0.014212 0.013096
v 0.020709 0.015142 0.013755
v 0.023982 0.014853 0.012053
v 0.023415 0.01414 0.012284
v 0.022413 0.013913 0.012689
v 0.021332 0.014352 0.013249
v 0.020574 0.015407 0.013938
v 0.023907 0.014645 0.012094
v 0.023213 0.014016 0.012370
v 0.022155 0.013933 0.012816
v 0.021111 0.014527 0.013410
v 0.023798 0.014449 0.012146
v 0.022991 0.013921 0.012466
v 0.021897 0.013989 0.012951
v 0.020910 0.014731 0.013579
v 0.023658 0.014269 0.012209
v 0.022752 0.013858 0.012573
v 0.021643 0.014082 0.013096
v 0.020733 0.014964 0.013755
v 0.023489 0.01411 0.012284
v 0.022501 0.013829 0.012689
v 0.021398 0.01421 0.013249
v 0.020584 0.015222 0.013938
v 0.023953 0.014641 0.012094
v 0.023295 0.013976 0.012370
v 0.022243 0.013835 0.012816
v 0.021168 0.014372 0.013410
v 0.023856 0.01444 0.012146
v 0.023078 0.013869 0.012466
v 0.021982 0.013878 0.012951
v 0.020956 0.014565 0.013579
v 0.023725 0.014253 0.012209
v 0.022843 0.013793 0.012573
v 0.021723 0.013956 0.013096
v 0.020767 0.014788 0.013755
v 0.023565 0.014085 0.012284
v 0.022594 0.01375 0.012689
v 0.021472 0.014071 0.013249
v 0.020604 0.015037 0.013938
v 0.023378 0.01394 0.012370
v 0.022335 0.013743 0.012816
v 0.021233 0.01422 0.013410
v 0.020471 0.015309 0.014126
v 0.023913 0.014433 0.012146
v 0.023168 0.013821 0.012466
v 0.022072 0.013771 0.012951
v 0.021011 0.014402 0.013579
v 0.023793 0.01424 0.012209
v 0.022937 0.013733 0.012573
v 0.021810 0.013835 0.013096
v 0.020810 0.014614 0.013755
v 0.023643 0.014063 0.012284
v 0.022690 0.013677 0.012689
v 0.021553 0.013936 0.013249
v 0.020634 0.014854 0.013938
v 0.023464 0.013908 0.012370
v 0.022433 0.013655 0.012816
v 0.021306 0.014072 0.013410
v 0.020487 0.015118 0.014126
v 0.023971 0.01443 0.012146
v 0.023260 0.013779 0.012466
v 0.022169 0.013669 0.012951
v 0.021075 0.014242 0.013579
v 0.020371 0.015402 0.014320
v 0.023862 0.01423 0.012209
v 0.023034 0.013678 0.012573
v 0.021903 0.013719 0.013096
v 0.020863 0.014443 0.013755
v 0.023721 0.014046 0.012284
v 0.022791 0.013609 0.012689
v 0.021641 0.013806 0.013249
v 0.020674 0.014673 0.013938
v 0.023551 0.013882 0.012370
v 0.022535 0.013573 0.012816
v 0.021388 0.013928 0.013410
v 0.020513 0.014928 0.014126
v 0.023354 0.013741 0.012466
v 0.022271 0.013572 0.012951
v 0.021147 0.014085 0.013579
v 0.020382 0.015205 0.014320
v 0.023931 0.014225 0.012209
v 0.023134 0.013628 0.012573
v 0.022003 0.013608 0.013096
v 0.020924 0.014275 0.013755
v 0.023800 0.014033 0.012284
v 0.022895 0.013546 0.012689
v 0.021737 0.013681 0.013249
v 0.020724 0.014494 0.013938
v 0.023639 0.01386 0.012370
v 0.022642 0.013496 0.012816
v 0.021477 0.013789 0.013410
v 0.020549 0.01474 0.014126
v 0.023450 0.013709 0.012466
v 0.022378 0.013482 0.012951
v 0.021228 0.013933 0.013579
v 0.020403 0.01501 0.014320
v 0.023237 0.013584 0.012573
v 0.022108 0.013503 0.013096
v 0.020995 0.01411 0.013755
v 0.020290 0.015299 0.014519
v 0.023880 0.014024 0.012284
v 0.023003 0.013489 0.012689
v 0.021838 0.013561 0.013249
v 0.020783 0.014318 0.013938
v 0.023728 0.013843 0.012370
v 0.022752 0.013426 0.012816
v 0.021573 0.013655 0.013410
v 0.020595 0.014555 0.014126
v 0.023548 0.013682 0.012466
v 0.022489 0.013397 0.012951
v 0.021317 0.013785 0.013579
v 0.020435 0.014816 0.014320
v 0.023342 0.013546 0.012573
v 0.022219 0.013403 0.013096
v 0.021075 0.013949 0.013755
v 0.020306 0.015098 0.014519
v 0.023960 0.01402 0.012284
v 0.023113 0.013438 0.012689
v 0.021947 0.013447 0.013249
v 0.020852 0.014146 0.013938
v 0.020211 0.015397 0.014723
v 0.023818 0.01383 0.012370
v 0.022866 0.013361 0.012816
v 0.021676 0.013526 0.013410
v 0.020651 0.014372 0.014126
v 0.023647 0.01366 0.012466
v 0.022605 0.013318 0.012951
v 0.021414 0.013642 0.013579
v 0.020477 0.014624 0.014320
v 0.023448 0.013513 0.012573
v 0.022335 0.01331 0.013096
v 0.021163 0.013793 0.013755
v 0.020333 0.014899 0.014519
v 0.023226 0.013393 0.012689
v 0.022061 0.013338 0.013249
v 0.020929 0.013977 0.013938
v 0.020222 0.015192 0.014723
v 0.023909 0.013823 0.012370
v 0.022984 0.013303 0.012816
v 0.021787 0.013403 0.013410
v 0.020717 0.014192 0.014126
v 0.023747 0.013644 0.012466
v 0.022726 0.013246 0.012951
v 0.021518 0.013505 0.013579
v 0.020530 0.014434 0.014320
v 0.023557 0.013486 0.012573
v 0.022456 0.013223 0.013096
v 0.021260 0.013642 0.013755
v 0.020371 0.014701 0.014519
v 0.023341 0.013354 0.012689
v 0.022181 0.013237 0.013249
v 0.021016 0.013813 0.013938
v 0.020244 0.014988 0.014723
v 0.023104 0.013251 0.012816
v 0.021903 0.013287 0.013410
v 0.020793 0.014016 0.014126
v 0.020151 0.015291 0.014930
v 0.023848 0.013633 0.012466
v 0.022849 0.01318 0.012951
v 0.021630 0.013374 0.013579
v 0.020592 0.014248 0.014320
v 0.023666 0.013465 0.012573
v 0.022582 0.013143 0.013096
v 0.021364 0.013496 0.013755
v 0.020420 0.014506 0.014519
v 0.023458 0.013322 0.012689
v 0.022306 0.013141 0.013249
v 0.021112 0.013654 0.013938
v 0.020277 0.014786 0.014723
v 0.023227 0.013206 0.012816
v 0.022026 0.013176 0.013410
v 0.020878 0.013845 0.014126
v 0.020168 0.015083 0.014930
v 0.023949 0.013627 0.012466
v 0.022977 0.013121 0.012951
v 0.021748 0.013248 0.013579
v 0.020665 0.014065 0.014320
v 0.020095 0.015394 0.015140
v 0.023777 0.01345 0.012573
v 0.022712 0.01307 0.013096
v 0.021477 0.013357 0.013755
v 0.020479 0.014314 0.014519
v 0.023577 0.013295 0.012689
v 0.022436 0.013053 0.013249
v 0.021216 0.0135 0.013938
v 0.020321 0.014585 0.014723
v 0.023352 0.013168 0.012816
v 0.022155 0.013073 0.013410
v 0.020972 0.013678 0.014126
v 0.020197 0.014876 0.014930
v 0.023107 0.013069 0.012951
v 0.021874 0.01313 0.013579
v 0.020748 0.013887 0.014320
v 0.020106 0.015183 0.015140
v 0.023888 0.013441 0.012573
v 0.022845 0.013003 0.013096
v 0.021596 0.013223 0.013755
v 0.020548 0.014125 0.014519
v 0.023697 0.013276 0.012689
v 0.022571 0.012972 0.013249
v 0.021329 0.013353 0.013938
v 0.020376 0.014387 0.014723
v 0.023480 0.013136 0.012816
v 0.022289 0.012977 0.013410
v 0.021075 0.013517 0.014126
v 0.020236 0.014671 0.014930
v 0.023240 0.013025 0.012951
v 0.022005 0.013018 0.013579
v 0.020840 0.013713 0.014320
v 0.020129 0.014973 0.015140
v 0.022982 0.012945 0.013096
v 0.021723 0.013096 0.013755
v 0.020628 0.01394 0.014519
v 0.020058 0.015286 0.015353
v 0.023818 0.013263 0.012689
v 0.022710 0.012898 0.013249
v 0.021449 0.013211 0.013938
v 0.020442 0.014193 0.014723
v 0.023608 0.013111 0.012816
v 0.022428 0.012888 0.013410
v 0.021187 0.013361 0.014126
v 0.020286 0.014469 0.014930
v 0.023375 0.012987 0.012951
v 0.022142 0.012914 0.013579
v 0.020941 0.013545 0.014320
v 0.020164 0.014764 0.015140
v 0.023122 0.012893 0.013096
v 0.021857 0.012977 0.013755
v 0.020717 0.013759 0.014519
v 0.020076 0.015073 0.015353
v 0.023939 0.013256 0.012689
v 0.022852 0.012832 0.013249
v 0.021576 0.013076 0.013938
v 0.020518 0.014002 0.014723
v 0.020025 0.015392 0.015568
v 0.023738 0.013093 0.012816
v 0.022572 0.012806 0.013410
v 0.021306 0.013212 0.014126
v 0.020348 0.014269 0.014930
v 0.023512 0.012957 0.012951
v 0.022285 0.012817 0.013579
v 0.021052 0.013382 0.014320
v 0.020209 0.014557 0.015140
v 0.023264 0.012849 0.013096
v 0.021996 0.012864 0.013755
v 0.020816 0.013584 0.014519
v 0.020105 0.014861 0.015353
v 0.022999 0.012774 0.013249
v 0.021711 0.012949 0.013938
v 0.020604 0.013816 0.014723
v 0.020037 0.015177 0.015568
v 0.023869 0.013083 0.012816
v 0.022720 0.012733 0.013410
v 0.021434 0.01307 0.014126
v 0.020420 0.014073 0.014930
v 0.023650 0.012934 0.012951
v 0.022433 0.012728 0.013579
v 0.021170 0.013226 0.014320
v 0.020266 0.014353 0.015140
v 0.023409 0.012814 0.013096
v 0.022142 0.01276 0.013755
v 0.020924 0.013415 0.014519
v 0.020145 0.014651 0.015353
v 0.023148 0.012724 0.013249
v 0.021853 0.012829 0.013938
v 0.020700 0.013634 0.014723
v 0.020060 0.014963 0.015568
v 0.022872 0.012668 0.013410
v 0.021570 0.012934 0.014126
v 0.020502 0.013882 0.014930
v 0.020012 0.015284 0.015783
v 0.023790 0.012919 0.012951
v 0.022585 0.012647 0.013579
v 0.021298 0.013076 0.014320
v 0.020333 0.014153 0.015140
v 0.023555 0.012785 0.013096
v 0.022293 0.012663 0.013755
v 0.021042 0.013251 0.014519
v 0.020197 0.014444 0.015353
v 0.023299 0.012682 0.013249
v 0.022000 0.012716 0.013938
v 0.020806 0.013458 0.014723
v 0.020095 0.014751 0.015568
v 0.023027 0.012611 0.013410
v 0.021712 0.012806 0.014126
v 0.020595 0.013695 0.014930
v 0.020029 0.015068 0.015783
v 0.023930 0.012911 0.012951
v 0.022742 0.012575 0.013579
v 0.021433 0.012933 0.014320
v 0.020411 0.013956 0.015140
v 0.023703 0.012765 0.013096
v 0.022449 0.012575 0.013755
v 0.021168 0.013094 0.014519
v 0.020259 0.01424 0.015353
v 0.023453 0.012648 0.013249
v 0.022154 0.012612 0.013938
v 0.020921 0.013289 0.014723
v 0.020141 0.01454 0.015568
v 0.023184 0.012562 0.013410
v 0.021861 0.012687 0.014126
v 0.020698 0.013513 0.014930
v 0.020058 0.014854 0.015783
v 0.022902 0.012511 0.013579
v 0.021576 0.012798 0.014320
v 0.020500 0.013764 0.015140
v 0.023851 0.012753 0.013096
v 0.022610 0.012495 0.013755
v 0.021302 0.012945 0.014519
v 0.020333 0.014039 0.015353
v 0.023608 0.012623 0.013249
v 0.022313 0.012516 0.013938
v 0.021046 0.013125 0.014723
v 0.020199 0.014333 0.015568
v 0.023345 0.012523 0.013410
v 0.022017 0.012575 0.014126
v 0.020810 0.013337 0.014930
v 0.020099 0.014641 0.015783
v 0.023065 0.012456 0.013579
v 0.021726 0.01267 0.014320
v 0.020599 0.013577 0.015140
v 0.022775 0.012424 0.013755
v 0.021445 0.012802 0.014519
v 0.020418 0.013843 0.015353
v 0.023764 0.012606 0.013249
v 0.022477 0.012429 0.013938
v 0.021178 0.012969 0.014723
v 0.020267 0.014129 0.015568
v 0.023507 0.012492 0.013410
v 0.022178 0.012472 0.014126
v 0.020932 0.013168 0.014930
v 0.020151 0.014431 0.015783
v 0.023231 0.01241 0.013579
v 0.021882 0.012552 0.014320
v 0.020708 0.013396 0.015140
v 0.022943 0.012363 0.013755
v 0.021594 0.012668 0.014519
v 0.020513 0.013651 0.015353
v 0.023921 0.012597 0.013249
v 0.022646 0.012352 0.013938
v 0.021320 0.01282 0.014723
v 0.020347 0.013929 0.015568
v 0.023670 0.012469 0.013410
v 0.022345 0.012378 0.014126
v 0.021062 0.013005 0.014930
v 0.020215 0.014225 0.015783
v 0.023400 0.012373 0.013579
v 0.022045 0.012441 0.014320
v 0.020827 0.013221 0.015140
v 0.023114 0.01231 0.013755
v 0.021751 0.012542 0.014519
v 0.020618 0.013465 0.015353
v 0.022818 0.012283 0.013938
v 0.021469 0.012678 0.014723
v 0.020438 0.013733 0.015568
v 0.023835 0.012456 0.013410
v 0.022516 0.012293 0.014126
v 0.021202 0.012849 0.014930
v 0.020290 0.014022 0.015783
v 0.023570 0.012345 0.013579
v 0.022213 0.01234 0.014320
v 0.020955 0.013053 0.015140
v 0.023288 0.012267 0.013755
v 0.021915 0.012424 0.014519
v 0.020733 0.013285 0.015353
v 0.022994 0.012224 0.013938
v 0.021625 0.012546 0.014723
v 0.020538 0.013543 0.015568
v 0.022692 0.012217 0.014126
v 0.021349 0.012702 0.014930
v 0.020375 0.013823 0.015783
v 0.023742 0.012326 0.013579
v 0.022387 0.012248 0.014320
v 0.021092 0.012891 0.015140
v 0.023464 0.012233 0.013755
v 0.022084 0.012316 0.014519
v 0.020858 0.013111 0.015353
v 0.023173 0.012174 0.013938
v 0.021789 0.012421 0.014723
v 0.020649 0.013358 0.015568
v 0.022872 0.012151 0.014126
v 0.021505 0.012562 0.014930
v 0.020471 0.013629 0.015783
v 0.023914 0.012317 0.013579
v 0.022565 0.012165 0.014320
v 0.021238 0.012738 0.015140
v 0.023642 0.012209 0.013755
v 0.022259 0.012217 0.014519
v 0.020992 0.012945 0.015353
v 0.023354 0.012134 0.013938
v 0.021958 0.012306 0.014723
v 0.020770 0.01318 0.015568
v 0.023055 0.012095 0.014126
v 0.021668 0.012432 0.014930
v 0.020578 0.013441 0.015783
v 0.022748 0.012092 0.014320
v 0.021391 0.012592 0.015140
v 0.023821 0.012194 0.013755
v 0.022440 0.012128 0.014519
v 0.021134 0.012785 0.015353
v 0.023537 0.012104 0.013938
v 0.022134 0.0122 0.014723
v 0.020901 0.013009 0.015568
v 0.023240 0.012049 0.014126
v 0.021837 0.01231 0.014930
v 0.020694 0.013259 0.015783
v 0.022934 0.01203 0.014320
v 0.021553 0.012455 0.015140
v 0.022625 0.012048 0.014519
v 0.021285 0.012634 0.015353
v 0.023722 0.012084 0.013938
v 0.022316 0.012104 0.014723
v 0.021040 0.012845 0.015568
v 0.023428 0.012013 0.014126
v 0.022013 0.012198 0.014930
v 0.020820 0.013083 0.015783
v 0.023124 0.011977 0.014320
v 0.021721 0.012327 0.015140
v 0.022814 0.011979 0.014519
v 0.021445 0.012492 0.015353
v 0.023907 0.012074 0.013938
v 0.022502 0.012018 0.014723
v 0.021188 0.012688 0.015568
v 0.023618 0.011987 0.014126
v 0.022195 0.012095 0.014930
v 0.020956 0.012914 0.015783
v 0.023316 0.011935 0.014320
v 0.021896 0.012208 0.015140
v 0.023006 0.01192 0.014519
v 0.021611 0.012358 0.015353
v 0.022693 0.011942 0.014723
v 0.021345 0.01254 0.015568
v 0.023809 0.011971 0.014126
v 0.022382 0.012002 0.014930
v 0.021100 0.012753 0.015783
v 0.023510 0.011903 0.014320
v 0.022077 0.012099 0.015140
v 0.023201 0.011871 0.014519
v 0.021785 0.012233 0.015353
v 0.022887 0.011876 0.014723
v 0.021509 0.012401 0.015568
v 0.022573 0.01192 0.014930
v 0.021253 0.0126 0.015783
v 0.023705 0.011882 0.014320
v 0.022264 0.012 0.015140
v 0.023399 0.011833 0.014519
v 0.021965 0.012118 0.015353
v 0.023085 0.011821 0.014723
v 0.021680 0.01227 0.015568
v 0.022769 0.011848 0.014930
v 0.021414 0.012456 0.015783
v 0.023902 0.011871 0.014320
v 0.022456 0.011911 0.015140
v 0.023598 0.011806 0.014519
v 0.022151 0.012013 0.015353
v 0.023286 0.011777 0.014723
v 0.021858 0.012149 0.015568
v 0.022969 0.011786 0.014930
v 0.021583 0.01232 0.015783
v 0.022653 0.011833 0.015140
v 0.023799 0.01179 0.014519
v 0.022343 0.011918 0.015353
v 0.023488 0.011744 0.014723
v 0.022043 0.012038 0.015568
v 0.023171 0.011736 0.014930
v 0.021759 0.012194 0.015783
v 0.022853 0.011766 0.015140
v 0.022539 0.011833 0.015353
v 0.023692 0.011722 0.014723
v 0.022233 0.011938 0.015568
v 0.023376 0.011697 0.014930
v 0.021941 0.012078 0.015783
v 0.023057 0.011709 0.015140
v 0.022740 0.011759 0.015353
v 0.023897 0.011711 0.014723
v 0.022429 0.011847 0.015568
v 0.023583 0.011668 0.014930
v 0.022129 0.011971 0.015783
v 0.023264 0.011664 0.015140
v 0.022944 0.011697 0.015353
v 0.022629 0.011767 0.015568
v 0.023791 0.011651 0.014930
v 0.022323 0.011875 0.015783
v 0.023473 0.011629 0.015140
v 0.023151 0.011645 0.015353
v 0.022833 0.011699 0.015568
v 0.022522 0.01179 0.015783
v 0.023683 0.011606 0.015140
v 0.023361 0.011605 0.015353
v 0.023040 0.011641 0.015568
v 0.022725 0.011715 0.015783
v 0.023894 0.011595 0.015140
v 0.023573 0.011576 0.015353
v 0.023251 0.011595 0.015568
v 0.022931 0.011651 0.015783
v 0.023786 0.011558 0.015353
v 0.023463 0.01156 0.015568
v 0.023141 0.011599 0.015783
v 0.023677 0.011537 0.015568
v 0.023354 0.011558 0.015783
v 0.023892 0.011525 0.015568
v 0.023568 0.011529 0.015783
v 0.023784 0.011512 0.015783
v 0.024000 0.0525 2.112000
v 0.024000 0.0155 2.112000
v 0.916000 0.0525 2.112000
v 0.916000 0.0155 2.112000
v 0.024000 0.0115 2.108000
v 0.023843 0.011503 2.108000
v 0.023686 0.011512 2.108000
v 0.023530 0.011528 2.108000
v 0.023374 0.011549 2.108000
v 0.023220 0.011577 2.108000
v 0.023066 0.011611 2.108000
v 0.022914 0.01165 2.108000
v 0.022764 0.011696 2.108000
v 0.022616 0.011747 2.108000
v 0.022469 0.011804 2.108000
v 0.022325 0.011867 2.108000
v 0.022184 0.011936 2.108000
v 0.022046 0.01201 2.108000
v 0.021910 0.012089 2.108000
v 0.021778 0.012174 2.108000
v 0.021649 0.012264 2.108000
v 0.021524 0.012359 2.108000
v 0.021402 0.012458 2.108000
v 0.021285 0.012563 2.108000
v 0.021172 0.012672 2.108000
v 0.021063 0.012785 2.108000
v 0.020958 0.012902 2.108000
v 0.020859 0.013024 2.108000
v 0.020764 0.013149 2.108000
v 0.020674 0.013278 2.108000
v 0.020589 0.01341 2.108000
v 0.020510 0.013546 2.108000
v 0.020436 0.013684 2.108000
v 0.020367 0.013825 2.108000
v 0.020304 0.013969 2.108000
v 0.020247 0.014116 2.108000
v 0.020196 0.014264 2.108000
v 0.020150 0.014414 2.108000
v 0.020111 0.014566 2.108000
v 0.020077 0.01472 2.108000
v 0.020049 0.014874 2.108000
v 0.020028 0.01503 2.108000
v 0.020012 0.015186 2.108000
v 0.020003 0.015343 2.108000
v 0.020000 0.0155 2.108000
v 0.024000 0.0115 2.108000
v 0.024000 0.011503 2.108157
v 0.024000 0.011512 2.108314
v 0.024000 0.011528 2.108470
v 0.024000 0.011549 2.108626
v 0.024000 0.011577 2.108780
v 0.024000 0.011611 2.108934
v 0.024000 0.01165 2.109086
v 0.024000 0.011696 2.109236
v 0.024000 0.011747 2.109384
v 0.024000 0.011804 2.109531
v 0.024000 0.011867 2.109675
v 0.024000 0.011936 2.109816
v 0.024000 0.01201 2.109954
v 0.024000 0.012089 2.110090
v 0.024000 0.012174 2.110222
v 0.024000 0.012264 2.110351
v 0.024000 0.012359 2.110476
v 0.024000 0.012458 2.110598
v 0.024000 0.012563 2.110715
v 0.024000 0.012672 2.110828
v 0.024000 0.012785 2.110937
v 0.024000 0.012902 2.111042
v 0.024000 0.013024 2.111141
v 0.024000 0.013149 2.111236
v 0.024000 0.013278 2.111326
v 0.024000 0.01341 2.111411
v 0.024000 0.013546 2.111490
v 0.024000 0.013684 2.111564
v 0.024000 0.013825 2.111633
v 0.024000 0.013969 2.111696
v 0.024000 0.014116 2.111753
v 0.024000 0.014264 2.111804
v 0.024000 0.014414 2.111850
v 0.024000 0.014566 2.111889
v 0.024000 0.01472 2.111923
v 0.024000 0.014874 2.111951
v 0.024000 0.01503 2.111972
v 0.024000 0.015186 2.111988
v 0.024000 0.015343 2.111997
v 0.024000 0.0155 2.112000
v 0.020003 0.0155 2.108157
v 0.020012 0.0155 2.108314
v 0.020028 0.0155 2.108470
v 0.020049 0.0155 2.108626
v 0.020077 0.0155 2.108780
v 0.020111 0.0155 2.108934
v 0.020150 0.0155 2.109086
v 0.020196 0.0155 2.109236
v 0.020247 0.0155 2.109384
v 0.020304 0.0155 2.109531
v 0.020367 0.0155 2.109675
v 0.020436 0.0155 2.109816
v 0.020510 0.0155 2.109954
v 0.020589 0.0155 2.110090
v 0.020674 0.0155 2.110222
v 0.020764 0.0155 2.110351
v 0.020859 0.0155 2.110476
v 0.020958 0.0155 2.110598
v 0.021063 0.0155 2.110715
v 0.021172 0.0155 2.110828
v 0.021285 0.0155 2.110937
v 0.021402 0.0155 2.111042
v 0.021524 0.0155 2.111141
v 0.021649 0.0155 2.111236
v 0.021778 0.0155 2.111326
v 0.021910 0.0155 2.111411
v 0.022046 0.0155 2.111490
v 0.022184 0.0155 2.111564
v 0.022325 0.0155 2.111633
v 0.022469 0.0155 2.111696
v 0.022616 0.0155 2.111753
v 0.022764 0.0155 2.111804
v 0.022914 0.0155 2.111850
v 0.023066 0.0155 2.111889
v 0.023220 0.0155 2.111923
v 0.023374 0.0155 2.111951
v 0.023530 0.0155 2.111972
v 0.023686 0.0155 2.111988
v 0.023843 0.0155 2.111997
v 0.023784 0.011506 2.108006
v 0.023784 0.011506 2.108018
v 0.023785 0.011506 2.108029
v 0.023568 0.011523 2.108023
v 0.023787 0.011506 2.108041
v 0.023570 0.011523 2.108047
v 0.023353 0.011553 2.108018
v 0.023790 0.011506 2.108052
v 0.023573 0.011523 2.108070
v 0.023355 0.011553 2.108053
v 0.023793 0.011506 2.108064
v 0.023578 0.011523 2.108093
v 0.023359 0.011553 2.108087
v 0.023141 0.011594 2.108047
v 0.023797 0.011506 2.108075
v 0.023583 0.011523 2.108116
v 0.023364 0.011553 2.108122
v 0.023145 0.011594 2.108093
v 0.023801 0.011506 2.108086
v 0.022930 0.011646 2.108029
v 0.023590 0.011523 2.108138
v 0.023372 0.011553 2.108156
v 0.023151 0.011594 2.108139
v 0.023806 0.011506 2.108096
v 0.022933 0.011646 2.108087
v 0.023598 0.011523 2.108160
v 0.023381 0.011553 2.108190
v 0.023160 0.011594 2.108185
v 0.023811 0.011506 2.108107
v 0.022940 0.011646 2.108144
v 0.023607 0.011523 2.108182
v 0.022725 0.011709 2.108069
v 0.023393 0.011553 2.108223
v 0.023171 0.011594 2.108230
v 0.023818 0.011506 2.108117
v 0.022949 0.011646 2.108202
v 0.023618 0.011523 2.108203
v 0.022730 0.011709 2.108138
v 0.023406 0.011553 2.108256
v 0.022520 0.011784 2.108040
v 0.023185 0.011594 2.108275
v 0.023824 0.011506 2.108126
v 0.022962 0.011646 2.108258
v 0.023629 0.011523 2.108223
v 0.022740 0.011709 2.108207
v 0.023420 0.011553 2.108288
v 0.022524 0.011784 2.108120
v 0.023201 0.011594 2.108318
v 0.023831 0.011506 2.108136
v 0.022977 0.011646 2.108314
v 0.023642 0.011523 2.108243
v 0.022753 0.011709 2.108275
v 0.023437 0.011553 2.108318
v 0.022533 0.011784 2.108200
v 0.023220 0.011594 2.108361
v 0.022323 0.01187 2.108091
v 0.023839 0.011506 2.108145
v 0.022996 0.011646 2.108369
v 0.023656 0.011523 2.108262
v 0.022769 0.011709 2.108342
v 0.023455 0.011553 2.108349
v 0.022546 0.011784 2.108279
v 0.023240 0.011594 2.108403
v 0.022330 0.01187 2.108182
v 0.023847 0.011506 2.108153
v 0.023017 0.011646 2.108423
v 0.022127 0.011966 2.108051
v 0.023670 0.011523 2.108280
v 0.022790 0.011709 2.108408
v 0.023474 0.011553 2.108378
v 0.022563 0.011784 2.108357
v 0.023263 0.011594 2.108443
v 0.022343 0.01187 2.108272
v 0.023855 0.011506 2.108161
v 0.023041 0.011646 2.108475
v 0.022133 0.011966 2.108152
v 0.023686 0.011523 2.108297
v 0.022814 0.011709 2.108473
v 0.023496 0.011553 2.108405
v 0.022585 0.011784 2.108435
v 0.023288 0.011594 2.108483
v 0.022360 0.01187 2.108361
v 0.023864 0.011506 2.108169
v 0.023068 0.011646 2.108527
v 0.022144 0.011966 2.108253
v 0.023703 0.011523 2.108314
v 0.022841 0.011709 2.108536
v 0.021941 0.012073 2.108112
v 0.023518 0.011553 2.108432
v 0.022610 0.011784 2.108511
v 0.023315 0.011594 2.108520
v 0.022382 0.01187 2.108449
v 0.023874 0.011506 2.108176
v 0.023098 0.011646 2.108576
v 0.022160 0.011966 2.108353
v 0.023720 0.011523 2.108330
v 0.022872 0.011709 2.108598
v 0.021950 0.012073 2.108223
v 0.023542 0.011553 2.108458
v 0.022640 0.011784 2.108585
v 0.021756 0.012189 2.108061
v 0.023345 0.011594 2.108557
v 0.022408 0.01187 2.108536
v 0.023883 0.011506 2.108182
v 0.023131 0.011646 2.108624
v 0.022182 0.011966 2.108452
v 0.023738 0.011523 2.108344
v 0.022906 0.011709 2.108658
v 0.021965 0.012073 2.108334
v 0.023568 0.011553 2.108482
v 0.022674 0.011784 2.108658
v 0.021763 0.012189 2.108182
v 0.023376 0.011594 2.108591
v 0.022440 0.01187 2.108622
v 0.023893 0.011506 2.108189
v 0.023166 0.011646 2.108670
v 0.022209 0.011966 2.108550
v 0.023757 0.011523 2.108358
v 0.022943 0.011709 2.108717
v 0.021986 0.012073 2.108443
v 0.023595 0.011553 2.108504
v 0.022711 0.011784 2.108729
v 0.021776 0.012189 2.108303
v 0.023409 0.011594 2.108624
v 0.022476 0.01187 2.108705
v 0.021583 0.012316 2.108131
v 0.023904 0.011506 2.108194
v 0.023203 0.011646 2.108715
v 0.022241 0.011966 2.108646
v 0.023777 0.011523 2.108371
v 0.022983 0.011709 2.108773
v 0.022013 0.012073 2.108552
v 0.023622 0.011553 2.108526
v 0.022753 0.011784 2.108797
v 0.021795 0.012189 2.108423
v 0.023443 0.011594 2.108655
v 0.022516 0.01187 2.108787
v 0.021593 0.012316 2.108262
v 0.023914 0.011506 2.108199
v 0.023243 0.011646 2.108757
v 0.022279 0.011966 2.108740
v 0.021411 0.012451 2.108070
v 0.023797 0.011523 2.108382
v 0.023027 0.011709 2.108827
v 0.022046 0.012073 2.108658
v 0.023651 0.011553 2.108545
v 0.022798 0.011784 2.108864
v 0.021822 0.012189 2.108542
v 0.023480 0.011594 2.108685
v 0.022561 0.01187 2.108866
v 0.021611 0.012316 2.108392
v 0.023925 0.011506 2.108203
v 0.023285 0.011646 2.108797
v 0.022321 0.011966 2.108832
v 0.021419 0.012451 2.108210
v 0.023818 0.011523 2.108393
v 0.023073 0.011709 2.108878
v 0.022084 0.012073 2.108763
v 0.023682 0.011553 2.108563
v 0.022846 0.011784 2.108928
v 0.021854 0.012189 2.108659
v 0.023517 0.011594 2.108712
v 0.022610 0.01187 2.108943
v 0.021636 0.012316 2.108520
v 0.023936 0.011506 2.108207
v 0.023330 0.011646 2.108834
v 0.022369 0.011966 2.108922
v 0.021434 0.012451 2.108350
v 0.023840 0.011523 2.108402
v 0.023122 0.011709 2.108927
v 0.022128 0.012073 2.108866
v 0.021253 0.012596 2.108149
v 0.023712 0.011553 2.108580
v 0.022898 0.011784 2.108989
v 0.021893 0.012189 2.108774
v 0.023557 0.011594 2.108737
v 0.022663 0.01187 2.109016
v 0.021668 0.012316 2.108648
v 0.023948 0.011506 2.108210
v 0.023376 0.011646 2.108869
v 0.022421 0.011966 2.109009
v 0.021457 0.012451 2.108488
v 0.023862 0.011523 2.108410
v 0.023173 0.011709 2.108973
v 0.022178 0.012073 2.108966
v 0.021265 0.012596 2.108297
v 0.023744 0.011553 2.108594
v 0.022953 0.011784 2.109047
v 0.021938 0.012189 2.108887
v 0.021097 0.012749 2.108079
v 0.023597 0.011594 2.108760
v 0.022720 0.01187 2.109087
v 0.021706 0.012316 2.108773
v 0.023959 0.011506 2.108213
v 0.023424 0.011646 2.108902
v 0.022478 0.011966 2.109093
v 0.021487 0.012451 2.108625
v 0.023884 0.011523 2.108417
v 0.023227 0.011709 2.109017
v 0.022233 0.012073 2.109063
v 0.021285 0.012596 2.108445
v 0.023777 0.011553 2.108607
v 0.023011 0.011784 2.109102
v 0.021989 0.012189 2.108997
v 0.021106 0.012749 2.108236
v 0.023639 0.011594 2.108780
v 0.022781 0.01187 2.109155
v 0.021751 0.012316 2.108896
v 0.023971 0.011506 2.108215
v 0.023473 0.011646 2.108932
v 0.022540 0.011966 2.109174
v 0.021525 0.012451 2.108760
v 0.023907 0.011523 2.108422
v 0.023283 0.011709 2.109057
v 0.022293 0.012073 2.109157
v 0.021314 0.012596 2.108591
v 0.023810 0.011553 2.108619
v 0.023072 0.011784 2.109154
v 0.022046 0.012189 2.109105
v 0.021123 0.012749 2.108392
v 0.023682 0.011594 2.108799
v 0.022845 0.01187 2.109219
v 0.021803 0.012316 2.109016
v 0.020956 0.01291 2.108165
v 0.023982 0.011506 2.108216
v 0.023525 0.011646 2.108959
v 0.022605 0.011966 2.109251
v 0.021569 0.012451 2.108893
v 0.023930 0.011523 2.108427
v 0.023342 0.011709 2.109094
v 0.022358 0.012073 2.109248
v 0.021349 0.012596 2.108736
v 0.023844 0.011553 2.108628
v 0.023136 0.011784 2.109202
v 0.022109 0.012189 2.109209
v 0.021148 0.012749 2.108547
v 0.023725 0.011594 2.108815
v 0.022913 0.01187 2.109280
v 0.021861 0.012316 2.109134
v 0.020969 0.01291 2.108330
v 0.023994 0.011506 2.108216
v 0.023577 0.011646 2.108983
v 0.022675 0.011966 2.109325
v 0.021621 0.012451 2.109023
v 0.020817 0.013079 2.108086
v 0.023953 0.011523 2.108430
v 0.023402 0.011709 2.109128
v 0.022428 0.012073 2.109335
v 0.021393 0.012596 2.108878
v 0.023878 0.011553 2.108636
v 0.023203 0.011784 2.109247
v 0.022177 0.012189 2.109310
v 0.021182 0.012749 2.108701
v 0.023770 0.011594 2.108829
v 0.022984 0.01187 2.109337
v 0.021926 0.012316 2.109248
v 0.020992 0.01291 2.108493
v 0.023631 0.011646 2.109004
v 0.022749 0.011966 2.109395
v 0.021680 0.012451 2.109151
v 0.020826 0.013079 2.108258
v 0.023977 0.011523 2.108432
v 0.023464 0.011709 2.109159
v 0.022503 0.012073 2.109418
v 0.021445 0.012596 2.109018
v 0.023913 0.011553 2.108641
v 0.023271 0.011784 2.109289
v 0.022250 0.012189 2.109406
v 0.021224 0.012749 2.108852
v 0.023815 0.011594 2.108840
v 0.023057 0.01187 2.109390
v 0.021996 0.012316 2.109358
v 0.021023 0.01291 2.108655
v 0.023686 0.011646 2.109023
v 0.022826 0.011966 2.109460
v 0.021746 0.012451 2.109274
v 0.020845 0.013079 2.108430
v 0.023527 0.011709 2.109186
v 0.022582 0.012073 2.109497
v 0.021503 0.012596 2.109155
v 0.020694 0.013255 2.108179
v 0.023947 0.011553 2.108645
v 0.023342 0.011784 2.109326
v 0.022329 0.012189 2.109499
v 0.021274 0.012749 2.109001
v 0.023861 0.011594 2.108849
v 0.023134 0.01187 2.109439
v 0.022073 0.012316 2.109465
v 0.021062 0.01291 2.108816
v 0.023742 0.011646 2.109038
v 0.022907 0.011966 2.109522
v 0.021818 0.012451 2.109395
v 0.020873 0.013079 2.108600
v 0.023592 0.011709 2.109210
v 0.022665 0.012073 2.109572
v 0.021570 0.012596 2.109288
v 0.020709 0.013255 2.108358
v 0.023982 0.011553 2.108647
v 0.023415 0.011784 2.109360
v 0.022413 0.012189 2.109587
v 0.021332 0.012749 2.109148
v 0.020574 0.013438 2.108093
v 0.023907 0.011594 2.108855
v 0.023213 0.01187 2.109484
v 0.022155 0.012316 2.109567
v 0.021111 0.01291 2.108973
v 0.023798 0.011646 2.109051
v 0.022991 0.011966 2.109579
v 0.021897 0.012451 2.109511
v 0.020910 0.013079 2.108769
v 0.023658 0.011709 2.109231
v 0.022752 0.012073 2.109642
v 0.021643 0.012596 2.109418
v 0.020733 0.013255 2.108536
v 0.023489 0.011784 2.109390
v 0.022501 0.012189 2.109671
v 0.021398 0.012749 2.109290
v 0.020584 0.013438 2.108278
v 0.023953 0.011594 2.108859
v 0.023295 0.01187 2.109524
v 0.022243 0.012316 2.109665
v 0.021168 0.01291 2.109128
v 0.023856 0.011646 2.109060
v 0.023078 0.011966 2.109631
v 0.021982 0.012451 2.109622
v 0.020956 0.013079 2.108935
v 0.023725 0.011709 2.109247
v 0.022843 0.012073 2.109707
v 0.021723 0.012596 2.109544
v 0.020767 0.013255 2.108712
v 0.023565 0.011784 2.109415
v 0.022594 0.012189 2.109750
v 0.021472 0.012749 2.109429
v 0.020604 0.013438 2.108463
v 0.023378 0.01187 2.109560
v 0.022335 0.012316 2.109757
v 0.021233 0.01291 2.109280
v 0.020471 0.013626 2.108191
v 0.023913 0.011646 2.109067
v 0.023168 0.011966 2.109679
v 0.022072 0.012451 2.109729
v 0.021011 0.013079 2.109098
v 0.023793 0.011709 2.109260
v 0.022937 0.012073 2.109767
v 0.021810 0.012596 2.109665
v 0.020810 0.013255 2.108886
v 0.023643 0.011784 2.109437
v 0.022690 0.012189 2.109823
v 0.021553 0.012749 2.109564
v 0.020634 0.013438 2.108646
v 0.023464 0.01187 2.109592
v 0.022433 0.012316 2.109845
v 0.021306 0.01291 2.109428
v 0.020487 0.013626 2.108382
v 0.023971 0.011646 2.109070
v 0.023260 0.011966 2.109721
v 0.022169 0.012451 2.109831
v 0.021075 0.013079 2.109258
v 0.020371 0.01382 2.108098
v 0.023862 0.011709 2.109270
v 0.023034 0.012073 2.109822
v 0.021903 0.012596 2.109781
v 0.020863 0.013255 2.109057
v 0.023721 0.011784 2.109454
v 0.022791 0.012189 2.109891
v 0.021641 0.012749 2.109694
v 0.020674 0.013438 2.108827
v 0.023551 0.01187 2.109618
v 0.022535 0.012316 2.109927
v 0.021388 0.01291 2.109572
v 0.020513 0.013626 2.108572
v 0.023354 0.011966 2.109759
v 0.022271 0.012451 2.109928
v 0.021147 0.013079 2.109415
v 0.020382 0.01382 2.108295
v 0.023931 0.011709 2.109275
v 0.023134 0.012073 2.109872
v 0.022003 0.012596 2.109892
v 0.020924 0.013255 2.109225
v 0.023800 0.011784 2.109467
v 0.022895 0.012189 2.109954
v 0.021737 0.012749 2.109819
v 0.020724 0.013438 2.109006
v 0.023639 0.01187 2.109640
v 0.022642 0.012316 2.110004
v 0.021477 0.01291 2.109711
v 0.020549 0.013626 2.108760
v 0.023450 0.011966 2.109791
v 0.022378 0.012451 2.110018
v 0.021228 0.013079 2.109567
v 0.020403 0.01382 2.108490
v 0.023237 0.012073 2.109916
v 0.022108 0.012596 2.109997
v 0.020995 0.013255 2.109390
v 0.020290 0.014019 2.108201
v 0.023880 0.011784 2.109476
v 0.023003 0.012189 2.110011
v 0.021838 0.012749 2.109939
v 0.020783 0.013438 2.109182
v 0.023728 0.01187 2.109657
v 0.022752 0.012316 2.110074
v 0.021573 0.01291 2.109845
v 0.020595 0.013626 2.108945
v 0.023548 0.011966 2.109818
v 0.022489 0.012451 2.110103
v 0.021317 0.013079 2.109715
v 0.020435 0.01382 2.108684
v 0.023342 0.012073 2.109954
v 0.022219 0.012596 2.110097
v 0.021075 0.013255 2.109551
v 0.020306 0.014019 2.108402
v 0.023960 0.011784 2.109480
v 0.023113 0.012189 2.110062
v 0.021947 0.012749 2.110053
v 0.020852 0.013438 2.109354
v 0.020211 0.014223 2.108103
v 0.023818 0.01187 2.109670
v 0.022866 0.012316 2.110139
v 0.021676 0.01291 2.109974
v 0.020651 0.013626 2.109128
v 0.023647 0.011966 2.109840
v 0.022605 0.012451 2.110182
v 0.021414 0.013079 2.109858
v 0.020477 0.01382 2.108876
v 0.023448 0.012073 2.109987
v 0.022335 0.012596 2.110190
v 0.021163 0.013255 2.109707
v 0.020333 0.014019 2.108601
v 0.023226 0.012189 2.110107
v 0.022061 0.012749 2.110162
v 0.020929 0.013438 2.109523
v 0.020222 0.014223 2.108308
v 0.023909 0.01187 2.109677
v 0.022984 0.012316 2.110197
v 0.021787 0.01291 2.110097
v 0.020717 0.013626 2.109308
v 0.023747 0.011966 2.109856
v 0.022726 0.012451 2.110254
v 0.021518 0.013079 2.109995
v 0.020530 0.01382 2.109066
v 0.023557 0.012073 2.110014
v 0.022456 0.012596 2.110277
v 0.021260 0.013255 2.109858
v 0.020371 0.014019 2.108799
v 0.023341 0.012189 2.110146
v 0.022181 0.012749 2.110263
v 0.021016 0.013438 2.109687
v 0.020244 0.014223 2.108512
v 0.023104 0.012316 2.110249
v 0.021903 0.01291 2.110213
v 0.020793 0.013626 2.109484
v 0.020151 0.01443 2.108209
v 0.023848 0.011966 2.109867
v 0.022849 0.012451 2.110320
v 0.021630 0.013079 2.110126
v 0.020592 0.01382 2.109252
v 0.023666 0.012073 2.110035
v 0.022582 0.012596 2.110357
v 0.021364 0.013255 2.110004
v 0.020420 0.014019 2.108994
v 0.023458 0.012189 2.110178
v 0.022306 0.012749 2.110359
v 0.021112 0.013438 2.109846
v 0.020277 0.014223 2.108714
v 0.023227 0.012316 2.110294
v 0.022026 0.01291 2.110324
v 0.020878 0.013626 2.109655
v 0.020168 0.01443 2.108417
v 0.023949 0.011966 2.109873
v 0.022977 0.012451 2.110379
v 0.021748 0.013079 2.110252
v 0.020665 0.01382 2.109435
v 0.020095 0.01464 2.108106
v 0.023777 0.012073 2.110050
v 0.022712 0.012596 2.110430
v 0.021477 0.013255 2.110143
v 0.020479 0.014019 2.109186
v 0.023577 0.012189 2.110205
v 0.022436 0.012749 2.110447
v 0.021216 0.013438 2.110000
v 0.020321 0.014223 2.108915
v 0.023352 0.012316 2.110332
v 0.022155 0.01291 2.110427
v 0.020972 0.013626 2.109822
v 0.020197 0.01443 2.108624
v 0.023107 0.012451 2.110431
v 0.021874 0.013079 2.110370
v 0.020748 0.01382 2.109613
v 0.020106 0.01464 2.108317
v 0.023888 0.012073 2.110059
v 0.022845 0.012596 2.110497
v 0.021596 0.013255 2.110277
v 0.020548 0.014019 2.109375
v 0.023697 0.012189 2.110224
v 0.022571 0.012749 2.110528
v 0.021329 0.013438 2.110147
v 0.020376 0.014223 2.109113
v 0.023480 0.012316 2.110364
v 0.022289 0.01291 2.110523
v 0.021075 0.013626 2.109983
v 0.020236 0.01443 2.108829
v 0.023240 0.012451 2.110475
v 0.022005 0.013079 2.110482
v 0.020840 0.01382 2.109787
v 0.020129 0.01464 2.108527
v 0.022982 0.012596 2.110555
v 0.021723 0.013255 2.110404
v 0.020628 0.014019 2.109560
v 0.020058 0.014853 2.108214
v 0.023818 0.012189 2.110237
v 0.022710 0.012749 2.110602
v 0.021449 0.013438 2.110289
v 0.020442 0.014223 2.109307
v 0.023608 0.012316 2.110389
v 0.022428 0.01291 2.110612
v 0.021187 0.013626 2.110139
v 0.020286 0.01443 2.109031
v 0.023375 0.012451 2.110513
v 0.022142 0.013079 2.110586
v 0.020941 0.01382 2.109955
v 0.020164 0.01464 2.108736
v 0.023122 0.012596 2.110607
v 0.021857 0.013255 2.110523
v 0.020717 0.014019 2.109741
v 0.020076 0.014853 2.108427
v 0.023939 0.012189 2.110244
v 0.022852 0.012749 2.110668
v 0.021576 0.013438 2.110424
v 0.020518 0.014223 2.109498
v 0.020025 0.015068 2.108108
v 0.023738 0.012316 2.110407
v 0.022572 0.01291 2.110694
v 0.021306 0.013626 2.110288
v 0.020348 0.01443 2.109231
v 0.023512 0.012451 2.110543
v 0.022285 0.013079 2.110683
v 0.021052 0.01382 2.110118
v 0.020209 0.01464 2.108943
v 0.023264 0.012596 2.110651
v 0.021996 0.013255 2.110636
v 0.020816 0.014019 2.109916
v 0.020105 0.014853 2.108639
v 0.022999 0.012749 2.110726
v 0.021711 0.013438 2.110551
v 0.020604 0.014223 2.109684
v 0.020037 0.015068 2.108323
v 0.023869 0.012316 2.110417
v 0.022720 0.01291 2.110767
v 0.021434 0.013626 2.110430
v 0.020420 0.01443 2.109427
v 0.023650 0.012451 2.110566
v 0.022433 0.013079 2.110772
v 0.021170 0.01382 2.110274
v 0.020266 0.01464 2.109147
v 0.023409 0.012596 2.110686
v 0.022142 0.013255 2.110740
v 0.020924 0.014019 2.110085
v 0.020145 0.014853 2.108849
v 0.023148 0.012749 2.110776
v 0.021853 0.013438 2.110671
v 0.020700 0.014223 2.109866
v 0.020060 0.015068 2.108537
v 0.022872 0.01291 2.110832
v 0.021570 0.013626 2.110566
v 0.020502 0.01443 2.109618
v 0.020012 0.015283 2.108216
v 0.023790 0.012451 2.110581
v 0.022585 0.013079 2.110853
v 0.021298 0.01382 2.110424
v 0.020333 0.01464 2.109347
v 0.023555 0.012596 2.110715
v 0.022293 0.013255 2.110837
v 0.021042 0.014019 2.110249
v 0.020197 0.014853 2.109056
v 0.023299 0.012749 2.110818
v 0.022000 0.013438 2.110784
v 0.020806 0.014223 2.110042
v 0.020095 0.015068 2.108749
v 0.023027 0.01291 2.110889
v 0.021712 0.013626 2.110694
v 0.020595 0.01443 2.109805
v 0.020029 0.015283 2.108432
v 0.023930 0.012451 2.110589
v 0.022742 0.013079 2.110925
v 0.021433 0.01382 2.110567
v 0.020411 0.01464 2.109544
v 0.023703 0.012596 2.110735
v 0.022449 0.013255 2.110925
v 0.021168 0.014019 2.110406
v 0.020259 0.014853 2.109260
v 0.023453 0.012749 2.110852
v 0.022154 0.013438 2.110888
v 0.020921 0.014223 2.110211
v 0.020141 0.015068 2.108960
v 0.023184 0.01291 2.110938
v 0.021861 0.013626 2.110813
v 0.020698 0.01443 2.109987
v 0.020058 0.015283 2.108646
v 0.022902 0.013079 2.110989
v 0.021576 0.01382 2.110702
v 0.020500 0.01464 2.109736
v 0.023851 0.012596 2.110747
v 0.022610 0.013255 2.111005
v 0.021302 0.014019 2.110555
v 0.020333 0.014853 2.109461
v 0.023608 0.012749 2.110877
v 0.022313 0.013438 2.110984
v 0.021046 0.014223 2.110375
v 0.020199 0.015068 2.109167
v 0.023345 0.01291 2.110977
v 0.022017 0.013626 2.110925
v 0.020810 0.01443 2.110163
v 0.020099 0.015283 2.108859
v 0.023065 0.013079 2.111044
v 0.021726 0.01382 2.110830
v 0.020599 0.01464 2.109923
v 0.022775 0.013255 2.111076
v 0.021445 0.014019 2.110698
v 0.020418 0.014853 2.109657
v 0.023764 0.012749 2.110894
v 0.022477 0.013438 2.111071
v 0.021178 0.014223 2.110531
v 0.020267 0.015068 2.109371
v 0.023507 0.01291 2.111008
v 0.022178 0.013626 2.111028
v 0.020932 0.01443 2.110332
v 0.020151 0.015283 2.109069
v 0.023231 0.013079 2.111090
v 0.021882 0.01382 2.110948
v 0.020708 0.01464 2.110104
v 0.022943 0.013255 2.111137
v 0.021594 0.014019 2.110832
v 0.020513 0.014853 2.109849
v 0.023921 0.012749 2.110903
v 0.022646 0.013438 2.111148
v 0.021320 0.014223 2.110680
v 0.020347 0.015068 2.109571
v 0.023670 0.01291 2.111031
v 0.022345 0.013626 2.111122
v 0.021062 0.01443 2.110495
v 0.020215 0.015283 2.109275
v 0.023400 0.013079 2.111127
v 0.022045 0.01382 2.111059
v 0.020827 0.01464 2.110279
v 0.023114 0.013255 2.111190
v 0.021751 0.014019 2.110958
v 0.020618 0.014853 2.110035
v 0.022818 0.013438 2.111217
v 0.021469 0.014223 2.110822
v 0.020438 0.015068 2.109767
v 0.023835 0.01291 2.111044
v 0.022516 0.013626 2.111207
v 0.021202 0.01443 2.110651
v 0.020290 0.015283 2.109478
v 0.023570 0.013079 2.111155
v 0.022213 0.01382 2.111160
v 0.020955 0.01464 2.110447
v 0.023288 0.013255 2.111233
v 0.021915 0.014019 2.111076
v 0.020733 0.014853 2.110215
v 0.022994 0.013438 2.111276
v 0.021625 0.014223 2.110954
v 0.020538 0.015068 2.109957
v 0.022692 0.013626 2.111283
v 0.021349 0.01443 2.110798
v 0.020375 0.015283 2.109677
v 0.023742 0.013079 2.111174
v 0.022387 0.01382 2.111252
v 0.021092 0.01464 2.110609
v 0.023464 0.013255 2.111267
v 0.022084 0.014019 2.111184
v 0.020858 0.014853 2.110389
v 0.023173 0.013438 2.111326
v 0.021789 0.014223 2.111079
v 0.020649 0.015068 2.110142
v 0.022872 0.013626 2.111349
v 0.021505 0.01443 2.110938
v 0.020471 0.015283 2.109871
v 0.023914 0.013079 2.111183
v 0.022565 0.01382 2.111335
v 0.021238 0.01464 2.110762
v 0.023642 0.013255 2.111291
v 0.022259 0.014019 2.111283
v 0.020992 0.014853 2.110555
v 0.023354 0.013438 2.111366
v 0.021958 0.014223 2.111194
v 0.020770 0.015068 2.110320
v 0.023055 0.013626 2.111405
v 0.021668 0.01443 2.111068
v 0.020578 0.015283 2.110059
v 0.022748 0.01382 2.111408
v 0.021391 0.01464 2.110908
v 0.023821 0.013255 2.111306
v 0.022440 0.014019 2.111372
v 0.021134 0.014853 2.110715
v 0.023537 0.013438 2.111396
v 0.022134 0.014223 2.111300
v 0.020901 0.015068 2.110491
v 0.023240 0.013626 2.111451
v 0.021837 0.01443 2.111190
v 0.020694 0.015283 2.110241
v 0.022934 0.01382 2.111470
v 0.021553 0.01464 2.111045
v 0.022625 0.014019 2.111452
v 0.021285 0.014853 2.110866
v 0.023722 0.013438 2.111416
v 0.022316 0.014223 2.111396
v 0.021040 0.015068 2.110655
v 0.023428 0.013626 2.111487
v 0.022013 0.01443 2.111302
v 0.020820 0.015283 2.110417
v 0.023124 0.01382 2.111523
v 0.021721 0.01464 2.111173
v 0.022814 0.014019 2.111521
v 0.021445 0.014853 2.111008
v 0.023907 0.013438 2.111426
v 0.022502 0.014223 2.111482
v 0.021188 0.015068 2.110812
v 0.023618 0.013626 2.111513
v 0.022195 0.01443 2.111405
v 0.020956 0.015283 2.110586
v 0.023316 0.01382 2.111565
v 0.021896 0.01464 2.111292
v 0.023006 0.014019 2.111580
v 0.021611 0.014853 2.111142
v 0.022693 0.014223 2.111558
v 0.021345 0.015068 2.110960
v 0.023809 0.013626 2.111529
v 0.022382 0.01443 2.111498
v 0.021100 0.015283 2.110747
v 0.023510 0.01382 2.111597
v 0.022077 0.01464 2.111401
v 0.023201 0.014019 2.111629
v 0.021785 0.014853 2.111267
v 0.022887 0.014223 2.111624
v 0.021509 0.015068 2.111099
v 0.022573 0.01443 2.111580
v 0.021253 0.015283 2.110900
v 0.023705 0.01382 2.111618
v 0.022264 0.01464 2.111500
v 0.023399 0.014019 2.111667
v 0.021965 0.014853 2.111382
v 0.023085 0.014223 2.111679
v 0.021680 0.015068 2.111230
v 0.022769 0.01443 2.111652
v 0.021414 0.015283 2.111044
v 0.023902 0.01382 2.111629
v 0.022456 0.01464 2.111589
v 0.023598 0.014019 2.111694
v 0.022151 0.014853 2.111487
v 0.023286 0.014223 2.111723
v 0.021858 0.015068 2.111351
v 0.022969 0.01443 2.111714
v 0.021583 0.015283 2.111180
v 0.022653 0.01464 2.111667
v 0.023799 0.014019 2.111710
v 0.022343 0.014853 2.111582
v 0.023488 0.014223 2.111756
v 0.022043 0.015068 2.111462
v 0.023171 0.01443 2.111764
v 0.021759 0.015283 2.111306
v 0.022853 0.01464 2.111734
v 0.022539 0.014853 2.111667
v 0.023692 0.014223 2.111778
v 0.022233 0.015068 2.111562
v 0.023376 0.01443 2.111803
v 0.021941 0.015283 2.111422
v 0.023057 0.01464 2.111791
v 0.022740 0.014853 2.111741
v 0.023897 0.014223 2.111789
v 0.022429 0.015068 2.111653
v 0.023583 0.01443 2.111832
v 0.022129 0.015283 2.111529
v 0.023264 0.01464 2.111836
v 0.022944 0.014853 2.111803
v 0.022629 0.015068 2.111733
v 0.023791 0.01443 2.111849
v 0.022323 0.015283 2.111625
v 0.023473 0.01464 2.111871
v 0.023151 0.014853 2.111855
v 0.022833 0.015068 2.111801
v 0.022522 0.015283 2.111710
v 0.023683 0.01464 2.111894
v 0.023361 0.014853 2.111895
v 0.023040 0.015068 2.111859
v 0.022725 0.015283 2.111785
v 0.023894 0.01464 2.111905
v 0.023573 0.014853 2.111924
v 0.023251 0.015068 2.111905
v 0.022931 0.015283 2.111849
v 0.023786 0.014853 2.111942
v 0.023463 0.015068 2.111940
v 0.023141 0.015283 2.111901
v 0.023677 0.015068 2.111963
v 0.023354 0.015283 2.111942
v 0.023892 0.015068 2.111975
v 0.023568 0.015283 2.111971
v 0.023784 0.015283 2.111988
v 0.024000 0.0115 0.016000
v 0.024000 0.0115 2.108000
v 0.916000 0.0115 2.108000
v 0.916000 0.0115 0.016000
v 0.024000 0.0525 0.012000
v 0.024000 0.052657 0.012003
v 0.024000 0.052814 0.012012
v 0.024000 0.05297 0.012028
v 0.024000 0.053126 0.012049
v 0.024000 0.05328 0.012077
v 0.024000 0.053434 0.012111
v 0.024000 0.053586 0.012150
v 0.024000 0.053736 0.012196
v 0.024000 0.053884 0.012247
v 0.024000 0.054031 0.012304
v 0.024000 0.054175 0.012367
v 0.024000 0.054316 0.012436
v 0.024000 0.054454 0.012510
v 0.024000 0.05459 0.012589
v 0.024000 0.054722 0.012674
v 0.024000 0.054851 0.012764
v 0.024000 0.054976 0.012859
v 0.024000 0.055098 0.012958
v 0.024000 0.055215 0.013063
v 0.024000 0.055328 0.013172
v 0.024000 0.055437 0.013285
v 0.024000 0.055542 0.013402
v 0.024000 0.055641 0.013524
v 0.024000 0.055736 0.013649
v 0.024000 0.055826 0.013778
v 0.024000 0.055911 0.013910
v 0.024000 0.05599 0.014046
v 0.024000 0.056064 0.014184
v 0.024000 0.056133 0.014325
v 0.024000 0.056196 0.014469
v 0.024000 0.056253 0.014616
v 0.024000 0.056304 0.014764
v 0.024000 0.05635 0.014914
v 0.024000 0.056389 0.015066
v 0.024000 0.056423 0.015220
v 0.024000 0.056451 0.015374
v 0.024000 0.056472 0.015530
v 0.024000 0.056488 0.015686
v 0.024000 0.056497 0.015843
v 0.024000 0.0565 0.016000
v 0.916000 0.0525 0.012000
v 0.916000 0.052657 0.012003
v 0.916000 0.052814 0.012012
v 0.916000 0.05297 0.012028
v 0.916000 0.053126 0.012049
v 0.916000 0.05328 0.012077
v 0.916000 0.053434 0.012111
v 0.916000 0.053586 0.012150
v 0.916000 0.053736 0.012196
v 0.916000 0.053884 0.012247
v 0.916000 0.054031 0.012304
v 0.916000 0.054175 0.012367
v 0.916000 0.054316 0.012436
v 0.916000 0.054454 0.012510
v 0.916000 0.05459 0.012589
v 0.916000 0.054722 0.012674
v 0.916000 0.054851 0.012764
v 0.916000 0.054976 0.012859
v 0.916000 0.055098 0.012958
v 0.916000 0.055215 0.013063
v 0.916000 0.055328 0.013172
v 0.916000 0.055437 0.013285
v 0.916000 0.055542 0.013402
v 0.916000 0.055641 0.013524
v 0.916000 0.055736 0.013649
v 0.916000 0.055826 0.013778
v 0.916000 0.055911 0.013910
v 0.916000 0.05599 0.014046
v 0.916000 0.056064 0.014184
v 0.916000 0.056133 0.014325
v 0.916000 0.056196 0.014469
v 0.916000 0.056253 0.014616
v 0.916000 0.056304 0.014764
v 0.916000 0.05635 0.014914
v 0.916000 0.056389 0.015066
v 0.916000 0.056423 0.015220
v 0.916000 0.056451 0.015374
v 0.916000 0.056472 0.015530
v 0.916000 0.056488 0.015686
v 0.916000 0.056497 0.015843
v 0.916000 0.0565 0.016000
v 0.024000 0.0525 2.112000
v 0.024000 0.052657 2.111997
v 0.024000 0.052814 2.111988
v 0.024000 0.05297 2.111972
v 0.024000 0.053126 2.111951
v 0.024000 0.05328 2.111923
v 0.024000 0.053434 2.111889
v 0.024000 0.053586 2.111850
v 0.024000 0.053736 2.111804
v 0.024000 0.053884 2.111753
v 0.024000 0.054031 2.111696
v 0.024000 0.054175 2.111633
v 0.024000 0.054316 2.111564
v 0.024000 0.054454 2.111490
v 0.024000 0.05459 2.111411
v 0.024000 0.054722 2.111326
v 0.024000 0.054851 2.111236
v 0.024000 0.054976 2.111141
v 0.024000 0.055098 2.111042
v 0.024000 0.055215 2.110937
v 0.024000 0.055328 2.110828
v 0.024000 0.055437 2.110715
v 0.024000 0.055542 2.110598
v 0.024000 0.055641 2.110476
v 0.024000 0.055736 2.110351
v 0.024000 0.055826 2.110222
v 0.024000 0.055911 2.110090
v 0.024000 0.05599 2.109954
v 0.024000 0.056064 2.109816
v 0.024000 0.056133 2.109675
v 0.024000 0.056196 2.109531
v 0.024000 0.056253 2.109384
v 0.024000 0.056304 2.109236
v 0.024000 0.05635 2.109086
v 0.024000 0.056389 2.108934
v 0.024000 0.056423 2.108780
v 0.024000 0.056451 2.108626
v 0.024000 0.056472 2.108470
v 0.024000 0.056488 2.108314
v 0.024000 0.056497 2.108157
v 0.024000 0.0565 2.108000
v 0.916000 0.0525 2.112000
v 0.916000 0.052657 2.111997
v 0.916000 0.052814 2.111988
v 0.916000 0.05297 2.111972
v 0.916000 0.053126 2.111951
v 0.916000 0.05328 2.111923
v 0.916000 0.053434 2.111889
v 0.916000 0.053586 2.111850
v 0.916000 0.053736 2.111804
v 0.916000 0.053884 2.111753
v 0.916000 0.054031 2.111696
v 0.916000 0.054175 2.111633
v 0.916000 0.054316 2.111564
v 0.916000 0.054454 2.111490
v 0.916000 0.05459 2.111411
v 0.916000 0.054722 2.111326
v 0.916000 0.054851 2.111236
v 0.916000 0.054976 2.111141
v 0.916000 0.055098 2.111042
v 0.916000 0.055215 2.110937
v 0.916000 0.055328 2.110828
v 0.916000 0.055437 2.110715
v 0.916000 0.055542 2.110598
v 0.916000 0.055641 2.110476
v 0.916000 0.055736 2.110351
v 0.916000 0.055826 2.110222
v 0.916000 0.055911 2.110090
v 0.916000 0.05599 2.109954
v 0.916000 0.056064 2.109816
v 0.916000 0.056133 2.109675
v 0.916000 0.056196 2.109531
v 0.916000 0.056253 2.109384
v 0.916000 0.056304 2.109236
v 0.916000 0.05635 2.109086
v 0.916000 0.056389 2.108934
v 0.916000 0.056423 2.108780
v 0.916000 0.056451 2.108626
v 0.916000 0.056472 2.108470
v 0.916000 0.056488 2.108314
v 0.916000 0.056497 2.108157
v 0.916000 0.0565 2.108000
v 0.920000 0.0525 0.016000
v 0.920000 0.0525 2.108000
v 0.919997 0.052657 0.016000
v 0.919988 0.052814 0.016000
v 0.919972 0.05297 0.016000
v 0.919951 0.053126 0.016000
v 0.919923 0.05328 0.016000
v 0.919889 0.053434 0.016000
v 0.919850 0.053586 0.016000
v 0.919804 0.053736 0.016000
v 0.919753 0.053884 0.016000
v 0.919696 0.054031 0.016000
v 0.919633 0.054175 0.016000
v 0.919564 0.054316 0.016000
v 0.919490 0.054454 0.016000
v 0.919411 0.05459 0.016000
v 0.919326 0.054722 0.016000
v 0.919236 0.054851 0.016000
v 0.919141 0.054976 0.016000
v 0.919042 0.055098 0.016000
v 0.918937 0.055215 0.016000
v 0.918828 0.055328 0.016000
v 0.918715 0.055437 0.016000
v 0.918598 0.055542 0.016000
v 0.918476 0.055641 0.016000
v 0.918351 0.055736 0.016000
v 0.918222 0.055826 0.016000
v 0.918090 0.055911 0.016000
v 0.917954 0.05599 0.016000
v 0.917816 0.056064 0.016000
v 0.917675 0.056133 0.016000
v 0.917531 0.056196 0.016000
v 0.917384 0.056253 0.016000
v 0.917236 0.056304 0.016000
v 0.917086 0.05635 0.016000
v 0.916934 0.056389 0.016000
v 0.916780 0.056423 0.016000
v 0.916626 0.056451 0.016000
v 0.916470 0.056472 0.016000
v 0.916314 0.056488 0.016000
v 0.916157 0.056497 0.016000
v 0.916000 0.0565 0.016000
v 0.916000 0.0565 2.108000
v 0.919997 0.052657 2.108000
v 0.919988 0.052814 2.108000
v 0.919972 0.05297 2.108000
v 0.919951 0.053126 2.108000
v 0.919923 0.05328 2.108000
v 0.919889 0.053434 2.108000
v 0.919850 0.053586 2.108000
v 0.919804 0.053736 2.108000
v 0.919753 0.053884 2.108000
v 0.919696 0.054031 2.108000
v 0.919633 0.054175 2.108000
v 0.919564 0.054316 2.108000
v 0.919490 0.054454 2.108000
v 0.919411 0.05459 2.108000
v 0.919326 0.054722 2.108000
v 0.919236 0.054851 2.108000
v 0.919141 0.054976 2.108000
v 0.919042 0.055098 2.108000
v 0.918937 0.055215 2.108000
v 0.918828 0.055328 2.108000
v 0.918715 0.055437 2.108000
v 0.918598 0.055542 2.108000
v 0.918476 0.055641 2.108000
v 0.918351 0.055736 2.108000
v 0.918222 0.055826 2.108000
v 0.918090 0.055911 2.108000
v 0.917954 0.05599 2.108000
v 0.917816 0.056064 2.108000
v 0.917675 0.056133 2.108000
v 0.917531 0.056196 2.108000
v 0.917384 0.056253 2.108000
v 0.917236 0.056304 2.108000
v 0.917086 0.05635 2.108000
v 0.916934 0.056389 2.108000
v 0.916780 0.056423 2.108000
v 0.916626 0.056451 2.108000
v 0.916470 0.056472 2.108000
v 0.916314 0.056488 2.108000
v 0.916157 0.056497 2.108000
v 0.024000 0.0155 0.012000
v 0.024000 0.015343 0.012003
v 0.024000 0.015186 0.012012
v 0.024000 0.01503 0.012028
v 0.024000 0.014874 0.012049
v 0.024000 0.01472 0.012077
v 0.024000 0.014566 0.012111
v 0.024000 0.014414 0.012150
v 0.024000 0.014264 0.012196
v 0.024000 0.014116 0.012247
v 0.024000 0.013969 0.012304
v 0.024000 0.013825 0.012367
v 0.024000 0.013684 0.012436
v 0.024000 0.013546 0.012510
v 0.024000 0.01341 0.012589
v 0.024000 0.013278 0.012674
v 0.024000 0.013149 0.012764
v 0.024000 0.013024 0.012859
v 0.024000 0.012902 0.012958
v 0.024000 0.012785 0.013063
v 0.024000 0.012672 0.013172
v 0.024000 0.012563 0.013285
v 0.024000 0.012458 0.013402
v 0.024000 0.012359 0.013524
v 0.024000 0.012264 0.013649
v 0.024000 0.012174 0.013778
v 0.024000 0.012089 0.013910
v 0.024000 0.01201 0.014046
v 0.024000 0.011936 0.014184
v 0.024000 0.011867 0.014325
v 0.024000 0.011804 0.014469
v 0.024000 0.011747 0.014616
v 0.024000 0.011696 0.014764
v 0.024000 0.01165 0.014914
v 0.024000 0.011611 0.015066
v 0.024000 0.011577 0.015220
v 0.024000 0.011549 0.015374
v 0.024000 0.011528 0.015530
v 0.024000 0.011512 0.015686
v 0.024000 0.011503 0.015843
v 0.024000 0.0115 0.016000
v 0.916000 0.0155 0.012000
v 0.916000 0.015343 0.012003
v 0.916000 0.015186 0.012012
v 0.916000 0.01503 0.012028
v 0.916000 0.014874 0.012049
v 0.916000 0.01472 0.012077
v 0.916000 0.014566 0.012111
v 0.916000 0.014414 0.012150
v 0.916000 0.014264 0.012196
v 0.916000 0.014116 0.012247
v 0.916000 0.013969 0.012304
v 0.916000 0.013825 0.012367
v 0.916000 0.013684 0.012436
v 0.916000 0.013546 0.012510
v 0.916000 0.01341 0.012589
v 0.916000 0.013278 0.012674
v 0.916000 0.013149 0.012764
v 0.916000 0.013024 0.012859
v 0.916000 0.012902 0.012958
v 0.916000 0.012785 0.013063
v 0.916000 0.012672 0.013172
v 0.916000 0.012563 0.013285
v 0.916000 0.012458 0.013402
v 0.916000 0.012359 0.013524
v 0.916000 0.012264 0.013649
v 0.916000 0.012174 0.013778
v 0.916000 0.012089 0.013910
v 0.916000 0.01201 0.014046
v 0.916000 0.011936 0.014184
v 0.916000 0.011867 0.014325
v 0.916000 0.011804 0.014469
v 0.916000 0.011747 0.014616
v 0.916000 0.011696 0.014764
v 0.916000 0.01165 0.014914
v 0.916000 0.011611 0.015066
v 0.916000 0.011577 0.015220
v 0.916000 0.011549 0.015374
v 0.916000 0.011528 0.015530
v 0.916000 0.011512 0.015686
v 0.916000 0.011503 0.015843
v 0.916000 0.0115 0.016000
v 0.916000 0.0525 0.012000
v 0.916157 0.0525 0.012003
v 0.916314 0.0525 0.012012
v 0.916470 0.0525 0.012028
v 0.916626 0.0525 0.012049
v 0.916780 0.0525 0.012077
v 0.916934 0.0525 0.012111
v 0.917086 0.0525 0.012150
v 0.917236 0.0525 0.012196
v 0.917384 0.0525 0.012247
v 0.917531 0.0525 0.012304
v 0.917675 0.0525 0.012367
v 0.917816 0.0525 0.012436
v 0.917954 0.0525 0.012510
v 0.918090 0.0525 0.012589
v 0.918222 0.0525 0.012674
v 0.918351 0.0525 0.012764
v 0.918476 0.0525 0.012859
v 0.918598 0.0525 0.012958
v 0.918715 0.0525 0.013063
v 0.918828 0.0525 0.013172
v 0.918937 0.0525 0.013285
v 0.919042 0.0525 0.013402
v 0.919141 0.0525 0.013524
v 0.919236 0.0525 0.013649
v 0.919326 0.0525 0.013778
v 0.919411 0.0525 0.013910
v 0.919490 0.0525 0.014046
v 0.919564 0.0525 0.014184
v 0.919633 0.0525 0.014325
v 0.919696 0.0525 0.014469
v 0.919753 0.0525 0.014616
v 0.919804 0.0525 0.014764
v 0.919850 0.0525 0.014914
v 0.919889 0.0525 0.015066
v 0.919923 0.0525 0.015220
v 0.919951 0.0525 0.015374
v 0.919972 0.0525 0.015530
v 0.919988 0.0525 0.015686
v 0.919997 0.0525 0.015843
v 0.920000 0.0525 0.016000
v 0.916000 0.0155 0.012000
v 0.916157 0.0155 0.012003
v 0.916314 0.0155 0.012012
v 0.916470 0.0155 0.012028
v 0.916626 0.0155 0.012049
v 0.916780 0.0155 0.012077
v 0.916934 0.0155 0.012111
v 0.917086 0.0155 0.012150
v 0.917236 0.0155 0.012196
v 0.917384 0.0155 0.012247
v 0.917531 0.0155 0.012304
v 0.917675 0.0155 0.012367
v 0.917816 0.0155 0.012436
v 0.917954 0.0155 0.012510
v 0.918090 0.0155 0.012589
v 0.918222 0.0155 0.012674
v 0.918351 0.0155 0.012764
v 0.918476 0.0155 0.012859
v 0.918598 0.0155 0.012958
v 0.918715 0.0155 0.013063
v 0.918828 0.0155 0.013172
v 0.918937 0.0155 0.013285
v 0.919042 0.0155 0.013402
v 0.919141 0.0155 0.013524
v 0.919236 0.0155 0.013649
v 0.919326 0.0155 0.013778
v 0.919411 0.0155 0.013910
v 0.919490 0.0155 0.014046
v 0.919564 0.0155 0.014184
v 0.919633 0.0155 0.014325
v 0.919696 0.0155 0.014469
v 0.919753 0.0155 0.014616
v 0.919804 0.0155 0.014764
v 0.919850 0.0155 0.014914
v 0.919889 0.0155 0.015066
v 0.919923 0.0155 0.015220
v 0.919951 0.0155 0.015374
v 0.919972 0.0155 0.015530
v 0.919988 0.0155 0.015686
v 0.919997 0.0155 0.015843
v 0.920000 0.0155 0.016000
v 0.024000 0.0115 2.108000
v 0.024000 0.011503 2.108157
v 0.024000 0.011512 2.108314
v 0.024000 0.011528 2.108470
v 0.024000 0.011549 2.108626
v 0.024000 0.011577 2.108780
v 0.024000 0.011611 2.108934
v 0.024000 0.01165 2.109086
v 0.024000 0.011696 2.109236
v 0.024000 0.011747 2.109384
v 0.024000 0.011804 2.109531
v 0.024000 0.011867 2.109675
v 0.024000 0.011936 2.109816
v 0.024000 0.01201 2.109954
v 0.024000 0.012089 2.110090
v 0.024000 0.012174 2.110222
v 0.024000 0.012264 2.110351
v 0.024000 0.012359 2.110476
v 0.024000 0.012458 2.110598
v 0.024000 0.012563 2.110715
v 0.024000 0.012672 2.110828
v 0.024000 0.012785 2.110937
v 0.024000 0.012902 2.111042
v 0.024000 0.013024 2.111141
v 0.024000 0.013149 2.111236
v 0.024000 0.013278 2.111326
v 0.024000 0.01341 2.111411
v 0.024000 0.013546 2.111490
v 0.024000 0.013684 2.111564
v 0.024000 0.013825 2.111633
v 0.024000 0.013969 2.111696
v 0.024000 0.014116 2.111753
v 0.024000 0.014264 2.111804
v 0.024000 0.014414 2.111850
v 0.024000 0.014566 2.111889
v 0.024000 0.01472 2.111923
v 0.024000 0.014874 2.111951
v 0.024000 0.01503 2.111972
v 0.024000 0.015186 2.111988
v 0.024000 0.015343 2.111997
v 0.024000 0.0155 2.112000
v 0.916000 0.0155 2.112000
v 0.916000 0.0115 2.108000
v 0.916000 0.011503 2.108157
v 0.916000 0.011512 2.108314
v 0.916000 0.011528 2.108470
v 0.916000 0.011549 2.108626
v 0.916000 0.011577 2.108780
v 0.916000 0.011611 2.108934
v 0.916000 0.01165 2.109086
v 0.916000 0.011696 2.109236
v 0.916000 0.011747 2.109384
v 0.916000 0.011804 2.109531
v 0.916000 0.011867 2.109675
v 0.916000 0.011936 2.109816
v 0.916000 0.01201 2.109954
v 0.916000 0.012089 2.110090
v 0.916000 0.012174 2.110222
v 0.916000 0.012264 2.110351
v 0.916000 0.012359 2.110476
v 0.916000 0.012458 2.110598
v 0.916000 0.012563 2.110715
v 0.916000 0.012672 2.110828
v 0.916000 0.012785 2.110937
v 0.916000 0.012902 2.111042
v 0.916000 0.013024 2.111141
v 0.916000 0.013149 2.111236
v 0.916000 0.013278 2.111326
v 0.916000 0.01341 2.111411
v 0.916000 0.013546 2.111490
v 0.916000 0.013684 2.111564
v 0.916000 0.013825 2.111633
v 0.916000 0.013969 2.111696
v 0.916000 0.014116 2.111753
v 0.916000 0.014264 2.111804
v 0.916000 0.014414 2.111850
v 0.916000 0.014566 2.111889
v 0.916000 0.01472 2.111923
v 0.916000 0.014874 2.111951
v 0.916000 0.01503 2.111972
v 0.916000 0.015186 2.111988
v 0.916000 0.015343 2.111997
v 0.916000 0.0525 2.112000
v 0.916157 0.0525 2.111997
v 0.916314 0.0525 2.111988
v 0.916470 0.0525 2.111972
v 0.916626 0.0525 2.111951
v 0.916780 0.0525 2.111923
v 0.916934 0.0525 2.111889
v 0.917086 0.0525 2.111850
v 0.917236 0.0525 2.111804
v 0.917384 0.0525 2.111753
v 0.917531 0.0525 2.111696
v 0.917675 0.0525 2.111633
v 0.917816 0.0525 2.111564
v 0.917954 0.0525 2.111490
v 0.918090 0.0525 2.111411
v 0.918222 0.0525 2.111326
v 0.918351 0.0525 2.111236
v 0.918476 0.0525 2.111141
v 0.918598 0.0525 2.111042
v 0.918715 0.0525 2.110937
v 0.918828 0.0525 2.110828
v 0.918937 0.0525 2.110715
v 0.919042 0.0525 2.110598
v 0.919141 0.0525 2.110476
v 0.919236 0.0525 2.110351
v 0.919326 0.0525 2.110222
v 0.919411 0.0525 2.110090
v 0.919490 0.0525 2.109954
v 0.919564 0.0525 2.109816
v 0.919633 0.0525 2.109675
v 0.919696 0.0525 2.109531
v 0.919753 0.0525 2.109384
v 0.919804 0.0525 2.109236
v 0.919850 0.0525 2.109086
v 0.919889 0.0525 2.108934
v 0.919923 0.0525 2.108780
v 0.919951 0.0525 2.108626
v 0.919972 0.0525 2.108470
v 0.919988 0.0525 2.108314
v 0.919997 0.0525 2.108157
v 0.920000 0.0525 2.108000
v 0.916000 0.0155 2.112000
v 0.920000 0.0155 2.108000
v 0.919997 0.0155 2.108157
v 0.919988 0.0155 2.108314
v 0.919972 0.0155 2.108470
v 0.919951 0.0155 2.108626
v 0.919923 0.0155 2.108780
v 0.919889 0.0155 2.108934
v 0.919850 0.0155 2.109086
v 0.919804 0.0155 2.109236
v 0.919753 0.0155 2.109384
v 0.919696 0.0155 2.109531
v 0.919633 0.0155 2.109675
v 0.919564 0.0155 2.109816
v 0.919490 0.0155 2.109954
v 0.919411 0.0155 2.110090
v 0.919326 0.0155 2.110222
v 0.919236 0.0155 2.110351
v 0.919141 0.0155 2.110476
v 0.919042 0.0155 2.110598
v 0.918937 0.0155 2.110715
v 0.918828 0.0155 2.110828
v 0.918715 0.0155 2.110937
v 0.918598 0.0155 2.111042
v 0.918476 0.0155 2.111141
v 0.918351 0.0155 2.111236
v 0.918222 0.0155 2.111326
v 0.918090 0.0155 2.111411
v 0.917954 0.0155 2.111490
v 0.917816 0.0155 2.111564
v 0.917675 0.0155 2.111633
v 0.917531 0.0155 2.111696
v 0.917384 0.0155 2.111753
v 0.917236 0.0155 2.111804
v 0.917086 0.0155 2.111850
v 0.916934 0.0155 2.111889
v 0.916780 0.0155 2.111923
v 0.916626 0.0155 2.111951
v 0.916470 0.0155 2.111972
v 0.916314 0.0155 2.111988
v 0.916157 0.0155 2.111997
v 0.920000 0.0155 0.016000
v 0.920000 0.0155 2.108000
v 0.919997 0.015343 0.016000
v 0.919988 0.015186 0.016000
v 0.919972 0.01503 0.016000
v 0.919951 0.014874 0.016000
v 0.919923 0.01472 0.016000
v 0.919889 0.014566 0.016000
v 0.919850 0.014414 0.016000
v 0.919804 0.014264 0.016000
v 0.919753 0.014116 0.016000
v 0.919696 0.013969 0.016000
v 0.919633 0.013825 0.016000
v 0.919564 0.013684 0.016000
v 0.919490 0.013546 0.016000
v 0.919411 0.01341 0.016000
v 0.919326 0.013278 0.016000
v 0.919236 0.013149 0.016000
v 0.919141 0.013024 0.016000
v 0.919042 0.012902 0.016000
v 0.918937 0.012785 0.016000
v 0.918828 0.012672 0.016000
v 0.918715 0.012563 0.016000
v 0.918598 0.012458 0.016000
v 0.918476 0.012359 0.016000
v 0.918351 0.012264 0.016000
v 0.918222 0.012174 0.016000
v 0.918090 0.012089 0.016000
v 0.917954 0.01201 0.016000
v 0.917816 0.011936 0.016000
v 0.917675 0.011867 0.016000
v 0.917531 0.011804 0.016000
v 0.917384 0.011747 0.016000
v 0.917236 0.011696 0.016000
v 0.917086 0.01165 0.016000
v 0.916934 0.011611 0.016000
v 0.916780 0.011577 0.016000
v 0.916626 0.011549 0.016000
v 0.916470 0.011528 0.016000
v 0.916314 0.011512 0.016000
v 0.916157 0.011503 0.016000
v 0.916000 0.0115 0.016000
v 0.916000 0.0115 2.108000
v 0.916157 0.011503 2.108000
v 0.916314 0.011512 2.108000
v 0.916470 0.011528 2.108000
v 0.916626 0.011549 2.108000
v 0.916780 0.011577 2.108000
v 0.916934 0.011611 2.108000
v 0.917086 0.01165 2.108000
v 0.917236 0.011696 2.108000
v 0.917384 0.011747 2.108000
v 0.917531 0.011804 2.108000
v 0.917675 0.011867 2.108000
v 0.917816 0.011936 2.108000
v 0.917954 0.01201 2.108000
v 0.918090 0.012089 2.108000
v 0.918222 0.012174 2.108000
v 0.918351 0.012264 2.108000
v 0.918476 0.012359 2.108000
v 0.918598 0.012458 2.108000
v 0.918715 0.012563 2.108000
v 0.918828 0.012672 2.108000
v 0.918937 0.012785 2.108000
v 0.919042 0.012902 2.108000
v 0.919141 0.013024 2.108000
v 0.919236 0.013149 2.108000
v 0.919326 0.013278 2.108000
v 0.919411 0.01341 2.108000
v 0.919490 0.013546 2.108000
v 0.919564 0.013684 2.108000
v 0.919633 0.013825 2.108000
v 0.919696 0.013969 2.108000
v 0.919753 0.014116 2.108000
v 0.919804 0.014264 2.108000
v 0.919850 0.014414 2.108000
v 0.919889 0.014566 2.108000
v 0.919923 0.01472 2.108000
v 0.919951 0.014874 2.108000
v 0.919972 0.01503 2.108000
v 0.919988 0.015186 2.108000
v 0.919997 0.015343 2.108000
v 0.916000 0.0525 0.012000
v 0.916157 0.0525 0.012003
v 0.916314 0.0525 0.012012
v 0.916470 0.0525 0.012028
v 0.916626 0.0525 0.012049
v 0.916780 0.0525 0.012077
v 0.916934 0.0525 0.012111
v 0.917086 0.0525 0.012150
v 0.917236 0.0525 0.012196
v 0.917384 0.0525 0.012247
v 0.917531 0.0525 0.012304
v 0.917675 0.0525 0.012367
v 0.917816 0.0525 0.012436
v 0.917954 0.0525 0.012510
v 0.918090 0.0525 0.012589
v 0.918222 0.0525 0.012674
v 0.918351 0.0525 0.012764
v 0.918476 0.0525 0.012859
v 0.918598 0.0525 0.012958
v 0.918715 0.0525 0.013063
v 0.918828 0.0525 0.013172
v 0.918937 0.0525 0.013285
v 0.919042 0.0525 0.013402
v 0.919141 0.0525 0.013524
v 0.919236 0.0525 0.013649
v 0.919326 0.0525 0.013778
v 0.919411 0.0525 0.013910
v 0.919490 0.0525 0.014046
v 0.919564 0.0525 0.014184
v 0.919633 0.0525 0.014325
v 0.919696 0.0525 0.014469
v 0.919753 0.0525 0.014616
v 0.919804 0.0525 0.014764
v 0.919850 0.0525 0.014914
v 0.919889 0.0525 0.015066
v 0.919923 0.0525 0.015220
v 0.919951 0.0525 0.015374
v 0.919972 0.0525 0.015530
v 0.919988 0.0525 0.015686
v 0.919997 0.0525 0.015843
v 0.920000 0.0525 0.016000
v 0.916000 0.0525 0.012000
v 0.916000 0.052657 0.012003
v 0.916000 0.052814 0.012012
v 0.916000 0.05297 0.012028
v 0.916000 0.053126 0.012049
v 0.916000 0.05328 0.012077
v 0.916000 0.053434 0.012111
v 0.916000 0.053586 0.012150
v 0.916000 0.053736 0.012196
v 0.916000 0.053884 0.012247
v 0.916000 0.054031 0.012304
v 0.916000 0.054175 0.012367
v 0.916000 0.054316 0.012436
v 0.916000 0.054454 0.012510
v 0.916000 0.05459 0.012589
v 0.916000 0.054722 0.012674
v 0.916000 0.054851 0.012764
v 0.916000 0.054976 0.012859
v 0.916000 0.055098 0.012958
v 0.916000 0.055215 0.013063
v 0.916000 0.055328 0.013172
v 0.916000 0.055437 0.013285
v 0.916000 0.055542 0.013402
v 0.916000 0.055641 0.013524
v 0.916000 0.055736 0.013649
v 0.916000 0.055826 0.013778
v 0.916000 0.055911 0.013910
v 0.916000 0.05599 0.014046
v 0.916000 0.056064 0.014184
v 0.916000 0.056133 0.014325
v 0.916000 0.056196 0.014469
v 0.916000 0.056253 0.014616
v 0.916000 0.056304 0.014764
v 0.916000 0.05635 0.014914
v 0.916000 0.056389 0.015066
v 0.916000 0.056423 0.015220
v 0.916000 0.056451 0.015374
v 0.916000 0.056472 0.015530
v 0.916000 0.056488 0.015686
v 0.916000 0.056497 0.015843
v 0.916000 0.0565 0.016000
v 0.919997 0.052657 0.016000
v 0.919988 0.052814 0.016000
v 0.919972 0.05297 0.016000
v 0.919951 0.053126 0.016000
v 0.919923 0.05328 0.016000
v 0.919889 0.053434 0.016000
v 0.919850 0.053586 0.016000
v 0.919804 0.053736 0.016000
v 0.919753 0.053884 0.016000
v 0.919696 0.054031 0.016000
v 0.919633 0.054175 0.016000
v 0.919564 0.054316 0.016000
v 0.919490 0.054454 0.016000
v 0.919411 0.05459 0.016000
v 0.919326 0.054722 0.016000
v 0.919236 0.054851 0.016000
v 0.919141 0.054976 0.016000
v 0.919042 0.055098 0.016000
v 0.918937 0.055215 0.016000
v 0.918828 0.055328 0.016000
v 0.918715 0.055437 0.016000
v 0.918598 0.055542 0.016000
v 0.918476 0.055641 0.016000
v 0.918351 0.055736 0.016000
v 0.918222 0.055826 0.016000
v 0.918090 0.055911 0.016000
v 0.917954 0.05599 0.016000
v 0.917816 0.056064 0.016000
v 0.917675 0.056133 0.016000
v 0.917531 0.056196 0.016000
v 0.917384 0.056253 0.016000
v 0.917236 0.056304 0.016000
v 0.917086 0.05635 0.016000
v 0.916934 0.056389 0.016000
v 0.916780 0.056423 0.016000
v 0.916626 0.056451 0.016000
v 0.916470 0.056472 0.016000
v 0.916314 0.056488 0.016000
v 0.916157 0.056497 0.016000
v 0.916216 0.052506 0.012006
v 0.916216 0.052518 0.012006
v 0.916215 0.052529 0.012006
v 0.916432 0.052523 0.012023
v 0.916213 0.052541 0.012006
v 0.916430 0.052547 0.012023
v 0.916647 0.052518 0.012053
v 0.916210 0.052552 0.012006
v 0.916427 0.05257 0.012023
v 0.916645 0.052553 0.012053
v 0.916207 0.052564 0.012006
v 0.916422 0.052593 0.012023
v 0.916641 0.052587 0.012053
v 0.916859 0.052547 0.012094
v 0.916203 0.052575 0.012006
v 0.916417 0.052616 0.012023
v 0.916636 0.052622 0.012053
v 0.916855 0.052593 0.012094
v 0.916199 0.052586 0.012006
v 0.917070 0.052529 0.012146
v 0.916410 0.052638 0.012023
v 0.916628 0.052656 0.012053
v 0.916849 0.052639 0.012094
v 0.916194 0.052596 0.012006
v 0.917067 0.052587 0.012146
v 0.916402 0.05266 0.012023
v 0.916619 0.05269 0.012053
v 0.916840 0.052685 0.012094
v 0.916189 0.052607 0.012006
v 0.917060 0.052644 0.012146
v 0.916393 0.052682 0.012023
v 0.917275 0.052569 0.012209
v 0.916607 0.052723 0.012053
v 0.916829 0.05273 0.012094
v 0.916182 0.052617 0.012006
v 0.917051 0.052702 0.012146
v 0.916382 0.052703 0.012023
v 0.917270 0.052638 0.012209
v 0.916594 0.052756 0.012053
v 0.917480 0.05254 0.012284
v 0.916815 0.052775 0.012094
v 0.916176 0.052626 0.012006
v 0.917038 0.052758 0.012146
v 0.916371 0.052723 0.012023
v 0.917260 0.052707 0.012209
v 0.916580 0.052788 0.012053
v 0.917476 0.05262 0.012284
v 0.916799 0.052818 0.012094
v 0.916169 0.052636 0.012006
v 0.917023 0.052814 0.012146
v 0.916358 0.052743 0.012023
v 0.917247 0.052775 0.012209
v 0.916563 0.052818 0.012053
v 0.917467 0.0527 0.012284
v 0.916780 0.052861 0.012094
v 0.917677 0.052591 0.012370
v 0.916161 0.052645 0.012006
v 0.917004 0.052869 0.012146
v 0.916344 0.052762 0.012023
v 0.917231 0.052842 0.012209
v 0.916545 0.052849 0.012053
v 0.917454 0.052779 0.012284
v 0.916760 0.052903 0.012094
v 0.917670 0.052682 0.012370
v 0.916153 0.052653 0.012006
v 0.916983 0.052923 0.012146
v 0.917873 0.052551 0.012466
v 0.916330 0.05278 0.012023
v 0.917210 0.052908 0.012209
v 0.916526 0.052878 0.012053
v 0.917437 0.052857 0.012284
v 0.916737 0.052943 0.012094
v 0.917657 0.052772 0.012370
v 0.916145 0.052661 0.012006
v 0.916959 0.052975 0.012146
v 0.917867 0.052652 0.012466
v 0.916314 0.052797 0.012023
v 0.917186 0.052973 0.012209
v 0.916504 0.052905 0.012053
v 0.917415 0.052935 0.012284
v 0.916712 0.052983 0.012094
v 0.917640 0.052861 0.012370
v 0.916136 0.052669 0.012006
v 0.916932 0.053027 0.012146
v 0.917856 0.052753 0.012466
v 0.916297 0.052814 0.012023
v 0.917159 0.053036 0.012209
v 0.918059 0.052612 0.012573
v 0.916482 0.052932 0.012053
v 0.917390 0.053011 0.012284
v 0.916685 0.05302 0.012094
v 0.917618 0.052949 0.012370
v 0.916126 0.052676 0.012006
v 0.916902 0.053076 0.012146
v 0.917840 0.052853 0.012466
v 0.916280 0.05283 0.012023
v 0.917128 0.053098 0.012209
v 0.918050 0.052723 0.012573
v 0.916458 0.052958 0.012053
v 0.917360 0.053085 0.012284
v 0.918244 0.052561 0.012689
v 0.916655 0.053057 0.012094
v 0.917592 0.053036 0.012370
v 0.916117 0.052682 0.012006
v 0.916869 0.053124 0.012146
v 0.917818 0.052952 0.012466
v 0.916262 0.052844 0.012023
v 0.917094 0.053158 0.012209
v 0.918035 0.052834 0.012573
v 0.916432 0.052982 0.012053
v 0.917326 0.053158 0.012284
v 0.918237 0.052682 0.012689
v 0.916624 0.053091 0.012094
v 0.917560 0.053122 0.012370
v 0.916107 0.052689 0.012006
v 0.916834 0.05317 0.012146
v 0.917791 0.05305 0.012466
v 0.916243 0.052858 0.012023
v 0.917057 0.053217 0.012209
v 0.918014 0.052943 0.012573
v 0.916405 0.053004 0.012053
v 0.917289 0.053229 0.012284
v 0.918224 0.052803 0.012689
v 0.916591 0.053124 0.012094
v 0.917524 0.053205 0.012370
v 0.918417 0.052631 0.012816
v 0.916096 0.052694 0.012006
v 0.916797 0.053215 0.012146
v 0.917759 0.053146 0.012466
v 0.916223 0.052871 0.012023
v 0.917017 0.053273 0.012209
v 0.917987 0.053052 0.012573
v 0.916378 0.053026 0.012053
v 0.917247 0.053297 0.012284
v 0.918205 0.052923 0.012689
v 0.916557 0.053155 0.012094
v 0.917484 0.053287 0.012370
v 0.918407 0.052762 0.012816
v 0.916086 0.052699 0.012006
v 0.916757 0.053257 0.012146
v 0.917721 0.05324 0.012466
v 0.918589 0.05257 0.012951
v 0.916203 0.052882 0.012023
v 0.916973 0.053327 0.012209
v 0.917954 0.053158 0.012573
v 0.916349 0.053045 0.012053
v 0.917202 0.053364 0.012284
v 0.918178 0.053042 0.012689
v 0.916520 0.053185 0.012094
v 0.917439 0.053366 0.012370
v 0.918389 0.052892 0.012816
v 0.916075 0.052703 0.012006
v 0.916715 0.053297 0.012146
v 0.917679 0.053332 0.012466
v 0.918581 0.05271 0.012951
v 0.916182 0.052893 0.012023
v 0.916927 0.053378 0.012209
v 0.917916 0.053263 0.012573
v 0.916318 0.053063 0.012053
v 0.917154 0.053428 0.012284
v 0.918146 0.053159 0.012689
v 0.916483 0.053212 0.012094
v 0.917390 0.053443 0.012370
v 0.918364 0.05302 0.012816
v 0.916064 0.052707 0.012006
v 0.916670 0.053334 0.012146
v 0.917631 0.053422 0.012466
v 0.918566 0.05285 0.012951
v 0.916160 0.052902 0.012023
v 0.916878 0.053427 0.012209
v 0.917872 0.053366 0.012573
v 0.918747 0.052649 0.013096
v 0.916288 0.05308 0.012053
v 0.917102 0.053489 0.012284
v 0.918107 0.053274 0.012689
v 0.916443 0.053237 0.012094
v 0.917337 0.053516 0.012370
v 0.918332 0.053148 0.012816
v 0.916052 0.05271 0.012006
v 0.916624 0.053369 0.012146
v 0.917579 0.053509 0.012466
v 0.918543 0.052988 0.012951
v 0.916138 0.05291 0.012023
v 0.916827 0.053473 0.012209
v 0.917822 0.053466 0.012573
v 0.918735 0.052797 0.013096
v 0.916256 0.053094 0.012053
v 0.917047 0.053547 0.012284
v 0.918062 0.053387 0.012689
v 0.918903 0.052579 0.013249
v 0.916403 0.05326 0.012094
v 0.917280 0.053587 0.012370
v 0.918294 0.053273 0.012816
v 0.916041 0.052713 0.012006
v 0.916576 0.053402 0.012146
v 0.917522 0.053593 0.012466
v 0.918513 0.053125 0.012951
v 0.916116 0.052917 0.012023
v 0.916773 0.053517 0.012209
v 0.917767 0.053563 0.012573
v 0.918715 0.052945 0.013096
v 0.916223 0.053107 0.012053
v 0.916989 0.053602 0.012284
v 0.918011 0.053497 0.012689
v 0.918894 0.052736 0.013249
v 0.916361 0.05328 0.012094
v 0.917219 0.053655 0.012370
v 0.918249 0.053396 0.012816
v 0.916029 0.052715 0.012006
v 0.916527 0.053432 0.012146
v 0.917460 0.053674 0.012466
v 0.918475 0.05326 0.012951
v 0.916093 0.052922 0.012023
v 0.916717 0.053557 0.012209
v 0.917707 0.053657 0.012573
v 0.918686 0.053091 0.013096
v 0.916190 0.053119 0.012053
v 0.916928 0.053654 0.012284
v 0.917954 0.053605 0.012689
v 0.918877 0.052892 0.013249
v 0.916318 0.053299 0.012094
v 0.917155 0.053719 0.012370
v 0.918197 0.053516 0.012816
v 0.919044 0.052665 0.013410
v 0.916018 0.052716 0.012006
v 0.916475 0.053459 0.012146
v 0.917395 0.053751 0.012466
v 0.918431 0.053393 0.012951
v 0.916070 0.052927 0.012023
v 0.916658 0.053594 0.012209
v 0.917642 0.053748 0.012573
v 0.918651 0.053236 0.013096
v 0.916156 0.053128 0.012053
v 0.916864 0.053702 0.012284
v 0.917891 0.053709 0.012689
v 0.918852 0.053047 0.013249
v 0.916275 0.053315 0.012094
v 0.917087 0.05378 0.012370
v 0.918139 0.053634 0.012816
v 0.919031 0.05283 0.013410
v 0.916006 0.052716 0.012006
v 0.916423 0.053483 0.012146
v 0.917325 0.053825 0.012466
v 0.918379 0.053523 0.012951
v 0.919183 0.052586 0.013579
v 0.916047 0.05293 0.012023
v 0.916598 0.053628 0.012209
v 0.917572 0.053835 0.012573
v 0.918607 0.053378 0.013096
v 0.916122 0.053136 0.012053
v 0.916797 0.053747 0.012284
v 0.917823 0.05381 0.012689
v 0.918818 0.053201 0.013249
v 0.916230 0.053329 0.012094
v 0.917016 0.053837 0.012370
v 0.918074 0.053748 0.012816
v 0.919008 0.052993 0.013410
v 0.916369 0.053504 0.012146
v 0.917251 0.053895 0.012466
v 0.918320 0.053651 0.012951
v 0.919174 0.052758 0.013579
v 0.916023 0.052932 0.012023
v 0.916536 0.053659 0.012209
v 0.917497 0.053918 0.012573
v 0.918555 0.053518 0.013096
v 0.916087 0.053141 0.012053
v 0.916729 0.053789 0.012284
v 0.917750 0.053906 0.012689
v 0.918776 0.053352 0.013249
v 0.916185 0.05334 0.012094
v 0.916943 0.05389 0.012370
v 0.918004 0.053858 0.012816
v 0.918977 0.053155 0.013410
v 0.916314 0.053523 0.012146
v 0.917174 0.05396 0.012466
v 0.918254 0.053774 0.012951
v 0.919155 0.05293 0.013579
v 0.916473 0.053686 0.012209
v 0.917418 0.053997 0.012573
v 0.918497 0.053655 0.013096
v 0.919306 0.052679 0.013755
v 0.916053 0.053145 0.012053
v 0.916658 0.053826 0.012284
v 0.917671 0.053999 0.012689
v 0.918726 0.053501 0.013249
v 0.916139 0.053349 0.012094
v 0.916866 0.053939 0.012370
v 0.917927 0.053965 0.012816
v 0.918938 0.053316 0.013410
v 0.916258 0.053538 0.012146
v 0.917093 0.054022 0.012466
v 0.918182 0.053895 0.012951
v 0.919127 0.0531 0.013579
v 0.916408 0.05371 0.012209
v 0.917335 0.054072 0.012573
v 0.918430 0.053788 0.013096
v 0.919291 0.052858 0.013755
v 0.916018 0.053147 0.012053
v 0.916585 0.05386 0.012284
v 0.917587 0.054087 0.012689
v 0.918668 0.053648 0.013249
v 0.919426 0.052593 0.013938
v 0.916093 0.053355 0.012094
v 0.916787 0.053984 0.012370
v 0.917845 0.054067 0.012816
v 0.918889 0.053473 0.013410
v 0.916202 0.053551 0.012146
v 0.917009 0.054079 0.012466
v 0.918103 0.054011 0.012951
v 0.919090 0.053269 0.013579
v 0.916342 0.053731 0.012209
v 0.917248 0.054142 0.012573
v 0.918357 0.053918 0.013096
v 0.919267 0.053036 0.013755
v 0.916511 0.05389 0.012284
v 0.917499 0.054171 0.012689
v 0.918602 0.05379 0.013249
v 0.919416 0.052778 0.013938
v 0.916047 0.053359 0.012094
v 0.916705 0.054024 0.012370
v 0.917757 0.054165 0.012816
v 0.918832 0.053628 0.013410
v 0.916144 0.05356 0.012146
v 0.916922 0.054131 0.012466
v 0.918018 0.054122 0.012951
v 0.919044 0.053435 0.013579
v 0.916275 0.053747 0.012209
v 0.917157 0.054207 0.012573
v 0.918277 0.054044 0.013096
v 0.919233 0.053212 0.013755
v 0.916435 0.053915 0.012284
v 0.917406 0.05425 0.012689
v 0.918528 0.053929 0.013249
v 0.919396 0.052963 0.013938
v 0.916622 0.05406 0.012370
v 0.917665 0.054257 0.012816
v 0.918767 0.05378 0.013410
v 0.919529 0.052691 0.014126
v 0.916087 0.053567 0.012146
v 0.916832 0.054179 0.012466
v 0.917928 0.054229 0.012951
v 0.918989 0.053598 0.013579
v 0.916207 0.05376 0.012209
v 0.917063 0.054267 0.012573
v 0.918190 0.054165 0.013096
v 0.919190 0.053386 0.013755
v 0.916357 0.053937 0.012284
v 0.917310 0.054323 0.012689
v 0.918447 0.054064 0.013249
v 0.919366 0.053146 0.013938
v 0.916536 0.054092 0.012370
v 0.917567 0.054345 0.012816
v 0.918694 0.053928 0.013410
v 0.919513 0.052882 0.014126
v 0.916029 0.05357 0.012146
v 0.916740 0.054221 0.012466
v 0.917831 0.054331 0.012951
v 0.918925 0.053758 0.013579
v 0.919629 0.052598 0.014320
v 0.916138 0.05377 0.012209
v 0.916966 0.054322 0.012573
v 0.918097 0.054281 0.013096
v 0.919137 0.053557 0.013755
v 0.916279 0.053954 0.012284
v 0.917209 0.054391 0.012689
v 0.918359 0.054194 0.013249
v 0.919326 0.053327 0.013938
v 0.916449 0.054118 0.012370
v 0.917465 0.054427 0.012816
v 0.918612 0.054072 0.013410
v 0.919487 0.053072 0.014126
v 0.916646 0.054259 0.012466
v 0.917729 0.054428 0.012951
v 0.918853 0.053915 0.013579
v 0.919618 0.052795 0.014320
v 0.916069 0.053775 0.012209
v 0.916866 0.054372 0.012573
v 0.917997 0.054392 0.013096
v 0.919076 0.053725 0.013755
v 0.916200 0.053967 0.012284
v 0.917105 0.054454 0.012689
v 0.918263 0.054319 0.013249
v 0.919276 0.053506 0.013938
v 0.916361 0.05414 0.012370
v 0.917358 0.054504 0.012816
v 0.918523 0.054211 0.013410
v 0.919451 0.05326 0.014126
v 0.916550 0.054291 0.012466
v 0.917622 0.054518 0.012951
v 0.918772 0.054067 0.013579
v 0.919597 0.05299 0.014320
v 0.916763 0.054416 0.012573
v 0.917892 0.054497 0.013096
v 0.919005 0.05389 0.013755
v 0.919710 0.052701 0.014519
v 0.916120 0.053976 0.012284
v 0.916997 0.054511 0.012689
v 0.918162 0.054439 0.013249
v 0.919217 0.053682 0.013938
v 0.916272 0.054157 0.012370
v 0.917248 0.054574 0.012816
v 0.918427 0.054345 0.013410
v 0.919405 0.053445 0.014126
v 0.916452 0.054318 0.012466
v 0.917511 0.054603 0.012951
v 0.918683 0.054215 0.013579
v 0.919565 0.053184 0.014320
v 0.916658 0.054454 0.012573
v 0.917781 0.054597 0.013096
v 0.918925 0.054051 0.013755
v 0.919694 0.052902 0.014519
v 0.916040 0.05398 0.012284
v 0.916887 0.054562 0.012689
v 0.918053 0.054553 0.013249
v 0.919148 0.053854 0.013938
v 0.919789 0.052603 0.014723
v 0.916182 0.05417 0.012370
v 0.917134 0.054639 0.012816
v 0.918324 0.054474 0.013410
v 0.919349 0.053628 0.014126
v 0.916353 0.05434 0.012466
v 0.917395 0.054682 0.012951
v 0.918586 0.054358 0.013579
v 0.919523 0.053376 0.014320
v 0.916552 0.054487 0.012573
v 0.917665 0.05469 0.013096
v 0.918837 0.054207 0.013755
v 0.919667 0.053101 0.014519
v 0.916774 0.054607 0.012689
v 0.917939 0.054662 0.013249
v 0.919071 0.054023 0.013938
v 0.919778 0.052808 0.014723
v 0.916091 0.054177 0.012370
v 0.917016 0.054697 0.012816
v 0.918213 0.054597 0.013410
v 0.919283 0.053808 0.014126
v 0.916253 0.054356 0.012466
v 0.917274 0.054754 0.012951
v 0.918482 0.054495 0.013579
v 0.919470 0.053566 0.014320
v 0.916443 0.054514 0.012573
v 0.917544 0.054777 0.013096
v 0.918740 0.054358 0.013755
v 0.919629 0.053299 0.014519
v 0.916659 0.054646 0.012689
v 0.917819 0.054763 0.013249
v 0.918984 0.054187 0.013938
v 0.919756 0.053012 0.014723
v 0.916896 0.054749 0.012816
v 0.918097 0.054713 0.013410
v 0.919207 0.053984 0.014126
v 0.919849 0.052709 0.014930
v 0.916152 0.054367 0.012466
v 0.917151 0.05482 0.012951
v 0.918370 0.054626 0.013579
v 0.919408 0.053752 0.014320
v 0.916334 0.054535 0.012573
v 0.917418 0.054857 0.013096
v 0.918636 0.054504 0.013755
v 0.919580 0.053494 0.014519
v 0.916542 0.054678 0.012689
v 0.917694 0.054859 0.013249
v 0.918888 0.054346 0.013938
v 0.919723 0.053214 0.014723
v 0.916773 0.054794 0.012816
v 0.917974 0.054824 0.013410
v 0.919122 0.054155 0.014126
v 0.919832 0.052917 0.014930
v 0.916051 0.054373 0.012466
v 0.917023 0.054879 0.012951
v 0.918252 0.054752 0.013579
v 0.919335 0.053935 0.014320
v 0.919905 0.052606 0.015140
v 0.916223 0.05455 0.012573
v 0.917288 0.05493 0.013096
v 0.918523 0.054643 0.013755
v 0.919521 0.053686 0.014519
v 0.916423 0.054705 0.012689
v 0.917564 0.054947 0.013249
v 0.918784 0.0545 0.013938
v 0.919679 0.053415 0.014723
v 0.916648 0.054832 0.012816
v 0.917845 0.054927 0.013410
v 0.919028 0.054322 0.014126
v 0.919803 0.053124 0.014930
v 0.916893 0.054931 0.012951
v 0.918126 0.05487 0.013579
v 0.919252 0.054113 0.014320
v 0.919894 0.052817 0.015140
v 0.916112 0.054559 0.012573
v 0.917155 0.054997 0.013096
v 0.918404 0.054777 0.013755
v 0.919452 0.053875 0.014519
v 0.916303 0.054724 0.012689
v 0.917429 0.055028 0.013249
v 0.918671 0.054647 0.013938
v 0.919624 0.053613 0.014723
v 0.916520 0.054864 0.012816
v 0.917711 0.055023 0.013410
v 0.918925 0.054483 0.014126
v 0.919764 0.053329 0.014930
v 0.916760 0.054975 0.012951
v 0.917995 0.054982 0.013579
v 0.919160 0.054287 0.014320
v 0.919871 0.053027 0.015140
v 0.917018 0.055055 0.013096
v 0.918277 0.054904 0.013755
v 0.919372 0.05406 0.014519
v 0.919942 0.052714 0.015353
v 0.916182 0.054737 0.012689
v 0.917290 0.055102 0.013249
v 0.918551 0.054789 0.013938
v 0.919558 0.053807 0.014723
v 0.916392 0.054889 0.012816
v 0.917572 0.055112 0.013410
v 0.918813 0.054639 0.014126
v 0.919714 0.053531 0.014930
v 0.916625 0.055013 0.012951
v 0.917858 0.055086 0.013579
v 0.919059 0.054455 0.014320
v 0.919836 0.053236 0.015140
v 0.916878 0.055107 0.013096
v 0.918143 0.055023 0.013755
v 0.919283 0.054241 0.014519
v 0.919924 0.052927 0.015353
v 0.916061 0.054744 0.012689
v 0.917148 0.055168 0.013249
v 0.918424 0.054924 0.013938
v 0.919482 0.053998 0.014723
v 0.919975 0.052608 0.015568
v 0.916262 0.054907 0.012816
v 0.917428 0.055194 0.013410
v 0.918694 0.054788 0.014126
v 0.919652 0.053731 0.014930
v 0.916488 0.055043 0.012951
v 0.917715 0.055183 0.013579
v 0.918948 0.054618 0.014320
v 0.919791 0.053443 0.015140
v 0.916736 0.055151 0.013096
v 0.918004 0.055136 0.013755
v 0.919184 0.054416 0.014519
v 0.919895 0.053139 0.015353
v 0.917001 0.055226 0.013249
v 0.918289 0.055051 0.013938
v 0.919396 0.054184 0.014723
v 0.919963 0.052823 0.015568
v 0.916131 0.054917 0.012816
v 0.917280 0.055267 0.013410
v 0.918566 0.05493 0.014126
v 0.919580 0.053927 0.014930
v 0.916350 0.055066 0.012951
v 0.917567 0.055272 0.013579
v 0.918830 0.054774 0.014320
v 0.919734 0.053647 0.015140
v 0.916591 0.055186 0.013096
v 0.917858 0.05524 0.013755
v 0.919076 0.054585 0.014519
v 0.919855 0.053349 0.015353
v 0.916852 0.055276 0.013249
v 0.918147 0.055171 0.013938
v 0.919300 0.054366 0.014723
v 0.919940 0.053037 0.015568
v 0.917128 0.055332 0.013410
v 0.918430 0.055066 0.014126
v 0.919498 0.054118 0.014930
v 0.919988 0.052716 0.015783
v 0.916210 0.055081 0.012951
v 0.917415 0.055353 0.013579
v 0.918702 0.054924 0.014320
v 0.919667 0.053847 0.015140
v 0.916445 0.055215 0.013096
v 0.917707 0.055337 0.013755
v 0.918958 0.054749 0.014519
v 0.919803 0.053556 0.015353
v 0.916701 0.055318 0.013249
v 0.918000 0.055284 0.013938
v 0.919194 0.054542 0.014723
v 0.919905 0.053249 0.015568
v 0.916973 0.055389 0.013410
v 0.918288 0.055194 0.014126
v 0.919405 0.054305 0.014930
v 0.919971 0.052932 0.015783
v 0.916070 0.055089 0.012951
v 0.917258 0.055425 0.013579
v 0.918567 0.055067 0.014320
v 0.919589 0.054044 0.015140
v 0.916297 0.055235 0.013096
v 0.917551 0.055425 0.013755
v 0.918832 0.054906 0.014519
v 0.919741 0.05376 0.015353
v 0.916547 0.055352 0.013249
v 0.917846 0.055388 0.013938
v 0.919079 0.054711 0.014723
v 0.919859 0.05346 0.015568
v 0.916816 0.055438 0.013410
v 0.918139 0.055313 0.014126
v 0.919302 0.054487 0.014930
v 0.919942 0.053146 0.015783
v 0.917098 0.055489 0.013579
v 0.918424 0.055202 0.014320
v 0.919500 0.054236 0.015140
v 0.916149 0.055247 0.013096
v 0.917390 0.055505 0.013755
v 0.918698 0.055055 0.014519
v 0.919667 0.053961 0.015353
v 0.916392 0.055377 0.013249
v 0.917687 0.055484 0.013938
v 0.918954 0.054875 0.014723
v 0.919801 0.053667 0.015568
v 0.916655 0.055477 0.013410
v 0.917983 0.055425 0.014126
v 0.919190 0.054663 0.014930
v 0.919901 0.053359 0.015783
v 0.916935 0.055544 0.013579
v 0.918274 0.05533 0.014320
v 0.919401 0.054423 0.015140
v 0.917225 0.055576 0.013755
v 0.918555 0.055198 0.014519
v 0.919582 0.054157 0.015353
v 0.916236 0.055394 0.013249
v 0.917523 0.055571 0.013938
v 0.918822 0.055031 0.014723
v 0.919733 0.053871 0.015568
v 0.916493 0.055508 0.013410
v 0.917822 0.055528 0.014126
v 0.919068 0.054832 0.014930
v 0.919849 0.053569 0.015783
v 0.916769 0.05559 0.013579
v 0.918118 0.055448 0.014320
v 0.919292 0.054604 0.015140
v 0.917057 0.055637 0.013755
v 0.918406 0.055332 0.014519
v 0.919487 0.054349 0.015353
v 0.916079 0.055403 0.013249
v 0.917354 0.055648 0.013938
v 0.918680 0.05518 0.014723
v 0.919653 0.054071 0.015568
v 0.916330 0.055531 0.013410
v 0.917655 0.055622 0.014126
v 0.918938 0.054995 0.014930
v 0.919785 0.053775 0.015783
v 0.916600 0.055627 0.013579
v 0.917955 0.055559 0.014320
v 0.919173 0.054779 0.015140
v 0.916886 0.05569 0.013755
v 0.918249 0.055458 0.014519
v 0.919382 0.054535 0.015353
v 0.917182 0.055717 0.013938
v 0.918531 0.055322 0.014723
v 0.919562 0.054267 0.015568
v 0.916165 0.055544 0.013410
v 0.917484 0.055707 0.014126
v 0.918798 0.055151 0.014930
v 0.919710 0.053978 0.015783
v 0.916430 0.055655 0.013579
v 0.917787 0.05566 0.014320
v 0.919045 0.054947 0.015140
v 0.916712 0.055733 0.013755
v 0.918085 0.055576 0.014519
v 0.919267 0.054715 0.015353
v 0.917006 0.055776 0.013938
v 0.918375 0.055454 0.014723
v 0.919462 0.054457 0.015568
v 0.917308 0.055783 0.014126
v 0.918651 0.055298 0.014930
v 0.919625 0.054177 0.015783
v 0.916258 0.055674 0.013579
v 0.917613 0.055752 0.014320
v 0.918908 0.055109 0.015140
v 0.916536 0.055767 0.013755
v 0.917916 0.055684 0.014519
v 0.919142 0.054889 0.015353
v 0.916827 0.055826 0.013938
v 0.918211 0.055579 0.014723
v 0.919351 0.054642 0.015568
v 0.917128 0.055849 0.014126
v 0.918495 0.055438 0.014930
v 0.919529 0.054371 0.015783
v 0.916086 0.055683 0.013579
v 0.917435 0.055835 0.014320
v 0.918762 0.055262 0.015140
v 0.916358 0.055791 0.013755
v 0.917741 0.055783 0.014519
v 0.919008 0.055055 0.015353
v 0.916646 0.055866 0.013938
v 0.918042 0.055694 0.014723
v 0.919230 0.05482 0.015568
v 0.916945 0.055905 0.014126
v 0.918332 0.055568 0.014930
v 0.919422 0.054559 0.015783
v 0.917252 0.055908 0.014320
v 0.918609 0.055408 0.015140
v 0.916179 0.055806 0.013755
v 0.917560 0.055872 0.014519
v 0.918866 0.055215 0.015353
v 0.916463 0.055896 0.013938
v 0.917866 0.0558 0.014723
v 0.919099 0.054991 0.015568
v 0.916760 0.055951 0.014126
v 0.918163 0.05569 0.014930
v 0.919306 0.054741 0.015783
v 0.917066 0.05597 0.014320
v 0.918447 0.055545 0.015140
v 0.917375 0.055952 0.014519
v 0.918715 0.055366 0.015353
v 0.916278 0.055916 0.013938
v 0.917684 0.055896 0.014723
v 0.918960 0.055155 0.015568
v 0.916572 0.055987 0.014126
v 0.917987 0.055802 0.014930
v 0.919180 0.054917 0.015783
v 0.916876 0.056023 0.014320
v 0.918279 0.055673 0.015140
v 0.917186 0.056021 0.014519
v 0.918555 0.055508 0.015353
v 0.916093 0.055926 0.013938
v 0.917498 0.055982 0.014723
v 0.918812 0.055312 0.015568
v 0.916382 0.056013 0.014126
v 0.917805 0.055905 0.014930
v 0.919044 0.055086 0.015783
v 0.916684 0.056065 0.014320
v 0.918104 0.055792 0.015140
v 0.916994 0.05608 0.014519
v 0.918389 0.055642 0.015353
v 0.917307 0.056058 0.014723
v 0.918655 0.05546 0.015568
v 0.916191 0.056029 0.014126
v 0.917618 0.055998 0.014930
v 0.918900 0.055247 0.015783
v 0.916490 0.056097 0.014320
v 0.917923 0.055901 0.015140
v 0.916799 0.056129 0.014519
v 0.918215 0.055767 0.015353
v 0.917113 0.056124 0.014723
v 0.918491 0.055599 0.015568
v 0.917427 0.05608 0.014930
v 0.918747 0.0554 0.015783
v 0.916295 0.056118 0.014320
v 0.917736 0.056 0.015140
v 0.916601 0.056167 0.014519
v 0.918035 0.055882 0.015353
v 0.916915 0.056179 0.014723
v 0.918320 0.05573 0.015568
v 0.917231 0.056152 0.014930
v 0.918586 0.055544 0.015783
v 0.916098 0.056129 0.014320
v 0.917544 0.056089 0.015140
v 0.916402 0.056194 0.014519
v 0.917849 0.055987 0.015353
v 0.916714 0.056223 0.014723
v 0.918142 0.055851 0.015568
v 0.917031 0.056214 0.014930
v 0.918417 0.05568 0.015783
v 0.917347 0.056167 0.015140
v 0.916201 0.05621 0.014519
v 0.917657 0.056082 0.015353
v 0.916512 0.056256 0.014723
v 0.917957 0.055962 0.015568
v 0.916829 0.056264 0.014930
v 0.918241 0.055806 0.015783
v 0.917147 0.056234 0.015140
v 0.917461 0.056167 0.015353
v 0.916308 0.056278 0.014723
v 0.917767 0.056062 0.015568
v 0.916624 0.056303 0.014930
v 0.918059 0.055922 0.015783
v 0.916943 0.056291 0.015140
v 0.917260 0.056241 0.015353
v 0.916103 0.056289 0.014723
v 0.917571 0.056153 0.015568
v 0.916417 0.056332 0.014930
v 0.917871 0.056029 0.015783
v 0.916736 0.056336 0.015140
v 0.917056 0.056303 0.015353
v 0.917371 0.056233 0.015568
v 0.916209 0.056349 0.014930
v 0.917677 0.056125 0.015783
v 0.916527 0.056371 0.015140
v 0.916849 0.056355 0.015353
v 0.917167 0.056301 0.015568
v 0.917478 0.05621 0.015783
v 0.916317 0.056394 0.015140
v 0.916639 0.056395 0.015353
v 0.916960 0.056359 0.015568
v 0.917275 0.056285 0.015783
v 0.916106 0.056405 0.015140
v 0.916427 0.056424 0.015353
v 0.916749 0.056405 0.015568
v 0.917069 0.056349 0.015783
v 0.916214 0.056442 0.015353
v 0.916537 0.05644 0.015568
v 0.916859 0.056401 0.015783
v 0.916323 0.056463 0.015568
v 0.916646 0.056442 0.015783
v 0.916108 0.056475 0.015568
v 0.916432 0.056471 0.015783
v 0.916216 0.056488 0.015783
v 0.916000 0.0525 2.112000
v 0.916157 0.0525 2.111997
v 0.916314 0.0525 2.111988
v 0.916470 0.0525 2.111972
v 0.916626 0.0525 2.111951
v 0.916780 0.0525 2.111923
v 0.916934 0.0525 2.111889
v 0.917086 0.0525 2.111850
v 0.917236 0.0525 2.111804
v 0.917384 0.0525 2.111753
v 0.917531 0.0525 2.111696
v 0.917675 0.0525 2.111633
v 0.917816 0.0525 2.111564
v 0.917954 0.0525 2.111490
v 0.918090 0.0525 2.111411
v 0.918222 0.0525 2.111326
v 0.918351 0.0525 2.111236
v 0.918476 0.0525 2.111141
v 0.918598 0.0525 2.111042
v 0.918715 0.0525 2.110937
v 0.918828 0.0525 2.110828
v 0.918937 0.0525 2.110715
v 0.919042 0.0525 2.110598
v 0.919141 0.0525 2.110476
v 0.919236 0.0525 2.110351
v 0.919326 0.0525 2.110222
v 0.919411 0.0525 2.110090
v 0.919490 0.0525 2.109954
v 0.919564 0.0525 2.109816
v 0.919633 0.0525 2.109675
v 0.919696 0.0525 2.109531
v 0.919753 0.0525 2.109384
v 0.919804 0.0525 2.109236
v 0.919850 0.0525 2.109086
v 0.919889 0.0525 2.108934
v 0.919923 0.0525 2.108780
v 0.919951 0.0525 2.108626
v 0.919972 0.0525 2.108470
v 0.919988 0.0525 2.108314
v 0.919997 0.0525 2.108157
v 0.920000 0.0525 2.108000
v 0.916000 0.0525 2.112000
v 0.916000 0.052657 2.111997
v 0.916000 0.052814 2.111988
v 0.916000 0.05297 2.111972
v 0.916000 0.053126 2.111951
v 0.916000 0.05328 2.111923
v 0.916000 0.053434 2.111889
v 0.916000 0.053586 2.111850
v 0.916000 0.053736 2.111804
v 0.916000 0.053884 2.111753
v 0.916000 0.054031 2.111696
v 0.916000 0.054175 2.111633
v 0.916000 0.054316 2.111564
v 0.916000 0.054454 2.111490
v 0.916000 0.05459 2.111411
v 0.916000 0.054722 2.111326
v 0.916000 0.054851 2.111236
v 0.916000 0.054976 2.111141
v 0.916000 0.055098 2.111042
v 0.916000 0.055215 2.110937
v 0.916000 0.055328 2.110828
v 0.916000 0.055437 2.110715
v 0.916000 0.055542 2.110598
v 0.916000 0.055641 2.110476
v 0.916000 0.055736 2.110351
v 0.916000 0.055826 2.110222
v 0.916000 0.055911 2.110090
v 0.916000 0.05599 2.109954
v 0.916000 0.056064 2.109816
v 0.916000 0.056133 2.109675
v 0.916000 0.056196 2.109531
v 0.916000 0.056253 2.109384
v 0.916000 0.056304 2.109236
v 0.916000 0.05635 2.109086
v 0.916000 0.056389 2.108934
v 0.916000 0.056423 2.108780
v 0.916000 0.056451 2.108626
v 0.916000 0.056472 2.108470
v 0.916000 0.056488 2.108314
v 0.916000 0.056497 2.108157
v 0.916000 0.0565 2.108000
v 0.919997 0.052657 2.108000
v 0.919988 0.052814 2.108000
v 0.919972 0.05297 2.108000
v 0.919951 0.053126 2.108000
v 0.919923 0.05328 2.108000
v 0.919889 0.053434 2.108000
v 0.919850 0.053586 2.108000
v 0.919804 0.053736 2.108000
v 0.919753 0.053884 2.108000
v 0.919696 0.054031 2.108000
v 0.919633 0.054175 2.108000
v 0.919564 0.054316 2.108000
v 0.919490 0.054454 2.108000
v 0.919411 0.05459 2.108000
v 0.919326 0.054722 2.108000
v 0.919236 0.054851 2.108000
v 0.919141 0.054976 2.108000
v 0.919042 0.055098 2.108000
v 0.918937 0.055215 2.108000
v 0.918828 0.055328 2.108000
v 0.918715 0.055437 2.108000
v 0.918598 0.055542 2.108000
v 0.918476 0.055641 2.108000
v 0.918351 0.055736 2.108000
v 0.918222 0.055826 2.108000
v 0.918090 0.055911 2.108000
v 0.917954 0.05599 2.108000
v 0.917816 0.056064 2.108000
v 0.917675 0.056133 2.108000
v 0.917531 0.056196 2.108000
v 0.917384 0.056253 2.108000
v 0.917236 0.056304 2.108000
v 0.917086 0.05635 2.108000
v 0.916934 0.056389 2.108000
v 0.916780 0.056423 2.108000
v 0.916626 0.056451 2.108000
v 0.916470 0.056472 2.108000
v 0.916314 0.056488 2.108000
v 0.916157 0.056497 2.108000
v 0.916216 0.052506 2.111994
v 0.916216 0.052518 2.111994
v 0.916215 0.052529 2.111994
v 0.916432 0.052523 2.111977
v 0.916213 0.052541 2.111994
v 0.916430 0.052547 2.111977
v 0.916647 0.052518 2.111947
v 0.916210 0.052552 2.111994
v 0.916427 0.05257 2.111977
v 0.916645 0.052553 2.111947
v 0.916207 0.052564 2.111994
v 0.916422 0.052593 2.111977
v 0.916641 0.052587 2.111947
v 0.916859 0.052547 2.111906
v 0.916203 0.052575 2.111994
v 0.916417 0.052616 2.111977
v 0.916636 0.052622 2.111947
v 0.916855 0.052593 2.111906
v 0.916199 0.052586 2.111994
v 0.917070 0.052529 2.111854
v 0.916410 0.052638 2.111977
v 0.916628 0.052656 2.111947
v 0.916849 0.052639 2.111906
v 0.916194 0.052596 2.111994
v 0.917067 0.052587 2.111854
v 0.916402 0.05266 2.111977
v 0.916619 0.05269 2.111947
v 0.916840 0.052685 2.111906
v 0.916189 0.052607 2.111994
v 0.917060 0.052644 2.111854
v 0.916393 0.052682 2.111977
v 0.917275 0.052569 2.111791
v 0.916607 0.052723 2.111947
v 0.916829 0.05273 2.111906
v 0.916182 0.052617 2.111994
v 0.917051 0.052702 2.111854
v 0.916382 0.052703 2.111977
v 0.917270 0.052638 2.111791
v 0.916594 0.052756 2.111947
v 0.917480 0.05254 2.111716
v 0.916815 0.052775 2.111906
v 0.916176 0.052626 2.111994
v 0.917038 0.052758 2.111854
v 0.916371 0.052723 2.111977
v 0.917260 0.052707 2.111791
v 0.916580 0.052788 2.111947
v 0.917476 0.05262 2.111716
v 0.916799 0.052818 2.111906
v 0.916169 0.052636 2.111994
v 0.917023 0.052814 2.111854
v 0.916358 0.052743 2.111977
v 0.917247 0.052775 2.111791
v 0.916563 0.052818 2.111947
v 0.917467 0.0527 2.111716
v 0.916780 0.052861 2.111906
v 0.917677 0.052591 2.111630
v 0.916161 0.052645 2.111994
v 0.917004 0.052869 2.111854
v 0.916344 0.052762 2.111977
v 0.917231 0.052842 2.111791
v 0.916545 0.052849 2.111947
v 0.917454 0.052779 2.111716
v 0.916760 0.052903 2.111906
v 0.917670 0.052682 2.111630
v 0.916153 0.052653 2.111994
v 0.916983 0.052923 2.111854
v 0.917873 0.052551 2.111534
v 0.916330 0.05278 2.111977
v 0.917210 0.052908 2.111791
v 0.916526 0.052878 2.111947
v 0.917437 0.052857 2.111716
v 0.916737 0.052943 2.111906
v 0.917657 0.052772 2.111630
v 0.916145 0.052661 2.111994
v 0.916959 0.052975 2.111854
v 0.917867 0.052652 2.111534
v 0.916314 0.052797 2.111977
v 0.917186 0.052973 2.111791
v 0.916504 0.052905 2.111947
v 0.917415 0.052935 2.111716
v 0.916712 0.052983 2.111906
v 0.917640 0.052861 2.111630
v 0.916136 0.052669 2.111994
v 0.916932 0.053027 2.111854
v 0.917856 0.052753 2.111534
v 0.916297 0.052814 2.111977
v 0.917159 0.053036 2.111791
v 0.918059 0.052612 2.111427
v 0.916482 0.052932 2.111947
v 0.917390 0.053011 2.111716
v 0.916685 0.05302 2.111906
v 0.917618 0.052949 2.111630
v 0.916126 0.052676 2.111994
v 0.916902 0.053076 2.111854
v 0.917840 0.052853 2.111534
v 0.916280 0.05283 2.111977
v 0.917128 0.053098 2.111791
v 0.918050 0.052723 2.111427
v 0.916458 0.052958 2.111947
v 0.917360 0.053085 2.111716
v 0.918244 0.052561 2.111311
v 0.916655 0.053057 2.111906
v 0.917592 0.053036 2.111630
v 0.916117 0.052682 2.111994
v 0.916869 0.053124 2.111854
v 0.917818 0.052952 2.111534
v 0.916262 0.052844 2.111977
v 0.917094 0.053158 2.111791
v 0.918035 0.052834 2.111427
v 0.916432 0.052982 2.111947
v 0.917326 0.053158 2.111716
v 0.918237 0.052682 2.111311
v 0.916624 0.053091 2.111906
v 0.917560 0.053122 2.111630
v 0.916107 0.052689 2.111994
v 0.916834 0.05317 2.111854
v 0.917791 0.05305 2.111534
v 0.916243 0.052858 2.111977
v 0.917057 0.053217 2.111791
v 0.918014 0.052943 2.111427
v 0.916405 0.053004 2.111947
v 0.917289 0.053229 2.111716
v 0.918224 0.052803 2.111311
v 0.916591 0.053124 2.111906
v 0.917524 0.053205 2.111630
v 0.918417 0.052631 2.111184
v 0.916096 0.052694 2.111994
v 0.916797 0.053215 2.111854
v 0.917759 0.053146 2.111534
v 0.916223 0.052871 2.111977
v 0.917017 0.053273 2.111791
v 0.917987 0.053052 2.111427
v 0.916378 0.053026 2.111947
v 0.917247 0.053297 2.111716
v 0.918205 0.052923 2.111311
v 0.916557 0.053155 2.111906
v 0.917484 0.053287 2.111630
v 0.918407 0.052762 2.111184
v 0.916086 0.052699 2.111994
v 0.916757 0.053257 2.111854
v 0.917721 0.05324 2.111534
v 0.918589 0.05257 2.111049
v 0.916203 0.052882 2.111977
v 0.916973 0.053327 2.111791
v 0.917954 0.053158 2.111427
v 0.916349 0.053045 2.111947
v 0.917202 0.053364 2.111716
v 0.918178 0.053042 2.111311
v 0.916520 0.053185 2.111906
v 0.917439 0.053366 2.111630
v 0.918389 0.052892 2.111184
v 0.916075 0.052703 2.111994
v 0.916715 0.053297 2.111854
v 0.917679 0.053332 2.111534
v 0.918581 0.05271 2.111049
v 0.916182 0.052893 2.111977
v 0.916927 0.053378 2.111791
v 0.917916 0.053263 2.111427
v 0.916318 0.053063 2.111947
v 0.917154 0.053428 2.111716
v 0.918146 0.053159 2.111311
v 0.916483 0.053212 2.111906
v 0.917390 0.053443 2.111630
v 0.918364 0.05302 2.111184
v 0.916064 0.052707 2.111994
v 0.916670 0.053334 2.111854
v 0.917631 0.053422 2.111534
v 0.918566 0.05285 2.111049
v 0.916160 0.052902 2.111977
v 0.916878 0.053427 2.111791
v 0.917872 0.053366 2.111427
v 0.918747 0.052649 2.110904
v 0.916288 0.05308 2.111947
v 0.917102 0.053489 2.111716
v 0.918107 0.053274 2.111311
v 0.916443 0.053237 2.111906
v 0.917337 0.053516 2.111630
v 0.918332 0.053148 2.111184
v 0.916052 0.05271 2.111994
v 0.916624 0.053369 2.111854
v 0.917579 0.053509 2.111534
v 0.918543 0.052988 2.111049
v 0.916138 0.05291 2.111977
v 0.916827 0.053473 2.111791
v 0.917822 0.053466 2.111427
v 0.918735 0.052797 2.110904
v 0.916256 0.053094 2.111947
v 0.917047 0.053547 2.111716
v 0.918062 0.053387 2.111311
v 0.918903 0.052579 2.110751
v 0.916403 0.05326 2.111906
v 0.917280 0.053587 2.111630
v 0.918294 0.053273 2.111184
v 0.916041 0.052713 2.111994
v 0.916576 0.053402 2.111854
v 0.917522 0.053593 2.111534
v 0.918513 0.053125 2.111049
v 0.916116 0.052917 2.111977
v 0.916773 0.053517 2.111791
v 0.917767 0.053563 2.111427
v 0.918715 0.052945 2.110904
v 0.916223 0.053107 2.111947
v 0.916989 0.053602 2.111716
v 0.918011 0.053497 2.111311
v 0.918894 0.052736 2.110751
v 0.916361 0.05328 2.111906
v 0.917219 0.053655 2.111630
v 0.918249 0.053396 2.111184
v 0.916029 0.052715 2.111994
v 0.916527 0.053432 2.111854
v 0.917460 0.053674 2.111534
v 0.918475 0.05326 2.111049
v 0.916093 0.052922 2.111977
v 0.916717 0.053557 2.111791
v 0.917707 0.053657 2.111427
v 0.918686 0.053091 2.110904
v 0.916190 0.053119 2.111947
v 0.916928 0.053654 2.111716
v 0.917954 0.053605 2.111311
v 0.918877 0.052892 2.110751
v 0.916318 0.053299 2.111906
v 0.917155 0.053719 2.111630
v 0.918197 0.053516 2.111184
v 0.919044 0.052665 2.110590
v 0.916018 0.052716 2.111994
v 0.916475 0.053459 2.111854
v 0.917395 0.053751 2.111534
v 0.918431 0.053393 2.111049
v 0.916070 0.052927 2.111977
v 0.916658 0.053594 2.111791
v 0.917642 0.053748 2.111427
v 0.918651 0.053236 2.110904
v 0.916156 0.053128 2.111947
v 0.916864 0.053702 2.111716
v 0.917891 0.053709 2.111311
v 0.918852 0.053047 2.110751
v 0.916275 0.053315 2.111906
v 0.917087 0.05378 2.111630
v 0.918139 0.053634 2.111184
v 0.919031 0.05283 2.110590
v 0.916006 0.052716 2.111994
v 0.916423 0.053483 2.111854
v 0.917325 0.053825 2.111534
v 0.918379 0.053523 2.111049
v 0.919183 0.052586 2.110421
v 0.916047 0.05293 2.111977
v 0.916598 0.053628 2.111791
v 0.917572 0.053835 2.111427
v 0.918607 0.053378 2.110904
v 0.916122 0.053136 2.111947
v 0.916797 0.053747 2.111716
v 0.917823 0.05381 2.111311
v 0.918818 0.053201 2.110751
v 0.916230 0.053329 2.111906
v 0.917016 0.053837 2.111630
v 0.918074 0.053748 2.111184
v 0.919008 0.052993 2.110590
v 0.916369 0.053504 2.111854
v 0.917251 0.053895 2.111534
v 0.918320 0.053651 2.111049
v 0.919174 0.052758 2.110421
v 0.916023 0.052932 2.111977
v 0.916536 0.053659 2.111791
v 0.917497 0.053918 2.111427
v 0.918555 0.053518 2.110904
v 0.916087 0.053141 2.111947
v 0.916729 0.053789 2.111716
v 0.917750 0.053906 2.111311
v 0.918776 0.053352 2.110751
v 0.916185 0.05334 2.111906
v 0.916943 0.05389 2.111630
v 0.918004 0.053858 2.111184
v 0.918977 0.053155 2.110590
v 0.916314 0.053523 2.111854
v 0.917174 0.05396 2.111534
v 0.918254 0.053774 2.111049
v 0.919155 0.05293 2.110421
v 0.916473 0.053686 2.111791
v 0.917418 0.053997 2.111427
v 0.918497 0.053655 2.110904
v 0.919306 0.052679 2.110245
v 0.916053 0.053145 2.111947
v 0.916658 0.053826 2.111716
v 0.917671 0.053999 2.111311
v 0.918726 0.053501 2.110751
v 0.916139 0.053349 2.111906
v 0.916866 0.053939 2.111630
v 0.917927 0.053965 2.111184
v 0.918938 0.053316 2.110590
v 0.916258 0.053538 2.111854
v 0.917093 0.054022 2.111534
v 0.918182 0.053895 2.111049
v 0.919127 0.0531 2.110421
v 0.916408 0.05371 2.111791
v 0.917335 0.054072 2.111427
v 0.918430 0.053788 2.110904
v 0.919291 0.052858 2.110245
v 0.916018 0.053147 2.111947
v 0.916585 0.05386 2.111716
v 0.917587 0.054087 2.111311
v 0.918668 0.053648 2.110751
v 0.919426 0.052593 2.110062
v 0.916093 0.053355 2.111906
v 0.916787 0.053984 2.111630
v 0.917845 0.054067 2.111184
v 0.918889 0.053473 2.110590
v 0.916202 0.053551 2.111854
v 0.917009 0.054079 2.111534
v 0.918103 0.054011 2.111049
v 0.919090 0.053269 2.110421
v 0.916342 0.053731 2.111791
v 0.917248 0.054142 2.111427
v 0.918357 0.053918 2.110904
v 0.919267 0.053036 2.110245
v 0.916511 0.05389 2.111716
v 0.917499 0.054171 2.111311
v 0.918602 0.05379 2.110751
v 0.919416 0.052778 2.110062
v 0.916047 0.053359 2.111906
v 0.916705 0.054024 2.111630
v 0.917757 0.054165 2.111184
v 0.918832 0.053628 2.110590
v 0.916144 0.05356 2.111854
v 0.916922 0.054131 2.111534
v 0.918018 0.054122 2.111049
v 0.919044 0.053435 2.110421
v 0.916275 0.053747 2.111791
v 0.917157 0.054207 2.111427
v 0.918277 0.054044 2.110904
v 0.919233 0.053212 2.110245
v 0.916435 0.053915 2.111716
v 0.917406 0.05425 2.111311
v 0.918528 0.053929 2.110751
v 0.919396 0.052963 2.110062
v 0.916622 0.05406 2.111630
v 0.917665 0.054257 2.111184
v 0.918767 0.05378 2.110590
v 0.919529 0.052691 2.109874
v 0.916087 0.053567 2.111854
v 0.916832 0.054179 2.111534
v 0.917928 0.054229 2.111049
v 0.918989 0.053598 2.110421
v 0.916207 0.05376 2.111791
v 0.917063 0.054267 2.111427
v 0.918190 0.054165 2.110904
v 0.919190 0.053386 2.110245
v 0.916357 0.053937 2.111716
v 0.917310 0.054323 2.111311
v 0.918447 0.054064 2.110751
v 0.919366 0.053146 2.110062
v 0.916536 0.054092 2.111630
v 0.917567 0.054345 2.111184
v 0.918694 0.053928 2.110590
v 0.919513 0.052882 2.109874
v 0.916029 0.05357 2.111854
v 0.916740 0.054221 2.111534
v 0.917831 0.054331 2.111049
v 0.918925 0.053758 2.110421
v 0.919629 0.052598 2.109680
v 0.916138 0.05377 2.111791
v 0.916966 0.054322 2.111427
v 0.918097 0.054281 2.110904
v 0.919137 0.053557 2.110245
v 0.916279 0.053954 2.111716
v 0.917209 0.054391 2.111311
v 0.918359 0.054194 2.110751
v 0.919326 0.053327 2.110062
v 0.916449 0.054118 2.111630
v 0.917465 0.054427 2.111184
v 0.918612 0.054072 2.110590
v 0.919487 0.053072 2.109874
v 0.916646 0.054259 2.111534
v 0.917729 0.054428 2.111049
v 0.918853 0.053915 2.110421
v 0.919618 0.052795 2.109680
v 0.916069 0.053775 2.111791
v 0.916866 0.054372 2.111427
v 0.917997 0.054392 2.110904
v 0.919076 0.053725 2.110245
v 0.916200 0.053967 2.111716
v 0.917105 0.054454 2.111311
v 0.918263 0.054319 2.110751
v 0.919276 0.053506 2.110062
v 0.916361 0.05414 2.111630
v 0.917358 0.054504 2.111184
v 0.918523 0.054211 2.110590
v 0.919451 0.05326 2.109874
v 0.916550 0.054291 2.111534
v 0.917622 0.054518 2.111049
v 0.918772 0.054067 2.110421
v 0.919597 0.05299 2.109680
v 0.916763 0.054416 2.111427
v 0.917892 0.054497 2.110904
v 0.919005 0.05389 2.110245
v 0.919710 0.052701 2.109481
v 0.916120 0.053976 2.111716
v 0.916997 0.054511 2.111311
v 0.918162 0.054439 2.110751
v 0.919217 0.053682 2.110062
v 0.916272 0.054157 2.111630
v 0.917248 0.054574 2.111184
v 0.918427 0.054345 2.110590
v 0.919405 0.053445 2.109874
v 0.916452 0.054318 2.111534
v 0.917511 0.054603 2.111049
v 0.918683 0.054215 2.110421
v 0.919565 0.053184 2.109680
v 0.916658 0.054454 2.111427
v 0.917781 0.054597 2.110904
v 0.918925 0.054051 2.110245
v 0.919694 0.052902 2.109481
v 0.916040 0.05398 2.111716
v 0.916887 0.054562 2.111311
v 0.918053 0.054553 2.110751
v 0.919148 0.053854 2.110062
v 0.919789 0.052603 2.109277
v 0.916182 0.05417 2.111630
v 0.917134 0.054639 2.111184
v 0.918324 0.054474 2.110590
v 0.919349 0.053628 2.109874
v 0.916353 0.05434 2.111534
v 0.917395 0.054682 2.111049
v 0.918586 0.054358 2.110421
v 0.919523 0.053376 2.109680
v 0.916552 0.054487 2.111427
v 0.917665 0.05469 2.110904
v 0.918837 0.054207 2.110245
v 0.919667 0.053101 2.109481
v 0.916774 0.054607 2.111311
v 0.917939 0.054662 2.110751
v 0.919071 0.054023 2.110062
v 0.919778 0.052808 2.109277
v 0.916091 0.054177 2.111630
v 0.917016 0.054697 2.111184
v 0.918213 0.054597 2.110590
v 0.919283 0.053808 2.109874
v 0.916253 0.054356 2.111534
v 0.917274 0.054754 2.111049
v 0.918482 0.054495 2.110421
v 0.919470 0.053566 2.109680
v 0.916443 0.054514 2.111427
v 0.917544 0.054777 2.110904
v 0.918740 0.054358 2.110245
v 0.919629 0.053299 2.109481
v 0.916659 0.054646 2.111311
v 0.917819 0.054763 2.110751
v 0.918984 0.054187 2.110062
v 0.919756 0.053012 2.109277
v 0.916896 0.054749 2.111184
v 0.918097 0.054713 2.110590
v 0.919207 0.053984 2.109874
v 0.919849 0.052709 2.109070
v 0.916152 0.054367 2.111534
v 0.917151 0.05482 2.111049
v 0.918370 0.054626 2.110421
v 0.919408 0.053752 2.109680
v 0.916334 0.054535 2.111427
v 0.917418 0.054857 2.110904
v 0.918636 0.054504 2.110245
v 0.919580 0.053494 2.109481
v 0.916542 0.054678 2.111311
v 0.917694 0.054859 2.110751
v 0.918888 0.054346 2.110062
v 0.919723 0.053214 2.109277
v 0.916773 0.054794 2.111184
v 0.917974 0.054824 2.110590
v 0.919122 0.054155 2.109874
v 0.919832 0.052917 2.109070
v 0.916051 0.054373 2.111534
v 0.917023 0.054879 2.111049
v 0.918252 0.054752 2.110421
v 0.919335 0.053935 2.109680
v 0.919905 0.052606 2.108860
v 0.916223 0.05455 2.111427
v 0.917288 0.05493 2.110904
v 0.918523 0.054643 2.110245
v 0.919521 0.053686 2.109481
v 0.916423 0.054705 2.111311
v 0.917564 0.054947 2.110751
v 0.918784 0.0545 2.110062
v 0.919679 0.053415 2.109277
v 0.916648 0.054832 2.111184
v 0.917845 0.054927 2.110590
v 0.919028 0.054322 2.109874
v 0.919803 0.053124 2.109070
v 0.916893 0.054931 2.111049
v 0.918126 0.05487 2.110421
v 0.919252 0.054113 2.109680
v 0.919894 0.052817 2.108860
v 0.916112 0.054559 2.111427
v 0.917155 0.054997 2.110904
v 0.918404 0.054777 2.110245
v 0.919452 0.053875 2.109481
v 0.916303 0.054724 2.111311
v 0.917429 0.055028 2.110751
v 0.918671 0.054647 2.110062
v 0.919624 0.053613 2.109277
v 0.916520 0.054864 2.111184
v 0.917711 0.055023 2.110590
v 0.918925 0.054483 2.109874
v 0.919764 0.053329 2.109070
v 0.916760 0.054975 2.111049
v 0.917995 0.054982 2.110421
v 0.919160 0.054287 2.109680
v 0.919871 0.053027 2.108860
v 0.917018 0.055055 2.110904
v 0.918277 0.054904 2.110245
v 0.919372 0.05406 2.109481
v 0.919942 0.052714 2.108647
v 0.916182 0.054737 2.111311
v 0.917290 0.055102 2.110751
v 0.918551 0.054789 2.110062
v 0.919558 0.053807 2.109277
v 0.916392 0.054889 2.111184
v 0.917572 0.055112 2.110590
v 0.918813 0.054639 2.109874
v 0.919714 0.053531 2.109070
v 0.916625 0.055013 2.111049
v 0.917858 0.055086 2.110421
v 0.919059 0.054455 2.109680
v 0.919836 0.053236 2.108860
v 0.916878 0.055107 2.110904
v 0.918143 0.055023 2.110245
v 0.919283 0.054241 2.109481
v 0.919924 0.052927 2.108647
v 0.916061 0.054744 2.111311
v 0.917148 0.055168 2.110751
v 0.918424 0.054924 2.110062
v 0.919482 0.053998 2.109277
v 0.919975 0.052608 2.108432
v 0.916262 0.054907 2.111184
v 0.917428 0.055194 2.110590
v 0.918694 0.054788 2.109874
v 0.919652 0.053731 2.109070
v 0.916488 0.055043 2.111049
v 0.917715 0.055183 2.110421
v 0.918948 0.054618 2.109680
v 0.919791 0.053443 2.108860
v 0.916736 0.055151 2.110904
v 0.918004 0.055136 2.110245
v 0.919184 0.054416 2.109481
v 0.919895 0.053139 2.108647
v 0.917001 0.055226 2.110751
v 0.918289 0.055051 2.110062
v 0.919396 0.054184 2.109277
v 0.919963 0.052823 2.108432
v 0.916131 0.054917 2.111184
v 0.917280 0.055267 2.110590
v 0.918566 0.05493 2.109874
v 0.919580 0.053927 2.109070
v 0.916350 0.055066 2.111049
v 0.917567 0.055272 2.110421
v 0.918830 0.054774 2.109680
v 0.919734 0.053647 2.108860
v 0.916591 0.055186 2.110904
v 0.917858 0.05524 2.110245
v 0.919076 0.054585 2.109481
v 0.919855 0.053349 2.108647
v 0.916852 0.055276 2.110751
v 0.918147 0.055171 2.110062
v 0.919300 0.054366 2.109277
v 0.919940 0.053037 2.108432
v 0.917128 0.055332 2.110590
v 0.918430 0.055066 2.109874
v 0.919498 0.054118 2.109070
v 0.919988 0.052716 2.108217
v 0.916210 0.055081 2.111049
v 0.917415 0.055353 2.110421
v 0.918702 0.054924 2.109680
v 0.919667 0.053847 2.108860
v 0.916445 0.055215 2.110904
v 0.917707 0.055337 2.110245
v 0.918958 0.054749 2.109481
v 0.919803 0.053556 2.108647
v 0.916701 0.055318 2.110751
v 0.918000 0.055284 2.110062
v 0.919194 0.054542 2.109277
v 0.919905 0.053249 2.108432
v 0.916973 0.055389 2.110590
v 0.918288 0.055194 2.109874
v 0.919405 0.054305 2.109070
v 0.919971 0.052932 2.108217
v 0.916070 0.055089 2.111049
v 0.917258 0.055425 2.110421
v 0.918567 0.055067 2.109680
v 0.919589 0.054044 2.108860
v 0.916297 0.055235 2.110904
v 0.917551 0.055425 2.110245
v 0.918832 0.054906 2.109481
v 0.919741 0.05376 2.108647
v 0.916547 0.055352 2.110751
v 0.917846 0.055388 2.110062
v 0.919079 0.054711 2.109277
v 0.919859 0.05346 2.108432
v 0.916816 0.055438 2.110590
v 0.918139 0.055313 2.109874
v 0.919302 0.054487 2.109070
v 0.919942 0.053146 2.108217
v 0.917098 0.055489 2.110421
v 0.918424 0.055202 2.109680
v 0.919500 0.054236 2.108860
v 0.916149 0.055247 2.110904
v 0.917390 0.055505 2.110245
v 0.918698 0.055055 2.109481
v 0.919667 0.053961 2.108647
v 0.916392 0.055377 2.110751
v 0.917687 0.055484 2.110062
v 0.918954 0.054875 2.109277
v 0.919801 0.053667 2.108432
v 0.916655 0.055477 2.110590
v 0.917983 0.055425 2.109874
v 0.919190 0.054663 2.109070
v 0.919901 0.053359 2.108217
v 0.916935 0.055544 2.110421
v 0.918274 0.05533 2.109680
v 0.919401 0.054423 2.108860
v 0.917225 0.055576 2.110245
v 0.918555 0.055198 2.109481
v 0.919582 0.054157 2.108647
v 0.916236 0.055394 2.110751
v 0.917523 0.055571 2.110062
v 0.918822 0.055031 2.109277
v 0.919733 0.053871 2.108432
v 0.916493 0.055508 2.110590
v 0.917822 0.055528 2.109874
v 0.919068 0.054832 2.109070
v 0.919849 0.053569 2.108217
v 0.916769 0.05559 2.110421
v 0.918118 0.055448 2.109680
v 0.919292 0.054604 2.108860
v 0.917057 0.055637 2.110245
v 0.918406 0.055332 2.109481
v 0.919487 0.054349 2.108647
v 0.916079 0.055403 2.110751
v 0.917354 0.055648 2.110062
v 0.918680 0.05518 2.109277
v 0.919653 0.054071 2.108432
v 0.916330 0.055531 2.110590
v 0.917655 0.055622 2.109874
v 0.918938 0.054995 2.109070
v 0.919785 0.053775 2.108217
v 0.916600 0.055627 2.110421
v 0.917955 0.055559 2.109680
v 0.919173 0.054779 2.108860
v 0.916886 0.05569 2.110245
v 0.918249 0.055458 2.109481
v 0.919382 0.054535 2.108647
v 0.917182 0.055717 2.110062
v 0.918531 0.055322 2.109277
v 0.919562 0.054267 2.108432
v 0.916165 0.055544 2.110590
v 0.917484 0.055707 2.109874
v 0.918798 0.055151 2.109070
v 0.919710 0.053978 2.108217
v 0.916430 0.055655 2.110421
v 0.917787 0.05566 2.109680
v 0.919045 0.054947 2.108860
v 0.916712 0.055733 2.110245
v 0.918085 0.055576 2.109481
v 0.919267 0.054715 2.108647
v 0.917006 0.055776 2.110062
v 0.918375 0.055454 2.109277
v 0.919462 0.054457 2.108432
v 0.917308 0.055783 2.109874
v 0.918651 0.055298 2.109070
v 0.919625 0.054177 2.108217
v 0.916258 0.055674 2.110421
v 0.917613 0.055752 2.109680
v 0.918908 0.055109 2.108860
v 0.916536 0.055767 2.110245
v 0.917916 0.055684 2.109481
v 0.919142 0.054889 2.108647
v 0.916827 0.055826 2.110062
v 0.918211 0.055579 2.109277
v 0.919351 0.054642 2.108432
v 0.917128 0.055849 2.109874
v 0.918495 0.055438 2.109070
v 0.919529 0.054371 2.108217
v 0.916086 0.055683 2.110421
v 0.917435 0.055835 2.109680
v 0.918762 0.055262 2.108860
v 0.916358 0.055791 2.110245
v 0.917741 0.055783 2.109481
v 0.919008 0.055055 2.108647
v 0.916646 0.055866 2.110062
v 0.918042 0.055694 2.109277
v 0.919230 0.05482 2.108432
v 0.916945 0.055905 2.109874
v 0.918332 0.055568 2.109070
v 0.919422 0.054559 2.108217
v 0.917252 0.055908 2.109680
v 0.918609 0.055408 2.108860
v 0.916179 0.055806 2.110245
v 0.917560 0.055872 2.109481
v 0.918866 0.055215 2.108647
v 0.916463 0.055896 2.110062
v 0.917866 0.0558 2.109277
v 0.919099 0.054991 2.108432
v 0.916760 0.055951 2.109874
v 0.918163 0.05569 2.109070
v 0.919306 0.054741 2.108217
v 0.917066 0.05597 2.109680
v 0.918447 0.055545 2.108860
v 0.917375 0.055952 2.109481
v 0.918715 0.055366 2.108647
v 0.916278 0.055916 2.110062
v 0.917684 0.055896 2.109277
v 0.918960 0.055155 2.108432
v 0.916572 0.055987 2.109874
v 0.917987 0.055802 2.109070
v 0.919180 0.054917 2.108217
v 0.916876 0.056023 2.109680
v 0.918279 0.055673 2.108860
v 0.917186 0.056021 2.109481
v 0.918555 0.055508 2.108647
v 0.916093 0.055926 2.110062
v 0.917498 0.055982 2.109277
v 0.918812 0.055312 2.108432
v 0.916382 0.056013 2.109874
v 0.917805 0.055905 2.109070
v 0.919044 0.055086 2.108217
v 0.916684 0.056065 2.109680
v 0.918104 0.055792 2.108860
v 0.916994 0.05608 2.109481
v 0.918389 0.055642 2.108647
v 0.917307 0.056058 2.109277
v 0.918655 0.05546 2.108432
v 0.916191 0.056029 2.109874
v 0.917618 0.055998 2.109070
v 0.918900 0.055247 2.108217
v 0.916490 0.056097 2.109680
v 0.917923 0.055901 2.108860
v 0.916799 0.056129 2.109481
v 0.918215 0.055767 2.108647
v 0.917113 0.056124 2.109277
v 0.918491 0.055599 2.108432
v 0.917427 0.05608 2.109070
v 0.918747 0.0554 2.108217
v 0.916295 0.056118 2.109680
v 0.917736 0.056 2.108860
v 0.916601 0.056167 2.109481
v 0.918035 0.055882 2.108647
v 0.916915 0.056179 2.109277
v 0.918320 0.05573 2.108432
v 0.917231 0.056152 2.109070
v 0.918586 0.055544 2.108217
v 0.916098 0.056129 2.109680
v 0.917544 0.056089 2.108860
v 0.916402 0.056194 2.109481
v 0.917849 0.055987 2.108647
v 0.916714 0.056223 2.109277
v 0.918142 0.055851 2.108432
v 0.917031 0.056214 2.109070
v 0.918417 0.05568 2.108217
v 0.917347 0.056167 2.108860
v 0.916201 0.05621 2.109481
v 0.917657 0.056082 2.108647
v 0.916512 0.056256 2.109277
v 0.917957 0.055962 2.108432
v 0.916829 0.056264 2.109070
v 0.918241 0.055806 2.108217
v 0.917147 0.056234 2.108860
v 0.917461 0.056167 2.108647
v 0.916308 0.056278 2.109277
v 0.917767 0.056062 2.108432
v 0.916624 0.056303 2.109070
v 0.918059 0.055922 2.108217
v 0.916943 0.056291 2.108860
v 0.917260 0.056241 2.108647
v 0.916103 0.056289 2.109277
v 0.917571 0.056153 2.108432
v 0.916417 0.056332 2.109070
v 0.917871 0.056029 2.108217
v 0.916736 0.056336 2.108860
v 0.917056 0.056303 2.108647
v 0.917371 0.056233 2.108432
v 0.916209 0.056349 2.109070
v 0.917677 0.056125 2.108217
v 0.916527 0.056371 2.108860
v 0.916849 0.056355 2.108647
v 0.917167 0.056301 2.108432
v 0.917478 0.05621 2.108217
v 0.916317 0.056394 2.108860
v 0.916639 0.056395 2.108647
v 0.916960 0.056359 2.108432
v 0.917275 0.056285 2.108217
v 0.916106 0.056405 2.108860
v 0.916427 0.056424 2.108647
v 0.916749 0.056405 2.108432
v 0.917069 0.056349 2.108217
v 0.916214 0.056442 2.108647
v 0.916537 0.05644 2.108432
v 0.916859 0.056401 2.108217
v 0.916323 0.056463 2.108432
v 0.916646 0.056442 2.108217
v 0.916108 0.056475 2.108432
v 0.916432 0.056471 2.108217
v 0.916216 0.056488 2.108217
v 0.920000 0.0525 0.016000
v 0.920000 0.0525 2.108000
v 0.920000 0.0155 0.016000
v 0.920000 0.0155 2.108000
v 0.916000 0.0155 0.012000
v 0.916157 0.0155 0.012003
v 0.916314 0.0155 0.012012
v 0.916470 0.0155 0.012028
v 0.916626 0.0155 0.012049
v 0.916780 0.0155 0.012077
v 0.916934 0.0155 0.012111
v 0.917086 0.0155 0.012150
v 0.917236 0.0155 0.012196
v 0.917384 0.0155 0.012247
v 0.917531 0.0155 0.012304
v 0.917675 0.0155 0.012367
v 0.917816 0.0155 0.012436
v 0.917954 0.0155 0.012510
v 0.918090 0.0155 0.012589
v 0.918222 0.0155 0.012674
v 0.918351 0.0155 0.012764
v 0.918476 0.0155 0.012859
v 0.918598 0.0155 0.012958
v 0.918715 0.0155 0.013063
v 0.918828 0.0155 0.013172
v 0.918937 0.0155 0.013285
v 0.919042 0.0155 0.013402
v 0.919141 0.0155 0.013524
v 0.919236 0.0155 0.013649
v 0.919326 0.0155 0.013778
v 0.919411 0.0155 0.013910
v 0.919490 0.0155 0.014046
v 0.919564 0.0155 0.014184
v 0.919633 0.0155 0.014325
v 0.919696 0.0155 0.014469
v 0.919753 0.0155 0.014616
v 0.919804 0.0155 0.014764
v 0.919850 0.0155 0.014914
v 0.919889 0.0155 0.015066
v 0.919923 0.0155 0.015220
v 0.919951 0.0155 0.015374
v 0.919972 0.0155 0.015530
v 0.919988 0.0155 0.015686
v 0.919997 0.0155 0.015843
v 0.920000 0.0155 0.016000
v 0.916000 0.0155 0.012000
v 0.916000 0.015343 0.012003
v 0.916000 0.015186 0.012012
v 0.916000 0.01503 0.012028
v 0.916000 0.014874 0.012049
v 0.916000 0.01472 0.012077
v 0.916000 0.014566 0.012111
v 0.916000 0.014414 0.012150
v 0.916000 0.014264 0.012196
v 0.916000 0.014116 0.012247
v 0.916000 0.013969 0.012304
v 0.916000 0.013825 0.012367
v 0.916000 0.013684 0.012436
v 0.916000 0.013546 0.012510
v 0.916000 0.01341 0.012589
v 0.916000 0.013278 0.012674
v 0.916000 0.013149 0.012764
v 0.916000 0.013024 0.012859
v 0.916000 0.012902 0.012958
v 0.916000 0.012785 0.013063
v 0.916000 0.012672 0.013172
v 0.916000 0.012563 0.013285
v 0.916000 0.012458 0.013402
v 0.916000 0.012359 0.013524
v 0.916000 0.012264 0.013649
v 0.916000 0.012174 0.013778
v 0.916000 0.012089 0.013910
v 0.916000 0.01201 0.014046
v 0.916000 0.011936 0.014184
v 0.916000 0.011867 0.014325
v 0.916000 0.011804 0.014469
v 0.916000 0.011747 0.014616
v 0.916000 0.011696 0.014764
v 0.916000 0.01165 0.014914
v 0.916000 0.011611 0.015066
v 0.916000 0.011577 0.015220
v 0.916000 0.011549 0.015374
v 0.916000 0.011528 0.015530
v 0.916000 0.011512 0.015686
v 0.916000 0.011503 0.015843
v 0.916000 0.0115 0.016000
v 0.919997 0.015343 0.016000
v 0.919988 0.015186 0.016000
v 0.919972 0.01503 0.016000
v 0.919951 0.014874 0.016000
v 0.919923 0.01472 0.016000
v 0.919889 0.014566 0.016000
v 0.919850 0.014414 0.016000
v 0.919804 0.014264 0.016000
v 0.919753 0.014116 0.016000
v 0.919696 0.013969 0.016000
v 0.919633 0.013825 0.016000
v 0.919564 0.013684 0.016000
v 0.919490 0.013546 0.016000
v 0.919411 0.01341 0.016000
v 0.919326 0.013278 0.016000
v 0.919236 0.013149 0.016000
v 0.919141 0.013024 0.016000
v 0.919042 0.012902 0.016000
v 0.918937 0.012785 0.016000
v 0.918828 0.012672 0.016000
v 0.918715 0.012563 0.016000
v 0.918598 0.012458 0.016000
v 0.918476 0.012359 0.016000
v 0.918351 0.012264 0.016000
v 0.918222 0.012174 0.016000
v 0.918090 0.012089 0.016000
v 0.917954 0.01201 0.016000
v 0.917816 0.011936 0.016000
v 0.917675 0.011867 0.016000
v 0.917531 0.011804 0.016000
v 0.917384 0.011747 0.016000
v 0.917236 0.011696 0.016000
v 0.917086 0.01165 0.016000
v 0.916934 0.011611 0.016000
v 0.916780 0.011577 0.016000
v 0.916626 0.011549 0.016000
v 0.916470 0.011528 0.016000
v 0.916314 0.011512 0.016000
v 0.916157 0.011503 0.016000
v 0.916216 0.015494 0.012006
v 0.916216 0.015482 0.012006
v 0.916215 0.015471 0.012006
v 0.916432 0.015477 0.012023
v 0.916213 0.015459 0.012006
v 0.916430 0.015453 0.012023
v 0.916647 0.015482 0.012053
v 0.916210 0.015448 0.012006
v 0.916427 0.01543 0.012023
v 0.916645 0.015447 0.012053
v 0.916207 0.015436 0.012006
v 0.916422 0.015407 0.012023
v 0.916641 0.015413 0.012053
v 0.916859 0.015453 0.012094
v 0.916203 0.015425 0.012006
v 0.916417 0.015384 0.012023
v 0.916636 0.015378 0.012053
v 0.916855 0.015407 0.012094
v 0.916199 0.015414 0.012006
v 0.917070 0.015471 0.012146
v 0.916410 0.015362 0.012023
v 0.916628 0.015344 0.012053
v 0.916849 0.015361 0.012094
v 0.916194 0.015404 0.012006
v 0.917067 0.015413 0.012146
v 0.916402 0.01534 0.012023
v 0.916619 0.01531 0.012053
v 0.916840 0.015315 0.012094
v 0.916189 0.015393 0.012006
v 0.917060 0.015356 0.012146
v 0.916393 0.015318 0.012023
v 0.917275 0.015431 0.012209
v 0.916607 0.015277 0.012053
v 0.916829 0.01527 0.012094
v 0.916182 0.015383 0.012006
v 0.917051 0.015298 0.012146
v 0.916382 0.015297 0.012023
v 0.917270 0.015362 0.012209
v 0.916594 0.015244 0.012053
v 0.917480 0.01546 0.012284
v 0.916815 0.015225 0.012094
v 0.916176 0.015374 0.012006
v 0.917038 0.015242 0.012146
v 0.916371 0.015277 0.012023
v 0.917260 0.015293 0.012209
v 0.916580 0.015212 0.012053
v 0.917476 0.01538 0.012284
v 0.916799 0.015182 0.012094
v 0.916169 0.015364 0.012006
v 0.917023 0.015186 0.012146
v 0.916358 0.015257 0.012023
v 0.917247 0.015225 0.012209
v 0.916563 0.015182 0.012053
v 0.917467 0.0153 0.012284
v 0.916780 0.015139 0.012094
v 0.917677 0.015409 0.012370
v 0.916161 0.015355 0.012006
v 0.917004 0.015131 0.012146
v 0.916344 0.015238 0.012023
v 0.917231 0.015158 0.012209
v 0.916545 0.015151 0.012053
v 0.917454 0.015221 0.012284
v 0.916760 0.015097 0.012094
v 0.917670 0.015318 0.012370
v 0.916153 0.015347 0.012006
v 0.916983 0.015077 0.012146
v 0.917873 0.015449 0.012466
v 0.916330 0.01522 0.012023
v 0.917210 0.015092 0.012209
v 0.916526 0.015122 0.012053
v 0.917437 0.015143 0.012284
v 0.916737 0.015057 0.012094
v 0.917657 0.015228 0.012370
v 0.916145 0.015339 0.012006
v 0.916959 0.015025 0.012146
v 0.917867 0.015348 0.012466
v 0.916314 0.015203 0.012023
v 0.917186 0.015027 0.012209
v 0.916504 0.015095 0.012053
v 0.917415 0.015065 0.012284
v 0.916712 0.015017 0.012094
v 0.917640 0.015139 0.012370
v 0.916136 0.015331 0.012006
v 0.916932 0.014973 0.012146
v 0.917856 0.015247 0.012466
v 0.916297 0.015186 0.012023
v 0.917159 0.014964 0.012209
v 0.918059 0.015388 0.012573
v 0.916482 0.015068 0.012053
v 0.917390 0.014989 0.012284
v 0.916685 0.01498 0.012094
v 0.917618 0.015051 0.012370
v 0.916126 0.015324 0.012006
v 0.916902 0.014924 0.012146
v 0.917840 0.015147 0.012466
v 0.916280 0.01517 0.012023
v 0.917128 0.014902 0.012209
v 0.918050 0.015277 0.012573
v 0.916458 0.015042 0.012053
v 0.917360 0.014915 0.012284
v 0.918244 0.015439 0.012689
v 0.916655 0.014943 0.012094
v 0.917592 0.014964 0.012370
v 0.916117 0.015318 0.012006
v 0.916869 0.014876 0.012146
v 0.917818 0.015048 0.012466
v 0.916262 0.015156 0.012023
v 0.917094 0.014842 0.012209
v 0.918035 0.015166 0.012573
v 0.916432 0.015018 0.012053
v 0.917326 0.014842 0.012284
v 0.918237 0.015318 0.012689
v 0.916624 0.014909 0.012094
v 0.917560 0.014878 0.012370
v 0.916107 0.015311 0.012006
v 0.916834 0.01483 0.012146
v 0.917791 0.01495 0.012466
v 0.916243 0.015142 0.012023
v 0.917057 0.014783 0.012209
v 0.918014 0.015057 0.012573
v 0.916405 0.014996 0.012053
v 0.917289 0.014771 0.012284
v 0.918224 0.015197 0.012689
v 0.916591 0.014876 0.012094
v 0.917524 0.014795 0.012370
v 0.918417 0.015369 0.012816
v 0.916096 0.015306 0.012006
v 0.916797 0.014785 0.012146
v 0.917759 0.014854 0.012466
v 0.916223 0.015129 0.012023
v 0.917017 0.014727 0.012209
v 0.917987 0.014948 0.012573
v 0.916378 0.014974 0.012053
v 0.917247 0.014703 0.012284
v 0.918205 0.015077 0.012689
v 0.916557 0.014845 0.012094
v 0.917484 0.014713 0.012370
v 0.918407 0.015238 0.012816
v 0.916086 0.015301 0.012006
v 0.916757 0.014743 0.012146
v 0.917721 0.01476 0.012466
v 0.918589 0.01543 0.012951
v 0.916203 0.015118 0.012023
v 0.916973 0.014673 0.012209
v 0.917954 0.014842 0.012573
v 0.916349 0.014955 0.012053
v 0.917202 0.014636 0.012284
v 0.918178 0.014958 0.012689
v 0.916520 0.014815 0.012094
v 0.917439 0.014634 0.012370
v 0.918389 0.015108 0.012816
v 0.916075 0.015297 0.012006
v 0.916715 0.014703 0.012146
v 0.917679 0.014668 0.012466
v 0.918581 0.01529 0.012951
v 0.916182 0.015107 0.012023
v 0.916927 0.014622 0.012209
v 0.917916 0.014737 0.012573
v 0.916318 0.014937 0.012053
v 0.917154 0.014572 0.012284
v 0.918146 0.014841 0.012689
v 0.916483 0.014788 0.012094
v 0.917390 0.014557 0.012370
v 0.918364 0.01498 0.012816
v 0.916064 0.015293 0.012006
v 0.916670 0.014666 0.012146
v 0.917631 0.014578 0.012466
v 0.918566 0.01515 0.012951
v 0.916160 0.015098 0.012023
v 0.916878 0.014573 0.012209
v 0.917872 0.014634 0.012573
v 0.918747 0.015351 0.013096
v 0.916288 0.01492 0.012053
v 0.917102 0.014511 0.012284
v 0.918107 0.014726 0.012689
v 0.916443 0.014763 0.012094
v 0.917337 0.014484 0.012370
v 0.918332 0.014852 0.012816
v 0.916052 0.01529 0.012006
v 0.916624 0.014631 0.012146
v 0.917579 0.014491 0.012466
v 0.918543 0.015012 0.012951
v 0.916138 0.01509 0.012023
v 0.916827 0.014527 0.012209
v 0.917822 0.014534 0.012573
v 0.918735 0.015203 0.013096
v 0.916256 0.014906 0.012053
v 0.917047 0.014453 0.012284
v 0.918062 0.014613 0.012689
v 0.918903 0.015421 0.013249
v 0.916403 0.01474 0.012094
v 0.917280 0.014413 0.012370
v 0.918294 0.014727 0.012816
v 0.916041 0.015287 0.012006
v 0.916576 0.014598 0.012146
v 0.917522 0.014407 0.012466
v 0.918513 0.014875 0.012951
v 0.916116 0.015083 0.012023
v 0.916773 0.014483 0.012209
v 0.917767 0.014437 0.012573
v 0.918715 0.015055 0.013096
v 0.916223 0.014893 0.012053
v 0.916989 0.014398 0.012284
v 0.918011 0.014503 0.012689
v 0.918894 0.015264 0.013249
v 0.916361 0.01472 0.012094
v 0.917219 0.014345 0.012370
v 0.918249 0.014604 0.012816
v 0.916029 0.015285 0.012006
v 0.916527 0.014568 0.012146
v 0.917460 0.014326 0.012466
v 0.918475 0.01474 0.012951
v 0.916093 0.015078 0.012023
v 0.916717 0.014443 0.012209
v 0.917707 0.014343 0.012573
v 0.918686 0.014909 0.013096
v 0.916190 0.014881 0.012053
v 0.916928 0.014346 0.012284
v 0.917954 0.014395 0.012689
v 0.918877 0.015108 0.013249
v 0.916318 0.014701 0.012094
v 0.917155 0.014281 0.012370
v 0.918197 0.014484 0.012816
v 0.919044 0.015335 0.013410
v 0.916018 0.015284 0.012006
v 0.916475 0.014541 0.012146
v 0.917395 0.014249 0.012466
v 0.918431 0.014607 0.012951
v 0.916070 0.015073 0.012023
v 0.916658 0.014406 0.012209
v 0.917642 0.014252 0.012573
v 0.918651 0.014764 0.013096
v 0.916156 0.014872 0.012053
v 0.916864 0.014298 0.012284
v 0.917891 0.014291 0.012689
v 0.918852 0.014953 0.013249
v 0.916275 0.014685 0.012094
v 0.917087 0.01422 0.012370
v 0.918139 0.014366 0.012816
v 0.919031 0.01517 0.013410
v 0.916006 0.015284 0.012006
v 0.916423 0.014517 0.012146
v 0.917325 0.014175 0.012466
v 0.918379 0.014477 0.012951
v 0.919183 0.015414 0.013579
v 0.916047 0.01507 0.012023
v 0.916598 0.014372 0.012209
v 0.917572 0.014165 0.012573
v 0.918607 0.014622 0.013096
v 0.916122 0.014864 0.012053
v 0.916797 0.014253 0.012284
v 0.917823 0.01419 0.012689
v 0.918818 0.014799 0.013249
v 0.916230 0.014671 0.012094
v 0.917016 0.014163 0.012370
v 0.918074 0.014252 0.012816
v 0.919008 0.015007 0.013410
v 0.916369 0.014496 0.012146
v 0.917251 0.014105 0.012466
v 0.918320 0.014349 0.012951
v 0.919174 0.015242 0.013579
v 0.916023 0.015068 0.012023
v 0.916536 0.014341 0.012209
v 0.917497 0.014082 0.012573
v 0.918555 0.014482 0.013096
v 0.916087 0.014859 0.012053
v 0.916729 0.014211 0.012284
v 0.917750 0.014094 0.012689
v 0.918776 0.014648 0.013249
v 0.916185 0.01466 0.012094
v 0.916943 0.01411 0.012370
v 0.918004 0.014142 0.012816
v 0.918977 0.014845 0.013410
v 0.916314 0.014477 0.012146
v 0.917174 0.01404 0.012466
v 0.918254 0.014226 0.012951
v 0.919155 0.01507 0.013579
v 0.916473 0.014314 0.012209
v 0.917418 0.014003 0.012573
v 0.918497 0.014345 0.013096
v 0.919306 0.015321 0.013755
v 0.916053 0.014855 0.012053
v 0.916658 0.014174 0.012284
v 0.917671 0.014001 0.012689
v 0.918726 0.014499 0.013249
v 0.916139 0.014651 0.012094
v 0.916866 0.014061 0.012370
v 0.917927 0.014035 0.012816
v 0.918938 0.014684 0.013410
v 0.916258 0.014462 0.012146
v 0.917093 0.013978 0.012466
v 0.918182 0.014105 0.012951
v 0.919127 0.0149 0.013579
v 0.916408 0.01429 0.012209
v 0.917335 0.013928 0.012573
v 0.918430 0.014212 0.013096
v 0.919291 0.015142 0.013755
v 0.916018 0.014853 0.012053
v 0.916585 0.01414 0.012284
v 0.917587 0.013913 0.012689
v 0.918668 0.014352 0.013249
v 0.919426 0.015407 0.013938
v 0.916093 0.014645 0.012094
v 0.916787 0.014016 0.012370
v 0.917845 0.013933 0.012816
v 0.918889 0.014527 0.013410
v 0.916202 0.014449 0.012146
v 0.917009 0.013921 0.012466
v 0.918103 0.013989 0.012951
v 0.919090 0.014731 0.013579
v 0.916342 0.014269 0.012209
v 0.917248 0.013858 0.012573
v 0.918357 0.014082 0.013096
v 0.919267 0.014964 0.013755
v 0.916511 0.01411 0.012284
v 0.917499 0.013829 0.012689
v 0.918602 0.01421 0.013249
v 0.919416 0.015222 0.013938
v 0.916047 0.014641 0.012094
v 0.916705 0.013976 0.012370
v 0.917757 0.013835 0.012816
v 0.918832 0.014372 0.013410
v 0.916144 0.01444 0.012146
v 0.916922 0.013869 0.012466
v 0.918018 0.013878 0.012951
v 0.919044 0.014565 0.013579
v 0.916275 0.014253 0.012209
v 0.917157 0.013793 0.012573
v 0.918277 0.013956 0.013096
v 0.919233 0.014788 0.013755
v 0.916435 0.014085 0.012284
v 0.917406 0.01375 0.012689
v 0.918528 0.014071 0.013249
v 0.919396 0.015037 0.013938
v 0.916622 0.01394 0.012370
v 0.917665 0.013743 0.012816
v 0.918767 0.01422 0.013410
v 0.919529 0.015309 0.014126
v 0.916087 0.014433 0.012146
v 0.916832 0.013821 0.012466
v 0.917928 0.013771 0.012951
v 0.918989 0.014402 0.013579
v 0.916207 0.01424 0.012209
v 0.917063 0.013733 0.012573
v 0.918190 0.013835 0.013096
v 0.919190 0.014614 0.013755
v 0.916357 0.014063 0.012284
v 0.917310 0.013677 0.012689
v 0.918447 0.013936 0.013249
v 0.919366 0.014854 0.013938
v 0.916536 0.013908 0.012370
v 0.917567 0.013655 0.012816
v 0.918694 0.014072 0.013410
v 0.919513 0.015118 0.014126
v 0.916029 0.01443 0.012146
v 0.916740 0.013779 0.012466
v 0.917831 0.013669 0.012951
v 0.918925 0.014242 0.013579
v 0.919629 0.015402 0.014320
v 0.916138 0.01423 0.012209
v 0.916966 0.013678 0.012573
v 0.918097 0.013719 0.013096
v 0.919137 0.014443 0.013755
v 0.916279 0.014046 0.012284
v 0.917209 0.013609 0.012689
v 0.918359 0.013806 0.013249
v 0.919326 0.014673 0.013938
v 0.916449 0.013882 0.012370
v 0.917465 0.013573 0.012816
v 0.918612 0.013928 0.013410
v 0.919487 0.014928 0.014126
v 0.916646 0.013741 0.012466
v 0.917729 0.013572 0.012951
v 0.918853 0.014085 0.013579
v 0.919618 0.015205 0.014320
v 0.916069 0.014225 0.012209
v 0.916866 0.013628 0.012573
v 0.917997 0.013608 0.013096
v 0.919076 0.014275 0.013755
v 0.916200 0.014033 0.012284
v 0.917105 0.013546 0.012689
v 0.918263 0.013681 0.013249
v 0.919276 0.014494 0.013938
v 0.916361 0.01386 0.012370
v 0.917358 0.013496 0.012816
v 0.918523 0.013789 0.013410
v 0.919451 0.01474 0.014126
v 0.916550 0.013709 0.012466
v 0.917622 0.013482 0.012951
v 0.918772 0.013933 0.013579
v 0.919597 0.01501 0.014320
v 0.916763 0.013584 0.012573
v 0.917892 0.013503 0.013096
v 0.919005 0.01411 0.013755
v 0.919710 0.015299 0.014519
v 0.916120 0.014024 0.012284
v 0.916997 0.013489 0.012689
v 0.918162 0.013561 0.013249
v 0.919217 0.014318 0.013938
v 0.916272 0.013843 0.012370
v 0.917248 0.013426 0.012816
v 0.918427 0.013655 0.013410
v 0.919405 0.014555 0.014126
v 0.916452 0.013682 0.012466
v 0.917511 0.013397 0.012951
v 0.918683 0.013785 0.013579
v 0.919565 0.014816 0.014320
v 0.916658 0.013546 0.012573
v 0.917781 0.013403 0.013096
v 0.918925 0.013949 0.013755
v 0.919694 0.015098 0.014519
v 0.916040 0.01402 0.012284
v 0.916887 0.013438 0.012689
v 0.918053 0.013447 0.013249
v 0.919148 0.014146 0.013938
v 0.919789 0.015397 0.014723
v 0.916182 0.01383 0.012370
v 0.917134 0.013361 0.012816
v 0.918324 0.013526 0.013410
v 0.919349 0.014372 0.014126
v 0.916353 0.01366 0.012466
v 0.917395 0.013318 0.012951
v 0.918586 0.013642 0.013579
v 0.919523 0.014624 0.014320
v 0.916552 0.013513 0.012573
v 0.917665 0.01331 0.013096
v 0.918837 0.013793 0.013755
v 0.919667 0.014899 0.014519
v 0.916774 0.013393 0.012689
v 0.917939 0.013338 0.013249
v 0.919071 0.013977 0.013938
v 0.919778 0.015192 0.014723
v 0.916091 0.013823 0.012370
v 0.917016 0.013303 0.012816
v 0.918213 0.013403 0.013410
v 0.919283 0.014192 0.014126
v 0.916253 0.013644 0.012466
v 0.917274 0.013246 0.012951
v 0.918482 0.013505 0.013579
v 0.919470 0.014434 0.014320
v 0.916443 0.013486 0.012573
v 0.917544 0.013223 0.013096
v 0.918740 0.013642 0.013755
v 0.919629 0.014701 0.014519
v 0.916659 0.013354 0.012689
v 0.917819 0.013237 0.013249
v 0.918984 0.013813 0.013938
v 0.919756 0.014988 0.014723
v 0.916896 0.013251 0.012816
v 0.918097 0.013287 0.013410
v 0.919207 0.014016 0.014126
v 0.919849 0.015291 0.014930
v 0.916152 0.013633 0.012466
v 0.917151 0.01318 0.012951
v 0.918370 0.013374 0.013579
v 0.919408 0.014248 0.014320
v 0.916334 0.013465 0.012573
v 0.917418 0.013143 0.013096
v 0.918636 0.013496 0.013755
v 0.919580 0.014506 0.014519
v 0.916542 0.013322 0.012689
v 0.917694 0.013141 0.013249
v 0.918888 0.013654 0.013938
v 0.919723 0.014786 0.014723
v 0.916773 0.013206 0.012816
v 0.917974 0.013176 0.013410
v 0.919122 0.013845 0.014126
v 0.919832 0.015083 0.014930
v 0.916051 0.013627 0.012466
v 0.917023 0.013121 0.012951
v 0.918252 0.013248 0.013579
v 0.919335 0.014065 0.014320
v 0.919905 0.015394 0.015140
v 0.916223 0.01345 0.012573
v 0.917288 0.01307 0.013096
v 0.918523 0.013357 0.013755
v 0.919521 0.014314 0.014519
v 0.916423 0.013295 0.012689
v 0.917564 0.013053 0.013249
v 0.918784 0.0135 0.013938
v 0.919679 0.014585 0.014723
v 0.916648 0.013168 0.012816
v 0.917845 0.013073 0.013410
v 0.919028 0.013678 0.014126
v 0.919803 0.014876 0.014930
v 0.916893 0.013069 0.012951
v 0.918126 0.01313 0.013579
v 0.919252 0.013887 0.014320
v 0.919894 0.015183 0.015140
v 0.916112 0.013441 0.012573
v 0.917155 0.013003 0.013096
v 0.918404 0.013223 0.013755
v 0.919452 0.014125 0.014519
v 0.916303 0.013276 0.012689
v 0.917429 0.012972 0.013249
v 0.918671 0.013353 0.013938
v 0.919624 0.014387 0.014723
v 0.916520 0.013136 0.012816
v 0.917711 0.012977 0.013410
v 0.918925 0.013517 0.014126
v 0.919764 0.014671 0.014930
v 0.916760 0.013025 0.012951
v 0.917995 0.013018 0.013579
v 0.919160 0.013713 0.014320
v 0.919871 0.014973 0.015140
v 0.917018 0.012945 0.013096
v 0.918277 0.013096 0.013755
v 0.919372 0.01394 0.014519
v 0.919942 0.015286 0.015353
v 0.916182 0.013263 0.012689
v 0.917290 0.012898 0.013249
v 0.918551 0.013211 0.013938
v 0.919558 0.014193 0.014723
v 0.916392 0.013111 0.012816
v 0.917572 0.012888 0.013410
v 0.918813 0.013361 0.014126
v 0.919714 0.014469 0.014930
v 0.916625 0.012987 0.012951
v 0.917858 0.012914 0.013579
v 0.919059 0.013545 0.014320
v 0.919836 0.014764 0.015140
v 0.916878 0.012893 0.013096
v 0.918143 0.012977 0.013755
v 0.919283 0.013759 0.014519
v 0.919924 0.015073 0.015353
v 0.916061 0.013256 0.012689
v 0.917148 0.012832 0.013249
v 0.918424 0.013076 0.013938
v 0.919482 0.014002 0.014723
v 0.919975 0.015392 0.015568
v 0.916262 0.013093 0.012816
v 0.917428 0.012806 0.013410
v 0.918694 0.013212 0.014126
v 0.919652 0.014269 0.014930
v 0.916488 0.012957 0.012951
v 0.917715 0.012817 0.013579
v 0.918948 0.013382 0.014320
v 0.919791 0.014557 0.015140
v 0.916736 0.012849 0.013096
v 0.918004 0.012864 0.013755
v 0.919184 0.013584 0.014519
v 0.919895 0.014861 0.015353
v 0.917001 0.012774 0.013249
v 0.918289 0.012949 0.013938
v 0.919396 0.013816 0.014723
v 0.919963 0.015177 0.015568
v 0.916131 0.013083 0.012816
v 0.917280 0.012733 0.013410
v 0.918566 0.01307 0.014126
v 0.919580 0.014073 0.014930
v 0.916350 0.012934 0.012951
v 0.917567 0.012728 0.013579
v 0.918830 0.013226 0.014320
v 0.919734 0.014353 0.015140
v 0.916591 0.012814 0.013096
v 0.917858 0.01276 0.013755
v 0.919076 0.013415 0.014519
v 0.919855 0.014651 0.015353
v 0.916852 0.012724 0.013249
v 0.918147 0.012829 0.013938
v 0.919300 0.013634 0.014723
v 0.919940 0.014963 0.015568
v 0.917128 0.012668 0.013410
v 0.918430 0.012934 0.014126
v 0.919498 0.013882 0.014930
v 0.919988 0.015284 0.015783
v 0.916210 0.012919 0.012951
v 0.917415 0.012647 0.013579
v 0.918702 0.013076 0.014320
v 0.919667 0.014153 0.015140
v 0.916445 0.012785 0.013096
v 0.917707 0.012663 0.013755
v 0.918958 0.013251 0.014519
v 0.919803 0.014444 0.015353
v 0.916701 0.012682 0.013249
v 0.918000 0.012716 0.013938
v 0.919194 0.013458 0.014723
v 0.919905 0.014751 0.015568
v 0.916973 0.012611 0.013410
v 0.918288 0.012806 0.014126
v 0.919405 0.013695 0.014930
v 0.919971 0.015068 0.015783
v 0.916070 0.012911 0.012951
v 0.917258 0.012575 0.013579
v 0.918567 0.012933 0.014320
v 0.919589 0.013956 0.015140
v 0.916297 0.012765 0.013096
v 0.917551 0.012575 0.013755
v 0.918832 0.013094 0.014519
v 0.919741 0.01424 0.015353
v 0.916547 0.012648 0.013249
v 0.917846 0.012612 0.013938
v 0.919079 0.013289 0.014723
v 0.919859 0.01454 0.015568
v 0.916816 0.012562 0.013410
v 0.918139 0.012687 0.014126
v 0.919302 0.013513 0.014930
v 0.919942 0.014854 0.015783
v 0.917098 0.012511 0.013579
v 0.918424 0.012798 0.014320
v 0.919500 0.013764 0.015140
v 0.916149 0.012753 0.013096
v 0.917390 0.012495 0.013755
v 0.918698 0.012945 0.014519
v 0.919667 0.014039 0.015353
v 0.916392 0.012623 0.013249
v 0.917687 0.012516 0.013938
v 0.918954 0.013125 0.014723
v 0.919801 0.014333 0.015568
v 0.916655 0.012523 0.013410
v 0.917983 0.012575 0.014126
v 0.919190 0.013337 0.014930
v 0.919901 0.014641 0.015783
v 0.916935 0.012456 0.013579
v 0.918274 0.01267 0.014320
v 0.919401 0.013577 0.015140
v 0.917225 0.012424 0.013755
v 0.918555 0.012802 0.014519
v 0.919582 0.013843 0.015353
v 0.916236 0.012606 0.013249
v 0.917523 0.012429 0.013938
v 0.918822 0.012969 0.014723
v 0.919733 0.014129 0.015568
v 0.916493 0.012492 0.013410
v 0.917822 0.012472 0.014126
v 0.919068 0.013168 0.014930
v 0.919849 0.014431 0.015783
v 0.916769 0.01241 0.013579
v 0.918118 0.012552 0.014320
v 0.919292 0.013396 0.015140
v 0.917057 0.012363 0.013755
v 0.918406 0.012668 0.014519
v 0.919487 0.013651 0.015353
v 0.916079 0.012597 0.013249
v 0.917354 0.012352 0.013938
v 0.918680 0.01282 0.014723
v 0.919653 0.013929 0.015568
v 0.916330 0.012469 0.013410
v 0.917655 0.012378 0.014126
v 0.918938 0.013005 0.014930
v 0.919785 0.014225 0.015783
v 0.916600 0.012373 0.013579
v 0.917955 0.012441 0.014320
v 0.919173 0.013221 0.015140
v 0.916886 0.01231 0.013755
v 0.918249 0.012542 0.014519
v 0.919382 0.013465 0.015353
v 0.917182 0.012283 0.013938
v 0.918531 0.012678 0.014723
v 0.919562 0.013733 0.015568
v 0.916165 0.012456 0.013410
v 0.917484 0.012293 0.014126
v 0.918798 0.012849 0.014930
v 0.919710 0.014022 0.015783
v 0.916430 0.012345 0.013579
v 0.917787 0.01234 0.014320
v 0.919045 0.013053 0.015140
v 0.916712 0.012267 0.013755
v 0.918085 0.012424 0.014519
v 0.919267 0.013285 0.015353
v 0.917006 0.012224 0.013938
v 0.918375 0.012546 0.014723
v 0.919462 0.013543 0.015568
v 0.917308 0.012217 0.014126
v 0.918651 0.012702 0.014930
v 0.919625 0.013823 0.015783
v 0.916258 0.012326 0.013579
v 0.917613 0.012248 0.014320
v 0.918908 0.012891 0.015140
v 0.916536 0.012233 0.013755
v 0.917916 0.012316 0.014519
v 0.919142 0.013111 0.015353
v 0.916827 0.012174 0.013938
v 0.918211 0.012421 0.014723
v 0.919351 0.013358 0.015568
v 0.917128 0.012151 0.014126
v 0.918495 0.012562 0.014930
v 0.919529 0.013629 0.015783
v 0.916086 0.012317 0.013579
v 0.917435 0.012165 0.014320
v 0.918762 0.012738 0.015140
v 0.916358 0.012209 0.013755
v 0.917741 0.012217 0.014519
v 0.919008 0.012945 0.015353
v 0.916646 0.012134 0.013938
v 0.918042 0.012306 0.014723
v 0.919230 0.01318 0.015568
v 0.916945 0.012095 0.014126
v 0.918332 0.012432 0.014930
v 0.919422 0.013441 0.015783
v 0.917252 0.012092 0.014320
v 0.918609 0.012592 0.015140
v 0.916179 0.012194 0.013755
v 0.917560 0.012128 0.014519
v 0.918866 0.012785 0.015353
v 0.916463 0.012104 0.013938
v 0.917866 0.0122 0.014723
v 0.919099 0.013009 0.015568
v 0.916760 0.012049 0.014126
v 0.918163 0.01231 0.014930
v 0.919306 0.013259 0.015783
v 0.917066 0.01203 0.014320
v 0.918447 0.012455 0.015140
v 0.917375 0.012048 0.014519
v 0.918715 0.012634 0.015353
v 0.916278 0.012084 0.013938
v 0.917684 0.012104 0.014723
v 0.918960 0.012845 0.015568
v 0.916572 0.012013 0.014126
v 0.917987 0.012198 0.014930
v 0.919180 0.013083 0.015783
v 0.916876 0.011977 0.014320
v 0.918279 0.012327 0.015140
v 0.917186 0.011979 0.014519
v 0.918555 0.012492 0.015353
v 0.916093 0.012074 0.013938
v 0.917498 0.012018 0.014723
v 0.918812 0.012688 0.015568
v 0.916382 0.011987 0.014126
v 0.917805 0.012095 0.014930
v 0.919044 0.012914 0.015783
v 0.916684 0.011935 0.014320
v 0.918104 0.012208 0.015140
v 0.916994 0.01192 0.014519
v 0.918389 0.012358 0.015353
v 0.917307 0.011942 0.014723
v 0.918655 0.01254 0.015568
v 0.916191 0.011971 0.014126
v 0.917618 0.012002 0.014930
v 0.918900 0.012753 0.015783
v 0.916490 0.011903 0.014320
v 0.917923 0.012099 0.015140
v 0.916799 0.011871 0.014519
v 0.918215 0.012233 0.015353
v 0.917113 0.011876 0.014723
v 0.918491 0.012401 0.015568
v 0.917427 0.01192 0.014930
v 0.918747 0.0126 0.015783
v 0.916295 0.011882 0.014320
v 0.917736 0.012 0.015140
v 0.916601 0.011833 0.014519
v 0.918035 0.012118 0.015353
v 0.916915 0.011821 0.014723
v 0.918320 0.01227 0.015568
v 0.917231 0.011848 0.014930
v 0.918586 0.012456 0.015783
v 0.916098 0.011871 0.014320
v 0.917544 0.011911 0.015140
v 0.916402 0.011806 0.014519
v 0.917849 0.012013 0.015353
v 0.916714 0.011777 0.014723
v 0.918142 0.012149 0.015568
v 0.917031 0.011786 0.014930
v 0.918417 0.01232 0.015783
v 0.917347 0.011833 0.015140
v 0.916201 0.01179 0.014519
v 0.917657 0.011918 0.015353
v 0.916512 0.011744 0.014723
v 0.917957 0.012038 0.015568
v 0.916829 0.011736 0.014930
v 0.918241 0.012194 0.015783
v 0.917147 0.011766 0.015140
v 0.917461 0.011833 0.015353
v 0.916308 0.011722 0.014723
v 0.917767 0.011938 0.015568
v 0.916624 0.011697 0.014930
v 0.918059 0.012078 0.015783
v 0.916943 0.011709 0.015140
v 0.917260 0.011759 0.015353
v 0.916103 0.011711 0.014723
v 0.917571 0.011847 0.015568
v 0.916417 0.011668 0.014930
v 0.917871 0.011971 0.015783
v 0.916736 0.011664 0.015140
v 0.917056 0.011697 0.015353
v 0.917371 0.011767 0.015568
v 0.916209 0.011651 0.014930
v 0.917677 0.011875 0.015783
v 0.916527 0.011629 0.015140
v 0.916849 0.011645 0.015353
v 0.917167 0.011699 0.015568
v 0.917478 0.01179 0.015783
v 0.916317 0.011606 0.015140
v 0.916639 0.011605 0.015353
v 0.916960 0.011641 0.015568
v 0.917275 0.011715 0.015783
v 0.916106 0.011595 0.015140
v 0.916427 0.011576 0.015353
v 0.916749 0.011595 0.015568
v 0.917069 0.011651 0.015783
v 0.916214 0.011558 0.015353
v 0.916537 0.01156 0.015568
v 0.916859 0.011599 0.015783
v 0.916323 0.011537 0.015568
v 0.916646 0.011558 0.015783
v 0.916108 0.011525 0.015568
v 0.916432 0.011529 0.015783
v 0.916216 0.011512 0.015783
v 0.916000 0.0115 2.108000
v 0.916157 0.011503 2.108000
v 0.916314 0.011512 2.108000
v 0.916470 0.011528 2.108000
v 0.916626 0.011549 2.108000
v 0.916780 0.011577 2.108000
v 0.916934 0.011611 2.108000
v 0.917086 0.01165 2.108000
v 0.917236 0.011696 2.108000
v 0.917384 0.011747 2.108000
v 0.917531 0.011804 2.108000
v 0.917675 0.011867 2.108000
v 0.917816 0.011936 2.108000
v 0.917954 0.01201 2.108000
v 0.918090 0.012089 2.108000
v 0.918222 0.012174 2.108000
v 0.918351 0.012264 2.108000
v 0.918476 0.012359 2.108000
v 0.918598 0.012458 2.108000
v 0.918715 0.012563 2.108000
v 0.918828 0.012672 2.108000
v 0.918937 0.012785 2.108000
v 0.919042 0.012902 2.108000
v 0.919141 0.013024 2.108000
v 0.919236 0.013149 2.108000
v 0.919326 0.013278 2.108000
v 0.919411 0.01341 2.108000
v 0.919490 0.013546 2.108000
v 0.919564 0.013684 2.108000
v 0.919633 0.013825 2.108000
v 0.919696 0.013969 2.108000
v 0.919753 0.014116 2.108000
v 0.919804 0.014264 2.108000
v 0.919850 0.014414 2.108000
v 0.919889 0.014566 2.108000
v 0.919923 0.01472 2.108000
v 0.919951 0.014874 2.108000
v 0.919972 0.01503 2.108000
v 0.919988 0.015186 2.108000
v 0.919997 0.015343 2.108000
v 0.920000 0.0155 2.108000
v 0.916000 0.0115 2.108000
v 0.916000 0.011503 2.108157
v 0.916000 0.011512 2.108314
v 0.916000 0.011528 2.108470
v 0.916000 0.011549 2.108626
v 0.916000 0.011577 2.108780
v 0.916000 0.011611 2.108934
v 0.916000 0.01165 2.109086
v 0.916000 0.011696 2.109236
v 0.916000 0.011747 2.109384
v 0.916000 0.011804 2.109531
v 0.916000 0.011867 2.109675
v 0.916000 0.011936 2.109816
v 0.916000 0.01201 2.109954
v 0.916000 0.012089 2.110090
v 0.916000 0.012174 2.110222
v 0.916000 0.012264 2.110351
v 0.916000 0.012359 2.110476
v 0.916000 0.012458 2.110598
v 0.916000 0.012563 2.110715
v 0.916000 0.012672 2.110828
v 0.916000 0.012785 2.110937
v 0.916000 0.012902 2.111042
v 0.916000 0.013024 2.111141
v 0.916000 0.013149 2.111236
v 0.916000 0.013278 2.111326
v 0.916000 0.01341 2.111411
v 0.916000 0.013546 2.111490
v 0.916000 0.013684 2.111564
v 0.916000 0.013825 2.111633
v 0.916000 0.013969 2.111696
v 0.916000 0.014116 2.111753
v 0.916000 0.014264 2.111804
v 0.916000 0.014414 2.111850
v 0.916000 0.014566 2.111889
v 0.916000 0.01472 2.111923
v 0.916000 0.014874 2.111951
v 0.916000 0.01503 2.111972
v 0.916000 0.015186 2.111988
v 0.916000 0.015343 2.111997
v 0.916000 0.0155 2.112000
v 0.919997 0.0155 2.108157
v 0.919988 0.0155 2.108314
v 0.919972 0.0155 2.108470
v 0.919951 0.0155 2.108626
v 0.919923 0.0155 2.108780
v 0.919889 0.0155 2.108934
v 0.919850 0.0155 2.109086
v 0.919804 0.0155 2.109236
v 0.919753 0.0155 2.109384
v 0.919696 0.0155 2.109531
v 0.919633 0.0155 2.109675
v 0.919564 0.0155 2.109816
v 0.919490 0.0155 2.109954
v 0.919411 0.0155 2.110090
v 0.919326 0.0155 2.110222
v 0.919236 0.0155 2.110351
v 0.919141 0.0155 2.110476
v 0.919042 0.0155 2.110598
v 0.918937 0.0155 2.110715
v 0.918828 0.0155 2.110828
v 0.918715 0.0155 2.110937
v 0.918598 0.0155 2.111042
v 0.918476 0.0155 2.111141
v 0.918351 0.0155 2.111236
v 0.918222 0.0155 2.111326
v 0.918090 0.0155 2.111411
v 0.917954 0.0155 2.111490
v 0.917816 0.0155 2.111564
v 0.917675 0.0155 2.111633
v 0.917531 0.0155 2.111696
v 0.917384 0.0155 2.111753
v 0.917236 0.0155 2.111804
v 0.917086 0.0155 2.111850
v 0.916934 0.0155 2.111889
v 0.916780 0.0155 2.111923
v 0.916626 0.0155 2.111951
v 0.916470 0.0155 2.111972
v 0.916314 0.0155 2.111988
v 0.916157 0.0155 2.111997
v 0.916216 0.011506 2.108006
v 0.916216 0.011506 2.108018
v 0.916215 0.011506 2.108029
v 0.916432 0.011523 2.108023
v 0.916213 0.011506 2.108041
v 0.916430 0.011523 2.108047
v 0.916647 0.011553 2.108018
v 0.916210 0.011506 2.108052
v 0.916427 0.011523 2.108070
v 0.916645 0.011553 2.108053
v 0.916207 0.011506 2.108064
v 0.916422 0.011523 2.108093
v 0.916641 0.011553 2.108087
v 0.916859 0.011594 2.108047
v 0.916203 0.011506 2.108075
v 0.916417 0.011523 2.108116
v 0.916636 0.011553 2.108122
v 0.916855 0.011594 2.108093
v 0.916199 0.011506 2.108086
v 0.917070 0.011646 2.108029
v 0.916410 0.011523 2.108138
v 0.916628 0.011553 2.108156
v 0.916849 0.011594 2.108139
v 0.916194 0.011506 2.108096
v 0.917067 0.011646 2.108087
v 0.916402 0.011523 2.108160
v 0.916619 0.011553 2.108190
v 0.916840 0.011594 2.108185
v 0.916189 0.011506 2.108107
v 0.917060 0.011646 2.108144
v 0.916393 0.011523 2.108182
v 0.917275 0.011709 2.108069
v 0.916607 0.011553 2.108223
v 0.916829 0.011594 2.108230
v 0.916182 0.011506 2.108117
v 0.917051 0.011646 2.108202
v 0.916382 0.011523 2.108203
v 0.917270 0.011709 2.108138
v 0.916594 0.011553 2.108256
v 0.917480 0.011784 2.108040
v 0.916815 0.011594 2.108275
v 0.916176 0.011506 2.108126
v 0.917038 0.011646 2.108258
v 0.916371 0.011523 2.108223
v 0.917260 0.011709 2.108207
v 0.916580 0.011553 2.108288
v 0.917476 0.011784 2.108120
v 0.916799 0.011594 2.108318
v 0.916169 0.011506 2.108136
v 0.917023 0.011646 2.108314
v 0.916358 0.011523 2.108243
v 0.917247 0.011709 2.108275
v 0.916563 0.011553 2.108318
v 0.917467 0.011784 2.108200
v 0.916780 0.011594 2.108361
v 0.917677 0.01187 2.108091
v 0.916161 0.011506 2.108145
v 0.917004 0.011646 2.108369
v 0.916344 0.011523 2.108262
v 0.917231 0.011709 2.108342
v 0.916545 0.011553 2.108349
v 0.917454 0.011784 2.108279
v 0.916760 0.011594 2.108403
v 0.917670 0.01187 2.108182
v 0.916153 0.011506 2.108153
v 0.916983 0.011646 2.108423
v 0.917873 0.011966 2.108051
v 0.916330 0.011523 2.108280
v 0.917210 0.011709 2.108408
v 0.916526 0.011553 2.108378
v 0.917437 0.011784 2.108357
v 0.916737 0.011594 2.108443
v 0.917657 0.01187 2.108272
v 0.916145 0.011506 2.108161
v 0.916959 0.011646 2.108475
v 0.917867 0.011966 2.108152
v 0.916314 0.011523 2.108297
v 0.917186 0.011709 2.108473
v 0.916504 0.011553 2.108405
v 0.917415 0.011784 2.108435
v 0.916712 0.011594 2.108483
v 0.917640 0.01187 2.108361
v 0.916136 0.011506 2.108169
v 0.916932 0.011646 2.108527
v 0.917856 0.011966 2.108253
v 0.916297 0.011523 2.108314
v 0.917159 0.011709 2.108536
v 0.918059 0.012073 2.108112
v 0.916482 0.011553 2.108432
v 0.917390 0.011784 2.108511
v 0.916685 0.011594 2.108520
v 0.917618 0.01187 2.108449
v 0.916126 0.011506 2.108176
v 0.916902 0.011646 2.108576
v 0.917840 0.011966 2.108353
v 0.916280 0.011523 2.108330
v 0.917128 0.011709 2.108598
v 0.918050 0.012073 2.108223
v 0.916458 0.011553 2.108458
v 0.917360 0.011784 2.108585
v 0.918244 0.012189 2.108061
v 0.916655 0.011594 2.108557
v 0.917592 0.01187 2.108536
v 0.916117 0.011506 2.108182
v 0.916869 0.011646 2.108624
v 0.917818 0.011966 2.108452
v 0.916262 0.011523 2.108344
v 0.917094 0.011709 2.108658
v 0.918035 0.012073 2.108334
v 0.916432 0.011553 2.108482
v 0.917326 0.011784 2.108658
v 0.918237 0.012189 2.108182
v 0.916624 0.011594 2.108591
v 0.917560 0.01187 2.108622
v 0.916107 0.011506 2.108189
v 0.916834 0.011646 2.108670
v 0.917791 0.011966 2.108550
v 0.916243 0.011523 2.108358
v 0.917057 0.011709 2.108717
v 0.918014 0.012073 2.108443
v 0.916405 0.011553 2.108504
v 0.917289 0.011784 2.108729
v 0.918224 0.012189 2.108303
v 0.916591 0.011594 2.108624
v 0.917524 0.01187 2.108705
v 0.918417 0.012316 2.108131
v 0.916096 0.011506 2.108194
v 0.916797 0.011646 2.108715
v 0.917759 0.011966 2.108646
v 0.916223 0.011523 2.108371
v 0.917017 0.011709 2.108773
v 0.917987 0.012073 2.108552
v 0.916378 0.011553 2.108526
v 0.917247 0.011784 2.108797
v 0.918205 0.012189 2.108423
v 0.916557 0.011594 2.108655
v 0.917484 0.01187 2.108787
v 0.918407 0.012316 2.108262
v 0.916086 0.011506 2.108199
v 0.916757 0.011646 2.108757
v 0.917721 0.011966 2.108740
v 0.918589 0.012451 2.108070
v 0.916203 0.011523 2.108382
v 0.916973 0.011709 2.108827
v 0.917954 0.012073 2.108658
v 0.916349 0.011553 2.108545
v 0.917202 0.011784 2.108864
v 0.918178 0.012189 2.108542
v 0.916520 0.011594 2.108685
v 0.917439 0.01187 2.108866
v 0.918389 0.012316 2.108392
v 0.916075 0.011506 2.108203
v 0.916715 0.011646 2.108797
v 0.917679 0.011966 2.108832
v 0.918581 0.012451 2.108210
v 0.916182 0.011523 2.108393
v 0.916927 0.011709 2.108878
v 0.917916 0.012073 2.108763
v 0.916318 0.011553 2.108563
v 0.917154 0.011784 2.108928
v 0.918146 0.012189 2.108659
v 0.916483 0.011594 2.108712
v 0.917390 0.01187 2.108943
v 0.918364 0.012316 2.108520
v 0.916064 0.011506 2.108207
v 0.916670 0.011646 2.108834
v 0.917631 0.011966 2.108922
v 0.918566 0.012451 2.108350
v 0.916160 0.011523 2.108402
v 0.916878 0.011709 2.108927
v 0.917872 0.012073 2.108866
v 0.918747 0.012596 2.108149
v 0.916288 0.011553 2.108580
v 0.917102 0.011784 2.108989
v 0.918107 0.012189 2.108774
v 0.916443 0.011594 2.108737
v 0.917337 0.01187 2.109016
v 0.918332 0.012316 2.108648
v 0.916052 0.011506 2.108210
v 0.916624 0.011646 2.108869
v 0.917579 0.011966 2.109009
v 0.918543 0.012451 2.108488
v 0.916138 0.011523 2.108410
v 0.916827 0.011709 2.108973
v 0.917822 0.012073 2.108966
v 0.918735 0.012596 2.108297
v 0.916256 0.011553 2.108594
v 0.917047 0.011784 2.109047
v 0.918062 0.012189 2.108887
v 0.918903 0.012749 2.108079
v 0.916403 0.011594 2.108760
v 0.917280 0.01187 2.109087
v 0.918294 0.012316 2.108773
v 0.916041 0.011506 2.108213
v 0.916576 0.011646 2.108902
v 0.917522 0.011966 2.109093
v 0.918513 0.012451 2.108625
v 0.916116 0.011523 2.108417
v 0.916773 0.011709 2.109017
v 0.917767 0.012073 2.109063
v 0.918715 0.012596 2.108445
v 0.916223 0.011553 2.108607
v 0.916989 0.011784 2.109102
v 0.918011 0.012189 2.108997
v 0.918894 0.012749 2.108236
v 0.916361 0.011594 2.108780
v 0.917219 0.01187 2.109155
v 0.918249 0.012316 2.108896
v 0.916029 0.011506 2.108215
v 0.916527 0.011646 2.108932
v 0.917460 0.011966 2.109174
v 0.918475 0.012451 2.108760
v 0.916093 0.011523 2.108422
v 0.916717 0.011709 2.109057
v 0.917707 0.012073 2.109157
v 0.918686 0.012596 2.108591
v 0.916190 0.011553 2.108619
v 0.916928 0.011784 2.109154
v 0.917954 0.012189 2.109105
v 0.918877 0.012749 2.108392
v 0.916318 0.011594 2.108799
v 0.917155 0.01187 2.109219
v 0.918197 0.012316 2.109016
v 0.919044 0.01291 2.108165
v 0.916018 0.011506 2.108216
v 0.916475 0.011646 2.108959
v 0.917395 0.011966 2.109251
v 0.918431 0.012451 2.108893
v 0.916070 0.011523 2.108427
v 0.916658 0.011709 2.109094
v 0.917642 0.012073 2.109248
v 0.918651 0.012596 2.108736
v 0.916156 0.011553 2.108628
v 0.916864 0.011784 2.109202
v 0.917891 0.012189 2.109209
v 0.918852 0.012749 2.108547
v 0.916275 0.011594 2.108815
v 0.917087 0.01187 2.109280
v 0.918139 0.012316 2.109134
v 0.919031 0.01291 2.108330
v 0.916006 0.011506 2.108216
v 0.916423 0.011646 2.108983
v 0.917325 0.011966 2.109325
v 0.918379 0.012451 2.109023
v 0.919183 0.013079 2.108086
v 0.916047 0.011523 2.108430
v 0.916598 0.011709 2.109128
v 0.917572 0.012073 2.109335
v 0.918607 0.012596 2.108878
v 0.916122 0.011553 2.108636
v 0.916797 0.011784 2.109247
v 0.917823 0.012189 2.109310
v 0.918818 0.012749 2.108701
v 0.916230 0.011594 2.108829
v 0.917016 0.01187 2.109337
v 0.918074 0.012316 2.109248
v 0.919008 0.01291 2.108493
v 0.916369 0.011646 2.109004
v 0.917251 0.011966 2.109395
v 0.918320 0.012451 2.109151
v 0.919174 0.013079 2.108258
v 0.916023 0.011523 2.108432
v 0.916536 0.011709 2.109159
v 0.917497 0.012073 2.109418
v 0.918555 0.012596 2.109018
v 0.916087 0.011553 2.108641
v 0.916729 0.011784 2.109289
v 0.917750 0.012189 2.109406
v 0.918776 0.012749 2.108852
v 0.916185 0.011594 2.108840
v 0.916943 0.01187 2.109390
v 0.918004 0.012316 2.109358
v 0.918977 0.01291 2.108655
v 0.916314 0.011646 2.109023
v 0.917174 0.011966 2.109460
v 0.918254 0.012451 2.109274
v 0.919155 0.013079 2.108430
v 0.916473 0.011709 2.109186
v 0.917418 0.012073 2.109497
v 0.918497 0.012596 2.109155
v 0.919306 0.013255 2.108179
v 0.916053 0.011553 2.108645
v 0.916658 0.011784 2.109326
v 0.917671 0.012189 2.109499
v 0.918726 0.012749 2.109001
v 0.916139 0.011594 2.108849
v 0.916866 0.01187 2.109439
v 0.917927 0.012316 2.109465
v 0.918938 0.01291 2.108816
v 0.916258 0.011646 2.109038
v 0.917093 0.011966 2.109522
v 0.918182 0.012451 2.109395
v 0.919127 0.013079 2.108600
v 0.916408 0.011709 2.109210
v 0.917335 0.012073 2.109572
v 0.918430 0.012596 2.109288
v 0.919291 0.013255 2.108358
v 0.916018 0.011553 2.108647
v 0.916585 0.011784 2.109360
v 0.917587 0.012189 2.109587
v 0.918668 0.012749 2.109148
v 0.919426 0.013438 2.108093
v 0.916093 0.011594 2.108855
v 0.916787 0.01187 2.109484
v 0.917845 0.012316 2.109567
v 0.918889 0.01291 2.108973
v 0.916202 0.011646 2.109051
v 0.917009 0.011966 2.109579
v 0.918103 0.012451 2.109511
v 0.919090 0.013079 2.108769
v 0.916342 0.011709 2.109231
v 0.917248 0.012073 2.109642
v 0.918357 0.012596 2.109418
v 0.919267 0.013255 2.108536
v 0.916511 0.011784 2.109390
v 0.917499 0.012189 2.109671
v 0.918602 0.012749 2.109290
v 0.919416 0.013438 2.108278
v 0.916047 0.011594 2.108859
v 0.916705 0.01187 2.109524
v 0.917757 0.012316 2.109665
v 0.918832 0.01291 2.109128
v 0.916144 0.011646 2.109060
v 0.916922 0.011966 2.109631
v 0.918018 0.012451 2.109622
v 0.919044 0.013079 2.108935
v 0.916275 0.011709 2.109247
v 0.917157 0.012073 2.109707
v 0.918277 0.012596 2.109544
v 0.919233 0.013255 2.108712
v 0.916435 0.011784 2.109415
v 0.917406 0.012189 2.109750
v 0.918528 0.012749 2.109429
v 0.919396 0.013438 2.108463
v 0.916622 0.01187 2.109560
v 0.917665 0.012316 2.109757
v 0.918767 0.01291 2.109280
v 0.919529 0.013626 2.108191
v 0.916087 0.011646 2.109067
v 0.916832 0.011966 2.109679
v 0.917928 0.012451 2.109729
v 0.918989 0.013079 2.109098
v 0.916207 0.011709 2.109260
v 0.917063 0.012073 2.109767
v 0.918190 0.012596 2.109665
v 0.919190 0.013255 2.108886
v 0.916357 0.011784 2.109437
v 0.917310 0.012189 2.109823
v 0.918447 0.012749 2.109564
v 0.919366 0.013438 2.108646
v 0.916536 0.01187 2.109592
v 0.917567 0.012316 2.109845
v 0.918694 0.01291 2.109428
v 0.919513 0.013626 2.108382
v 0.916029 0.011646 2.109070
v 0.916740 0.011966 2.109721
v 0.917831 0.012451 2.109831
v 0.918925 0.013079 2.109258
v 0.919629 0.01382 2.108098
v 0.916138 0.011709 2.109270
v 0.916966 0.012073 2.109822
v 0.918097 0.012596 2.109781
v 0.919137 0.013255 2.109057
v 0.916279 0.011784 2.109454
v 0.917209 0.012189 2.109891
v 0.918359 0.012749 2.109694
v 0.919326 0.013438 2.108827
v 0.916449 0.01187 2.109618
v 0.917465 0.012316 2.109927
v 0.918612 0.01291 2.109572
v 0.919487 0.013626 2.108572
v 0.916646 0.011966 2.109759
v 0.917729 0.012451 2.109928
v 0.918853 0.013079 2.109415
v 0.919618 0.01382 2.108295
v 0.916069 0.011709 2.109275
v 0.916866 0.012073 2.109872
v 0.917997 0.012596 2.109892
v 0.919076 0.013255 2.109225
v 0.916200 0.011784 2.109467
v 0.917105 0.012189 2.109954
v 0.918263 0.012749 2.109819
v 0.919276 0.013438 2.109006
v 0.916361 0.01187 2.109640
v 0.917358 0.012316 2.110004
v 0.918523 0.01291 2.109711
v 0.919451 0.013626 2.108760
v 0.916550 0.011966 2.109791
v 0.917622 0.012451 2.110018
v 0.918772 0.013079 2.109567
v 0.919597 0.01382 2.108490
v 0.916763 0.012073 2.109916
v 0.917892 0.012596 2.109997
v 0.919005 0.013255 2.109390
v 0.919710 0.014019 2.108201
v 0.916120 0.011784 2.109476
v 0.916997 0.012189 2.110011
v 0.918162 0.012749 2.109939
v 0.919217 0.013438 2.109182
v 0.916272 0.01187 2.109657
v 0.917248 0.012316 2.110074
v 0.918427 0.01291 2.109845
v 0.919405 0.013626 2.108945
v 0.916452 0.011966 2.109818
v 0.917511 0.012451 2.110103
v 0.918683 0.013079 2.109715
v 0.919565 0.01382 2.108684
v 0.916658 0.012073 2.109954
v 0.917781 0.012596 2.110097
v 0.918925 0.013255 2.109551
v 0.919694 0.014019 2.108402
v 0.916040 0.011784 2.109480
v 0.916887 0.012189 2.110062
v 0.918053 0.012749 2.110053
v 0.919148 0.013438 2.109354
v 0.919789 0.014223 2.108103
v 0.916182 0.01187 2.109670
v 0.917134 0.012316 2.110139
v 0.918324 0.01291 2.109974
v 0.919349 0.013626 2.109128
v 0.916353 0.011966 2.109840
v 0.917395 0.012451 2.110182
v 0.918586 0.013079 2.109858
v 0.919523 0.01382 2.108876
v 0.916552 0.012073 2.109987
v 0.917665 0.012596 2.110190
v 0.918837 0.013255 2.109707
v 0.919667 0.014019 2.108601
v 0.916774 0.012189 2.110107
v 0.917939 0.012749 2.110162
v 0.919071 0.013438 2.109523
v 0.919778 0.014223 2.108308
v 0.916091 0.01187 2.109677
v 0.917016 0.012316 2.110197
v 0.918213 0.01291 2.110097
v 0.919283 0.013626 2.109308
v 0.916253 0.011966 2.109856
v 0.917274 0.012451 2.110254
v 0.918482 0.013079 2.109995
v 0.919470 0.01382 2.109066
v 0.916443 0.012073 2.110014
v 0.917544 0.012596 2.110277
v 0.918740 0.013255 2.109858
v 0.919629 0.014019 2.108799
v 0.916659 0.012189 2.110146
v 0.917819 0.012749 2.110263
v 0.918984 0.013438 2.109687
v 0.919756 0.014223 2.108512
v 0.916896 0.012316 2.110249
v 0.918097 0.01291 2.110213
v 0.919207 0.013626 2.109484
v 0.919849 0.01443 2.108209
v 0.916152 0.011966 2.109867
v 0.917151 0.012451 2.110320
v 0.918370 0.013079 2.110126
v 0.919408 0.01382 2.109252
v 0.916334 0.012073 2.110035
v 0.917418 0.012596 2.110357
v 0.918636 0.013255 2.110004
v 0.919580 0.014019 2.108994
v 0.916542 0.012189 2.110178
v 0.917694 0.012749 2.110359
v 0.918888 0.013438 2.109846
v 0.919723 0.014223 2.108714
v 0.916773 0.012316 2.110294
v 0.917974 0.01291 2.110324
v 0.919122 0.013626 2.109655
v 0.919832 0.01443 2.108417
v 0.916051 0.011966 2.109873
v 0.917023 0.012451 2.110379
v 0.918252 0.013079 2.110252
v 0.919335 0.01382 2.109435
v 0.919905 0.01464 2.108106
v 0.916223 0.012073 2.110050
v 0.917288 0.012596 2.110430
v 0.918523 0.013255 2.110143
v 0.919521 0.014019 2.109186
v 0.916423 0.012189 2.110205
v 0.917564 0.012749 2.110447
v 0.918784 0.013438 2.110000
v 0.919679 0.014223 2.108915
v 0.916648 0.012316 2.110332
v 0.917845 0.01291 2.110427
v 0.919028 0.013626 2.109822
v 0.919803 0.01443 2.108624
v 0.916893 0.012451 2.110431
v 0.918126 0.013079 2.110370
v 0.919252 0.01382 2.109613
v 0.919894 0.01464 2.108317
v 0.916112 0.012073 2.110059
v 0.917155 0.012596 2.110497
v 0.918404 0.013255 2.110277
v 0.919452 0.014019 2.109375
v 0.916303 0.012189 2.110224
v 0.917429 0.012749 2.110528
v 0.918671 0.013438 2.110147
v 0.919624 0.014223 2.109113
v 0.916520 0.012316 2.110364
v 0.917711 0.01291 2.110523
v 0.918925 0.013626 2.109983
v 0.919764 0.01443 2.108829
v 0.916760 0.012451 2.110475
v 0.917995 0.013079 2.110482
v 0.919160 0.01382 2.109787
v 0.919871 0.01464 2.108527
v 0.917018 0.012596 2.110555
v 0.918277 0.013255 2.110404
v 0.919372 0.014019 2.109560
v 0.919942 0.014853 2.108214
v 0.916182 0.012189 2.110237
v 0.917290 0.012749 2.110602
v 0.918551 0.013438 2.110289
v 0.919558 0.014223 2.109307
v 0.916392 0.012316 2.110389
v 0.917572 0.01291 2.110612
v 0.918813 0.013626 2.110139
v 0.919714 0.01443 2.109031
v 0.916625 0.012451 2.110513
v 0.917858 0.013079 2.110586
v 0.919059 0.01382 2.109955
v 0.919836 0.01464 2.108736
v 0.916878 0.012596 2.110607
v 0.918143 0.013255 2.110523
v 0.919283 0.014019 2.109741
v 0.919924 0.014853 2.108427
v 0.916061 0.012189 2.110244
v 0.917148 0.012749 2.110668
v 0.918424 0.013438 2.110424
v 0.919482 0.014223 2.109498
v 0.919975 0.015068 2.108108
v 0.916262 0.012316 2.110407
v 0.917428 0.01291 2.110694
v 0.918694 0.013626 2.110288
v 0.919652 0.01443 2.109231
v 0.916488 0.012451 2.110543
v 0.917715 0.013079 2.110683
v 0.918948 0.01382 2.110118
v 0.919791 0.01464 2.108943
v 0.916736 0.012596 2.110651
v 0.918004 0.013255 2.110636
v 0.919184 0.014019 2.109916
v 0.919895 0.014853 2.108639
v 0.917001 0.012749 2.110726
v 0.918289 0.013438 2.110551
v 0.919396 0.014223 2.109684
v 0.919963 0.015068 2.108323
v 0.916131 0.012316 2.110417
v 0.917280 0.01291 2.110767
v 0.918566 0.013626 2.110430
v 0.919580 0.01443 2.109427
v 0.916350 0.012451 2.110566
v 0.917567 0.013079 2.110772
v 0.918830 0.01382 2.110274
v 0.919734 0.01464 2.109147
v 0.916591 0.012596 2.110686
v 0.917858 0.013255 2.110740
v 0.919076 0.014019 2.110085
v 0.919855 0.014853 2.108849
v 0.916852 0.012749 2.110776
v 0.918147 0.013438 2.110671
v 0.919300 0.014223 2.109866
v 0.919940 0.015068 2.108537
v 0.917128 0.01291 2.110832
v 0.918430 0.013626 2.110566
v 0.919498 0.01443 2.109618
v 0.919988 0.015283 2.108216
v 0.916210 0.012451 2.110581
v 0.917415 0.013079 2.110853
v 0.918702 0.01382 2.110424
v 0.919667 0.01464 2.109347
v 0.916445 0.012596 2.110715
v 0.917707 0.013255 2.110837
v 0.918958 0.014019 2.110249
v 0.919803 0.014853 2.109056
v 0.916701 0.012749 2.110818
v 0.918000 0.013438 2.110784
v 0.919194 0.014223 2.110042
v 0.919905 0.015068 2.108749
v 0.916973 0.01291 2.110889
v 0.918288 0.013626 2.110694
v 0.919405 0.01443 2.109805
v 0.919971 0.015283 2.108432
v 0.916070 0.012451 2.110589
v 0.917258 0.013079 2.110925
v 0.918567 0.01382 2.110567
v 0.919589 0.01464 2.109544
v 0.916297 0.012596 2.110735
v 0.917551 0.013255 2.110925
v 0.918832 0.014019 2.110406
v 0.919741 0.014853 2.109260
v 0.916547 0.012749 2.110852
v 0.917846 0.013438 2.110888
v 0.919079 0.014223 2.110211
v 0.919859 0.015068 2.108960
v 0.916816 0.01291 2.110938
v 0.918139 0.013626 2.110813
v 0.919302 0.01443 2.109987
v 0.919942 0.015283 2.108646
v 0.917098 0.013079 2.110989
v 0.918424 0.01382 2.110702
v 0.919500 0.01464 2.109736
v 0.916149 0.012596 2.110747
v 0.917390 0.013255 2.111005
v 0.918698 0.014019 2.110555
v 0.919667 0.014853 2.109461
v 0.916392 0.012749 2.110877
v 0.917687 0.013438 2.110984
v 0.918954 0.014223 2.110375
v 0.919801 0.015068 2.109167
v 0.916655 0.01291 2.110977
v 0.917983 0.013626 2.110925
v 0.919190 0.01443 2.110163
v 0.919901 0.015283 2.108859
v 0.916935 0.013079 2.111044
v 0.918274 0.01382 2.110830
v 0.919401 0.01464 2.109923
v 0.917225 0.013255 2.111076
v 0.918555 0.014019 2.110698
v 0.919582 0.014853 2.109657
v 0.916236 0.012749 2.110894
v 0.917523 0.013438 2.111071
v 0.918822 0.014223 2.110531
v 0.919733 0.015068 2.109371
v 0.916493 0.01291 2.111008
v 0.917822 0.013626 2.111028
v 0.919068 0.01443 2.110332
v 0.919849 0.015283 2.109069
v 0.916769 0.013079 2.111090
v 0.918118 0.01382 2.110948
v 0.919292 0.01464 2.110104
v 0.917057 0.013255 2.111137
v 0.918406 0.014019 2.110832
v 0.919487 0.014853 2.109849
v 0.916079 0.012749 2.110903
v 0.917354 0.013438 2.111148
v 0.918680 0.014223 2.110680
v 0.919653 0.015068 2.109571
v 0.916330 0.01291 2.111031
v 0.917655 0.013626 2.111122
v 0.918938 0.01443 2.110495
v 0.919785 0.015283 2.109275
v 0.916600 0.013079 2.111127
v 0.917955 0.01382 2.111059
v 0.919173 0.01464 2.110279
v 0.916886 0.013255 2.111190
v 0.918249 0.014019 2.110958
v 0.919382 0.014853 2.110035
v 0.917182 0.013438 2.111217
v 0.918531 0.014223 2.110822
v 0.919562 0.015068 2.109767
v 0.916165 0.01291 2.111044
v 0.917484 0.013626 2.111207
v 0.918798 0.01443 2.110651
v 0.919710 0.015283 2.109478
v 0.916430 0.013079 2.111155
v 0.917787 0.01382 2.111160
v 0.919045 0.01464 2.110447
v 0.916712 0.013255 2.111233
v 0.918085 0.014019 2.111076
v 0.919267 0.014853 2.110215
v 0.917006 0.013438 2.111276
v 0.918375 0.014223 2.110954
v 0.919462 0.015068 2.109957
v 0.917308 0.013626 2.111283
v 0.918651 0.01443 2.110798
v 0.919625 0.015283 2.109677
v 0.916258 0.013079 2.111174
v 0.917613 0.01382 2.111252
v 0.918908 0.01464 2.110609
v 0.916536 0.013255 2.111267
v 0.917916 0.014019 2.111184
v 0.919142 0.014853 2.110389
v 0.916827 0.013438 2.111326
v 0.918211 0.014223 2.111079
v 0.919351 0.015068 2.110142
v 0.917128 0.013626 2.111349
v 0.918495 0.01443 2.110938
v 0.919529 0.015283 2.109871
v 0.916086 0.013079 2.111183
v 0.917435 0.01382 2.111335
v 0.918762 0.01464 2.110762
v 0.916358 0.013255 2.111291
v 0.917741 0.014019 2.111283
v 0.919008 0.014853 2.110555
v 0.916646 0.013438 2.111366
v 0.918042 0.014223 2.111194
v 0.919230 0.015068 2.110320
v 0.916945 0.013626 2.111405
v 0.918332 0.01443 2.111068
v 0.919422 0.015283 2.110059
v 0.917252 0.01382 2.111408
v 0.918609 0.01464 2.110908
v 0.916179 0.013255 2.111306
v 0.917560 0.014019 2.111372
v 0.918866 0.014853 2.110715
v 0.916463 0.013438 2.111396
v 0.917866 0.014223 2.111300
v 0.919099 0.015068 2.110491
v 0.916760 0.013626 2.111451
v 0.918163 0.01443 2.111190
v 0.919306 0.015283 2.110241
v 0.917066 0.01382 2.111470
v 0.918447 0.01464 2.111045
v 0.917375 0.014019 2.111452
v 0.918715 0.014853 2.110866
v 0.916278 0.013438 2.111416
v 0.917684 0.014223 2.111396
v 0.918960 0.015068 2.110655
v 0.916572 0.013626 2.111487
v 0.917987 0.01443 2.111302
v 0.919180 0.015283 2.110417
v 0.916876 0.01382 2.111523
v 0.918279 0.01464 2.111173
v 0.917186 0.014019 2.111521
v 0.918555 0.014853 2.111008
v 0.916093 0.013438 2.111426
v 0.917498 0.014223 2.111482
v 0.918812 0.015068 2.110812
v 0.916382 0.013626 2.111513
v 0.917805 0.01443 2.111405
v 0.919044 0.015283 2.110586
v 0.916684 0.01382 2.111565
v 0.918104 0.01464 2.111292
v 0.916994 0.014019 2.111580
v 0.918389 0.014853 2.111142
v 0.917307 0.014223 2.111558
v 0.918655 0.015068 2.110960
v 0.916191 0.013626 2.111529
v 0.917618 0.01443 2.111498
v 0.918900 0.015283 2.110747
v 0.916490 0.01382 2.111597
v 0.917923 0.01464 2.111401
v 0.916799 0.014019 2.111629
v 0.918215 0.014853 2.111267
v 0.917113 0.014223 2.111624
v 0.918491 0.015068 2.111099
v 0.917427 0.01443 2.111580
v 0.918747 0.015283 2.110900
v 0.916295 0.01382 2.111618
v 0.917736 0.01464 2.111500
v 0.916601 0.014019 2.111667
v 0.918035 0.014853 2.111382
v 0.916915 0.014223 2.111679
v 0.918320 0.015068 2.111230
v 0.917231 0.01443 2.111652
v 0.918586 0.015283 2.111044
v 0.916098 0.01382 2.111629
v 0.917544 0.01464 2.111589
v 0.916402 0.014019 2.111694
v 0.917849 0.014853 2.111487
v 0.916714 0.014223 2.111723
v 0.918142 0.015068 2.111351
v 0.917031 0.01443 2.111714
v 0.918417 0.015283 2.111180
v 0.917347 0.01464 2.111667
v 0.916201 0.014019 2.111710
v 0.917657 0.014853 2.111582
v 0.916512 0.014223 2.111756
v 0.917957 0.015068 2.111462
v 0.916829 0.01443 2.111764
v 0.918241 0.015283 2.111306
v 0.917147 0.01464 2.111734
v 0.917461 0.014853 2.111667
v 0.916308 0.014223 2.111778
v 0.917767 0.015068 2.111562
v 0.916624 0.01443 2.111803
v 0.918059 0.015283 2.111422
v 0.916943 0.01464 2.111791
v 0.917260 0.014853 2.111741
v 0.916103 0.014223 2.111789
v 0.917571 0.015068 2.111653
v 0.916417 0.01443 2.111832
v 0.917871 0.015283 2.111529
v 0.916736 0.01464 2.111836
v 0.917056 0.014853 2.111803
v 0.917371 0.015068 2.111733
v 0.916209 0.01443 2.111849
v 0.917677 0.015283 2.111625
v 0.916527 0.01464 2.111871
v 0.916849 0.014853 2.111855
v 0.917167 0.015068 2.111801
v 0.917478 0.015283 2.111710
v 0.916317 0.01464 2.111894
v 0.916639 0.014853 2.111895
v 0.916960 0.015068 2.111859
v 0.917275 0.015283 2.111785
v 0.916106 0.01464 2.111905
v 0.916427 0.014853 2.111924
v 0.916749 0.015068 2.111905
v 0.917069 0.015283 2.111849
v 0.916214 0.014853 2.111942
v 0.916537 0.015068 2.111940
v 0.916859 0.015283 2.111901
v 0.916323 0.015068 2.111963
v 0.916646 0.015283 2.111942
v 0.916108 0.015068 2.111975
v 0.916432 0.015283 2.111971
v 0.916216 0.015283 2.111988
f 1 3 2
f 3 4 2
f 5 6 48
f 7 5 48
f 8 7 49
f 7 48 49
f 9 8 50
f 8 49 50
f 10 9 51
f 11 10 51
f 9 50 51
f 11 51 52
f 12 11 52
f 12 52 53
f 12 53 54
f 13 12 54
f 14 13 55
f 15 14 55
f 13 54 55
f 15 55 56
f 16 15 57
f 17 16 57
f 15 56 57
f 17 57 58
f 18 17 59
f 19 18 59
f 17 58 59
f 19 59 60
f 20 19 61
f 21 20 61
f 19 60 61
f 21 61 62
f 22 21 63
f 21 62 63
f 23 22 64
f 22 63 64
f 24 23 65
f 23 64 65
f 25 24 66
f 26 25 66
f 24 65 66
f 27 26 67
f 26 66 67
f 27 67 68
f 28 27 69
f 27 68 69
f 29 28 70
f 28 69 70
f 30 29 71
f 29 70 71
f 31 30 72
f 30 71 72
f 32 31 73
f 31 72 73
f 33 32 74
f 32 73 74
f 34 33 75
f 33 74 75
f 35 34 76
f 34 75 76
f 35 76 77
f 36 35 77
f 36 77 78
f 37 36 78
f 37 78 79
f 38 37 79
f 38 79 80
f 39 38 80
f 40 39 80
f 40 80 81
f 40 81 82
f 41 40 82
f 41 82 83
f 42 41 83
f 42 83 84
f 43 42 84
f 43 84 85
f 44 43 85
f 44 85 86
f 45 44 86
f 45 86 47
f 46 45 47
f 127 126 167
f 168 127 167
f 126 125 166
f 167 126 166
f 125 124 165
f 166 125 165
f 165 124 164
f 124 123 164
f 164 123 163
f 123 122 163
f 163 122 162
f 122 121 162
f 162 121 161
f 121 120 161
f 161 120 160
f 120 119 160
f 160 119 159
f 119 118 159
f 159 118 158
f 118 117 158
f 117 116 157
f 158 117 157
f 116 115 156
f 157 116 156
f 115 114 155
f 156 115 155
f 114 113 154
f 155 114 154
f 113 112 153
f 154 113 153
f 112 111 152
f 153 112 152
f 111 110 151
f 152 111 151
f 110 109 150
f 151 110 150
f 109 108 149
f 150 109 149
f 108 107 148
f 149 108 148
f 107 106 147
f 148 107 147
f 106 105 146
f 147 106 146
f 105 104 145
f 146 105 145
f 104 103 144
f 145 104 144
f 103 102 143
f 144 103 143
f 102 101 142
f 143 102 142
f 101 100 141
f 142 101 141
f 100 99 140
f 141 100 140
f 140 99 139
f 99 98 139
f 139 98 138
f 98 97 138
f 97 96 137
f 138 97 137
f 137 96 136
f 96 95 136
f 95 94 135
f 136 95 135
f 94 93 134
f 135 94 134
f 93 92 133
f 134 93 133
f 92 91 132
f 133 92 132
f 91 90 131
f 132 91 131
f 90 89 130
f 131 90 130
f 88 87 129
f 89 88 129
f 130 89 129
f 129 87 128
f 208 209 211
f 207 208 212
f 208 211 212
f 206 207 213
f 207 212 213
f 205 206 214
f 206 213 214
f 204 205 215
f 205 214 215
f 204 215 216
f 203 204 216
f 203 216 217
f 202 203 217
f 202 217 218
f 201 202 218
f 201 218 219
f 200 201 219
f 200 219 220
f 199 200 220
f 199 220 221
f 198 199 221
f 197 198 222
f 198 221 222
f 197 222 223
f 196 197 223
f 195 196 224
f 196 223 224
f 194 195 225
f 195 224 225
f 193 194 226
f 194 225 226
f 192 193 227
f 193 226 227
f 191 192 228
f 192 227 228
f 190 191 229
f 191 228 229
f 189 190 230
f 190 229 230
f 188 189 231
f 189 230 231
f 187 188 232
f 188 231 232
f 186 187 233
f 187 232 233
f 185 186 234
f 186 233 234
f 185 234 235
f 183 184 236
f 184 185 236
f 185 235 236
f 183 236 237
f 181 182 238
f 182 183 238
f 183 237 238
f 181 238 239
f 181 239 240
f 180 181 240
f 180 240 241
f 178 179 241
f 179 180 241
f 178 241 242
f 178 242 243
f 177 178 243
f 176 177 244
f 177 243 244
f 174 175 245
f 175 176 245
f 176 244 245
f 174 245 246
f 173 174 247
f 174 246 247
f 171 172 248
f 172 173 248
f 173 247 248
f 171 248 249
f 169 170 250
f 170 171 250
f 171 249 250
f 169 250 210
f 252 251 332
f 251 253 332
f 253 254 331
f 332 253 331
f 254 255 330
f 331 254 330
f 255 256 329
f 330 255 329
f 329 256 328
f 256 257 328
f 257 258 327
f 328 257 327
f 327 258 326
f 258 259 326
f 259 260 325
f 326 259 325
f 260 261 324
f 325 260 324
f 261 262 323
f 324 261 323
f 262 263 322
f 323 262 322
f 263 264 321
f 322 263 321
f 264 265 320
f 321 264 320
f 265 266 319
f 320 265 319
f 266 267 318
f 319 266 318
f 267 268 317
f 318 267 317
f 268 269 316
f 317 268 316
f 269 270 315
f 316 269 315
f 270 271 314
f 315 270 314
f 271 272 313
f 314 271 313
f 272 273 312
f 313 272 312
f 273 274 311
f 312 273 311
f 274 275 310
f 311 274 310
f 275 276 309
f 310 275 309
f 276 277 308
f 309 276 308
f 277 278 307
f 308 277 307
f 278 279 306
f 307 278 306
f 279 280 305
f 306 279 305
f 305 280 304
f 280 281 304
f 304 281 303
f 281 282 303
f 303 282 302
f 282 283 302
f 302 283 301
f 283 284 301
f 301 284 300
f 284 285 300
f 300 285 299
f 285 286 299
f 299 286 298
f 286 287 298
f 287 288 298
f 298 288 297
f 297 288 296
f 288 289 296
f 289 290 296
f 290 291 295
f 296 290 295
f 295 291 294
f 291 292 293
f 294 291 293
f 372 373 415
f 413 453 414
f 334 335 454
f 333 334 455
f 334 454 455
f 333 455 456
f 335 336 457
f 454 335 457
f 455 454 457
f 333 456 458
f 456 455 459
f 455 457 459
f 336 337 460
f 337 338 460
f 457 336 460
f 333 458 461
f 458 456 462
f 456 459 462
f 459 457 463
f 457 460 463
f 333 461 464
f 458 462 465
f 461 458 465
f 459 463 466
f 462 459 466
f 460 338 467
f 338 339 467
f 463 460 467
f 333 464 468
f 464 461 469
f 461 465 469
f 462 466 470
f 465 462 470
f 463 467 471
f 466 463 471
f 333 468 472
f 339 340 473
f 340 341 473
f 467 339 473
f 468 464 474
f 464 469 474
f 469 465 475
f 465 470 475
f 466 471 476
f 470 466 476
f 333 472 477
f 471 467 478
f 467 473 478
f 468 474 479
f 472 468 479
f 474 469 480
f 469 475 480
f 470 476 481
f 475 470 481
f 333 477 482
f 476 471 483
f 471 478 483
f 477 472 484
f 472 479 484
f 478 473 485
f 341 342 485
f 473 341 485
f 479 474 486
f 474 480 486
f 475 481 487
f 480 475 487
f 333 482 488
f 481 476 489
f 476 483 489
f 482 477 490
f 477 484 490
f 478 485 491
f 483 478 491
f 479 486 492
f 484 479 492
f 342 343 493
f 485 342 493
f 480 487 494
f 486 480 494
f 333 488 495
f 487 481 496
f 481 489 496
f 488 482 497
f 482 490 497
f 489 483 498
f 483 491 498
f 484 492 499
f 490 484 499
f 491 485 500
f 485 493 500
f 486 494 501
f 492 486 501
f 333 495 502
f 494 487 503
f 487 496 503
f 495 488 504
f 488 497 504
f 489 498 505
f 496 489 505
f 490 499 506
f 497 490 506
f 498 491 507
f 491 500 507
f 499 492 508
f 492 501 508
f 343 344 509
f 344 345 509
f 500 493 509
f 493 343 509
f 333 502 510
f 501 494 511
f 494 503 511
f 495 504 512
f 502 495 512
f 503 496 513
f 496 505 513
f 497 506 514
f 504 497 514
f 505 498 515
f 498 507 515
f 506 499 516
f 499 508 516
f 500 509 517
f 507 500 517
f 374 333 518
f 333 510 518
f 501 511 519
f 508 501 519
f 345 346 520
f 509 345 520
f 502 512 521
f 510 502 521
f 503 513 522
f 511 503 522
f 504 514 523
f 512 504 523
f 505 515 524
f 513 505 524
f 514 506 525
f 506 516 525
f 507 517 526
f 515 507 526
f 374 518 527
f 516 508 528
f 508 519 528
f 509 520 529
f 517 509 529
f 510 521 530
f 518 510 530
f 519 511 531
f 511 522 531
f 521 512 532
f 512 523 532
f 522 513 533
f 513 524 533
f 523 514 534
f 514 525 534
f 515 526 535
f 524 515 535
f 374 527 536
f 525 516 537
f 516 528 537
f 526 517 538
f 517 529 538
f 518 530 539
f 527 518 539
f 519 531 540
f 528 519 540
f 346 347 541
f 520 346 541
f 529 520 541
f 530 521 542
f 521 532 542
f 531 522 543
f 522 533 543
f 532 523 544
f 523 534 544
f 533 524 545
f 524 535 545
f 374 536 546
f 534 525 547
f 525 537 547
f 535 526 548
f 526 538 548
f 536 527 549
f 527 539 549
f 537 528 550
f 528 540 550
f 538 529 551
f 529 541 551
f 530 542 552
f 539 530 552
f 540 531 553
f 531 543 553
f 347 348 554
f 348 349 554
f 541 347 554
f 542 532 555
f 532 544 555
f 533 545 556
f 543 533 556
f 374 546 557
f 544 534 558
f 534 547 558
f 535 548 559
f 545 535 559
f 546 536 560
f 536 549 560
f 547 537 561
f 537 550 561
f 548 538 562
f 538 551 562
f 539 552 563
f 549 539 563
f 550 540 564
f 540 553 564
f 551 541 565
f 541 554 565
f 552 542 566
f 542 555 566
f 553 543 567
f 543 556 567
f 374 557 568
f 544 558 569
f 555 544 569
f 556 545 570
f 545 559 570
f 546 560 571
f 557 546 571
f 558 547 572
f 547 561 572
f 548 562 573
f 559 548 573
f 560 549 574
f 549 563 574
f 561 550 575
f 550 564 575
f 562 551 576
f 551 565 576
f 552 566 577
f 563 552 577
f 553 567 578
f 564 553 578
f 349 350 579
f 554 349 579
f 565 554 579
f 374 568 580
f 555 569 581
f 566 555 581
f 556 570 582
f 567 556 582
f 568 557 583
f 557 571 583
f 569 558 584
f 558 572 584
f 570 559 585
f 559 573 585
f 560 574 586
f 571 560 586
f 561 575 587
f 572 561 587
f 562 576 588
f 573 562 588
f 563 577 589
f 574 563 589
f 575 564 590
f 564 578 590
f 576 565 591
f 565 579 591
f 374 580 592
f 566 581 593
f 577 566 593
f 567 582 594
f 578 567 594
f 350 351 595
f 351 352 595
f 579 350 595
f 580 568 596
f 568 583 596
f 581 569 597
f 569 584 597
f 570 585 598
f 582 570 598
f 583 571 599
f 571 586 599
f 584 572 600
f 572 587 600
f 585 573 601
f 573 588 601
f 586 574 602
f 574 589 602
f 587 575 603
f 575 590 603
f 576 591 604
f 588 576 604
f 374 592 605
f 589 577 606
f 577 593 606
f 590 578 607
f 578 594 607
f 579 595 608
f 591 579 608
f 592 580 609
f 580 596 609
f 593 581 610
f 581 597 610
f 582 598 611
f 594 582 611
f 583 599 612
f 596 583 612
f 584 600 613
f 597 584 613
f 585 601 614
f 598 585 614
f 586 602 615
f 599 586 615
f 600 587 616
f 587 603 616
f 601 588 617
f 588 604 617
f 374 605 618
f 589 606 619
f 602 589 619
f 590 607 620
f 603 590 620
f 604 591 621
f 591 608 621
f 605 592 622
f 592 609 622
f 606 593 623
f 593 610 623
f 607 594 624
f 594 611 624
f 595 352 625
f 352 353 625
f 608 595 625
f 596 612 626
f 609 596 626
f 610 597 627
f 597 613 627
f 598 614 628
f 611 598 628
f 612 599 629
f 599 615 629
f 600 616 630
f 613 600 630
f 601 617 631
f 614 601 631
f 374 618 632
f 615 602 633
f 602 619 633
f 616 603 634
f 603 620 634
f 617 604 635
f 604 621 635
f 605 622 636
f 618 605 636
f 606 623 637
f 619 606 637
f 620 607 638
f 607 624 638
f 621 608 639
f 608 625 639
f 622 609 640
f 609 626 640
f 610 627 641
f 623 610 641
f 624 611 642
f 611 628 642
f 353 354 643
f 625 353 643
f 626 612 644
f 612 629 644
f 627 613 645
f 613 630 645
f 628 614 646
f 614 631 646
f 374 632 647
f 615 633 648
f 629 615 648
f 630 616 649
f 616 634 649
f 631 617 650
f 617 635 650
f 632 618 651
f 618 636 651
f 633 619 652
f 619 637 652
f 634 620 653
f 620 638 653
f 635 621 654
f 621 639 654
f 636 622 655
f 622 640 655
f 637 623 656
f 623 641 656
f 624 642 657
f 638 624 657
f 625 643 658
f 639 625 658
f 626 644 659
f 640 626 659
f 627 645 660
f 641 627 660
f 642 628 661
f 628 646 661
f 374 647 662
f 629 648 663
f 644 629 663
f 630 649 664
f 645 630 664
f 646 631 665
f 631 650 665
f 632 651 666
f 647 632 666
f 648 633 667
f 633 652 667
f 634 653 668
f 649 634 668
f 650 635 669
f 635 654 669
f 636 655 670
f 651 636 670
f 637 656 671
f 652 637 671
f 638 657 672
f 653 638 672
f 639 658 673
f 654 639 673
f 655 640 674
f 640 659 674
f 656 641 675
f 641 660 675
f 642 661 676
f 657 642 676
f 354 355 677
f 355 356 677
f 658 643 677
f 643 354 677
f 374 662 678
f 375 374 678
f 644 663 679
f 659 644 679
f 660 645 680
f 645 664 680
f 661 646 681
f 646 665 681
f 662 647 682
f 647 666 682
f 648 667 683
f 663 648 683
f 664 649 684
f 649 668 684
f 665 650 685
f 650 669 685
f 666 651 686
f 651 670 686
f 652 671 687
f 667 652 687
f 668 653 688
f 653 672 688
f 654 673 689
f 669 654 689
f 670 655 690
f 655 674 690
f 671 656 691
f 656 675 691
f 657 676 692
f 672 657 692
f 658 677 693
f 673 658 693
f 375 678 694
f 376 375 694
f 674 659 695
f 659 679 695
f 660 680 696
f 675 660 696
f 676 661 697
f 661 681 697
f 677 356 698
f 356 357 698
f 662 682 699
f 678 662 699
f 663 683 700
f 679 663 700
f 664 684 701
f 680 664 701
f 681 665 702
f 665 685 702
f 682 666 703
f 666 686 703
f 683 667 704
f 667 687 704
f 668 688 705
f 684 668 705
f 685 669 706
f 669 689 706
f 686 670 707
f 670 690 707
f 687 671 708
f 671 691 708
f 688 672 709
f 672 692 709
f 689 673 710
f 673 693 710
f 690 674 711
f 674 695 711
f 691 675 712
f 675 696 712
f 676 697 713
f 692 676 713
f 693 677 714
f 677 698 714
f 377 376 715
f 694 678 715
f 376 694 715
f 678 699 715
f 695 679 716
f 679 700 716
f 680 701 717
f 696 680 717
f 681 702 718
f 697 681 718
f 682 703 719
f 699 682 719
f 700 683 720
f 683 704 720
f 701 684 721
f 684 705 721
f 702 685 722
f 685 706 722
f 686 707 723
f 703 686 723
f 704 687 724
f 687 708 724
f 688 709 725
f 705 688 725
f 706 689 726
f 689 710 726
f 707 690 727
f 690 711 727
f 708 691 728
f 691 712 728
f 692 713 729
f 709 692 729
f 693 714 730
f 710 693 730
f 711 695 731
f 695 716 731
f 696 717 732
f 712 696 732
f 697 718 733
f 713 697 733
f 714 698 734
f 357 358 734
f 698 357 734
f 715 699 735
f 699 719 735
f 716 700 736
f 700 720 736
f 717 701 737
f 701 721 737
f 702 722 738
f 718 702 738
f 703 723 739
f 719 703 739
f 720 704 740
f 704 724 740
f 705 725 741
f 721 705 741
f 722 706 742
f 706 726 742
f 707 727 743
f 723 707 743
f 724 708 744
f 708 728 744
f 725 709 745
f 709 729 745
f 710 730 746
f 726 710 746
f 727 711 747
f 711 731 747
f 712 732 748
f 728 712 748
f 729 713 749
f 713 733 749
f 714 734 750
f 730 714 750
f 715 735 751
f 378 377 751
f 379 378 751
f 377 715 751
f 716 736 752
f 731 716 752
f 717 737 753
f 732 717 753
f 718 738 754
f 733 718 754
f 358 359 755
f 359 360 755
f 734 358 755
f 735 719 756
f 719 739 756
f 720 740 757
f 736 720 757
f 721 741 758
f 737 721 758
f 738 722 759
f 722 742 759
f 739 723 760
f 723 743 760
f 724 744 761
f 740 724 761
f 741 725 762
f 725 745 762
f 742 726 763
f 726 746 763
f 727 747 764
f 743 727 764
f 744 728 765
f 728 748 765
f 729 749 766
f 745 729 766
f 730 750 767
f 746 730 767
f 731 752 768
f 747 731 768
f 748 732 769
f 732 753 769
f 733 754 770
f 749 733 770
f 734 755 771
f 750 734 771
f 751 735 772
f 379 751 772
f 735 756 772
f 380 379 772
f 736 757 773
f 752 736 773
f 753 737 774
f 737 758 774
f 738 759 775
f 754 738 775
f 756 739 776
f 739 760 776
f 757 740 777
f 740 761 777
f 758 741 778
f 741 762 778
f 759 742 779
f 742 763 779
f 743 764 780
f 760 743 780
f 744 765 781
f 761 744 781
f 745 766 782
f 762 745 782
f 746 767 783
f 763 746 783
f 764 747 784
f 747 768 784
f 748 769 785
f 765 748 785
f 766 749 786
f 749 770 786
f 767 750 787
f 750 771 787
f 752 773 788
f 768 752 788
f 753 774 789
f 769 753 789
f 770 754 790
f 754 775 790
f 360 361 791
f 771 755 791
f 755 360 791
f 756 776 792
f 772 756 792
f 773 757 793
f 757 777 793
f 774 758 794
f 758 778 794
f 775 759 795
f 759 779 795
f 776 760 796
f 760 780 796
f 777 761 797
f 761 781 797
f 778 762 798
f 762 782 798
f 763 783 799
f 779 763 799
f 764 784 800
f 780 764 800
f 765 785 801
f 781 765 801
f 766 786 802
f 782 766 802
f 783 767 803
f 767 787 803
f 768 788 804
f 784 768 804
f 785 769 805
f 769 789 805
f 786 770 806
f 770 790 806
f 771 791 807
f 787 771 807
f 772 792 808
f 381 380 808
f 382 381 808
f 380 772 808
f 773 793 809
f 788 773 809
f 774 794 810
f 789 774 810
f 775 795 811
f 790 775 811
f 361 362 812
f 362 363 812
f 791 361 812
f 776 796 813
f 792 776 813
f 777 797 814
f 793 777 814
f 778 798 815
f 794 778 815
f 779 799 816
f 795 779 816
f 796 780 817
f 780 800 817
f 797 781 818
f 781 801 818
f 798 782 819
f 782 802 819
f 783 803 820
f 799 783 820
f 800 784 821
f 784 804 821
f 785 805 822
f 801 785 822
f 786 806 823
f 802 786 823
f 803 787 824
f 787 807 824
f 804 788 825
f 788 809 825
f 805 789 826
f 789 810 826
f 806 790 827
f 790 811 827
f 791 812 828
f 807 791 828
f 792 813 829
f 808 792 829
f 383 382 829
f 382 808 829
f 809 793 830
f 793 814 830
f 810 794 831
f 794 815 831
f 811 795 832
f 795 816 832
f 813 796 833
f 796 817 833
f 797 818 834
f 814 797 834
f 815 798 835
f 798 819 835
f 799 820 836
f 816 799 836
f 817 800 837
f 800 821 837
f 818 801 838
f 801 822 838
f 819 802 839
f 802 823 839
f 803 824 840
f 820 803 840
f 821 804 841
f 804 825 841
f 822 805 842
f 805 826 842
f 806 827 843
f 823 806 843
f 807 828 844
f 824 807 844
f 809 830 845
f 825 809 845
f 810 831 846
f 826 810 846
f 827 811 847
f 811 832 847
f 812 363 848
f 363 364 848
f 828 812 848
f 829 813 849
f 813 833 849
f 830 814 850
f 814 834 850
f 831 815 851
f 815 835 851
f 816 836 852
f 832 816 852
f 833 817 853
f 817 837 853
f 834 818 854
f 818 838 854
f 819 839 855
f 835 819 855
f 820 840 856
f 836 820 856
f 821 841 857
f 837 821 857
f 838 822 858
f 822 842 858
f 839 823 859
f 823 843 859
f 840 824 860
f 824 844 860
f 825 845 861
f 841 825 861
f 826 846 862
f 842 826 862
f 843 827 863
f 827 847 863
f 844 828 864
f 828 848 864
f 829 849 865
f 384 383 865
f 383 829 865
f 845 830 866
f 830 850 866
f 831 851 867
f 846 831 867
f 847 832 868
f 832 852 868
f 848 364 869
f 364 365 869
f 849 833 870
f 833 853 870
f 834 854 871
f 850 834 871
f 835 855 872
f 851 835 872
f 852 836 873
f 836 856 873
f 853 837 874
f 837 857 874
f 838 858 875
f 854 838 875
f 855 839 876
f 839 859 876
f 856 840 877
f 840 860 877
f 841 861 878
f 857 841 878
f 858 842 879
f 842 862 879
f 859 843 880
f 843 863 880
f 860 844 881
f 844 864 881
f 845 866 882
f 861 845 882
f 862 846 883
f 846 867 883
f 863 847 884
f 847 868 884
f 848 869 885
f 864 848 885
f 849 870 886
f 385 384 886
f 386 385 886
f 384 865 886
f 865 849 886
f 850 871 887
f 866 850 887
f 867 851 888
f 851 872 888
f 868 852 889
f 852 873 889
f 853 874 890
f 870 853 890
f 854 875 891
f 871 854 891
f 855 876 892
f 872 855 892
f 856 877 893
f 873 856 893
f 874 857 894
f 857 878 894
f 875 858 895
f 858 879 895
f 859 880 896
f 876 859 896
f 860 881 897
f 877 860 897
f 878 861 898
f 861 882 898
f 879 862 899
f 862 883 899
f 880 863 900
f 863 884 900
f 864 885 901
f 881 864 901
f 866 887 902
f 882 866 902
f 867 888 903
f 883 867 903
f 868 889 904
f 884 868 904
f 365 366 905
f 366 367 905
f 885 869 905
f 869 365 905
f 886 870 906
f 870 890 906
f 871 891 907
f 887 871 907
f 872 892 908
f 888 872 908
f 873 893 909
f 889 873 909
f 890 874 910
f 874 894 910
f 875 895 911
f 891 875 911
f 876 896 912
f 892 876 912
f 893 877 913
f 877 897 913
f 894 878 914
f 878 898 914
f 895 879 915
f 879 899 915
f 880 900 916
f 896 880 916
f 897 881 917
f 881 901 917
f 898 882 918
f 882 902 918
f 899 883 919
f 883 903 919
f 884 904 920
f 900 884 920
f 885 905 921
f 901 885 921
f 386 886 922
f 886 906 922
f 387 386 922
f 902 887 923
f 887 907 923
f 903 888 924
f 888 908 924
f 904 889 925
f 889 909 925
f 367 368 926
f 905 367 926
f 906 890 927
f 890 910 927
f 907 891 928
f 891 911 928
f 892 912 929
f 908 892 929
f 893 913 930
f 909 893 930
f 910 894 931
f 894 914 931
f 911 895 932
f 895 915 932
f 912 896 933
f 896 916 933
f 897 917 934
f 913 897 934
f 914 898 935
f 898 918 935
f 899 919 936
f 915 899 936
f 916 900 937
f 900 920 937
f 917 901 938
f 901 921 938
f 902 923 939
f 918 902 939
f 903 924 940
f 919 903 940
f 904 925 941
f 920 904 941
f 905 926 942
f 921 905 942
f 922 906 943
f 387 922 943
f 906 927 943
f 388 387 943
f 907 928 944
f 923 907 944
f 908 929 945
f 924 908 945
f 909 930 946
f 925 909 946
f 910 931 947
f 927 910 947
f 928 911 948
f 911 932 948
f 929 912 949
f 912 933 949
f 930 913 950
f 913 934 950
f 914 935 951
f 931 914 951
f 915 936 952
f 932 915 952
f 933 916 953
f 916 937 953
f 917 938 954
f 934 917 954
f 918 939 955
f 935 918 955
f 919 940 956
f 936 919 956
f 920 941 957
f 937 920 957
f 921 942 958
f 938 921 958
f 939 923 959
f 923 944 959
f 940 924 960
f 924 945 960
f 941 925 961
f 925 946 961
f 368 369 962
f 369 370 962
f 942 926 962
f 926 368 962
f 927 947 963
f 943 927 963
f 928 948 964
f 944 928 964
f 945 929 965
f 929 949 965
f 946 930 966
f 930 950 966
f 947 931 967
f 931 951 967
f 932 952 968
f 948 932 968
f 949 933 969
f 933 953 969
f 950 934 970
f 934 954 970
f 935 955 971
f 951 935 971
f 936 956 972
f 952 936 972
f 937 957 973
f 953 937 973
f 954 938 974
f 938 958 974
f 955 939 975
f 939 959 975
f 956 940 976
f 940 960 976
f 941 961 977
f 957 941 977
f 942 962 978
f 958 942 978
f 943 963 979
f 389 388 979
f 390 389 979
f 388 943 979
f 944 964 980
f 959 944 980
f 960 945 981
f 945 965 981
f 946 966 982
f 961 946 982
f 962 370 983
f 370 371 983
f 947 967 984
f 963 947 984
f 948 968 985
f 964 948 985
f 965 949 986
f 949 969 986
f 966 950 987
f 950 970 987
f 967 951 988
f 951 971 988
f 952 972 989
f 968 952 989
f 969 953 990
f 953 973 990
f 954 974 991
f 970 954 991
f 955 975 992
f 971 955 992
f 972 956 993
f 956 976 993
f 973 957 994
f 957 977 994
f 974 958 995
f 958 978 995
f 975 959 996
f 959 980 996
f 976 960 997
f 960 981 997
f 961 982 998
f 977 961 998
f 962 983 999
f 978 962 999
f 963 984 1000
f 390 979 1000
f 391 390 1000
f 979 963 1000
f 980 964 1001
f 964 985 1001
f 965 986 1002
f 981 965 1002
f 966 987 1003
f 982 966 1003
f 984 967 1004
f 967 988 1004
f 968 989 1005
f 985 968 1005
f 986 969 1006
f 969 990 1006
f 987 970 1007
f 970 991 1007
f 988 971 1008
f 971 992 1008
f 972 993 1009
f 989 972 1009
f 990 973 1010
f 973 994 1010
f 974 995 1011
f 991 974 1011
f 975 996 1012
f 992 975 1012
f 976 997 1013
f 993 976 1013
f 977 998 1014
f 994 977 1014
f 978 999 1015
f 995 978 1015
f 980 1001 1016
f 996 980 1016
f 997 981 1017
f 981 1002 1017
f 998 982 1018
f 982 1003 1018
f 371 372 1019
f 372 415 1019
f 983 371 1019
f 415 416 1019
f 999 983 1019
f 1000 984 1020
f 984 1004 1020
f 1001 985 1021
f 985 1005 1021
f 986 1006 1022
f 1002 986 1022
f 1003 987 1023
f 987 1007 1023
f 988 1008 1024
f 1004 988 1024
f 1005 989 1025
f 989 1009 1025
f 1006 990 1026
f 990 1010 1026
f 1007 991 1027
f 991 1011 1027
f 992 1012 1028
f 1008 992 1028
f 993 1013 1029
f 1009 993 1029
f 1010 994 1030
f 994 1014 1030
f 995 1015 1031
f 1011 995 1031
f 996 1016 1032
f 1012 996 1032
f 997 1017 1033
f 1013 997 1033
f 998 1018 1034
f 1014 998 1034
f 1019 416 1035
f 1015 999 1035
f 999 1019 1035
f 416 417 1035
f 392 391 1036
f 393 392 1036
f 391 1000 1036
f 1000 1020 1036
f 1001 1021 1037
f 1016 1001 1037
f 1017 1002 1038
f 1002 1022 1038
f 1018 1003 1039
f 1003 1023 1039
f 1020 1004 1040
f 1004 1024 1040
f 1021 1005 1041
f 1005 1025 1041
f 1022 1006 1042
f 1006 1026 1042
f 1023 1007 1043
f 1007 1027 1043
f 1008 1028 1044
f 1024 1008 1044
f 1025 1009 1045
f 1009 1029 1045
f 1010 1030 1046
f 1026 1010 1046
f 1011 1031 1047
f 1027 1011 1047
f 1012 1032 1048
f 1028 1012 1048
f 1029 1013 1049
f 1013 1033 1049
f 1014 1034 1050
f 1030 1014 1050
f 1015 1035 1051
f 1031 1015 1051
f 1035 417 1051
f 417 418 1051
f 418 419 1051
f 1032 1016 1052
f 1016 1037 1052
f 1033 1017 1053
f 1017 1038 1053
f 1034 1018 1054
f 1018 1039 1054
f 1036 1020 1055
f 394 393 1055
f 393 1036 1055
f 1020 1040 1055
f 1037 1021 1056
f 1021 1041 1056
f 1038 1022 1057
f 1022 1042 1057
f 1023 1043 1058
f 1039 1023 1058
f 1040 1024 1059
f 1024 1044 1059
f 1025 1045 1060
f 1041 1025 1060
f 1026 1046 1061
f 1042 1026 1061
f 1027 1047 1062
f 1043 1027 1062
f 1028 1048 1063
f 1044 1028 1063
f 1045 1029 1064
f 1029 1049 1064
f 1046 1030 1065
f 1030 1050 1065
f 1051 419 1066
f 1047 1031 1066
f 1031 1051 1066
f 419 420 1066
f 1048 1032 1067
f 1032 1052 1067
f 1049 1033 1068
f 1033 1053 1068
f 1050 1034 1069
f 1034 1054 1069
f 1037 1056 1070
f 1052 1037 1070
f 1053 1038 1071
f 1038 1057 1071
f 1054 1039 1072
f 1039 1058 1072
f 1055 1040 1073
f 1040 1059 1073
f 1041 1060 1074
f 1056 1041 1074
f 1057 1042 1075
f 1042 1061 1075
f 1058 1043 1076
f 1043 1062 1076
f 1044 1063 1077
f 1059 1044 1077
f 1045 1064 1078
f 1060 1045 1078
f 1046 1065 1079
f 1061 1046 1079
f 1062 1047 1080
f 1047 1066 1080
f 1066 420 1080
f 420 421 1080
f 421 422 1080
f 1048 1067 1081
f 1063 1048 1081
f 1064 1049 1082
f 1049 1068 1082
f 1050 1069 1083
f 1065 1050 1083
f 1067 1052 1084
f 1052 1070 1084
f 1068 1053 1085
f 1053 1071 1085
f 1069 1054 1086
f 1054 1072 1086
f 394 1055 1087
f 1055 1073 1087
f 395 394 1087
f 1056 1074 1088
f 1070 1056 1088
f 1071 1057 1089
f 1057 1075 1089
f 1058 1076 1090
f 1072 1058 1090
f 1073 1059 1091
f 1059 1077 1091
f 1060 1078 1092
f 1074 1060 1092
f 1061 1079 1093
f 1075 1061 1093
f 1062 1080 1094
f 1076 1062 1094
f 422 423 1094
f 1080 422 1094
f 1077 1063 1095
f 1063 1081 1095
f 1078 1064 1096
f 1064 1082 1096
f 1079 1065 1097
f 1065 1083 1097
f 1067 1084 1098
f 1081 1067 1098
f 1068 1085 1099
f 1082 1068 1099
f 1083 1069 1100
f 1069 1086 1100
f 1084 1070 1101
f 1070 1088 1101
f 1085 1071 1102
f 1071 1089 1102
f 1086 1072 1103
f 1072 1090 1103
f 1087 1073 1104
f 395 1087 1104
f 1073 1091 1104
f 396 395 1104
f 397 396 1104
f 1074 1092 1105
f 1088 1074 1105
f 1089 1075 1106
f 1075 1093 1106
f 1076 1094 1107
f 1090 1076 1107
f 1094 423 1107
f 423 424 1107
f 1091 1077 1108
f 1077 1095 1108
f 1078 1096 1109
f 1092 1078 1109
f 1093 1079 1110
f 1079 1097 1110
f 1081 1098 1111
f 1095 1081 1111
f 1096 1082 1112
f 1082 1099 1112
f 1097 1083 1113
f 1083 1100 1113
f 1098 1084 1114
f 1084 1101 1114
f 1099 1085 1115
f 1085 1102 1115
f 1086 1103 1116
f 1100 1086 1116
f 1088 1105 1117
f 1101 1088 1117
f 1102 1089 1118
f 1089 1106 1118
f 1103 1090 1119
f 1090 1107 1119
f 1107 424 1119
f 424 425 1119
f 425 426 1119
f 1091 1108 1120
f 1104 1091 1120
f 1105 1092 1121
f 1092 1109 1121
f 1093 1110 1122
f 1106 1093 1122
f 1108 1095 1123
f 1095 1111 1123
f 1096 1112 1124
f 1109 1096 1124
f 1097 1113 1125
f 1110 1097 1125
f 1111 1098 1126
f 1098 1114 1126
f 1099 1115 1127
f 1112 1099 1127
f 1100 1116 1128
f 1113 1100 1128
f 1114 1101 1129
f 1101 1117 1129
f 1115 1102 1130
f 1102 1118 1130
f 1119 426 1131
f 1116 1103 1131
f 1103 1119 1131
f 426 427 1131
f 1104 1120 1132
f 398 397 1132
f 397 1104 1132
f 1117 1105 1133
f 1105 1121 1133
f 1118 1106 1134
f 1106 1122 1134
f 1108 1123 1135
f 1120 1108 1135
f 1121 1109 1136
f 1109 1124 1136
f 1122 1110 1137
f 1110 1125 1137
f 1123 1111 1138
f 1111 1126 1138
f 1112 1127 1139
f 1124 1112 1139
f 1113 1128 1140
f 1125 1113 1140
f 1114 1129 1141
f 1126 1114 1141
f 1127 1115 1142
f 1115 1130 1142
f 1116 1131 1143
f 1131 427 1143
f 427 428 1143
f 1128 1116 1143
f 1117 1133 1144
f 1129 1117 1144
f 1118 1134 1145
f 1130 1118 1145
f 398 1132 1146
f 1120 1135 1146
f 1132 1120 1146
f 399 398 1146
f 1121 1136 1147
f 1133 1121 1147
f 1134 1122 1148
f 1122 1137 1148
f 1123 1138 1149
f 1135 1123 1149
f 1124 1139 1150
f 1136 1124 1150
f 1125 1140 1151
f 1137 1125 1151
f 1126 1141 1152
f 1138 1126 1152
f 1127 1142 1153
f 1139 1127 1153
f 1140 1128 1154
f 1128 1143 1154
f 1143 428 1154
f 428 429 1154
f 429 430 1154
f 1129 1144 1155
f 1141 1129 1155
f 1142 1130 1156
f 1130 1145 1156
f 1144 1133 1157
f 1133 1147 1157
f 1145 1134 1158
f 1134 1148 1158
f 1146 1135 1159
f 1135 1149 1159
f 1136 1150 1160
f 1147 1136 1160
f 1137 1151 1161
f 1148 1137 1161
f 1138 1152 1162
f 1149 1138 1162
f 1150 1139 1163
f 1139 1153 1163
f 1154 430 1164
f 1151 1140 1164
f 1140 1154 1164
f 430 431 1164
f 1152 1141 1165
f 1141 1155 1165
f 1153 1142 1166
f 1142 1156 1166
f 1144 1157 1167
f 1155 1144 1167
f 1145 1158 1168
f 1156 1145 1168
f 1146 1159 1169
f 400 399 1169
f 401 400 1169
f 399 1146 1169
f 1157 1147 1170
f 1147 1160 1170
f 1148 1161 1171
f 1158 1148 1171
f 1159 1149 1172
f 1149 1162 1172
f 1160 1150 1173
f 1150 1163 1173
f 1151 1164 1174
f 1164 431 1174
f 1161 1151 1174
f 431 432 1174
f 432 433 1174
f 1152 1165 1175
f 1162 1152 1175
f 1153 1166 1176
f 1163 1153 1176
f 1155 1167 1177
f 1165 1155 1177
f 1166 1156 1178
f 1156 1168 1178
f 1167 1157 1179
f 1157 1170 1179
f 1158 1171 1180
f 1168 1158 1180
f 1159 1172 1181
f 401 1169 1181
f 1169 1159 1181
f 402 401 1181
f 1170 1160 1182
f 1160 1173 1182
f 433 434 1183
f 1174 433 1183
f 1171 1161 1183
f 1161 1174 1183
f 1172 1162 1184
f 1162 1175 1184
f 1173 1163 1185
f 1163 1176 1185
f 1175 1165 1186
f 1165 1177 1186
f 1176 1166 1187
f 1166 1178 1187
f 1177 1167 1188
f 1167 1179 1188
f 1178 1168 1189
f 1168 1180 1189
f 1170 1182 1190
f 1179 1170 1190
f 434 435 1191
f 1171 1183 1191
f 1183 434 1191
f 1180 1171 1191
f 1172 1184 1192
f 1181 1172 1192
f 1173 1185 1193
f 1182 1173 1193
f 1184 1175 1194
f 1175 1186 1194
f 1185 1176 1195
f 1176 1187 1195
f 1177 1188 1196
f 1186 1177 1196
f 1187 1178 1197
f 1178 1189 1197
f 1179 1190 1198
f 1188 1179 1198
f 435 436 1199
f 436 437 1199
f 1189 1180 1199
f 1180 1191 1199
f 1191 435 1199
f 1181 1192 1200
f 403 402 1200
f 404 403 1200
f 402 1181 1200
f 1182 1193 1201
f 1190 1182 1201
f 1192 1184 1202
f 1184 1194 1202
f 1185 1195 1203
f 1193 1185 1203
f 1194 1186 1204
f 1186 1196 1204
f 1195 1187 1205
f 1187 1197 1205
f 1196 1188 1206
f 1188 1198 1206
f 437 438 1207
f 1199 437 1207
f 1197 1189 1207
f 1189 1199 1207
f 1190 1201 1208
f 1198 1190 1208
f 1200 1192 1209
f 1192 1202 1209
f 405 404 1209
f 404 1200 1209
f 1201 1193 1210
f 1193 1203 1210
f 1202 1194 1211
f 1194 1204 1211
f 1203 1195 1212
f 1195 1205 1212
f 1204 1196 1213
f 1196 1206 1213
f 438 439 1214
f 439 440 1214
f 1205 1197 1214
f 1197 1207 1214
f 1207 438 1214
f 1198 1208 1215
f 1206 1198 1215
f 1208 1201 1216
f 1201 1210 1216
f 1209 1202 1217
f 1202 1211 1217
f 1210 1203 1218
f 1203 1212 1218
f 1204 1213 1219
f 1211 1204 1219
f 440 441 1220
f 1214 440 1220
f 1212 1205 1220
f 1205 1214 1220
f 1213 1206 1221
f 1206 1215 1221
f 1215 1208 1222
f 1208 1216 1222
f 406 405 1223
f 405 1209 1223
f 1209 1217 1223
f 1216 1210 1224
f 1210 1218 1224
f 1217 1211 1225
f 1211 1219 1225
f 441 442 1226
f 1218 1212 1226
f 1220 441 1226
f 1212 1220 1226
f 1213 1221 1227
f 1219 1213 1227
f 1215 1222 1228
f 1221 1215 1228
f 1216 1224 1229
f 1222 1216 1229
f 1217 1225 1230
f 406 1223 1230
f 1223 1217 1230
f 407 406 1230
f 408 407 1230
f 442 443 1231
f 443 444 1231
f 1224 1218 1231
f 1218 1226 1231
f 1226 442 1231
f 1219 1227 1232
f 1225 1219 1232
f 1221 1228 1233
f 1227 1221 1233
f 1228 1222 1234
f 1222 1229 1234
f 444 445 1235
f 1231 444 1235
f 1224 1231 1235
f 1229 1224 1235
f 1225 1232 1236
f 1230 1225 1236
f 1232 1227 1237
f 1227 1233 1237
f 1228 1234 1238
f 1233 1228 1238
f 445 446 1239
f 1234 1229 1239
f 1235 445 1239
f 1229 1235 1239
f 408 1230 1240
f 1230 1236 1240
f 409 408 1240
f 1236 1232 1241
f 1232 1237 1241
f 1237 1233 1242
f 1233 1238 1242
f 446 447 1243
f 447 448 1243
f 1239 446 1243
f 1238 1234 1243
f 1234 1239 1243
f 1236 1241 1244
f 1240 1236 1244
f 409 1240 1244
f 410 409 1244
f 411 410 1244
f 1237 1242 1245
f 1241 1237 1245
f 448 449 1246
f 1242 1238 1246
f 1243 448 1246
f 1238 1243 1246
f 1241 1245 1247
f 1244 1241 1247
f 449 450 1248
f 450 451 1248
f 1246 449 1248
f 1245 1242 1248
f 1242 1246 1248
f 412 411 1249
f 411 1244 1249
f 1244 1247 1249
f 451 452 1250
f 1245 1248 1250
f 1247 1245 1250
f 1248 451 1250
f 1249 1247 1251
f 1247 1250 1251
f 452 453 1251
f 453 413 1251
f 413 412 1251
f 1250 452 1251
f 412 1249 1251
f 1292 1291 1334
f 1372 1332 1333
f 1254 1253 1373
f 1253 1252 1374
f 1373 1253 1374
f 1374 1252 1375
f 1255 1254 1376
f 1254 1373 1376
f 1373 1374 1376
f 1375 1252 1377
f 1374 1375 1378
f 1376 1374 1378
f 1256 1255 1379
f 1257 1256 1379
f 1255 1376 1379
f 1377 1252 1380
f 1375 1377 1381
f 1378 1375 1381
f 1376 1378 1382
f 1379 1376 1382
f 1380 1252 1383
f 1381 1377 1384
f 1377 1380 1384
f 1382 1378 1385
f 1378 1381 1385
f 1257 1379 1386
f 1258 1257 1386
f 1379 1382 1386
f 1383 1252 1387
f 1380 1383 1388
f 1384 1380 1388
f 1385 1381 1389
f 1381 1384 1389
f 1386 1382 1390
f 1382 1385 1390
f 1387 1252 1391
f 1259 1258 1392
f 1260 1259 1392
f 1258 1386 1392
f 1383 1387 1393
f 1388 1383 1393
f 1384 1388 1394
f 1389 1384 1394
f 1390 1385 1395
f 1385 1389 1395
f 1391 1252 1396
f 1386 1390 1397
f 1392 1386 1397
f 1393 1387 1398
f 1387 1391 1398
f 1388 1393 1399
f 1394 1388 1399
f 1395 1389 1400
f 1389 1394 1400
f 1396 1252 1401
f 1390 1395 1402
f 1397 1390 1402
f 1391 1396 1403
f 1398 1391 1403
f 1392 1397 1404
f 1261 1260 1404
f 1260 1392 1404
f 1393 1398 1405
f 1399 1393 1405
f 1400 1394 1406
f 1394 1399 1406
f 1401 1252 1407
f 1395 1400 1408
f 1402 1395 1408
f 1396 1401 1409
f 1403 1396 1409
f 1404 1397 1410
f 1397 1402 1410
f 1405 1398 1411
f 1398 1403 1411
f 1262 1261 1412
f 1261 1404 1412
f 1406 1399 1413
f 1399 1405 1413
f 1407 1252 1414
f 1400 1406 1415
f 1408 1400 1415
f 1401 1407 1416
f 1409 1401 1416
f 1402 1408 1417
f 1410 1402 1417
f 1411 1403 1418
f 1403 1409 1418
f 1404 1410 1419
f 1412 1404 1419
f 1413 1405 1420
f 1405 1411 1420
f 1414 1252 1421
f 1406 1413 1422
f 1415 1406 1422
f 1407 1414 1423
f 1416 1407 1423
f 1417 1408 1424
f 1408 1415 1424
f 1418 1409 1425
f 1409 1416 1425
f 1410 1417 1426
f 1419 1410 1426
f 1411 1418 1427
f 1420 1411 1427
f 1263 1262 1428
f 1264 1263 1428
f 1412 1419 1428
f 1262 1412 1428
f 1421 1252 1429
f 1413 1420 1430
f 1422 1413 1430
f 1423 1414 1431
f 1414 1421 1431
f 1415 1422 1432
f 1424 1415 1432
f 1425 1416 1433
f 1416 1423 1433
f 1417 1424 1434
f 1426 1417 1434
f 1418 1425 1435
f 1427 1418 1435
f 1428 1419 1436
f 1419 1426 1436
f 1252 1293 1437
f 1429 1252 1437
f 1430 1420 1438
f 1420 1427 1438
f 1265 1264 1439
f 1264 1428 1439
f 1431 1421 1440
f 1421 1429 1440
f 1432 1422 1441
f 1422 1430 1441
f 1433 1423 1442
f 1423 1431 1442
f 1434 1424 1443
f 1424 1432 1443
f 1425 1433 1444
f 1435 1425 1444
f 1436 1426 1445
f 1426 1434 1445
f 1437 1293 1446
f 1427 1435 1447
f 1438 1427 1447
f 1439 1428 1448
f 1428 1436 1448
f 1440 1429 1449
f 1429 1437 1449
f 1430 1438 1450
f 1441 1430 1450
f 1431 1440 1451
f 1442 1431 1451
f 1432 1441 1452
f 1443 1432 1452
f 1433 1442 1453
f 1444 1433 1453
f 1445 1434 1454
f 1434 1443 1454
f 1446 1293 1455
f 1435 1444 1456
f 1447 1435 1456
f 1436 1445 1457
f 1448 1436 1457
f 1449 1437 1458
f 1437 1446 1458
f 1450 1438 1459
f 1438 1447 1459
f 1266 1265 1460
f 1265 1439 1460
f 1439 1448 1460
f 1440 1449 1461
f 1451 1440 1461
f 1441 1450 1462
f 1452 1441 1462
f 1442 1451 1463
f 1453 1442 1463
f 1443 1452 1464
f 1454 1443 1464
f 1455 1293 1465
f 1444 1453 1466
f 1456 1444 1466
f 1445 1454 1467
f 1457 1445 1467
f 1446 1455 1468
f 1458 1446 1468
f 1447 1456 1469
f 1459 1447 1469
f 1448 1457 1470
f 1460 1448 1470
f 1461 1449 1471
f 1449 1458 1471
f 1450 1459 1472
f 1462 1450 1472
f 1267 1266 1473
f 1268 1267 1473
f 1266 1460 1473
f 1451 1461 1474
f 1463 1451 1474
f 1464 1452 1475
f 1452 1462 1475
f 1465 1293 1476
f 1453 1463 1477
f 1466 1453 1477
f 1467 1454 1478
f 1454 1464 1478
f 1455 1465 1479
f 1468 1455 1479
f 1456 1466 1480
f 1469 1456 1480
f 1457 1467 1481
f 1470 1457 1481
f 1471 1458 1482
f 1458 1468 1482
f 1459 1469 1483
f 1472 1459 1483
f 1460 1470 1484
f 1473 1460 1484
f 1461 1471 1485
f 1474 1461 1485
f 1462 1472 1486
f 1475 1462 1486
f 1476 1293 1487
f 1477 1463 1488
f 1463 1474 1488
f 1464 1475 1489
f 1478 1464 1489
f 1479 1465 1490
f 1465 1476 1490
f 1466 1477 1491
f 1480 1466 1491
f 1481 1467 1492
f 1467 1478 1492
f 1468 1479 1493
f 1482 1468 1493
f 1469 1480 1494
f 1483 1469 1494
f 1470 1481 1495
f 1484 1470 1495
f 1485 1471 1496
f 1471 1482 1496
f 1486 1472 1497
f 1472 1483 1497
f 1269 1268 1498
f 1268 1473 1498
f 1473 1484 1498
f 1487 1293 1499
f 1488 1474 1500
f 1474 1485 1500
f 1489 1475 1501
f 1475 1486 1501
f 1476 1487 1502
f 1490 1476 1502
f 1477 1488 1503
f 1491 1477 1503
f 1478 1489 1504
f 1492 1478 1504
f 1493 1479 1505
f 1479 1490 1505
f 1494 1480 1506
f 1480 1491 1506
f 1495 1481 1507
f 1481 1492 1507
f 1496 1482 1508
f 1482 1493 1508
f 1483 1494 1509
f 1497 1483 1509
f 1484 1495 1510
f 1498 1484 1510
f 1499 1293 1511
f 1500 1485 1512
f 1485 1496 1512
f 1501 1486 1513
f 1486 1497 1513
f 1270 1269 1514
f 1271 1270 1514
f 1269 1498 1514
f 1487 1499 1515
f 1502 1487 1515
f 1488 1500 1516
f 1503 1488 1516
f 1504 1489 1517
f 1489 1501 1517
f 1490 1502 1518
f 1505 1490 1518
f 1491 1503 1519
f 1506 1491 1519
f 1492 1504 1520
f 1507 1492 1520
f 1493 1505 1521
f 1508 1493 1521
f 1494 1506 1522
f 1509 1494 1522
f 1510 1495 1523
f 1495 1507 1523
f 1511 1293 1524
f 1496 1508 1525
f 1512 1496 1525
f 1497 1509 1526
f 1513 1497 1526
f 1514 1498 1527
f 1498 1510 1527
f 1499 1511 1528
f 1515 1499 1528
f 1500 1512 1529
f 1516 1500 1529
f 1517 1501 1530
f 1501 1513 1530
f 1518 1502 1531
f 1502 1515 1531
f 1519 1503 1532
f 1503 1516 1532
f 1520 1504 1533
f 1504 1517 1533
f 1521 1505 1534
f 1505 1518 1534
f 1506 1519 1535
f 1522 1506 1535
f 1507 1520 1536
f 1523 1507 1536
f 1524 1293 1537
f 1525 1508 1538
f 1508 1521 1538
f 1526 1509 1539
f 1509 1522 1539
f 1510 1523 1540
f 1527 1510 1540
f 1511 1524 1541
f 1528 1511 1541
f 1512 1525 1542
f 1529 1512 1542
f 1513 1526 1543
f 1530 1513 1543
f 1271 1514 1544
f 1272 1271 1544
f 1514 1527 1544
f 1531 1515 1545
f 1515 1528 1545
f 1516 1529 1546
f 1532 1516 1546
f 1533 1517 1547
f 1517 1530 1547
f 1518 1531 1548
f 1534 1518 1548
f 1535 1519 1549
f 1519 1532 1549
f 1536 1520 1550
f 1520 1533 1550
f 1537 1293 1551
f 1521 1534 1552
f 1538 1521 1552
f 1522 1535 1553
f 1539 1522 1553
f 1523 1536 1554
f 1540 1523 1554
f 1541 1524 1555
f 1524 1537 1555
f 1542 1525 1556
f 1525 1538 1556
f 1526 1539 1557
f 1543 1526 1557
f 1527 1540 1558
f 1544 1527 1558
f 1528 1541 1559
f 1545 1528 1559
f 1546 1529 1560
f 1529 1542 1560
f 1530 1543 1561
f 1547 1530 1561
f 1273 1272 1562
f 1272 1544 1562
f 1531 1545 1563
f 1548 1531 1563
f 1532 1546 1564
f 1549 1532 1564
f 1533 1547 1565
f 1550 1533 1565
f 1551 1293 1566
f 1552 1534 1567
f 1534 1548 1567
f 1535 1549 1568
f 1553 1535 1568
f 1536 1550 1569
f 1554 1536 1569
f 1537 1551 1570
f 1555 1537 1570
f 1538 1552 1571
f 1556 1538 1571
f 1539 1553 1572
f 1557 1539 1572
f 1540 1554 1573
f 1558 1540 1573
f 1541 1555 1574
f 1559 1541 1574
f 1542 1556 1575
f 1560 1542 1575
f 1561 1543 1576
f 1543 1557 1576
f 1562 1544 1577
f 1544 1558 1577
f 1563 1545 1578
f 1545 1559 1578
f 1564 1546 1579
f 1546 1560 1579
f 1547 1561 1580
f 1565 1547 1580
f 1566 1293 1581
f 1567 1548 1582
f 1548 1563 1582
f 1568 1549 1583
f 1549 1564 1583
f 1550 1565 1584
f 1569 1550 1584
f 1570 1551 1585
f 1551 1566 1585
f 1552 1567 1586
f 1571 1552 1586
f 1572 1553 1587
f 1553 1568 1587
f 1554 1569 1588
f 1573 1554 1588
f 1574 1555 1589
f 1555 1570 1589
f 1575 1556 1590
f 1556 1571 1590
f 1576 1557 1591
f 1557 1572 1591
f 1577 1558 1592
f 1558 1573 1592
f 1559 1574 1593
f 1578 1559 1593
f 1560 1575 1594
f 1579 1560 1594
f 1580 1561 1595
f 1561 1576 1595
f 1274 1273 1596
f 1275 1274 1596
f 1562 1577 1596
f 1273 1562 1596
f 1581 1293 1597
f 1293 1294 1597
f 1582 1563 1598
f 1563 1578 1598
f 1564 1579 1599
f 1583 1564 1599
f 1565 1580 1600
f 1584 1565 1600
f 1566 1581 1601
f 1585 1566 1601
f 1586 1567 1602
f 1567 1582 1602
f 1568 1583 1603
f 1587 1568 1603
f 1569 1584 1604
f 1588 1569 1604
f 1570 1585 1605
f 1589 1570 1605
f 1590 1571 1606
f 1571 1586 1606
f 1572 1587 1607
f 1591 1572 1607
f 1592 1573 1608
f 1573 1588 1608
f 1574 1589 1609
f 1593 1574 1609
f 1575 1590 1610
f 1594 1575 1610
f 1595 1576 1611
f 1576 1591 1611
f 1596 1577 1612
f 1577 1592 1612
f 1597 1294 1613
f 1294 1295 1613
f 1578 1593 1614
f 1598 1578 1614
f 1599 1579 1615
f 1579 1594 1615
f 1580 1595 1616
f 1600 1580 1616
f 1275 1596 1617
f 1276 1275 1617
f 1601 1581 1618
f 1581 1597 1618
f 1602 1582 1619
f 1582 1598 1619
f 1603 1583 1620
f 1583 1599 1620
f 1584 1600 1621
f 1604 1584 1621
f 1585 1601 1622
f 1605 1585 1622
f 1586 1602 1623
f 1606 1586 1623
f 1607 1587 1624
f 1587 1603 1624
f 1588 1604 1625
f 1608 1588 1625
f 1589 1605 1626
f 1609 1589 1626
f 1590 1606 1627
f 1610 1590 1627
f 1591 1607 1628
f 1611 1591 1628
f 1592 1608 1629
f 1612 1592 1629
f 1593 1609 1630
f 1614 1593 1630
f 1594 1610 1631
f 1615 1594 1631
f 1616 1595 1632
f 1595 1611 1632
f 1596 1612 1633
f 1617 1596 1633
f 1295 1296 1634
f 1597 1613 1634
f 1613 1295 1634
f 1618 1597 1634
f 1598 1614 1635
f 1619 1598 1635
f 1620 1599 1636
f 1599 1615 1636
f 1621 1600 1637
f 1600 1616 1637
f 1622 1601 1638
f 1601 1618 1638
f 1602 1619 1639
f 1623 1602 1639
f 1603 1620 1640
f 1624 1603 1640
f 1604 1621 1641
f 1625 1604 1641
f 1626 1605 1642
f 1605 1622 1642
f 1606 1623 1643
f 1627 1606 1643
f 1628 1607 1644
f 1607 1624 1644
f 1608 1625 1645
f 1629 1608 1645
f 1609 1626 1646
f 1630 1609 1646
f 1610 1627 1647
f 1631 1610 1647
f 1632 1611 1648
f 1611 1628 1648
f 1633 1612 1649
f 1612 1629 1649
f 1614 1630 1650
f 1635 1614 1650
f 1636 1615 1651
f 1615 1631 1651
f 1637 1616 1652
f 1616 1632 1652
f 1617 1633 1653
f 1277 1276 1653
f 1276 1617 1653
f 1618 1634 1654
f 1638 1618 1654
f 1619 1635 1655
f 1639 1619 1655
f 1620 1636 1656
f 1640 1620 1656
f 1641 1621 1657
f 1621 1637 1657
f 1642 1622 1658
f 1622 1638 1658
f 1623 1639 1659
f 1643 1623 1659
f 1644 1624 1660
f 1624 1640 1660
f 1625 1641 1661
f 1645 1625 1661
f 1646 1626 1662
f 1626 1642 1662
f 1627 1643 1663
f 1647 1627 1663
f 1628 1644 1664
f 1648 1628 1664
f 1649 1629 1665
f 1629 1645 1665
f 1630 1646 1666
f 1650 1630 1666
f 1651 1631 1667
f 1631 1647 1667
f 1632 1648 1668
f 1652 1632 1668
f 1653 1633 1669
f 1633 1649 1669
f 1654 1634 1670
f 1296 1297 1670
f 1297 1298 1670
f 1634 1296 1670
f 1655 1635 1671
f 1635 1650 1671
f 1656 1636 1672
f 1636 1651 1672
f 1657 1637 1673
f 1637 1652 1673
f 1278 1277 1674
f 1279 1278 1674
f 1277 1653 1674
f 1638 1654 1675
f 1658 1638 1675
f 1659 1639 1676
f 1639 1655 1676
f 1660 1640 1677
f 1640 1656 1677
f 1641 1657 1678
f 1661 1641 1678
f 1642 1658 1679
f 1662 1642 1679
f 1663 1643 1680
f 1643 1659 1680
f 1644 1660 1681
f 1664 1644 1681
f 1645 1661 1682
f 1665 1645 1682
f 1666 1646 1683
f 1646 1662 1683
f 1647 1663 1684
f 1667 1647 1684
f 1668 1648 1685
f 1648 1664 1685
f 1669 1649 1686
f 1649 1665 1686
f 1671 1650 1687
f 1650 1666 1687
f 1651 1667 1688
f 1672 1651 1688
f 1673 1652 1689
f 1652 1668 1689
f 1674 1653 1690
f 1653 1669 1690
f 1654 1670 1691
f 1670 1298 1691
f 1675 1654 1691
f 1298 1299 1691
f 1676 1655 1692
f 1655 1671 1692
f 1656 1672 1693
f 1677 1656 1693
f 1678 1657 1694
f 1657 1673 1694
f 1658 1675 1695
f 1679 1658 1695
f 1659 1676 1696
f 1680 1659 1696
f 1660 1677 1697
f 1681 1660 1697
f 1661 1678 1698
f 1682 1661 1698
f 1683 1662 1699
f 1662 1679 1699
f 1684 1663 1700
f 1663 1680 1700
f 1685 1664 1701
f 1664 1681 1701
f 1686 1665 1702
f 1665 1682 1702
f 1666 1683 1703
f 1687 1666 1703
f 1688 1667 1704
f 1667 1684 1704
f 1668 1685 1705
f 1689 1668 1705
f 1669 1686 1706
f 1690 1669 1706
f 1692 1671 1707
f 1671 1687 1707
f 1693 1672 1708
f 1672 1688 1708
f 1673 1689 1709
f 1694 1673 1709
f 1280 1279 1710
f 1674 1690 1710
f 1279 1674 1710
f 1695 1675 1711
f 1675 1691 1711
f 1676 1692 1712
f 1696 1676 1712
f 1677 1693 1713
f 1697 1677 1713
f 1678 1694 1714
f 1698 1678 1714
f 1679 1695 1715
f 1699 1679 1715
f 1680 1696 1716
f 1700 1680 1716
f 1681 1697 1717
f 1701 1681 1717
f 1702 1682 1718
f 1682 1698 1718
f 1703 1683 1719
f 1683 1699 1719
f 1704 1684 1720
f 1684 1700 1720
f 1705 1685 1721
f 1685 1701 1721
f 1686 1702 1722
f 1706 1686 1722
f 1707 1687 1723
f 1687 1703 1723
f 1688 1704 1724
f 1708 1688 1724
f 1689 1705 1725
f 1709 1689 1725
f 1710 1690 1726
f 1690 1706 1726
f 1711 1691 1727
f 1299 1300 1727
f 1300 1301 1727
f 1691 1299 1727
f 1712 1692 1728
f 1692 1707 1728
f 1713 1693 1729
f 1693 1708 1729
f 1714 1694 1730
f 1694 1709 1730
f 1281 1280 1731
f 1282 1281 1731
f 1280 1710 1731
f 1715 1695 1732
f 1695 1711 1732
f 1716 1696 1733
f 1696 1712 1733
f 1717 1697 1734
f 1697 1713 1734
f 1718 1698 1735
f 1698 1714 1735
f 1699 1715 1736
f 1719 1699 1736
f 1700 1716 1737
f 1720 1700 1737
f 1701 1717 1738
f 1721 1701 1738
f 1722 1702 1739
f 1702 1718 1739
f 1703 1719 1740
f 1723 1703 1740
f 1724 1704 1741
f 1704 1720 1741
f 1725 1705 1742
f 1705 1721 1742
f 1706 1722 1743
f 1726 1706 1743
f 1707 1723 1744
f 1728 1707 1744
f 1708 1724 1745
f 1729 1708 1745
f 1709 1725 1746
f 1730 1709 1746
f 1731 1710 1747
f 1710 1726 1747
f 1732 1711 1748
f 1711 1727 1748
f 1301 1302 1748
f 1727 1301 1748
f 1712 1728 1749
f 1733 1712 1749
f 1713 1729 1750
f 1734 1713 1750
f 1714 1730 1751
f 1735 1714 1751
f 1715 1732 1752
f 1736 1715 1752
f 1737 1716 1753
f 1716 1733 1753
f 1717 1734 1754
f 1738 1717 1754
f 1739 1718 1755
f 1718 1735 1755
f 1719 1736 1756
f 1740 1719 1756
f 1720 1737 1757
f 1741 1720 1757
f 1721 1738 1758
f 1742 1721 1758
f 1743 1722 1759
f 1722 1739 1759
f 1723 1740 1760
f 1744 1723 1760
f 1724 1741 1761
f 1745 1724 1761
f 1746 1725 1762
f 1725 1742 1762
f 1747 1726 1763
f 1726 1743 1763
f 1749 1728 1764
f 1728 1744 1764
f 1750 1729 1765
f 1729 1745 1765
f 1730 1746 1766
f 1751 1730 1766
f 1282 1731 1767
f 1283 1282 1767
f 1731 1747 1767
f 1732 1748 1768
f 1752 1732 1768
f 1733 1749 1769
f 1753 1733 1769
f 1734 1750 1770
f 1754 1734 1770
f 1755 1735 1771
f 1735 1751 1771
f 1736 1752 1772
f 1756 1736 1772
f 1737 1753 1773
f 1757 1737 1773
f 1758 1738 1774
f 1738 1754 1774
f 1759 1739 1775
f 1739 1755 1775
f 1760 1740 1776
f 1740 1756 1776
f 1741 1757 1777
f 1761 1741 1777
f 1742 1758 1778
f 1762 1742 1778
f 1743 1759 1779
f 1763 1743 1779
f 1764 1744 1780
f 1744 1760 1780
f 1765 1745 1781
f 1745 1761 1781
f 1746 1762 1782
f 1766 1746 1782
f 1747 1763 1783
f 1767 1747 1783
f 1768 1748 1784
f 1302 1303 1784
f 1748 1302 1784
f 1749 1764 1785
f 1769 1749 1785
f 1770 1750 1786
f 1750 1765 1786
f 1751 1766 1787
f 1771 1751 1787
f 1283 1767 1788
f 1284 1283 1788
f 1752 1768 1789
f 1772 1752 1789
f 1773 1753 1790
f 1753 1769 1790
f 1774 1754 1791
f 1754 1770 1791
f 1755 1771 1792
f 1775 1755 1792
f 1756 1772 1793
f 1776 1756 1793
f 1777 1757 1794
f 1757 1773 1794
f 1758 1774 1795
f 1778 1758 1795
f 1759 1775 1796
f 1779 1759 1796
f 1780 1760 1797
f 1760 1776 1797
f 1761 1777 1798
f 1781 1761 1798
f 1762 1778 1799
f 1782 1762 1799
f 1763 1779 1800
f 1783 1763 1800
f 1785 1764 1801
f 1764 1780 1801
f 1765 1781 1802
f 1786 1765 1802
f 1766 1782 1803
f 1787 1766 1803
f 1788 1767 1804
f 1767 1783 1804
f 1789 1768 1805
f 1303 1304 1805
f 1304 1305 1805
f 1784 1303 1805
f 1768 1784 1805
f 1790 1769 1806
f 1769 1785 1806
f 1770 1786 1807
f 1791 1770 1807
f 1771 1787 1808
f 1792 1771 1808
f 1793 1772 1809
f 1772 1789 1809
f 1794 1773 1810
f 1773 1790 1810
f 1795 1774 1811
f 1774 1791 1811
f 1796 1775 1812
f 1775 1792 1812
f 1776 1793 1813
f 1797 1776 1813
f 1777 1794 1814
f 1798 1777 1814
f 1799 1778 1815
f 1778 1795 1815
f 1800 1779 1816
f 1779 1796 1816
f 1780 1797 1817
f 1801 1780 1817
f 1781 1798 1818
f 1802 1781 1818
f 1782 1799 1819
f 1803 1782 1819
f 1804 1783 1820
f 1783 1800 1820
f 1806 1785 1821
f 1785 1801 1821
f 1807 1786 1822
f 1786 1802 1822
f 1808 1787 1823
f 1787 1803 1823
f 1285 1284 1824
f 1286 1285 1824
f 1788 1804 1824
f 1284 1788 1824
f 1789 1805 1825
f 1809 1789 1825
f 1810 1790 1826
f 1790 1806 1826
f 1811 1791 1827
f 1791 1807 1827
f 1812 1792 1828
f 1792 1808 1828
f 1793 1809 1829
f 1813 1793 1829
f 1814 1794 1830
f 1794 1810 1830
f 1815 1795 1831
f 1795 1811 1831
f 1796 1812 1832
f 1816 1796 1832
f 1797 1813 1833
f 1817 1797 1833
f 1798 1814 1834
f 1818 1798 1834
f 1819 1799 1835
f 1799 1815 1835
f 1800 1816 1836
f 1820 1800 1836
f 1801 1817 1837
f 1821 1801 1837
f 1802 1818 1838
f 1822 1802 1838
f 1823 1803 1839
f 1803 1819 1839
f 1824 1804 1840
f 1804 1820 1840
f 1805 1305 1841
f 1825 1805 1841
f 1305 1306 1841
f 1806 1821 1842
f 1826 1806 1842
f 1807 1822 1843
f 1827 1807 1843
f 1808 1823 1844
f 1828 1808 1844
f 1287 1286 1845
f 1286 1824 1845
f 1809 1825 1846
f 1829 1809 1846
f 1810 1826 1847
f 1830 1810 1847
f 1831 1811 1848
f 1811 1827 1848
f 1832 1812 1849
f 1812 1828 1849
f 1813 1829 1850
f 1833 1813 1850
f 1814 1830 1851
f 1834 1814 1851
f 1815 1831 1852
f 1835 1815 1852
f 1836 1816 1853
f 1816 1832 1853
f 1817 1833 1854
f 1837 1817 1854
f 1838 1818 1855
f 1818 1834 1855
f 1819 1835 1856
f 1839 1819 1856
f 1820 1836 1857
f 1840 1820 1857
f 1842 1821 1858
f 1821 1837 1858
f 1843 1822 1859
f 1822 1838 1859
f 1844 1823 1860
f 1823 1839 1860
f 1845 1824 1861
f 1824 1840 1861
f 1825 1841 1862
f 1841 1306 1862
f 1846 1825 1862
f 1306 1307 1862
f 1847 1826 1863
f 1826 1842 1863
f 1848 1827 1864
f 1827 1843 1864
f 1849 1828 1865
f 1828 1844 1865
f 1850 1829 1866
f 1829 1846 1866
f 1830 1847 1867
f 1851 1830 1867
f 1831 1848 1868
f 1852 1831 1868
f 1832 1849 1869
f 1853 1832 1869
f 1854 1833 1870
f 1833 1850 1870
f 1855 1834 1871
f 1834 1851 1871
f 1835 1852 1872
f 1856 1835 1872
f 1857 1836 1873
f 1836 1853 1873
f 1858 1837 1874
f 1837 1854 1874
f 1859 1838 1875
f 1838 1855 1875
f 1860 1839 1876
f 1839 1856 1876
f 1861 1840 1877
f 1840 1857 1877
f 1842 1858 1878
f 1863 1842 1878
f 1843 1859 1879
f 1864 1843 1879
f 1844 1860 1880
f 1865 1844 1880
f 1288 1287 1881
f 1289 1288 1881
f 1845 1861 1881
f 1287 1845 1881
f 1866 1846 1882
f 1846 1862 1882
f 1867 1847 1883
f 1847 1863 1883
f 1848 1864 1884
f 1868 1848 1884
f 1849 1865 1885
f 1869 1849 1885
f 1850 1866 1886
f 1870 1850 1886
f 1871 1851 1887
f 1851 1867 1887
f 1852 1868 1888
f 1872 1852 1888
f 1853 1869 1889
f 1873 1853 1889
f 1874 1854 1890
f 1854 1870 1890
f 1875 1855 1891
f 1855 1871 1891
f 1876 1856 1892
f 1856 1872 1892
f 1857 1873 1893
f 1877 1857 1893
f 1858 1874 1894
f 1878 1858 1894
f 1859 1875 1895
f 1879 1859 1895
f 1880 1860 1896
f 1860 1876 1896
f 1881 1861 1897
f 1861 1877 1897
f 1882 1862 1898
f 1307 1308 1898
f 1308 1309 1898
f 1862 1307 1898
f 1883 1863 1899
f 1863 1878 1899
f 1864 1879 1900
f 1884 1864 1900
f 1885 1865 1901
f 1865 1880 1901
f 1289 1881 1902
f 1290 1289 1902
f 1886 1866 1903
f 1866 1882 1903
f 1887 1867 1904
f 1867 1883 1904
f 1868 1884 1905
f 1888 1868 1905
f 1869 1885 1906
f 1889 1869 1906
f 1870 1886 1907
f 1890 1870 1907
f 1891 1871 1908
f 1871 1887 1908
f 1872 1888 1909
f 1892 1872 1909
f 1893 1873 1910
f 1873 1889 1910
f 1894 1874 1911
f 1874 1890 1911
f 1875 1891 1912
f 1895 1875 1912
f 1876 1892 1913
f 1896 1876 1913
f 1877 1893 1914
f 1897 1877 1914
f 1878 1894 1915
f 1899 1878 1915
f 1879 1895 1916
f 1900 1879 1916
f 1901 1880 1917
f 1880 1896 1917
f 1902 1881 1918
f 1881 1897 1918
f 1903 1882 1919
f 1898 1309 1919
f 1309 1310 1919
f 1882 1898 1919
f 1883 1899 1920
f 1904 1883 1920
f 1905 1884 1921
f 1884 1900 1921
f 1906 1885 1922
f 1885 1901 1922
f 1886 1903 1923
f 1907 1886 1923
f 1908 1887 1924
f 1887 1904 1924
f 1888 1905 1925
f 1909 1888 1925
f 1889 1906 1926
f 1910 1889 1926
f 1890 1907 1927
f 1911 1890 1927
f 1912 1891 1928
f 1891 1908 1928
f 1892 1909 1929
f 1913 1892 1929
f 1914 1893 1930
f 1893 1910 1930
f 1915 1894 1931
f 1894 1911 1931
f 1916 1895 1932
f 1895 1912 1932
f 1917 1896 1933
f 1896 1913 1933
f 1918 1897 1934
f 1897 1914 1934
f 1920 1899 1935
f 1899 1915 1935
f 1900 1916 1936
f 1921 1900 1936
f 1901 1917 1937
f 1922 1901 1937
f 1291 1290 1938
f 1334 1291 1938
f 1290 1902 1938
f 1335 1334 1938
f 1902 1918 1938
f 1903 1919 1939
f 1923 1903 1939
f 1904 1920 1940
f 1924 1904 1940
f 1925 1905 1941
f 1905 1921 1941
f 1906 1922 1942
f 1926 1906 1942
f 1927 1907 1943
f 1907 1923 1943
f 1908 1924 1944
f 1928 1908 1944
f 1909 1925 1945
f 1929 1909 1945
f 1910 1926 1946
f 1930 1910 1946
f 1931 1911 1947
f 1911 1927 1947
f 1932 1912 1948
f 1912 1928 1948
f 1913 1929 1949
f 1933 1913 1949
f 1934 1914 1950
f 1914 1930 1950
f 1935 1915 1951
f 1915 1931 1951
f 1936 1916 1952
f 1916 1932 1952
f 1937 1917 1953
f 1917 1933 1953
f 1335 1938 1954
f 1918 1934 1954
f 1938 1918 1954
f 1336 1335 1954
f 1310 1311 1955
f 1311 1312 1955
f 1919 1310 1955
f 1939 1919 1955
f 1940 1920 1956
f 1920 1935 1956
f 1921 1936 1957
f 1941 1921 1957
f 1922 1937 1958
f 1942 1922 1958
f 1923 1939 1959
f 1943 1923 1959
f 1924 1940 1960
f 1944 1924 1960
f 1925 1941 1961
f 1945 1925 1961
f 1926 1942 1962
f 1946 1926 1962
f 1947 1927 1963
f 1927 1943 1963
f 1928 1944 1964
f 1948 1928 1964
f 1949 1929 1965
f 1929 1945 1965
f 1950 1930 1966
f 1930 1946 1966
f 1951 1931 1967
f 1931 1947 1967
f 1932 1948 1968
f 1952 1932 1968
f 1953 1933 1969
f 1933 1949 1969
f 1954 1934 1970
f 1934 1950 1970
f 1336 1954 1970
f 1337 1336 1970
f 1338 1337 1970
f 1935 1951 1971
f 1956 1935 1971
f 1936 1952 1972
f 1957 1936 1972
f 1937 1953 1973
f 1958 1937 1973
f 1939 1955 1974
f 1312 1313 1974
f 1955 1312 1974
f 1959 1939 1974
f 1940 1956 1975
f 1960 1940 1975
f 1941 1957 1976
f 1961 1941 1976
f 1962 1942 1977
f 1942 1958 1977
f 1943 1959 1978
f 1963 1943 1978
f 1964 1944 1979
f 1944 1960 1979
f 1965 1945 1980
f 1945 1961 1980
f 1966 1946 1981
f 1946 1962 1981
f 1967 1947 1982
f 1947 1963 1982
f 1948 1964 1983
f 1968 1948 1983
f 1949 1965 1984
f 1969 1949 1984
f 1338 1970 1985
f 1950 1966 1985
f 1970 1950 1985
f 1339 1338 1985
f 1951 1967 1986
f 1971 1951 1986
f 1952 1968 1987
f 1972 1952 1987
f 1953 1969 1988
f 1973 1953 1988
f 1975 1956 1989
f 1956 1971 1989
f 1957 1972 1990
f 1976 1957 1990
f 1958 1973 1991
f 1977 1958 1991
f 1959 1974 1992
f 1978 1959 1992
f 1979 1960 1993
f 1960 1975 1993
f 1961 1976 1994
f 1980 1961 1994
f 1962 1977 1995
f 1981 1962 1995
f 1982 1963 1996
f 1963 1978 1996
f 1983 1964 1997
f 1964 1979 1997
f 1984 1965 1998
f 1965 1980 1998
f 1966 1981 1999
f 1985 1966 1999
f 1339 1985 1999
f 1340 1339 1999
f 1341 1340 1999
f 1986 1967 2000
f 1967 1982 2000
f 1968 1983 2001
f 1987 1968 2001
f 1988 1969 2002
f 1969 1984 2002
f 1971 1986 2003
f 1989 1971 2003
f 1972 1987 2004
f 1990 1972 2004
f 1973 1988 2005
f 1991 1973 2005
f 1974 1313 2006
f 1992 1974 2006
f 1313 1314 2006
f 1993 1975 2007
f 1975 1989 2007
f 1976 1990 2008
f 1994 1976 2008
f 1995 1977 2009
f 1977 1991 2009
f 1978 1992 2010
f 1996 1978 2010
f 1997 1979 2011
f 1979 1993 2011
f 1998 1980 2012
f 1980 1994 2012
f 1999 1981 2013
f 1981 1995 2013
f 1342 1341 2013
f 1341 1999 2013
f 1982 1996 2014
f 2000 1982 2014
f 1983 1997 2015
f 2001 1983 2015
f 1984 1998 2016
f 2002 1984 2016
f 2003 1986 2017
f 1986 2000 2017
f 2004 1987 2018
f 1987 2001 2018
f 1988 2002 2019
f 2005 1988 2019
f 1989 2003 2020
f 2007 1989 2020
f 1990 2004 2021
f 2008 1990 2021
f 1991 2005 2022
f 2009 1991 2022
f 1992 2006 2023
f 2006 1314 2023
f 2010 1992 2023
f 1314 1315 2023
f 1315 1316 2023
f 2011 1993 2024
f 1993 2007 2024
f 1994 2008 2025
f 2012 1994 2025
f 2013 1995 2026
f 1995 2009 2026
f 1342 2013 2026
f 1343 1342 2026
f 1996 2010 2027
f 2014 1996 2027
f 2015 1997 2028
f 1997 2011 2028
f 1998 2012 2029
f 2016 1998 2029
f 2017 2000 2030
f 2000 2014 2030
f 2001 2015 2031
f 2018 2001 2031
f 2002 2016 2032
f 2019 2002 2032
f 2003 2017 2033
f 2020 2003 2033
f 2004 2018 2034
f 2021 2004 2034
f 2022 2005 2035
f 2005 2019 2035
f 2024 2007 2036
f 2007 2020 2036
f 2008 2021 2037
f 2025 2008 2037
f 2009 2022 2038
f 2026 2009 2038
f 1343 2026 2038
f 1344 1343 2038
f 1345 1344 2038
f 2027 2010 2039
f 2010 2023 2039
f 2011 2024 2040
f 2028 2011 2040
f 2029 2012 2041
f 2012 2025 2041
f 2014 2027 2042
f 2030 2014 2042
f 2031 2015 2043
f 2015 2028 2043
f 2032 2016 2044
f 2016 2029 2044
f 2017 2030 2045
f 2033 2017 2045
f 2034 2018 2046
f 2018 2031 2046
f 2035 2019 2047
f 2019 2032 2047
f 2020 2033 2048
f 2036 2020 2048
f 2021 2034 2049
f 2037 2021 2049
f 1345 2038 2050
f 2022 2035 2050
f 2038 2022 2050
f 1346 1345 2050
f 2039 2023 2051
f 1316 1317 2051
f 2023 1316 2051
f 2024 2036 2052
f 2040 2024 2052
f 2025 2037 2053
f 2041 2025 2053
f 2042 2027 2054
f 2027 2039 2054
f 2028 2040 2055
f 2043 2028 2055
f 2029 2041 2056
f 2044 2029 2056
f 2030 2042 2057
f 2045 2030 2057
f 2046 2031 2058
f 2031 2043 2058
f 2047 2032 2059
f 2032 2044 2059
f 2048 2033 2060
f 2033 2045 2060
f 2034 2046 2061
f 2049 2034 2061
f 2050 2035 2062
f 1346 2050 2062
f 1347 1346 2062
f 2035 2047 2062
f 2052 2036 2063
f 2036 2048 2063
f 2053 2037 2064
f 2037 2049 2064
f 2051 1317 2065
f 2054 2039 2065
f 2039 2051 2065
f 1317 1318 2065
f 2055 2040 2066
f 2040 2052 2066
f 2041 2053 2067
f 2056 2041 2067
f 2057 2042 2068
f 2042 2054 2068
f 2058 2043 2069
f 2043 2055 2069
f 2059 2044 2070
f 2044 2056 2070
f 2060 2045 2071
f 2045 2057 2071
f 2061 2046 2072
f 2046 2058 2072
f 2047 2059 2073
f 2062 2047 2073
f 1347 2062 2073
f 1348 1347 2073
f 1349 1348 2073
f 2063 2048 2074
f 2048 2060 2074
f 2049 2061 2075
f 2064 2049 2075
f 2052 2063 2076
f 2066 2052 2076
f 2053 2064 2077
f 2067 2053 2077
f 2054 2065 2078
f 2068 2054 2078
f 2069 2055 2079
f 2055 2066 2079
f 2070 2056 2080
f 2056 2067 2080
f 2071 2057 2081
f 2057 2068 2081
f 2058 2069 2082
f 2072 2058 2082
f 1349 2073 2083
f 2059 2070 2083
f 2073 2059 2083
f 1350 1349 2083
f 2060 2071 2084
f 2074 2060 2084
f 2061 2072 2085
f 2075 2061 2085
f 2076 2063 2086
f 2063 2074 2086
f 2077 2064 2087
f 2064 2075 2087
f 2078 2065 2088
f 1318 1319 2088
f 1319 1320 2088
f 2065 1318 2088
f 2066 2076 2089
f 2079 2066 2089
f 2080 2067 2090
f 2067 2077 2090
f 2068 2078 2091
f 2081 2068 2091
f 2069 2079 2092
f 2082 2069 2092
f 2083 2070 2093
f 1350 2083 2093
f 2070 2080 2093
f 1351 1350 2093
f 1352 1351 2093
f 2084 2071 2094
f 2071 2081 2094
f 2085 2072 2095
f 2072 2082 2095
f 2086 2074 2096
f 2074 2084 2096
f 2075 2085 2097
f 2087 2075 2097
f 2076 2086 2098
f 2089 2076 2098
f 2090 2077 2099
f 2077 2087 2099
f 2091 2078 2100
f 2088 1320 2100
f 2078 2088 2100
f 1320 1321 2100
f 2079 2089 2101
f 2092 2079 2101
f 1353 1352 2102
f 1352 2093 2102
f 2080 2090 2102
f 2093 2080 2102
f 2081 2091 2103
f 2094 2081 2103
f 2082 2092 2104
f 2095 2082 2104
f 2084 2094 2105
f 2096 2084 2105
f 2085 2095 2106
f 2097 2085 2106
f 2086 2096 2107
f 2098 2086 2107
f 2087 2097 2108
f 2099 2087 2108
f 2101 2089 2109
f 2089 2098 2109
f 1354 1353 2110
f 2102 2090 2110
f 1353 2102 2110
f 2090 2099 2110
f 2103 2091 2111
f 2091 2100 2111
f 2104 2092 2112
f 2092 2101 2112
f 2094 2103 2113
f 2105 2094 2113
f 2095 2104 2114
f 2106 2095 2114
f 2107 2096 2115
f 2096 2105 2115
f 2097 2106 2116
f 2108 2097 2116
f 2109 2098 2117
f 2098 2107 2117
f 1355 1354 2118
f 1356 1355 2118
f 2099 2108 2118
f 2110 2099 2118
f 1354 2110 2118
f 2111 2100 2119
f 1321 1322 2119
f 1322 1323 2119
f 2100 1321 2119
f 2112 2101 2120
f 2101 2109 2120
f 2103 2111 2121
f 2113 2103 2121
f 2114 2104 2122
f 2104 2112 2122
f 2105 2113 2123
f 2115 2105 2123
f 2106 2114 2124
f 2116 2106 2124
f 2107 2115 2125
f 2117 2107 2125
f 1357 1356 2126
f 1356 2118 2126
f 2108 2116 2126
f 2118 2108 2126
f 2120 2109 2127
f 2109 2117 2127
f 2111 2119 2128
f 2121 2111 2128
f 1323 1324 2128
f 2119 1323 2128
f 2112 2120 2129
f 2122 2112 2129
f 2113 2121 2130
f 2123 2113 2130
f 2114 2122 2131
f 2124 2114 2131
f 2115 2123 2132
f 2125 2115 2132
f 1358 1357 2133
f 1359 1358 2133
f 2116 2124 2133
f 2126 2116 2133
f 1357 2126 2133
f 2127 2117 2134
f 2117 2125 2134
f 2120 2127 2135
f 2129 2120 2135
f 2121 2128 2136
f 2130 2121 2136
f 2122 2129 2137
f 2131 2122 2137
f 2132 2123 2138
f 2123 2130 2138
f 1360 1359 2139
f 1359 2133 2139
f 2124 2131 2139
f 2133 2124 2139
f 2125 2132 2140
f 2134 2125 2140
f 2127 2134 2141
f 2135 2127 2141
f 1324 1325 2142
f 2128 1324 2142
f 2136 2128 2142
f 2129 2135 2143
f 2137 2129 2143
f 2130 2136 2144
f 2138 2130 2144
f 1361 1360 2145
f 2131 2137 2145
f 1360 2139 2145
f 2139 2131 2145
f 2140 2132 2146
f 2132 2138 2146
f 2141 2134 2147
f 2134 2140 2147
f 2143 2135 2148
f 2135 2141 2148
f 2144 2136 2149
f 2142 1325 2149
f 2136 2142 2149
f 1325 1326 2149
f 1326 1327 2149
f 1362 1361 2150
f 1363 1362 2150
f 2137 2143 2150
f 2145 2137 2150
f 1361 2145 2150
f 2146 2138 2151
f 2138 2144 2151
f 2147 2140 2152
f 2140 2146 2152
f 2141 2147 2153
f 2148 2141 2153
f 1364 1363 2154
f 1363 2150 2154
f 2150 2143 2154
f 2143 2148 2154
f 2151 2144 2155
f 2144 2149 2155
f 2146 2151 2156
f 2152 2146 2156
f 2153 2147 2157
f 2147 2152 2157
f 1365 1364 2158
f 2148 2153 2158
f 1364 2154 2158
f 2154 2148 2158
f 2149 1327 2159
f 2155 2149 2159
f 1327 1328 2159
f 2151 2155 2160
f 2156 2151 2160
f 2152 2156 2161
f 2157 2152 2161
f 1366 1365 2162
f 1367 1366 2162
f 1365 2158 2162
f 2153 2157 2162
f 2158 2153 2162
f 2160 2155 2163
f 2155 2159 2163
f 2159 1328 2163
f 1328 1329 2163
f 1329 1330 2163
f 2161 2156 2164
f 2156 2160 2164
f 1368 1367 2165
f 2157 2161 2165
f 1367 2162 2165
f 2162 2157 2165
f 2164 2160 2166
f 2160 2163 2166
f 1369 1368 2167
f 1370 1369 2167
f 1368 2165 2167
f 2161 2164 2167
f 2165 2161 2167
f 1330 1331 2168
f 2163 1330 2168
f 2166 2163 2168
f 1371 1370 2169
f 2167 2164 2169
f 2164 2166 2169
f 1370 2167 2169
f 2166 2168 2170
f 2169 2166 2170
f 1372 1371 2170
f 1332 1372 2170
f 1331 1332 2170
f 1371 2169 2170
f 2168 1331 2170
f 2171 2172 2173
f 2174 2171 2173
f 2176 2175 2178
f 2175 2177 2178
f 2219 2218 2261
f 2299 2259 2260
f 2181 2180 2300
f 2180 2179 2301
f 2300 2180 2301
f 2301 2179 2302
f 2182 2181 2303
f 2181 2300 2303
f 2300 2301 2303
f 2302 2179 2304
f 2301 2302 2305
f 2303 2301 2305
f 2183 2182 2306
f 2184 2183 2306
f 2182 2303 2306
f 2304 2179 2307
f 2302 2304 2308
f 2305 2302 2308
f 2303 2305 2309
f 2306 2303 2309
f 2307 2179 2310
f 2308 2304 2311
f 2304 2307 2311
f 2309 2305 2312
f 2305 2308 2312
f 2184 2306 2313
f 2185 2184 2313
f 2306 2309 2313
f 2310 2179 2314
f 2307 2310 2315
f 2311 2307 2315
f 2312 2308 2316
f 2308 2311 2316
f 2313 2309 2317
f 2309 2312 2317
f 2314 2179 2318
f 2186 2185 2319
f 2187 2186 2319
f 2185 2313 2319
f 2310 2314 2320
f 2315 2310 2320
f 2311 2315 2321
f 2316 2311 2321
f 2317 2312 2322
f 2312 2316 2322
f 2318 2179 2323
f 2313 2317 2324
f 2319 2313 2324
f 2320 2314 2325
f 2314 2318 2325
f 2315 2320 2326
f 2321 2315 2326
f 2322 2316 2327
f 2316 2321 2327
f 2323 2179 2328
f 2317 2322 2329
f 2324 2317 2329
f 2318 2323 2330
f 2325 2318 2330
f 2319 2324 2331
f 2188 2187 2331
f 2187 2319 2331
f 2320 2325 2332
f 2326 2320 2332
f 2327 2321 2333
f 2321 2326 2333
f 2328 2179 2334
f 2322 2327 2335
f 2329 2322 2335
f 2323 2328 2336
f 2330 2323 2336
f 2331 2324 2337
f 2324 2329 2337
f 2332 2325 2338
f 2325 2330 2338
f 2189 2188 2339
f 2188 2331 2339
f 2333 2326 2340
f 2326 2332 2340
f 2334 2179 2341
f 2327 2333 2342
f 2335 2327 2342
f 2328 2334 2343
f 2336 2328 2343
f 2329 2335 2344
f 2337 2329 2344
f 2338 2330 2345
f 2330 2336 2345
f 2331 2337 2346
f 2339 2331 2346
f 2340 2332 2347
f 2332 2338 2347
f 2341 2179 2348
f 2333 2340 2349
f 2342 2333 2349
f 2334 2341 2350
f 2343 2334 2350
f 2344 2335 2351
f 2335 2342 2351
f 2345 2336 2352
f 2336 2343 2352
f 2337 2344 2353
f 2346 2337 2353
f 2338 2345 2354
f 2347 2338 2354
f 2190 2189 2355
f 2191 2190 2355
f 2339 2346 2355
f 2189 2339 2355
f 2348 2179 2356
f 2340 2347 2357
f 2349 2340 2357
f 2350 2341 2358
f 2341 2348 2358
f 2342 2349 2359
f 2351 2342 2359
f 2352 2343 2360
f 2343 2350 2360
f 2344 2351 2361
f 2353 2344 2361
f 2345 2352 2362
f 2354 2345 2362
f 2355 2346 2363
f 2346 2353 2363
f 2179 2220 2364
f 2356 2179 2364
f 2357 2347 2365
f 2347 2354 2365
f 2192 2191 2366
f 2191 2355 2366
f 2358 2348 2367
f 2348 2356 2367
f 2359 2349 2368
f 2349 2357 2368
f 2360 2350 2369
f 2350 2358 2369
f 2361 2351 2370
f 2351 2359 2370
f 2352 2360 2371
f 2362 2352 2371
f 2363 2353 2372
f 2353 2361 2372
f 2364 2220 2373
f 2354 2362 2374
f 2365 2354 2374
f 2366 2355 2375
f 2355 2363 2375
f 2367 2356 2376
f 2356 2364 2376
f 2357 2365 2377
f 2368 2357 2377
f 2358 2367 2378
f 2369 2358 2378
f 2359 2368 2379
f 2370 2359 2379
f 2360 2369 2380
f 2371 2360 2380
f 2372 2361 2381
f 2361 2370 2381
f 2373 2220 2382
f 2362 2371 2383
f 2374 2362 2383
f 2363 2372 2384
f 2375 2363 2384
f 2376 2364 2385
f 2364 2373 2385
f 2377 2365 2386
f 2365 2374 2386
f 2193 2192 2387
f 2192 2366 2387
f 2366 2375 2387
f 2367 2376 2388
f 2378 2367 2388
f 2368 2377 2389
f 2379 2368 2389
f 2369 2378 2390
f 2380 2369 2390
f 2370 2379 2391
f 2381 2370 2391
f 2382 2220 2392
f 2371 2380 2393
f 2383 2371 2393
f 2372 2381 2394
f 2384 2372 2394
f 2373 2382 2395
f 2385 2373 2395
f 2374 2383 2396
f 2386 2374 2396
f 2375 2384 2397
f 2387 2375 2397
f 2388 2376 2398
f 2376 2385 2398
f 2377 2386 2399
f 2389 2377 2399
f 2194 2193 2400
f 2195 2194 2400
f 2193 2387 2400
f 2378 2388 2401
f 2390 2378 2401
f 2391 2379 2402
f 2379 2389 2402
f 2392 2220 2403
f 2380 2390 2404
f 2393 2380 2404
f 2394 2381 2405
f 2381 2391 2405
f 2382 2392 2406
f 2395 2382 2406
f 2383 2393 2407
f 2396 2383 2407
f 2384 2394 2408
f 2397 2384 2408
f 2398 2385 2409
f 2385 2395 2409
f 2386 2396 2410
f 2399 2386 2410
f 2387 2397 2411
f 2400 2387 2411
f 2388 2398 2412
f 2401 2388 2412
f 2389 2399 2413
f 2402 2389 2413
f 2403 2220 2414
f 2404 2390 2415
f 2390 2401 2415
f 2391 2402 2416
f 2405 2391 2416
f 2406 2392 2417
f 2392 2403 2417
f 2393 2404 2418
f 2407 2393 2418
f 2408 2394 2419
f 2394 2405 2419
f 2395 2406 2420
f 2409 2395 2420
f 2396 2407 2421
f 2410 2396 2421
f 2397 2408 2422
f 2411 2397 2422
f 2412 2398 2423
f 2398 2409 2423
f 2413 2399 2424
f 2399 2410 2424
f 2196 2195 2425
f 2195 2400 2425
f 2400 2411 2425
f 2414 2220 2426
f 2415 2401 2427
f 2401 2412 2427
f 2416 2402 2428
f 2402 2413 2428
f 2403 2414 2429
f 2417 2403 2429
f 2404 2415 2430
f 2418 2404 2430
f 2405 2416 2431
f 2419 2405 2431
f 2420 2406 2432
f 2406 2417 2432
f 2421 2407 2433
f 2407 2418 2433
f 2422 2408 2434
f 2408 2419 2434
f 2423 2409 2435
f 2409 2420 2435
f 2410 2421 2436
f 2424 2410 2436
f 2411 2422 2437
f 2425 2411 2437
f 2426 2220 2438
f 2427 2412 2439
f 2412 2423 2439
f 2428 2413 2440
f 2413 2424 2440
f 2197 2196 2441
f 2198 2197 2441
f 2196 2425 2441
f 2414 2426 2442
f 2429 2414 2442
f 2415 2427 2443
f 2430 2415 2443
f 2431 2416 2444
f 2416 2428 2444
f 2417 2429 2445
f 2432 2417 2445
f 2418 2430 2446
f 2433 2418 2446
f 2419 2431 2447
f 2434 2419 2447
f 2420 2432 2448
f 2435 2420 2448
f 2421 2433 2449
f 2436 2421 2449
f 2437 2422 2450
f 2422 2434 2450
f 2438 2220 2451
f 2423 2435 2452
f 2439 2423 2452
f 2424 2436 2453
f 2440 2424 2453
f 2441 2425 2454
f 2425 2437 2454
f 2426 2438 2455
f 2442 2426 2455
f 2427 2439 2456
f 2443 2427 2456
f 2444 2428 2457
f 2428 2440 2457
f 2445 2429 2458
f 2429 2442 2458
f 2446 2430 2459
f 2430 2443 2459
f 2447 2431 2460
f 2431 2444 2460
f 2448 2432 2461
f 2432 2445 2461
f 2433 2446 2462
f 2449 2433 2462
f 2434 2447 2463
f 2450 2434 2463
f 2451 2220 2464
f 2452 2435 2465
f 2435 2448 2465
f 2453 2436 2466
f 2436 2449 2466
f 2437 2450 2467
f 2454 2437 2467
f 2438 2451 2468
f 2455 2438 2468
f 2439 2452 2469
f 2456 2439 2469
f 2440 2453 2470
f 2457 2440 2470
f 2198 2441 2471
f 2199 2198 2471
f 2441 2454 2471
f 2458 2442 2472
f 2442 2455 2472
f 2443 2456 2473
f 2459 2443 2473
f 2460 2444 2474
f 2444 2457 2474
f 2445 2458 2475
f 2461 2445 2475
f 2462 2446 2476
f 2446 2459 2476
f 2463 2447 2477
f 2447 2460 2477
f 2464 2220 2478
f 2448 2461 2479
f 2465 2448 2479
f 2449 2462 2480
f 2466 2449 2480
f 2450 2463 2481
f 2467 2450 2481
f 2468 2451 2482
f 2451 2464 2482
f 2469 2452 2483
f 2452 2465 2483
f 2453 2466 2484
f 2470 2453 2484
f 2454 2467 2485
f 2471 2454 2485
f 2455 2468 2486
f 2472 2455 2486
f 2473 2456 2487
f 2456 2469 2487
f 2457 2470 2488
f 2474 2457 2488
f 2200 2199 2489
f 2199 2471 2489
f 2458 2472 2490
f 2475 2458 2490
f 2459 2473 2491
f 2476 2459 2491
f 2460 2474 2492
f 2477 2460 2492
f 2478 2220 2493
f 2479 2461 2494
f 2461 2475 2494
f 2462 2476 2495
f 2480 2462 2495
f 2463 2477 2496
f 2481 2463 2496
f 2464 2478 2497
f 2482 2464 2497
f 2465 2479 2498
f 2483 2465 2498
f 2466 2480 2499
f 2484 2466 2499
f 2467 2481 2500
f 2485 2467 2500
f 2468 2482 2501
f 2486 2468 2501
f 2469 2483 2502
f 2487 2469 2502
f 2488 2470 2503
f 2470 2484 2503
f 2489 2471 2504
f 2471 2485 2504
f 2490 2472 2505
f 2472 2486 2505
f 2491 2473 2506
f 2473 2487 2506
f 2474 2488 2507
f 2492 2474 2507
f 2493 2220 2508
f 2494 2475 2509
f 2475 2490 2509
f 2495 2476 2510
f 2476 2491 2510
f 2477 2492 2511
f 2496 2477 2511
f 2497 2478 2512
f 2478 2493 2512
f 2479 2494 2513
f 2498 2479 2513
f 2499 2480 2514
f 2480 2495 2514
f 2481 2496 2515
f 2500 2481 2515
f 2501 2482 2516
f 2482 2497 2516
f 2502 2483 2517
f 2483 2498 2517
f 2503 2484 2518
f 2484 2499 2518
f 2504 2485 2519
f 2485 2500 2519
f 2486 2501 2520
f 2505 2486 2520
f 2487 2502 2521
f 2506 2487 2521
f 2507 2488 2522
f 2488 2503 2522
f 2201 2200 2523
f 2202 2201 2523
f 2489 2504 2523
f 2200 2489 2523
f 2508 2220 2524
f 2220 2221 2524
f 2509 2490 2525
f 2490 2505 2525
f 2491 2506 2526
f 2510 2491 2526
f 2492 2507 2527
f 2511 2492 2527
f 2493 2508 2528
f 2512 2493 2528
f 2513 2494 2529
f 2494 2509 2529
f 2495 2510 2530
f 2514 2495 2530
f 2496 2511 2531
f 2515 2496 2531
f 2497 2512 2532
f 2516 2497 2532
f 2517 2498 2533
f 2498 2513 2533
f 2499 2514 2534
f 2518 2499 2534
f 2519 2500 2535
f 2500 2515 2535
f 2501 2516 2536
f 2520 2501 2536
f 2502 2517 2537
f 2521 2502 2537
f 2522 2503 2538
f 2503 2518 2538
f 2523 2504 2539
f 2504 2519 2539
f 2524 2221 2540
f 2221 2222 2540
f 2505 2520 2541
f 2525 2505 2541
f 2526 2506 2542
f 2506 2521 2542
f 2507 2522 2543
f 2527 2507 2543
f 2202 2523 2544
f 2203 2202 2544
f 2528 2508 2545
f 2508 2524 2545
f 2529 2509 2546
f 2509 2525 2546
f 2530 2510 2547
f 2510 2526 2547
f 2511 2527 2548
f 2531 2511 2548
f 2512 2528 2549
f 2532 2512 2549
f 2513 2529 2550
f 2533 2513 2550
f 2534 2514 2551
f 2514 2530 2551
f 2515 2531 2552
f 2535 2515 2552
f 2516 2532 2553
f 2536 2516 2553
f 2517 2533 2554
f 2537 2517 2554
f 2518 2534 2555
f 2538 2518 2555
f 2519 2535 2556
f 2539 2519 2556
f 2520 2536 2557
f 2541 2520 2557
f 2521 2537 2558
f 2542 2521 2558
f 2543 2522 2559
f 2522 2538 2559
f 2523 2539 2560
f 2544 2523 2560
f 2222 2223 2561
f 2524 2540 2561
f 2540 2222 2561
f 2545 2524 2561
f 2525 2541 2562
f 2546 2525 2562
f 2547 2526 2563
f 2526 2542 2563
f 2548 2527 2564
f 2527 2543 2564
f 2549 2528 2565
f 2528 2545 2565
f 2529 2546 2566
f 2550 2529 2566
f 2530 2547 2567
f 2551 2530 2567
f 2531 2548 2568
f 2552 2531 2568
f 2553 2532 2569
f 2532 2549 2569
f 2533 2550 2570
f 2554 2533 2570
f 2555 2534 2571
f 2534 2551 2571
f 2535 2552 2572
f 2556 2535 2572
f 2536 2553 2573
f 2557 2536 2573
f 2537 2554 2574
f 2558 2537 2574
f 2559 2538 2575
f 2538 2555 2575
f 2560 2539 2576
f 2539 2556 2576
f 2541 2557 2577
f 2562 2541 2577
f 2563 2542 2578
f 2542 2558 2578
f 2564 2543 2579
f 2543 2559 2579
f 2544 2560 2580
f 2204 2203 2580
f 2203 2544 2580
f 2545 2561 2581
f 2565 2545 2581
f 2546 2562 2582
f 2566 2546 2582
f 2547 2563 2583
f 2567 2547 2583
f 2568 2548 2584
f 2548 2564 2584
f 2569 2549 2585
f 2549 2565 2585
f 2550 2566 2586
f 2570 2550 2586
f 2571 2551 2587
f 2551 2567 2587
f 2552 2568 2588
f 2572 2552 2588
f 2573 2553 2589
f 2553 2569 2589
f 2554 2570 2590
f 2574 2554 2590
f 2555 2571 2591
f 2575 2555 2591
f 2576 2556 2592
f 2556 2572 2592
f 2557 2573 2593
f 2577 2557 2593
f 2578 2558 2594
f 2558 2574 2594
f 2559 2575 2595
f 2579 2559 2595
f 2580 2560 2596
f 2560 2576 2596
f 2581 2561 2597
f 2223 2224 2597
f 2224 2225 2597
f 2561 2223 2597
f 2582 2562 2598
f 2562 2577 2598
f 2583 2563 2599
f 2563 2578 2599
f 2584 2564 2600
f 2564 2579 2600
f 2205 2204 2601
f 2206 2205 2601
f 2204 2580 2601
f 2565 2581 2602
f 2585 2565 2602
f 2586 2566 2603
f 2566 2582 2603
f 2587 2567 2604
f 2567 2583 2604
f 2568 2584 2605
f 2588 2568 2605
f 2569 2585 2606
f 2589 2569 2606
f 2590 2570 2607
f 2570 2586 2607
f 2571 2587 2608
f 2591 2571 2608
f 2572 2588 2609
f 2592 2572 2609
f 2593 2573 2610
f 2573 2589 2610
f 2574 2590 2611
f 2594 2574 2611
f 2595 2575 2612
f 2575 2591 2612
f 2596 2576 2613
f 2576 2592 2613
f 2598 2577 2614
f 2577 2593 2614
f 2578 2594 2615
f 2599 2578 2615
f 2600 2579 2616
f 2579 2595 2616
f 2601 2580 2617
f 2580 2596 2617
f 2581 2597 2618
f 2597 2225 2618
f 2602 2581 2618
f 2225 2226 2618
f 2603 2582 2619
f 2582 2598 2619
f 2583 2599 2620
f 2604 2583 2620
f 2605 2584 2621
f 2584 2600 2621
f 2585 2602 2622
f 2606 2585 2622
f 2586 2603 2623
f 2607 2586 2623
f 2587 2604 2624
f 2608 2587 2624
f 2588 2605 2625
f 2609 2588 2625
f 2610 2589 2626
f 2589 2606 2626
f 2611 2590 2627
f 2590 2607 2627
f 2612 2591 2628
f 2591 2608 2628
f 2613 2592 2629
f 2592 2609 2629
f 2593 2610 2630
f 2614 2593 2630
f 2615 2594 2631
f 2594 2611 2631
f 2595 2612 2632
f 2616 2595 2632
f 2596 2613 2633
f 2617 2596 2633
f 2619 2598 2634
f 2598 2614 2634
f 2620 2599 2635
f 2599 2615 2635
f 2600 2616 2636
f 2621 2600 2636
f 2207 2206 2637
f 2601 2617 2637
f 2206 2601 2637
f 2622 2602 2638
f 2602 2618 2638
f 2603 2619 2639
f 2623 2603 2639
f 2604 2620 2640
f 2624 2604 2640
f 2605 2621 2641
f 2625 2605 2641
f 2606 2622 2642
f 2626 2606 2642
f 2607 2623 2643
f 2627 2607 2643
f 2608 2624 2644
f 2628 2608 2644
f 2629 2609 2645
f 2609 2625 2645
f 2630 2610 2646
f 2610 2626 2646
f 2631 2611 2647
f 2611 2627 2647
f 2632 2612 2648
f 2612 2628 2648
f 2613 2629 2649
f 2633 2613 2649
f 2634 2614 2650
f 2614 2630 2650
f 2615 2631 2651
f 2635 2615 2651
f 2616 2632 2652
f 2636 2616 2652
f 2637 2617 2653
f 2617 2633 2653
f 2638 2618 2654
f 2226 2227 2654
f 2227 2228 2654
f 2618 2226 2654
f 2639 2619 2655
f 2619 2634 2655
f 2640 2620 2656
f 2620 2635 2656
f 2641 2621 2657
f 2621 2636 2657
f 2208 2207 2658
f 2209 2208 2658
f 2207 2637 2658
f 2642 2622 2659
f 2622 2638 2659
f 2643 2623 2660
f 2623 2639 2660
f 2644 2624 2661
f 2624 2640 2661
f 2645 2625 2662
f 2625 2641 2662
f 2626 2642 2663
f 2646 2626 2663
f 2627 2643 2664
f 2647 2627 2664
f 2628 2644 2665
f 2648 2628 2665
f 2649 2629 2666
f 2629 2645 2666
f 2630 2646 2667
f 2650 2630 2667
f 2651 2631 2668
f 2631 2647 2668
f 2652 2632 2669
f 2632 2648 2669
f 2633 2649 2670
f 2653 2633 2670
f 2634 2650 2671
f 2655 2634 2671
f 2635 2651 2672
f 2656 2635 2672
f 2636 2652 2673
f 2657 2636 2673
f 2658 2637 2674
f 2637 2653 2674
f 2659 2638 2675
f 2638 2654 2675
f 2228 2229 2675
f 2654 2228 2675
f 2639 2655 2676
f 2660 2639 2676
f 2640 2656 2677
f 2661 2640 2677
f 2641 2657 2678
f 2662 2641 2678
f 2642 2659 2679
f 2663 2642 2679
f 2664 2643 2680
f 2643 2660 2680
f 2644 2661 2681
f 2665 2644 2681
f 2666 2645 2682
f 2645 2662 2682
f 2646 2663 2683
f 2667 2646 2683
f 2647 2664 2684
f 2668 2647 2684
f 2648 2665 2685
f 2669 2648 2685
f 2670 2649 2686
f 2649 2666 2686
f 2650 2667 2687
f 2671 2650 2687
f 2651 2668 2688
f 2672 2651 2688
f 2673 2652 2689
f 2652 2669 2689
f 2674 2653 2690
f 2653 2670 2690
f 2676 2655 2691
f 2655 2671 2691
f 2677 2656 2692
f 2656 2672 2692
f 2657 2673 2693
f 2678 2657 2693
f 2209 2658 2694
f 2210 2209 2694
f 2658 2674 2694
f 2659 2675 2695
f 2679 2659 2695
f 2660 2676 2696
f 2680 2660 2696
f 2661 2677 2697
f 2681 2661 2697
f 2682 2662 2698
f 2662 2678 2698
f 2663 2679 2699
f 2683 2663 2699
f 2664 2680 2700
f 2684 2664 2700
f 2685 2665 2701
f 2665 2681 2701
f 2686 2666 2702
f 2666 2682 2702
f 2687 2667 2703
f 2667 2683 2703
f 2668 2684 2704
f 2688 2668 2704
f 2669 2685 2705
f 2689 2669 2705
f 2670 2686 2706
f 2690 2670 2706
f 2691 2671 2707
f 2671 2687 2707
f 2692 2672 2708
f 2672 2688 2708
f 2673 2689 2709
f 2693 2673 2709
f 2674 2690 2710
f 2694 2674 2710
f 2695 2675 2711
f 2229 2230 2711
f 2675 2229 2711
f 2676 2691 2712
f 2696 2676 2712
f 2697 2677 2713
f 2677 2692 2713
f 2678 2693 2714
f 2698 2678 2714
f 2210 2694 2715
f 2211 2210 2715
f 2679 2695 2716
f 2699 2679 2716
f 2700 2680 2717
f 2680 2696 2717
f 2701 2681 2718
f 2681 2697 2718
f 2682 2698 2719
f 2702 2682 2719
f 2683 2699 2720
f 2703 2683 2720
f 2704 2684 2721
f 2684 2700 2721
f 2685 2701 2722
f 2705 2685 2722
f 2686 2702 2723
f 2706 2686 2723
f 2707 2687 2724
f 2687 2703 2724
f 2688 2704 2725
f 2708 2688 2725
f 2689 2705 2726
f 2709 2689 2726
f 2690 2706 2727
f 2710 2690 2727
f 2712 2691 2728
f 2691 2707 2728
f 2692 2708 2729
f 2713 2692 2729
f 2693 2709 2730
f 2714 2693 2730
f 2715 2694 2731
f 2694 2710 2731
f 2716 2695 2732
f 2230 2231 2732
f 2231 2232 2732
f 2711 2230 2732
f 2695 2711 2732
f 2717 2696 2733
f 2696 2712 2733
f 2697 2713 2734
f 2718 2697 2734
f 2698 2714 2735
f 2719 2698 2735
f 2720 2699 2736
f 2699 2716 2736
f 2721 2700 2737
f 2700 2717 2737
f 2722 2701 2738
f 2701 2718 2738
f 2723 2702 2739
f 2702 2719 2739
f 2703 2720 2740
f 2724 2703 2740
f 2704 2721 2741
f 2725 2704 2741
f 2726 2705 2742
f 2705 2722 2742
f 2727 2706 2743
f 2706 2723 2743
f 2707 2724 2744
f 2728 2707 2744
f 2708 2725 2745
f 2729 2708 2745
f 2709 2726 2746
f 2730 2709 2746
f 2731 2710 2747
f 2710 2727 2747
f 2733 2712 2748
f 2712 2728 2748
f 2734 2713 2749
f 2713 2729 2749
f 2735 2714 2750
f 2714 2730 2750
f 2212 2211 2751
f 2213 2212 2751
f 2715 2731 2751
f 2211 2715 2751
f 2716 2732 2752
f 2736 2716 2752
f 2737 2717 2753
f 2717 2733 2753
f 2738 2718 2754
f 2718 2734 2754
f 2739 2719 2755
f 2719 2735 2755
f 2720 2736 2756
f 2740 2720 2756
f 2741 2721 2757
f 2721 2737 2757
f 2742 2722 2758
f 2722 2738 2758
f 2723 2739 2759
f 2743 2723 2759
f 2724 2740 2760
f 2744 2724 2760
f 2725 2741 2761
f 2745 2725 2761
f 2746 2726 2762
f 2726 2742 2762
f 2727 2743 2763
f 2747 2727 2763
f 2728 2744 2764
f 2748 2728 2764
f 2729 2745 2765
f 2749 2729 2765
f 2750 2730 2766
f 2730 2746 2766
f 2751 2731 2767
f 2731 2747 2767
f 2732 2232 2768
f 2752 2732 2768
f 2232 2233 2768
f 2733 2748 2769
f 2753 2733 2769
f 2734 2749 2770
f 2754 2734 2770
f 2735 2750 2771
f 2755 2735 2771
f 2214 2213 2772
f 2213 2751 2772
f 2736 2752 2773
f 2756 2736 2773
f 2737 2753 2774
f 2757 2737 2774
f 2758 2738 2775
f 2738 2754 2775
f 2759 2739 2776
f 2739 2755 2776
f 2740 2756 2777
f 2760 2740 2777
f 2741 2757 2778
f 2761 2741 2778
f 2742 2758 2779
f 2762 2742 2779
f 2763 2743 2780
f 2743 2759 2780
f 2744 2760 2781
f 2764 2744 2781
f 2765 2745 2782
f 2745 2761 2782
f 2746 2762 2783
f 2766 2746 2783
f 2747 2763 2784
f 2767 2747 2784
f 2769 2748 2785
f 2748 2764 2785
f 2770 2749 2786
f 2749 2765 2786
f 2771 2750 2787
f 2750 2766 2787
f 2772 2751 2788
f 2751 2767 2788
f 2752 2768 2789
f 2768 2233 2789
f 2773 2752 2789
f 2233 2234 2789
f 2774 2753 2790
f 2753 2769 2790
f 2775 2754 2791
f 2754 2770 2791
f 2776 2755 2792
f 2755 2771 2792
f 2777 2756 2793
f 2756 2773 2793
f 2757 2774 2794
f 2778 2757 2794
f 2758 2775 2795
f 2779 2758 2795
f 2759 2776 2796
f 2780 2759 2796
f 2781 2760 2797
f 2760 2777 2797
f 2782 2761 2798
f 2761 2778 2798
f 2762 2779 2799
f 2783 2762 2799
f 2784 2763 2800
f 2763 2780 2800
f 2785 2764 2801
f 2764 2781 2801
f 2786 2765 2802
f 2765 2782 2802
f 2787 2766 2803
f 2766 2783 2803
f 2788 2767 2804
f 2767 2784 2804
f 2769 2785 2805
f 2790 2769 2805
f 2770 2786 2806
f 2791 2770 2806
f 2771 2787 2807
f 2792 2771 2807
f 2215 2214 2808
f 2216 2215 2808
f 2772 2788 2808
f 2214 2772 2808
f 2793 2773 2809
f 2773 2789 2809
f 2794 2774 2810
f 2774 2790 2810
f 2775 2791 2811
f 2795 2775 2811
f 2776 2792 2812
f 2796 2776 2812
f 2777 2793 2813
f 2797 2777 2813
f 2798 2778 2814
f 2778 2794 2814
f 2779 2795 2815
f 2799 2779 2815
f 2780 2796 2816
f 2800 2780 2816
f 2801 2781 2817
f 2781 2797 2817
f 2802 2782 2818
f 2782 2798 2818
f 2803 2783 2819
f 2783 2799 2819
f 2784 2800 2820
f 2804 2784 2820
f 2785 2801 2821
f 2805 2785 2821
f 2786 2802 2822
f 2806 2786 2822
f 2807 2787 2823
f 2787 2803 2823
f 2808 2788 2824
f 2788 2804 2824
f 2809 2789 2825
f 2234 2235 2825
f 2235 2236 2825
f 2789 2234 2825
f 2810 2790 2826
f 2790 2805 2826
f 2791 2806 2827
f 2811 2791 2827
f 2812 2792 2828
f 2792 2807 2828
f 2216 2808 2829
f 2217 2216 2829
f 2813 2793 2830
f 2793 2809 2830
f 2814 2794 2831
f 2794 2810 2831
f 2795 2811 2832
f 2815 2795 2832
f 2796 2812 2833
f 2816 2796 2833
f 2797 2813 2834
f 2817 2797 2834
f 2818 2798 2835
f 2798 2814 2835
f 2799 2815 2836
f 2819 2799 2836
f 2820 2800 2837
f 2800 2816 2837
f 2821 2801 2838
f 2801 2817 2838
f 2802 2818 2839
f 2822 2802 2839
f 2803 2819 2840
f 2823 2803 2840
f 2804 2820 2841
f 2824 2804 2841
f 2805 2821 2842
f 2826 2805 2842
f 2806 2822 2843
f 2827 2806 2843
f 2828 2807 2844
f 2807 2823 2844
f 2829 2808 2845
f 2808 2824 2845
f 2830 2809 2846
f 2825 2236 2846
f 2236 2237 2846
f 2809 2825 2846
f 2810 2826 2847
f 2831 2810 2847
f 2832 2811 2848
f 2811 2827 2848
f 2833 2812 2849
f 2812 2828 2849
f 2813 2830 2850
f 2834 2813 2850
f 2835 2814 2851
f 2814 2831 2851
f 2815 2832 2852
f 2836 2815 2852
f 2816 2833 2853
f 2837 2816 2853
f 2817 2834 2854
f 2838 2817 2854
f 2839 2818 2855
f 2818 2835 2855
f 2819 2836 2856
f 2840 2819 2856
f 2841 2820 2857
f 2820 2837 2857
f 2842 2821 2858
f 2821 2838 2858
f 2843 2822 2859
f 2822 2839 2859
f 2844 2823 2860
f 2823 2840 2860
f 2845 2824 2861
f 2824 2841 2861
f 2847 2826 2862
f 2826 2842 2862
f 2827 2843 2863
f 2848 2827 2863
f 2828 2844 2864
f 2849 2828 2864
f 2218 2217 2865
f 2261 2218 2865
f 2217 2829 2865
f 2262 2261 2865
f 2829 2845 2865
f 2830 2846 2866
f 2850 2830 2866
f 2831 2847 2867
f 2851 2831 2867
f 2852 2832 2868
f 2832 2848 2868
f 2833 2849 2869
f 2853 2833 2869
f 2854 2834 2870
f 2834 2850 2870
f 2835 2851 2871
f 2855 2835 2871
f 2836 2852 2872
f 2856 2836 2872
f 2837 2853 2873
f 2857 2837 2873
f 2858 2838 2874
f 2838 2854 2874
f 2859 2839 2875
f 2839 2855 2875
f 2840 2856 2876
f 2860 2840 2876
f 2861 2841 2877
f 2841 2857 2877
f 2862 2842 2878
f 2842 2858 2878
f 2863 2843 2879
f 2843 2859 2879
f 2864 2844 2880
f 2844 2860 2880
f 2262 2865 2881
f 2845 2861 2881
f 2865 2845 2881
f 2263 2262 2881
f 2237 2238 2882
f 2238 2239 2882
f 2846 2237 2882
f 2866 2846 2882
f 2867 2847 2883
f 2847 2862 2883
f 2848 2863 2884
f 2868 2848 2884
f 2849 2864 2885
f 2869 2849 2885
f 2850 2866 2886
f 2870 2850 2886
f 2851 2867 2887
f 2871 2851 2887
f 2852 2868 2888
f 2872 2852 2888
f 2853 2869 2889
f 2873 2853 2889
f 2874 2854 2890
f 2854 2870 2890
f 2855 2871 2891
f 2875 2855 2891
f 2876 2856 2892
f 2856 2872 2892
f 2877 2857 2893
f 2857 2873 2893
f 2878 2858 2894
f 2858 2874 2894
f 2859 2875 2895
f 2879 2859 2895
f 2880 2860 2896
f 2860 2876 2896
f 2881 2861 2897
f 2861 2877 2897
f 2263 2881 2897
f 2264 2263 2897
f 2265 2264 2897
f 2862 2878 2898
f 2883 2862 2898
f 2863 2879 2899
f 2884 2863 2899
f 2864 2880 2900
f 2885 2864 2900
f 2866 2882 2901
f 2239 2240 2901
f 2882 2239 2901
f 2886 2866 2901
f 2867 2883 2902
f 2887 2867 2902
f 2868 2884 2903
f 2888 2868 2903
f 2889 2869 2904
f 2869 2885 2904
f 2870 2886 2905
f 2890 2870 2905
f 2891 2871 2906
f 2871 2887 2906
f 2892 2872 2907
f 2872 2888 2907
f 2893 2873 2908
f 2873 2889 2908
f 2894 2874 2909
f 2874 2890 2909
f 2875 2891 2910
f 2895 2875 2910
f 2876 2892 2911
f 2896 2876 2911
f 2265 2897 2912
f 2877 2893 2912
f 2897 2877 2912
f 2266 2265 2912
f 2878 2894 2913
f 2898 2878 2913
f 2879 2895 2914
f 2899 2879 2914
f 2880 2896 2915
f 2900 2880 2915
f 2902 2883 2916
f 2883 2898 2916
f 2884 2899 2917
f 2903 2884 2917
f 2885 2900 2918
f 2904 2885 2918
f 2886 2901 2919
f 2905 2886 2919
f 2906 2887 2920
f 2887 2902 2920
f 2888 2903 2921
f 2907 2888 2921
f 2889 2904 2922
f 2908 2889 2922
f 2909 2890 2923
f 2890 2905 2923
f 2910 2891 2924
f 2891 2906 2924
f 2911 2892 2925
f 2892 2907 2925
f 2893 2908 2926
f 2912 2893 2926
f 2266 2912 2926
f 2267 2266 2926
f 2268 2267 2926
f 2913 2894 2927
f 2894 2909 2927
f 2895 2910 2928
f 2914 2895 2928
f 2915 2896 2929
f 2896 2911 2929
f 2898 2913 2930
f 2916 2898 2930
f 2899 2914 2931
f 2917 2899 2931
f 2900 2915 2932
f 2918 2900 2932
f 2901 2240 2933
f 2919 2901 2933
f 2240 2241 2933
f 2920 2902 2934
f 2902 2916 2934
f 2903 2917 2935
f 2921 2903 2935
f 2922 2904 2936
f 2904 2918 2936
f 2905 2919 2937
f 2923 2905 2937
f 2924 2906 2938
f 2906 2920 2938
f 2925 2907 2939
f 2907 2921 2939
f 2926 2908 2940
f 2908 2922 2940
f 2269 2268 2940
f 2268 2926 2940
f 2909 2923 2941
f 2927 2909 2941
f 2910 2924 2942
f 2928 2910 2942
f 2911 2925 2943
f 2929 2911 2943
f 2930 2913 2944
f 2913 2927 2944
f 2931 2914 2945
f 2914 2928 2945
f 2915 2929 2946
f 2932 2915 2946
f 2916 2930 2947
f 2934 2916 2947
f 2917 2931 2948
f 2935 2917 2948
f 2918 2932 2949
f 2936 2918 2949
f 2919 2933 2950
f 2933 2241 2950
f 2937 2919 2950
f 2241 2242 2950
f 2242 2243 2950
f 2938 2920 2951
f 2920 2934 2951
f 2921 2935 2952
f 2939 2921 2952
f 2940 2922 2953
f 2922 2936 2953
f 2269 2940 2953
f 2270 2269 2953
f 2923 2937 2954
f 2941 2923 2954
f 2942 2924 2955
f 2924 2938 2955
f 2925 2939 2956
f 2943 2925 2956
f 2944 2927 2957
f 2927 2941 2957
f 2928 2942 2958
f 2945 2928 2958
f 2929 2943 2959
f 2946 2929 2959
f 2930 2944 2960
f 2947 2930 2960
f 2931 2945 2961
f 2948 2931 2961
f 2949 2932 2962
f 2932 2946 2962
f 2951 2934 2963
f 2934 2947 2963
f 2935 2948 2964
f 2952 2935 2964
f 2936 2949 2965
f 2953 2936 2965
f 2270 2953 2965
f 2271 2270 2965
f 2272 2271 2965
f 2954 2937 2966
f 2937 2950 2966
f 2938 2951 2967
f 2955 2938 2967
f 2956 2939 2968
f 2939 2952 2968
f 2941 2954 2969
f 2957 2941 2969
f 2958 2942 2970
f 2942 2955 2970
f 2959 2943 2971
f 2943 2956 2971
f 2944 2957 2972
f 2960 2944 2972
f 2961 2945 2973
f 2945 2958 2973
f 2962 2946 2974
f 2946 2959 2974
f 2947 2960 2975
f 2963 2947 2975
f 2948 2961 2976
f 2964 2948 2976
f 2272 2965 2977
f 2949 2962 2977
f 2965 2949 2977
f 2273 2272 2977
f 2966 2950 2978
f 2243 2244 2978
f 2950 2243 2978
f 2951 2963 2979
f 2967 2951 2979
f 2952 2964 2980
f 2968 2952 2980
f 2969 2954 2981
f 2954 2966 2981
f 2955 2967 2982
f 2970 2955 2982
f 2956 2968 2983
f 2971 2956 2983
f 2957 2969 2984
f 2972 2957 2984
f 2973 2958 2985
f 2958 2970 2985
f 2974 2959 2986
f 2959 2971 2986
f 2975 2960 2987
f 2960 2972 2987
f 2961 2973 2988
f 2976 2961 2988
f 2977 2962 2989
f 2273 2977 2989
f 2274 2273 2989
f 2962 2974 2989
f 2979 2963 2990
f 2963 2975 2990
f 2980 2964 2991
f 2964 2976 2991
f 2978 2244 2992
f 2981 2966 2992
f 2966 2978 2992
f 2244 2245 2992
f 2982 2967 2993
f 2967 2979 2993
f 2968 2980 2994
f 2983 2968 2994
f 2984 2969 2995
f 2969 2981 2995
f 2985 2970 2996
f 2970 2982 2996
f 2986 2971 2997
f 2971 2983 2997
f 2987 2972 2998
f 2972 2984 2998
f 2988 2973 2999
f 2973 2985 2999
f 2974 2986 3000
f 2989 2974 3000
f 2274 2989 3000
f 2275 2274 3000
f 2276 2275 3000
f 2990 2975 3001
f 2975 2987 3001
f 2976 2988 3002
f 2991 2976 3002
f 2979 2990 3003
f 2993 2979 3003
f 2980 2991 3004
f 2994 2980 3004
f 2981 2992 3005
f 2995 2981 3005
f 2996 2982 3006
f 2982 2993 3006
f 2997 2983 3007
f 2983 2994 3007
f 2998 2984 3008
f 2984 2995 3008
f 2985 2996 3009
f 2999 2985 3009
f 2276 3000 3010
f 2986 2997 3010
f 3000 2986 3010
f 2277 2276 3010
f 2987 2998 3011
f 3001 2987 3011
f 2988 2999 3012
f 3002 2988 3012
f 3003 2990 3013
f 2990 3001 3013
f 3004 2991 3014
f 2991 3002 3014
f 3005 2992 3015
f 2245 2246 3015
f 2246 2247 3015
f 2992 2245 3015
f 2993 3003 3016
f 3006 2993 3016
f 3007 2994 3017
f 2994 3004 3017
f 2995 3005 3018
f 3008 2995 3018
f 2996 3006 3019
f 3009 2996 3019
f 3010 2997 3020
f 2277 3010 3020
f 2997 3007 3020
f 2278 2277 3020
f 2279 2278 3020
f 3011 2998 3021
f 2998 3008 3021
f 3012 2999 3022
f 2999 3009 3022
f 3013 3001 3023
f 3001 3011 3023
f 3002 3012 3024
f 3014 3002 3024
f 3003 3013 3025
f 3016 3003 3025
f 3017 3004 3026
f 3004 3014 3026
f 3018 3005 3027
f 3015 2247 3027
f 3005 3015 3027
f 2247 2248 3027
f 3006 3016 3028
f 3019 3006 3028
f 2280 2279 3029
f 2279 3020 3029
f 3007 3017 3029
f 3020 3007 3029
f 3008 3018 3030
f 3021 3008 3030
f 3009 3019 3031
f 3022 3009 3031
f 3011 3021 3032
f 3023 3011 3032
f 3012 3022 3033
f 3024 3012 3033
f 3013 3023 3034
f 3025 3013 3034
f 3014 3024 3035
f 3026 3014 3035
f 3028 3016 3036
f 3016 3025 3036
f 2281 2280 3037
f 3029 3017 3037
f 2280 3029 3037
f 3017 3026 3037
f 3030 3018 3038
f 3018 3027 3038
f 3031 3019 3039
f 3019 3028 3039
f 3021 3030 3040
f 3032 3021 3040
f 3022 3031 3041
f 3033 3022 3041
f 3034 3023 3042
f 3023 3032 3042
f 3024 3033 3043
f 3035 3024 3043
f 3036 3025 3044
f 3025 3034 3044
f 2282 2281 3045
f 2283 2282 3045
f 3026 3035 3045
f 3037 3026 3045
f 2281 3037 3045
f 3038 3027 3046
f 2248 2249 3046
f 2249 2250 3046
f 3027 2248 3046
f 3039 3028 3047
f 3028 3036 3047
f 3030 3038 3048
f 3040 3030 3048
f 3041 3031 3049
f 3031 3039 3049
f 3032 3040 3050
f 3042 3032 3050
f 3033 3041 3051
f 3043 3033 3051
f 3034 3042 3052
f 3044 3034 3052
f 2284 2283 3053
f 2283 3045 3053
f 3035 3043 3053
f 3045 3035 3053
f 3047 3036 3054
f 3036 3044 3054
f 3038 3046 3055
f 3048 3038 3055
f 2250 2251 3055
f 3046 2250 3055
f 3039 3047 3056
f 3049 3039 3056
f 3040 3048 3057
f 3050 3040 3057
f 3041 3049 3058
f 3051 3041 3058
f 3042 3050 3059
f 3052 3042 3059
f 2285 2284 3060
f 2286 2285 3060
f 3043 3051 3060
f 3053 3043 3060
f 2284 3053 3060
f 3054 3044 3061
f 3044 3052 3061
f 3047 3054 3062
f 3056 3047 3062
f 3048 3055 3063
f 3057 3048 3063
f 3049 3056 3064
f 3058 3049 3064
f 3059 3050 3065
f 3050 3057 3065
f 2287 2286 3066
f 2286 3060 3066
f 3051 3058 3066
f 3060 3051 3066
f 3052 3059 3067
f 3061 3052 3067
f 3054 3061 3068
f 3062 3054 3068
f 2251 2252 3069
f 3055 2251 3069
f 3063 3055 3069
f 3056 3062 3070
f 3064 3056 3070
f 3057 3063 3071
f 3065 3057 3071
f 2288 2287 3072
f 3058 3064 3072
f 2287 3066 3072
f 3066 3058 3072
f 3067 3059 3073
f 3059 3065 3073
f 3068 3061 3074
f 3061 3067 3074
f 3070 3062 3075
f 3062 3068 3075
f 3071 3063 3076
f 3069 2252 3076
f 3063 3069 3076
f 2252 2253 3076
f 2253 2254 3076
f 2289 2288 3077
f 2290 2289 3077
f 3064 3070 3077
f 3072 3064 3077
f 2288 3072 3077
f 3073 3065 3078
f 3065 3071 3078
f 3074 3067 3079
f 3067 3073 3079
f 3068 3074 3080
f 3075 3068 3080
f 2291 2290 3081
f 2290 3077 3081
f 3077 3070 3081
f 3070 3075 3081
f 3078 3071 3082
f 3071 3076 3082
f 3073 3078 3083
f 3079 3073 3083
f 3080 3074 3084
f 3074 3079 3084
f 2292 2291 3085
f 3075 3080 3085
f 2291 3081 3085
f 3081 3075 3085
f 3076 2254 3086
f 3082 3076 3086
f 2254 2255 3086
f 3078 3082 3087
f 3083 3078 3087
f 3079 3083 3088
f 3084 3079 3088
f 2293 2292 3089
f 2294 2293 3089
f 2292 3085 3089
f 3080 3084 3089
f 3085 3080 3089
f 3087 3082 3090
f 3082 3086 3090
f 3086 2255 3090
f 2255 2256 3090
f 2256 2257 3090
f 3088 3083 3091
f 3083 3087 3091
f 2295 2294 3092
f 3084 3088 3092
f 2294 3089 3092
f 3089 3084 3092
f 3091 3087 3093
f 3087 3090 3093
f 2296 2295 3094
f 2297 2296 3094
f 2295 3092 3094
f 3088 3091 3094
f 3092 3088 3094
f 2257 2258 3095
f 3090 2257 3095
f 3093 3090 3095
f 2298 2297 3096
f 3094 3091 3096
f 3091 3093 3096
f 2297 3094 3096
f 3093 3095 3097
f 3096 3093 3097
f 2299 2298 3097
f 2259 2299 3097
f 2258 2259 3097
f 2298 3096 3097
f 3095 2258 3097
f 3098 3099 3101
f 3100 3098 3101
f 3142 3141 3184
f 3222 3182 3183
f 3104 3103 3223
f 3103 3102 3224
f 3223 3103 3224
f 3224 3102 3225
f 3105 3104 3226
f 3104 3223 3226
f 3223 3224 3226
f 3225 3102 3227
f 3224 3225 3228
f 3226 3224 3228
f 3106 3105 3229
f 3107 3106 3229
f 3105 3226 3229
f 3227 3102 3230
f 3225 3227 3231
f 3228 3225 3231
f 3226 3228 3232
f 3229 3226 3232
f 3230 3102 3233
f 3231 3227 3234
f 3227 3230 3234
f 3232 3228 3235
f 3228 3231 3235
f 3107 3229 3236
f 3108 3107 3236
f 3229 3232 3236
f 3233 3102 3237
f 3230 3233 3238
f 3234 3230 3238
f 3235 3231 3239
f 3231 3234 3239
f 3236 3232 3240
f 3232 3235 3240
f 3237 3102 3241
f 3109 3108 3242
f 3110 3109 3242
f 3108 3236 3242
f 3233 3237 3243
f 3238 3233 3243
f 3234 3238 3244
f 3239 3234 3244
f 3240 3235 3245
f 3235 3239 3245
f 3241 3102 3246
f 3236 3240 3247
f 3242 3236 3247
f 3243 3237 3248
f 3237 3241 3248
f 3238 3243 3249
f 3244 3238 3249
f 3245 3239 3250
f 3239 3244 3250
f 3246 3102 3251
f 3240 3245 3252
f 3247 3240 3252
f 3241 3246 3253
f 3248 3241 3253
f 3242 3247 3254
f 3111 3110 3254
f 3110 3242 3254
f 3243 3248 3255
f 3249 3243 3255
f 3250 3244 3256
f 3244 3249 3256
f 3251 3102 3257
f 3245 3250 3258
f 3252 3245 3258
f 3246 3251 3259
f 3253 3246 3259
f 3254 3247 3260
f 3247 3252 3260
f 3255 3248 3261
f 3248 3253 3261
f 3112 3111 3262
f 3111 3254 3262
f 3256 3249 3263
f 3249 3255 3263
f 3257 3102 3264
f 3250 3256 3265
f 3258 3250 3265
f 3251 3257 3266
f 3259 3251 3266
f 3252 3258 3267
f 3260 3252 3267
f 3261 3253 3268
f 3253 3259 3268
f 3254 3260 3269
f 3262 3254 3269
f 3263 3255 3270
f 3255 3261 3270
f 3264 3102 3271
f 3256 3263 3272
f 3265 3256 3272
f 3257 3264 3273
f 3266 3257 3273
f 3267 3258 3274
f 3258 3265 3274
f 3268 3259 3275
f 3259 3266 3275
f 3260 3267 3276
f 3269 3260 3276
f 3261 3268 3277
f 3270 3261 3277
f 3113 3112 3278
f 3114 3113 3278
f 3262 3269 3278
f 3112 3262 3278
f 3271 3102 3279
f 3263 3270 3280
f 3272 3263 3280
f 3273 3264 3281
f 3264 3271 3281
f 3265 3272 3282
f 3274 3265 3282
f 3275 3266 3283
f 3266 3273 3283
f 3267 3274 3284
f 3276 3267 3284
f 3268 3275 3285
f 3277 3268 3285
f 3278 3269 3286
f 3269 3276 3286
f 3102 3143 3287
f 3279 3102 3287
f 3280 3270 3288
f 3270 3277 3288
f 3115 3114 3289
f 3114 3278 3289
f 3281 3271 3290
f 3271 3279 3290
f 3282 3272 3291
f 3272 3280 3291
f 3283 3273 3292
f 3273 3281 3292
f 3284 3274 3293
f 3274 3282 3293
f 3275 3283 3294
f 3285 3275 3294
f 3286 3276 3295
f 3276 3284 3295
f 3287 3143 3296
f 3277 3285 3297
f 3288 3277 3297
f 3289 3278 3298
f 3278 3286 3298
f 3290 3279 3299
f 3279 3287 3299
f 3280 3288 3300
f 3291 3280 3300
f 3281 3290 3301
f 3292 3281 3301
f 3282 3291 3302
f 3293 3282 3302
f 3283 3292 3303
f 3294 3283 3303
f 3295 3284 3304
f 3284 3293 3304
f 3296 3143 3305
f 3285 3294 3306
f 3297 3285 3306
f 3286 3295 3307
f 3298 3286 3307
f 3299 3287 3308
f 3287 3296 3308
f 3300 3288 3309
f 3288 3297 3309
f 3116 3115 3310
f 3115 3289 3310
f 3289 3298 3310
f 3290 3299 3311
f 3301 3290 3311
f 3291 3300 3312
f 3302 3291 3312
f 3292 3301 3313
f 3303 3292 3313
f 3293 3302 3314
f 3304 3293 3314
f 3305 3143 3315
f 3294 3303 3316
f 3306 3294 3316
f 3295 3304 3317
f 3307 3295 3317
f 3296 3305 3318
f 3308 3296 3318
f 3297 3306 3319
f 3309 3297 3319
f 3298 3307 3320
f 3310 3298 3320
f 3311 3299 3321
f 3299 3308 3321
f 3300 3309 3322
f 3312 3300 3322
f 3117 3116 3323
f 3118 3117 3323
f 3116 3310 3323
f 3301 3311 3324
f 3313 3301 3324
f 3314 3302 3325
f 3302 3312 3325
f 3315 3143 3326
f 3303 3313 3327
f 3316 3303 3327
f 3317 3304 3328
f 3304 3314 3328
f 3305 3315 3329
f 3318 3305 3329
f 3306 3316 3330
f 3319 3306 3330
f 3307 3317 3331
f 3320 3307 3331
f 3321 3308 3332
f 3308 3318 3332
f 3309 3319 3333
f 3322 3309 3333
f 3310 3320 3334
f 3323 3310 3334
f 3311 3321 3335
f 3324 3311 3335
f 3312 3322 3336
f 3325 3312 3336
f 3326 3143 3337
f 3327 3313 3338
f 3313 3324 3338
f 3314 3325 3339
f 3328 3314 3339
f 3329 3315 3340
f 3315 3326 3340
f 3316 3327 3341
f 3330 3316 3341
f 3331 3317 3342
f 3317 3328 3342
f 3318 3329 3343
f 3332 3318 3343
f 3319 3330 3344
f 3333 3319 3344
f 3320 3331 3345
f 3334 3320 3345
f 3335 3321 3346
f 3321 3332 3346
f 3336 3322 3347
f 3322 3333 3347
f 3119 3118 3348
f 3118 3323 3348
f 3323 3334 3348
f 3337 3143 3349
f 3338 3324 3350
f 3324 3335 3350
f 3339 3325 3351
f 3325 3336 3351
f 3326 3337 3352
f 3340 3326 3352
f 3327 3338 3353
f 3341 3327 3353
f 3328 3339 3354
f 3342 3328 3354
f 3343 3329 3355
f 3329 3340 3355
f 3344 3330 3356
f 3330 3341 3356
f 3345 3331 3357
f 3331 3342 3357
f 3346 3332 3358
f 3332 3343 3358
f 3333 3344 3359
f 3347 3333 3359
f 3334 3345 3360
f 3348 3334 3360
f 3349 3143 3361
f 3350 3335 3362
f 3335 3346 3362
f 3351 3336 3363
f 3336 3347 3363
f 3120 3119 3364
f 3121 3120 3364
f 3119 3348 3364
f 3337 3349 3365
f 3352 3337 3365
f 3338 3350 3366
f 3353 3338 3366
f 3354 3339 3367
f 3339 3351 3367
f 3340 3352 3368
f 3355 3340 3368
f 3341 3353 3369
f 3356 3341 3369
f 3342 3354 3370
f 3357 3342 3370
f 3343 3355 3371
f 3358 3343 3371
f 3344 3356 3372
f 3359 3344 3372
f 3360 3345 3373
f 3345 3357 3373
f 3361 3143 3374
f 3346 3358 3375
f 3362 3346 3375
f 3347 3359 3376
f 3363 3347 3376
f 3364 3348 3377
f 3348 3360 3377
f 3349 3361 3378
f 3365 3349 3378
f 3350 3362 3379
f 3366 3350 3379
f 3367 3351 3380
f 3351 3363 3380
f 3368 3352 3381
f 3352 3365 3381
f 3369 3353 3382
f 3353 3366 3382
f 3370 3354 3383
f 3354 3367 3383
f 3371 3355 3384
f 3355 3368 3384
f 3356 3369 3385
f 3372 3356 3385
f 3357 3370 3386
f 3373 3357 3386
f 3374 3143 3387
f 3375 3358 3388
f 3358 3371 3388
f 3376 3359 3389
f 3359 3372 3389
f 3360 3373 3390
f 3377 3360 3390
f 3361 3374 3391
f 3378 3361 3391
f 3362 3375 3392
f 3379 3362 3392
f 3363 3376 3393
f 3380 3363 3393
f 3121 3364 3394
f 3122 3121 3394
f 3364 3377 3394
f 3381 3365 3395
f 3365 3378 3395
f 3366 3379 3396
f 3382 3366 3396
f 3383 3367 3397
f 3367 3380 3397
f 3368 3381 3398
f 3384 3368 3398
f 3385 3369 3399
f 3369 3382 3399
f 3386 3370 3400
f 3370 3383 3400
f 3387 3143 3401
f 3371 3384 3402
f 3388 3371 3402
f 3372 3385 3403
f 3389 3372 3403
f 3373 3386 3404
f 3390 3373 3404
f 3391 3374 3405
f 3374 3387 3405
f 3392 3375 3406
f 3375 3388 3406
f 3376 3389 3407
f 3393 3376 3407
f 3377 3390 3408
f 3394 3377 3408
f 3378 3391 3409
f 3395 3378 3409
f 3396 3379 3410
f 3379 3392 3410
f 3380 3393 3411
f 3397 3380 3411
f 3123 3122 3412
f 3122 3394 3412
f 3381 3395 3413
f 3398 3381 3413
f 3382 3396 3414
f 3399 3382 3414
f 3383 3397 3415
f 3400 3383 3415
f 3401 3143 3416
f 3402 3384 3417
f 3384 3398 3417
f 3385 3399 3418
f 3403 3385 3418
f 3386 3400 3419
f 3404 3386 3419
f 3387 3401 3420
f 3405 3387 3420
f 3388 3402 3421
f 3406 3388 3421
f 3389 3403 3422
f 3407 3389 3422
f 3390 3404 3423
f 3408 3390 3423
f 3391 3405 3424
f 3409 3391 3424
f 3392 3406 3425
f 3410 3392 3425
f 3411 3393 3426
f 3393 3407 3426
f 3412 3394 3427
f 3394 3408 3427
f 3413 3395 3428
f 3395 3409 3428
f 3414 3396 3429
f 3396 3410 3429
f 3397 3411 3430
f 3415 3397 3430
f 3416 3143 3431
f 3417 3398 3432
f 3398 3413 3432
f 3418 3399 3433
f 3399 3414 3433
f 3400 3415 3434
f 3419 3400 3434
f 3420 3401 3435
f 3401 3416 3435
f 3402 3417 3436
f 3421 3402 3436
f 3422 3403 3437
f 3403 3418 3437
f 3404 3419 3438
f 3423 3404 3438
f 3424 3405 3439
f 3405 3420 3439
f 3425 3406 3440
f 3406 3421 3440
f 3426 3407 3441
f 3407 3422 3441
f 3427 3408 3442
f 3408 3423 3442
f 3409 3424 3443
f 3428 3409 3443
f 3410 3425 3444
f 3429 3410 3444
f 3430 3411 3445
f 3411 3426 3445
f 3124 3123 3446
f 3125 3124 3446
f 3412 3427 3446
f 3123 3412 3446
f 3431 3143 3447
f 3143 3144 3447
f 3432 3413 3448
f 3413 3428 3448
f 3414 3429 3449
f 3433 3414 3449
f 3415 3430 3450
f 3434 3415 3450
f 3416 3431 3451
f 3435 3416 3451
f 3436 3417 3452
f 3417 3432 3452
f 3418 3433 3453
f 3437 3418 3453
f 3419 3434 3454
f 3438 3419 3454
f 3420 3435 3455
f 3439 3420 3455
f 3440 3421 3456
f 3421 3436 3456
f 3422 3437 3457
f 3441 3422 3457
f 3442 3423 3458
f 3423 3438 3458
f 3424 3439 3459
f 3443 3424 3459
f 3425 3440 3460
f 3444 3425 3460
f 3445 3426 3461
f 3426 3441 3461
f 3446 3427 3462
f 3427 3442 3462
f 3447 3144 3463
f 3144 3145 3463
f 3428 3443 3464
f 3448 3428 3464
f 3449 3429 3465
f 3429 3444 3465
f 3430 3445 3466
f 3450 3430 3466
f 3125 3446 3467
f 3126 3125 3467
f 3451 3431 3468
f 3431 3447 3468
f 3452 3432 3469
f 3432 3448 3469
f 3453 3433 3470
f 3433 3449 3470
f 3434 3450 3471
f 3454 3434 3471
f 3435 3451 3472
f 3455 3435 3472
f 3436 3452 3473
f 3456 3436 3473
f 3457 3437 3474
f 3437 3453 3474
f 3438 3454 3475
f 3458 3438 3475
f 3439 3455 3476
f 3459 3439 3476
f 3440 3456 3477
f 3460 3440 3477
f 3441 3457 3478
f 3461 3441 3478
f 3442 3458 3479
f 3462 3442 3479
f 3443 3459 3480
f 3464 3443 3480
f 3444 3460 3481
f 3465 3444 3481
f 3466 3445 3482
f 3445 3461 3482
f 3446 3462 3483
f 3467 3446 3483
f 3145 3146 3484
f 3447 3463 3484
f 3463 3145 3484
f 3468 3447 3484
f 3448 3464 3485
f 3469 3448 3485
f 3470 3449 3486
f 3449 3465 3486
f 3471 3450 3487
f 3450 3466 3487
f 3472 3451 3488
f 3451 3468 3488
f 3452 3469 3489
f 3473 3452 3489
f 3453 3470 3490
f 3474 3453 3490
f 3454 3471 3491
f 3475 3454 3491
f 3476 3455 3492
f 3455 3472 3492
f 3456 3473 3493
f 3477 3456 3493
f 3478 3457 3494
f 3457 3474 3494
f 3458 3475 3495
f 3479 3458 3495
f 3459 3476 3496
f 3480 3459 3496
f 3460 3477 3497
f 3481 3460 3497
f 3482 3461 3498
f 3461 3478 3498
f 3483 3462 3499
f 3462 3479 3499
f 3464 3480 3500
f 3485 3464 3500
f 3486 3465 3501
f 3465 3481 3501
f 3487 3466 3502
f 3466 3482 3502
f 3467 3483 3503
f 3127 3126 3503
f 3126 3467 3503
f 3468 3484 3504
f 3488 3468 3504
f 3469 3485 3505
f 3489 3469 3505
f 3470 3486 3506
f 3490 3470 3506
f 3491 3471 3507
f 3471 3487 3507
f 3492 3472 3508
f 3472 3488 3508
f 3473 3489 3509
f 3493 3473 3509
f 3494 3474 3510
f 3474 3490 3510
f 3475 3491 3511
f 3495 3475 3511
f 3496 3476 3512
f 3476 3492 3512
f 3477 3493 3513
f 3497 3477 3513
f 3478 3494 3514
f 3498 3478 3514
f 3499 3479 3515
f 3479 3495 3515
f 3480 3496 3516
f 3500 3480 3516
f 3501 3481 3517
f 3481 3497 3517
f 3482 3498 3518
f 3502 3482 3518
f 3503 3483 3519
f 3483 3499 3519
f 3504 3484 3520
f 3146 3147 3520
f 3147 3148 3520
f 3484 3146 3520
f 3505 3485 3521
f 3485 3500 3521
f 3506 3486 3522
f 3486 3501 3522
f 3507 3487 3523
f 3487 3502 3523
f 3128 3127 3524
f 3129 3128 3524
f 3127 3503 3524
f 3488 3504 3525
f 3508 3488 3525
f 3509 3489 3526
f 3489 3505 3526
f 3510 3490 3527
f 3490 3506 3527
f 3491 3507 3528
f 3511 3491 3528
f 3492 3508 3529
f 3512 3492 3529
f 3513 3493 3530
f 3493 3509 3530
f 3494 3510 3531
f 3514 3494 3531
f 3495 3511 3532
f 3515 3495 3532
f 3516 3496 3533
f 3496 3512 3533
f 3497 3513 3534
f 3517 3497 3534
f 3518 3498 3535
f 3498 3514 3535
f 3519 3499 3536
f 3499 3515 3536
f 3521 3500 3537
f 3500 3516 3537
f 3501 3517 3538
f 3522 3501 3538
f 3523 3502 3539
f 3502 3518 3539
f 3524 3503 3540
f 3503 3519 3540
f 3504 3520 3541
f 3520 3148 3541
f 3525 3504 3541
f 3148 3149 3541
f 3526 3505 3542
f 3505 3521 3542
f 3506 3522 3543
f 3527 3506 3543
f 3528 3507 3544
f 3507 3523 3544
f 3508 3525 3545
f 3529 3508 3545
f 3509 3526 3546
f 3530 3509 3546
f 3510 3527 3547
f 3531 3510 3547
f 3511 3528 3548
f 3532 3511 3548
f 3533 3512 3549
f 3512 3529 3549
f 3534 3513 3550
f 3513 3530 3550
f 3535 3514 3551
f 3514 3531 3551
f 3536 3515 3552
f 3515 3532 3552
f 3516 3533 3553
f 3537 3516 3553
f 3538 3517 3554
f 3517 3534 3554
f 3518 3535 3555
f 3539 3518 3555
f 3519 3536 3556
f 3540 3519 3556
f 3542 3521 3557
f 3521 3537 3557
f 3543 3522 3558
f 3522 3538 3558
f 3523 3539 3559
f 3544 3523 3559
f 3130 3129 3560
f 3524 3540 3560
f 3129 3524 3560
f 3545 3525 3561
f 3525 3541 3561
f 3526 3542 3562
f 3546 3526 3562
f 3527 3543 3563
f 3547 3527 3563
f 3528 3544 3564
f 3548 3528 3564
f 3529 3545 3565
f 3549 3529 3565
f 3530 3546 3566
f 3550 3530 3566
f 3531 3547 3567
f 3551 3531 3567
f 3552 3532 3568
f 3532 3548 3568
f 3553 3533 3569
f 3533 3549 3569
f 3554 3534 3570
f 3534 3550 3570
f 3555 3535 3571
f 3535 3551 3571
f 3536 3552 3572
f 3556 3536 3572
f 3557 3537 3573
f 3537 3553 3573
f 3538 3554 3574
f 3558 3538 3574
f 3539 3555 3575
f 3559 3539 3575
f 3560 3540 3576
f 3540 3556 3576
f 3561 3541 3577
f 3149 3150 3577
f 3150 3151 3577
f 3541 3149 3577
f 3562 3542 3578
f 3542 3557 3578
f 3563 3543 3579
f 3543 3558 3579
f 3564 3544 3580
f 3544 3559 3580
f 3131 3130 3581
f 3132 3131 3581
f 3130 3560 3581
f 3565 3545 3582
f 3545 3561 3582
f 3566 3546 3583
f 3546 3562 3583
f 3567 3547 3584
f 3547 3563 3584
f 3568 3548 3585
f 3548 3564 3585
f 3549 3565 3586
f 3569 3549 3586
f 3550 3566 3587
f 3570 3550 3587
f 3551 3567 3588
f 3571 3551 3588
f 3572 3552 3589
f 3552 3568 3589
f 3553 3569 3590
f 3573 3553 3590
f 3574 3554 3591
f 3554 3570 3591
f 3575 3555 3592
f 3555 3571 3592
f 3556 3572 3593
f 3576 3556 3593
f 3557 3573 3594
f 3578 3557 3594
f 3558 3574 3595
f 3579 3558 3595
f 3559 3575 3596
f 3580 3559 3596
f 3581 3560 3597
f 3560 3576 3597
f 3582 3561 3598
f 3561 3577 3598
f 3151 3152 3598
f 3577 3151 3598
f 3562 3578 3599
f 3583 3562 3599
f 3563 3579 3600
f 3584 3563 3600
f 3564 3580 3601
f 3585 3564 3601
f 3565 3582 3602
f 3586 3565 3602
f 3587 3566 3603
f 3566 3583 3603
f 3567 3584 3604
f 3588 3567 3604
f 3589 3568 3605
f 3568 3585 3605
f 3569 3586 3606
f 3590 3569 3606
f 3570 3587 3607
f 3591 3570 3607
f 3571 3588 3608
f 3592 3571 3608
f 3593 3572 3609
f 3572 3589 3609
f 3573 3590 3610
f 3594 3573 3610
f 3574 3591 3611
f 3595 3574 3611
f 3596 3575 3612
f 3575 3592 3612
f 3597 3576 3613
f 3576 3593 3613
f 3599 3578 3614
f 3578 3594 3614
f 3600 3579 3615
f 3579 3595 3615
f 3580 3596 3616
f 3601 3580 3616
f 3132 3581 3617
f 3133 3132 3617
f 3581 3597 3617
f 3582 3598 3618
f 3602 3582 3618
f 3583 3599 3619
f 3603 3583 3619
f 3584 3600 3620
f 3604 3584 3620
f 3605 3585 3621
f 3585 3601 3621
f 3586 3602 3622
f 3606 3586 3622
f 3587 3603 3623
f 3607 3587 3623
f 3608 3588 3624
f 3588 3604 3624
f 3609 3589 3625
f 3589 3605 3625
f 3610 3590 3626
f 3590 3606 3626
f 3591 3607 3627
f 3611 3591 3627
f 3592 3608 3628
f 3612 3592 3628
f 3593 3609 3629
f 3613 3593 3629
f 3614 3594 3630
f 3594 3610 3630
f 3615 3595 3631
f 3595 3611 3631
f 3596 3612 3632
f 3616 3596 3632
f 3597 3613 3633
f 3617 3597 3633
f 3618 3598 3634
f 3152 3153 3634
f 3598 3152 3634
f 3599 3614 3635
f 3619 3599 3635
f 3620 3600 3636
f 3600 3615 3636
f 3601 3616 3637
f 3621 3601 3637
f 3133 3617 3638
f 3134 3133 3638
f 3602 3618 3639
f 3622 3602 3639
f 3623 3603 3640
f 3603 3619 3640
f 3624 3604 3641
f 3604 3620 3641
f 3605 3621 3642
f 3625 3605 3642
f 3606 3622 3643
f 3626 3606 3643
f 3627 3607 3644
f 3607 3623 3644
f 3608 3624 3645
f 3628 3608 3645
f 3609 3625 3646
f 3629 3609 3646
f 3630 3610 3647
f 3610 3626 3647
f 3611 3627 3648
f 3631 3611 3648
f 3612 3628 3649
f 3632 3612 3649
f 3613 3629 3650
f 3633 3613 3650
f 3635 3614 3651
f 3614 3630 3651
f 3615 3631 3652
f 3636 3615 3652
f 3616 3632 3653
f 3637 3616 3653
f 3638 3617 3654
f 3617 3633 3654
f 3639 3618 3655
f 3153 3154 3655
f 3154 3155 3655
f 3634 3153 3655
f 3618 3634 3655
f 3640 3619 3656
f 3619 3635 3656
f 3620 3636 3657
f 3641 3620 3657
f 3621 3637 3658
f 3642 3621 3658
f 3643 3622 3659
f 3622 3639 3659
f 3644 3623 3660
f 3623 3640 3660
f 3645 3624 3661
f 3624 3641 3661
f 3646 3625 3662
f 3625 3642 3662
f 3626 3643 3663
f 3647 3626 3663
f 3627 3644 3664
f 3648 3627 3664
f 3649 3628 3665
f 3628 3645 3665
f 3650 3629 3666
f 3629 3646 3666
f 3630 3647 3667
f 3651 3630 3667
f 3631 3648 3668
f 3652 3631 3668
f 3632 3649 3669
f 3653 3632 3669
f 3654 3633 3670
f 3633 3650 3670
f 3656 3635 3671
f 3635 3651 3671
f 3657 3636 3672
f 3636 3652 3672
f 3658 3637 3673
f 3637 3653 3673
f 3135 3134 3674
f 3136 3135 3674
f 3638 3654 3674
f 3134 3638 3674
f 3639 3655 3675
f 3659 3639 3675
f 3660 3640 3676
f 3640 3656 3676
f 3661 3641 3677
f 3641 3657 3677
f 3662 3642 3678
f 3642 3658 3678
f 3643 3659 3679
f 3663 3643 3679
f 3664 3644 3680
f 3644 3660 3680
f 3665 3645 3681
f 3645 3661 3681
f 3646 3662 3682
f 3666 3646 3682
f 3647 3663 3683
f 3667 3647 3683
f 3648 3664 3684
f 3668 3648 3684
f 3669 3649 3685
f 3649 3665 3685
f 3650 3666 3686
f 3670 3650 3686
f 3651 3667 3687
f 3671 3651 3687
f 3652 3668 3688
f 3672 3652 3688
f 3673 3653 3689
f 3653 3669 3689
f 3674 3654 3690
f 3654 3670 3690
f 3655 3155 3691
f 3675 3655 3691
f 3155 3156 3691
f 3656 3671 3692
f 3676 3656 3692
f 3657 3672 3693
f 3677 3657 3693
f 3658 3673 3694
f 3678 3658 3694
f 3137 3136 3695
f 3136 3674 3695
f 3659 3675 3696
f 3679 3659 3696
f 3660 3676 3697
f 3680 3660 3697
f 3681 3661 3698
f 3661 3677 3698
f 3682 3662 3699
f 3662 3678 3699
f 3663 3679 3700
f 3683 3663 3700
f 3664 3680 3701
f 3684 3664 3701
f 3665 3681 3702
f 3685 3665 3702
f 3686 3666 3703
f 3666 3682 3703
f 3667 3683 3704
f 3687 3667 3704
f 3688 3668 3705
f 3668 3684 3705
f 3669 3685 3706
f 3689 3669 3706
f 3670 3686 3707
f 3690 3670 3707
f 3692 3671 3708
f 3671 3687 3708
f 3693 3672 3709
f 3672 3688 3709
f 3694 3673 3710
f 3673 3689 3710
f 3695 3674 3711
f 3674 3690 3711
f 3675 3691 3712
f 3691 3156 3712
f 3696 3675 3712
f 3156 3157 3712
f 3697 3676 3713
f 3676 3692 3713
f 3698 3677 3714
f 3677 3693 3714
f 3699 3678 3715
f 3678 3694 3715
f 3700 3679 3716
f 3679 3696 3716
f 3680 3697 3717
f 3701 3680 3717
f 3681 3698 3718
f 3702 3681 3718
f 3682 3699 3719
f 3703 3682 3719
f 3704 3683 3720
f 3683 3700 3720
f 3705 3684 3721
f 3684 3701 3721
f 3685 3702 3722
f 3706 3685 3722
f 3707 3686 3723
f 3686 3703 3723
f 3708 3687 3724
f 3687 3704 3724
f 3709 3688 3725
f 3688 3705 3725
f 3710 3689 3726
f 3689 3706 3726
f 3711 3690 3727
f 3690 3707 3727
f 3692 3708 3728
f 3713 3692 3728
f 3693 3709 3729
f 3714 3693 3729
f 3694 3710 3730
f 3715 3694 3730
f 3138 3137 3731
f 3139 3138 3731
f 3695 3711 3731
f 3137 3695 3731
f 3716 3696 3732
f 3696 3712 3732
f 3717 3697 3733
f 3697 3713 3733
f 3698 3714 3734
f 3718 3698 3734
f 3699 3715 3735
f 3719 3699 3735
f 3700 3716 3736
f 3720 3700 3736
f 3721 3701 3737
f 3701 3717 3737
f 3702 3718 3738
f 3722 3702 3738
f 3703 3719 3739
f 3723 3703 3739
f 3724 3704 3740
f 3704 3720 3740
f 3725 3705 3741
f 3705 3721 3741
f 3726 3706 3742
f 3706 3722 3742
f 3707 3723 3743
f 3727 3707 3743
f 3708 3724 3744
f 3728 3708 3744
f 3709 3725 3745
f 3729 3709 3745
f 3730 3710 3746
f 3710 3726 3746
f 3731 3711 3747
f 3711 3727 3747
f 3732 3712 3748
f 3157 3158 3748
f 3158 3159 3748
f 3712 3157 3748
f 3733 3713 3749
f 3713 3728 3749
f 3714 3729 3750
f 3734 3714 3750
f 3735 3715 3751
f 3715 3730 3751
f 3139 3731 3752
f 3140 3139 3752
f 3736 3716 3753
f 3716 3732 3753
f 3737 3717 3754
f 3717 3733 3754
f 3718 3734 3755
f 3738 3718 3755
f 3719 3735 3756
f 3739 3719 3756
f 3720 3736 3757
f 3740 3720 3757
f 3741 3721 3758
f 3721 3737 3758
f 3722 3738 3759
f 3742 3722 3759
f 3743 3723 3760
f 3723 3739 3760
f 3744 3724 3761
f 3724 3740 3761
f 3725 3741 3762
f 3745 3725 3762
f 3726 3742 3763
f 3746 3726 3763
f 3727 3743 3764
f 3747 3727 3764
f 3728 3744 3765
f 3749 3728 3765
f 3729 3745 3766
f 3750 3729 3766
f 3751 3730 3767
f 3730 3746 3767
f 3752 3731 3768
f 3731 3747 3768
f 3753 3732 3769
f 3748 3159 3769
f 3159 3160 3769
f 3732 3748 3769
f 3733 3749 3770
f 3754 3733 3770
f 3755 3734 3771
f 3734 3750 3771
f 3756 3735 3772
f 3735 3751 3772
f 3736 3753 3773
f 3757 3736 3773
f 3758 3737 3774
f 3737 3754 3774
f 3738 3755 3775
f 3759 3738 3775
f 3739 3756 3776
f 3760 3739 3776
f 3740 3757 3777
f 3761 3740 3777
f 3762 3741 3778
f 3741 3758 3778
f 3742 3759 3779
f 3763 3742 3779
f 3764 3743 3780
f 3743 3760 3780
f 3765 3744 3781
f 3744 3761 3781
f 3766 3745 3782
f 3745 3762 3782
f 3767 3746 3783
f 3746 3763 3783
f 3768 3747 3784
f 3747 3764 3784
f 3770 3749 3785
f 3749 3765 3785
f 3750 3766 3786
f 3771 3750 3786
f 3751 3767 3787
f 3772 3751 3787
f 3141 3140 3788
f 3184 3141 3788
f 3140 3752 3788
f 3185 3184 3788
f 3752 3768 3788
f 3753 3769 3789
f 3773 3753 3789
f 3754 3770 3790
f 3774 3754 3790
f 3775 3755 3791
f 3755 3771 3791
f 3756 3772 3792
f 3776 3756 3792
f 3777 3757 3793
f 3757 3773 3793
f 3758 3774 3794
f 3778 3758 3794
f 3759 3775 3795
f 3779 3759 3795
f 3760 3776 3796
f 3780 3760 3796
f 3781 3761 3797
f 3761 3777 3797
f 3782 3762 3798
f 3762 3778 3798
f 3763 3779 3799
f 3783 3763 3799
f 3784 3764 3800
f 3764 3780 3800
f 3785 3765 3801
f 3765 3781 3801
f 3786 3766 3802
f 3766 3782 3802
f 3787 3767 3803
f 3767 3783 3803
f 3185 3788 3804
f 3768 3784 3804
f 3788 3768 3804
f 3186 3185 3804
f 3160 3161 3805
f 3161 3162 3805
f 3769 3160 3805
f 3789 3769 3805
f 3790 3770 3806
f 3770 3785 3806
f 3771 3786 3807
f 3791 3771 3807
f 3772 3787 3808
f 3792 3772 3808
f 3773 3789 3809
f 3793 3773 3809
f 3774 3790 3810
f 3794 3774 3810
f 3775 3791 3811
f 3795 3775 3811
f 3776 3792 3812
f 3796 3776 3812
f 3797 3777 3813
f 3777 3793 3813
f 3778 3794 3814
f 3798 3778 3814
f 3799 3779 3815
f 3779 3795 3815
f 3800 3780 3816
f 3780 3796 3816
f 3801 3781 3817
f 3781 3797 3817
f 3782 3798 3818
f 3802 3782 3818
f 3803 3783 3819
f 3783 3799 3819
f 3804 3784 3820
f 3784 3800 3820
f 3186 3804 3820
f 3187 3186 3820
f 3188 3187 3820
f 3785 3801 3821
f 3806 3785 3821
f 3786 3802 3822
f 3807 3786 3822
f 3787 3803 3823
f 3808 3787 3823
f 3789 3805 3824
f 3162 3163 3824
f 3805 3162 3824
f 3809 3789 3824
f 3790 3806 3825
f 3810 3790 3825
f 3791 3807 3826
f 3811 3791 3826
f 3812 3792 3827
f 3792 3808 3827
f 3793 3809 3828
f 3813 3793 3828
f 3814 3794 3829
f 3794 3810 3829
f 3815 3795 3830
f 3795 3811 3830
f 3816 3796 3831
f 3796 3812 3831
f 3817 3797 3832
f 3797 3813 3832
f 3798 3814 3833
f 3818 3798 3833
f 3799 3815 3834
f 3819 3799 3834
f 3188 3820 3835
f 3800 3816 3835
f 3820 3800 3835
f 3189 3188 3835
f 3801 3817 3836
f 3821 3801 3836
f 3802 3818 3837
f 3822 3802 3837
f 3803 3819 3838
f 3823 3803 3838
f 3825 3806 3839
f 3806 3821 3839
f 3807 3822 3840
f 3826 3807 3840
f 3808 3823 3841
f 3827 3808 3841
f 3809 3824 3842
f 3828 3809 3842
f 3829 3810 3843
f 3810 3825 3843
f 3811 3826 3844
f 3830 3811 3844
f 3812 3827 3845
f 3831 3812 3845
f 3832 3813 3846
f 3813 3828 3846
f 3833 3814 3847
f 3814 3829 3847
f 3834 3815 3848
f 3815 3830 3848
f 3816 3831 3849
f 3835 3816 3849
f 3189 3835 3849
f 3190 3189 3849
f 3191 3190 3849
f 3836 3817 3850
f 3817 3832 3850
f 3818 3833 3851
f 3837 3818 3851
f 3838 3819 3852
f 3819 3834 3852
f 3821 3836 3853
f 3839 3821 3853
f 3822 3837 3854
f 3840 3822 3854
f 3823 3838 3855
f 3841 3823 3855
f 3824 3163 3856
f 3842 3824 3856
f 3163 3164 3856
f 3843 3825 3857
f 3825 3839 3857
f 3826 3840 3858
f 3844 3826 3858
f 3845 3827 3859
f 3827 3841 3859
f 3828 3842 3860
f 3846 3828 3860
f 3847 3829 3861
f 3829 3843 3861
f 3848 3830 3862
f 3830 3844 3862
f 3849 3831 3863
f 3831 3845 3863
f 3192 3191 3863
f 3191 3849 3863
f 3832 3846 3864
f 3850 3832 3864
f 3833 3847 3865
f 3851 3833 3865
f 3834 3848 3866
f 3852 3834 3866
f 3853 3836 3867
f 3836 3850 3867
f 3854 3837 3868
f 3837 3851 3868
f 3838 3852 3869
f 3855 3838 3869
f 3839 3853 3870
f 3857 3839 3870
f 3840 3854 3871
f 3858 3840 3871
f 3841 3855 3872
f 3859 3841 3872
f 3842 3856 3873
f 3856 3164 3873
f 3860 3842 3873
f 3164 3165 3873
f 3165 3166 3873
f 3861 3843 3874
f 3843 3857 3874
f 3844 3858 3875
f 3862 3844 3875
f 3863 3845 3876
f 3845 3859 3876
f 3192 3863 3876
f 3193 3192 3876
f 3846 3860 3877
f 3864 3846 3877
f 3865 3847 3878
f 3847 3861 3878
f 3848 3862 3879
f 3866 3848 3879
f 3867 3850 3880
f 3850 3864 3880
f 3851 3865 3881
f 3868 3851 3881
f 3852 3866 3882
f 3869 3852 3882
f 3853 3867 3883
f 3870 3853 3883
f 3854 3868 3884
f 3871 3854 3884
f 3872 3855 3885
f 3855 3869 3885
f 3874 3857 3886
f 3857 3870 3886
f 3858 3871 3887
f 3875 3858 3887
f 3859 3872 3888
f 3876 3859 3888
f 3193 3876 3888
f 3194 3193 3888
f 3195 3194 3888
f 3877 3860 3889
f 3860 3873 3889
f 3861 3874 3890
f 3878 3861 3890
f 3879 3862 3891
f 3862 3875 3891
f 3864 3877 3892
f 3880 3864 3892
f 3881 3865 3893
f 3865 3878 3893
f 3882 3866 3894
f 3866 3879 3894
f 3867 3880 3895
f 3883 3867 3895
f 3884 3868 3896
f 3868 3881 3896
f 3885 3869 3897
f 3869 3882 3897
f 3870 3883 3898
f 3886 3870 3898
f 3871 3884 3899
f 3887 3871 3899
f 3195 3888 3900
f 3872 3885 3900
f 3888 3872 3900
f 3196 3195 3900
f 3889 3873 3901
f 3166 3167 3901
f 3873 3166 3901
f 3874 3886 3902
f 3890 3874 3902
f 3875 3887 3903
f 3891 3875 3903
f 3892 3877 3904
f 3877 3889 3904
f 3878 3890 3905
f 3893 3878 3905
f 3879 3891 3906
f 3894 3879 3906
f 3880 3892 3907
f 3895 3880 3907
f 3896 3881 3908
f 3881 3893 3908
f 3897 3882 3909
f 3882 3894 3909
f 3898 3883 3910
f 3883 3895 3910
f 3884 3896 3911
f 3899 3884 3911
f 3900 3885 3912
f 3196 3900 3912
f 3197 3196 3912
f 3885 3897 3912
f 3902 3886 3913
f 3886 3898 3913
f 3903 3887 3914
f 3887 3899 3914
f 3901 3167 3915
f 3904 3889 3915
f 3889 3901 3915
f 3167 3168 3915
f 3905 3890 3916
f 3890 3902 3916
f 3891 3903 3917
f 3906 3891 3917
f 3907 3892 3918
f 3892 3904 3918
f 3908 3893 3919
f 3893 3905 3919
f 3909 3894 3920
f 3894 3906 3920
f 3910 3895 3921
f 3895 3907 3921
f 3911 3896 3922
f 3896 3908 3922
f 3897 3909 3923
f 3912 3897 3923
f 3197 3912 3923
f 3198 3197 3923
f 3199 3198 3923
f 3913 3898 3924
f 3898 3910 3924
f 3899 3911 3925
f 3914 3899 3925
f 3902 3913 3926
f 3916 3902 3926
f 3903 3914 3927
f 3917 3903 3927
f 3904 3915 3928
f 3918 3904 3928
f 3919 3905 3929
f 3905 3916 3929
f 3920 3906 3930
f 3906 3917 3930
f 3921 3907 3931
f 3907 3918 3931
f 3908 3919 3932
f 3922 3908 3932
f 3199 3923 3933
f 3909 3920 3933
f 3923 3909 3933
f 3200 3199 3933
f 3910 3921 3934
f 3924 3910 3934
f 3911 3922 3935
f 3925 3911 3935
f 3926 3913 3936
f 3913 3924 3936
f 3927 3914 3937
f 3914 3925 3937
f 3928 3915 3938
f 3168 3169 3938
f 3169 3170 3938
f 3915 3168 3938
f 3916 3926 3939
f 3929 3916 3939
f 3930 3917 3940
f 3917 3927 3940
f 3918 3928 3941
f 3931 3918 3941
f 3919 3929 3942
f 3932 3919 3942
f 3933 3920 3943
f 3200 3933 3943
f 3920 3930 3943
f 3201 3200 3943
f 3202 3201 3943
f 3934 3921 3944
f 3921 3931 3944
f 3935 3922 3945
f 3922 3932 3945
f 3936 3924 3946
f 3924 3934 3946
f 3925 3935 3947
f 3937 3925 3947
f 3926 3936 3948
f 3939 3926 3948
f 3940 3927 3949
f 3927 3937 3949
f 3941 3928 3950
f 3938 3170 3950
f 3928 3938 3950
f 3170 3171 3950
f 3929 3939 3951
f 3942 3929 3951
f 3203 3202 3952
f 3202 3943 3952
f 3930 3940 3952
f 3943 3930 3952
f 3931 3941 3953
f 3944 3931 3953
f 3932 3942 3954
f 3945 3932 3954
f 3934 3944 3955
f 3946 3934 3955
f 3935 3945 3956
f 3947 3935 3956
f 3936 3946 3957
f 3948 3936 3957
f 3937 3947 3958
f 3949 3937 3958
f 3951 3939 3959
f 3939 3948 3959
f 3204 3203 3960
f 3952 3940 3960
f 3203 3952 3960
f 3940 3949 3960
f 3953 3941 3961
f 3941 3950 3961
f 3954 3942 3962
f 3942 3951 3962
f 3944 3953 3963
f 3955 3944 3963
f 3945 3954 3964
f 3956 3945 3964
f 3957 3946 3965
f 3946 3955 3965
f 3947 3956 3966
f 3958 3947 3966
f 3959 3948 3967
f 3948 3957 3967
f 3205 3204 3968
f 3206 3205 3968
f 3949 3958 3968
f 3960 3949 3968
f 3204 3960 3968
f 3961 3950 3969
f 3171 3172 3969
f 3172 3173 3969
f 3950 3171 3969
f 3962 3951 3970
f 3951 3959 3970
f 3953 3961 3971
f 3963 3953 3971
f 3964 3954 3972
f 3954 3962 3972
f 3955 3963 3973
f 3965 3955 3973
f 3956 3964 3974
f 3966 3956 3974
f 3957 3965 3975
f 3967 3957 3975
f 3207 3206 3976
f 3206 3968 3976
f 3958 3966 3976
f 3968 3958 3976
f 3970 3959 3977
f 3959 3967 3977
f 3961 3969 3978
f 3971 3961 3978
f 3173 3174 3978
f 3969 3173 3978
f 3962 3970 3979
f 3972 3962 3979
f 3963 3971 3980
f 3973 3963 3980
f 3964 3972 3981
f 3974 3964 3981
f 3965 3973 3982
f 3975 3965 3982
f 3208 3207 3983
f 3209 3208 3983
f 3966 3974 3983
f 3976 3966 3983
f 3207 3976 3983
f 3977 3967 3984
f 3967 3975 3984
f 3970 3977 3985
f 3979 3970 3985
f 3971 3978 3986
f 3980 3971 3986
f 3972 3979 3987
f 3981 3972 3987
f 3982 3973 3988
f 3973 3980 3988
f 3210 3209 3989
f 3209 3983 3989
f 3974 3981 3989
f 3983 3974 3989
f 3975 3982 3990
f 3984 3975 3990
f 3977 3984 3991
f 3985 3977 3991
f 3174 3175 3992
f 3978 3174 3992
f 3986 3978 3992
f 3979 3985 3993
f 3987 3979 3993
f 3980 3986 3994
f 3988 3980 3994
f 3211 3210 3995
f 3981 3987 3995
f 3210 3989 3995
f 3989 3981 3995
f 3990 3982 3996
f 3982 3988 3996
f 3991 3984 3997
f 3984 3990 3997
f 3993 3985 3998
f 3985 3991 3998
f 3994 3986 3999
f 3992 3175 3999
f 3986 3992 3999
f 3175 3176 3999
f 3176 3177 3999
f 3212 3211 4000
f 3213 3212 4000
f 3987 3993 4000
f 3995 3987 4000
f 3211 3995 4000
f 3996 3988 4001
f 3988 3994 4001
f 3997 3990 4002
f 3990 3996 4002
f 3991 3997 4003
f 3998 3991 4003
f 3214 3213 4004
f 3213 4000 4004
f 4000 3993 4004
f 3993 3998 4004
f 4001 3994 4005
f 3994 3999 4005
f 3996 4001 4006
f 4002 3996 4006
f 4003 3997 4007
f 3997 4002 4007
f 3215 3214 4008
f 3998 4003 4008
f 3214 4004 4008
f 4004 3998 4008
f 3999 3177 4009
f 4005 3999 4009
f 3177 3178 4009
f 4001 4005 4010
f 4006 4001 4010
f 4002 4006 4011
f 4007 4002 4011
f 3216 3215 4012
f 3217 3216 4012
f 3215 4008 4012
f 4003 4007 4012
f 4008 4003 4012
f 4010 4005 4013
f 4005 4009 4013
f 4009 3178 4013
f 3178 3179 4013
f 3179 3180 4013
f 4011 4006 4014
f 4006 4010 4014
f 3218 3217 4015
f 4007 4011 4015
f 3217 4012 4015
f 4012 4007 4015
f 4014 4010 4016
f 4010 4013 4016
f 3219 3218 4017
f 3220 3219 4017
f 3218 4015 4017
f 4011 4014 4017
f 4015 4011 4017
f 3180 3181 4018
f 4013 3180 4018
f 4016 4013 4018
f 3221 3220 4019
f 4017 4014 4019
f 4014 4016 4019
f 3220 4017 4019
f 4016 4018 4020
f 4019 4016 4020
f 3222 3221 4020
f 3182 3222 4020
f 3181 3182 4020
f 3221 4019 4020
f 4018 3181 4020
f 4022 4021 4023
f 4021 4024 4023
f 4064 4065 4105
f 4065 4106 4105
f 4063 4064 4104
f 4064 4105 4104
f 4062 4063 4103
f 4063 4104 4103
f 4062 4103 4102
f 4061 4062 4102
f 4061 4102 4101
f 4060 4061 4101
f 4060 4101 4100
f 4059 4060 4100
f 4059 4100 4099
f 4058 4059 4099
f 4058 4099 4098
f 4057 4058 4098
f 4057 4098 4097
f 4056 4057 4097
f 4056 4097 4096
f 4055 4056 4096
f 4053 4054 4095
f 4054 4055 4095
f 4055 4096 4095
f 4053 4095 4094
f 4052 4053 4094
f 4052 4094 4093
f 4050 4051 4092
f 4051 4052 4092
f 4052 4093 4092
f 4050 4092 4091
f 4049 4050 4090
f 4050 4091 4090
f 4048 4049 4089
f 4049 4090 4089
f 4046 4047 4088
f 4047 4048 4088
f 4048 4089 4088
f 4046 4088 4087
f 4045 4046 4086
f 4046 4087 4086
f 4043 4044 4085
f 4044 4045 4085
f 4045 4086 4085
f 4043 4085 4084
f 4041 4042 4083
f 4042 4043 4083
f 4043 4084 4083
f 4041 4083 4082
f 4040 4041 4081
f 4041 4082 4081
f 4039 4040 4080
f 4040 4081 4080
f 4037 4038 4079
f 4038 4039 4079
f 4039 4080 4079
f 4037 4079 4078
f 4037 4078 4077
f 4035 4036 4077
f 4036 4037 4077
f 4035 4077 4076
f 4034 4035 4075
f 4035 4076 4075
f 4034 4075 4074
f 4033 4034 4074
f 4031 4032 4073
f 4032 4033 4073
f 4033 4074 4073
f 4031 4073 4072
f 4030 4031 4071
f 4031 4072 4071
f 4029 4030 4070
f 4030 4071 4070
f 4028 4029 4069
f 4029 4070 4069
f 4027 4028 4068
f 4028 4069 4068
f 4026 4027 4067
f 4027 4068 4067
f 4025 4026 4066
f 4026 4067 4066
f 4147 4146 4187
f 4188 4147 4187
f 4146 4145 4186
f 4187 4146 4186
f 4145 4144 4185
f 4186 4145 4185
f 4185 4144 4184
f 4144 4143 4184
f 4184 4143 4183
f 4143 4142 4183
f 4183 4142 4182
f 4142 4141 4182
f 4182 4141 4181
f 4141 4140 4181
f 4181 4140 4180
f 4140 4139 4180
f 4180 4139 4179
f 4139 4138 4179
f 4179 4138 4178
f 4138 4137 4178
f 4136 4135 4177
f 4137 4136 4177
f 4178 4137 4177
f 4177 4135 4176
f 4135 4134 4176
f 4176 4134 4175
f 4133 4132 4174
f 4134 4133 4174
f 4175 4134 4174
f 4174 4132 4173
f 4132 4131 4172
f 4173 4132 4172
f 4131 4130 4171
f 4172 4131 4171
f 4129 4128 4170
f 4130 4129 4170
f 4171 4130 4170
f 4170 4128 4169
f 4128 4127 4168
f 4169 4128 4168
f 4126 4125 4167
f 4127 4126 4167
f 4168 4127 4167
f 4167 4125 4166
f 4124 4123 4165
f 4125 4124 4165
f 4166 4125 4165
f 4165 4123 4164
f 4123 4122 4163
f 4164 4123 4163
f 4122 4121 4162
f 4163 4122 4162
f 4120 4119 4161
f 4121 4120 4161
f 4162 4121 4161
f 4161 4119 4160
f 4160 4119 4159
f 4118 4117 4159
f 4119 4118 4159
f 4159 4117 4158
f 4117 4116 4157
f 4158 4117 4157
f 4157 4116 4156
f 4116 4115 4156
f 4114 4113 4155
f 4115 4114 4155
f 4156 4115 4155
f 4155 4113 4154
f 4113 4112 4153
f 4154 4113 4153
f 4112 4111 4152
f 4153 4112 4152
f 4111 4110 4151
f 4152 4111 4151
f 4110 4109 4150
f 4151 4110 4150
f 4109 4108 4149
f 4150 4109 4149
f 4108 4107 4148
f 4149 4108 4148
f 4190 4189 4232
f 4189 4191 4232
f 4191 4192 4233
f 4232 4191 4233
f 4192 4193 4234
f 4233 4192 4234
f 4193 4194 4235
f 4194 4195 4235
f 4234 4193 4235
f 4235 4195 4236
f 4195 4196 4236
f 4236 4196 4237
f 4237 4196 4238
f 4196 4197 4238
f 4197 4198 4239
f 4198 4199 4239
f 4238 4197 4239
f 4239 4199 4240
f 4199 4200 4241
f 4200 4201 4241
f 4240 4199 4241
f 4241 4201 4242
f 4201 4202 4243
f 4202 4203 4243
f 4242 4201 4243
f 4243 4203 4244
f 4203 4204 4245
f 4204 4205 4245
f 4244 4203 4245
f 4245 4205 4246
f 4205 4206 4247
f 4246 4205 4247
f 4206 4207 4248
f 4247 4206 4248
f 4207 4208 4249
f 4248 4207 4249
f 4208 4209 4250
f 4209 4210 4250
f 4249 4208 4250
f 4210 4211 4251
f 4250 4210 4251
f 4251 4211 4252
f 4211 4212 4253
f 4252 4211 4253
f 4212 4213 4254
f 4253 4212 4254
f 4213 4214 4255
f 4254 4213 4255
f 4214 4215 4256
f 4255 4214 4256
f 4215 4216 4257
f 4256 4215 4257
f 4216 4217 4258
f 4257 4216 4258
f 4217 4218 4259
f 4258 4217 4259
f 4218 4219 4260
f 4259 4218 4260
f 4260 4219 4261
f 4219 4220 4261
f 4261 4220 4262
f 4220 4221 4262
f 4262 4221 4263
f 4221 4222 4263
f 4263 4222 4264
f 4222 4223 4264
f 4223 4224 4264
f 4264 4224 4265
f 4265 4224 4266
f 4224 4225 4266
f 4266 4225 4267
f 4225 4226 4267
f 4267 4226 4268
f 4226 4227 4268
f 4268 4227 4269
f 4227 4228 4269
f 4269 4228 4270
f 4228 4229 4270
f 4270 4229 4231
f 4229 4230 4231
f 4311 4310 4351
f 4352 4311 4351
f 4310 4309 4350
f 4351 4310 4350
f 4309 4308 4349
f 4350 4309 4349
f 4349 4308 4348
f 4308 4307 4348
f 4348 4307 4347
f 4307 4306 4347
f 4347 4306 4346
f 4306 4305 4346
f 4346 4305 4345
f 4305 4304 4345
f 4345 4304 4344
f 4304 4303 4344
f 4344 4303 4343
f 4303 4302 4343
f 4343 4302 4342
f 4302 4301 4342
f 4300 4299 4341
f 4301 4300 4341
f 4342 4301 4341
f 4341 4299 4340
f 4299 4298 4340
f 4340 4298 4339
f 4297 4296 4338
f 4298 4297 4338
f 4339 4298 4338
f 4338 4296 4337
f 4296 4295 4336
f 4337 4296 4336
f 4295 4294 4335
f 4336 4295 4335
f 4293 4292 4334
f 4294 4293 4334
f 4335 4294 4334
f 4334 4292 4333
f 4292 4291 4332
f 4333 4292 4332
f 4290 4289 4331
f 4291 4290 4331
f 4332 4291 4331
f 4331 4289 4330
f 4288 4287 4329
f 4289 4288 4329
f 4330 4289 4329
f 4329 4287 4328
f 4287 4286 4327
f 4328 4287 4327
f 4286 4285 4326
f 4327 4286 4326
f 4284 4283 4325
f 4285 4284 4325
f 4326 4285 4325
f 4325 4283 4324
f 4324 4283 4323
f 4282 4281 4323
f 4283 4282 4323
f 4323 4281 4322
f 4281 4280 4321
f 4322 4281 4321
f 4321 4280 4320
f 4280 4279 4320
f 4278 4277 4319
f 4279 4278 4319
f 4320 4279 4319
f 4319 4277 4318
f 4277 4276 4317
f 4318 4277 4317
f 4276 4275 4316
f 4317 4276 4316
f 4275 4274 4315
f 4316 4275 4315
f 4274 4273 4314
f 4315 4274 4314
f 4273 4272 4313
f 4314 4273 4313
f 4272 4271 4312
f 4313 4272 4312
f 4392 4393 4433
f 4393 4434 4433
f 4391 4392 4432
f 4392 4433 4432
f 4390 4391 4431
f 4391 4432 4431
f 4390 4431 4430
f 4389 4390 4430
f 4389 4430 4429
f 4388 4389 4429
f 4388 4429 4428
f 4387 4388 4428
f 4387 4428 4427
f 4386 4387 4427
f 4386 4427 4426
f 4385 4386 4426
f 4385 4426 4425
f 4384 4385 4425
f 4384 4425 4424
f 4383 4384 4424
f 4382 4383 4423
f 4383 4424 4423
f 4381 4382 4422
f 4382 4423 4422
f 4380 4381 4421
f 4381 4422 4421
f 4379 4380 4420
f 4380 4421 4420
f 4378 4379 4419
f 4379 4420 4419
f 4377 4378 4418
f 4378 4419 4418
f 4376 4377 4417
f 4377 4418 4417
f 4375 4376 4416
f 4376 4417 4416
f 4374 4375 4415
f 4375 4416 4415
f 4373 4374 4414
f 4374 4415 4414
f 4372 4373 4413
f 4373 4414 4413
f 4371 4372 4412
f 4372 4413 4412
f 4370 4371 4411
f 4371 4412 4411
f 4369 4370 4410
f 4370 4411 4410
f 4368 4369 4409
f 4369 4410 4409
f 4367 4368 4408
f 4368 4409 4408
f 4366 4367 4407
f 4367 4408 4407
f 4365 4366 4406
f 4366 4407 4406
f 4365 4406 4405
f 4364 4365 4405
f 4364 4405 4404
f 4363 4364 4404
f 4362 4363 4403
f 4363 4404 4403
f 4362 4403 4402
f 4361 4362 4402
f 4360 4361 4401
f 4361 4402 4401
f 4359 4360 4400
f 4360 4401 4400
f 4358 4359 4399
f 4359 4400 4399
f 4357 4358 4398
f 4358 4399 4398
f 4356 4357 4397
f 4357 4398 4397
f 4355 4356 4396
f 4356 4397 4396
f 4353 4354 4395
f 4354 4355 4395
f 4355 4396 4395
f 4353 4395 4394
f 4436 4435 4478
f 4435 4477 4478
f 4437 4436 4479
f 4436 4478 4479
f 4438 4437 4480
f 4437 4479 4480
f 4439 4438 4481
f 4438 4480 4481
f 4440 4439 4482
f 4439 4481 4482
f 4441 4440 4483
f 4440 4482 4483
f 4442 4441 4484
f 4441 4483 4484
f 4443 4442 4485
f 4442 4484 4485
f 4444 4443 4486
f 4443 4485 4486
f 4445 4444 4487
f 4444 4486 4487
f 4446 4445 4488
f 4447 4446 4488
f 4445 4487 4488
f 4447 4488 4489
f 4448 4447 4489
f 4448 4489 4490
f 4449 4448 4491
f 4448 4490 4491
f 4450 4449 4492
f 4449 4491 4492
f 4451 4450 4493
f 4450 4492 4493
f 4452 4451 4494
f 4451 4493 4494
f 4453 4452 4495
f 4452 4494 4495
f 4454 4453 4496
f 4453 4495 4496
f 4455 4454 4497
f 4454 4496 4497
f 4456 4455 4498
f 4455 4497 4498
f 4457 4456 4499
f 4456 4498 4499
f 4458 4457 4500
f 4457 4499 4500
f 4459 4458 4501
f 4458 4500 4501
f 4460 4459 4502
f 4459 4501 4502
f 4461 4460 4503
f 4460 4502 4503
f 4462 4461 4504
f 4463 4462 4504
f 4461 4503 4504
f 4463 4504 4505
f 4464 4463 4506
f 4465 4464 4506
f 4463 4505 4506
f 4465 4506 4507
f 4465 4507 4508
f 4466 4465 4508
f 4466 4508 4509
f 4467 4466 4509
f 4468 4467 4509
f 4468 4509 4510
f 4468 4510 4511
f 4469 4468 4511
f 4469 4511 4512
f 4470 4469 4512
f 4470 4512 4513
f 4471 4470 4513
f 4472 4471 4513
f 4472 4513 4514
f 4472 4514 4515
f 4473 4472 4515
f 4474 4473 4516
f 4473 4515 4516
f 4475 4474 4476
f 4474 4516 4476
f 4557 4556 4559
f 4556 4555 4560
f 4559 4556 4560
f 4555 4554 4561
f 4560 4555 4561
f 4554 4553 4562
f 4561 4554 4562
f 4553 4552 4563
f 4562 4553 4563
f 4563 4552 4564
f 4552 4551 4564
f 4564 4551 4565
f 4551 4550 4565
f 4565 4550 4566
f 4550 4549 4566
f 4566 4549 4567
f 4549 4548 4567
f 4567 4548 4568
f 4548 4547 4568
f 4568 4547 4569
f 4547 4546 4569
f 4546 4545 4570
f 4569 4546 4570
f 4570 4545 4571
f 4545 4544 4571
f 4544 4543 4572
f 4571 4544 4572
f 4543 4542 4573
f 4572 4543 4573
f 4542 4541 4574
f 4573 4542 4574
f 4541 4540 4575
f 4574 4541 4575
f 4540 4539 4576
f 4575 4540 4576
f 4539 4538 4577
f 4576 4539 4577
f 4538 4537 4578
f 4577 4538 4578
f 4537 4536 4579
f 4578 4537 4579
f 4536 4535 4580
f 4579 4536 4580
f 4535 4534 4581
f 4580 4535 4581
f 4534 4533 4582
f 4581 4534 4582
f 4582 4533 4583
f 4532 4531 4584
f 4533 4532 4584
f 4583 4533 4584
f 4584 4531 4585
f 4530 4529 4586
f 4531 4530 4586
f 4585 4531 4586
f 4586 4529 4587
f 4587 4529 4588
f 4529 4528 4588
f 4588 4528 4589
f 4527 4526 4589
f 4528 4527 4589
f 4589 4526 4590
f 4590 4526 4591
f 4526 4525 4591
f 4525 4524 4592
f 4591 4525 4592
f 4523 4522 4593
f 4524 4523 4593
f 4592 4524 4593
f 4593 4522 4594
f 4522 4521 4595
f 4594 4522 4595
f 4520 4519 4596
f 4521 4520 4596
f 4595 4521 4596
f 4596 4519 4597
f 4518 4517 4598
f 4519 4518 4598
f 4597 4519 4598
f 4598 4517 4558
f 4599 4600 4680
f 4601 4599 4680
f 4602 4601 4679
f 4601 4680 4679
f 4603 4602 4678
f 4602 4679 4678
f 4604 4603 4677
f 4603 4678 4677
f 4604 4677 4676
f 4605 4604 4676
f 4606 4605 4675
f 4605 4676 4675
f 4606 4675 4674
f 4607 4606 4674
f 4608 4607 4673
f 4607 4674 4673
f 4609 4608 4672
f 4608 4673 4672
f 4610 4609 4671
f 4609 4672 4671
f 4611 4610 4670
f 4610 4671 4670
f 4612 4611 4669
f 4611 4670 4669
f 4613 4612 4668
f 4612 4669 4668
f 4614 4613 4667
f 4613 4668 4667
f 4615 4614 4666
f 4614 4667 4666
f 4616 4615 4665
f 4615 4666 4665
f 4617 4616 4664
f 4616 4665 4664
f 4618 4617 4663
f 4617 4664 4663
f 4619 4618 4662
f 4618 4663 4662
f 4620 4619 4661
f 4619 4662 4661
f 4621 4620 4660
f 4620 4661 4660
f 4622 4621 4659
f 4621 4660 4659
f 4623 4622 4658
f 4622 4659 4658
f 4624 4623 4657
f 4623 4658 4657
f 4625 4624 4656
f 4624 4657 4656
f 4626 4625 4655
f 4625 4656 4655
f 4627 4626 4654
f 4626 4655 4654
f 4628 4627 4653
f 4627 4654 4653
f 4628 4653 4652
f 4629 4628 4652
f 4629 4652 4651
f 4630 4629 4651
f 4630 4651 4650
f 4631 4630 4650
f 4631 4650 4649
f 4632 4631 4649
f 4632 4649 4648
f 4633 4632 4648
f 4633 4648 4647
f 4634 4633 4647
f 4634 4647 4646
f 4635 4634 4646
f 4636 4635 4646
f 4636 4646 4645
f 4636 4645 4644
f 4637 4636 4644
f 4638 4637 4644
f 4639 4638 4643
f 4638 4644 4643
f 4639 4643 4642
f 4640 4639 4641
f 4639 4642 4641
f 4721 4720 4763
f 4801 4761 4762
f 4683 4682 4802
f 4682 4681 4803
f 4802 4682 4803
f 4803 4681 4804
f 4684 4683 4805
f 4683 4802 4805
f 4802 4803 4805
f 4804 4681 4806
f 4803 4804 4807
f 4805 4803 4807
f 4685 4684 4808
f 4686 4685 4808
f 4684 4805 4808
f 4806 4681 4809
f 4804 4806 4810
f 4807 4804 4810
f 4805 4807 4811
f 4808 4805 4811
f 4809 4681 4812
f 4810 4806 4813
f 4806 4809 4813
f 4811 4807 4814
f 4807 4810 4814
f 4686 4808 4815
f 4687 4686 4815
f 4808 4811 4815
f 4812 4681 4816
f 4809 4812 4817
f 4813 4809 4817
f 4814 4810 4818
f 4810 4813 4818
f 4815 4811 4819
f 4811 4814 4819
f 4816 4681 4820
f 4688 4687 4821
f 4689 4688 4821
f 4687 4815 4821
f 4812 4816 4822
f 4817 4812 4822
f 4813 4817 4823
f 4818 4813 4823
f 4819 4814 4824
f 4814 4818 4824
f 4820 4681 4825
f 4815 4819 4826
f 4821 4815 4826
f 4822 4816 4827
f 4816 4820 4827
f 4817 4822 4828
f 4823 4817 4828
f 4824 4818 4829
f 4818 4823 4829
f 4825 4681 4830
f 4819 4824 4831
f 4826 4819 4831
f 4820 4825 4832
f 4827 4820 4832
f 4821 4826 4833
f 4690 4689 4833
f 4689 4821 4833
f 4822 4827 4834
f 4828 4822 4834
f 4829 4823 4835
f 4823 4828 4835
f 4830 4681 4836
f 4824 4829 4837
f 4831 4824 4837
f 4825 4830 4838
f 4832 4825 4838
f 4833 4826 4839
f 4826 4831 4839
f 4834 4827 4840
f 4827 4832 4840
f 4691 4690 4841
f 4690 4833 4841
f 4835 4828 4842
f 4828 4834 4842
f 4836 4681 4843
f 4829 4835 4844
f 4837 4829 4844
f 4830 4836 4845
f 4838 4830 4845
f 4831 4837 4846
f 4839 4831 4846
f 4840 4832 4847
f 4832 4838 4847
f 4833 4839 4848
f 4841 4833 4848
f 4842 4834 4849
f 4834 4840 4849
f 4843 4681 4850
f 4835 4842 4851
f 4844 4835 4851
f 4836 4843 4852
f 4845 4836 4852
f 4846 4837 4853
f 4837 4844 4853
f 4847 4838 4854
f 4838 4845 4854
f 4839 4846 4855
f 4848 4839 4855
f 4840 4847 4856
f 4849 4840 4856
f 4692 4691 4857
f 4693 4692 4857
f 4841 4848 4857
f 4691 4841 4857
f 4850 4681 4858
f 4842 4849 4859
f 4851 4842 4859
f 4852 4843 4860
f 4843 4850 4860
f 4844 4851 4861
f 4853 4844 4861
f 4854 4845 4862
f 4845 4852 4862
f 4846 4853 4863
f 4855 4846 4863
f 4847 4854 4864
f 4856 4847 4864
f 4857 4848 4865
f 4848 4855 4865
f 4681 4722 4866
f 4858 4681 4866
f 4859 4849 4867
f 4849 4856 4867
f 4694 4693 4868
f 4693 4857 4868
f 4860 4850 4869
f 4850 4858 4869
f 4861 4851 4870
f 4851 4859 4870
f 4862 4852 4871
f 4852 4860 4871
f 4863 4853 4872
f 4853 4861 4872
f 4854 4862 4873
f 4864 4854 4873
f 4865 4855 4874
f 4855 4863 4874
f 4866 4722 4875
f 4856 4864 4876
f 4867 4856 4876
f 4868 4857 4877
f 4857 4865 4877
f 4869 4858 4878
f 4858 4866 4878
f 4859 4867 4879
f 4870 4859 4879
f 4860 4869 4880
f 4871 4860 4880
f 4861 4870 4881
f 4872 4861 4881
f 4862 4871 4882
f 4873 4862 4882
f 4874 4863 4883
f 4863 4872 4883
f 4875 4722 4884
f 4864 4873 4885
f 4876 4864 4885
f 4865 4874 4886
f 4877 4865 4886
f 4878 4866 4887
f 4866 4875 4887
f 4879 4867 4888
f 4867 4876 4888
f 4695 4694 4889
f 4694 4868 4889
f 4868 4877 4889
f 4869 4878 4890
f 4880 4869 4890
f 4870 4879 4891
f 4881 4870 4891
f 4871 4880 4892
f 4882 4871 4892
f 4872 4881 4893
f 4883 4872 4893
f 4884 4722 4894
f 4873 4882 4895
f 4885 4873 4895
f 4874 4883 4896
f 4886 4874 4896
f 4875 4884 4897
f 4887 4875 4897
f 4876 4885 4898
f 4888 4876 4898
f 4877 4886 4899
f 4889 4877 4899
f 4890 4878 4900
f 4878 4887 4900
f 4879 4888 4901
f 4891 4879 4901
f 4696 4695 4902
f 4697 4696 4902
f 4695 4889 4902
f 4880 4890 4903
f 4892 4880 4903
f 4893 4881 4904
f 4881 4891 4904
f 4894 4722 4905
f 4882 4892 4906
f 4895 4882 4906
f 4896 4883 4907
f 4883 4893 4907
f 4884 4894 4908
f 4897 4884 4908
f 4885 4895 4909
f 4898 4885 4909
f 4886 4896 4910
f 4899 4886 4910
f 4900 4887 4911
f 4887 4897 4911
f 4888 4898 4912
f 4901 4888 4912
f 4889 4899 4913
f 4902 4889 4913
f 4890 4900 4914
f 4903 4890 4914
f 4891 4901 4915
f 4904 4891 4915
f 4905 4722 4916
f 4906 4892 4917
f 4892 4903 4917
f 4893 4904 4918
f 4907 4893 4918
f 4908 4894 4919
f 4894 4905 4919
f 4895 4906 4920
f 4909 4895 4920
f 4910 4896 4921
f 4896 4907 4921
f 4897 4908 4922
f 4911 4897 4922
f 4898 4909 4923
f 4912 4898 4923
f 4899 4910 4924
f 4913 4899 4924
f 4914 4900 4925
f 4900 4911 4925
f 4915 4901 4926
f 4901 4912 4926
f 4698 4697 4927
f 4697 4902 4927
f 4902 4913 4927
f 4916 4722 4928
f 4917 4903 4929
f 4903 4914 4929
f 4918 4904 4930
f 4904 4915 4930
f 4905 4916 4931
f 4919 4905 4931
f 4906 4917 4932
f 4920 4906 4932
f 4907 4918 4933
f 4921 4907 4933
f 4922 4908 4934
f 4908 4919 4934
f 4923 4909 4935
f 4909 4920 4935
f 4924 4910 4936
f 4910 4921 4936
f 4925 4911 4937
f 4911 4922 4937
f 4912 4923 4938
f 4926 4912 4938
f 4913 4924 4939
f 4927 4913 4939
f 4928 4722 4940
f 4929 4914 4941
f 4914 4925 4941
f 4930 4915 4942
f 4915 4926 4942
f 4699 4698 4943
f 4700 4699 4943
f 4698 4927 4943
f 4916 4928 4944
f 4931 4916 4944
f 4917 4929 4945
f 4932 4917 4945
f 4933 4918 4946
f 4918 4930 4946
f 4919 4931 4947
f 4934 4919 4947
f 4920 4932 4948
f 4935 4920 4948
f 4921 4933 4949
f 4936 4921 4949
f 4922 4934 4950
f 4937 4922 4950
f 4923 4935 4951
f 4938 4923 4951
f 4939 4924 4952
f 4924 4936 4952
f 4940 4722 4953
f 4925 4937 4954
f 4941 4925 4954
f 4926 4938 4955
f 4942 4926 4955
f 4943 4927 4956
f 4927 4939 4956
f 4928 4940 4957
f 4944 4928 4957
f 4929 4941 4958
f 4945 4929 4958
f 4946 4930 4959
f 4930 4942 4959
f 4947 4931 4960
f 4931 4944 4960
f 4948 4932 4961
f 4932 4945 4961
f 4949 4933 4962
f 4933 4946 4962
f 4950 4934 4963
f 4934 4947 4963
f 4935 4948 4964
f 4951 4935 4964
f 4936 4949 4965
f 4952 4936 4965
f 4953 4722 4966
f 4954 4937 4967
f 4937 4950 4967
f 4955 4938 4968
f 4938 4951 4968
f 4939 4952 4969
f 4956 4939 4969
f 4940 4953 4970
f 4957 4940 4970
f 4941 4954 4971
f 4958 4941 4971
f 4942 4955 4972
f 4959 4942 4972
f 4700 4943 4973
f 4701 4700 4973
f 4943 4956 4973
f 4960 4944 4974
f 4944 4957 4974
f 4945 4958 4975
f 4961 4945 4975
f 4962 4946 4976
f 4946 4959 4976
f 4947 4960 4977
f 4963 4947 4977
f 4964 4948 4978
f 4948 4961 4978
f 4965 4949 4979
f 4949 4962 4979
f 4966 4722 4980
f 4950 4963 4981
f 4967 4950 4981
f 4951 4964 4982
f 4968 4951 4982
f 4952 4965 4983
f 4969 4952 4983
f 4970 4953 4984
f 4953 4966 4984
f 4971 4954 4985
f 4954 4967 4985
f 4955 4968 4986
f 4972 4955 4986
f 4956 4969 4987
f 4973 4956 4987
f 4957 4970 4988
f 4974 4957 4988
f 4975 4958 4989
f 4958 4971 4989
f 4959 4972 4990
f 4976 4959 4990
f 4702 4701 4991
f 4701 4973 4991
f 4960 4974 4992
f 4977 4960 4992
f 4961 4975 4993
f 4978 4961 4993
f 4962 4976 4994
f 4979 4962 4994
f 4980 4722 4995
f 4981 4963 4996
f 4963 4977 4996
f 4964 4978 4997
f 4982 4964 4997
f 4965 4979 4998
f 4983 4965 4998
f 4966 4980 4999
f 4984 4966 4999
f 4967 4981 5000
f 4985 4967 5000
f 4968 4982 5001
f 4986 4968 5001
f 4969 4983 5002
f 4987 4969 5002
f 4970 4984 5003
f 4988 4970 5003
f 4971 4985 5004
f 4989 4971 5004
f 4990 4972 5005
f 4972 4986 5005
f 4991 4973 5006
f 4973 4987 5006
f 4992 4974 5007
f 4974 4988 5007
f 4993 4975 5008
f 4975 4989 5008
f 4976 4990 5009
f 4994 4976 5009
f 4995 4722 5010
f 4996 4977 5011
f 4977 4992 5011
f 4997 4978 5012
f 4978 4993 5012
f 4979 4994 5013
f 4998 4979 5013
f 4999 4980 5014
f 4980 4995 5014
f 4981 4996 5015
f 5000 4981 5015
f 5001 4982 5016
f 4982 4997 5016
f 4983 4998 5017
f 5002 4983 5017
f 5003 4984 5018
f 4984 4999 5018
f 5004 4985 5019
f 4985 5000 5019
f 5005 4986 5020
f 4986 5001 5020
f 5006 4987 5021
f 4987 5002 5021
f 4988 5003 5022
f 5007 4988 5022
f 4989 5004 5023
f 5008 4989 5023
f 5009 4990 5024
f 4990 5005 5024
f 4703 4702 5025
f 4704 4703 5025
f 4991 5006 5025
f 4702 4991 5025
f 5010 4722 5026
f 4722 4723 5026
f 5011 4992 5027
f 4992 5007 5027
f 4993 5008 5028
f 5012 4993 5028
f 4994 5009 5029
f 5013 4994 5029
f 4995 5010 5030
f 5014 4995 5030
f 5015 4996 5031
f 4996 5011 5031
f 4997 5012 5032
f 5016 4997 5032
f 4998 5013 5033
f 5017 4998 5033
f 4999 5014 5034
f 5018 4999 5034
f 5019 5000 5035
f 5000 5015 5035
f 5001 5016 5036
f 5020 5001 5036
f 5021 5002 5037
f 5002 5017 5037
f 5003 5018 5038
f 5022 5003 5038
f 5004 5019 5039
f 5023 5004 5039
f 5024 5005 5040
f 5005 5020 5040
f 5025 5006 5041
f 5006 5021 5041
f 5026 4723 5042
f 4723 4724 5042
f 5007 5022 5043
f 5027 5007 5043
f 5028 5008 5044
f 5008 5023 5044
f 5009 5024 5045
f 5029 5009 5045
f 4704 5025 5046
f 4705 4704 5046
f 5030 5010 5047
f 5010 5026 5047
f 5031 5011 5048
f 5011 5027 5048
f 5032 5012 5049
f 5012 5028 5049
f 5013 5029 5050
f 5033 5013 5050
f 5014 5030 5051
f 5034 5014 5051
f 5015 5031 5052
f 5035 5015 5052
f 5036 5016 5053
f 5016 5032 5053
f 5017 5033 5054
f 5037 5017 5054
f 5018 5034 5055
f 5038 5018 5055
f 5019 5035 5056
f 5039 5019 5056
f 5020 5036 5057
f 5040 5020 5057
f 5021 5037 5058
f 5041 5021 5058
f 5022 5038 5059
f 5043 5022 5059
f 5023 5039 5060
f 5044 5023 5060
f 5045 5024 5061
f 5024 5040 5061
f 5025 5041 5062
f 5046 5025 5062
f 4724 4725 5063
f 5026 5042 5063
f 5042 4724 5063
f 5047 5026 5063
f 5027 5043 5064
f 5048 5027 5064
f 5049 5028 5065
f 5028 5044 5065
f 5050 5029 5066
f 5029 5045 5066
f 5051 5030 5067
f 5030 5047 5067
f 5031 5048 5068
f 5052 5031 5068
f 5032 5049 5069
f 5053 5032 5069
f 5033 5050 5070
f 5054 5033 5070
f 5055 5034 5071
f 5034 5051 5071
f 5035 5052 5072
f 5056 5035 5072
f 5057 5036 5073
f 5036 5053 5073
f 5037 5054 5074
f 5058 5037 5074
f 5038 5055 5075
f 5059 5038 5075
f 5039 5056 5076
f 5060 5039 5076
f 5061 5040 5077
f 5040 5057 5077
f 5062 5041 5078
f 5041 5058 5078
f 5043 5059 5079
f 5064 5043 5079
f 5065 5044 5080
f 5044 5060 5080
f 5066 5045 5081
f 5045 5061 5081
f 5046 5062 5082
f 4706 4705 5082
f 4705 5046 5082
f 5047 5063 5083
f 5067 5047 5083
f 5048 5064 5084
f 5068 5048 5084
f 5049 5065 5085
f 5069 5049 5085
f 5070 5050 5086
f 5050 5066 5086
f 5071 5051 5087
f 5051 5067 5087
f 5052 5068 5088
f 5072 5052 5088
f 5073 5053 5089
f 5053 5069 5089
f 5054 5070 5090
f 5074 5054 5090
f 5075 5055 5091
f 5055 5071 5091
f 5056 5072 5092
f 5076 5056 5092
f 5057 5073 5093
f 5077 5057 5093
f 5078 5058 5094
f 5058 5074 5094
f 5059 5075 5095
f 5079 5059 5095
f 5080 5060 5096
f 5060 5076 5096
f 5061 5077 5097
f 5081 5061 5097
f 5082 5062 5098
f 5062 5078 5098
f 5083 5063 5099
f 4725 4726 5099
f 4726 4727 5099
f 5063 4725 5099
f 5084 5064 5100
f 5064 5079 5100
f 5085 5065 5101
f 5065 5080 5101
f 5086 5066 5102
f 5066 5081 5102
f 4707 4706 5103
f 4708 4707 5103
f 4706 5082 5103
f 5067 5083 5104
f 5087 5067 5104
f 5088 5068 5105
f 5068 5084 5105
f 5089 5069 5106
f 5069 5085 5106
f 5070 5086 5107
f 5090 5070 5107
f 5071 5087 5108
f 5091 5071 5108
f 5092 5072 5109
f 5072 5088 5109
f 5073 5089 5110
f 5093 5073 5110
f 5074 5090 5111
f 5094 5074 5111
f 5095 5075 5112
f 5075 5091 5112
f 5076 5092 5113
f 5096 5076 5113
f 5097 5077 5114
f 5077 5093 5114
f 5098 5078 5115
f 5078 5094 5115
f 5100 5079 5116
f 5079 5095 5116
f 5080 5096 5117
f 5101 5080 5117
f 5102 5081 5118
f 5081 5097 5118
f 5103 5082 5119
f 5082 5098 5119
f 5083 5099 5120
f 5099 4727 5120
f 5104 5083 5120
f 4727 4728 5120
f 5105 5084 5121
f 5084 5100 5121
f 5085 5101 5122
f 5106 5085 5122
f 5107 5086 5123
f 5086 5102 5123
f 5087 5104 5124
f 5108 5087 5124
f 5088 5105 5125
f 5109 5088 5125
f 5089 5106 5126
f 5110 5089 5126
f 5090 5107 5127
f 5111 5090 5127
f 5112 5091 5128
f 5091 5108 5128
f 5113 5092 5129
f 5092 5109 5129
f 5114 5093 5130
f 5093 5110 5130
f 5115 5094 5131
f 5094 5111 5131
f 5095 5112 5132
f 5116 5095 5132
f 5117 5096 5133
f 5096 5113 5133
f 5097 5114 5134
f 5118 5097 5134
f 5098 5115 5135
f 5119 5098 5135
f 5121 5100 5136
f 5100 5116 5136
f 5122 5101 5137
f 5101 5117 5137
f 5102 5118 5138
f 5123 5102 5138
f 4709 4708 5139
f 5103 5119 5139
f 4708 5103 5139
f 5124 5104 5140
f 5104 5120 5140
f 5105 5121 5141
f 5125 5105 5141
f 5106 5122 5142
f 5126 5106 5142
f 5107 5123 5143
f 5127 5107 5143
f 5108 5124 5144
f 5128 5108 5144
f 5109 5125 5145
f 5129 5109 5145
f 5110 5126 5146
f 5130 5110 5146
f 5131 5111 5147
f 5111 5127 5147
f 5132 5112 5148
f 5112 5128 5148
f 5133 5113 5149
f 5113 5129 5149
f 5134 5114 5150
f 5114 5130 5150
f 5115 5131 5151
f 5135 5115 5151
f 5136 5116 5152
f 5116 5132 5152
f 5117 5133 5153
f 5137 5117 5153
f 5118 5134 5154
f 5138 5118 5154
f 5139 5119 5155
f 5119 5135 5155
f 5140 5120 5156
f 4728 4729 5156
f 4729 4730 5156
f 5120 4728 5156
f 5141 5121 5157
f 5121 5136 5157
f 5142 5122 5158
f 5122 5137 5158
f 5143 5123 5159
f 5123 5138 5159
f 4710 4709 5160
f 4711 4710 5160
f 4709 5139 5160
f 5144 5124 5161
f 5124 5140 5161
f 5145 5125 5162
f 5125 5141 5162
f 5146 5126 5163
f 5126 5142 5163
f 5147 5127 5164
f 5127 5143 5164
f 5128 5144 5165
f 5148 5128 5165
f 5129 5145 5166
f 5149 5129 5166
f 5130 5146 5167
f 5150 5130 5167
f 5151 5131 5168
f 5131 5147 5168
f 5132 5148 5169
f 5152 5132 5169
f 5153 5133 5170
f 5133 5149 5170
f 5154 5134 5171
f 5134 5150 5171
f 5135 5151 5172
f 5155 5135 5172
f 5136 5152 5173
f 5157 5136 5173
f 5137 5153 5174
f 5158 5137 5174
f 5138 5154 5175
f 5159 5138 5175
f 5160 5139 5176
f 5139 5155 5176
f 5161 5140 5177
f 5140 5156 5177
f 4730 4731 5177
f 5156 4730 5177
f 5141 5157 5178
f 5162 5141 5178
f 5142 5158 5179
f 5163 5142 5179
f 5143 5159 5180
f 5164 5143 5180
f 5144 5161 5181
f 5165 5144 5181
f 5166 5145 5182
f 5145 5162 5182
f 5146 5163 5183
f 5167 5146 5183
f 5168 5147 5184
f 5147 5164 5184
f 5148 5165 5185
f 5169 5148 5185
f 5149 5166 5186
f 5170 5149 5186
f 5150 5167 5187
f 5171 5150 5187
f 5172 5151 5188
f 5151 5168 5188
f 5152 5169 5189
f 5173 5152 5189
f 5153 5170 5190
f 5174 5153 5190
f 5175 5154 5191
f 5154 5171 5191
f 5176 5155 5192
f 5155 5172 5192
f 5178 5157 5193
f 5157 5173 5193
f 5179 5158 5194
f 5158 5174 5194
f 5159 5175 5195
f 5180 5159 5195
f 4711 5160 5196
f 4712 4711 5196
f 5160 5176 5196
f 5161 5177 5197
f 5181 5161 5197
f 5162 5178 5198
f 5182 5162 5198
f 5163 5179 5199
f 5183 5163 5199
f 5184 5164 5200
f 5164 5180 5200
f 5165 5181 5201
f 5185 5165 5201
f 5166 5182 5202
f 5186 5166 5202
f 5187 5167 5203
f 5167 5183 5203
f 5188 5168 5204
f 5168 5184 5204
f 5189 5169 5205
f 5169 5185 5205
f 5170 5186 5206
f 5190 5170 5206
f 5171 5187 5207
f 5191 5171 5207
f 5172 5188 5208
f 5192 5172 5208
f 5193 5173 5209
f 5173 5189 5209
f 5194 5174 5210
f 5174 5190 5210
f 5175 5191 5211
f 5195 5175 5211
f 5176 5192 5212
f 5196 5176 5212
f 5197 5177 5213
f 4731 4732 5213
f 5177 4731 5213
f 5178 5193 5214
f 5198 5178 5214
f 5199 5179 5215
f 5179 5194 5215
f 5180 5195 5216
f 5200 5180 5216
f 4712 5196 5217
f 4713 4712 5217
f 5181 5197 5218
f 5201 5181 5218
f 5202 5182 5219
f 5182 5198 5219
f 5203 5183 5220
f 5183 5199 5220
f 5184 5200 5221
f 5204 5184 5221
f 5185 5201 5222
f 5205 5185 5222
f 5206 5186 5223
f 5186 5202 5223
f 5187 5203 5224
f 5207 5187 5224
f 5188 5204 5225
f 5208 5188 5225
f 5209 5189 5226
f 5189 5205 5226
f 5190 5206 5227
f 5210 5190 5227
f 5191 5207 5228
f 5211 5191 5228
f 5192 5208 5229
f 5212 5192 5229
f 5214 5193 5230
f 5193 5209 5230
f 5194 5210 5231
f 5215 5194 5231
f 5195 5211 5232
f 5216 5195 5232
f 5217 5196 5233
f 5196 5212 5233
f 5218 5197 5234
f 4732 4733 5234
f 4733 4734 5234
f 5213 4732 5234
f 5197 5213 5234
f 5219 5198 5235
f 5198 5214 5235
f 5199 5215 5236
f 5220 5199 5236
f 5200 5216 5237
f 5221 5200 5237
f 5222 5201 5238
f 5201 5218 5238
f 5223 5202 5239
f 5202 5219 5239
f 5224 5203 5240
f 5203 5220 5240
f 5225 5204 5241
f 5204 5221 5241
f 5205 5222 5242
f 5226 5205 5242
f 5206 5223 5243
f 5227 5206 5243
f 5228 5207 5244
f 5207 5224 5244
f 5229 5208 5245
f 5208 5225 5245
f 5209 5226 5246
f 5230 5209 5246
f 5210 5227 5247
f 5231 5210 5247
f 5211 5228 5248
f 5232 5211 5248
f 5233 5212 5249
f 5212 5229 5249
f 5235 5214 5250
f 5214 5230 5250
f 5236 5215 5251
f 5215 5231 5251
f 5237 5216 5252
f 5216 5232 5252
f 4714 4713 5253
f 4715 4714 5253
f 5217 5233 5253
f 4713 5217 5253
f 5218 5234 5254
f 5238 5218 5254
f 5239 5219 5255
f 5219 5235 5255
f 5240 5220 5256
f 5220 5236 5256
f 5241 5221 5257
f 5221 5237 5257
f 5222 5238 5258
f 5242 5222 5258
f 5243 5223 5259
f 5223 5239 5259
f 5244 5224 5260
f 5224 5240 5260
f 5225 5241 5261
f 5245 5225 5261
f 5226 5242 5262
f 5246 5226 5262
f 5227 5243 5263
f 5247 5227 5263
f 5248 5228 5264
f 5228 5244 5264
f 5229 5245 5265
f 5249 5229 5265
f 5230 5246 5266
f 5250 5230 5266
f 5231 5247 5267
f 5251 5231 5267
f 5252 5232 5268
f 5232 5248 5268
f 5253 5233 5269
f 5233 5249 5269
f 5234 4734 5270
f 5254 5234 5270
f 4734 4735 5270
f 5235 5250 5271
f 5255 5235 5271
f 5236 5251 5272
f 5256 5236 5272
f 5237 5252 5273
f 5257 5237 5273
f 4716 4715 5274
f 4715 5253 5274
f 5238 5254 5275
f 5258 5238 5275
f 5239 5255 5276
f 5259 5239 5276
f 5260 5240 5277
f 5240 5256 5277
f 5261 5241 5278
f 5241 5257 5278
f 5242 5258 5279
f 5262 5242 5279
f 5243 5259 5280
f 5263 5243 5280
f 5244 5260 5281
f 5264 5244 5281
f 5265 5245 5282
f 5245 5261 5282
f 5246 5262 5283
f 5266 5246 5283
f 5267 5247 5284
f 5247 5263 5284
f 5248 5264 5285
f 5268 5248 5285
f 5249 5265 5286
f 5269 5249 5286
f 5271 5250 5287
f 5250 5266 5287
f 5272 5251 5288
f 5251 5267 5288
f 5273 5252 5289
f 5252 5268 5289
f 5274 5253 5290
f 5253 5269 5290
f 5254 5270 5291
f 5270 4735 5291
f 5275 5254 5291
f 4735 4736 5291
f 5276 5255 5292
f 5255 5271 5292
f 5277 5256 5293
f 5256 5272 5293
f 5278 5257 5294
f 5257 5273 5294
f 5279 5258 5295
f 5258 5275 5295
f 5259 5276 5296
f 5280 5259 5296
f 5260 5277 5297
f 5281 5260 5297
f 5261 5278 5298
f 5282 5261 5298
f 5283 5262 5299
f 5262 5279 5299
f 5284 5263 5300
f 5263 5280 5300
f 5264 5281 5301
f 5285 5264 5301
f 5286 5265 5302
f 5265 5282 5302
f 5287 5266 5303
f 5266 5283 5303
f 5288 5267 5304
f 5267 5284 5304
f 5289 5268 5305
f 5268 5285 5305
f 5290 5269 5306
f 5269 5286 5306
f 5271 5287 5307
f 5292 5271 5307
f 5272 5288 5308
f 5293 5272 5308
f 5273 5289 5309
f 5294 5273 5309
f 4717 4716 5310
f 4718 4717 5310
f 5274 5290 5310
f 4716 5274 5310
f 5295 5275 5311
f 5275 5291 5311
f 5296 5276 5312
f 5276 5292 5312
f 5277 5293 5313
f 5297 5277 5313
f 5278 5294 5314
f 5298 5278 5314
f 5279 5295 5315
f 5299 5279 5315
f 5300 5280 5316
f 5280 5296 5316
f 5281 5297 5317
f 5301 5281 5317
f 5282 5298 5318
f 5302 5282 5318
f 5303 5283 5319
f 5283 5299 5319
f 5304 5284 5320
f 5284 5300 5320
f 5305 5285 5321
f 5285 5301 5321
f 5286 5302 5322
f 5306 5286 5322
f 5287 5303 5323
f 5307 5287 5323
f 5288 5304 5324
f 5308 5288 5324
f 5309 5289 5325
f 5289 5305 5325
f 5310 5290 5326
f 5290 5306 5326
f 5311 5291 5327
f 4736 4737 5327
f 4737 4738 5327
f 5291 4736 5327
f 5312 5292 5328
f 5292 5307 5328
f 5293 5308 5329
f 5313 5293 5329
f 5314 5294 5330
f 5294 5309 5330
f 4718 5310 5331
f 4719 4718 5331
f 5315 5295 5332
f 5295 5311 5332
f 5316 5296 5333
f 5296 5312 5333
f 5297 5313 5334
f 5317 5297 5334
f 5298 5314 5335
f 5318 5298 5335
f 5299 5315 5336
f 5319 5299 5336
f 5320 5300 5337
f 5300 5316 5337
f 5301 5317 5338
f 5321 5301 5338
f 5322 5302 5339
f 5302 5318 5339
f 5323 5303 5340
f 5303 5319 5340
f 5304 5320 5341
f 5324 5304 5341
f 5305 5321 5342
f 5325 5305 5342
f 5306 5322 5343
f 5326 5306 5343
f 5307 5323 5344
f 5328 5307 5344
f 5308 5324 5345
f 5329 5308 5345
f 5330 5309 5346
f 5309 5325 5346
f 5331 5310 5347
f 5310 5326 5347
f 5332 5311 5348
f 5327 4738 5348
f 4738 4739 5348
f 5311 5327 5348
f 5312 5328 5349
f 5333 5312 5349
f 5334 5313 5350
f 5313 5329 5350
f 5335 5314 5351
f 5314 5330 5351
f 5315 5332 5352
f 5336 5315 5352
f 5337 5316 5353
f 5316 5333 5353
f 5317 5334 5354
f 5338 5317 5354
f 5318 5335 5355
f 5339 5318 5355
f 5319 5336 5356
f 5340 5319 5356
f 5341 5320 5357
f 5320 5337 5357
f 5321 5338 5358
f 5342 5321 5358
f 5343 5322 5359
f 5322 5339 5359
f 5344 5323 5360
f 5323 5340 5360
f 5345 5324 5361
f 5324 5341 5361
f 5346 5325 5362
f 5325 5342 5362
f 5347 5326 5363
f 5326 5343 5363
f 5349 5328 5364
f 5328 5344 5364
f 5329 5345 5365
f 5350 5329 5365
f 5330 5346 5366
f 5351 5330 5366
f 4720 4719 5367
f 4763 4720 5367
f 4719 5331 5367
f 4764 4763 5367
f 5331 5347 5367
f 5332 5348 5368
f 5352 5332 5368
f 5333 5349 5369
f 5353 5333 5369
f 5354 5334 5370
f 5334 5350 5370
f 5335 5351 5371
f 5355 5335 5371
f 5356 5336 5372
f 5336 5352 5372
f 5337 5353 5373
f 5357 5337 5373
f 5338 5354 5374
f 5358 5338 5374
f 5339 5355 5375
f 5359 5339 5375
f 5360 5340 5376
f 5340 5356 5376
f 5361 5341 5377
f 5341 5357 5377
f 5342 5358 5378
f 5362 5342 5378
f 5363 5343 5379
f 5343 5359 5379
f 5364 5344 5380
f 5344 5360 5380
f 5365 5345 5381
f 5345 5361 5381
f 5366 5346 5382
f 5346 5362 5382
f 4764 5367 5383
f 5347 5363 5383
f 5367 5347 5383
f 4765 4764 5383
f 4739 4740 5384
f 4740 4741 5384
f 5348 4739 5384
f 5368 5348 5384
f 5369 5349 5385
f 5349 5364 5385
f 5350 5365 5386
f 5370 5350 5386
f 5351 5366 5387
f 5371 5351 5387
f 5352 5368 5388
f 5372 5352 5388
f 5353 5369 5389
f 5373 5353 5389
f 5354 5370 5390
f 5374 5354 5390
f 5355 5371 5391
f 5375 5355 5391
f 5376 5356 5392
f 5356 5372 5392
f 5357 5373 5393
f 5377 5357 5393
f 5378 5358 5394
f 5358 5374 5394
f 5379 5359 5395
f 5359 5375 5395
f 5380 5360 5396
f 5360 5376 5396
f 5361 5377 5397
f 5381 5361 5397
f 5382 5362 5398
f 5362 5378 5398
f 5383 5363 5399
f 5363 5379 5399
f 4765 5383 5399
f 4766 4765 5399
f 4767 4766 5399
f 5364 5380 5400
f 5385 5364 5400
f 5365 5381 5401
f 5386 5365 5401
f 5366 5382 5402
f 5387 5366 5402
f 5368 5384 5403
f 4741 4742 5403
f 5384 4741 5403
f 5388 5368 5403
f 5369 5385 5404
f 5389 5369 5404
f 5370 5386 5405
f 5390 5370 5405
f 5391 5371 5406
f 5371 5387 5406
f 5372 5388 5407
f 5392 5372 5407
f 5393 5373 5408
f 5373 5389 5408
f 5394 5374 5409
f 5374 5390 5409
f 5395 5375 5410
f 5375 5391 5410
f 5396 5376 5411
f 5376 5392 5411
f 5377 5393 5412
f 5397 5377 5412
f 5378 5394 5413
f 5398 5378 5413
f 4767 5399 5414
f 5379 5395 5414
f 5399 5379 5414
f 4768 4767 5414
f 5380 5396 5415
f 5400 5380 5415
f 5381 5397 5416
f 5401 5381 5416
f 5382 5398 5417
f 5402 5382 5417
f 5404 5385 5418
f 5385 5400 5418
f 5386 5401 5419
f 5405 5386 5419
f 5387 5402 5420
f 5406 5387 5420
f 5388 5403 5421
f 5407 5388 5421
f 5408 5389 5422
f 5389 5404 5422
f 5390 5405 5423
f 5409 5390 5423
f 5391 5406 5424
f 5410 5391 5424
f 5411 5392 5425
f 5392 5407 5425
f 5412 5393 5426
f 5393 5408 5426
f 5413 5394 5427
f 5394 5409 5427
f 5395 5410 5428
f 5414 5395 5428
f 4768 5414 5428
f 4769 4768 5428
f 4770 4769 5428
f 5415 5396 5429
f 5396 5411 5429
f 5397 5412 5430
f 5416 5397 5430
f 5417 5398 5431
f 5398 5413 5431
f 5400 5415 5432
f 5418 5400 5432
f 5401 5416 5433
f 5419 5401 5433
f 5402 5417 5434
f 5420 5402 5434
f 5403 4742 5435
f 5421 5403 5435
f 4742 4743 5435
f 5422 5404 5436
f 5404 5418 5436
f 5405 5419 5437
f 5423 5405 5437
f 5424 5406 5438
f 5406 5420 5438
f 5407 5421 5439
f 5425 5407 5439
f 5426 5408 5440
f 5408 5422 5440
f 5427 5409 5441
f 5409 5423 5441
f 5428 5410 5442
f 5410 5424 5442
f 4771 4770 5442
f 4770 5428 5442
f 5411 5425 5443
f 5429 5411 5443
f 5412 5426 5444
f 5430 5412 5444
f 5413 5427 5445
f 5431 5413 5445
f 5432 5415 5446
f 5415 5429 5446
f 5433 5416 5447
f 5416 5430 5447
f 5417 5431 5448
f 5434 5417 5448
f 5418 5432 5449
f 5436 5418 5449
f 5419 5433 5450
f 5437 5419 5450
f 5420 5434 5451
f 5438 5420 5451
f 5421 5435 5452
f 5435 4743 5452
f 5439 5421 5452
f 4743 4744 5452
f 4744 4745 5452
f 5440 5422 5453
f 5422 5436 5453
f 5423 5437 5454
f 5441 5423 5454
f 5442 5424 5455
f 5424 5438 5455
f 4771 5442 5455
f 4772 4771 5455
f 5425 5439 5456
f 5443 5425 5456
f 5444 5426 5457
f 5426 5440 5457
f 5427 5441 5458
f 5445 5427 5458
f 5446 5429 5459
f 5429 5443 5459
f 5430 5444 5460
f 5447 5430 5460
f 5431 5445 5461
f 5448 5431 5461
f 5432 5446 5462
f 5449 5432 5462
f 5433 5447 5463
f 5450 5433 5463
f 5451 5434 5464
f 5434 5448 5464
f 5453 5436 5465
f 5436 5449 5465
f 5437 5450 5466
f 5454 5437 5466
f 5438 5451 5467
f 5455 5438 5467
f 4772 5455 5467
f 4773 4772 5467
f 4774 4773 5467
f 5456 5439 5468
f 5439 5452 5468
f 5440 5453 5469
f 5457 5440 5469
f 5458 5441 5470
f 5441 5454 5470
f 5443 5456 5471
f 5459 5443 5471
f 5460 5444 5472
f 5444 5457 5472
f 5461 5445 5473
f 5445 5458 5473
f 5446 5459 5474
f 5462 5446 5474
f 5463 5447 5475
f 5447 5460 5475
f 5464 5448 5476
f 5448 5461 5476
f 5449 5462 5477
f 5465 5449 5477
f 5450 5463 5478
f 5466 5450 5478
f 4774 5467 5479
f 5451 5464 5479
f 5467 5451 5479
f 4775 4774 5479
f 5468 5452 5480
f 4745 4746 5480
f 5452 4745 5480
f 5453 5465 5481
f 5469 5453 5481
f 5454 5466 5482
f 5470 5454 5482
f 5471 5456 5483
f 5456 5468 5483
f 5457 5469 5484
f 5472 5457 5484
f 5458 5470 5485
f 5473 5458 5485
f 5459 5471 5486
f 5474 5459 5486
f 5475 5460 5487
f 5460 5472 5487
f 5476 5461 5488
f 5461 5473 5488
f 5477 5462 5489
f 5462 5474 5489
f 5463 5475 5490
f 5478 5463 5490
f 5479 5464 5491
f 4775 5479 5491
f 4776 4775 5491
f 5464 5476 5491
f 5481 5465 5492
f 5465 5477 5492
f 5482 5466 5493
f 5466 5478 5493
f 5480 4746 5494
f 5483 5468 5494
f 5468 5480 5494
f 4746 4747 5494
f 5484 5469 5495
f 5469 5481 5495
f 5470 5482 5496
f 5485 5470 5496
f 5486 5471 5497
f 5471 5483 5497
f 5487 5472 5498
f 5472 5484 5498
f 5488 5473 5499
f 5473 5485 5499
f 5489 5474 5500
f 5474 5486 5500
f 5490 5475 5501
f 5475 5487 5501
f 5476 5488 5502
f 5491 5476 5502
f 4776 5491 5502
f 4777 4776 5502
f 4778 4777 5502
f 5492 5477 5503
f 5477 5489 5503
f 5478 5490 5504
f 5493 5478 5504
f 5481 5492 5505
f 5495 5481 5505
f 5482 5493 5506
f 5496 5482 5506
f 5483 5494 5507
f 5497 5483 5507
f 5498 5484 5508
f 5484 5495 5508
f 5499 5485 5509
f 5485 5496 5509
f 5500 5486 5510
f 5486 5497 5510
f 5487 5498 5511
f 5501 5487 5511
f 4778 5502 5512
f 5488 5499 5512
f 5502 5488 5512
f 4779 4778 5512
f 5489 5500 5513
f 5503 5489 5513
f 5490 5501 5514
f 5504 5490 5514
f 5505 5492 5515
f 5492 5503 5515
f 5506 5493 5516
f 5493 5504 5516
f 5507 5494 5517
f 4747 4748 5517
f 4748 4749 5517
f 5494 4747 5517
f 5495 5505 5518
f 5508 5495 5518
f 5509 5496 5519
f 5496 5506 5519
f 5497 5507 5520
f 5510 5497 5520
f 5498 5508 5521
f 5511 5498 5521
f 5512 5499 5522
f 4779 5512 5522
f 5499 5509 5522
f 4780 4779 5522
f 4781 4780 5522
f 5513 5500 5523
f 5500 5510 5523
f 5514 5501 5524
f 5501 5511 5524
f 5515 5503 5525
f 5503 5513 5525
f 5504 5514 5526
f 5516 5504 5526
f 5505 5515 5527
f 5518 5505 5527
f 5519 5506 5528
f 5506 5516 5528
f 5520 5507 5529
f 5517 4749 5529
f 5507 5517 5529
f 4749 4750 5529
f 5508 5518 5530
f 5521 5508 5530
f 4782 4781 5531
f 4781 5522 5531
f 5509 5519 5531
f 5522 5509 5531
f 5510 5520 5532
f 5523 5510 5532
f 5511 5521 5533
f 5524 5511 5533
f 5513 5523 5534
f 5525 5513 5534
f 5514 5524 5535
f 5526 5514 5535
f 5515 5525 5536
f 5527 5515 5536
f 5516 5526 5537
f 5528 5516 5537
f 5530 5518 5538
f 5518 5527 5538
f 4783 4782 5539
f 5531 5519 5539
f 4782 5531 5539
f 5519 5528 5539
f 5532 5520 5540
f 5520 5529 5540
f 5533 5521 5541
f 5521 5530 5541
f 5523 5532 5542
f 5534 5523 5542
f 5524 5533 5543
f 5535 5524 5543
f 5536 5525 5544
f 5525 5534 5544
f 5526 5535 5545
f 5537 5526 5545
f 5538 5527 5546
f 5527 5536 5546
f 4784 4783 5547
f 4785 4784 5547
f 5528 5537 5547
f 5539 5528 5547
f 4783 5539 5547
f 5540 5529 5548
f 4750 4751 5548
f 4751 4752 5548
f 5529 4750 5548
f 5541 5530 5549
f 5530 5538 5549
f 5532 5540 5550
f 5542 5532 5550
f 5543 5533 5551
f 5533 5541 5551
f 5534 5542 5552
f 5544 5534 5552
f 5535 5543 5553
f 5545 5535 5553
f 5536 5544 5554
f 5546 5536 5554
f 4786 4785 5555
f 4785 5547 5555
f 5537 5545 5555
f 5547 5537 5555
f 5549 5538 5556
f 5538 5546 5556
f 5540 5548 5557
f 5550 5540 5557
f 4752 4753 5557
f 5548 4752 5557
f 5541 5549 5558
f 5551 5541 5558
f 5542 5550 5559
f 5552 5542 5559
f 5543 5551 5560
f 5553 5543 5560
f 5544 5552 5561
f 5554 5544 5561
f 4787 4786 5562
f 4788 4787 5562
f 5545 5553 5562
f 5555 5545 5562
f 4786 5555 5562
f 5556 5546 5563
f 5546 5554 5563
f 5549 5556 5564
f 5558 5549 5564
f 5550 5557 5565
f 5559 5550 5565
f 5551 5558 5566
f 5560 5551 5566
f 5561 5552 5567
f 5552 5559 5567
f 4789 4788 5568
f 4788 5562 5568
f 5553 5560 5568
f 5562 5553 5568
f 5554 5561 5569
f 5563 5554 5569
f 5556 5563 5570
f 5564 5556 5570
f 4753 4754 5571
f 5557 4753 5571
f 5565 5557 5571
f 5558 5564 5572
f 5566 5558 5572
f 5559 5565 5573
f 5567 5559 5573
f 4790 4789 5574
f 5560 5566 5574
f 4789 5568 5574
f 5568 5560 5574
f 5569 5561 5575
f 5561 5567 5575
f 5570 5563 5576
f 5563 5569 5576
f 5572 5564 5577
f 5564 5570 5577
f 5573 5565 5578
f 5571 4754 5578
f 5565 5571 5578
f 4754 4755 5578
f 4755 4756 5578
f 4791 4790 5579
f 4792 4791 5579
f 5566 5572 5579
f 5574 5566 5579
f 4790 5574 5579
f 5575 5567 5580
f 5567 5573 5580
f 5576 5569 5581
f 5569 5575 5581
f 5570 5576 5582
f 5577 5570 5582
f 4793 4792 5583
f 4792 5579 5583
f 5579 5572 5583
f 5572 5577 5583
f 5580 5573 5584
f 5573 5578 5584
f 5575 5580 5585
f 5581 5575 5585
f 5582 5576 5586
f 5576 5581 5586
f 4794 4793 5587
f 5577 5582 5587
f 4793 5583 5587
f 5583 5577 5587
f 5578 4756 5588
f 5584 5578 5588
f 4756 4757 5588
f 5580 5584 5589
f 5585 5580 5589
f 5581 5585 5590
f 5586 5581 5590
f 4795 4794 5591
f 4796 4795 5591
f 4794 5587 5591
f 5582 5586 5591
f 5587 5582 5591
f 5589 5584 5592
f 5584 5588 5592
f 5588 4757 5592
f 4757 4758 5592
f 4758 4759 5592
f 5590 5585 5593
f 5585 5589 5593
f 4797 4796 5594
f 5586 5590 5594
f 4796 5591 5594
f 5591 5586 5594
f 5593 5589 5595
f 5589 5592 5595
f 4798 4797 5596
f 4799 4798 5596
f 4797 5594 5596
f 5590 5593 5596
f 5594 5590 5596
f 4759 4760 5597
f 5592 4759 5597
f 5595 5592 5597
f 4800 4799 5598
f 5596 5593 5598
f 5593 5595 5598
f 4799 5596 5598
f 5595 5597 5599
f 5598 5595 5599
f 4801 4800 5599
f 4761 4801 5599
f 4760 4761 5599
f 4800 5598 5599
f 5597 4760 5599
f 5639 5640 5682
f 5680 5720 5681
f 5601 5602 5721
f 5600 5601 5722
f 5601 5721 5722
f 5600 5722 5723
f 5602 5603 5724
f 5721 5602 5724
f 5722 5721 5724
f 5600 5723 5725
f 5723 5722 5726
f 5722 5724 5726
f 5603 5604 5727
f 5604 5605 5727
f 5724 5603 5727
f 5600 5725 5728
f 5725 5723 5729
f 5723 5726 5729
f 5726 5724 5730
f 5724 5727 5730
f 5600 5728 5731
f 5725 5729 5732
f 5728 5725 5732
f 5726 5730 5733
f 5729 5726 5733
f 5727 5605 5734
f 5605 5606 5734
f 5730 5727 5734
f 5600 5731 5735
f 5731 5728 5736
f 5728 5732 5736
f 5729 5733 5737
f 5732 5729 5737
f 5730 5734 5738
f 5733 5730 5738
f 5600 5735 5739
f 5606 5607 5740
f 5607 5608 5740
f 5734 5606 5740
f 5735 5731 5741
f 5731 5736 5741
f 5736 5732 5742
f 5732 5737 5742
f 5733 5738 5743
f 5737 5733 5743
f 5600 5739 5744
f 5738 5734 5745
f 5734 5740 5745
f 5735 5741 5746
f 5739 5735 5746
f 5741 5736 5747
f 5736 5742 5747
f 5737 5743 5748
f 5742 5737 5748
f 5600 5744 5749
f 5743 5738 5750
f 5738 5745 5750
f 5744 5739 5751
f 5739 5746 5751
f 5745 5740 5752
f 5608 5609 5752
f 5740 5608 5752
f 5746 5741 5753
f 5741 5747 5753
f 5742 5748 5754
f 5747 5742 5754
f 5600 5749 5755
f 5748 5743 5756
f 5743 5750 5756
f 5749 5744 5757
f 5744 5751 5757
f 5745 5752 5758
f 5750 5745 5758
f 5746 5753 5759
f 5751 5746 5759
f 5609 5610 5760
f 5752 5609 5760
f 5747 5754 5761
f 5753 5747 5761
f 5600 5755 5762
f 5754 5748 5763
f 5748 5756 5763
f 5755 5749 5764
f 5749 5757 5764
f 5756 5750 5765
f 5750 5758 5765
f 5751 5759 5766
f 5757 5751 5766
f 5758 5752 5767
f 5752 5760 5767
f 5753 5761 5768
f 5759 5753 5768
f 5600 5762 5769
f 5761 5754 5770
f 5754 5763 5770
f 5762 5755 5771
f 5755 5764 5771
f 5756 5765 5772
f 5763 5756 5772
f 5757 5766 5773
f 5764 5757 5773
f 5765 5758 5774
f 5758 5767 5774
f 5766 5759 5775
f 5759 5768 5775
f 5610 5611 5776
f 5611 5612 5776
f 5767 5760 5776
f 5760 5610 5776
f 5600 5769 5777
f 5768 5761 5778
f 5761 5770 5778
f 5762 5771 5779
f 5769 5762 5779
f 5770 5763 5780
f 5763 5772 5780
f 5764 5773 5781
f 5771 5764 5781
f 5772 5765 5782
f 5765 5774 5782
f 5773 5766 5783
f 5766 5775 5783
f 5767 5776 5784
f 5774 5767 5784
f 5641 5600 5785
f 5600 5777 5785
f 5768 5778 5786
f 5775 5768 5786
f 5612 5613 5787
f 5776 5612 5787
f 5769 5779 5788
f 5777 5769 5788
f 5770 5780 5789
f 5778 5770 5789
f 5771 5781 5790
f 5779 5771 5790
f 5772 5782 5791
f 5780 5772 5791
f 5781 5773 5792
f 5773 5783 5792
f 5774 5784 5793
f 5782 5774 5793
f 5641 5785 5794
f 5783 5775 5795
f 5775 5786 5795
f 5776 5787 5796
f 5784 5776 5796
f 5777 5788 5797
f 5785 5777 5797
f 5786 5778 5798
f 5778 5789 5798
f 5788 5779 5799
f 5779 5790 5799
f 5789 5780 5800
f 5780 5791 5800
f 5790 5781 5801
f 5781 5792 5801
f 5782 5793 5802
f 5791 5782 5802
f 5641 5794 5803
f 5792 5783 5804
f 5783 5795 5804
f 5793 5784 5805
f 5784 5796 5805
f 5785 5797 5806
f 5794 5785 5806
f 5786 5798 5807
f 5795 5786 5807
f 5613 5614 5808
f 5787 5613 5808
f 5796 5787 5808
f 5797 5788 5809
f 5788 5799 5809
f 5798 5789 5810
f 5789 5800 5810
f 5799 5790 5811
f 5790 5801 5811
f 5800 5791 5812
f 5791 5802 5812
f 5641 5803 5813
f 5801 5792 5814
f 5792 5804 5814
f 5802 5793 5815
f 5793 5805 5815
f 5803 5794 5816
f 5794 5806 5816
f 5804 5795 5817
f 5795 5807 5817
f 5805 5796 5818
f 5796 5808 5818
f 5797 5809 5819
f 5806 5797 5819
f 5807 5798 5820
f 5798 5810 5820
f 5614 5615 5821
f 5615 5616 5821
f 5808 5614 5821
f 5809 5799 5822
f 5799 5811 5822
f 5800 5812 5823
f 5810 5800 5823
f 5641 5813 5824
f 5811 5801 5825
f 5801 5814 5825
f 5802 5815 5826
f 5812 5802 5826
f 5813 5803 5827
f 5803 5816 5827
f 5814 5804 5828
f 5804 5817 5828
f 5815 5805 5829
f 5805 5818 5829
f 5806 5819 5830
f 5816 5806 5830
f 5817 5807 5831
f 5807 5820 5831
f 5818 5808 5832
f 5808 5821 5832
f 5819 5809 5833
f 5809 5822 5833
f 5820 5810 5834
f 5810 5823 5834
f 5641 5824 5835
f 5811 5825 5836
f 5822 5811 5836
f 5823 5812 5837
f 5812 5826 5837
f 5813 5827 5838
f 5824 5813 5838
f 5825 5814 5839
f 5814 5828 5839
f 5815 5829 5840
f 5826 5815 5840
f 5827 5816 5841
f 5816 5830 5841
f 5828 5817 5842
f 5817 5831 5842
f 5829 5818 5843
f 5818 5832 5843
f 5819 5833 5844
f 5830 5819 5844
f 5820 5834 5845
f 5831 5820 5845
f 5616 5617 5846
f 5821 5616 5846
f 5832 5821 5846
f 5641 5835 5847
f 5822 5836 5848
f 5833 5822 5848
f 5823 5837 5849
f 5834 5823 5849
f 5835 5824 5850
f 5824 5838 5850
f 5836 5825 5851
f 5825 5839 5851
f 5837 5826 5852
f 5826 5840 5852
f 5827 5841 5853
f 5838 5827 5853
f 5828 5842 5854
f 5839 5828 5854
f 5829 5843 5855
f 5840 5829 5855
f 5830 5844 5856
f 5841 5830 5856
f 5842 5831 5857
f 5831 5845 5857
f 5843 5832 5858
f 5832 5846 5858
f 5641 5847 5859
f 5833 5848 5860
f 5844 5833 5860
f 5834 5849 5861
f 5845 5834 5861
f 5617 5618 5862
f 5618 5619 5862
f 5846 5617 5862
f 5847 5835 5863
f 5835 5850 5863
f 5848 5836 5864
f 5836 5851 5864
f 5837 5852 5865
f 5849 5837 5865
f 5850 5838 5866
f 5838 5853 5866
f 5851 5839 5867
f 5839 5854 5867
f 5852 5840 5868
f 5840 5855 5868
f 5853 5841 5869
f 5841 5856 5869
f 5854 5842 5870
f 5842 5857 5870
f 5843 5858 5871
f 5855 5843 5871
f 5641 5859 5872
f 5856 5844 5873
f 5844 5860 5873
f 5857 5845 5874
f 5845 5861 5874
f 5846 5862 5875
f 5858 5846 5875
f 5859 5847 5876
f 5847 5863 5876
f 5860 5848 5877
f 5848 5864 5877
f 5849 5865 5878
f 5861 5849 5878
f 5850 5866 5879
f 5863 5850 5879
f 5851 5867 5880
f 5864 5851 5880
f 5852 5868 5881
f 5865 5852 5881
f 5853 5869 5882
f 5866 5853 5882
f 5867 5854 5883
f 5854 5870 5883
f 5868 5855 5884
f 5855 5871 5884
f 5641 5872 5885
f 5856 5873 5886
f 5869 5856 5886
f 5857 5874 5887
f 5870 5857 5887
f 5871 5858 5888
f 5858 5875 5888
f 5872 5859 5889
f 5859 5876 5889
f 5873 5860 5890
f 5860 5877 5890
f 5874 5861 5891
f 5861 5878 5891
f 5862 5619 5892
f 5619 5620 5892
f 5875 5862 5892
f 5863 5879 5893
f 5876 5863 5893
f 5877 5864 5894
f 5864 5880 5894
f 5865 5881 5895
f 5878 5865 5895
f 5879 5866 5896
f 5866 5882 5896
f 5867 5883 5897
f 5880 5867 5897
f 5868 5884 5898
f 5881 5868 5898
f 5641 5885 5899
f 5882 5869 5900
f 5869 5886 5900
f 5883 5870 5901
f 5870 5887 5901
f 5884 5871 5902
f 5871 5888 5902
f 5872 5889 5903
f 5885 5872 5903
f 5873 5890 5904
f 5886 5873 5904
f 5887 5874 5905
f 5874 5891 5905
f 5888 5875 5906
f 5875 5892 5906
f 5889 5876 5907
f 5876 5893 5907
f 5877 5894 5908
f 5890 5877 5908
f 5891 5878 5909
f 5878 5895 5909
f 5620 5621 5910
f 5892 5620 5910
f 5893 5879 5911
f 5879 5896 5911
f 5894 5880 5912
f 5880 5897 5912
f 5895 5881 5913
f 5881 5898 5913
f 5641 5899 5914
f 5882 5900 5915
f 5896 5882 5915
f 5897 5883 5916
f 5883 5901 5916
f 5898 5884 5917
f 5884 5902 5917
f 5899 5885 5918
f 5885 5903 5918
f 5900 5886 5919
f 5886 5904 5919
f 5901 5887 5920
f 5887 5905 5920
f 5902 5888 5921
f 5888 5906 5921
f 5903 5889 5922
f 5889 5907 5922
f 5904 5890 5923
f 5890 5908 5923
f 5891 5909 5924
f 5905 5891 5924
f 5892 5910 5925
f 5906 5892 5925
f 5893 5911 5926
f 5907 5893 5926
f 5894 5912 5927
f 5908 5894 5927
f 5909 5895 5928
f 5895 5913 5928
f 5641 5914 5929
f 5896 5915 5930
f 5911 5896 5930
f 5897 5916 5931
f 5912 5897 5931
f 5913 5898 5932
f 5898 5917 5932
f 5899 5918 5933
f 5914 5899 5933
f 5915 5900 5934
f 5900 5919 5934
f 5901 5920 5935
f 5916 5901 5935
f 5917 5902 5936
f 5902 5921 5936
f 5903 5922 5937
f 5918 5903 5937
f 5904 5923 5938
f 5919 5904 5938
f 5905 5924 5939
f 5920 5905 5939
f 5906 5925 5940
f 5921 5906 5940
f 5922 5907 5941
f 5907 5926 5941
f 5923 5908 5942
f 5908 5927 5942
f 5909 5928 5943
f 5924 5909 5943
f 5621 5622 5944
f 5622 5623 5944
f 5925 5910 5944
f 5910 5621 5944
f 5641 5929 5945
f 5642 5641 5945
f 5911 5930 5946
f 5926 5911 5946
f 5927 5912 5947
f 5912 5931 5947
f 5928 5913 5948
f 5913 5932 5948
f 5929 5914 5949
f 5914 5933 5949
f 5915 5934 5950
f 5930 5915 5950
f 5931 5916 5951
f 5916 5935 5951
f 5932 5917 5952
f 5917 5936 5952
f 5933 5918 5953
f 5918 5937 5953
f 5919 5938 5954
f 5934 5919 5954
f 5935 5920 5955
f 5920 5939 5955
f 5921 5940 5956
f 5936 5921 5956
f 5937 5922 5957
f 5922 5941 5957
f 5938 5923 5958
f 5923 5942 5958
f 5924 5943 5959
f 5939 5924 5959
f 5925 5944 5960
f 5940 5925 5960
f 5642 5945 5961
f 5643 5642 5961
f 5941 5926 5962
f 5926 5946 5962
f 5927 5947 5963
f 5942 5927 5963
f 5943 5928 5964
f 5928 5948 5964
f 5944 5623 5965
f 5623 5624 5965
f 5929 5949 5966
f 5945 5929 5966
f 5930 5950 5967
f 5946 5930 5967
f 5931 5951 5968
f 5947 5931 5968
f 5948 5932 5969
f 5932 5952 5969
f 5949 5933 5970
f 5933 5953 5970
f 5950 5934 5971
f 5934 5954 5971
f 5935 5955 5972
f 5951 5935 5972
f 5952 5936 5973
f 5936 5956 5973
f 5953 5937 5974
f 5937 5957 5974
f 5954 5938 5975
f 5938 5958 5975
f 5955 5939 5976
f 5939 5959 5976
f 5956 5940 5977
f 5940 5960 5977
f 5957 5941 5978
f 5941 5962 5978
f 5958 5942 5979
f 5942 5963 5979
f 5943 5964 5980
f 5959 5943 5980
f 5960 5944 5981
f 5944 5965 5981
f 5644 5643 5982
f 5961 5945 5982
f 5643 5961 5982
f 5945 5966 5982
f 5962 5946 5983
f 5946 5967 5983
f 5947 5968 5984
f 5963 5947 5984
f 5948 5969 5985
f 5964 5948 5985
f 5949 5970 5986
f 5966 5949 5986
f 5967 5950 5987
f 5950 5971 5987
f 5968 5951 5988
f 5951 5972 5988
f 5969 5952 5989
f 5952 5973 5989
f 5953 5974 5990
f 5970 5953 5990
f 5971 5954 5991
f 5954 5975 5991
f 5955 5976 5992
f 5972 5955 5992
f 5973 5956 5993
f 5956 5977 5993
f 5974 5957 5994
f 5957 5978 5994
f 5975 5958 5995
f 5958 5979 5995
f 5959 5980 5996
f 5976 5959 5996
f 5960 5981 5997
f 5977 5960 5997
f 5978 5962 5998
f 5962 5983 5998
f 5963 5984 5999
f 5979 5963 5999
f 5964 5985 6000
f 5980 5964 6000
f 5981 5965 6001
f 5624 5625 6001
f 5965 5624 6001
f 5982 5966 6002
f 5966 5986 6002
f 5983 5967 6003
f 5967 5987 6003
f 5984 5968 6004
f 5968 5988 6004
f 5969 5989 6005
f 5985 5969 6005
f 5970 5990 6006
f 5986 5970 6006
f 5987 5971 6007
f 5971 5991 6007
f 5972 5992 6008
f 5988 5972 6008
f 5989 5973 6009
f 5973 5993 6009
f 5974 5994 6010
f 5990 5974 6010
f 5991 5975 6011
f 5975 5995 6011
f 5992 5976 6012
f 5976 5996 6012
f 5977 5997 6013
f 5993 5977 6013
f 5994 5978 6014
f 5978 5998 6014
f 5979 5999 6015
f 5995 5979 6015
f 5996 5980 6016
f 5980 6000 6016
f 5981 6001 6017
f 5997 5981 6017
f 5982 6002 6018
f 5645 5644 6018
f 5646 5645 6018
f 5644 5982 6018
f 5983 6003 6019
f 5998 5983 6019
f 5984 6004 6020
f 5999 5984 6020
f 5985 6005 6021
f 6000 5985 6021
f 5625 5626 6022
f 5626 5627 6022
f 6001 5625 6022
f 6002 5986 6023
f 5986 6006 6023
f 5987 6007 6024
f 6003 5987 6024
f 5988 6008 6025
f 6004 5988 6025
f 6005 5989 6026
f 5989 6009 6026
f 6006 5990 6027
f 5990 6010 6027
f 5991 6011 6028
f 6007 5991 6028
f 6008 5992 6029
f 5992 6012 6029
f 6009 5993 6030
f 5993 6013 6030
f 5994 6014 6031
f 6010 5994 6031
f 6011 5995 6032
f 5995 6015 6032
f 5996 6016 6033
f 6012 5996 6033
f 5997 6017 6034
f 6013 5997 6034
f 5998 6019 6035
f 6014 5998 6035
f 6015 5999 6036
f 5999 6020 6036
f 6000 6021 6037
f 6016 6000 6037
f 6001 6022 6038
f 6017 6001 6038
f 6018 6002 6039
f 5646 6018 6039
f 6002 6023 6039
f 5647 5646 6039
f 6003 6024 6040
f 6019 6003 6040
f 6020 6004 6041
f 6004 6025 6041
f 6005 6026 6042
f 6021 6005 6042
f 6023 6006 6043
f 6006 6027 6043
f 6024 6007 6044
f 6007 6028 6044
f 6025 6008 6045
f 6008 6029 6045
f 6026 6009 6046
f 6009 6030 6046
f 6010 6031 6047
f 6027 6010 6047
f 6011 6032 6048
f 6028 6011 6048
f 6012 6033 6049
f 6029 6012 6049
f 6013 6034 6050
f 6030 6013 6050
f 6031 6014 6051
f 6014 6035 6051
f 6015 6036 6052
f 6032 6015 6052
f 6033 6016 6053
f 6016 6037 6053
f 6034 6017 6054
f 6017 6038 6054
f 6019 6040 6055
f 6035 6019 6055
f 6020 6041 6056
f 6036 6020 6056
f 6037 6021 6057
f 6021 6042 6057
f 5627 5628 6058
f 6038 6022 6058
f 6022 5627 6058
f 6023 6043 6059
f 6039 6023 6059
f 6040 6024 6060
f 6024 6044 6060
f 6041 6025 6061
f 6025 6045 6061
f 6042 6026 6062
f 6026 6046 6062
f 6043 6027 6063
f 6027 6047 6063
f 6044 6028 6064
f 6028 6048 6064
f 6045 6029 6065
f 6029 6049 6065
f 6030 6050 6066
f 6046 6030 6066
f 6031 6051 6067
f 6047 6031 6067
f 6032 6052 6068
f 6048 6032 6068
f 6033 6053 6069
f 6049 6033 6069
f 6050 6034 6070
f 6034 6054 6070
f 6035 6055 6071
f 6051 6035 6071
f 6052 6036 6072
f 6036 6056 6072
f 6053 6037 6073
f 6037 6057 6073
f 6038 6058 6074
f 6054 6038 6074
f 6039 6059 6075
f 5648 5647 6075
f 5649 5648 6075
f 5647 6039 6075
f 6040 6060 6076
f 6055 6040 6076
f 6041 6061 6077
f 6056 6041 6077
f 6042 6062 6078
f 6057 6042 6078
f 5628 5629 6079
f 5629 5630 6079
f 6058 5628 6079
f 6043 6063 6080
f 6059 6043 6080
f 6044 6064 6081
f 6060 6044 6081
f 6045 6065 6082
f 6061 6045 6082
f 6046 6066 6083
f 6062 6046 6083
f 6063 6047 6084
f 6047 6067 6084
f 6064 6048 6085
f 6048 6068 6085
f 6065 6049 6086
f 6049 6069 6086
f 6050 6070 6087
f 6066 6050 6087
f 6067 6051 6088
f 6051 6071 6088
f 6052 6072 6089
f 6068 6052 6089
f 6053 6073 6090
f 6069 6053 6090
f 6070 6054 6091
f 6054 6074 6091
f 6071 6055 6092
f 6055 6076 6092
f 6072 6056 6093
f 6056 6077 6093
f 6073 6057 6094
f 6057 6078 6094
f 6058 6079 6095
f 6074 6058 6095
f 6059 6080 6096
f 6075 6059 6096
f 5650 5649 6096
f 5649 6075 6096
f 6076 6060 6097
f 6060 6081 6097
f 6077 6061 6098
f 6061 6082 6098
f 6078 6062 6099
f 6062 6083 6099
f 6080 6063 6100
f 6063 6084 6100
f 6064 6085 6101
f 6081 6064 6101
f 6082 6065 6102
f 6065 6086 6102
f 6066 6087 6103
f 6083 6066 6103
f 6084 6067 6104
f 6067 6088 6104
f 6085 6068 6105
f 6068 6089 6105
f 6086 6069 6106
f 6069 6090 6106
f 6070 6091 6107
f 6087 6070 6107
f 6088 6071 6108
f 6071 6092 6108
f 6089 6072 6109
f 6072 6093 6109
f 6073 6094 6110
f 6090 6073 6110
f 6074 6095 6111
f 6091 6074 6111
f 6076 6097 6112
f 6092 6076 6112
f 6077 6098 6113
f 6093 6077 6113
f 6094 6078 6114
f 6078 6099 6114
f 6079 5630 6115
f 5630 5631 6115
f 6095 6079 6115
f 6096 6080 6116
f 6080 6100 6116
f 6097 6081 6117
f 6081 6101 6117
f 6098 6082 6118
f 6082 6102 6118
f 6083 6103 6119
f 6099 6083 6119
f 6100 6084 6120
f 6084 6104 6120
f 6101 6085 6121
f 6085 6105 6121
f 6086 6106 6122
f 6102 6086 6122
f 6087 6107 6123
f 6103 6087 6123
f 6088 6108 6124
f 6104 6088 6124
f 6105 6089 6125
f 6089 6109 6125
f 6106 6090 6126
f 6090 6110 6126
f 6107 6091 6127
f 6091 6111 6127
f 6092 6112 6128
f 6108 6092 6128
f 6093 6113 6129
f 6109 6093 6129
f 6110 6094 6130
f 6094 6114 6130
f 6111 6095 6131
f 6095 6115 6131
f 6096 6116 6132
f 5651 5650 6132
f 5650 6096 6132
f 6112 6097 6133
f 6097 6117 6133
f 6098 6118 6134
f 6113 6098 6134
f 6114 6099 6135
f 6099 6119 6135
f 6115 5631 6136
f 5631 5632 6136
f 6116 6100 6137
f 6100 6120 6137
f 6101 6121 6138
f 6117 6101 6138
f 6102 6122 6139
f 6118 6102 6139
f 6119 6103 6140
f 6103 6123 6140
f 6120 6104 6141
f 6104 6124 6141
f 6105 6125 6142
f 6121 6105 6142
f 6122 6106 6143
f 6106 6126 6143
f 6123 6107 6144
f 6107 6127 6144
f 6108 6128 6145
f 6124 6108 6145
f 6125 6109 6146
f 6109 6129 6146
f 6126 6110 6147
f 6110 6130 6147
f 6127 6111 6148
f 6111 6131 6148
f 6112 6133 6149
f 6128 6112 6149
f 6129 6113 6150
f 6113 6134 6150
f 6130 6114 6151
f 6114 6135 6151
f 6115 6136 6152
f 6131 6115 6152
f 6116 6137 6153
f 5652 5651 6153
f 5653 5652 6153
f 5651 6132 6153
f 6132 6116 6153
f 6117 6138 6154
f 6133 6117 6154
f 6134 6118 6155
f 6118 6139 6155
f 6135 6119 6156
f 6119 6140 6156
f 6120 6141 6157
f 6137 6120 6157
f 6121 6142 6158
f 6138 6121 6158
f 6122 6143 6159
f 6139 6122 6159
f 6123 6144 6160
f 6140 6123 6160
f 6141 6124 6161
f 6124 6145 6161
f 6142 6125 6162
f 6125 6146 6162
f 6126 6147 6163
f 6143 6126 6163
f 6127 6148 6164
f 6144 6127 6164
f 6145 6128 6165
f 6128 6149 6165
f 6146 6129 6166
f 6129 6150 6166
f 6147 6130 6167
f 6130 6151 6167
f 6131 6152 6168
f 6148 6131 6168
f 6133 6154 6169
f 6149 6133 6169
f 6134 6155 6170
f 6150 6134 6170
f 6135 6156 6171
f 6151 6135 6171
f 5632 5633 6172
f 5633 5634 6172
f 6152 6136 6172
f 6136 5632 6172
f 6153 6137 6173
f 6137 6157 6173
f 6138 6158 6174
f 6154 6138 6174
f 6139 6159 6175
f 6155 6139 6175
f 6140 6160 6176
f 6156 6140 6176
f 6157 6141 6177
f 6141 6161 6177
f 6142 6162 6178
f 6158 6142 6178
f 6143 6163 6179
f 6159 6143 6179
f 6160 6144 6180
f 6144 6164 6180
f 6161 6145 6181
f 6145 6165 6181
f 6162 6146 6182
f 6146 6166 6182
f 6147 6167 6183
f 6163 6147 6183
f 6164 6148 6184
f 6148 6168 6184
f 6165 6149 6185
f 6149 6169 6185
f 6166 6150 6186
f 6150 6170 6186
f 6151 6171 6187
f 6167 6151 6187
f 6152 6172 6188
f 6168 6152 6188
f 5653 6153 6189
f 6153 6173 6189
f 5654 5653 6189
f 6169 6154 6190
f 6154 6174 6190
f 6170 6155 6191
f 6155 6175 6191
f 6171 6156 6192
f 6156 6176 6192
f 5634 5635 6193
f 6172 5634 6193
f 6173 6157 6194
f 6157 6177 6194
f 6174 6158 6195
f 6158 6178 6195
f 6159 6179 6196
f 6175 6159 6196
f 6160 6180 6197
f 6176 6160 6197
f 6177 6161 6198
f 6161 6181 6198
f 6178 6162 6199
f 6162 6182 6199
f 6179 6163 6200
f 6163 6183 6200
f 6164 6184 6201
f 6180 6164 6201
f 6181 6165 6202
f 6165 6185 6202
f 6166 6186 6203
f 6182 6166 6203
f 6183 6167 6204
f 6167 6187 6204
f 6184 6168 6205
f 6168 6188 6205
f 6169 6190 6206
f 6185 6169 6206
f 6170 6191 6207
f 6186 6170 6207
f 6171 6192 6208
f 6187 6171 6208
f 6172 6193 6209
f 6188 6172 6209
f 6189 6173 6210
f 5654 6189 6210
f 6173 6194 6210
f 5655 5654 6210
f 6174 6195 6211
f 6190 6174 6211
f 6175 6196 6212
f 6191 6175 6212
f 6176 6197 6213
f 6192 6176 6213
f 6177 6198 6214
f 6194 6177 6214
f 6195 6178 6215
f 6178 6199 6215
f 6196 6179 6216
f 6179 6200 6216
f 6197 6180 6217
f 6180 6201 6217
f 6181 6202 6218
f 6198 6181 6218
f 6182 6203 6219
f 6199 6182 6219
f 6200 6183 6220
f 6183 6204 6220
f 6184 6205 6221
f 6201 6184 6221
f 6185 6206 6222
f 6202 6185 6222
f 6186 6207 6223
f 6203 6186 6223
f 6187 6208 6224
f 6204 6187 6224
f 6188 6209 6225
f 6205 6188 6225
f 6206 6190 6226
f 6190 6211 6226
f 6207 6191 6227
f 6191 6212 6227
f 6208 6192 6228
f 6192 6213 6228
f 5635 5636 6229
f 5636 5637 6229
f 6209 6193 6229
f 6193 5635 6229
f 6194 6214 6230
f 6210 6194 6230
f 6195 6215 6231
f 6211 6195 6231
f 6212 6196 6232
f 6196 6216 6232
f 6213 6197 6233
f 6197 6217 6233
f 6214 6198 6234
f 6198 6218 6234
f 6199 6219 6235
f 6215 6199 6235
f 6216 6200 6236
f 6200 6220 6236
f 6217 6201 6237
f 6201 6221 6237
f 6202 6222 6238
f 6218 6202 6238
f 6203 6223 6239
f 6219 6203 6239
f 6204 6224 6240
f 6220 6204 6240
f 6221 6205 6241
f 6205 6225 6241
f 6222 6206 6242
f 6206 6226 6242
f 6223 6207 6243
f 6207 6227 6243
f 6208 6228 6244
f 6224 6208 6244
f 6209 6229 6245
f 6225 6209 6245
f 6210 6230 6246
f 5656 5655 6246
f 5657 5656 6246
f 5655 6210 6246
f 6211 6231 6247
f 6226 6211 6247
f 6227 6212 6248
f 6212 6232 6248
f 6213 6233 6249
f 6228 6213 6249
f 6229 5637 6250
f 5637 5638 6250
f 6214 6234 6251
f 6230 6214 6251
f 6215 6235 6252
f 6231 6215 6252
f 6232 6216 6253
f 6216 6236 6253
f 6233 6217 6254
f 6217 6237 6254
f 6234 6218 6255
f 6218 6238 6255
f 6219 6239 6256
f 6235 6219 6256
f 6236 6220 6257
f 6220 6240 6257
f 6221 6241 6258
f 6237 6221 6258
f 6222 6242 6259
f 6238 6222 6259
f 6239 6223 6260
f 6223 6243 6260
f 6240 6224 6261
f 6224 6244 6261
f 6241 6225 6262
f 6225 6245 6262
f 6242 6226 6263
f 6226 6247 6263
f 6243 6227 6264
f 6227 6248 6264
f 6228 6249 6265
f 6244 6228 6265
f 6229 6250 6266
f 6245 6229 6266
f 6230 6251 6267
f 5657 6246 6267
f 5658 5657 6267
f 6246 6230 6267
f 6247 6231 6268
f 6231 6252 6268
f 6232 6253 6269
f 6248 6232 6269
f 6233 6254 6270
f 6249 6233 6270
f 6251 6234 6271
f 6234 6255 6271
f 6235 6256 6272
f 6252 6235 6272
f 6253 6236 6273
f 6236 6257 6273
f 6254 6237 6274
f 6237 6258 6274
f 6255 6238 6275
f 6238 6259 6275
f 6239 6260 6276
f 6256 6239 6276
f 6257 6240 6277
f 6240 6261 6277
f 6241 6262 6278
f 6258 6241 6278
f 6242 6263 6279
f 6259 6242 6279
f 6243 6264 6280
f 6260 6243 6280
f 6244 6265 6281
f 6261 6244 6281
f 6245 6266 6282
f 6262 6245 6282
f 6247 6268 6283
f 6263 6247 6283
f 6264 6248 6284
f 6248 6269 6284
f 6265 6249 6285
f 6249 6270 6285
f 5638 5639 6286
f 5639 5682 6286
f 6250 5638 6286
f 5682 5683 6286
f 6266 6250 6286
f 6267 6251 6287
f 6251 6271 6287
f 6268 6252 6288
f 6252 6272 6288
f 6253 6273 6289
f 6269 6253 6289
f 6270 6254 6290
f 6254 6274 6290
f 6255 6275 6291
f 6271 6255 6291
f 6272 6256 6292
f 6256 6276 6292
f 6273 6257 6293
f 6257 6277 6293
f 6274 6258 6294
f 6258 6278 6294
f 6259 6279 6295
f 6275 6259 6295
f 6260 6280 6296
f 6276 6260 6296
f 6277 6261 6297
f 6261 6281 6297
f 6262 6282 6298
f 6278 6262 6298
f 6263 6283 6299
f 6279 6263 6299
f 6264 6284 6300
f 6280 6264 6300
f 6265 6285 6301
f 6281 6265 6301
f 6286 5683 6302
f 6282 6266 6302
f 6266 6286 6302
f 5683 5684 6302
f 5659 5658 6303
f 5660 5659 6303
f 5658 6267 6303
f 6267 6287 6303
f 6268 6288 6304
f 6283 6268 6304
f 6284 6269 6305
f 6269 6289 6305
f 6285 6270 6306
f 6270 6290 6306
f 6287 6271 6307
f 6271 6291 6307
f 6288 6272 6308
f 6272 6292 6308
f 6289 6273 6309
f 6273 6293 6309
f 6290 6274 6310
f 6274 6294 6310
f 6275 6295 6311
f 6291 6275 6311
f 6292 6276 6312
f 6276 6296 6312
f 6277 6297 6313
f 6293 6277 6313
f 6278 6298 6314
f 6294 6278 6314
f 6279 6299 6315
f 6295 6279 6315
f 6296 6280 6316
f 6280 6300 6316
f 6281 6301 6317
f 6297 6281 6317
f 6282 6302 6318
f 6298 6282 6318
f 6302 5684 6318
f 5684 5685 6318
f 5685 5686 6318
f 6299 6283 6319
f 6283 6304 6319
f 6300 6284 6320
f 6284 6305 6320
f 6301 6285 6321
f 6285 6306 6321
f 6303 6287 6322
f 5661 5660 6322
f 5660 6303 6322
f 6287 6307 6322
f 6304 6288 6323
f 6288 6308 6323
f 6305 6289 6324
f 6289 6309 6324
f 6290 6310 6325
f 6306 6290 6325
f 6307 6291 6326
f 6291 6311 6326
f 6292 6312 6327
f 6308 6292 6327
f 6293 6313 6328
f 6309 6293 6328
f 6294 6314 6329
f 6310 6294 6329
f 6295 6315 6330
f 6311 6295 6330
f 6312 6296 6331
f 6296 6316 6331
f 6313 6297 6332
f 6297 6317 6332
f 6318 5686 6333
f 6314 6298 6333
f 6298 6318 6333
f 5686 5687 6333
f 6315 6299 6334
f 6299 6319 6334
f 6316 6300 6335
f 6300 6320 6335
f 6317 6301 6336
f 6301 6321 6336
f 6304 6323 6337
f 6319 6304 6337
f 6320 6305 6338
f 6305 6324 6338
f 6321 6306 6339
f 6306 6325 6339
f 6322 6307 6340
f 6307 6326 6340
f 6308 6327 6341
f 6323 6308 6341
f 6324 6309 6342
f 6309 6328 6342
f 6325 6310 6343
f 6310 6329 6343
f 6311 6330 6344
f 6326 6311 6344
f 6312 6331 6345
f 6327 6312 6345
f 6313 6332 6346
f 6328 6313 6346
f 6329 6314 6347
f 6314 6333 6347
f 6333 5687 6347
f 5687 5688 6347
f 5688 5689 6347
f 6315 6334 6348
f 6330 6315 6348
f 6331 6316 6349
f 6316 6335 6349
f 6317 6336 6350
f 6332 6317 6350
f 6334 6319 6351
f 6319 6337 6351
f 6335 6320 6352
f 6320 6338 6352
f 6336 6321 6353
f 6321 6339 6353
f 5661 6322 6354
f 6322 6340 6354
f 5662 5661 6354
f 6323 6341 6355
f 6337 6323 6355
f 6338 6324 6356
f 6324 6342 6356
f 6325 6343 6357
f 6339 6325 6357
f 6340 6326 6358
f 6326 6344 6358
f 6327 6345 6359
f 6341 6327 6359
f 6328 6346 6360
f 6342 6328 6360
f 6329 6347 6361
f 6343 6329 6361
f 5689 5690 6361
f 6347 5689 6361
f 6344 6330 6362
f 6330 6348 6362
f 6345 6331 6363
f 6331 6349 6363
f 6346 6332 6364
f 6332 6350 6364
f 6334 6351 6365
f 6348 6334 6365
f 6335 6352 6366
f 6349 6335 6366
f 6350 6336 6367
f 6336 6353 6367
f 6351 6337 6368
f 6337 6355 6368
f 6352 6338 6369
f 6338 6356 6369
f 6353 6339 6370
f 6339 6357 6370
f 6354 6340 6371
f 5662 6354 6371
f 6340 6358 6371
f 5663 5662 6371
f 5664 5663 6371
f 6341 6359 6372
f 6355 6341 6372
f 6356 6342 6373
f 6342 6360 6373
f 6343 6361 6374
f 6357 6343 6374
f 6361 5690 6374
f 5690 5691 6374
f 6358 6344 6375
f 6344 6362 6375
f 6345 6363 6376
f 6359 6345 6376
f 6360 6346 6377
f 6346 6364 6377
f 6348 6365 6378
f 6362 6348 6378
f 6363 6349 6379
f 6349 6366 6379
f 6364 6350 6380
f 6350 6367 6380
f 6365 6351 6381
f 6351 6368 6381
f 6366 6352 6382
f 6352 6369 6382
f 6353 6370 6383
f 6367 6353 6383
f 6355 6372 6384
f 6368 6355 6384
f 6369 6356 6385
f 6356 6373 6385
f 6370 6357 6386
f 6357 6374 6386
f 6374 5691 6386
f 5691 5692 6386
f 5692 5693 6386
f 6358 6375 6387
f 6371 6358 6387
f 6372 6359 6388
f 6359 6376 6388
f 6360 6377 6389
f 6373 6360 6389
f 6375 6362 6390
f 6362 6378 6390
f 6363 6379 6391
f 6376 6363 6391
f 6364 6380 6392
f 6377 6364 6392
f 6378 6365 6393
f 6365 6381 6393
f 6366 6382 6394
f 6379 6366 6394
f 6367 6383 6395
f 6380 6367 6395
f 6381 6368 6396
f 6368 6384 6396
f 6382 6369 6397
f 6369 6385 6397
f 6386 5693 6398
f 6383 6370 6398
f 6370 6386 6398
f 5693 5694 6398
f 6371 6387 6399
f 5665 5664 6399
f 5664 6371 6399
f 6384 6372 6400
f 6372 6388 6400
f 6385 6373 6401
f 6373 6389 6401
f 6375 6390 6402
f 6387 6375 6402
f 6388 6376 6403
f 6376 6391 6403
f 6389 6377 6404
f 6377 6392 6404
f 6390 6378 6405
f 6378 6393 6405
f 6379 6394 6406
f 6391 6379 6406
f 6380 6395 6407
f 6392 6380 6407
f 6381 6396 6408
f 6393 6381 6408
f 6394 6382 6409
f 6382 6397 6409
f 6383 6398 6410
f 6398 5694 6410
f 5694 5695 6410
f 6395 6383 6410
f 6384 6400 6411
f 6396 6384 6411
f 6385 6401 6412
f 6397 6385 6412
f 5665 6399 6413
f 6387 6402 6413
f 6399 6387 6413
f 5666 5665 6413
f 6388 6403 6414
f 6400 6388 6414
f 6401 6389 6415
f 6389 6404 6415
f 6390 6405 6416
f 6402 6390 6416
f 6391 6406 6417
f 6403 6391 6417
f 6392 6407 6418
f 6404 6392 6418
f 6393 6408 6419
f 6405 6393 6419
f 6394 6409 6420
f 6406 6394 6420
f 6407 6395 6421
f 6395 6410 6421
f 6410 5695 6421
f 5695 5696 6421
f 5696 5697 6421
f 6396 6411 6422
f 6408 6396 6422
f 6409 6397 6423
f 6397 6412 6423
f 6411 6400 6424
f 6400 6414 6424
f 6412 6401 6425
f 6401 6415 6425
f 6413 6402 6426
f 6402 6416 6426
f 6403 6417 6427
f 6414 6403 6427
f 6404 6418 6428
f 6415 6404 6428
f 6405 6419 6429
f 6416 6405 6429
f 6417 6406 6430
f 6406 6420 6430
f 6421 5697 6431
f 6418 6407 6431
f 6407 6421 6431
f 5697 5698 6431
f 6419 6408 6432
f 6408 6422 6432
f 6420 6409 6433
f 6409 6423 6433
f 6411 6424 6434
f 6422 6411 6434
f 6412 6425 6435
f 6423 6412 6435
f 6413 6426 6436
f 5667 5666 6436
f 5668 5667 6436
f 5666 6413 6436
f 6424 6414 6437
f 6414 6427 6437
f 6415 6428 6438
f 6425 6415 6438
f 6426 6416 6439
f 6416 6429 6439
f 6427 6417 6440
f 6417 6430 6440
f 6418 6431 6441
f 6431 5698 6441
f 6428 6418 6441
f 5698 5699 6441
f 5699 5700 6441
f 6419 6432 6442
f 6429 6419 6442
f 6420 6433 6443
f 6430 6420 6443
f 6422 6434 6444
f 6432 6422 6444
f 6433 6423 6445
f 6423 6435 6445
f 6434 6424 6446
f 6424 6437 6446
f 6425 6438 6447
f 6435 6425 6447
f 6426 6439 6448
f 5668 6436 6448
f 6436 6426 6448
f 5669 5668 6448
f 6437 6427 6449
f 6427 6440 6449
f 5700 5701 6450
f 6441 5700 6450
f 6438 6428 6450
f 6428 6441 6450
f 6439 6429 6451
f 6429 6442 6451
f 6440 6430 6452
f 6430 6443 6452
f 6442 6432 6453
f 6432 6444 6453
f 6443 6433 6454
f 6433 6445 6454
f 6444 6434 6455
f 6434 6446 6455
f 6445 6435 6456
f 6435 6447 6456
f 6437 6449 6457
f 6446 6437 6457
f 5701 5702 6458
f 6438 6450 6458
f 6450 5701 6458
f 6447 6438 6458
f 6439 6451 6459
f 6448 6439 6459
f 6440 6452 6460
f 6449 6440 6460
f 6451 6442 6461
f 6442 6453 6461
f 6452 6443 6462
f 6443 6454 6462
f 6444 6455 6463
f 6453 6444 6463
f 6454 6445 6464
f 6445 6456 6464
f 6446 6457 6465
f 6455 6446 6465
f 5702 5703 6466
f 5703 5704 6466
f 6456 6447 6466
f 6447 6458 6466
f 6458 5702 6466
f 6448 6459 6467
f 5670 5669 6467
f 5671 5670 6467
f 5669 6448 6467
f 6449 6460 6468
f 6457 6449 6468
f 6459 6451 6469
f 6451 6461 6469
f 6452 6462 6470
f 6460 6452 6470
f 6461 6453 6471
f 6453 6463 6471
f 6462 6454 6472
f 6454 6464 6472
f 6463 6455 6473
f 6455 6465 6473
f 5704 5705 6474
f 6466 5704 6474
f 6464 6456 6474
f 6456 6466 6474
f 6457 6468 6475
f 6465 6457 6475
f 6467 6459 6476
f 6459 6469 6476
f 5672 5671 6476
f 5671 6467 6476
f 6468 6460 6477
f 6460 6470 6477
f 6469 6461 6478
f 6461 6471 6478
f 6470 6462 6479
f 6462 6472 6479
f 6471 6463 6480
f 6463 6473 6480
f 5705 5706 6481
f 5706 5707 6481
f 6472 6464 6481
f 6464 6474 6481
f 6474 5705 6481
f 6465 6475 6482
f 6473 6465 6482
f 6475 6468 6483
f 6468 6477 6483
f 6476 6469 6484
f 6469 6478 6484
f 6477 6470 6485
f 6470 6479 6485
f 6471 6480 6486
f 6478 6471 6486
f 5707 5708 6487
f 6481 5707 6487
f 6479 6472 6487
f 6472 6481 6487
f 6480 6473 6488
f 6473 6482 6488
f 6482 6475 6489
f 6475 6483 6489
f 5673 5672 6490
f 5672 6476 6490
f 6476 6484 6490
f 6483 6477 6491
f 6477 6485 6491
f 6484 6478 6492
f 6478 6486 6492
f 5708 5709 6493
f 6485 6479 6493
f 6487 5708 6493
f 6479 6487 6493
f 6480 6488 6494
f 6486 6480 6494
f 6482 6489 6495
f 6488 6482 6495
f 6483 6491 6496
f 6489 6483 6496
f 6484 6492 6497
f 5673 6490 6497
f 6490 6484 6497
f 5674 5673 6497
f 5675 5674 6497
f 5709 5710 6498
f 5710 5711 6498
f 6491 6485 6498
f 6485 6493 6498
f 6493 5709 6498
f 6486 6494 6499
f 6492 6486 6499
f 6488 6495 6500
f 6494 6488 6500
f 6495 6489 6501
f 6489 6496 6501
f 5711 5712 6502
f 6498 5711 6502
f 6491 6498 6502
f 6496 6491 6502
f 6492 6499 6503
f 6497 6492 6503
f 6499 6494 6504
f 6494 6500 6504
f 6495 6501 6505
f 6500 6495 6505
f 5712 5713 6506
f 6501 6496 6506
f 6502 5712 6506
f 6496 6502 6506
f 5675 6497 6507
f 6497 6503 6507
f 5676 5675 6507
f 6503 6499 6508
f 6499 6504 6508
f 6504 6500 6509
f 6500 6505 6509
f 5713 5714 6510
f 5714 5715 6510
f 6506 5713 6510
f 6505 6501 6510
f 6501 6506 6510
f 6503 6508 6511
f 6507 6503 6511
f 5676 6507 6511
f 5677 5676 6511
f 5678 5677 6511
f 6504 6509 6512
f 6508 6504 6512
f 5715 5716 6513
f 6509 6505 6513
f 6510 5715 6513
f 6505 6510 6513
f 6508 6512 6514
f 6511 6508 6514
f 5716 5717 6515
f 5717 5718 6515
f 6513 5716 6515
f 6512 6509 6515
f 6509 6513 6515
f 5679 5678 6516
f 5678 6511 6516
f 6511 6514 6516
f 5718 5719 6517
f 6512 6515 6517
f 6514 6512 6517
f 6515 5718 6517
f 6516 6514 6518
f 6514 6517 6518
f 5719 5720 6518
f 5720 5680 6518
f 5680 5679 6518
f 6517 5719 6518
f 5679 6516 6518
f 6521 6519 6520
f 6522 6521 6520
f 6562 6563 6605
f 6603 6643 6604
f 6524 6525 6644
f 6523 6524 6645
f 6524 6644 6645
f 6523 6645 6646
f 6525 6526 6647
f 6644 6525 6647
f 6645 6644 6647
f 6523 6646 6648
f 6646 6645 6649
f 6645 6647 6649
f 6526 6527 6650
f 6527 6528 6650
f 6647 6526 6650
f 6523 6648 6651
f 6648 6646 6652
f 6646 6649 6652
f 6649 6647 6653
f 6647 6650 6653
f 6523 6651 6654
f 6648 6652 6655
f 6651 6648 6655
f 6649 6653 6656
f 6652 6649 6656
f 6650 6528 6657
f 6528 6529 6657
f 6653 6650 6657
f 6523 6654 6658
f 6654 6651 6659
f 6651 6655 6659
f 6652 6656 6660
f 6655 6652 6660
f 6653 6657 6661
f 6656 6653 6661
f 6523 6658 6662
f 6529 6530 6663
f 6530 6531 6663
f 6657 6529 6663
f 6658 6654 6664
f 6654 6659 6664
f 6659 6655 6665
f 6655 6660 6665
f 6656 6661 6666
f 6660 6656 6666
f 6523 6662 6667
f 6661 6657 6668
f 6657 6663 6668
f 6658 6664 6669
f 6662 6658 6669
f 6664 6659 6670
f 6659 6665 6670
f 6660 6666 6671
f 6665 6660 6671
f 6523 6667 6672
f 6666 6661 6673
f 6661 6668 6673
f 6667 6662 6674
f 6662 6669 6674
f 6668 6663 6675
f 6531 6532 6675
f 6663 6531 6675
f 6669 6664 6676
f 6664 6670 6676
f 6665 6671 6677
f 6670 6665 6677
f 6523 6672 6678
f 6671 6666 6679
f 6666 6673 6679
f 6672 6667 6680
f 6667 6674 6680
f 6668 6675 6681
f 6673 6668 6681
f 6669 6676 6682
f 6674 6669 6682
f 6532 6533 6683
f 6675 6532 6683
f 6670 6677 6684
f 6676 6670 6684
f 6523 6678 6685
f 6677 6671 6686
f 6671 6679 6686
f 6678 6672 6687
f 6672 6680 6687
f 6679 6673 6688
f 6673 6681 6688
f 6674 6682 6689
f 6680 6674 6689
f 6681 6675 6690
f 6675 6683 6690
f 6676 6684 6691
f 6682 6676 6691
f 6523 6685 6692
f 6684 6677 6693
f 6677 6686 6693
f 6685 6678 6694
f 6678 6687 6694
f 6679 6688 6695
f 6686 6679 6695
f 6680 6689 6696
f 6687 6680 6696
f 6688 6681 6697
f 6681 6690 6697
f 6689 6682 6698
f 6682 6691 6698
f 6533 6534 6699
f 6534 6535 6699
f 6690 6683 6699
f 6683 6533 6699
f 6523 6692 6700
f 6691 6684 6701
f 6684 6693 6701
f 6685 6694 6702
f 6692 6685 6702
f 6693 6686 6703
f 6686 6695 6703
f 6687 6696 6704
f 6694 6687 6704
f 6695 6688 6705
f 6688 6697 6705
f 6696 6689 6706
f 6689 6698 6706
f 6690 6699 6707
f 6697 6690 6707
f 6564 6523 6708
f 6523 6700 6708
f 6691 6701 6709
f 6698 6691 6709
f 6535 6536 6710
f 6699 6535 6710
f 6692 6702 6711
f 6700 6692 6711
f 6693 6703 6712
f 6701 6693 6712
f 6694 6704 6713
f 6702 6694 6713
f 6695 6705 6714
f 6703 6695 6714
f 6704 6696 6715
f 6696 6706 6715
f 6697 6707 6716
f 6705 6697 6716
f 6564 6708 6717
f 6706 6698 6718
f 6698 6709 6718
f 6699 6710 6719
f 6707 6699 6719
f 6700 6711 6720
f 6708 6700 6720
f 6709 6701 6721
f 6701 6712 6721
f 6711 6702 6722
f 6702 6713 6722
f 6712 6703 6723
f 6703 6714 6723
f 6713 6704 6724
f 6704 6715 6724
f 6705 6716 6725
f 6714 6705 6725
f 6564 6717 6726
f 6715 6706 6727
f 6706 6718 6727
f 6716 6707 6728
f 6707 6719 6728
f 6708 6720 6729
f 6717 6708 6729
f 6709 6721 6730
f 6718 6709 6730
f 6536 6537 6731
f 6710 6536 6731
f 6719 6710 6731
f 6720 6711 6732
f 6711 6722 6732
f 6721 6712 6733
f 6712 6723 6733
f 6722 6713 6734
f 6713 6724 6734
f 6723 6714 6735
f 6714 6725 6735
f 6564 6726 6736
f 6724 6715 6737
f 6715 6727 6737
f 6725 6716 6738
f 6716 6728 6738
f 6726 6717 6739
f 6717 6729 6739
f 6727 6718 6740
f 6718 6730 6740
f 6728 6719 6741
f 6719 6731 6741
f 6720 6732 6742
f 6729 6720 6742
f 6730 6721 6743
f 6721 6733 6743
f 6537 6538 6744
f 6538 6539 6744
f 6731 6537 6744
f 6732 6722 6745
f 6722 6734 6745
f 6723 6735 6746
f 6733 6723 6746
f 6564 6736 6747
f 6734 6724 6748
f 6724 6737 6748
f 6725 6738 6749
f 6735 6725 6749
f 6736 6726 6750
f 6726 6739 6750
f 6737 6727 6751
f 6727 6740 6751
f 6738 6728 6752
f 6728 6741 6752
f 6729 6742 6753
f 6739 6729 6753
f 6740 6730 6754
f 6730 6743 6754
f 6741 6731 6755
f 6731 6744 6755
f 6742 6732 6756
f 6732 6745 6756
f 6743 6733 6757
f 6733 6746 6757
f 6564 6747 6758
f 6734 6748 6759
f 6745 6734 6759
f 6746 6735 6760
f 6735 6749 6760
f 6736 6750 6761
f 6747 6736 6761
f 6748 6737 6762
f 6737 6751 6762
f 6738 6752 6763
f 6749 6738 6763
f 6750 6739 6764
f 6739 6753 6764
f 6751 6740 6765
f 6740 6754 6765
f 6752 6741 6766
f 6741 6755 6766
f 6742 6756 6767
f 6753 6742 6767
f 6743 6757 6768
f 6754 6743 6768
f 6539 6540 6769
f 6744 6539 6769
f 6755 6744 6769
f 6564 6758 6770
f 6745 6759 6771
f 6756 6745 6771
f 6746 6760 6772
f 6757 6746 6772
f 6758 6747 6773
f 6747 6761 6773
f 6759 6748 6774
f 6748 6762 6774
f 6760 6749 6775
f 6749 6763 6775
f 6750 6764 6776
f 6761 6750 6776
f 6751 6765 6777
f 6762 6751 6777
f 6752 6766 6778
f 6763 6752 6778
f 6753 6767 6779
f 6764 6753 6779
f 6765 6754 6780
f 6754 6768 6780
f 6766 6755 6781
f 6755 6769 6781
f 6564 6770 6782
f 6756 6771 6783
f 6767 6756 6783
f 6757 6772 6784
f 6768 6757 6784
f 6540 6541 6785
f 6541 6542 6785
f 6769 6540 6785
f 6770 6758 6786
f 6758 6773 6786
f 6771 6759 6787
f 6759 6774 6787
f 6760 6775 6788
f 6772 6760 6788
f 6773 6761 6789
f 6761 6776 6789
f 6774 6762 6790
f 6762 6777 6790
f 6775 6763 6791
f 6763 6778 6791
f 6776 6764 6792
f 6764 6779 6792
f 6777 6765 6793
f 6765 6780 6793
f 6766 6781 6794
f 6778 6766 6794
f 6564 6782 6795
f 6779 6767 6796
f 6767 6783 6796
f 6780 6768 6797
f 6768 6784 6797
f 6769 6785 6798
f 6781 6769 6798
f 6782 6770 6799
f 6770 6786 6799
f 6783 6771 6800
f 6771 6787 6800
f 6772 6788 6801
f 6784 6772 6801
f 6773 6789 6802
f 6786 6773 6802
f 6774 6790 6803
f 6787 6774 6803
f 6775 6791 6804
f 6788 6775 6804
f 6776 6792 6805
f 6789 6776 6805
f 6790 6777 6806
f 6777 6793 6806
f 6791 6778 6807
f 6778 6794 6807
f 6564 6795 6808
f 6779 6796 6809
f 6792 6779 6809
f 6780 6797 6810
f 6793 6780 6810
f 6794 6781 6811
f 6781 6798 6811
f 6795 6782 6812
f 6782 6799 6812
f 6796 6783 6813
f 6783 6800 6813
f 6797 6784 6814
f 6784 6801 6814
f 6785 6542 6815
f 6542 6543 6815
f 6798 6785 6815
f 6786 6802 6816
f 6799 6786 6816
f 6800 6787 6817
f 6787 6803 6817
f 6788 6804 6818
f 6801 6788 6818
f 6802 6789 6819
f 6789 6805 6819
f 6790 6806 6820
f 6803 6790 6820
f 6791 6807 6821
f 6804 6791 6821
f 6564 6808 6822
f 6805 6792 6823
f 6792 6809 6823
f 6806 6793 6824
f 6793 6810 6824
f 6807 6794 6825
f 6794 6811 6825
f 6795 6812 6826
f 6808 6795 6826
f 6796 6813 6827
f 6809 6796 6827
f 6810 6797 6828
f 6797 6814 6828
f 6811 6798 6829
f 6798 6815 6829
f 6812 6799 6830
f 6799 6816 6830
f 6800 6817 6831
f 6813 6800 6831
f 6814 6801 6832
f 6801 6818 6832
f 6543 6544 6833
f 6815 6543 6833
f 6816 6802 6834
f 6802 6819 6834
f 6817 6803 6835
f 6803 6820 6835
f 6818 6804 6836
f 6804 6821 6836
f 6564 6822 6837
f 6805 6823 6838
f 6819 6805 6838
f 6820 6806 6839
f 6806 6824 6839
f 6821 6807 6840
f 6807 6825 6840
f 6822 6808 6841
f 6808 6826 6841
f 6823 6809 6842
f 6809 6827 6842
f 6824 6810 6843
f 6810 6828 6843
f 6825 6811 6844
f 6811 6829 6844
f 6826 6812 6845
f 6812 6830 6845
f 6827 6813 6846
f 6813 6831 6846
f 6814 6832 6847
f 6828 6814 6847
f 6815 6833 6848
f 6829 6815 6848
f 6816 6834 6849
f 6830 6816 6849
f 6817 6835 6850
f 6831 6817 6850
f 6832 6818 6851
f 6818 6836 6851
f 6564 6837 6852
f 6819 6838 6853
f 6834 6819 6853
f 6820 6839 6854
f 6835 6820 6854
f 6836 6821 6855
f 6821 6840 6855
f 6822 6841 6856
f 6837 6822 6856
f 6838 6823 6857
f 6823 6842 6857
f 6824 6843 6858
f 6839 6824 6858
f 6840 6825 6859
f 6825 6844 6859
f 6826 6845 6860
f 6841 6826 6860
f 6827 6846 6861
f 6842 6827 6861
f 6828 6847 6862
f 6843 6828 6862
f 6829 6848 6863
f 6844 6829 6863
f 6845 6830 6864
f 6830 6849 6864
f 6846 6831 6865
f 6831 6850 6865
f 6832 6851 6866
f 6847 6832 6866
f 6544 6545 6867
f 6545 6546 6867
f 6848 6833 6867
f 6833 6544 6867
f 6564 6852 6868
f 6565 6564 6868
f 6834 6853 6869
f 6849 6834 6869
f 6850 6835 6870
f 6835 6854 6870
f 6851 6836 6871
f 6836 6855 6871
f 6852 6837 6872
f 6837 6856 6872
f 6838 6857 6873
f 6853 6838 6873
f 6854 6839 6874
f 6839 6858 6874
f 6855 6840 6875
f 6840 6859 6875
f 6856 6841 6876
f 6841 6860 6876
f 6842 6861 6877
f 6857 6842 6877
f 6858 6843 6878
f 6843 6862 6878
f 6844 6863 6879
f 6859 6844 6879
f 6860 6845 6880
f 6845 6864 6880
f 6861 6846 6881
f 6846 6865 6881
f 6847 6866 6882
f 6862 6847 6882
f 6848 6867 6883
f 6863 6848 6883
f 6565 6868 6884
f 6566 6565 6884
f 6864 6849 6885
f 6849 6869 6885
f 6850 6870 6886
f 6865 6850 6886
f 6866 6851 6887
f 6851 6871 6887
f 6867 6546 6888
f 6546 6547 6888
f 6852 6872 6889
f 6868 6852 6889
f 6853 6873 6890
f 6869 6853 6890
f 6854 6874 6891
f 6870 6854 6891
f 6871 6855 6892
f 6855 6875 6892
f 6872 6856 6893
f 6856 6876 6893
f 6873 6857 6894
f 6857 6877 6894
f 6858 6878 6895
f 6874 6858 6895
f 6875 6859 6896
f 6859 6879 6896
f 6876 6860 6897
f 6860 6880 6897
f 6877 6861 6898
f 6861 6881 6898
f 6878 6862 6899
f 6862 6882 6899
f 6879 6863 6900
f 6863 6883 6900
f 6880 6864 6901
f 6864 6885 6901
f 6881 6865 6902
f 6865 6886 6902
f 6866 6887 6903
f 6882 6866 6903
f 6883 6867 6904
f 6867 6888 6904
f 6567 6566 6905
f 6884 6868 6905
f 6566 6884 6905
f 6868 6889 6905
f 6885 6869 6906
f 6869 6890 6906
f 6870 6891 6907
f 6886 6870 6907
f 6871 6892 6908
f 6887 6871 6908
f 6872 6893 6909
f 6889 6872 6909
f 6890 6873 6910
f 6873 6894 6910
f 6891 6874 6911
f 6874 6895 6911
f 6892 6875 6912
f 6875 6896 6912
f 6876 6897 6913
f 6893 6876 6913
f 6894 6877 6914
f 6877 6898 6914
f 6878 6899 6915
f 6895 6878 6915
f 6896 6879 6916
f 6879 6900 6916
f 6897 6880 6917
f 6880 6901 6917
f 6898 6881 6918
f 6881 6902 6918
f 6882 6903 6919
f 6899 6882 6919
f 6883 6904 6920
f 6900 6883 6920
f 6901 6885 6921
f 6885 6906 6921
f 6886 6907 6922
f 6902 6886 6922
f 6887 6908 6923
f 6903 6887 6923
f 6904 6888 6924
f 6547 6548 6924
f 6888 6547 6924
f 6905 6889 6925
f 6889 6909 6925
f 6906 6890 6926
f 6890 6910 6926
f 6907 6891 6927
f 6891 6911 6927
f 6892 6912 6928
f 6908 6892 6928
f 6893 6913 6929
f 6909 6893 6929
f 6910 6894 6930
f 6894 6914 6930
f 6895 6915 6931
f 6911 6895 6931
f 6912 6896 6932
f 6896 6916 6932
f 6897 6917 6933
f 6913 6897 6933
f 6914 6898 6934
f 6898 6918 6934
f 6915 6899 6935
f 6899 6919 6935
f 6900 6920 6936
f 6916 6900 6936
f 6917 6901 6937
f 6901 6921 6937
f 6902 6922 6938
f 6918 6902 6938
f 6919 6903 6939
f 6903 6923 6939
f 6904 6924 6940
f 6920 6904 6940
f 6905 6925 6941
f 6568 6567 6941
f 6569 6568 6941
f 6567 6905 6941
f 6906 6926 6942
f 6921 6906 6942
f 6907 6927 6943
f 6922 6907 6943
f 6908 6928 6944
f 6923 6908 6944
f 6548 6549 6945
f 6549 6550 6945
f 6924 6548 6945
f 6925 6909 6946
f 6909 6929 6946
f 6910 6930 6947
f 6926 6910 6947
f 6911 6931 6948
f 6927 6911 6948
f 6928 6912 6949
f 6912 6932 6949
f 6929 6913 6950
f 6913 6933 6950
f 6914 6934 6951
f 6930 6914 6951
f 6931 6915 6952
f 6915 6935 6952
f 6932 6916 6953
f 6916 6936 6953
f 6917 6937 6954
f 6933 6917 6954
f 6934 6918 6955
f 6918 6938 6955
f 6919 6939 6956
f 6935 6919 6956
f 6920 6940 6957
f 6936 6920 6957
f 6921 6942 6958
f 6937 6921 6958
f 6938 6922 6959
f 6922 6943 6959
f 6923 6944 6960
f 6939 6923 6960
f 6924 6945 6961
f 6940 6924 6961
f 6941 6925 6962
f 6569 6941 6962
f 6925 6946 6962
f 6570 6569 6962
f 6926 6947 6963
f 6942 6926 6963
f 6943 6927 6964
f 6927 6948 6964
f 6928 6949 6965
f 6944 6928 6965
f 6946 6929 6966
f 6929 6950 6966
f 6947 6930 6967
f 6930 6951 6967
f 6948 6931 6968
f 6931 6952 6968
f 6949 6932 6969
f 6932 6953 6969
f 6933 6954 6970
f 6950 6933 6970
f 6934 6955 6971
f 6951 6934 6971
f 6935 6956 6972
f 6952 6935 6972
f 6936 6957 6973
f 6953 6936 6973
f 6954 6937 6974
f 6937 6958 6974
f 6938 6959 6975
f 6955 6938 6975
f 6956 6939 6976
f 6939 6960 6976
f 6957 6940 6977
f 6940 6961 6977
f 6942 6963 6978
f 6958 6942 6978
f 6943 6964 6979
f 6959 6943 6979
f 6960 6944 6980
f 6944 6965 6980
f 6550 6551 6981
f 6961 6945 6981
f 6945 6550 6981
f 6946 6966 6982
f 6962 6946 6982
f 6963 6947 6983
f 6947 6967 6983
f 6964 6948 6984
f 6948 6968 6984
f 6965 6949 6985
f 6949 6969 6985
f 6966 6950 6986
f 6950 6970 6986
f 6967 6951 6987
f 6951 6971 6987
f 6968 6952 6988
f 6952 6972 6988
f 6953 6973 6989
f 6969 6953 6989
f 6954 6974 6990
f 6970 6954 6990
f 6955 6975 6991
f 6971 6955 6991
f 6956 6976 6992
f 6972 6956 6992
f 6973 6957 6993
f 6957 6977 6993
f 6958 6978 6994
f 6974 6958 6994
f 6975 6959 6995
f 6959 6979 6995
f 6976 6960 6996
f 6960 6980 6996
f 6961 6981 6997
f 6977 6961 6997
f 6962 6982 6998
f 6571 6570 6998
f 6572 6571 6998
f 6570 6962 6998
f 6963 6983 6999
f 6978 6963 6999
f 6964 6984 7000
f 6979 6964 7000
f 6965 6985 7001
f 6980 6965 7001
f 6551 6552 7002
f 6552 6553 7002
f 6981 6551 7002
f 6966 6986 7003
f 6982 6966 7003
f 6967 6987 7004
f 6983 6967 7004
f 6968 6988 7005
f 6984 6968 7005
f 6969 6989 7006
f 6985 6969 7006
f 6986 6970 7007
f 6970 6990 7007
f 6987 6971 7008
f 6971 6991 7008
f 6988 6972 7009
f 6972 6992 7009
f 6973 6993 7010
f 6989 6973 7010
f 6990 6974 7011
f 6974 6994 7011
f 6975 6995 7012
f 6991 6975 7012
f 6976 6996 7013
f 6992 6976 7013
f 6993 6977 7014
f 6977 6997 7014
f 6994 6978 7015
f 6978 6999 7015
f 6995 6979 7016
f 6979 7000 7016
f 6996 6980 7017
f 6980 7001 7017
f 6981 7002 7018
f 6997 6981 7018
f 6982 7003 7019
f 6998 6982 7019
f 6573 6572 7019
f 6572 6998 7019
f 6999 6983 7020
f 6983 7004 7020
f 7000 6984 7021
f 6984 7005 7021
f 7001 6985 7022
f 6985 7006 7022
f 7003 6986 7023
f 6986 7007 7023
f 6987 7008 7024
f 7004 6987 7024
f 7005 6988 7025
f 6988 7009 7025
f 6989 7010 7026
f 7006 6989 7026
f 7007 6990 7027
f 6990 7011 7027
f 7008 6991 7028
f 6991 7012 7028
f 7009 6992 7029
f 6992 7013 7029
f 6993 7014 7030
f 7010 6993 7030
f 7011 6994 7031
f 6994 7015 7031
f 7012 6995 7032
f 6995 7016 7032
f 6996 7017 7033
f 7013 6996 7033
f 6997 7018 7034
f 7014 6997 7034
f 6999 7020 7035
f 7015 6999 7035
f 7000 7021 7036
f 7016 7000 7036
f 7017 7001 7037
f 7001 7022 7037
f 7002 6553 7038
f 6553 6554 7038
f 7018 7002 7038
f 7019 7003 7039
f 7003 7023 7039
f 7020 7004 7040
f 7004 7024 7040
f 7021 7005 7041
f 7005 7025 7041
f 7006 7026 7042
f 7022 7006 7042
f 7023 7007 7043
f 7007 7027 7043
f 7024 7008 7044
f 7008 7028 7044
f 7009 7029 7045
f 7025 7009 7045
f 7010 7030 7046
f 7026 7010 7046
f 7011 7031 7047
f 7027 7011 7047
f 7028 7012 7048
f 7012 7032 7048
f 7029 7013 7049
f 7013 7033 7049
f 7030 7014 7050
f 7014 7034 7050
f 7015 7035 7051
f 7031 7015 7051
f 7016 7036 7052
f 7032 7016 7052
f 7033 7017 7053
f 7017 7037 7053
f 7034 7018 7054
f 7018 7038 7054
f 7019 7039 7055
f 6574 6573 7055
f 6573 7019 7055
f 7035 7020 7056
f 7020 7040 7056
f 7021 7041 7057
f 7036 7021 7057
f 7037 7022 7058
f 7022 7042 7058
f 7038 6554 7059
f 6554 6555 7059
f 7039 7023 7060
f 7023 7043 7060
f 7024 7044 7061
f 7040 7024 7061
f 7025 7045 7062
f 7041 7025 7062
f 7042 7026 7063
f 7026 7046 7063
f 7043 7027 7064
f 7027 7047 7064
f 7028 7048 7065
f 7044 7028 7065
f 7045 7029 7066
f 7029 7049 7066
f 7046 7030 7067
f 7030 7050 7067
f 7031 7051 7068
f 7047 7031 7068
f 7048 7032 7069
f 7032 7052 7069
f 7049 7033 7070
f 7033 7053 7070
f 7050 7034 7071
f 7034 7054 7071
f 7035 7056 7072
f 7051 7035 7072
f 7052 7036 7073
f 7036 7057 7073
f 7053 7037 7074
f 7037 7058 7074
f 7038 7059 7075
f 7054 7038 7075
f 7039 7060 7076
f 6575 6574 7076
f 6576 6575 7076
f 6574 7055 7076
f 7055 7039 7076
f 7040 7061 7077
f 7056 7040 7077
f 7057 7041 7078
f 7041 7062 7078
f 7058 7042 7079
f 7042 7063 7079
f 7043 7064 7080
f 7060 7043 7080
f 7044 7065 7081
f 7061 7044 7081
f 7045 7066 7082
f 7062 7045 7082
f 7046 7067 7083
f 7063 7046 7083
f 7064 7047 7084
f 7047 7068 7084
f 7065 7048 7085
f 7048 7069 7085
f 7049 7070 7086
f 7066 7049 7086
f 7050 7071 7087
f 7067 7050 7087
f 7068 7051 7088
f 7051 7072 7088
f 7069 7052 7089
f 7052 7073 7089
f 7070 7053 7090
f 7053 7074 7090
f 7054 7075 7091
f 7071 7054 7091
f 7056 7077 7092
f 7072 7056 7092
f 7057 7078 7093
f 7073 7057 7093
f 7058 7079 7094
f 7074 7058 7094
f 6555 6556 7095
f 6556 6557 7095
f 7075 7059 7095
f 7059 6555 7095
f 7076 7060 7096
f 7060 7080 7096
f 7061 7081 7097
f 7077 7061 7097
f 7062 7082 7098
f 7078 7062 7098
f 7063 7083 7099
f 7079 7063 7099
f 7080 7064 7100
f 7064 7084 7100
f 7065 7085 7101
f 7081 7065 7101
f 7066 7086 7102
f 7082 7066 7102
f 7083 7067 7103
f 7067 7087 7103
f 7084 7068 7104
f 7068 7088 7104
f 7085 7069 7105
f 7069 7089 7105
f 7070 7090 7106
f 7086 7070 7106
f 7087 7071 7107
f 7071 7091 7107
f 7088 7072 7108
f 7072 7092 7108
f 7089 7073 7109
f 7073 7093 7109
f 7074 7094 7110
f 7090 7074 7110
f 7075 7095 7111
f 7091 7075 7111
f 6576 7076 7112
f 7076 7096 7112
f 6577 6576 7112
f 7092 7077 7113
f 7077 7097 7113
f 7093 7078 7114
f 7078 7098 7114
f 7094 7079 7115
f 7079 7099 7115
f 6557 6558 7116
f 7095 6557 7116
f 7096 7080 7117
f 7080 7100 7117
f 7097 7081 7118
f 7081 7101 7118
f 7082 7102 7119
f 7098 7082 7119
f 7083 7103 7120
f 7099 7083 7120
f 7100 7084 7121
f 7084 7104 7121
f 7101 7085 7122
f 7085 7105 7122
f 7102 7086 7123
f 7086 7106 7123
f 7087 7107 7124
f 7103 7087 7124
f 7104 7088 7125
f 7088 7108 7125
f 7089 7109 7126
f 7105 7089 7126
f 7106 7090 7127
f 7090 7110 7127
f 7107 7091 7128
f 7091 7111 7128
f 7092 7113 7129
f 7108 7092 7129
f 7093 7114 7130
f 7109 7093 7130
f 7094 7115 7131
f 7110 7094 7131
f 7095 7116 7132
f 7111 7095 7132
f 7112 7096 7133
f 6577 7112 7133
f 7096 7117 7133
f 6578 6577 7133
f 7097 7118 7134
f 7113 7097 7134
f 7098 7119 7135
f 7114 7098 7135
f 7099 7120 7136
f 7115 7099 7136
f 7100 7121 7137
f 7117 7100 7137
f 7118 7101 7138
f 7101 7122 7138
f 7119 7102 7139
f 7102 7123 7139
f 7120 7103 7140
f 7103 7124 7140
f 7104 7125 7141
f 7121 7104 7141
f 7105 7126 7142
f 7122 7105 7142
f 7123 7106 7143
f 7106 7127 7143
f 7107 7128 7144
f 7124 7107 7144
f 7108 7129 7145
f 7125 7108 7145
f 7109 7130 7146
f 7126 7109 7146
f 7110 7131 7147
f 7127 7110 7147
f 7111 7132 7148
f 7128 7111 7148
f 7129 7113 7149
f 7113 7134 7149
f 7130 7114 7150
f 7114 7135 7150
f 7131 7115 7151
f 7115 7136 7151
f 6558 6559 7152
f 6559 6560 7152
f 7132 7116 7152
f 7116 6558 7152
f 7117 7137 7153
f 7133 7117 7153
f 7118 7138 7154
f 7134 7118 7154
f 7135 7119 7155
f 7119 7139 7155
f 7136 7120 7156
f 7120 7140 7156
f 7137 7121 7157
f 7121 7141 7157
f 7122 7142 7158
f 7138 7122 7158
f 7139 7123 7159
f 7123 7143 7159
f 7140 7124 7160
f 7124 7144 7160
f 7125 7145 7161
f 7141 7125 7161
f 7126 7146 7162
f 7142 7126 7162
f 7127 7147 7163
f 7143 7127 7163
f 7144 7128 7164
f 7128 7148 7164
f 7145 7129 7165
f 7129 7149 7165
f 7146 7130 7166
f 7130 7150 7166
f 7131 7151 7167
f 7147 7131 7167
f 7132 7152 7168
f 7148 7132 7168
f 7133 7153 7169
f 6579 6578 7169
f 6580 6579 7169
f 6578 7133 7169
f 7134 7154 7170
f 7149 7134 7170
f 7150 7135 7171
f 7135 7155 7171
f 7136 7156 7172
f 7151 7136 7172
f 7152 6560 7173
f 6560 6561 7173
f 7137 7157 7174
f 7153 7137 7174
f 7138 7158 7175
f 7154 7138 7175
f 7155 7139 7176
f 7139 7159 7176
f 7156 7140 7177
f 7140 7160 7177
f 7157 7141 7178
f 7141 7161 7178
f 7142 7162 7179
f 7158 7142 7179
f 7159 7143 7180
f 7143 7163 7180
f 7144 7164 7181
f 7160 7144 7181
f 7145 7165 7182
f 7161 7145 7182
f 7162 7146 7183
f 7146 7166 7183
f 7163 7147 7184
f 7147 7167 7184
f 7164 7148 7185
f 7148 7168 7185
f 7165 7149 7186
f 7149 7170 7186
f 7166 7150 7187
f 7150 7171 7187
f 7151 7172 7188
f 7167 7151 7188
f 7152 7173 7189
f 7168 7152 7189
f 7153 7174 7190
f 6580 7169 7190
f 6581 6580 7190
f 7169 7153 7190
f 7170 7154 7191
f 7154 7175 7191
f 7155 7176 7192
f 7171 7155 7192
f 7156 7177 7193
f 7172 7156 7193
f 7174 7157 7194
f 7157 7178 7194
f 7158 7179 7195
f 7175 7158 7195
f 7176 7159 7196
f 7159 7180 7196
f 7177 7160 7197
f 7160 7181 7197
f 7178 7161 7198
f 7161 7182 7198
f 7162 7183 7199
f 7179 7162 7199
f 7180 7163 7200
f 7163 7184 7200
f 7164 7185 7201
f 7181 7164 7201
f 7165 7186 7202
f 7182 7165 7202
f 7166 7187 7203
f 7183 7166 7203
f 7167 7188 7204
f 7184 7167 7204
f 7168 7189 7205
f 7185 7168 7205
f 7170 7191 7206
f 7186 7170 7206
f 7187 7171 7207
f 7171 7192 7207
f 7188 7172 7208
f 7172 7193 7208
f 6561 6562 7209
f 6562 6605 7209
f 7173 6561 7209
f 6605 6606 7209
f 7189 7173 7209
f 7190 7174 7210
f 7174 7194 7210
f 7191 7175 7211
f 7175 7195 7211
f 7176 7196 7212
f 7192 7176 7212
f 7193 7177 7213
f 7177 7197 7213
f 7178 7198 7214
f 7194 7178 7214
f 7195 7179 7215
f 7179 7199 7215
f 7196 7180 7216
f 7180 7200 7216
f 7197 7181 7217
f 7181 7201 7217
f 7182 7202 7218
f 7198 7182 7218
f 7183 7203 7219
f 7199 7183 7219
f 7200 7184 7220
f 7184 7204 7220
f 7185 7205 7221
f 7201 7185 7221
f 7186 7206 7222
f 7202 7186 7222
f 7187 7207 7223
f 7203 7187 7223
f 7188 7208 7224
f 7204 7188 7224
f 7209 6606 7225
f 7205 7189 7225
f 7189 7209 7225
f 6606 6607 7225
f 6582 6581 7226
f 6583 6582 7226
f 6581 7190 7226
f 7190 7210 7226
f 7191 7211 7227
f 7206 7191 7227
f 7207 7192 7228
f 7192 7212 7228
f 7208 7193 7229
f 7193 7213 7229
f 7210 7194 7230
f 7194 7214 7230
f 7211 7195 7231
f 7195 7215 7231
f 7212 7196 7232
f 7196 7216 7232
f 7213 7197 7233
f 7197 7217 7233
f 7198 7218 7234
f 7214 7198 7234
f 7215 7199 7235
f 7199 7219 7235
f 7200 7220 7236
f 7216 7200 7236
f 7201 7221 7237
f 7217 7201 7237
f 7202 7222 7238
f 7218 7202 7238
f 7219 7203 7239
f 7203 7223 7239
f 7204 7224 7240
f 7220 7204 7240
f 7205 7225 7241
f 7221 7205 7241
f 7225 6607 7241
f 6607 6608 7241
f 6608 6609 7241
f 7222 7206 7242
f 7206 7227 7242
f 7223 7207 7243
f 7207 7228 7243
f 7224 7208 7244
f 7208 7229 7244
f 7226 7210 7245
f 6584 6583 7245
f 6583 7226 7245
f 7210 7230 7245
f 7227 7211 7246
f 7211 7231 7246
f 7228 7212 7247
f 7212 7232 7247
f 7213 7233 7248
f 7229 7213 7248
f 7230 7214 7249
f 7214 7234 7249
f 7215 7235 7250
f 7231 7215 7250
f 7216 7236 7251
f 7232 7216 7251
f 7217 7237 7252
f 7233 7217 7252
f 7218 7238 7253
f 7234 7218 7253
f 7235 7219 7254
f 7219 7239 7254
f 7236 7220 7255
f 7220 7240 7255
f 7241 6609 7256
f 7237 7221 7256
f 7221 7241 7256
f 6609 6610 7256
f 7238 7222 7257
f 7222 7242 7257
f 7239 7223 7258
f 7223 7243 7258
f 7240 7224 7259
f 7224 7244 7259
f 7227 7246 7260
f 7242 7227 7260
f 7243 7228 7261
f 7228 7247 7261
f 7244 7229 7262
f 7229 7248 7262
f 7245 7230 7263
f 7230 7249 7263
f 7231 7250 7264
f 7246 7231 7264
f 7247 7232 7265
f 7232 7251 7265
f 7248 7233 7266
f 7233 7252 7266
f 7234 7253 7267
f 7249 7234 7267
f 7235 7254 7268
f 7250 7235 7268
f 7236 7255 7269
f 7251 7236 7269
f 7252 7237 7270
f 7237 7256 7270
f 7256 6610 7270
f 6610 6611 7270
f 6611 6612 7270
f 7238 7257 7271
f 7253 7238 7271
f 7254 7239 7272
f 7239 7258 7272
f 7240 7259 7273
f 7255 7240 7273
f 7257 7242 7274
f 7242 7260 7274
f 7258 7243 7275
f 7243 7261 7275
f 7259 7244 7276
f 7244 7262 7276
f 6584 7245 7277
f 7245 7263 7277
f 6585 6584 7277
f 7246 7264 7278
f 7260 7246 7278
f 7261 7247 7279
f 7247 7265 7279
f 7248 7266 7280
f 7262 7248 7280
f 7263 7249 7281
f 7249 7267 7281
f 7250 7268 7282
f 7264 7250 7282
f 7251 7269 7283
f 7265 7251 7283
f 7252 7270 7284
f 7266 7252 7284
f 6612 6613 7284
f 7270 6612 7284
f 7267 7253 7285
f 7253 7271 7285
f 7268 7254 7286
f 7254 7272 7286
f 7269 7255 7287
f 7255 7273 7287
f 7257 7274 7288
f 7271 7257 7288
f 7258 7275 7289
f 7272 7258 7289
f 7273 7259 7290
f 7259 7276 7290
f 7274 7260 7291
f 7260 7278 7291
f 7275 7261 7292
f 7261 7279 7292
f 7276 7262 7293
f 7262 7280 7293
f 7277 7263 7294
f 6585 7277 7294
f 7263 7281 7294
f 6586 6585 7294
f 6587 6586 7294
f 7264 7282 7295
f 7278 7264 7295
f 7279 7265 7296
f 7265 7283 7296
f 7266 7284 7297
f 7280 7266 7297
f 7284 6613 7297
f 6613 6614 7297
f 7281 7267 7298
f 7267 7285 7298
f 7268 7286 7299
f 7282 7268 7299
f 7283 7269 7300
f 7269 7287 7300
f 7271 7288 7301
f 7285 7271 7301
f 7286 7272 7302
f 7272 7289 7302
f 7287 7273 7303
f 7273 7290 7303
f 7288 7274 7304
f 7274 7291 7304
f 7289 7275 7305
f 7275 7292 7305
f 7276 7293 7306
f 7290 7276 7306
f 7278 7295 7307
f 7291 7278 7307
f 7292 7279 7308
f 7279 7296 7308
f 7293 7280 7309
f 7280 7297 7309
f 7297 6614 7309
f 6614 6615 7309
f 6615 6616 7309
f 7281 7298 7310
f 7294 7281 7310
f 7295 7282 7311
f 7282 7299 7311
f 7283 7300 7312
f 7296 7283 7312
f 7298 7285 7313
f 7285 7301 7313
f 7286 7302 7314
f 7299 7286 7314
f 7287 7303 7315
f 7300 7287 7315
f 7301 7288 7316
f 7288 7304 7316
f 7289 7305 7317
f 7302 7289 7317
f 7290 7306 7318
f 7303 7290 7318
f 7304 7291 7319
f 7291 7307 7319
f 7305 7292 7320
f 7292 7308 7320
f 7309 6616 7321
f 7306 7293 7321
f 7293 7309 7321
f 6616 6617 7321
f 7294 7310 7322
f 6588 6587 7322
f 6587 7294 7322
f 7307 7295 7323
f 7295 7311 7323
f 7308 7296 7324
f 7296 7312 7324
f 7298 7313 7325
f 7310 7298 7325
f 7311 7299 7326
f 7299 7314 7326
f 7312 7300 7327
f 7300 7315 7327
f 7313 7301 7328
f 7301 7316 7328
f 7302 7317 7329
f 7314 7302 7329
f 7303 7318 7330
f 7315 7303 7330
f 7304 7319 7331
f 7316 7304 7331
f 7317 7305 7332
f 7305 7320 7332
f 7306 7321 7333
f 7321 6617 7333
f 6617 6618 7333
f 7318 7306 7333
f 7307 7323 7334
f 7319 7307 7334
f 7308 7324 7335
f 7320 7308 7335
f 6588 7322 7336
f 7310 7325 7336
f 7322 7310 7336
f 6589 6588 7336
f 7311 7326 7337
f 7323 7311 7337
f 7324 7312 7338
f 7312 7327 7338
f 7313 7328 7339
f 7325 7313 7339
f 7314 7329 7340
f 7326 7314 7340
f 7315 7330 7341
f 7327 7315 7341
f 7316 7331 7342
f 7328 7316 7342
f 7317 7332 7343
f 7329 7317 7343
f 7330 7318 7344
f 7318 7333 7344
f 7333 6618 7344
f 6618 6619 7344
f 6619 6620 7344
f 7319 7334 7345
f 7331 7319 7345
f 7332 7320 7346
f 7320 7335 7346
f 7334 7323 7347
f 7323 7337 7347
f 7335 7324 7348
f 7324 7338 7348
f 7336 7325 7349
f 7325 7339 7349
f 7326 7340 7350
f 7337 7326 7350
f 7327 7341 7351
f 7338 7327 7351
f 7328 7342 7352
f 7339 7328 7352
f 7340 7329 7353
f 7329 7343 7353
f 7344 6620 7354
f 7341 7330 7354
f 7330 7344 7354
f 6620 6621 7354
f 7342 7331 7355
f 7331 7345 7355
f 7343 7332 7356
f 7332 7346 7356
f 7334 7347 7357
f 7345 7334 7357
f 7335 7348 7358
f 7346 7335 7358
f 7336 7349 7359
f 6590 6589 7359
f 6591 6590 7359
f 6589 7336 7359
f 7347 7337 7360
f 7337 7350 7360
f 7338 7351 7361
f 7348 7338 7361
f 7349 7339 7362
f 7339 7352 7362
f 7350 7340 7363
f 7340 7353 7363
f 7341 7354 7364
f 7354 6621 7364
f 7351 7341 7364
f 6621 6622 7364
f 6622 6623 7364
f 7342 7355 7365
f 7352 7342 7365
f 7343 7356 7366
f 7353 7343 7366
f 7345 7357 7367
f 7355 7345 7367
f 7356 7346 7368
f 7346 7358 7368
f 7357 7347 7369
f 7347 7360 7369
f 7348 7361 7370
f 7358 7348 7370
f 7349 7362 7371
f 6591 7359 7371
f 7359 7349 7371
f 6592 6591 7371
f 7360 7350 7372
f 7350 7363 7372
f 6623 6624 7373
f 7364 6623 7373
f 7361 7351 7373
f 7351 7364 7373
f 7362 7352 7374
f 7352 7365 7374
f 7363 7353 7375
f 7353 7366 7375
f 7365 7355 7376
f 7355 7367 7376
f 7366 7356 7377
f 7356 7368 7377
f 7367 7357 7378
f 7357 7369 7378
f 7368 7358 7379
f 7358 7370 7379
f 7360 7372 7380
f 7369 7360 7380
f 6624 6625 7381
f 7361 7373 7381
f 7373 6624 7381
f 7370 7361 7381
f 7362 7374 7382
f 7371 7362 7382
f 7363 7375 7383
f 7372 7363 7383
f 7374 7365 7384
f 7365 7376 7384
f 7375 7366 7385
f 7366 7377 7385
f 7367 7378 7386
f 7376 7367 7386
f 7377 7368 7387
f 7368 7379 7387
f 7369 7380 7388
f 7378 7369 7388
f 6625 6626 7389
f 6626 6627 7389
f 7379 7370 7389
f 7370 7381 7389
f 7381 6625 7389
f 7371 7382 7390
f 6593 6592 7390
f 6594 6593 7390
f 6592 7371 7390
f 7372 7383 7391
f 7380 7372 7391
f 7382 7374 7392
f 7374 7384 7392
f 7375 7385 7393
f 7383 7375 7393
f 7384 7376 7394
f 7376 7386 7394
f 7385 7377 7395
f 7377 7387 7395
f 7386 7378 7396
f 7378 7388 7396
f 6627 6628 7397
f 7389 6627 7397
f 7387 7379 7397
f 7379 7389 7397
f 7380 7391 7398
f 7388 7380 7398
f 7390 7382 7399
f 7382 7392 7399
f 6595 6594 7399
f 6594 7390 7399
f 7391 7383 7400
f 7383 7393 7400
f 7392 7384 7401
f 7384 7394 7401
f 7393 7385 7402
f 7385 7395 7402
f 7394 7386 7403
f 7386 7396 7403
f 6628 6629 7404
f 6629 6630 7404
f 7395 7387 7404
f 7387 7397 7404
f 7397 6628 7404
f 7388 7398 7405
f 7396 7388 7405
f 7398 7391 7406
f 7391 7400 7406
f 7399 7392 7407
f 7392 7401 7407
f 7400 7393 7408
f 7393 7402 7408
f 7394 7403 7409
f 7401 7394 7409
f 6630 6631 7410
f 7404 6630 7410
f 7402 7395 7410
f 7395 7404 7410
f 7403 7396 7411
f 7396 7405 7411
f 7405 7398 7412
f 7398 7406 7412
f 6596 6595 7413
f 6595 7399 7413
f 7399 7407 7413
f 7406 7400 7414
f 7400 7408 7414
f 7407 7401 7415
f 7401 7409 7415
f 6631 6632 7416
f 7408 7402 7416
f 7410 6631 7416
f 7402 7410 7416
f 7403 7411 7417
f 7409 7403 7417
f 7405 7412 7418
f 7411 7405 7418
f 7406 7414 7419
f 7412 7406 7419
f 7407 7415 7420
f 6596 7413 7420
f 7413 7407 7420
f 6597 6596 7420
f 6598 6597 7420
f 6632 6633 7421
f 6633 6634 7421
f 7414 7408 7421
f 7408 7416 7421
f 7416 6632 7421
f 7409 7417 7422
f 7415 7409 7422
f 7411 7418 7423
f 7417 7411 7423
f 7418 7412 7424
f 7412 7419 7424
f 6634 6635 7425
f 7421 6634 7425
f 7414 7421 7425
f 7419 7414 7425
f 7415 7422 7426
f 7420 7415 7426
f 7422 7417 7427
f 7417 7423 7427
f 7418 7424 7428
f 7423 7418 7428
f 6635 6636 7429
f 7424 7419 7429
f 7425 6635 7429
f 7419 7425 7429
f 6598 7420 7430
f 7420 7426 7430
f 6599 6598 7430
f 7426 7422 7431
f 7422 7427 7431
f 7427 7423 7432
f 7423 7428 7432
f 6636 6637 7433
f 6637 6638 7433
f 7429 6636 7433
f 7428 7424 7433
f 7424 7429 7433
f 7426 7431 7434
f 7430 7426 7434
f 6599 7430 7434
f 6600 6599 7434
f 6601 6600 7434
f 7427 7432 7435
f 7431 7427 7435
f 6638 6639 7436
f 7432 7428 7436
f 7433 6638 7436
f 7428 7433 7436
f 7431 7435 7437
f 7434 7431 7437
f 6639 6640 7438
f 6640 6641 7438
f 7436 6639 7438
f 7435 7432 7438
f 7432 7436 7438
f 6602 6601 7439
f 6601 7434 7439
f 7434 7437 7439
f 6641 6642 7440
f 7435 7438 7440
f 7437 7435 7440
f 7438 6641 7440
f 7439 7437 7441
f 7437 7440 7441
f 6642 6643 7441
f 6643 6603 7441
f 6603 6602 7441
f 7440 6642 7441
f 6602 7439 7441
f 7481 7482 7524
f 7522 7562 7523
f 7443 7444 7563
f 7442 7443 7564
f 7443 7563 7564
f 7442 7564 7565
f 7444 7445 7566
f 7563 7444 7566
f 7564 7563 7566
f 7442 7565 7567
f 7565 7564 7568
f 7564 7566 7568
f 7445 7446 7569
f 7446 7447 7569
f 7566 7445 7569
f 7442 7567 7570
f 7567 7565 7571
f 7565 7568 7571
f 7568 7566 7572
f 7566 7569 7572
f 7442 7570 7573
f 7567 7571 7574
f 7570 7567 7574
f 7568 7572 7575
f 7571 7568 7575
f 7569 7447 7576
f 7447 7448 7576
f 7572 7569 7576
f 7442 7573 7577
f 7573 7570 7578
f 7570 7574 7578
f 7571 7575 7579
f 7574 7571 7579
f 7572 7576 7580
f 7575 7572 7580
f 7442 7577 7581
f 7448 7449 7582
f 7449 7450 7582
f 7576 7448 7582
f 7577 7573 7583
f 7573 7578 7583
f 7578 7574 7584
f 7574 7579 7584
f 7575 7580 7585
f 7579 7575 7585
f 7442 7581 7586
f 7580 7576 7587
f 7576 7582 7587
f 7577 7583 7588
f 7581 7577 7588
f 7583 7578 7589
f 7578 7584 7589
f 7579 7585 7590
f 7584 7579 7590
f 7442 7586 7591
f 7585 7580 7592
f 7580 7587 7592
f 7586 7581 7593
f 7581 7588 7593
f 7587 7582 7594
f 7450 7451 7594
f 7582 7450 7594
f 7588 7583 7595
f 7583 7589 7595
f 7584 7590 7596
f 7589 7584 7596
f 7442 7591 7597
f 7590 7585 7598
f 7585 7592 7598
f 7591 7586 7599
f 7586 7593 7599
f 7587 7594 7600
f 7592 7587 7600
f 7588 7595 7601
f 7593 7588 7601
f 7451 7452 7602
f 7594 7451 7602
f 7589 7596 7603
f 7595 7589 7603
f 7442 7597 7604
f 7596 7590 7605
f 7590 7598 7605
f 7597 7591 7606
f 7591 7599 7606
f 7598 7592 7607
f 7592 7600 7607
f 7593 7601 7608
f 7599 7593 7608
f 7600 7594 7609
f 7594 7602 7609
f 7595 7603 7610
f 7601 7595 7610
f 7442 7604 7611
f 7603 7596 7612
f 7596 7605 7612
f 7604 7597 7613
f 7597 7606 7613
f 7598 7607 7614
f 7605 7598 7614
f 7599 7608 7615
f 7606 7599 7615
f 7607 7600 7616
f 7600 7609 7616
f 7608 7601 7617
f 7601 7610 7617
f 7452 7453 7618
f 7453 7454 7618
f 7609 7602 7618
f 7602 7452 7618
f 7442 7611 7619
f 7610 7603 7620
f 7603 7612 7620
f 7604 7613 7621
f 7611 7604 7621
f 7612 7605 7622
f 7605 7614 7622
f 7606 7615 7623
f 7613 7606 7623
f 7614 7607 7624
f 7607 7616 7624
f 7615 7608 7625
f 7608 7617 7625
f 7609 7618 7626
f 7616 7609 7626
f 7483 7442 7627
f 7442 7619 7627
f 7610 7620 7628
f 7617 7610 7628
f 7454 7455 7629
f 7618 7454 7629
f 7611 7621 7630
f 7619 7611 7630
f 7612 7622 7631
f 7620 7612 7631
f 7613 7623 7632
f 7621 7613 7632
f 7614 7624 7633
f 7622 7614 7633
f 7623 7615 7634
f 7615 7625 7634
f 7616 7626 7635
f 7624 7616 7635
f 7483 7627 7636
f 7625 7617 7637
f 7617 7628 7637
f 7618 7629 7638
f 7626 7618 7638
f 7619 7630 7639
f 7627 7619 7639
f 7628 7620 7640
f 7620 7631 7640
f 7630 7621 7641
f 7621 7632 7641
f 7631 7622 7642
f 7622 7633 7642
f 7632 7623 7643
f 7623 7634 7643
f 7624 7635 7644
f 7633 7624 7644
f 7483 7636 7645
f 7634 7625 7646
f 7625 7637 7646
f 7635 7626 7647
f 7626 7638 7647
f 7627 7639 7648
f 7636 7627 7648
f 7628 7640 7649
f 7637 7628 7649
f 7455 7456 7650
f 7629 7455 7650
f 7638 7629 7650
f 7639 7630 7651
f 7630 7641 7651
f 7640 7631 7652
f 7631 7642 7652
f 7641 7632 7653
f 7632 7643 7653
f 7642 7633 7654
f 7633 7644 7654
f 7483 7645 7655
f 7643 7634 7656
f 7634 7646 7656
f 7644 7635 7657
f 7635 7647 7657
f 7645 7636 7658
f 7636 7648 7658
f 7646 7637 7659
f 7637 7649 7659
f 7647 7638 7660
f 7638 7650 7660
f 7639 7651 7661
f 7648 7639 7661
f 7649 7640 7662
f 7640 7652 7662
f 7456 7457 7663
f 7457 7458 7663
f 7650 7456 7663
f 7651 7641 7664
f 7641 7653 7664
f 7642 7654 7665
f 7652 7642 7665
f 7483 7655 7666
f 7653 7643 7667
f 7643 7656 7667
f 7644 7657 7668
f 7654 7644 7668
f 7655 7645 7669
f 7645 7658 7669
f 7656 7646 7670
f 7646 7659 7670
f 7657 7647 7671
f 7647 7660 7671
f 7648 7661 7672
f 7658 7648 7672
f 7659 7649 7673
f 7649 7662 7673
f 7660 7650 7674
f 7650 7663 7674
f 7661 7651 7675
f 7651 7664 7675
f 7662 7652 7676
f 7652 7665 7676
f 7483 7666 7677
f 7653 7667 7678
f 7664 7653 7678
f 7665 7654 7679
f 7654 7668 7679
f 7655 7669 7680
f 7666 7655 7680
f 7667 7656 7681
f 7656 7670 7681
f 7657 7671 7682
f 7668 7657 7682
f 7669 7658 7683
f 7658 7672 7683
f 7670 7659 7684
f 7659 7673 7684
f 7671 7660 7685
f 7660 7674 7685
f 7661 7675 7686
f 7672 7661 7686
f 7662 7676 7687
f 7673 7662 7687
f 7458 7459 7688
f 7663 7458 7688
f 7674 7663 7688
f 7483 7677 7689
f 7664 7678 7690
f 7675 7664 7690
f 7665 7679 7691
f 7676 7665 7691
f 7677 7666 7692
f 7666 7680 7692
f 7678 7667 7693
f 7667 7681 7693
f 7679 7668 7694
f 7668 7682 7694
f 7669 7683 7695
f 7680 7669 7695
f 7670 7684 7696
f 7681 7670 7696
f 7671 7685 7697
f 7682 7671 7697
f 7672 7686 7698
f 7683 7672 7698
f 7684 7673 7699
f 7673 7687 7699
f 7685 7674 7700
f 7674 7688 7700
f 7483 7689 7701
f 7675 7690 7702
f 7686 7675 7702
f 7676 7691 7703
f 7687 7676 7703
f 7459 7460 7704
f 7460 7461 7704
f 7688 7459 7704
f 7689 7677 7705
f 7677 7692 7705
f 7690 7678 7706
f 7678 7693 7706
f 7679 7694 7707
f 7691 7679 7707
f 7692 7680 7708
f 7680 7695 7708
f 7693 7681 7709
f 7681 7696 7709
f 7694 7682 7710
f 7682 7697 7710
f 7695 7683 7711
f 7683 7698 7711
f 7696 7684 7712
f 7684 7699 7712
f 7685 7700 7713
f 7697 7685 7713
f 7483 7701 7714
f 7698 7686 7715
f 7686 7702 7715
f 7699 7687 7716
f 7687 7703 7716
f 7688 7704 7717
f 7700 7688 7717
f 7701 7689 7718
f 7689 7705 7718
f 7702 7690 7719
f 7690 7706 7719
f 7691 7707 7720
f 7703 7691 7720
f 7692 7708 7721
f 7705 7692 7721
f 7693 7709 7722
f 7706 7693 7722
f 7694 7710 7723
f 7707 7694 7723
f 7695 7711 7724
f 7708 7695 7724
f 7709 7696 7725
f 7696 7712 7725
f 7710 7697 7726
f 7697 7713 7726
f 7483 7714 7727
f 7698 7715 7728
f 7711 7698 7728
f 7699 7716 7729
f 7712 7699 7729
f 7713 7700 7730
f 7700 7717 7730
f 7714 7701 7731
f 7701 7718 7731
f 7715 7702 7732
f 7702 7719 7732
f 7716 7703 7733
f 7703 7720 7733
f 7704 7461 7734
f 7461 7462 7734
f 7717 7704 7734
f 7705 7721 7735
f 7718 7705 7735
f 7719 7706 7736
f 7706 7722 7736
f 7707 7723 7737
f 7720 7707 7737
f 7721 7708 7738
f 7708 7724 7738
f 7709 7725 7739
f 7722 7709 7739
f 7710 7726 7740
f 7723 7710 7740
f 7483 7727 7741
f 7724 7711 7742
f 7711 7728 7742
f 7725 7712 7743
f 7712 7729 7743
f 7726 7713 7744
f 7713 7730 7744
f 7714 7731 7745
f 7727 7714 7745
f 7715 7732 7746
f 7728 7715 7746
f 7729 7716 7747
f 7716 7733 7747
f 7730 7717 7748
f 7717 7734 7748
f 7731 7718 7749
f 7718 7735 7749
f 7719 7736 7750
f 7732 7719 7750
f 7733 7720 7751
f 7720 7737 7751
f 7462 7463 7752
f 7734 7462 7752
f 7735 7721 7753
f 7721 7738 7753
f 7736 7722 7754
f 7722 7739 7754
f 7737 7723 7755
f 7723 7740 7755
f 7483 7741 7756
f 7724 7742 7757
f 7738 7724 7757
f 7739 7725 7758
f 7725 7743 7758
f 7740 7726 7759
f 7726 7744 7759
f 7741 7727 7760
f 7727 7745 7760
f 7742 7728 7761
f 7728 7746 7761
f 7743 7729 7762
f 7729 7747 7762
f 7744 7730 7763
f 7730 7748 7763
f 7745 7731 7764
f 7731 7749 7764
f 7746 7732 7765
f 7732 7750 7765
f 7733 7751 7766
f 7747 7733 7766
f 7734 7752 7767
f 7748 7734 7767
f 7735 7753 7768
f 7749 7735 7768
f 7736 7754 7769
f 7750 7736 7769
f 7751 7737 7770
f 7737 7755 7770
f 7483 7756 7771
f 7738 7757 7772
f 7753 7738 7772
f 7739 7758 7773
f 7754 7739 7773
f 7755 7740 7774
f 7740 7759 7774
f 7741 7760 7775
f 7756 7741 7775
f 7757 7742 7776
f 7742 7761 7776
f 7743 7762 7777
f 7758 7743 7777
f 7759 7744 7778
f 7744 7763 7778
f 7745 7764 7779
f 7760 7745 7779
f 7746 7765 7780
f 7761 7746 7780
f 7747 7766 7781
f 7762 7747 7781
f 7748 7767 7782
f 7763 7748 7782
f 7764 7749 7783
f 7749 7768 7783
f 7765 7750 7784
f 7750 7769 7784
f 7751 7770 7785
f 7766 7751 7785
f 7463 7464 7786
f 7464 7465 7786
f 7767 7752 7786
f 7752 7463 7786
f 7483 7771 7787
f 7484 7483 7787
f 7753 7772 7788
f 7768 7753 7788
f 7769 7754 7789
f 7754 7773 7789
f 7770 7755 7790
f 7755 7774 7790
f 7771 7756 7791
f 7756 7775 7791
f 7757 7776 7792
f 7772 7757 7792
f 7773 7758 7793
f 7758 7777 7793
f 7774 7759 7794
f 7759 7778 7794
f 7775 7760 7795
f 7760 7779 7795
f 7761 7780 7796
f 7776 7761 7796
f 7777 7762 7797
f 7762 7781 7797
f 7763 7782 7798
f 7778 7763 7798
f 7779 7764 7799
f 7764 7783 7799
f 7780 7765 7800
f 7765 7784 7800
f 7766 7785 7801
f 7781 7766 7801
f 7767 7786 7802
f 7782 7767 7802
f 7484 7787 7803
f 7485 7484 7803
f 7783 7768 7804
f 7768 7788 7804
f 7769 7789 7805
f 7784 7769 7805
f 7785 7770 7806
f 7770 7790 7806
f 7786 7465 7807
f 7465 7466 7807
f 7771 7791 7808
f 7787 7771 7808
f 7772 7792 7809
f 7788 7772 7809
f 7773 7793 7810
f 7789 7773 7810
f 7790 7774 7811
f 7774 7794 7811
f 7791 7775 7812
f 7775 7795 7812
f 7792 7776 7813
f 7776 7796 7813
f 7777 7797 7814
f 7793 7777 7814
f 7794 7778 7815
f 7778 7798 7815
f 7795 7779 7816
f 7779 7799 7816
f 7796 7780 7817
f 7780 7800 7817
f 7797 7781 7818
f 7781 7801 7818
f 7798 7782 7819
f 7782 7802 7819
f 7799 7783 7820
f 7783 7804 7820
f 7800 7784 7821
f 7784 7805 7821
f 7785 7806 7822
f 7801 7785 7822
f 7802 7786 7823
f 7786 7807 7823
f 7486 7485 7824
f 7803 7787 7824
f 7485 7803 7824
f 7787 7808 7824
f 7804 7788 7825
f 7788 7809 7825
f 7789 7810 7826
f 7805 7789 7826
f 7790 7811 7827
f 7806 7790 7827
f 7791 7812 7828
f 7808 7791 7828
f 7809 7792 7829
f 7792 7813 7829
f 7810 7793 7830
f 7793 7814 7830
f 7811 7794 7831
f 7794 7815 7831
f 7795 7816 7832
f 7812 7795 7832
f 7813 7796 7833
f 7796 7817 7833
f 7797 7818 7834
f 7814 7797 7834
f 7815 7798 7835
f 7798 7819 7835
f 7816 7799 7836
f 7799 7820 7836
f 7817 7800 7837
f 7800 7821 7837
f 7801 7822 7838
f 7818 7801 7838
f 7802 7823 7839
f 7819 7802 7839
f 7820 7804 7840
f 7804 7825 7840
f 7805 7826 7841
f 7821 7805 7841
f 7806 7827 7842
f 7822 7806 7842
f 7823 7807 7843
f 7466 7467 7843
f 7807 7466 7843
f 7824 7808 7844
f 7808 7828 7844
f 7825 7809 7845
f 7809 7829 7845
f 7826 7810 7846
f 7810 7830 7846
f 7811 7831 7847
f 7827 7811 7847
f 7812 7832 7848
f 7828 7812 7848
f 7829 7813 7849
f 7813 7833 7849
f 7814 7834 7850
f 7830 7814 7850
f 7831 7815 7851
f 7815 7835 7851
f 7816 7836 7852
f 7832 7816 7852
f 7833 7817 7853
f 7817 7837 7853
f 7834 7818 7854
f 7818 7838 7854
f 7819 7839 7855
f 7835 7819 7855
f 7836 7820 7856
f 7820 7840 7856
f 7821 7841 7857
f 7837 7821 7857
f 7838 7822 7858
f 7822 7842 7858
f 7823 7843 7859
f 7839 7823 7859
f 7824 7844 7860
f 7487 7486 7860
f 7488 7487 7860
f 7486 7824 7860
f 7825 7845 7861
f 7840 7825 7861
f 7826 7846 7862
f 7841 7826 7862
f 7827 7847 7863
f 7842 7827 7863
f 7467 7468 7864
f 7468 7469 7864
f 7843 7467 7864
f 7844 7828 7865
f 7828 7848 7865
f 7829 7849 7866
f 7845 7829 7866
f 7830 7850 7867
f 7846 7830 7867
f 7847 7831 7868
f 7831 7851 7868
f 7848 7832 7869
f 7832 7852 7869
f 7833 7853 7870
f 7849 7833 7870
f 7850 7834 7871
f 7834 7854 7871
f 7851 7835 7872
f 7835 7855 7872
f 7836 7856 7873
f 7852 7836 7873
f 7853 7837 7874
f 7837 7857 7874
f 7838 7858 7875
f 7854 7838 7875
f 7839 7859 7876
f 7855 7839 7876
f 7840 7861 7877
f 7856 7840 7877
f 7857 7841 7878
f 7841 7862 7878
f 7842 7863 7879
f 7858 7842 7879
f 7843 7864 7880
f 7859 7843 7880
f 7860 7844 7881
f 7488 7860 7881
f 7844 7865 7881
f 7489 7488 7881
f 7845 7866 7882
f 7861 7845 7882
f 7862 7846 7883
f 7846 7867 7883
f 7847 7868 7884
f 7863 7847 7884
f 7865 7848 7885
f 7848 7869 7885
f 7866 7849 7886
f 7849 7870 7886
f 7867 7850 7887
f 7850 7871 7887
f 7868 7851 7888
f 7851 7872 7888
f 7852 7873 7889
f 7869 7852 7889
f 7853 7874 7890
f 7870 7853 7890
f 7854 7875 7891
f 7871 7854 7891
f 7855 7876 7892
f 7872 7855 7892
f 7873 7856 7893
f 7856 7877 7893
f 7857 7878 7894
f 7874 7857 7894
f 7875 7858 7895
f 7858 7879 7895
f 7876 7859 7896
f 7859 7880 7896
f 7861 7882 7897
f 7877 7861 7897
f 7862 7883 7898
f 7878 7862 7898
f 7879 7863 7899
f 7863 7884 7899
f 7469 7470 7900
f 7880 7864 7900
f 7864 7469 7900
f 7865 7885 7901
f 7881 7865 7901
f 7882 7866 7902
f 7866 7886 7902
f 7883 7867 7903
f 7867 7887 7903
f 7884 7868 7904
f 7868 7888 7904
f 7885 7869 7905
f 7869 7889 7905
f 7886 7870 7906
f 7870 7890 7906
f 7887 7871 7907
f 7871 7891 7907
f 7872 7892 7908
f 7888 7872 7908
f 7873 7893 7909
f 7889 7873 7909
f 7874 7894 7910
f 7890 7874 7910
f 7875 7895 7911
f 7891 7875 7911
f 7892 7876 7912
f 7876 7896 7912
f 7877 7897 7913
f 7893 7877 7913
f 7894 7878 7914
f 7878 7898 7914
f 7895 7879 7915
f 7879 7899 7915
f 7880 7900 7916
f 7896 7880 7916
f 7881 7901 7917
f 7490 7489 7917
f 7491 7490 7917
f 7489 7881 7917
f 7882 7902 7918
f 7897 7882 7918
f 7883 7903 7919
f 7898 7883 7919
f 7884 7904 7920
f 7899 7884 7920
f 7470 7471 7921
f 7471 7472 7921
f 7900 7470 7921
f 7885 7905 7922
f 7901 7885 7922
f 7886 7906 7923
f 7902 7886 7923
f 7887 7907 7924
f 7903 7887 7924
f 7888 7908 7925
f 7904 7888 7925
f 7905 7889 7926
f 7889 7909 7926
f 7906 7890 7927
f 7890 7910 7927
f 7907 7891 7928
f 7891 7911 7928
f 7892 7912 7929
f 7908 7892 7929
f 7909 7893 7930
f 7893 7913 7930
f 7894 7914 7931
f 7910 7894 7931
f 7895 7915 7932
f 7911 7895 7932
f 7912 7896 7933
f 7896 7916 7933
f 7913 7897 7934
f 7897 7918 7934
f 7914 7898 7935
f 7898 7919 7935
f 7915 7899 7936
f 7899 7920 7936
f 7900 7921 7937
f 7916 7900 7937
f 7901 7922 7938
f 7917 7901 7938
f 7492 7491 7938
f 7491 7917 7938
f 7918 7902 7939
f 7902 7923 7939
f 7919 7903 7940
f 7903 7924 7940
f 7920 7904 7941
f 7904 7925 7941
f 7922 7905 7942
f 7905 7926 7942
f 7906 7927 7943
f 7923 7906 7943
f 7924 7907 7944
f 7907 7928 7944
f 7908 7929 7945
f 7925 7908 7945
f 7926 7909 7946
f 7909 7930 7946
f 7927 7910 7947
f 7910 7931 7947
f 7928 7911 7948
f 7911 7932 7948
f 7912 7933 7949
f 7929 7912 7949
f 7930 7913 7950
f 7913 7934 7950
f 7931 7914 7951
f 7914 7935 7951
f 7915 7936 7952
f 7932 7915 7952
f 7916 7937 7953
f 7933 7916 7953
f 7918 7939 7954
f 7934 7918 7954
f 7919 7940 7955
f 7935 7919 7955
f 7936 7920 7956
f 7920 7941 7956
f 7921 7472 7957
f 7472 7473 7957
f 7937 7921 7957
f 7938 7922 7958
f 7922 7942 7958
f 7939 7923 7959
f 7923 7943 7959
f 7940 7924 7960
f 7924 7944 7960
f 7925 7945 7961
f 7941 7925 7961
f 7942 7926 7962
f 7926 7946 7962
f 7943 7927 7963
f 7927 7947 7963
f 7928 7948 7964
f 7944 7928 7964
f 7929 7949 7965
f 7945 7929 7965
f 7930 7950 7966
f 7946 7930 7966
f 7947 7931 7967
f 7931 7951 7967
f 7948 7932 7968
f 7932 7952 7968
f 7949 7933 7969
f 7933 7953 7969
f 7934 7954 7970
f 7950 7934 7970
f 7935 7955 7971
f 7951 7935 7971
f 7952 7936 7972
f 7936 7956 7972
f 7953 7937 7973
f 7937 7957 7973
f 7938 7958 7974
f 7493 7492 7974
f 7492 7938 7974
f 7954 7939 7975
f 7939 7959 7975
f 7940 7960 7976
f 7955 7940 7976
f 7956 7941 7977
f 7941 7961 7977
f 7957 7473 7978
f 7473 7474 7978
f 7958 7942 7979
f 7942 7962 7979
f 7943 7963 7980
f 7959 7943 7980
f 7944 7964 7981
f 7960 7944 7981
f 7961 7945 7982
f 7945 7965 7982
f 7962 7946 7983
f 7946 7966 7983
f 7947 7967 7984
f 7963 7947 7984
f 7964 7948 7985
f 7948 7968 7985
f 7965 7949 7986
f 7949 7969 7986
f 7950 7970 7987
f 7966 7950 7987
f 7967 7951 7988
f 7951 7971 7988
f 7968 7952 7989
f 7952 7972 7989
f 7969 7953 7990
f 7953 7973 7990
f 7954 7975 7991
f 7970 7954 7991
f 7971 7955 7992
f 7955 7976 7992
f 7972 7956 7993
f 7956 7977 7993
f 7957 7978 7994
f 7973 7957 7994
f 7958 7979 7995
f 7494 7493 7995
f 7495 7494 7995
f 7493 7974 7995
f 7974 7958 7995
f 7959 7980 7996
f 7975 7959 7996
f 7976 7960 7997
f 7960 7981 7997
f 7977 7961 7998
f 7961 7982 7998
f 7962 7983 7999
f 7979 7962 7999
f 7963 7984 8000
f 7980 7963 8000
f 7964 7985 8001
f 7981 7964 8001
f 7965 7986 8002
f 7982 7965 8002
f 7983 7966 8003
f 7966 7987 8003
f 7984 7967 8004
f 7967 7988 8004
f 7968 7989 8005
f 7985 7968 8005
f 7969 7990 8006
f 7986 7969 8006
f 7987 7970 8007
f 7970 7991 8007
f 7988 7971 8008
f 7971 7992 8008
f 7989 7972 8009
f 7972 7993 8009
f 7973 7994 8010
f 7990 7973 8010
f 7975 7996 8011
f 7991 7975 8011
f 7976 7997 8012
f 7992 7976 8012
f 7977 7998 8013
f 7993 7977 8013
f 7474 7475 8014
f 7475 7476 8014
f 7994 7978 8014
f 7978 7474 8014
f 7995 7979 8015
f 7979 7999 8015
f 7980 8000 8016
f 7996 7980 8016
f 7981 8001 8017
f 7997 7981 8017
f 7982 8002 8018
f 7998 7982 8018
f 7999 7983 8019
f 7983 8003 8019
f 7984 8004 8020
f 8000 7984 8020
f 7985 8005 8021
f 8001 7985 8021
f 8002 7986 8022
f 7986 8006 8022
f 8003 7987 8023
f 7987 8007 8023
f 8004 7988 8024
f 7988 8008 8024
f 7989 8009 8025
f 8005 7989 8025
f 8006 7990 8026
f 7990 8010 8026
f 8007 7991 8027
f 7991 8011 8027
f 8008 7992 8028
f 7992 8012 8028
f 7993 8013 8029
f 8009 7993 8029
f 7994 8014 8030
f 8010 7994 8030
f 7495 7995 8031
f 7995 8015 8031
f 7496 7495 8031
f 8011 7996 8032
f 7996 8016 8032
f 8012 7997 8033
f 7997 8017 8033
f 8013 7998 8034
f 7998 8018 8034
f 7476 7477 8035
f 8014 7476 8035
f 8015 7999 8036
f 7999 8019 8036
f 8016 8000 8037
f 8000 8020 8037
f 8001 8021 8038
f 8017 8001 8038
f 8002 8022 8039
f 8018 8002 8039
f 8019 8003 8040
f 8003 8023 8040
f 8020 8004 8041
f 8004 8024 8041
f 8021 8005 8042
f 8005 8025 8042
f 8006 8026 8043
f 8022 8006 8043
f 8023 8007 8044
f 8007 8027 8044
f 8008 8028 8045
f 8024 8008 8045
f 8025 8009 8046
f 8009 8029 8046
f 8026 8010 8047
f 8010 8030 8047
f 8011 8032 8048
f 8027 8011 8048
f 8012 8033 8049
f 8028 8012 8049
f 8013 8034 8050
f 8029 8013 8050
f 8014 8035 8051
f 8030 8014 8051
f 8031 8015 8052
f 7496 8031 8052
f 8015 8036 8052
f 7497 7496 8052
f 8016 8037 8053
f 8032 8016 8053
f 8017 8038 8054
f 8033 8017 8054
f 8018 8039 8055
f 8034 8018 8055
f 8019 8040 8056
f 8036 8019 8056
f 8037 8020 8057
f 8020 8041 8057
f 8038 8021 8058
f 8021 8042 8058
f 8039 8022 8059
f 8022 8043 8059
f 8023 8044 8060
f 8040 8023 8060
f 8024 8045 8061
f 8041 8024 8061
f 8042 8025 8062
f 8025 8046 8062
f 8026 8047 8063
f 8043 8026 8063
f 8027 8048 8064
f 8044 8027 8064
f 8028 8049 8065
f 8045 8028 8065
f 8029 8050 8066
f 8046 8029 8066
f 8030 8051 8067
f 8047 8030 8067
f 8048 8032 8068
f 8032 8053 8068
f 8049 8033 8069
f 8033 8054 8069
f 8050 8034 8070
f 8034 8055 8070
f 7477 7478 8071
f 7478 7479 8071
f 8051 8035 8071
f 8035 7477 8071
f 8036 8056 8072
f 8052 8036 8072
f 8037 8057 8073
f 8053 8037 8073
f 8054 8038 8074
f 8038 8058 8074
f 8055 8039 8075
f 8039 8059 8075
f 8056 8040 8076
f 8040 8060 8076
f 8041 8061 8077
f 8057 8041 8077
f 8058 8042 8078
f 8042 8062 8078
f 8059 8043 8079
f 8043 8063 8079
f 8044 8064 8080
f 8060 8044 8080
f 8045 8065 8081
f 8061 8045 8081
f 8046 8066 8082
f 8062 8046 8082
f 8063 8047 8083
f 8047 8067 8083
f 8064 8048 8084
f 8048 8068 8084
f 8065 8049 8085
f 8049 8069 8085
f 8050 8070 8086
f 8066 8050 8086
f 8051 8071 8087
f 8067 8051 8087
f 8052 8072 8088
f 7498 7497 8088
f 7499 7498 8088
f 7497 8052 8088
f 8053 8073 8089
f 8068 8053 8089
f 8069 8054 8090
f 8054 8074 8090
f 8055 8075 8091
f 8070 8055 8091
f 8071 7479 8092
f 7479 7480 8092
f 8056 8076 8093
f 8072 8056 8093
f 8057 8077 8094
f 8073 8057 8094
f 8074 8058 8095
f 8058 8078 8095
f 8075 8059 8096
f 8059 8079 8096
f 8076 8060 8097
f 8060 8080 8097
f 8061 8081 8098
f 8077 8061 8098
f 8078 8062 8099
f 8062 8082 8099
f 8063 8083 8100
f 8079 8063 8100
f 8064 8084 8101
f 8080 8064 8101
f 8081 8065 8102
f 8065 8085 8102
f 8082 8066 8103
f 8066 8086 8103
f 8083 8067 8104
f 8067 8087 8104
f 8084 8068 8105
f 8068 8089 8105
f 8085 8069 8106
f 8069 8090 8106
f 8070 8091 8107
f 8086 8070 8107
f 8071 8092 8108
f 8087 8071 8108
f 8072 8093 8109
f 7499 8088 8109
f 7500 7499 8109
f 8088 8072 8109
f 8089 8073 8110
f 8073 8094 8110
f 8074 8095 8111
f 8090 8074 8111
f 8075 8096 8112
f 8091 8075 8112
f 8093 8076 8113
f 8076 8097 8113
f 8077 8098 8114
f 8094 8077 8114
f 8095 8078 8115
f 8078 8099 8115
f 8096 8079 8116
f 8079 8100 8116
f 8097 8080 8117
f 8080 8101 8117
f 8081 8102 8118
f 8098 8081 8118
f 8099 8082 8119
f 8082 8103 8119
f 8083 8104 8120
f 8100 8083 8120
f 8084 8105 8121
f 8101 8084 8121
f 8085 8106 8122
f 8102 8085 8122
f 8086 8107 8123
f 8103 8086 8123
f 8087 8108 8124
f 8104 8087 8124
f 8089 8110 8125
f 8105 8089 8125
f 8106 8090 8126
f 8090 8111 8126
f 8107 8091 8127
f 8091 8112 8127
f 7480 7481 8128
f 7481 7524 8128
f 8092 7480 8128
f 7524 7525 8128
f 8108 8092 8128
f 8109 8093 8129
f 8093 8113 8129
f 8110 8094 8130
f 8094 8114 8130
f 8095 8115 8131
f 8111 8095 8131
f 8112 8096 8132
f 8096 8116 8132
f 8097 8117 8133
f 8113 8097 8133
f 8114 8098 8134
f 8098 8118 8134
f 8115 8099 8135
f 8099 8119 8135
f 8116 8100 8136
f 8100 8120 8136
f 8101 8121 8137
f 8117 8101 8137
f 8102 8122 8138
f 8118 8102 8138
f 8119 8103 8139
f 8103 8123 8139
f 8104 8124 8140
f 8120 8104 8140
f 8105 8125 8141
f 8121 8105 8141
f 8106 8126 8142
f 8122 8106 8142
f 8107 8127 8143
f 8123 8107 8143
f 8128 7525 8144
f 8124 8108 8144
f 8108 8128 8144
f 7525 7526 8144
f 7501 7500 8145
f 7502 7501 8145
f 7500 8109 8145
f 8109 8129 8145
f 8110 8130 8146
f 8125 8110 8146
f 8126 8111 8147
f 8111 8131 8147
f 8127 8112 8148
f 8112 8132 8148
f 8129 8113 8149
f 8113 8133 8149
f 8130 8114 8150
f 8114 8134 8150
f 8131 8115 8151
f 8115 8135 8151
f 8132 8116 8152
f 8116 8136 8152
f 8117 8137 8153
f 8133 8117 8153
f 8134 8118 8154
f 8118 8138 8154
f 8119 8139 8155
f 8135 8119 8155
f 8120 8140 8156
f 8136 8120 8156
f 8121 8141 8157
f 8137 8121 8157
f 8138 8122 8158
f 8122 8142 8158
f 8123 8143 8159
f 8139 8123 8159
f 8124 8144 8160
f 8140 8124 8160
f 8144 7526 8160
f 7526 7527 8160
f 7527 7528 8160
f 8141 8125 8161
f 8125 8146 8161
f 8142 8126 8162
f 8126 8147 8162
f 8143 8127 8163
f 8127 8148 8163
f 8145 8129 8164
f 7503 7502 8164
f 7502 8145 8164
f 8129 8149 8164
f 8146 8130 8165
f 8130 8150 8165
f 8147 8131 8166
f 8131 8151 8166
f 8132 8152 8167
f 8148 8132 8167
f 8149 8133 8168
f 8133 8153 8168
f 8134 8154 8169
f 8150 8134 8169
f 8135 8155 8170
f 8151 8135 8170
f 8136 8156 8171
f 8152 8136 8171
f 8137 8157 8172
f 8153 8137 8172
f 8154 8138 8173
f 8138 8158 8173
f 8155 8139 8174
f 8139 8159 8174
f 8160 7528 8175
f 8156 8140 8175
f 8140 8160 8175
f 7528 7529 8175
f 8157 8141 8176
f 8141 8161 8176
f 8158 8142 8177
f 8142 8162 8177
f 8159 8143 8178
f 8143 8163 8178
f 8146 8165 8179
f 8161 8146 8179
f 8162 8147 8180
f 8147 8166 8180
f 8163 8148 8181
f 8148 8167 8181
f 8164 8149 8182
f 8149 8168 8182
f 8150 8169 8183
f 8165 8150 8183
f 8166 8151 8184
f 8151 8170 8184
f 8167 8152 8185
f 8152 8171 8185
f 8153 8172 8186
f 8168 8153 8186
f 8154 8173 8187
f 8169 8154 8187
f 8155 8174 8188
f 8170 8155 8188
f 8171 8156 8189
f 8156 8175 8189
f 8175 7529 8189
f 7529 7530 8189
f 7530 7531 8189
f 8157 8176 8190
f 8172 8157 8190
f 8173 8158 8191
f 8158 8177 8191
f 8159 8178 8192
f 8174 8159 8192
f 8176 8161 8193
f 8161 8179 8193
f 8177 8162 8194
f 8162 8180 8194
f 8178 8163 8195
f 8163 8181 8195
f 7503 8164 8196
f 8164 8182 8196
f 7504 7503 8196
f 8165 8183 8197
f 8179 8165 8197
f 8180 8166 8198
f 8166 8184 8198
f 8167 8185 8199
f 8181 8167 8199
f 8182 8168 8200
f 8168 8186 8200
f 8169 8187 8201
f 8183 8169 8201
f 8170 8188 8202
f 8184 8170 8202
f 8171 8189 8203
f 8185 8171 8203
f 7531 7532 8203
f 8189 7531 8203
f 8186 8172 8204
f 8172 8190 8204
f 8187 8173 8205
f 8173 8191 8205
f 8188 8174 8206
f 8174 8192 8206
f 8176 8193 8207
f 8190 8176 8207
f 8177 8194 8208
f 8191 8177 8208
f 8192 8178 8209
f 8178 8195 8209
f 8193 8179 8210
f 8179 8197 8210
f 8194 8180 8211
f 8180 8198 8211
f 8195 8181 8212
f 8181 8199 8212
f 8196 8182 8213
f 7504 8196 8213
f 8182 8200 8213
f 7505 7504 8213
f 7506 7505 8213
f 8183 8201 8214
f 8197 8183 8214
f 8198 8184 8215
f 8184 8202 8215
f 8185 8203 8216
f 8199 8185 8216
f 8203 7532 8216
f 7532 7533 8216
f 8200 8186 8217
f 8186 8204 8217
f 8187 8205 8218
f 8201 8187 8218
f 8202 8188 8219
f 8188 8206 8219
f 8190 8207 8220
f 8204 8190 8220
f 8205 8191 8221
f 8191 8208 8221
f 8206 8192 8222
f 8192 8209 8222
f 8207 8193 8223
f 8193 8210 8223
f 8208 8194 8224
f 8194 8211 8224
f 8195 8212 8225
f 8209 8195 8225
f 8197 8214 8226
f 8210 8197 8226
f 8211 8198 8227
f 8198 8215 8227
f 8212 8199 8228
f 8199 8216 8228
f 8216 7533 8228
f 7533 7534 8228
f 7534 7535 8228
f 8200 8217 8229
f 8213 8200 8229
f 8214 8201 8230
f 8201 8218 8230
f 8202 8219 8231
f 8215 8202 8231
f 8217 8204 8232
f 8204 8220 8232
f 8205 8221 8233
f 8218 8205 8233
f 8206 8222 8234
f 8219 8206 8234
f 8220 8207 8235
f 8207 8223 8235
f 8208 8224 8236
f 8221 8208 8236
f 8209 8225 8237
f 8222 8209 8237
f 8223 8210 8238
f 8210 8226 8238
f 8224 8211 8239
f 8211 8227 8239
f 8228 7535 8240
f 8225 8212 8240
f 8212 8228 8240
f 7535 7536 8240
f 8213 8229 8241
f 7507 7506 8241
f 7506 8213 8241
f 8226 8214 8242
f 8214 8230 8242
f 8227 8215 8243
f 8215 8231 8243
f 8217 8232 8244
f 8229 8217 8244
f 8230 8218 8245
f 8218 8233 8245
f 8231 8219 8246
f 8219 8234 8246
f 8232 8220 8247
f 8220 8235 8247
f 8221 8236 8248
f 8233 8221 8248
f 8222 8237 8249
f 8234 8222 8249
f 8223 8238 8250
f 8235 8223 8250
f 8236 8224 8251
f 8224 8239 8251
f 8225 8240 8252
f 8240 7536 8252
f 7536 7537 8252
f 8237 8225 8252
f 8226 8242 8253
f 8238 8226 8253
f 8227 8243 8254
f 8239 8227 8254
f 7507 8241 8255
f 8229 8244 8255
f 8241 8229 8255
f 7508 7507 8255
f 8230 8245 8256
f 8242 8230 8256
f 8243 8231 8257
f 8231 8246 8257
f 8232 8247 8258
f 8244 8232 8258
f 8233 8248 8259
f 8245 8233 8259
f 8234 8249 8260
f 8246 8234 8260
f 8235 8250 8261
f 8247 8235 8261
f 8236 8251 8262
f 8248 8236 8262
f 8249 8237 8263
f 8237 8252 8263
f 8252 7537 8263
f 7537 7538 8263
f 7538 7539 8263
f 8238 8253 8264
f 8250 8238 8264
f 8251 8239 8265
f 8239 8254 8265
f 8253 8242 8266
f 8242 8256 8266
f 8254 8243 8267
f 8243 8257 8267
f 8255 8244 8268
f 8244 8258 8268
f 8245 8259 8269
f 8256 8245 8269
f 8246 8260 8270
f 8257 8246 8270
f 8247 8261 8271
f 8258 8247 8271
f 8259 8248 8272
f 8248 8262 8272
f 8263 7539 8273
f 8260 8249 8273
f 8249 8263 8273
f 7539 7540 8273
f 8261 8250 8274
f 8250 8264 8274
f 8262 8251 8275
f 8251 8265 8275
f 8253 8266 8276
f 8264 8253 8276
f 8254 8267 8277
f 8265 8254 8277
f 8255 8268 8278
f 7509 7508 8278
f 7510 7509 8278
f 7508 8255 8278
f 8266 8256 8279
f 8256 8269 8279
f 8257 8270 8280
f 8267 8257 8280
f 8268 8258 8281
f 8258 8271 8281
f 8269 8259 8282
f 8259 8272 8282
f 8260 8273 8283
f 8273 7540 8283
f 8270 8260 8283
f 7540 7541 8283
f 7541 7542 8283
f 8261 8274 8284
f 8271 8261 8284
f 8262 8275 8285
f 8272 8262 8285
f 8264 8276 8286
f 8274 8264 8286
f 8275 8265 8287
f 8265 8277 8287
f 8276 8266 8288
f 8266 8279 8288
f 8267 8280 8289
f 8277 8267 8289
f 8268 8281 8290
f 7510 8278 8290
f 8278 8268 8290
f 7511 7510 8290
f 8279 8269 8291
f 8269 8282 8291
f 7542 7543 8292
f 8283 7542 8292
f 8280 8270 8292
f 8270 8283 8292
f 8281 8271 8293
f 8271 8284 8293
f 8282 8272 8294
f 8272 8285 8294
f 8284 8274 8295
f 8274 8286 8295
f 8285 8275 8296
f 8275 8287 8296
f 8286 8276 8297
f 8276 8288 8297
f 8287 8277 8298
f 8277 8289 8298
f 8279 8291 8299
f 8288 8279 8299
f 7543 7544 8300
f 8280 8292 8300
f 8292 7543 8300
f 8289 8280 8300
f 8281 8293 8301
f 8290 8281 8301
f 8282 8294 8302
f 8291 8282 8302
f 8293 8284 8303
f 8284 8295 8303
f 8294 8285 8304
f 8285 8296 8304
f 8286 8297 8305
f 8295 8286 8305
f 8296 8287 8306
f 8287 8298 8306
f 8288 8299 8307
f 8297 8288 8307
f 7544 7545 8308
f 7545 7546 8308
f 8298 8289 8308
f 8289 8300 8308
f 8300 7544 8308
f 8290 8301 8309
f 7512 7511 8309
f 7513 7512 8309
f 7511 8290 8309
f 8291 8302 8310
f 8299 8291 8310
f 8301 8293 8311
f 8293 8303 8311
f 8294 8304 8312
f 8302 8294 8312
f 8303 8295 8313
f 8295 8305 8313
f 8304 8296 8314
f 8296 8306 8314
f 8305 8297 8315
f 8297 8307 8315
f 7546 7547 8316
f 8308 7546 8316
f 8306 8298 8316
f 8298 8308 8316
f 8299 8310 8317
f 8307 8299 8317
f 8309 8301 8318
f 8301 8311 8318
f 7514 7513 8318
f 7513 8309 8318
f 8310 8302 8319
f 8302 8312 8319
f 8311 8303 8320
f 8303 8313 8320
f 8312 8304 8321
f 8304 8314 8321
f 8313 8305 8322
f 8305 8315 8322
f 7547 7548 8323
f 7548 7549 8323
f 8314 8306 8323
f 8306 8316 8323
f 8316 7547 8323
f 8307 8317 8324
f 8315 8307 8324
f 8317 8310 8325
f 8310 8319 8325
f 8318 8311 8326
f 8311 8320 8326
f 8319 8312 8327
f 8312 8321 8327
f 8313 8322 8328
f 8320 8313 8328
f 7549 7550 8329
f 8323 7549 8329
f 8321 8314 8329
f 8314 8323 8329
f 8322 8315 8330
f 8315 8324 8330
f 8324 8317 8331
f 8317 8325 8331
f 7515 7514 8332
f 7514 8318 8332
f 8318 8326 8332
f 8325 8319 8333
f 8319 8327 8333
f 8326 8320 8334
f 8320 8328 8334
f 7550 7551 8335
f 8327 8321 8335
f 8329 7550 8335
f 8321 8329 8335
f 8322 8330 8336
f 8328 8322 8336
f 8324 8331 8337
f 8330 8324 8337
f 8325 8333 8338
f 8331 8325 8338
f 8326 8334 8339
f 7515 8332 8339
f 8332 8326 8339
f 7516 7515 8339
f 7517 7516 8339
f 7551 7552 8340
f 7552 7553 8340
f 8333 8327 8340
f 8327 8335 8340
f 8335 7551 8340
f 8328 8336 8341
f 8334 8328 8341
f 8330 8337 8342
f 8336 8330 8342
f 8337 8331 8343
f 8331 8338 8343
f 7553 7554 8344
f 8340 7553 8344
f 8333 8340 8344
f 8338 8333 8344
f 8334 8341 8345
f 8339 8334 8345
f 8341 8336 8346
f 8336 8342 8346
f 8337 8343 8347
f 8342 8337 8347
f 7554 7555 8348
f 8343 8338 8348
f 8344 7554 8348
f 8338 8344 8348
f 7517 8339 8349
f 8339 8345 8349
f 7518 7517 8349
f 8345 8341 8350
f 8341 8346 8350
f 8346 8342 8351
f 8342 8347 8351
f 7555 7556 8352
f 7556 7557 8352
f 8348 7555 8352
f 8347 8343 8352
f 8343 8348 8352
f 8345 8350 8353
f 8349 8345 8353
f 7518 8349 8353
f 7519 7518 8353
f 7520 7519 8353
f 8346 8351 8354
f 8350 8346 8354
f 7557 7558 8355
f 8351 8347 8355
f 8352 7557 8355
f 8347 8352 8355
f 8350 8354 8356
f 8353 8350 8356
f 7558 7559 8357
f 7559 7560 8357
f 8355 7558 8357
f 8354 8351 8357
f 8351 8355 8357
f 7521 7520 8358
f 7520 8353 8358
f 8353 8356 8358
f 7560 7561 8359
f 8354 8357 8359
f 8356 8354 8359
f 8357 7560 8359
f 8358 8356 8360
f 8356 8359 8360
f 7561 7562 8360
f 7562 7522 8360
f 7522 7521 8360
f 8359 7561 8360
f 7521 8358 8360
