{"min": [-0.49526320287976056, -0.024289495558062014, -0.9067827865796171], "max": [0.4959923631409754, 0.06657581763100913, 0.9105198003823994]}