{"handle_min": [-0.12026038475980703, -0.04933608805790902, -0.01183584318998081], "handle_max": [0.010543917087692702, 0.005047652055911594, 0.011572642853132522], "goal_pos": [-0.06013019237990352, -0.001853696416647229, 0.04068118152693166]}